Copyright 1986-2022 Xilinx, Inc. All Rights Reserved. Copyright 2022-2026 Advanced Micro Devices, Inc. All Rights Reserved.
---------------------------------------------------------------------------------------------------------------------------------------------------------------------------------------------------------------------------------------------------------------------------------------
| Tool Version : Vivado v.2026.1 (win64) Build 6511674 Tue Jun 16 11:02:23 MDT 2026
| Date         : Sun Aug 30 23:56:21 2026
| Host         : Amine running 64-bit major release  (build 9200)
| Command      : report_timing_summary -delay_type max -max_paths 10 -report_unconstrained -check_timing_verbose -warn_on_violation -file C:/Users/Amine/mas/fpga-repo/timing_closure_candidate_v7/results/c07_med_sft_med21/trial_002_search_p114p06125_a0/reports/timing_summary.rpt
| Design       : sft__med21__g12
| Device       : 7z020-clg400
| Speed File   : -1  PRODUCTION 1.12 2019-11-22
| Design State : Routed
---------------------------------------------------------------------------------------------------------------------------------------------------------------------------------------------------------------------------------------------------------------------------------------

Timing Summary Report

------------------------------------------------------------------------------------------------
| Timer Settings
| --------------
------------------------------------------------------------------------------------------------

  Enable Multi Corner Analysis               :  Yes
  Enable Pessimism Removal                   :  Yes
  Pessimism Removal Resolution               :  Nearest Common Node
  Enable Input Delay Default Clock           :  No
  Enable Preset / Clear Arcs                 :  No
  Disable Flight Delays                      :  No
  Ignore I/O Paths                           :  No
  Timing Early Launch at Borrowing Latches   :  No
  Borrow Time for Max Delay Exceptions       :  Yes
  Merge Timing Exceptions                    :  Yes
  Inter-SLR Compensation                     :  Conservative

  Corner  Analyze    Analyze    
  Name    Max Paths  Min Paths  
  ------  ---------  ---------  
  Slow    Yes        Yes        
  Fast    Yes        Yes        


------------------------------------------------------------------------------------------------
| Report Methodology
| ------------------
------------------------------------------------------------------------------------------------

No report available as report_methodology has not been run prior. Run report_methodology on the current design for the summary of methodology violations.



check_timing report

Table of Contents
-----------------
1. checking no_clock (0)
2. checking constant_clock (0)
3. checking pulse_width_clock (0)
4. checking unconstrained_internal_endpoints (0)
5. checking no_input_delay (0)
6. checking no_output_delay (0)
7. checking multiple_clock (0)
8. checking generated_clocks (0)
9. checking loops (0)
10. checking partial_input_delay (0)
11. checking partial_output_delay (0)
12. checking latch_loops (0)

1. checking no_clock (0)
------------------------
 There are 0 register/latch pins with no clock.


2. checking constant_clock (0)
------------------------------
 There are 0 register/latch pins with constant_clock.


3. checking pulse_width_clock (0)
---------------------------------
 There are 0 register/latch pins which need pulse_width check


4. checking unconstrained_internal_endpoints (0)
------------------------------------------------
 There are 0 pins that are not constrained for maximum delay.

 There are 0 pins that are not constrained for maximum delay due to constant clock.


5. checking no_input_delay (0)
------------------------------
 There are 0 input ports with no input delay specified.

 There are 0 input ports with no input delay but user has a false path constraint.


6. checking no_output_delay (0)
-------------------------------
 There are 0 ports with no output delay specified.

 There are 0 ports with no output delay but user has a false path constraint

 There are 0 ports with no output delay but with a timing clock defined on it or propagating through it


7. checking multiple_clock (0)
------------------------------
 There are 0 register/latch pins with multiple clocks.


8. checking generated_clocks (0)
--------------------------------
 There are 0 generated clocks that are not connected to a clock source.


9. checking loops (0)
---------------------
 There are 0 combinational loops in the design.


10. checking partial_input_delay (0)
------------------------------------
 There are 0 input ports with partial input delay specified.


11. checking partial_output_delay (0)
-------------------------------------
 There are 0 ports with partial output delay specified.


12. checking latch_loops (0)
----------------------------
 There are 0 combinational latch loops in the design through latch input



------------------------------------------------------------------------------------------------
| Design Timing Summary
| ---------------------
------------------------------------------------------------------------------------------------

    WNS(ns)      TNS(ns)  TNS Failing Endpoints  TNS Total Endpoints     WPWS(ns)     TPWS(ns)  TPWS Failing Endpoints  TPWS Total Endpoints  
    -------      -------  ---------------------  -------------------     --------     --------  ----------------------  --------------------  
     18.844        0.000                      0                  344       56.530        0.000                       0                   168  


All user specified timing constraints are met.


------------------------------------------------------------------------------------------------
| Clock Summary
| -------------
------------------------------------------------------------------------------------------------

Clock  Waveform(ns)         Period(ns)      Frequency(MHz)
-----  ------------         ----------      --------------
vclk   {0.000 57.030}       114.061         8.767           


------------------------------------------------------------------------------------------------
| Intra Clock Table
| -----------------
------------------------------------------------------------------------------------------------

Clock             WNS(ns)      TNS(ns)  TNS Failing Endpoints  TNS Total Endpoints     WPWS(ns)     TPWS(ns)  TPWS Failing Endpoints  TPWS Total Endpoints  
-----             -------      -------  ---------------------  -------------------     --------     --------  ----------------------  --------------------  
vclk               18.844        0.000                      0                  344       56.530        0.000                       0                   168  


------------------------------------------------------------------------------------------------
| Inter Clock Table
| -----------------
------------------------------------------------------------------------------------------------

From Clock    To Clock          WNS(ns)      TNS(ns)  TNS Failing Endpoints  TNS Total Endpoints  
----------    --------          -------      -------  ---------------------  -------------------  


------------------------------------------------------------------------------------------------
| Other Path Groups Table
| -----------------------
------------------------------------------------------------------------------------------------

Path Group    From Clock    To Clock          WNS(ns)      TNS(ns)  TNS Failing Endpoints  TNS Total Endpoints  
----------    ----------    --------          -------      -------  ---------------------  -------------------  


------------------------------------------------------------------------------------------------
| User Ignored Path Table
| -----------------------
------------------------------------------------------------------------------------------------

Path Group    From Clock    To Clock    
----------    ----------    --------    


------------------------------------------------------------------------------------------------
| Unconstrained Path Table
| ------------------------
------------------------------------------------------------------------------------------------

Path Group    From Clock    To Clock    
----------    ----------    --------    


------------------------------------------------------------------------------------------------
| Timing Details
| --------------
------------------------------------------------------------------------------------------------


---------------------------------------------------------------------------------------------------
From Clock:  vclk
  To Clock:  vclk

Setup :            0  Failing Endpoints,  Worst Slack       18.844ns,  Total Violation        0.000ns
Hold  :           NA  Failing Endpoints,  Worst Slack           NA  ,  Total Violation           NA
PW    :            0  Failing Endpoints,  Worst Slack       56.530ns,  Total Violation        0.000ns
---------------------------------------------------------------------------------------------------


Max Delay Paths
--------------------------------------------------------------------------------------
Slack (MET) :             18.844ns  (required time - arrival time)
  Source:                 w0_reg[3]/C
                            (rising edge-triggered cell FDRE clocked by vclk  {rise@0.000ns fall@57.030ns period=114.061ns})
  Destination:            y_reg[2]/D
                            (rising edge-triggered cell FDRE clocked by vclk  {rise@0.000ns fall@57.030ns period=114.061ns})
  Path Group:             vclk
  Path Type:              Setup (Max at Slow Process Corner)
  Requirement:            114.061ns  (vclk rise@114.061ns - vclk rise@0.000ns)
  Data Path Delay:        95.214ns  (logic 27.757ns (29.152%)  route 67.457ns (70.848%))
  Logic Levels:           90  (CARRY4=30 LUT3=14 LUT4=16 LUT5=15 LUT6=15)
  Clock Path Skew:        -0.049ns (DCD - SCD + CPR)
    Destination Clock Delay (DCD):    0.924ns = ( 114.985 - 114.061 ) 
    Source Clock Delay      (SCD):    0.973ns
    Clock Pessimism Removal (CPR):    0.000ns
  Clock Uncertainty:      0.035ns  ((TSJ^2 + TIJ^2)^1/2 + DJ) / 2 + PE
    Total System Jitter     (TSJ):    0.071ns
    Total Input Jitter      (TIJ):    0.000ns
    Discrete Jitter          (DJ):    0.000ns
    Phase Error              (PE):    0.000ns

    Location             Delay type                Incr(ns)  Path(ns)    Netlist Resource(s)
  -------------------------------------------------------------------    -------------------
                         (clock vclk rise edge)       0.000     0.000 r  <hidden>
                                                      0.000     0.000 r  clk
                         net (fo=167, unset)          0.973     0.973    clk
    SLICE_X64Y74         FDRE                                         r  w0_reg[3]/C
  -------------------------------------------------------------------    -------------------
    SLICE_X64Y74         FDRE (Prop_fdre_C_Q)         0.456     1.429 r  w0_reg[3]/Q
                         net (fo=11, routed)          1.039     2.468    w0[3]
    SLICE_X64Y72         LUT4 (Prop_lut4_I0_O)        0.124     2.592 r  y[7]_i_2014/O
                         net (fo=1, routed)           0.000     2.592    y[7]_i_2014_n_0
    SLICE_X64Y72         CARRY4 (Prop_carry4_S[1]_CO[3])
                                                      0.550     3.142 r  y_reg[7]_i_1914/CO[3]
                         net (fo=64, routed)          1.183     4.326    y_reg[7]_i_1914_n_0
    SLICE_X63Y73         LUT3 (Prop_lut3_I1_O)        0.153     4.479 r  y[7]_i_2103/O
                         net (fo=1, routed)           0.439     4.917    y[7]_i_2103_n_0
    SLICE_X63Y72         LUT6 (Prop_lut6_I1_O)        0.327     5.244 r  y[7]_i_2019/O
                         net (fo=1, routed)           0.332     5.576    y[7]_i_2019_n_0
    SLICE_X62Y72         CARRY4 (Prop_carry4_DI[0]_CO[3])
                                                      0.550     6.126 r  y_reg[7]_i_1915/CO[3]
                         net (fo=40, routed)          1.156     7.282    y_reg[7]_i_1915_n_0
    SLICE_X60Y73         LUT5 (Prop_lut5_I1_O)        0.124     7.406 r  y[7]_i_1926/O
                         net (fo=10, routed)          1.148     8.555    y[7]_i_1926_n_0
    SLICE_X61Y76         LUT4 (Prop_lut4_I0_O)        0.124     8.679 r  y[7]_i_2044/O
                         net (fo=1, routed)           0.000     8.679    y[7]_i_2044_n_0
    SLICE_X61Y76         CARRY4 (Prop_carry4_S[3]_CO[3])
                                                      0.401     9.080 r  y_reg[7]_i_1927/CO[3]
                         net (fo=64, routed)          1.298    10.378    y_reg[7]_i_1927_n_0
    SLICE_X60Y74         LUT3 (Prop_lut3_I1_O)        0.119    10.497 r  y[7]_i_2122/O
                         net (fo=1, routed)           0.312    10.809    y[7]_i_2122_n_0
    SLICE_X59Y74         LUT6 (Prop_lut6_I1_O)        0.332    11.141 r  y[7]_i_2078/O
                         net (fo=1, routed)           0.649    11.789    y[7]_i_2078_n_0
    SLICE_X60Y75         CARRY4 (Prop_carry4_DI[1]_CO[3])
                                                      0.507    12.296 r  y_reg[7]_i_1995/CO[3]
                         net (fo=16, routed)          1.043    13.339    y_reg[7]_i_1995_n_0
    SLICE_X61Y75         LUT5 (Prop_lut5_I3_O)        0.152    13.491 r  y[3]_i_228/O
                         net (fo=4, routed)           1.007    14.498    y[3]_i_228_n_0
    SLICE_X61Y77         LUT4 (Prop_lut4_I0_O)        0.326    14.824 r  y[7]_i_2062/O
                         net (fo=1, routed)           0.000    14.824    y[7]_i_2062_n_0
    SLICE_X61Y77         CARRY4 (Prop_carry4_S[1]_CO[3])
                                                      0.550    15.374 r  y_reg[7]_i_1949/CO[3]
                         net (fo=16, routed)          0.797    16.171    y_reg[7]_i_1949_n_0
    SLICE_X62Y77         LUT3 (Prop_lut3_I1_O)        0.117    16.288 r  y[3]_i_223/O
                         net (fo=6, routed)           0.988    17.276    y[3]_i_223_n_0
    SLICE_X58Y75         LUT6 (Prop_lut6_I0_O)        0.348    17.624 r  y[5]_i_347/O
                         net (fo=1, routed)           0.535    18.159    y[5]_i_347_n_0
    SLICE_X57Y75         CARRY4 (Prop_carry4_DI[1]_CO[3])
                                                      0.507    18.666 r  y_reg[5]_i_322/CO[3]
                         net (fo=32, routed)          1.136    19.801    y_reg[5]_i_322_n_0
    SLICE_X58Y77         LUT5 (Prop_lut5_I3_O)        0.150    19.951 r  y[5]_i_359/O
                         net (fo=2, routed)           0.811    20.762    y[5]_i_359_n_0
    SLICE_X56Y77         LUT4 (Prop_lut4_I0_O)        0.328    21.090 r  y[5]_i_344/O
                         net (fo=1, routed)           0.000    21.090    y[5]_i_344_n_0
    SLICE_X56Y77         CARRY4 (Prop_carry4_S[0]_CO[3])
                                                      0.532    21.622 r  y_reg[5]_i_320/CO[3]
                         net (fo=16, routed)          0.947    22.570    y_reg[5]_i_320_n_0
    SLICE_X56Y76         LUT5 (Prop_lut5_I1_O)        0.124    22.694 r  y[1]_i_210/O
                         net (fo=6, routed)           0.822    23.515    y[1]_i_210_n_0
    SLICE_X51Y75         LUT6 (Prop_lut6_I1_O)        0.124    23.639 r  y[5]_i_314/O
                         net (fo=1, routed)           0.525    24.165    y[5]_i_314_n_0
    SLICE_X52Y75         CARRY4 (Prop_carry4_DI[0]_CO[3])
                                                      0.526    24.691 r  y_reg[5]_i_283/CO[3]
                         net (fo=32, routed)          1.008    25.699    y_reg[5]_i_283_n_0
    SLICE_X53Y76         LUT5 (Prop_lut5_I3_O)        0.150    25.849 r  y[5]_i_333/O
                         net (fo=2, routed)           0.860    26.709    y[5]_i_333_n_0
    SLICE_X52Y76         LUT4 (Prop_lut4_I0_O)        0.326    27.035 r  y[5]_i_309/O
                         net (fo=1, routed)           0.000    27.035    y[5]_i_309_n_0
    SLICE_X52Y76         CARRY4 (Prop_carry4_S[1]_CO[3])
                                                      0.550    27.585 r  y_reg[5]_i_281/CO[3]
                         net (fo=16, routed)          0.948    28.533    y_reg[5]_i_281_n_0
    SLICE_X51Y76         LUT5 (Prop_lut5_I3_O)        0.120    28.653 f  y[3]_i_201/O
                         net (fo=4, routed)           1.240    29.893    y[3]_i_201_n_0
    SLICE_X54Y77         LUT6 (Prop_lut6_I3_O)        0.327    30.220 r  y[7]_i_1753/O
                         net (fo=1, routed)           0.568    30.788    y[7]_i_1753_n_0
    SLICE_X55Y77         CARRY4 (Prop_carry4_DI[1]_CO[3])
                                                      0.507    31.295 r  y_reg[7]_i_1595/CO[3]
                         net (fo=16, routed)          0.979    32.275    y_reg[7]_i_1595_n_0
    SLICE_X54Y78         LUT5 (Prop_lut5_I3_O)        0.119    32.394 f  y[7]_i_1537/O
                         net (fo=4, routed)           1.009    33.403    y[7]_i_1537_n_0
    SLICE_X54Y81         LUT6 (Prop_lut6_I3_O)        0.355    33.758 r  y[7]_i_1698/O
                         net (fo=1, routed)           0.610    34.368    y[7]_i_1698_n_0
    SLICE_X55Y81         CARRY4 (Prop_carry4_DI[3]_CO[3])
                                                      0.385    34.753 r  y_reg[7]_i_1538/CO[3]
                         net (fo=16, routed)          1.174    35.926    y_reg[7]_i_1538_n_0
    SLICE_X56Y82         LUT5 (Prop_lut5_I3_O)        0.152    36.078 f  y[3]_i_180/O
                         net (fo=4, routed)           0.767    36.845    y[3]_i_180_n_0
    SLICE_X58Y84         LUT6 (Prop_lut6_I3_O)        0.332    37.177 r  y[7]_i_1556/O
                         net (fo=1, routed)           0.568    37.745    y[7]_i_1556_n_0
    SLICE_X59Y84         CARRY4 (Prop_carry4_DI[1]_CO[3])
                                                      0.507    38.252 r  y_reg[7]_i_1356/CO[3]
                         net (fo=16, routed)          1.033    39.285    y_reg[7]_i_1356_n_0
    SLICE_X60Y84         LUT5 (Prop_lut5_I1_O)        0.124    39.409 r  y[7]_i_1141/O
                         net (fo=7, routed)           1.134    40.544    y[7]_i_1141_n_0
    SLICE_X55Y83         LUT4 (Prop_lut4_I0_O)        0.124    40.668 r  y[7]_i_1351/O
                         net (fo=1, routed)           0.000    40.668    y[7]_i_1351_n_0
    SLICE_X55Y83         CARRY4 (Prop_carry4_S[3]_CO[3])
                                                      0.401    41.069 r  y_reg[7]_i_1140/CO[3]
                         net (fo=36, routed)          1.010    42.079    y_reg[7]_i_1140_n_0
    SLICE_X55Y84         LUT3 (Prop_lut3_I1_O)        0.150    42.229 r  y[7]_i_1551/O
                         net (fo=2, routed)           0.561    42.790    y[7]_i_1551_n_0
    SLICE_X55Y82         LUT6 (Prop_lut6_I4_O)        0.332    43.122 r  y[7]_i_1340/O
                         net (fo=1, routed)           0.596    43.718    y[7]_i_1340_n_0
    SLICE_X54Y82         CARRY4 (Prop_carry4_DI[2]_CO[3])
                                                      0.404    44.122 r  y_reg[7]_i_1138/CO[3]
                         net (fo=16, routed)          0.975    45.097    y_reg[7]_i_1138_n_0
    SLICE_X55Y84         LUT5 (Prop_lut5_I1_O)        0.120    45.217 r  y[7]_i_932/O
                         net (fo=7, routed)           1.185    46.402    y[7]_i_932_n_0
    SLICE_X54Y85         LUT4 (Prop_lut4_I0_O)        0.327    46.729 r  y[7]_i_1146/O
                         net (fo=1, routed)           0.000    46.729    y[7]_i_1146_n_0
    SLICE_X54Y85         CARRY4 (Prop_carry4_S[3]_CO[3])
                                                      0.376    47.105 r  y_reg[7]_i_933/CO[3]
                         net (fo=32, routed)          1.222    48.327    y_reg[7]_i_933_n_0
    SLICE_X52Y85         LUT3 (Prop_lut3_I1_O)        0.150    48.477 r  y[1]_i_137/O
                         net (fo=4, routed)           0.811    49.288    y[1]_i_137_n_0
    SLICE_X51Y85         LUT6 (Prop_lut6_I3_O)        0.326    49.614 r  y[7]_i_1181/O
                         net (fo=1, routed)           0.398    50.012    y[7]_i_1181_n_0
    SLICE_X50Y85         CARRY4 (Prop_carry4_DI[0]_CO[3])
                                                      0.550    50.562 r  y_reg[7]_i_949/CO[3]
                         net (fo=28, routed)          1.393    51.955    y_reg[7]_i_949_n_0
    SLICE_X52Y85         LUT5 (Prop_lut5_I4_O)        0.152    52.107 r  y[7]_i_1006/O
                         net (fo=7, routed)           1.323    53.430    y[7]_i_1006_n_0
    SLICE_X54Y88         LUT4 (Prop_lut4_I2_O)        0.332    53.762 r  y[7]_i_941/O
                         net (fo=1, routed)           0.000    53.762    y[7]_i_941_n_0
    SLICE_X54Y88         CARRY4 (Prop_carry4_S[3]_CO[3])
                                                      0.376    54.138 r  y_reg[7]_i_717/CO[3]
                         net (fo=40, routed)          1.264    55.402    y_reg[7]_i_717_n_0
    SLICE_X53Y89         LUT3 (Prop_lut3_I1_O)        0.119    55.521 r  y[3]_i_92/O
                         net (fo=7, routed)           0.673    56.194    y[3]_i_92_n_0
    SLICE_X52Y89         LUT6 (Prop_lut6_I3_O)        0.332    56.526 r  y[7]_i_789/O
                         net (fo=1, routed)           0.655    57.182    y[7]_i_789_n_0
    SLICE_X52Y88         CARRY4 (Prop_carry4_DI[1]_CO[3])
                                                      0.507    57.689 r  y_reg[7]_i_581/CO[3]
                         net (fo=28, routed)          0.840    58.528    y_reg[7]_i_581_n_0
    SLICE_X51Y89         LUT3 (Prop_lut3_I1_O)        0.118    58.646 f  y[7]_i_507/O
                         net (fo=7, routed)           0.999    59.645    y[7]_i_507_n_0
    SLICE_X54Y91         LUT6 (Prop_lut6_I4_O)        0.326    59.971 r  y[7]_i_708/O
                         net (fo=1, routed)           0.610    60.581    y[7]_i_708_n_0
    SLICE_X55Y91         CARRY4 (Prop_carry4_DI[3]_CO[3])
                                                      0.385    60.966 r  y_reg[7]_i_508/CO[3]
                         net (fo=28, routed)          1.043    62.009    y_reg[7]_i_508_n_0
    SLICE_X53Y91         LUT3 (Prop_lut3_I1_O)        0.118    62.127 f  y[3]_i_60/O
                         net (fo=7, routed)           0.860    62.987    y[3]_i_60_n_0
    SLICE_X55Y93         LUT6 (Prop_lut6_I4_O)        0.326    63.313 r  y[7]_i_534/O
                         net (fo=1, routed)           0.505    63.818    y[7]_i_534_n_0
    SLICE_X55Y92         CARRY4 (Prop_carry4_DI[1]_CO[3])
                                                      0.507    64.325 r  y_reg[7]_i_350/CO[3]
                         net (fo=28, routed)          0.942    65.267    y_reg[7]_i_350_n_0
    SLICE_X55Y93         LUT5 (Prop_lut5_I4_O)        0.118    65.385 f  y[7]_i_530/O
                         net (fo=7, routed)           0.702    66.087    y[7]_i_530_n_0
    SLICE_X53Y92         LUT6 (Prop_lut6_I5_O)        0.326    66.413 r  y[7]_i_546/O
                         net (fo=1, routed)           0.404    66.816    y[7]_i_546_n_0
    SLICE_X52Y92         CARRY4 (Prop_carry4_DI[0]_CO[3])
                                                      0.526    67.342 r  y_reg[7]_i_353/CO[3]
                         net (fo=28, routed)          0.937    68.280    y_reg[7]_i_353_n_0
    SLICE_X52Y94         LUT5 (Prop_lut5_I3_O)        0.119    68.399 f  y[3]_i_77/O
                         net (fo=4, routed)           0.883    69.281    y[3]_i_77_n_0
    SLICE_X52Y94         LUT6 (Prop_lut6_I3_O)        0.332    69.613 r  y[7]_i_647/O
                         net (fo=1, routed)           0.407    70.020    y[7]_i_647_n_0
    SLICE_X53Y94         CARRY4 (Prop_carry4_DI[1]_CO[3])
                                                      0.507    70.527 r  y_reg[7]_i_430/CO[3]
                         net (fo=28, routed)          0.949    71.476    y_reg[7]_i_430_n_0
    SLICE_X53Y95         LUT5 (Prop_lut5_I3_O)        0.150    71.626 r  y[1]_i_80/O
                         net (fo=6, routed)           1.274    72.900    y[1]_i_80_n_0
    SLICE_X56Y98         LUT4 (Prop_lut4_I0_O)        0.326    73.226 r  y[7]_i_685/O
                         net (fo=1, routed)           0.000    73.226    y[7]_i_685_n_0
    SLICE_X56Y98         CARRY4 (Prop_carry4_S[0]_CO[3])
                                                      0.532    73.758 r  y_reg[7]_i_478/CO[3]
                         net (fo=16, routed)          1.342    75.100    y_reg[7]_i_478_n_0
    SLICE_X54Y98         LUT3 (Prop_lut3_I1_O)        0.150    75.250 r  y[1]_i_55/O
                         net (fo=6, routed)           1.191    76.440    y[1]_i_55_n_0
    SLICE_X51Y98         LUT4 (Prop_lut4_I1_O)        0.328    76.768 r  y[7]_i_476/O
                         net (fo=1, routed)           0.000    76.768    y[7]_i_476_n_0
    SLICE_X51Y98         CARRY4 (Prop_carry4_S[0]_CO[3])
                                                      0.532    77.300 r  y_reg[7]_i_299/CO[3]
                         net (fo=16, routed)          0.976    78.276    y_reg[7]_i_299_n_0
    SLICE_X50Y97         LUT3 (Prop_lut3_I1_O)        0.150    78.426 r  y[5]_i_34/O
                         net (fo=6, routed)           1.211    79.638    y[5]_i_34_n_0
    SLICE_X47Y100        LUT4 (Prop_lut4_I1_O)        0.328    79.966 r  y[7]_i_295/O
                         net (fo=1, routed)           0.000    79.966    y[7]_i_295_n_0
    SLICE_X47Y100        CARRY4 (Prop_carry4_S[2]_CO[3])
                                                      0.398    80.364 r  y_reg[7]_i_165/CO[3]
                         net (fo=16, routed)          1.228    81.592    y_reg[7]_i_165_n_0
    SLICE_X47Y99         LUT3 (Prop_lut3_I1_O)        0.152    81.744 r  y[7]_i_65/O
                         net (fo=7, routed)           0.688    82.432    y[7]_i_65_n_0
    SLICE_X45Y98         LUT4 (Prop_lut4_I1_O)        0.332    82.764 r  y[7]_i_160/O
                         net (fo=1, routed)           0.000    82.764    y[7]_i_160_n_0
    SLICE_X45Y98         CARRY4 (Prop_carry4_S[3]_CO[3])
                                                      0.401    83.165 r  y_reg[7]_i_64/CO[3]
                         net (fo=24, routed)          1.072    84.237    y_reg[7]_i_64_n_0
    SLICE_X44Y98         LUT3 (Prop_lut3_I1_O)        0.124    84.361 r  y[3]_i_19/O
                         net (fo=5, routed)           1.010    85.371    y[3]_i_19_n_0
    SLICE_X44Y99         LUT4 (Prop_lut4_I1_O)        0.124    85.495 r  y[7]_i_154/O
                         net (fo=1, routed)           0.000    85.495    y[7]_i_154_n_0
    SLICE_X44Y99         CARRY4 (Prop_carry4_S[1]_CO[3])
                                                      0.550    86.045 r  y_reg[7]_i_62/CO[3]
                         net (fo=16, routed)          1.555    87.600    p_4_in
    SLICE_X43Y100        LUT5 (Prop_lut5_I1_O)        0.150    87.750 r  y[1]_i_7/O
                         net (fo=6, routed)           1.001    88.751    y[1]_i_7_n_0
    SLICE_X40Y98         LUT4 (Prop_lut4_I1_O)        0.326    89.077 r  y[7]_i_81/O
                         net (fo=1, routed)           0.000    89.077    y[7]_i_81_n_0
    SLICE_X40Y98         CARRY4 (Prop_carry4_S[0]_CO[3])
                                                      0.532    89.609 r  y_reg[7]_i_22/CO[3]
                         net (fo=16, routed)          1.125    90.735    y_reg[7]_i_22_n_0
    SLICE_X39Y100        LUT3 (Prop_lut3_I1_O)        0.118    90.853 r  y[3]_i_5/O
                         net (fo=5, routed)           0.780    91.633    y[3]_i_5_n_0
    SLICE_X38Y99         LUT4 (Prop_lut4_I1_O)        0.326    91.959 r  y[7]_i_32/O
                         net (fo=1, routed)           0.000    91.959    y[7]_i_32_n_0
    SLICE_X38Y99         CARRY4 (Prop_carry4_S[1]_CO[3])
                                                      0.533    92.492 r  y_reg[7]_i_6/CO[3]
                         net (fo=8, routed)           0.791    93.283    y_reg[7]_i_6_n_0
    SLICE_X38Y100        LUT6 (Prop_lut6_I0_O)        0.124    93.407 r  y[1]_i_2/O
                         net (fo=3, routed)           1.189    94.596    y[1]_i_2_n_0
    SLICE_X39Y102        LUT4 (Prop_lut4_I0_O)        0.124    94.720 r  y[7]_i_19/O
                         net (fo=1, routed)           0.000    94.720    y[7]_i_19_n_0
    SLICE_X39Y102        CARRY4 (Prop_carry4_S[0]_CO[3])
                                                      0.532    95.252 r  y_reg[7]_i_4/CO[3]
                         net (fo=8, routed)           0.810    96.063    s1
    SLICE_X38Y102        LUT3 (Prop_lut3_I2_O)        0.124    96.187 r  y[2]_i_1/O
                         net (fo=1, routed)           0.000    96.187    y[2]_i_1_n_0
    SLICE_X38Y102        FDRE                                         r  y_reg[2]/D
  -------------------------------------------------------------------    -------------------

                         (clock vclk rise edge)     114.061   114.061 r  <hidden>
                                                      0.000   114.061 r  clk
                         net (fo=167, unset)          0.924   114.985    clk
    SLICE_X38Y102        FDRE                                         r  y_reg[2]/C
                         clock pessimism              0.000   114.985    <hidden>
                         clock uncertainty           -0.035   114.950    <hidden>
    SLICE_X38Y102        FDRE (Setup_fdre_C_D)        0.081   115.031    y_reg[2]
  -------------------------------------------------------------------
                         required time                        115.031    <hidden>
                         arrival time                         -96.187    <hidden>
  -------------------------------------------------------------------
                         slack                                 18.844    <hidden>

Slack (MET) :             18.851ns  (required time - arrival time)
  Source:                 w0_reg[3]/C
                            (rising edge-triggered cell FDRE clocked by vclk  {rise@0.000ns fall@57.030ns period=114.061ns})
  Destination:            y_reg[0]/D
                            (rising edge-triggered cell FDRE clocked by vclk  {rise@0.000ns fall@57.030ns period=114.061ns})
  Path Group:             vclk
  Path Type:              Setup (Max at Slow Process Corner)
  Requirement:            114.061ns  (vclk rise@114.061ns - vclk rise@0.000ns)
  Data Path Delay:        95.203ns  (logic 27.757ns (29.156%)  route 67.446ns (70.844%))
  Logic Levels:           90  (CARRY4=30 LUT3=14 LUT4=16 LUT5=15 LUT6=15)
  Clock Path Skew:        -0.049ns (DCD - SCD + CPR)
    Destination Clock Delay (DCD):    0.924ns = ( 114.985 - 114.061 ) 
    Source Clock Delay      (SCD):    0.973ns
    Clock Pessimism Removal (CPR):    0.000ns
  Clock Uncertainty:      0.035ns  ((TSJ^2 + TIJ^2)^1/2 + DJ) / 2 + PE
    Total System Jitter     (TSJ):    0.071ns
    Total Input Jitter      (TIJ):    0.000ns
    Discrete Jitter          (DJ):    0.000ns
    Phase Error              (PE):    0.000ns

    Location             Delay type                Incr(ns)  Path(ns)    Netlist Resource(s)
  -------------------------------------------------------------------    -------------------
                         (clock vclk rise edge)       0.000     0.000 r  <hidden>
                                                      0.000     0.000 r  clk
                         net (fo=167, unset)          0.973     0.973    clk
    SLICE_X64Y74         FDRE                                         r  w0_reg[3]/C
  -------------------------------------------------------------------    -------------------
    SLICE_X64Y74         FDRE (Prop_fdre_C_Q)         0.456     1.429 r  w0_reg[3]/Q
                         net (fo=11, routed)          1.039     2.468    w0[3]
    SLICE_X64Y72         LUT4 (Prop_lut4_I0_O)        0.124     2.592 r  y[7]_i_2014/O
                         net (fo=1, routed)           0.000     2.592    y[7]_i_2014_n_0
    SLICE_X64Y72         CARRY4 (Prop_carry4_S[1]_CO[3])
                                                      0.550     3.142 r  y_reg[7]_i_1914/CO[3]
                         net (fo=64, routed)          1.183     4.326    y_reg[7]_i_1914_n_0
    SLICE_X63Y73         LUT3 (Prop_lut3_I1_O)        0.153     4.479 r  y[7]_i_2103/O
                         net (fo=1, routed)           0.439     4.917    y[7]_i_2103_n_0
    SLICE_X63Y72         LUT6 (Prop_lut6_I1_O)        0.327     5.244 r  y[7]_i_2019/O
                         net (fo=1, routed)           0.332     5.576    y[7]_i_2019_n_0
    SLICE_X62Y72         CARRY4 (Prop_carry4_DI[0]_CO[3])
                                                      0.550     6.126 r  y_reg[7]_i_1915/CO[3]
                         net (fo=40, routed)          1.156     7.282    y_reg[7]_i_1915_n_0
    SLICE_X60Y73         LUT5 (Prop_lut5_I1_O)        0.124     7.406 r  y[7]_i_1926/O
                         net (fo=10, routed)          1.148     8.555    y[7]_i_1926_n_0
    SLICE_X61Y76         LUT4 (Prop_lut4_I0_O)        0.124     8.679 r  y[7]_i_2044/O
                         net (fo=1, routed)           0.000     8.679    y[7]_i_2044_n_0
    SLICE_X61Y76         CARRY4 (Prop_carry4_S[3]_CO[3])
                                                      0.401     9.080 r  y_reg[7]_i_1927/CO[3]
                         net (fo=64, routed)          1.298    10.378    y_reg[7]_i_1927_n_0
    SLICE_X60Y74         LUT3 (Prop_lut3_I1_O)        0.119    10.497 r  y[7]_i_2122/O
                         net (fo=1, routed)           0.312    10.809    y[7]_i_2122_n_0
    SLICE_X59Y74         LUT6 (Prop_lut6_I1_O)        0.332    11.141 r  y[7]_i_2078/O
                         net (fo=1, routed)           0.649    11.789    y[7]_i_2078_n_0
    SLICE_X60Y75         CARRY4 (Prop_carry4_DI[1]_CO[3])
                                                      0.507    12.296 r  y_reg[7]_i_1995/CO[3]
                         net (fo=16, routed)          1.043    13.339    y_reg[7]_i_1995_n_0
    SLICE_X61Y75         LUT5 (Prop_lut5_I3_O)        0.152    13.491 r  y[3]_i_228/O
                         net (fo=4, routed)           1.007    14.498    y[3]_i_228_n_0
    SLICE_X61Y77         LUT4 (Prop_lut4_I0_O)        0.326    14.824 r  y[7]_i_2062/O
                         net (fo=1, routed)           0.000    14.824    y[7]_i_2062_n_0
    SLICE_X61Y77         CARRY4 (Prop_carry4_S[1]_CO[3])
                                                      0.550    15.374 r  y_reg[7]_i_1949/CO[3]
                         net (fo=16, routed)          0.797    16.171    y_reg[7]_i_1949_n_0
    SLICE_X62Y77         LUT3 (Prop_lut3_I1_O)        0.117    16.288 r  y[3]_i_223/O
                         net (fo=6, routed)           0.988    17.276    y[3]_i_223_n_0
    SLICE_X58Y75         LUT6 (Prop_lut6_I0_O)        0.348    17.624 r  y[5]_i_347/O
                         net (fo=1, routed)           0.535    18.159    y[5]_i_347_n_0
    SLICE_X57Y75         CARRY4 (Prop_carry4_DI[1]_CO[3])
                                                      0.507    18.666 r  y_reg[5]_i_322/CO[3]
                         net (fo=32, routed)          1.136    19.801    y_reg[5]_i_322_n_0
    SLICE_X58Y77         LUT5 (Prop_lut5_I3_O)        0.150    19.951 r  y[5]_i_359/O
                         net (fo=2, routed)           0.811    20.762    y[5]_i_359_n_0
    SLICE_X56Y77         LUT4 (Prop_lut4_I0_O)        0.328    21.090 r  y[5]_i_344/O
                         net (fo=1, routed)           0.000    21.090    y[5]_i_344_n_0
    SLICE_X56Y77         CARRY4 (Prop_carry4_S[0]_CO[3])
                                                      0.532    21.622 r  y_reg[5]_i_320/CO[3]
                         net (fo=16, routed)          0.947    22.570    y_reg[5]_i_320_n_0
    SLICE_X56Y76         LUT5 (Prop_lut5_I1_O)        0.124    22.694 r  y[1]_i_210/O
                         net (fo=6, routed)           0.822    23.515    y[1]_i_210_n_0
    SLICE_X51Y75         LUT6 (Prop_lut6_I1_O)        0.124    23.639 r  y[5]_i_314/O
                         net (fo=1, routed)           0.525    24.165    y[5]_i_314_n_0
    SLICE_X52Y75         CARRY4 (Prop_carry4_DI[0]_CO[3])
                                                      0.526    24.691 r  y_reg[5]_i_283/CO[3]
                         net (fo=32, routed)          1.008    25.699    y_reg[5]_i_283_n_0
    SLICE_X53Y76         LUT5 (Prop_lut5_I3_O)        0.150    25.849 r  y[5]_i_333/O
                         net (fo=2, routed)           0.860    26.709    y[5]_i_333_n_0
    SLICE_X52Y76         LUT4 (Prop_lut4_I0_O)        0.326    27.035 r  y[5]_i_309/O
                         net (fo=1, routed)           0.000    27.035    y[5]_i_309_n_0
    SLICE_X52Y76         CARRY4 (Prop_carry4_S[1]_CO[3])
                                                      0.550    27.585 r  y_reg[5]_i_281/CO[3]
                         net (fo=16, routed)          0.948    28.533    y_reg[5]_i_281_n_0
    SLICE_X51Y76         LUT5 (Prop_lut5_I3_O)        0.120    28.653 f  y[3]_i_201/O
                         net (fo=4, routed)           1.240    29.893    y[3]_i_201_n_0
    SLICE_X54Y77         LUT6 (Prop_lut6_I3_O)        0.327    30.220 r  y[7]_i_1753/O
                         net (fo=1, routed)           0.568    30.788    y[7]_i_1753_n_0
    SLICE_X55Y77         CARRY4 (Prop_carry4_DI[1]_CO[3])
                                                      0.507    31.295 r  y_reg[7]_i_1595/CO[3]
                         net (fo=16, routed)          0.979    32.275    y_reg[7]_i_1595_n_0
    SLICE_X54Y78         LUT5 (Prop_lut5_I3_O)        0.119    32.394 f  y[7]_i_1537/O
                         net (fo=4, routed)           1.009    33.403    y[7]_i_1537_n_0
    SLICE_X54Y81         LUT6 (Prop_lut6_I3_O)        0.355    33.758 r  y[7]_i_1698/O
                         net (fo=1, routed)           0.610    34.368    y[7]_i_1698_n_0
    SLICE_X55Y81         CARRY4 (Prop_carry4_DI[3]_CO[3])
                                                      0.385    34.753 r  y_reg[7]_i_1538/CO[3]
                         net (fo=16, routed)          1.174    35.926    y_reg[7]_i_1538_n_0
    SLICE_X56Y82         LUT5 (Prop_lut5_I3_O)        0.152    36.078 f  y[3]_i_180/O
                         net (fo=4, routed)           0.767    36.845    y[3]_i_180_n_0
    SLICE_X58Y84         LUT6 (Prop_lut6_I3_O)        0.332    37.177 r  y[7]_i_1556/O
                         net (fo=1, routed)           0.568    37.745    y[7]_i_1556_n_0
    SLICE_X59Y84         CARRY4 (Prop_carry4_DI[1]_CO[3])
                                                      0.507    38.252 r  y_reg[7]_i_1356/CO[3]
                         net (fo=16, routed)          1.033    39.285    y_reg[7]_i_1356_n_0
    SLICE_X60Y84         LUT5 (Prop_lut5_I1_O)        0.124    39.409 r  y[7]_i_1141/O
                         net (fo=7, routed)           1.134    40.544    y[7]_i_1141_n_0
    SLICE_X55Y83         LUT4 (Prop_lut4_I0_O)        0.124    40.668 r  y[7]_i_1351/O
                         net (fo=1, routed)           0.000    40.668    y[7]_i_1351_n_0
    SLICE_X55Y83         CARRY4 (Prop_carry4_S[3]_CO[3])
                                                      0.401    41.069 r  y_reg[7]_i_1140/CO[3]
                         net (fo=36, routed)          1.010    42.079    y_reg[7]_i_1140_n_0
    SLICE_X55Y84         LUT3 (Prop_lut3_I1_O)        0.150    42.229 r  y[7]_i_1551/O
                         net (fo=2, routed)           0.561    42.790    y[7]_i_1551_n_0
    SLICE_X55Y82         LUT6 (Prop_lut6_I4_O)        0.332    43.122 r  y[7]_i_1340/O
                         net (fo=1, routed)           0.596    43.718    y[7]_i_1340_n_0
    SLICE_X54Y82         CARRY4 (Prop_carry4_DI[2]_CO[3])
                                                      0.404    44.122 r  y_reg[7]_i_1138/CO[3]
                         net (fo=16, routed)          0.975    45.097    y_reg[7]_i_1138_n_0
    SLICE_X55Y84         LUT5 (Prop_lut5_I1_O)        0.120    45.217 r  y[7]_i_932/O
                         net (fo=7, routed)           1.185    46.402    y[7]_i_932_n_0
    SLICE_X54Y85         LUT4 (Prop_lut4_I0_O)        0.327    46.729 r  y[7]_i_1146/O
                         net (fo=1, routed)           0.000    46.729    y[7]_i_1146_n_0
    SLICE_X54Y85         CARRY4 (Prop_carry4_S[3]_CO[3])
                                                      0.376    47.105 r  y_reg[7]_i_933/CO[3]
                         net (fo=32, routed)          1.222    48.327    y_reg[7]_i_933_n_0
    SLICE_X52Y85         LUT3 (Prop_lut3_I1_O)        0.150    48.477 r  y[1]_i_137/O
                         net (fo=4, routed)           0.811    49.288    y[1]_i_137_n_0
    SLICE_X51Y85         LUT6 (Prop_lut6_I3_O)        0.326    49.614 r  y[7]_i_1181/O
                         net (fo=1, routed)           0.398    50.012    y[7]_i_1181_n_0
    SLICE_X50Y85         CARRY4 (Prop_carry4_DI[0]_CO[3])
                                                      0.550    50.562 r  y_reg[7]_i_949/CO[3]
                         net (fo=28, routed)          1.393    51.955    y_reg[7]_i_949_n_0
    SLICE_X52Y85         LUT5 (Prop_lut5_I4_O)        0.152    52.107 r  y[7]_i_1006/O
                         net (fo=7, routed)           1.323    53.430    y[7]_i_1006_n_0
    SLICE_X54Y88         LUT4 (Prop_lut4_I2_O)        0.332    53.762 r  y[7]_i_941/O
                         net (fo=1, routed)           0.000    53.762    y[7]_i_941_n_0
    SLICE_X54Y88         CARRY4 (Prop_carry4_S[3]_CO[3])
                                                      0.376    54.138 r  y_reg[7]_i_717/CO[3]
                         net (fo=40, routed)          1.264    55.402    y_reg[7]_i_717_n_0
    SLICE_X53Y89         LUT3 (Prop_lut3_I1_O)        0.119    55.521 r  y[3]_i_92/O
                         net (fo=7, routed)           0.673    56.194    y[3]_i_92_n_0
    SLICE_X52Y89         LUT6 (Prop_lut6_I3_O)        0.332    56.526 r  y[7]_i_789/O
                         net (fo=1, routed)           0.655    57.182    y[7]_i_789_n_0
    SLICE_X52Y88         CARRY4 (Prop_carry4_DI[1]_CO[3])
                                                      0.507    57.689 r  y_reg[7]_i_581/CO[3]
                         net (fo=28, routed)          0.840    58.528    y_reg[7]_i_581_n_0
    SLICE_X51Y89         LUT3 (Prop_lut3_I1_O)        0.118    58.646 f  y[7]_i_507/O
                         net (fo=7, routed)           0.999    59.645    y[7]_i_507_n_0
    SLICE_X54Y91         LUT6 (Prop_lut6_I4_O)        0.326    59.971 r  y[7]_i_708/O
                         net (fo=1, routed)           0.610    60.581    y[7]_i_708_n_0
    SLICE_X55Y91         CARRY4 (Prop_carry4_DI[3]_CO[3])
                                                      0.385    60.966 r  y_reg[7]_i_508/CO[3]
                         net (fo=28, routed)          1.043    62.009    y_reg[7]_i_508_n_0
    SLICE_X53Y91         LUT3 (Prop_lut3_I1_O)        0.118    62.127 f  y[3]_i_60/O
                         net (fo=7, routed)           0.860    62.987    y[3]_i_60_n_0
    SLICE_X55Y93         LUT6 (Prop_lut6_I4_O)        0.326    63.313 r  y[7]_i_534/O
                         net (fo=1, routed)           0.505    63.818    y[7]_i_534_n_0
    SLICE_X55Y92         CARRY4 (Prop_carry4_DI[1]_CO[3])
                                                      0.507    64.325 r  y_reg[7]_i_350/CO[3]
                         net (fo=28, routed)          0.942    65.267    y_reg[7]_i_350_n_0
    SLICE_X55Y93         LUT5 (Prop_lut5_I4_O)        0.118    65.385 f  y[7]_i_530/O
                         net (fo=7, routed)           0.702    66.087    y[7]_i_530_n_0
    SLICE_X53Y92         LUT6 (Prop_lut6_I5_O)        0.326    66.413 r  y[7]_i_546/O
                         net (fo=1, routed)           0.404    66.816    y[7]_i_546_n_0
    SLICE_X52Y92         CARRY4 (Prop_carry4_DI[0]_CO[3])
                                                      0.526    67.342 r  y_reg[7]_i_353/CO[3]
                         net (fo=28, routed)          0.937    68.280    y_reg[7]_i_353_n_0
    SLICE_X52Y94         LUT5 (Prop_lut5_I3_O)        0.119    68.399 f  y[3]_i_77/O
                         net (fo=4, routed)           0.883    69.281    y[3]_i_77_n_0
    SLICE_X52Y94         LUT6 (Prop_lut6_I3_O)        0.332    69.613 r  y[7]_i_647/O
                         net (fo=1, routed)           0.407    70.020    y[7]_i_647_n_0
    SLICE_X53Y94         CARRY4 (Prop_carry4_DI[1]_CO[3])
                                                      0.507    70.527 r  y_reg[7]_i_430/CO[3]
                         net (fo=28, routed)          0.949    71.476    y_reg[7]_i_430_n_0
    SLICE_X53Y95         LUT5 (Prop_lut5_I3_O)        0.150    71.626 r  y[1]_i_80/O
                         net (fo=6, routed)           1.274    72.900    y[1]_i_80_n_0
    SLICE_X56Y98         LUT4 (Prop_lut4_I0_O)        0.326    73.226 r  y[7]_i_685/O
                         net (fo=1, routed)           0.000    73.226    y[7]_i_685_n_0
    SLICE_X56Y98         CARRY4 (Prop_carry4_S[0]_CO[3])
                                                      0.532    73.758 r  y_reg[7]_i_478/CO[3]
                         net (fo=16, routed)          1.342    75.100    y_reg[7]_i_478_n_0
    SLICE_X54Y98         LUT3 (Prop_lut3_I1_O)        0.150    75.250 r  y[1]_i_55/O
                         net (fo=6, routed)           1.191    76.440    y[1]_i_55_n_0
    SLICE_X51Y98         LUT4 (Prop_lut4_I1_O)        0.328    76.768 r  y[7]_i_476/O
                         net (fo=1, routed)           0.000    76.768    y[7]_i_476_n_0
    SLICE_X51Y98         CARRY4 (Prop_carry4_S[0]_CO[3])
                                                      0.532    77.300 r  y_reg[7]_i_299/CO[3]
                         net (fo=16, routed)          0.976    78.276    y_reg[7]_i_299_n_0
    SLICE_X50Y97         LUT3 (Prop_lut3_I1_O)        0.150    78.426 r  y[5]_i_34/O
                         net (fo=6, routed)           1.211    79.638    y[5]_i_34_n_0
    SLICE_X47Y100        LUT4 (Prop_lut4_I1_O)        0.328    79.966 r  y[7]_i_295/O
                         net (fo=1, routed)           0.000    79.966    y[7]_i_295_n_0
    SLICE_X47Y100        CARRY4 (Prop_carry4_S[2]_CO[3])
                                                      0.398    80.364 r  y_reg[7]_i_165/CO[3]
                         net (fo=16, routed)          1.228    81.592    y_reg[7]_i_165_n_0
    SLICE_X47Y99         LUT3 (Prop_lut3_I1_O)        0.152    81.744 r  y[7]_i_65/O
                         net (fo=7, routed)           0.688    82.432    y[7]_i_65_n_0
    SLICE_X45Y98         LUT4 (Prop_lut4_I1_O)        0.332    82.764 r  y[7]_i_160/O
                         net (fo=1, routed)           0.000    82.764    y[7]_i_160_n_0
    SLICE_X45Y98         CARRY4 (Prop_carry4_S[3]_CO[3])
                                                      0.401    83.165 r  y_reg[7]_i_64/CO[3]
                         net (fo=24, routed)          1.072    84.237    y_reg[7]_i_64_n_0
    SLICE_X44Y98         LUT3 (Prop_lut3_I1_O)        0.124    84.361 r  y[3]_i_19/O
                         net (fo=5, routed)           1.010    85.371    y[3]_i_19_n_0
    SLICE_X44Y99         LUT4 (Prop_lut4_I1_O)        0.124    85.495 r  y[7]_i_154/O
                         net (fo=1, routed)           0.000    85.495    y[7]_i_154_n_0
    SLICE_X44Y99         CARRY4 (Prop_carry4_S[1]_CO[3])
                                                      0.550    86.045 r  y_reg[7]_i_62/CO[3]
                         net (fo=16, routed)          1.555    87.600    p_4_in
    SLICE_X43Y100        LUT5 (Prop_lut5_I1_O)        0.150    87.750 r  y[1]_i_7/O
                         net (fo=6, routed)           1.001    88.751    y[1]_i_7_n_0
    SLICE_X40Y98         LUT4 (Prop_lut4_I1_O)        0.326    89.077 r  y[7]_i_81/O
                         net (fo=1, routed)           0.000    89.077    y[7]_i_81_n_0
    SLICE_X40Y98         CARRY4 (Prop_carry4_S[0]_CO[3])
                                                      0.532    89.609 r  y_reg[7]_i_22/CO[3]
                         net (fo=16, routed)          1.125    90.735    y_reg[7]_i_22_n_0
    SLICE_X39Y100        LUT3 (Prop_lut3_I1_O)        0.118    90.853 r  y[3]_i_5/O
                         net (fo=5, routed)           0.780    91.633    y[3]_i_5_n_0
    SLICE_X38Y99         LUT4 (Prop_lut4_I1_O)        0.326    91.959 r  y[7]_i_32/O
                         net (fo=1, routed)           0.000    91.959    y[7]_i_32_n_0
    SLICE_X38Y99         CARRY4 (Prop_carry4_S[1]_CO[3])
                                                      0.533    92.492 r  y_reg[7]_i_6/CO[3]
                         net (fo=8, routed)           0.791    93.283    y_reg[7]_i_6_n_0
    SLICE_X38Y100        LUT6 (Prop_lut6_I0_O)        0.124    93.407 r  y[1]_i_2/O
                         net (fo=3, routed)           1.189    94.596    y[1]_i_2_n_0
    SLICE_X39Y102        LUT4 (Prop_lut4_I0_O)        0.124    94.720 r  y[7]_i_19/O
                         net (fo=1, routed)           0.000    94.720    y[7]_i_19_n_0
    SLICE_X39Y102        CARRY4 (Prop_carry4_S[0]_CO[3])
                                                      0.532    95.252 r  y_reg[7]_i_4/CO[3]
                         net (fo=8, routed)           0.799    96.052    s1
    SLICE_X38Y102        LUT3 (Prop_lut3_I2_O)        0.124    96.176 r  y[0]_i_1/O
                         net (fo=1, routed)           0.000    96.176    y[0]_i_1_n_0
    SLICE_X38Y102        FDRE                                         r  y_reg[0]/D
  -------------------------------------------------------------------    -------------------

                         (clock vclk rise edge)     114.061   114.061 r  <hidden>
                                                      0.000   114.061 r  clk
                         net (fo=167, unset)          0.924   114.985    clk
    SLICE_X38Y102        FDRE                                         r  y_reg[0]/C
                         clock pessimism              0.000   114.985    <hidden>
                         clock uncertainty           -0.035   114.950    <hidden>
    SLICE_X38Y102        FDRE (Setup_fdre_C_D)        0.077   115.027    y_reg[0]
  -------------------------------------------------------------------
                         required time                        115.027    <hidden>
                         arrival time                         -96.176    <hidden>
  -------------------------------------------------------------------
                         slack                                 18.851    <hidden>

Slack (MET) :             18.888ns  (required time - arrival time)
  Source:                 w0_reg[3]/C
                            (rising edge-triggered cell FDRE clocked by vclk  {rise@0.000ns fall@57.030ns period=114.061ns})
  Destination:            y_reg[3]/D
                            (rising edge-triggered cell FDRE clocked by vclk  {rise@0.000ns fall@57.030ns period=114.061ns})
  Path Group:             vclk
  Path Type:              Setup (Max at Slow Process Corner)
  Requirement:            114.061ns  (vclk rise@114.061ns - vclk rise@0.000ns)
  Data Path Delay:        95.207ns  (logic 27.750ns (29.147%)  route 67.457ns (70.853%))
  Logic Levels:           90  (CARRY4=30 LUT3=14 LUT4=16 LUT5=15 LUT6=15)
  Clock Path Skew:        -0.049ns (DCD - SCD + CPR)
    Destination Clock Delay (DCD):    0.924ns = ( 114.985 - 114.061 ) 
    Source Clock Delay      (SCD):    0.973ns
    Clock Pessimism Removal (CPR):    0.000ns
  Clock Uncertainty:      0.035ns  ((TSJ^2 + TIJ^2)^1/2 + DJ) / 2 + PE
    Total System Jitter     (TSJ):    0.071ns
    Total Input Jitter      (TIJ):    0.000ns
    Discrete Jitter          (DJ):    0.000ns
    Phase Error              (PE):    0.000ns

    Location             Delay type                Incr(ns)  Path(ns)    Netlist Resource(s)
  -------------------------------------------------------------------    -------------------
                         (clock vclk rise edge)       0.000     0.000 r  <hidden>
                                                      0.000     0.000 r  clk
                         net (fo=167, unset)          0.973     0.973    clk
    SLICE_X64Y74         FDRE                                         r  w0_reg[3]/C
  -------------------------------------------------------------------    -------------------
    SLICE_X64Y74         FDRE (Prop_fdre_C_Q)         0.456     1.429 r  w0_reg[3]/Q
                         net (fo=11, routed)          1.039     2.468    w0[3]
    SLICE_X64Y72         LUT4 (Prop_lut4_I0_O)        0.124     2.592 r  y[7]_i_2014/O
                         net (fo=1, routed)           0.000     2.592    y[7]_i_2014_n_0
    SLICE_X64Y72         CARRY4 (Prop_carry4_S[1]_CO[3])
                                                      0.550     3.142 r  y_reg[7]_i_1914/CO[3]
                         net (fo=64, routed)          1.183     4.326    y_reg[7]_i_1914_n_0
    SLICE_X63Y73         LUT3 (Prop_lut3_I1_O)        0.153     4.479 r  y[7]_i_2103/O
                         net (fo=1, routed)           0.439     4.917    y[7]_i_2103_n_0
    SLICE_X63Y72         LUT6 (Prop_lut6_I1_O)        0.327     5.244 r  y[7]_i_2019/O
                         net (fo=1, routed)           0.332     5.576    y[7]_i_2019_n_0
    SLICE_X62Y72         CARRY4 (Prop_carry4_DI[0]_CO[3])
                                                      0.550     6.126 r  y_reg[7]_i_1915/CO[3]
                         net (fo=40, routed)          1.156     7.282    y_reg[7]_i_1915_n_0
    SLICE_X60Y73         LUT5 (Prop_lut5_I1_O)        0.124     7.406 r  y[7]_i_1926/O
                         net (fo=10, routed)          1.148     8.555    y[7]_i_1926_n_0
    SLICE_X61Y76         LUT4 (Prop_lut4_I0_O)        0.124     8.679 r  y[7]_i_2044/O
                         net (fo=1, routed)           0.000     8.679    y[7]_i_2044_n_0
    SLICE_X61Y76         CARRY4 (Prop_carry4_S[3]_CO[3])
                                                      0.401     9.080 r  y_reg[7]_i_1927/CO[3]
                         net (fo=64, routed)          1.298    10.378    y_reg[7]_i_1927_n_0
    SLICE_X60Y74         LUT3 (Prop_lut3_I1_O)        0.119    10.497 r  y[7]_i_2122/O
                         net (fo=1, routed)           0.312    10.809    y[7]_i_2122_n_0
    SLICE_X59Y74         LUT6 (Prop_lut6_I1_O)        0.332    11.141 r  y[7]_i_2078/O
                         net (fo=1, routed)           0.649    11.789    y[7]_i_2078_n_0
    SLICE_X60Y75         CARRY4 (Prop_carry4_DI[1]_CO[3])
                                                      0.507    12.296 r  y_reg[7]_i_1995/CO[3]
                         net (fo=16, routed)          1.043    13.339    y_reg[7]_i_1995_n_0
    SLICE_X61Y75         LUT5 (Prop_lut5_I3_O)        0.152    13.491 r  y[3]_i_228/O
                         net (fo=4, routed)           1.007    14.498    y[3]_i_228_n_0
    SLICE_X61Y77         LUT4 (Prop_lut4_I0_O)        0.326    14.824 r  y[7]_i_2062/O
                         net (fo=1, routed)           0.000    14.824    y[7]_i_2062_n_0
    SLICE_X61Y77         CARRY4 (Prop_carry4_S[1]_CO[3])
                                                      0.550    15.374 r  y_reg[7]_i_1949/CO[3]
                         net (fo=16, routed)          0.797    16.171    y_reg[7]_i_1949_n_0
    SLICE_X62Y77         LUT3 (Prop_lut3_I1_O)        0.117    16.288 r  y[3]_i_223/O
                         net (fo=6, routed)           0.988    17.276    y[3]_i_223_n_0
    SLICE_X58Y75         LUT6 (Prop_lut6_I0_O)        0.348    17.624 r  y[5]_i_347/O
                         net (fo=1, routed)           0.535    18.159    y[5]_i_347_n_0
    SLICE_X57Y75         CARRY4 (Prop_carry4_DI[1]_CO[3])
                                                      0.507    18.666 r  y_reg[5]_i_322/CO[3]
                         net (fo=32, routed)          1.136    19.801    y_reg[5]_i_322_n_0
    SLICE_X58Y77         LUT5 (Prop_lut5_I3_O)        0.150    19.951 r  y[5]_i_359/O
                         net (fo=2, routed)           0.811    20.762    y[5]_i_359_n_0
    SLICE_X56Y77         LUT4 (Prop_lut4_I0_O)        0.328    21.090 r  y[5]_i_344/O
                         net (fo=1, routed)           0.000    21.090    y[5]_i_344_n_0
    SLICE_X56Y77         CARRY4 (Prop_carry4_S[0]_CO[3])
                                                      0.532    21.622 r  y_reg[5]_i_320/CO[3]
                         net (fo=16, routed)          0.947    22.570    y_reg[5]_i_320_n_0
    SLICE_X56Y76         LUT5 (Prop_lut5_I1_O)        0.124    22.694 r  y[1]_i_210/O
                         net (fo=6, routed)           0.822    23.515    y[1]_i_210_n_0
    SLICE_X51Y75         LUT6 (Prop_lut6_I1_O)        0.124    23.639 r  y[5]_i_314/O
                         net (fo=1, routed)           0.525    24.165    y[5]_i_314_n_0
    SLICE_X52Y75         CARRY4 (Prop_carry4_DI[0]_CO[3])
                                                      0.526    24.691 r  y_reg[5]_i_283/CO[3]
                         net (fo=32, routed)          1.008    25.699    y_reg[5]_i_283_n_0
    SLICE_X53Y76         LUT5 (Prop_lut5_I3_O)        0.150    25.849 r  y[5]_i_333/O
                         net (fo=2, routed)           0.860    26.709    y[5]_i_333_n_0
    SLICE_X52Y76         LUT4 (Prop_lut4_I0_O)        0.326    27.035 r  y[5]_i_309/O
                         net (fo=1, routed)           0.000    27.035    y[5]_i_309_n_0
    SLICE_X52Y76         CARRY4 (Prop_carry4_S[1]_CO[3])
                                                      0.550    27.585 r  y_reg[5]_i_281/CO[3]
                         net (fo=16, routed)          0.948    28.533    y_reg[5]_i_281_n_0
    SLICE_X51Y76         LUT5 (Prop_lut5_I3_O)        0.120    28.653 f  y[3]_i_201/O
                         net (fo=4, routed)           1.240    29.893    y[3]_i_201_n_0
    SLICE_X54Y77         LUT6 (Prop_lut6_I3_O)        0.327    30.220 r  y[7]_i_1753/O
                         net (fo=1, routed)           0.568    30.788    y[7]_i_1753_n_0
    SLICE_X55Y77         CARRY4 (Prop_carry4_DI[1]_CO[3])
                                                      0.507    31.295 r  y_reg[7]_i_1595/CO[3]
                         net (fo=16, routed)          0.979    32.275    y_reg[7]_i_1595_n_0
    SLICE_X54Y78         LUT5 (Prop_lut5_I3_O)        0.119    32.394 f  y[7]_i_1537/O
                         net (fo=4, routed)           1.009    33.403    y[7]_i_1537_n_0
    SLICE_X54Y81         LUT6 (Prop_lut6_I3_O)        0.355    33.758 r  y[7]_i_1698/O
                         net (fo=1, routed)           0.610    34.368    y[7]_i_1698_n_0
    SLICE_X55Y81         CARRY4 (Prop_carry4_DI[3]_CO[3])
                                                      0.385    34.753 r  y_reg[7]_i_1538/CO[3]
                         net (fo=16, routed)          1.174    35.926    y_reg[7]_i_1538_n_0
    SLICE_X56Y82         LUT5 (Prop_lut5_I3_O)        0.152    36.078 f  y[3]_i_180/O
                         net (fo=4, routed)           0.767    36.845    y[3]_i_180_n_0
    SLICE_X58Y84         LUT6 (Prop_lut6_I3_O)        0.332    37.177 r  y[7]_i_1556/O
                         net (fo=1, routed)           0.568    37.745    y[7]_i_1556_n_0
    SLICE_X59Y84         CARRY4 (Prop_carry4_DI[1]_CO[3])
                                                      0.507    38.252 r  y_reg[7]_i_1356/CO[3]
                         net (fo=16, routed)          1.033    39.285    y_reg[7]_i_1356_n_0
    SLICE_X60Y84         LUT5 (Prop_lut5_I1_O)        0.124    39.409 r  y[7]_i_1141/O
                         net (fo=7, routed)           1.134    40.544    y[7]_i_1141_n_0
    SLICE_X55Y83         LUT4 (Prop_lut4_I0_O)        0.124    40.668 r  y[7]_i_1351/O
                         net (fo=1, routed)           0.000    40.668    y[7]_i_1351_n_0
    SLICE_X55Y83         CARRY4 (Prop_carry4_S[3]_CO[3])
                                                      0.401    41.069 r  y_reg[7]_i_1140/CO[3]
                         net (fo=36, routed)          1.010    42.079    y_reg[7]_i_1140_n_0
    SLICE_X55Y84         LUT3 (Prop_lut3_I1_O)        0.150    42.229 r  y[7]_i_1551/O
                         net (fo=2, routed)           0.561    42.790    y[7]_i_1551_n_0
    SLICE_X55Y82         LUT6 (Prop_lut6_I4_O)        0.332    43.122 r  y[7]_i_1340/O
                         net (fo=1, routed)           0.596    43.718    y[7]_i_1340_n_0
    SLICE_X54Y82         CARRY4 (Prop_carry4_DI[2]_CO[3])
                                                      0.404    44.122 r  y_reg[7]_i_1138/CO[3]
                         net (fo=16, routed)          0.975    45.097    y_reg[7]_i_1138_n_0
    SLICE_X55Y84         LUT5 (Prop_lut5_I1_O)        0.120    45.217 r  y[7]_i_932/O
                         net (fo=7, routed)           1.185    46.402    y[7]_i_932_n_0
    SLICE_X54Y85         LUT4 (Prop_lut4_I0_O)        0.327    46.729 r  y[7]_i_1146/O
                         net (fo=1, routed)           0.000    46.729    y[7]_i_1146_n_0
    SLICE_X54Y85         CARRY4 (Prop_carry4_S[3]_CO[3])
                                                      0.376    47.105 r  y_reg[7]_i_933/CO[3]
                         net (fo=32, routed)          1.222    48.327    y_reg[7]_i_933_n_0
    SLICE_X52Y85         LUT3 (Prop_lut3_I1_O)        0.150    48.477 r  y[1]_i_137/O
                         net (fo=4, routed)           0.811    49.288    y[1]_i_137_n_0
    SLICE_X51Y85         LUT6 (Prop_lut6_I3_O)        0.326    49.614 r  y[7]_i_1181/O
                         net (fo=1, routed)           0.398    50.012    y[7]_i_1181_n_0
    SLICE_X50Y85         CARRY4 (Prop_carry4_DI[0]_CO[3])
                                                      0.550    50.562 r  y_reg[7]_i_949/CO[3]
                         net (fo=28, routed)          1.393    51.955    y_reg[7]_i_949_n_0
    SLICE_X52Y85         LUT5 (Prop_lut5_I4_O)        0.152    52.107 r  y[7]_i_1006/O
                         net (fo=7, routed)           1.323    53.430    y[7]_i_1006_n_0
    SLICE_X54Y88         LUT4 (Prop_lut4_I2_O)        0.332    53.762 r  y[7]_i_941/O
                         net (fo=1, routed)           0.000    53.762    y[7]_i_941_n_0
    SLICE_X54Y88         CARRY4 (Prop_carry4_S[3]_CO[3])
                                                      0.376    54.138 r  y_reg[7]_i_717/CO[3]
                         net (fo=40, routed)          1.264    55.402    y_reg[7]_i_717_n_0
    SLICE_X53Y89         LUT3 (Prop_lut3_I1_O)        0.119    55.521 r  y[3]_i_92/O
                         net (fo=7, routed)           0.673    56.194    y[3]_i_92_n_0
    SLICE_X52Y89         LUT6 (Prop_lut6_I3_O)        0.332    56.526 r  y[7]_i_789/O
                         net (fo=1, routed)           0.655    57.182    y[7]_i_789_n_0
    SLICE_X52Y88         CARRY4 (Prop_carry4_DI[1]_CO[3])
                                                      0.507    57.689 r  y_reg[7]_i_581/CO[3]
                         net (fo=28, routed)          0.840    58.528    y_reg[7]_i_581_n_0
    SLICE_X51Y89         LUT3 (Prop_lut3_I1_O)        0.118    58.646 f  y[7]_i_507/O
                         net (fo=7, routed)           0.999    59.645    y[7]_i_507_n_0
    SLICE_X54Y91         LUT6 (Prop_lut6_I4_O)        0.326    59.971 r  y[7]_i_708/O
                         net (fo=1, routed)           0.610    60.581    y[7]_i_708_n_0
    SLICE_X55Y91         CARRY4 (Prop_carry4_DI[3]_CO[3])
                                                      0.385    60.966 r  y_reg[7]_i_508/CO[3]
                         net (fo=28, routed)          1.043    62.009    y_reg[7]_i_508_n_0
    SLICE_X53Y91         LUT3 (Prop_lut3_I1_O)        0.118    62.127 f  y[3]_i_60/O
                         net (fo=7, routed)           0.860    62.987    y[3]_i_60_n_0
    SLICE_X55Y93         LUT6 (Prop_lut6_I4_O)        0.326    63.313 r  y[7]_i_534/O
                         net (fo=1, routed)           0.505    63.818    y[7]_i_534_n_0
    SLICE_X55Y92         CARRY4 (Prop_carry4_DI[1]_CO[3])
                                                      0.507    64.325 r  y_reg[7]_i_350/CO[3]
                         net (fo=28, routed)          0.942    65.267    y_reg[7]_i_350_n_0
    SLICE_X55Y93         LUT5 (Prop_lut5_I4_O)        0.118    65.385 f  y[7]_i_530/O
                         net (fo=7, routed)           0.702    66.087    y[7]_i_530_n_0
    SLICE_X53Y92         LUT6 (Prop_lut6_I5_O)        0.326    66.413 r  y[7]_i_546/O
                         net (fo=1, routed)           0.404    66.816    y[7]_i_546_n_0
    SLICE_X52Y92         CARRY4 (Prop_carry4_DI[0]_CO[3])
                                                      0.526    67.342 r  y_reg[7]_i_353/CO[3]
                         net (fo=28, routed)          0.937    68.280    y_reg[7]_i_353_n_0
    SLICE_X52Y94         LUT5 (Prop_lut5_I3_O)        0.119    68.399 f  y[3]_i_77/O
                         net (fo=4, routed)           0.883    69.281    y[3]_i_77_n_0
    SLICE_X52Y94         LUT6 (Prop_lut6_I3_O)        0.332    69.613 r  y[7]_i_647/O
                         net (fo=1, routed)           0.407    70.020    y[7]_i_647_n_0
    SLICE_X53Y94         CARRY4 (Prop_carry4_DI[1]_CO[3])
                                                      0.507    70.527 r  y_reg[7]_i_430/CO[3]
                         net (fo=28, routed)          0.949    71.476    y_reg[7]_i_430_n_0
    SLICE_X53Y95         LUT5 (Prop_lut5_I3_O)        0.150    71.626 r  y[1]_i_80/O
                         net (fo=6, routed)           1.274    72.900    y[1]_i_80_n_0
    SLICE_X56Y98         LUT4 (Prop_lut4_I0_O)        0.326    73.226 r  y[7]_i_685/O
                         net (fo=1, routed)           0.000    73.226    y[7]_i_685_n_0
    SLICE_X56Y98         CARRY4 (Prop_carry4_S[0]_CO[3])
                                                      0.532    73.758 r  y_reg[7]_i_478/CO[3]
                         net (fo=16, routed)          1.342    75.100    y_reg[7]_i_478_n_0
    SLICE_X54Y98         LUT3 (Prop_lut3_I1_O)        0.150    75.250 r  y[1]_i_55/O
                         net (fo=6, routed)           1.191    76.440    y[1]_i_55_n_0
    SLICE_X51Y98         LUT4 (Prop_lut4_I1_O)        0.328    76.768 r  y[7]_i_476/O
                         net (fo=1, routed)           0.000    76.768    y[7]_i_476_n_0
    SLICE_X51Y98         CARRY4 (Prop_carry4_S[0]_CO[3])
                                                      0.532    77.300 r  y_reg[7]_i_299/CO[3]
                         net (fo=16, routed)          0.976    78.276    y_reg[7]_i_299_n_0
    SLICE_X50Y97         LUT3 (Prop_lut3_I1_O)        0.150    78.426 r  y[5]_i_34/O
                         net (fo=6, routed)           1.211    79.638    y[5]_i_34_n_0
    SLICE_X47Y100        LUT4 (Prop_lut4_I1_O)        0.328    79.966 r  y[7]_i_295/O
                         net (fo=1, routed)           0.000    79.966    y[7]_i_295_n_0
    SLICE_X47Y100        CARRY4 (Prop_carry4_S[2]_CO[3])
                                                      0.398    80.364 r  y_reg[7]_i_165/CO[3]
                         net (fo=16, routed)          1.228    81.592    y_reg[7]_i_165_n_0
    SLICE_X47Y99         LUT3 (Prop_lut3_I1_O)        0.152    81.744 r  y[7]_i_65/O
                         net (fo=7, routed)           0.688    82.432    y[7]_i_65_n_0
    SLICE_X45Y98         LUT4 (Prop_lut4_I1_O)        0.332    82.764 r  y[7]_i_160/O
                         net (fo=1, routed)           0.000    82.764    y[7]_i_160_n_0
    SLICE_X45Y98         CARRY4 (Prop_carry4_S[3]_CO[3])
                                                      0.401    83.165 r  y_reg[7]_i_64/CO[3]
                         net (fo=24, routed)          1.072    84.237    y_reg[7]_i_64_n_0
    SLICE_X44Y98         LUT3 (Prop_lut3_I1_O)        0.124    84.361 r  y[3]_i_19/O
                         net (fo=5, routed)           1.010    85.371    y[3]_i_19_n_0
    SLICE_X44Y99         LUT4 (Prop_lut4_I1_O)        0.124    85.495 r  y[7]_i_154/O
                         net (fo=1, routed)           0.000    85.495    y[7]_i_154_n_0
    SLICE_X44Y99         CARRY4 (Prop_carry4_S[1]_CO[3])
                                                      0.550    86.045 r  y_reg[7]_i_62/CO[3]
                         net (fo=16, routed)          1.555    87.600    p_4_in
    SLICE_X43Y100        LUT5 (Prop_lut5_I1_O)        0.150    87.750 r  y[1]_i_7/O
                         net (fo=6, routed)           1.001    88.751    y[1]_i_7_n_0
    SLICE_X40Y98         LUT4 (Prop_lut4_I1_O)        0.326    89.077 r  y[7]_i_81/O
                         net (fo=1, routed)           0.000    89.077    y[7]_i_81_n_0
    SLICE_X40Y98         CARRY4 (Prop_carry4_S[0]_CO[3])
                                                      0.532    89.609 r  y_reg[7]_i_22/CO[3]
                         net (fo=16, routed)          1.125    90.735    y_reg[7]_i_22_n_0
    SLICE_X39Y100        LUT3 (Prop_lut3_I1_O)        0.118    90.853 r  y[3]_i_5/O
                         net (fo=5, routed)           0.780    91.633    y[3]_i_5_n_0
    SLICE_X38Y99         LUT4 (Prop_lut4_I1_O)        0.326    91.959 r  y[7]_i_32/O
                         net (fo=1, routed)           0.000    91.959    y[7]_i_32_n_0
    SLICE_X38Y99         CARRY4 (Prop_carry4_S[1]_CO[3])
                                                      0.533    92.492 r  y_reg[7]_i_6/CO[3]
                         net (fo=8, routed)           0.791    93.283    y_reg[7]_i_6_n_0
    SLICE_X38Y100        LUT6 (Prop_lut6_I0_O)        0.124    93.407 r  y[1]_i_2/O
                         net (fo=3, routed)           1.189    94.596    y[1]_i_2_n_0
    SLICE_X39Y102        LUT4 (Prop_lut4_I0_O)        0.124    94.720 r  y[7]_i_19/O
                         net (fo=1, routed)           0.000    94.720    y[7]_i_19_n_0
    SLICE_X39Y102        CARRY4 (Prop_carry4_S[0]_CO[3])
                                                      0.532    95.252 r  y_reg[7]_i_4/CO[3]
                         net (fo=8, routed)           0.810    96.063    s1
    SLICE_X38Y102        LUT3 (Prop_lut3_I1_O)        0.117    96.180 r  y[3]_i_1/O
                         net (fo=1, routed)           0.000    96.180    y[3]_i_1_n_0
    SLICE_X38Y102        FDRE                                         r  y_reg[3]/D
  -------------------------------------------------------------------    -------------------

                         (clock vclk rise edge)     114.061   114.061 r  <hidden>
                                                      0.000   114.061 r  clk
                         net (fo=167, unset)          0.924   114.985    clk
    SLICE_X38Y102        FDRE                                         r  y_reg[3]/C
                         clock pessimism              0.000   114.985    <hidden>
                         clock uncertainty           -0.035   114.950    <hidden>
    SLICE_X38Y102        FDRE (Setup_fdre_C_D)        0.118   115.068    y_reg[3]
  -------------------------------------------------------------------
                         required time                        115.068    <hidden>
                         arrival time                         -96.180    <hidden>
  -------------------------------------------------------------------
                         slack                                 18.888    <hidden>

Slack (MET) :             18.895ns  (required time - arrival time)
  Source:                 w0_reg[3]/C
                            (rising edge-triggered cell FDRE clocked by vclk  {rise@0.000ns fall@57.030ns period=114.061ns})
  Destination:            y_reg[6]/D
                            (rising edge-triggered cell FDRE clocked by vclk  {rise@0.000ns fall@57.030ns period=114.061ns})
  Path Group:             vclk
  Path Type:              Setup (Max at Slow Process Corner)
  Requirement:            114.061ns  (vclk rise@114.061ns - vclk rise@0.000ns)
  Data Path Delay:        95.161ns  (logic 27.757ns (29.169%)  route 67.404ns (70.831%))
  Logic Levels:           90  (CARRY4=30 LUT3=14 LUT4=16 LUT5=15 LUT6=15)
  Clock Path Skew:        -0.049ns (DCD - SCD + CPR)
    Destination Clock Delay (DCD):    0.924ns = ( 114.985 - 114.061 ) 
    Source Clock Delay      (SCD):    0.973ns
    Clock Pessimism Removal (CPR):    0.000ns
  Clock Uncertainty:      0.035ns  ((TSJ^2 + TIJ^2)^1/2 + DJ) / 2 + PE
    Total System Jitter     (TSJ):    0.071ns
    Total Input Jitter      (TIJ):    0.000ns
    Discrete Jitter          (DJ):    0.000ns
    Phase Error              (PE):    0.000ns

    Location             Delay type                Incr(ns)  Path(ns)    Netlist Resource(s)
  -------------------------------------------------------------------    -------------------
                         (clock vclk rise edge)       0.000     0.000 r  <hidden>
                                                      0.000     0.000 r  clk
                         net (fo=167, unset)          0.973     0.973    clk
    SLICE_X64Y74         FDRE                                         r  w0_reg[3]/C
  -------------------------------------------------------------------    -------------------
    SLICE_X64Y74         FDRE (Prop_fdre_C_Q)         0.456     1.429 r  w0_reg[3]/Q
                         net (fo=11, routed)          1.039     2.468    w0[3]
    SLICE_X64Y72         LUT4 (Prop_lut4_I0_O)        0.124     2.592 r  y[7]_i_2014/O
                         net (fo=1, routed)           0.000     2.592    y[7]_i_2014_n_0
    SLICE_X64Y72         CARRY4 (Prop_carry4_S[1]_CO[3])
                                                      0.550     3.142 r  y_reg[7]_i_1914/CO[3]
                         net (fo=64, routed)          1.183     4.326    y_reg[7]_i_1914_n_0
    SLICE_X63Y73         LUT3 (Prop_lut3_I1_O)        0.153     4.479 r  y[7]_i_2103/O
                         net (fo=1, routed)           0.439     4.917    y[7]_i_2103_n_0
    SLICE_X63Y72         LUT6 (Prop_lut6_I1_O)        0.327     5.244 r  y[7]_i_2019/O
                         net (fo=1, routed)           0.332     5.576    y[7]_i_2019_n_0
    SLICE_X62Y72         CARRY4 (Prop_carry4_DI[0]_CO[3])
                                                      0.550     6.126 r  y_reg[7]_i_1915/CO[3]
                         net (fo=40, routed)          1.156     7.282    y_reg[7]_i_1915_n_0
    SLICE_X60Y73         LUT5 (Prop_lut5_I1_O)        0.124     7.406 r  y[7]_i_1926/O
                         net (fo=10, routed)          1.148     8.555    y[7]_i_1926_n_0
    SLICE_X61Y76         LUT4 (Prop_lut4_I0_O)        0.124     8.679 r  y[7]_i_2044/O
                         net (fo=1, routed)           0.000     8.679    y[7]_i_2044_n_0
    SLICE_X61Y76         CARRY4 (Prop_carry4_S[3]_CO[3])
                                                      0.401     9.080 r  y_reg[7]_i_1927/CO[3]
                         net (fo=64, routed)          1.298    10.378    y_reg[7]_i_1927_n_0
    SLICE_X60Y74         LUT3 (Prop_lut3_I1_O)        0.119    10.497 r  y[7]_i_2122/O
                         net (fo=1, routed)           0.312    10.809    y[7]_i_2122_n_0
    SLICE_X59Y74         LUT6 (Prop_lut6_I1_O)        0.332    11.141 r  y[7]_i_2078/O
                         net (fo=1, routed)           0.649    11.789    y[7]_i_2078_n_0
    SLICE_X60Y75         CARRY4 (Prop_carry4_DI[1]_CO[3])
                                                      0.507    12.296 r  y_reg[7]_i_1995/CO[3]
                         net (fo=16, routed)          1.043    13.339    y_reg[7]_i_1995_n_0
    SLICE_X61Y75         LUT5 (Prop_lut5_I3_O)        0.152    13.491 r  y[3]_i_228/O
                         net (fo=4, routed)           1.007    14.498    y[3]_i_228_n_0
    SLICE_X61Y77         LUT4 (Prop_lut4_I0_O)        0.326    14.824 r  y[7]_i_2062/O
                         net (fo=1, routed)           0.000    14.824    y[7]_i_2062_n_0
    SLICE_X61Y77         CARRY4 (Prop_carry4_S[1]_CO[3])
                                                      0.550    15.374 r  y_reg[7]_i_1949/CO[3]
                         net (fo=16, routed)          0.797    16.171    y_reg[7]_i_1949_n_0
    SLICE_X62Y77         LUT3 (Prop_lut3_I1_O)        0.117    16.288 r  y[3]_i_223/O
                         net (fo=6, routed)           0.988    17.276    y[3]_i_223_n_0
    SLICE_X58Y75         LUT6 (Prop_lut6_I0_O)        0.348    17.624 r  y[5]_i_347/O
                         net (fo=1, routed)           0.535    18.159    y[5]_i_347_n_0
    SLICE_X57Y75         CARRY4 (Prop_carry4_DI[1]_CO[3])
                                                      0.507    18.666 r  y_reg[5]_i_322/CO[3]
                         net (fo=32, routed)          1.136    19.801    y_reg[5]_i_322_n_0
    SLICE_X58Y77         LUT5 (Prop_lut5_I3_O)        0.150    19.951 r  y[5]_i_359/O
                         net (fo=2, routed)           0.811    20.762    y[5]_i_359_n_0
    SLICE_X56Y77         LUT4 (Prop_lut4_I0_O)        0.328    21.090 r  y[5]_i_344/O
                         net (fo=1, routed)           0.000    21.090    y[5]_i_344_n_0
    SLICE_X56Y77         CARRY4 (Prop_carry4_S[0]_CO[3])
                                                      0.532    21.622 r  y_reg[5]_i_320/CO[3]
                         net (fo=16, routed)          0.947    22.570    y_reg[5]_i_320_n_0
    SLICE_X56Y76         LUT5 (Prop_lut5_I1_O)        0.124    22.694 r  y[1]_i_210/O
                         net (fo=6, routed)           0.822    23.515    y[1]_i_210_n_0
    SLICE_X51Y75         LUT6 (Prop_lut6_I1_O)        0.124    23.639 r  y[5]_i_314/O
                         net (fo=1, routed)           0.525    24.165    y[5]_i_314_n_0
    SLICE_X52Y75         CARRY4 (Prop_carry4_DI[0]_CO[3])
                                                      0.526    24.691 r  y_reg[5]_i_283/CO[3]
                         net (fo=32, routed)          1.008    25.699    y_reg[5]_i_283_n_0
    SLICE_X53Y76         LUT5 (Prop_lut5_I3_O)        0.150    25.849 r  y[5]_i_333/O
                         net (fo=2, routed)           0.860    26.709    y[5]_i_333_n_0
    SLICE_X52Y76         LUT4 (Prop_lut4_I0_O)        0.326    27.035 r  y[5]_i_309/O
                         net (fo=1, routed)           0.000    27.035    y[5]_i_309_n_0
    SLICE_X52Y76         CARRY4 (Prop_carry4_S[1]_CO[3])
                                                      0.550    27.585 r  y_reg[5]_i_281/CO[3]
                         net (fo=16, routed)          0.948    28.533    y_reg[5]_i_281_n_0
    SLICE_X51Y76         LUT5 (Prop_lut5_I3_O)        0.120    28.653 f  y[3]_i_201/O
                         net (fo=4, routed)           1.240    29.893    y[3]_i_201_n_0
    SLICE_X54Y77         LUT6 (Prop_lut6_I3_O)        0.327    30.220 r  y[7]_i_1753/O
                         net (fo=1, routed)           0.568    30.788    y[7]_i_1753_n_0
    SLICE_X55Y77         CARRY4 (Prop_carry4_DI[1]_CO[3])
                                                      0.507    31.295 r  y_reg[7]_i_1595/CO[3]
                         net (fo=16, routed)          0.979    32.275    y_reg[7]_i_1595_n_0
    SLICE_X54Y78         LUT5 (Prop_lut5_I3_O)        0.119    32.394 f  y[7]_i_1537/O
                         net (fo=4, routed)           1.009    33.403    y[7]_i_1537_n_0
    SLICE_X54Y81         LUT6 (Prop_lut6_I3_O)        0.355    33.758 r  y[7]_i_1698/O
                         net (fo=1, routed)           0.610    34.368    y[7]_i_1698_n_0
    SLICE_X55Y81         CARRY4 (Prop_carry4_DI[3]_CO[3])
                                                      0.385    34.753 r  y_reg[7]_i_1538/CO[3]
                         net (fo=16, routed)          1.174    35.926    y_reg[7]_i_1538_n_0
    SLICE_X56Y82         LUT5 (Prop_lut5_I3_O)        0.152    36.078 f  y[3]_i_180/O
                         net (fo=4, routed)           0.767    36.845    y[3]_i_180_n_0
    SLICE_X58Y84         LUT6 (Prop_lut6_I3_O)        0.332    37.177 r  y[7]_i_1556/O
                         net (fo=1, routed)           0.568    37.745    y[7]_i_1556_n_0
    SLICE_X59Y84         CARRY4 (Prop_carry4_DI[1]_CO[3])
                                                      0.507    38.252 r  y_reg[7]_i_1356/CO[3]
                         net (fo=16, routed)          1.033    39.285    y_reg[7]_i_1356_n_0
    SLICE_X60Y84         LUT5 (Prop_lut5_I1_O)        0.124    39.409 r  y[7]_i_1141/O
                         net (fo=7, routed)           1.134    40.544    y[7]_i_1141_n_0
    SLICE_X55Y83         LUT4 (Prop_lut4_I0_O)        0.124    40.668 r  y[7]_i_1351/O
                         net (fo=1, routed)           0.000    40.668    y[7]_i_1351_n_0
    SLICE_X55Y83         CARRY4 (Prop_carry4_S[3]_CO[3])
                                                      0.401    41.069 r  y_reg[7]_i_1140/CO[3]
                         net (fo=36, routed)          1.010    42.079    y_reg[7]_i_1140_n_0
    SLICE_X55Y84         LUT3 (Prop_lut3_I1_O)        0.150    42.229 r  y[7]_i_1551/O
                         net (fo=2, routed)           0.561    42.790    y[7]_i_1551_n_0
    SLICE_X55Y82         LUT6 (Prop_lut6_I4_O)        0.332    43.122 r  y[7]_i_1340/O
                         net (fo=1, routed)           0.596    43.718    y[7]_i_1340_n_0
    SLICE_X54Y82         CARRY4 (Prop_carry4_DI[2]_CO[3])
                                                      0.404    44.122 r  y_reg[7]_i_1138/CO[3]
                         net (fo=16, routed)          0.975    45.097    y_reg[7]_i_1138_n_0
    SLICE_X55Y84         LUT5 (Prop_lut5_I1_O)        0.120    45.217 r  y[7]_i_932/O
                         net (fo=7, routed)           1.185    46.402    y[7]_i_932_n_0
    SLICE_X54Y85         LUT4 (Prop_lut4_I0_O)        0.327    46.729 r  y[7]_i_1146/O
                         net (fo=1, routed)           0.000    46.729    y[7]_i_1146_n_0
    SLICE_X54Y85         CARRY4 (Prop_carry4_S[3]_CO[3])
                                                      0.376    47.105 r  y_reg[7]_i_933/CO[3]
                         net (fo=32, routed)          1.222    48.327    y_reg[7]_i_933_n_0
    SLICE_X52Y85         LUT3 (Prop_lut3_I1_O)        0.150    48.477 r  y[1]_i_137/O
                         net (fo=4, routed)           0.811    49.288    y[1]_i_137_n_0
    SLICE_X51Y85         LUT6 (Prop_lut6_I3_O)        0.326    49.614 r  y[7]_i_1181/O
                         net (fo=1, routed)           0.398    50.012    y[7]_i_1181_n_0
    SLICE_X50Y85         CARRY4 (Prop_carry4_DI[0]_CO[3])
                                                      0.550    50.562 r  y_reg[7]_i_949/CO[3]
                         net (fo=28, routed)          1.393    51.955    y_reg[7]_i_949_n_0
    SLICE_X52Y85         LUT5 (Prop_lut5_I4_O)        0.152    52.107 r  y[7]_i_1006/O
                         net (fo=7, routed)           1.323    53.430    y[7]_i_1006_n_0
    SLICE_X54Y88         LUT4 (Prop_lut4_I2_O)        0.332    53.762 r  y[7]_i_941/O
                         net (fo=1, routed)           0.000    53.762    y[7]_i_941_n_0
    SLICE_X54Y88         CARRY4 (Prop_carry4_S[3]_CO[3])
                                                      0.376    54.138 r  y_reg[7]_i_717/CO[3]
                         net (fo=40, routed)          1.264    55.402    y_reg[7]_i_717_n_0
    SLICE_X53Y89         LUT3 (Prop_lut3_I1_O)        0.119    55.521 r  y[3]_i_92/O
                         net (fo=7, routed)           0.673    56.194    y[3]_i_92_n_0
    SLICE_X52Y89         LUT6 (Prop_lut6_I3_O)        0.332    56.526 r  y[7]_i_789/O
                         net (fo=1, routed)           0.655    57.182    y[7]_i_789_n_0
    SLICE_X52Y88         CARRY4 (Prop_carry4_DI[1]_CO[3])
                                                      0.507    57.689 r  y_reg[7]_i_581/CO[3]
                         net (fo=28, routed)          0.840    58.528    y_reg[7]_i_581_n_0
    SLICE_X51Y89         LUT3 (Prop_lut3_I1_O)        0.118    58.646 f  y[7]_i_507/O
                         net (fo=7, routed)           0.999    59.645    y[7]_i_507_n_0
    SLICE_X54Y91         LUT6 (Prop_lut6_I4_O)        0.326    59.971 r  y[7]_i_708/O
                         net (fo=1, routed)           0.610    60.581    y[7]_i_708_n_0
    SLICE_X55Y91         CARRY4 (Prop_carry4_DI[3]_CO[3])
                                                      0.385    60.966 r  y_reg[7]_i_508/CO[3]
                         net (fo=28, routed)          1.043    62.009    y_reg[7]_i_508_n_0
    SLICE_X53Y91         LUT3 (Prop_lut3_I1_O)        0.118    62.127 f  y[3]_i_60/O
                         net (fo=7, routed)           0.860    62.987    y[3]_i_60_n_0
    SLICE_X55Y93         LUT6 (Prop_lut6_I4_O)        0.326    63.313 r  y[7]_i_534/O
                         net (fo=1, routed)           0.505    63.818    y[7]_i_534_n_0
    SLICE_X55Y92         CARRY4 (Prop_carry4_DI[1]_CO[3])
                                                      0.507    64.325 r  y_reg[7]_i_350/CO[3]
                         net (fo=28, routed)          0.942    65.267    y_reg[7]_i_350_n_0
    SLICE_X55Y93         LUT5 (Prop_lut5_I4_O)        0.118    65.385 f  y[7]_i_530/O
                         net (fo=7, routed)           0.702    66.087    y[7]_i_530_n_0
    SLICE_X53Y92         LUT6 (Prop_lut6_I5_O)        0.326    66.413 r  y[7]_i_546/O
                         net (fo=1, routed)           0.404    66.816    y[7]_i_546_n_0
    SLICE_X52Y92         CARRY4 (Prop_carry4_DI[0]_CO[3])
                                                      0.526    67.342 r  y_reg[7]_i_353/CO[3]
                         net (fo=28, routed)          0.937    68.280    y_reg[7]_i_353_n_0
    SLICE_X52Y94         LUT5 (Prop_lut5_I3_O)        0.119    68.399 f  y[3]_i_77/O
                         net (fo=4, routed)           0.883    69.281    y[3]_i_77_n_0
    SLICE_X52Y94         LUT6 (Prop_lut6_I3_O)        0.332    69.613 r  y[7]_i_647/O
                         net (fo=1, routed)           0.407    70.020    y[7]_i_647_n_0
    SLICE_X53Y94         CARRY4 (Prop_carry4_DI[1]_CO[3])
                                                      0.507    70.527 r  y_reg[7]_i_430/CO[3]
                         net (fo=28, routed)          0.949    71.476    y_reg[7]_i_430_n_0
    SLICE_X53Y95         LUT5 (Prop_lut5_I3_O)        0.150    71.626 r  y[1]_i_80/O
                         net (fo=6, routed)           1.274    72.900    y[1]_i_80_n_0
    SLICE_X56Y98         LUT4 (Prop_lut4_I0_O)        0.326    73.226 r  y[7]_i_685/O
                         net (fo=1, routed)           0.000    73.226    y[7]_i_685_n_0
    SLICE_X56Y98         CARRY4 (Prop_carry4_S[0]_CO[3])
                                                      0.532    73.758 r  y_reg[7]_i_478/CO[3]
                         net (fo=16, routed)          1.342    75.100    y_reg[7]_i_478_n_0
    SLICE_X54Y98         LUT3 (Prop_lut3_I1_O)        0.150    75.250 r  y[1]_i_55/O
                         net (fo=6, routed)           1.191    76.440    y[1]_i_55_n_0
    SLICE_X51Y98         LUT4 (Prop_lut4_I1_O)        0.328    76.768 r  y[7]_i_476/O
                         net (fo=1, routed)           0.000    76.768    y[7]_i_476_n_0
    SLICE_X51Y98         CARRY4 (Prop_carry4_S[0]_CO[3])
                                                      0.532    77.300 r  y_reg[7]_i_299/CO[3]
                         net (fo=16, routed)          0.976    78.276    y_reg[7]_i_299_n_0
    SLICE_X50Y97         LUT3 (Prop_lut3_I1_O)        0.150    78.426 r  y[5]_i_34/O
                         net (fo=6, routed)           1.211    79.638    y[5]_i_34_n_0
    SLICE_X47Y100        LUT4 (Prop_lut4_I1_O)        0.328    79.966 r  y[7]_i_295/O
                         net (fo=1, routed)           0.000    79.966    y[7]_i_295_n_0
    SLICE_X47Y100        CARRY4 (Prop_carry4_S[2]_CO[3])
                                                      0.398    80.364 r  y_reg[7]_i_165/CO[3]
                         net (fo=16, routed)          1.228    81.592    y_reg[7]_i_165_n_0
    SLICE_X47Y99         LUT3 (Prop_lut3_I1_O)        0.152    81.744 r  y[7]_i_65/O
                         net (fo=7, routed)           0.688    82.432    y[7]_i_65_n_0
    SLICE_X45Y98         LUT4 (Prop_lut4_I1_O)        0.332    82.764 r  y[7]_i_160/O
                         net (fo=1, routed)           0.000    82.764    y[7]_i_160_n_0
    SLICE_X45Y98         CARRY4 (Prop_carry4_S[3]_CO[3])
                                                      0.401    83.165 r  y_reg[7]_i_64/CO[3]
                         net (fo=24, routed)          1.072    84.237    y_reg[7]_i_64_n_0
    SLICE_X44Y98         LUT3 (Prop_lut3_I1_O)        0.124    84.361 r  y[3]_i_19/O
                         net (fo=5, routed)           1.010    85.371    y[3]_i_19_n_0
    SLICE_X44Y99         LUT4 (Prop_lut4_I1_O)        0.124    85.495 r  y[7]_i_154/O
                         net (fo=1, routed)           0.000    85.495    y[7]_i_154_n_0
    SLICE_X44Y99         CARRY4 (Prop_carry4_S[1]_CO[3])
                                                      0.550    86.045 r  y_reg[7]_i_62/CO[3]
                         net (fo=16, routed)          1.555    87.600    p_4_in
    SLICE_X43Y100        LUT5 (Prop_lut5_I1_O)        0.150    87.750 r  y[1]_i_7/O
                         net (fo=6, routed)           1.001    88.751    y[1]_i_7_n_0
    SLICE_X40Y98         LUT4 (Prop_lut4_I1_O)        0.326    89.077 r  y[7]_i_81/O
                         net (fo=1, routed)           0.000    89.077    y[7]_i_81_n_0
    SLICE_X40Y98         CARRY4 (Prop_carry4_S[0]_CO[3])
                                                      0.532    89.609 r  y_reg[7]_i_22/CO[3]
                         net (fo=16, routed)          1.125    90.735    y_reg[7]_i_22_n_0
    SLICE_X39Y100        LUT3 (Prop_lut3_I1_O)        0.118    90.853 r  y[3]_i_5/O
                         net (fo=5, routed)           0.780    91.633    y[3]_i_5_n_0
    SLICE_X38Y99         LUT4 (Prop_lut4_I1_O)        0.326    91.959 r  y[7]_i_32/O
                         net (fo=1, routed)           0.000    91.959    y[7]_i_32_n_0
    SLICE_X38Y99         CARRY4 (Prop_carry4_S[1]_CO[3])
                                                      0.533    92.492 r  y_reg[7]_i_6/CO[3]
                         net (fo=8, routed)           0.791    93.283    y_reg[7]_i_6_n_0
    SLICE_X38Y100        LUT6 (Prop_lut6_I0_O)        0.124    93.407 r  y[1]_i_2/O
                         net (fo=3, routed)           1.189    94.596    y[1]_i_2_n_0
    SLICE_X39Y102        LUT4 (Prop_lut4_I0_O)        0.124    94.720 r  y[7]_i_19/O
                         net (fo=1, routed)           0.000    94.720    y[7]_i_19_n_0
    SLICE_X39Y102        CARRY4 (Prop_carry4_S[0]_CO[3])
                                                      0.532    95.252 r  y_reg[7]_i_4/CO[3]
                         net (fo=8, routed)           0.758    96.010    s1
    SLICE_X38Y102        LUT3 (Prop_lut3_I2_O)        0.124    96.134 r  y[6]_i_1/O
                         net (fo=1, routed)           0.000    96.134    y[6]_i_1_n_0
    SLICE_X38Y102        FDRE                                         r  y_reg[6]/D
  -------------------------------------------------------------------    -------------------

                         (clock vclk rise edge)     114.061   114.061 r  <hidden>
                                                      0.000   114.061 r  clk
                         net (fo=167, unset)          0.924   114.985    clk
    SLICE_X38Y102        FDRE                                         r  y_reg[6]/C
                         clock pessimism              0.000   114.985    <hidden>
                         clock uncertainty           -0.035   114.950    <hidden>
    SLICE_X38Y102        FDRE (Setup_fdre_C_D)        0.079   115.029    y_reg[6]
  -------------------------------------------------------------------
                         required time                        115.029    <hidden>
                         arrival time                         -96.134    <hidden>
  -------------------------------------------------------------------
                         slack                                 18.895    <hidden>

Slack (MET) :             18.899ns  (required time - arrival time)
  Source:                 w0_reg[3]/C
                            (rising edge-triggered cell FDRE clocked by vclk  {rise@0.000ns fall@57.030ns period=114.061ns})
  Destination:            y_reg[4]/D
                            (rising edge-triggered cell FDRE clocked by vclk  {rise@0.000ns fall@57.030ns period=114.061ns})
  Path Group:             vclk
  Path Type:              Setup (Max at Slow Process Corner)
  Requirement:            114.061ns  (vclk rise@114.061ns - vclk rise@0.000ns)
  Data Path Delay:        95.157ns  (logic 27.757ns (29.170%)  route 67.400ns (70.830%))
  Logic Levels:           90  (CARRY4=30 LUT3=14 LUT4=16 LUT5=15 LUT6=15)
  Clock Path Skew:        -0.049ns (DCD - SCD + CPR)
    Destination Clock Delay (DCD):    0.924ns = ( 114.985 - 114.061 ) 
    Source Clock Delay      (SCD):    0.973ns
    Clock Pessimism Removal (CPR):    0.000ns
  Clock Uncertainty:      0.035ns  ((TSJ^2 + TIJ^2)^1/2 + DJ) / 2 + PE
    Total System Jitter     (TSJ):    0.071ns
    Total Input Jitter      (TIJ):    0.000ns
    Discrete Jitter          (DJ):    0.000ns
    Phase Error              (PE):    0.000ns

    Location             Delay type                Incr(ns)  Path(ns)    Netlist Resource(s)
  -------------------------------------------------------------------    -------------------
                         (clock vclk rise edge)       0.000     0.000 r  <hidden>
                                                      0.000     0.000 r  clk
                         net (fo=167, unset)          0.973     0.973    clk
    SLICE_X64Y74         FDRE                                         r  w0_reg[3]/C
  -------------------------------------------------------------------    -------------------
    SLICE_X64Y74         FDRE (Prop_fdre_C_Q)         0.456     1.429 r  w0_reg[3]/Q
                         net (fo=11, routed)          1.039     2.468    w0[3]
    SLICE_X64Y72         LUT4 (Prop_lut4_I0_O)        0.124     2.592 r  y[7]_i_2014/O
                         net (fo=1, routed)           0.000     2.592    y[7]_i_2014_n_0
    SLICE_X64Y72         CARRY4 (Prop_carry4_S[1]_CO[3])
                                                      0.550     3.142 r  y_reg[7]_i_1914/CO[3]
                         net (fo=64, routed)          1.183     4.326    y_reg[7]_i_1914_n_0
    SLICE_X63Y73         LUT3 (Prop_lut3_I1_O)        0.153     4.479 r  y[7]_i_2103/O
                         net (fo=1, routed)           0.439     4.917    y[7]_i_2103_n_0
    SLICE_X63Y72         LUT6 (Prop_lut6_I1_O)        0.327     5.244 r  y[7]_i_2019/O
                         net (fo=1, routed)           0.332     5.576    y[7]_i_2019_n_0
    SLICE_X62Y72         CARRY4 (Prop_carry4_DI[0]_CO[3])
                                                      0.550     6.126 r  y_reg[7]_i_1915/CO[3]
                         net (fo=40, routed)          1.156     7.282    y_reg[7]_i_1915_n_0
    SLICE_X60Y73         LUT5 (Prop_lut5_I1_O)        0.124     7.406 r  y[7]_i_1926/O
                         net (fo=10, routed)          1.148     8.555    y[7]_i_1926_n_0
    SLICE_X61Y76         LUT4 (Prop_lut4_I0_O)        0.124     8.679 r  y[7]_i_2044/O
                         net (fo=1, routed)           0.000     8.679    y[7]_i_2044_n_0
    SLICE_X61Y76         CARRY4 (Prop_carry4_S[3]_CO[3])
                                                      0.401     9.080 r  y_reg[7]_i_1927/CO[3]
                         net (fo=64, routed)          1.298    10.378    y_reg[7]_i_1927_n_0
    SLICE_X60Y74         LUT3 (Prop_lut3_I1_O)        0.119    10.497 r  y[7]_i_2122/O
                         net (fo=1, routed)           0.312    10.809    y[7]_i_2122_n_0
    SLICE_X59Y74         LUT6 (Prop_lut6_I1_O)        0.332    11.141 r  y[7]_i_2078/O
                         net (fo=1, routed)           0.649    11.789    y[7]_i_2078_n_0
    SLICE_X60Y75         CARRY4 (Prop_carry4_DI[1]_CO[3])
                                                      0.507    12.296 r  y_reg[7]_i_1995/CO[3]
                         net (fo=16, routed)          1.043    13.339    y_reg[7]_i_1995_n_0
    SLICE_X61Y75         LUT5 (Prop_lut5_I3_O)        0.152    13.491 r  y[3]_i_228/O
                         net (fo=4, routed)           1.007    14.498    y[3]_i_228_n_0
    SLICE_X61Y77         LUT4 (Prop_lut4_I0_O)        0.326    14.824 r  y[7]_i_2062/O
                         net (fo=1, routed)           0.000    14.824    y[7]_i_2062_n_0
    SLICE_X61Y77         CARRY4 (Prop_carry4_S[1]_CO[3])
                                                      0.550    15.374 r  y_reg[7]_i_1949/CO[3]
                         net (fo=16, routed)          0.797    16.171    y_reg[7]_i_1949_n_0
    SLICE_X62Y77         LUT3 (Prop_lut3_I1_O)        0.117    16.288 r  y[3]_i_223/O
                         net (fo=6, routed)           0.988    17.276    y[3]_i_223_n_0
    SLICE_X58Y75         LUT6 (Prop_lut6_I0_O)        0.348    17.624 r  y[5]_i_347/O
                         net (fo=1, routed)           0.535    18.159    y[5]_i_347_n_0
    SLICE_X57Y75         CARRY4 (Prop_carry4_DI[1]_CO[3])
                                                      0.507    18.666 r  y_reg[5]_i_322/CO[3]
                         net (fo=32, routed)          1.136    19.801    y_reg[5]_i_322_n_0
    SLICE_X58Y77         LUT5 (Prop_lut5_I3_O)        0.150    19.951 r  y[5]_i_359/O
                         net (fo=2, routed)           0.811    20.762    y[5]_i_359_n_0
    SLICE_X56Y77         LUT4 (Prop_lut4_I0_O)        0.328    21.090 r  y[5]_i_344/O
                         net (fo=1, routed)           0.000    21.090    y[5]_i_344_n_0
    SLICE_X56Y77         CARRY4 (Prop_carry4_S[0]_CO[3])
                                                      0.532    21.622 r  y_reg[5]_i_320/CO[3]
                         net (fo=16, routed)          0.947    22.570    y_reg[5]_i_320_n_0
    SLICE_X56Y76         LUT5 (Prop_lut5_I1_O)        0.124    22.694 r  y[1]_i_210/O
                         net (fo=6, routed)           0.822    23.515    y[1]_i_210_n_0
    SLICE_X51Y75         LUT6 (Prop_lut6_I1_O)        0.124    23.639 r  y[5]_i_314/O
                         net (fo=1, routed)           0.525    24.165    y[5]_i_314_n_0
    SLICE_X52Y75         CARRY4 (Prop_carry4_DI[0]_CO[3])
                                                      0.526    24.691 r  y_reg[5]_i_283/CO[3]
                         net (fo=32, routed)          1.008    25.699    y_reg[5]_i_283_n_0
    SLICE_X53Y76         LUT5 (Prop_lut5_I3_O)        0.150    25.849 r  y[5]_i_333/O
                         net (fo=2, routed)           0.860    26.709    y[5]_i_333_n_0
    SLICE_X52Y76         LUT4 (Prop_lut4_I0_O)        0.326    27.035 r  y[5]_i_309/O
                         net (fo=1, routed)           0.000    27.035    y[5]_i_309_n_0
    SLICE_X52Y76         CARRY4 (Prop_carry4_S[1]_CO[3])
                                                      0.550    27.585 r  y_reg[5]_i_281/CO[3]
                         net (fo=16, routed)          0.948    28.533    y_reg[5]_i_281_n_0
    SLICE_X51Y76         LUT5 (Prop_lut5_I3_O)        0.120    28.653 f  y[3]_i_201/O
                         net (fo=4, routed)           1.240    29.893    y[3]_i_201_n_0
    SLICE_X54Y77         LUT6 (Prop_lut6_I3_O)        0.327    30.220 r  y[7]_i_1753/O
                         net (fo=1, routed)           0.568    30.788    y[7]_i_1753_n_0
    SLICE_X55Y77         CARRY4 (Prop_carry4_DI[1]_CO[3])
                                                      0.507    31.295 r  y_reg[7]_i_1595/CO[3]
                         net (fo=16, routed)          0.979    32.275    y_reg[7]_i_1595_n_0
    SLICE_X54Y78         LUT5 (Prop_lut5_I3_O)        0.119    32.394 f  y[7]_i_1537/O
                         net (fo=4, routed)           1.009    33.403    y[7]_i_1537_n_0
    SLICE_X54Y81         LUT6 (Prop_lut6_I3_O)        0.355    33.758 r  y[7]_i_1698/O
                         net (fo=1, routed)           0.610    34.368    y[7]_i_1698_n_0
    SLICE_X55Y81         CARRY4 (Prop_carry4_DI[3]_CO[3])
                                                      0.385    34.753 r  y_reg[7]_i_1538/CO[3]
                         net (fo=16, routed)          1.174    35.926    y_reg[7]_i_1538_n_0
    SLICE_X56Y82         LUT5 (Prop_lut5_I3_O)        0.152    36.078 f  y[3]_i_180/O
                         net (fo=4, routed)           0.767    36.845    y[3]_i_180_n_0
    SLICE_X58Y84         LUT6 (Prop_lut6_I3_O)        0.332    37.177 r  y[7]_i_1556/O
                         net (fo=1, routed)           0.568    37.745    y[7]_i_1556_n_0
    SLICE_X59Y84         CARRY4 (Prop_carry4_DI[1]_CO[3])
                                                      0.507    38.252 r  y_reg[7]_i_1356/CO[3]
                         net (fo=16, routed)          1.033    39.285    y_reg[7]_i_1356_n_0
    SLICE_X60Y84         LUT5 (Prop_lut5_I1_O)        0.124    39.409 r  y[7]_i_1141/O
                         net (fo=7, routed)           1.134    40.544    y[7]_i_1141_n_0
    SLICE_X55Y83         LUT4 (Prop_lut4_I0_O)        0.124    40.668 r  y[7]_i_1351/O
                         net (fo=1, routed)           0.000    40.668    y[7]_i_1351_n_0
    SLICE_X55Y83         CARRY4 (Prop_carry4_S[3]_CO[3])
                                                      0.401    41.069 r  y_reg[7]_i_1140/CO[3]
                         net (fo=36, routed)          1.010    42.079    y_reg[7]_i_1140_n_0
    SLICE_X55Y84         LUT3 (Prop_lut3_I1_O)        0.150    42.229 r  y[7]_i_1551/O
                         net (fo=2, routed)           0.561    42.790    y[7]_i_1551_n_0
    SLICE_X55Y82         LUT6 (Prop_lut6_I4_O)        0.332    43.122 r  y[7]_i_1340/O
                         net (fo=1, routed)           0.596    43.718    y[7]_i_1340_n_0
    SLICE_X54Y82         CARRY4 (Prop_carry4_DI[2]_CO[3])
                                                      0.404    44.122 r  y_reg[7]_i_1138/CO[3]
                         net (fo=16, routed)          0.975    45.097    y_reg[7]_i_1138_n_0
    SLICE_X55Y84         LUT5 (Prop_lut5_I1_O)        0.120    45.217 r  y[7]_i_932/O
                         net (fo=7, routed)           1.185    46.402    y[7]_i_932_n_0
    SLICE_X54Y85         LUT4 (Prop_lut4_I0_O)        0.327    46.729 r  y[7]_i_1146/O
                         net (fo=1, routed)           0.000    46.729    y[7]_i_1146_n_0
    SLICE_X54Y85         CARRY4 (Prop_carry4_S[3]_CO[3])
                                                      0.376    47.105 r  y_reg[7]_i_933/CO[3]
                         net (fo=32, routed)          1.222    48.327    y_reg[7]_i_933_n_0
    SLICE_X52Y85         LUT3 (Prop_lut3_I1_O)        0.150    48.477 r  y[1]_i_137/O
                         net (fo=4, routed)           0.811    49.288    y[1]_i_137_n_0
    SLICE_X51Y85         LUT6 (Prop_lut6_I3_O)        0.326    49.614 r  y[7]_i_1181/O
                         net (fo=1, routed)           0.398    50.012    y[7]_i_1181_n_0
    SLICE_X50Y85         CARRY4 (Prop_carry4_DI[0]_CO[3])
                                                      0.550    50.562 r  y_reg[7]_i_949/CO[3]
                         net (fo=28, routed)          1.393    51.955    y_reg[7]_i_949_n_0
    SLICE_X52Y85         LUT5 (Prop_lut5_I4_O)        0.152    52.107 r  y[7]_i_1006/O
                         net (fo=7, routed)           1.323    53.430    y[7]_i_1006_n_0
    SLICE_X54Y88         LUT4 (Prop_lut4_I2_O)        0.332    53.762 r  y[7]_i_941/O
                         net (fo=1, routed)           0.000    53.762    y[7]_i_941_n_0
    SLICE_X54Y88         CARRY4 (Prop_carry4_S[3]_CO[3])
                                                      0.376    54.138 r  y_reg[7]_i_717/CO[3]
                         net (fo=40, routed)          1.264    55.402    y_reg[7]_i_717_n_0
    SLICE_X53Y89         LUT3 (Prop_lut3_I1_O)        0.119    55.521 r  y[3]_i_92/O
                         net (fo=7, routed)           0.673    56.194    y[3]_i_92_n_0
    SLICE_X52Y89         LUT6 (Prop_lut6_I3_O)        0.332    56.526 r  y[7]_i_789/O
                         net (fo=1, routed)           0.655    57.182    y[7]_i_789_n_0
    SLICE_X52Y88         CARRY4 (Prop_carry4_DI[1]_CO[3])
                                                      0.507    57.689 r  y_reg[7]_i_581/CO[3]
                         net (fo=28, routed)          0.840    58.528    y_reg[7]_i_581_n_0
    SLICE_X51Y89         LUT3 (Prop_lut3_I1_O)        0.118    58.646 f  y[7]_i_507/O
                         net (fo=7, routed)           0.999    59.645    y[7]_i_507_n_0
    SLICE_X54Y91         LUT6 (Prop_lut6_I4_O)        0.326    59.971 r  y[7]_i_708/O
                         net (fo=1, routed)           0.610    60.581    y[7]_i_708_n_0
    SLICE_X55Y91         CARRY4 (Prop_carry4_DI[3]_CO[3])
                                                      0.385    60.966 r  y_reg[7]_i_508/CO[3]
                         net (fo=28, routed)          1.043    62.009    y_reg[7]_i_508_n_0
    SLICE_X53Y91         LUT3 (Prop_lut3_I1_O)        0.118    62.127 f  y[3]_i_60/O
                         net (fo=7, routed)           0.860    62.987    y[3]_i_60_n_0
    SLICE_X55Y93         LUT6 (Prop_lut6_I4_O)        0.326    63.313 r  y[7]_i_534/O
                         net (fo=1, routed)           0.505    63.818    y[7]_i_534_n_0
    SLICE_X55Y92         CARRY4 (Prop_carry4_DI[1]_CO[3])
                                                      0.507    64.325 r  y_reg[7]_i_350/CO[3]
                         net (fo=28, routed)          0.942    65.267    y_reg[7]_i_350_n_0
    SLICE_X55Y93         LUT5 (Prop_lut5_I4_O)        0.118    65.385 f  y[7]_i_530/O
                         net (fo=7, routed)           0.702    66.087    y[7]_i_530_n_0
    SLICE_X53Y92         LUT6 (Prop_lut6_I5_O)        0.326    66.413 r  y[7]_i_546/O
                         net (fo=1, routed)           0.404    66.816    y[7]_i_546_n_0
    SLICE_X52Y92         CARRY4 (Prop_carry4_DI[0]_CO[3])
                                                      0.526    67.342 r  y_reg[7]_i_353/CO[3]
                         net (fo=28, routed)          0.937    68.280    y_reg[7]_i_353_n_0
    SLICE_X52Y94         LUT5 (Prop_lut5_I3_O)        0.119    68.399 f  y[3]_i_77/O
                         net (fo=4, routed)           0.883    69.281    y[3]_i_77_n_0
    SLICE_X52Y94         LUT6 (Prop_lut6_I3_O)        0.332    69.613 r  y[7]_i_647/O
                         net (fo=1, routed)           0.407    70.020    y[7]_i_647_n_0
    SLICE_X53Y94         CARRY4 (Prop_carry4_DI[1]_CO[3])
                                                      0.507    70.527 r  y_reg[7]_i_430/CO[3]
                         net (fo=28, routed)          0.949    71.476    y_reg[7]_i_430_n_0
    SLICE_X53Y95         LUT5 (Prop_lut5_I3_O)        0.150    71.626 r  y[1]_i_80/O
                         net (fo=6, routed)           1.274    72.900    y[1]_i_80_n_0
    SLICE_X56Y98         LUT4 (Prop_lut4_I0_O)        0.326    73.226 r  y[7]_i_685/O
                         net (fo=1, routed)           0.000    73.226    y[7]_i_685_n_0
    SLICE_X56Y98         CARRY4 (Prop_carry4_S[0]_CO[3])
                                                      0.532    73.758 r  y_reg[7]_i_478/CO[3]
                         net (fo=16, routed)          1.342    75.100    y_reg[7]_i_478_n_0
    SLICE_X54Y98         LUT3 (Prop_lut3_I1_O)        0.150    75.250 r  y[1]_i_55/O
                         net (fo=6, routed)           1.191    76.440    y[1]_i_55_n_0
    SLICE_X51Y98         LUT4 (Prop_lut4_I1_O)        0.328    76.768 r  y[7]_i_476/O
                         net (fo=1, routed)           0.000    76.768    y[7]_i_476_n_0
    SLICE_X51Y98         CARRY4 (Prop_carry4_S[0]_CO[3])
                                                      0.532    77.300 r  y_reg[7]_i_299/CO[3]
                         net (fo=16, routed)          0.976    78.276    y_reg[7]_i_299_n_0
    SLICE_X50Y97         LUT3 (Prop_lut3_I1_O)        0.150    78.426 r  y[5]_i_34/O
                         net (fo=6, routed)           1.211    79.638    y[5]_i_34_n_0
    SLICE_X47Y100        LUT4 (Prop_lut4_I1_O)        0.328    79.966 r  y[7]_i_295/O
                         net (fo=1, routed)           0.000    79.966    y[7]_i_295_n_0
    SLICE_X47Y100        CARRY4 (Prop_carry4_S[2]_CO[3])
                                                      0.398    80.364 r  y_reg[7]_i_165/CO[3]
                         net (fo=16, routed)          1.228    81.592    y_reg[7]_i_165_n_0
    SLICE_X47Y99         LUT3 (Prop_lut3_I1_O)        0.152    81.744 r  y[7]_i_65/O
                         net (fo=7, routed)           0.688    82.432    y[7]_i_65_n_0
    SLICE_X45Y98         LUT4 (Prop_lut4_I1_O)        0.332    82.764 r  y[7]_i_160/O
                         net (fo=1, routed)           0.000    82.764    y[7]_i_160_n_0
    SLICE_X45Y98         CARRY4 (Prop_carry4_S[3]_CO[3])
                                                      0.401    83.165 r  y_reg[7]_i_64/CO[3]
                         net (fo=24, routed)          1.072    84.237    y_reg[7]_i_64_n_0
    SLICE_X44Y98         LUT3 (Prop_lut3_I1_O)        0.124    84.361 r  y[3]_i_19/O
                         net (fo=5, routed)           1.010    85.371    y[3]_i_19_n_0
    SLICE_X44Y99         LUT4 (Prop_lut4_I1_O)        0.124    85.495 r  y[7]_i_154/O
                         net (fo=1, routed)           0.000    85.495    y[7]_i_154_n_0
    SLICE_X44Y99         CARRY4 (Prop_carry4_S[1]_CO[3])
                                                      0.550    86.045 r  y_reg[7]_i_62/CO[3]
                         net (fo=16, routed)          1.555    87.600    p_4_in
    SLICE_X43Y100        LUT5 (Prop_lut5_I1_O)        0.150    87.750 r  y[1]_i_7/O
                         net (fo=6, routed)           1.001    88.751    y[1]_i_7_n_0
    SLICE_X40Y98         LUT4 (Prop_lut4_I1_O)        0.326    89.077 r  y[7]_i_81/O
                         net (fo=1, routed)           0.000    89.077    y[7]_i_81_n_0
    SLICE_X40Y98         CARRY4 (Prop_carry4_S[0]_CO[3])
                                                      0.532    89.609 r  y_reg[7]_i_22/CO[3]
                         net (fo=16, routed)          1.125    90.735    y_reg[7]_i_22_n_0
    SLICE_X39Y100        LUT3 (Prop_lut3_I1_O)        0.118    90.853 r  y[3]_i_5/O
                         net (fo=5, routed)           0.780    91.633    y[3]_i_5_n_0
    SLICE_X38Y99         LUT4 (Prop_lut4_I1_O)        0.326    91.959 r  y[7]_i_32/O
                         net (fo=1, routed)           0.000    91.959    y[7]_i_32_n_0
    SLICE_X38Y99         CARRY4 (Prop_carry4_S[1]_CO[3])
                                                      0.533    92.492 r  y_reg[7]_i_6/CO[3]
                         net (fo=8, routed)           0.791    93.283    y_reg[7]_i_6_n_0
    SLICE_X38Y100        LUT6 (Prop_lut6_I0_O)        0.124    93.407 r  y[1]_i_2/O
                         net (fo=3, routed)           1.189    94.596    y[1]_i_2_n_0
    SLICE_X39Y102        LUT4 (Prop_lut4_I0_O)        0.124    94.720 r  y[7]_i_19/O
                         net (fo=1, routed)           0.000    94.720    y[7]_i_19_n_0
    SLICE_X39Y102        CARRY4 (Prop_carry4_S[0]_CO[3])
                                                      0.532    95.252 r  y_reg[7]_i_4/CO[3]
                         net (fo=8, routed)           0.754    96.006    s1
    SLICE_X38Y102        LUT3 (Prop_lut3_I2_O)        0.124    96.130 r  y[4]_i_1/O
                         net (fo=1, routed)           0.000    96.130    y[4]_i_1_n_0
    SLICE_X38Y102        FDRE                                         r  y_reg[4]/D
  -------------------------------------------------------------------    -------------------

                         (clock vclk rise edge)     114.061   114.061 r  <hidden>
                                                      0.000   114.061 r  clk
                         net (fo=167, unset)          0.924   114.985    clk
    SLICE_X38Y102        FDRE                                         r  y_reg[4]/C
                         clock pessimism              0.000   114.985    <hidden>
                         clock uncertainty           -0.035   114.950    <hidden>
    SLICE_X38Y102        FDRE (Setup_fdre_C_D)        0.079   115.029    y_reg[4]
  -------------------------------------------------------------------
                         required time                        115.029    <hidden>
                         arrival time                         -96.130    <hidden>
  -------------------------------------------------------------------
                         slack                                 18.899    <hidden>

Slack (MET) :             18.900ns  (required time - arrival time)
  Source:                 w0_reg[3]/C
                            (rising edge-triggered cell FDRE clocked by vclk  {rise@0.000ns fall@57.030ns period=114.061ns})
  Destination:            y_reg[1]/D
                            (rising edge-triggered cell FDRE clocked by vclk  {rise@0.000ns fall@57.030ns period=114.061ns})
  Path Group:             vclk
  Path Type:              Setup (Max at Slow Process Corner)
  Requirement:            114.061ns  (vclk rise@114.061ns - vclk rise@0.000ns)
  Data Path Delay:        95.195ns  (logic 27.749ns (29.150%)  route 67.446ns (70.850%))
  Logic Levels:           90  (CARRY4=30 LUT3=14 LUT4=16 LUT5=15 LUT6=15)
  Clock Path Skew:        -0.049ns (DCD - SCD + CPR)
    Destination Clock Delay (DCD):    0.924ns = ( 114.985 - 114.061 ) 
    Source Clock Delay      (SCD):    0.973ns
    Clock Pessimism Removal (CPR):    0.000ns
  Clock Uncertainty:      0.035ns  ((TSJ^2 + TIJ^2)^1/2 + DJ) / 2 + PE
    Total System Jitter     (TSJ):    0.071ns
    Total Input Jitter      (TIJ):    0.000ns
    Discrete Jitter          (DJ):    0.000ns
    Phase Error              (PE):    0.000ns

    Location             Delay type                Incr(ns)  Path(ns)    Netlist Resource(s)
  -------------------------------------------------------------------    -------------------
                         (clock vclk rise edge)       0.000     0.000 r  <hidden>
                                                      0.000     0.000 r  clk
                         net (fo=167, unset)          0.973     0.973    clk
    SLICE_X64Y74         FDRE                                         r  w0_reg[3]/C
  -------------------------------------------------------------------    -------------------
    SLICE_X64Y74         FDRE (Prop_fdre_C_Q)         0.456     1.429 r  w0_reg[3]/Q
                         net (fo=11, routed)          1.039     2.468    w0[3]
    SLICE_X64Y72         LUT4 (Prop_lut4_I0_O)        0.124     2.592 r  y[7]_i_2014/O
                         net (fo=1, routed)           0.000     2.592    y[7]_i_2014_n_0
    SLICE_X64Y72         CARRY4 (Prop_carry4_S[1]_CO[3])
                                                      0.550     3.142 r  y_reg[7]_i_1914/CO[3]
                         net (fo=64, routed)          1.183     4.326    y_reg[7]_i_1914_n_0
    SLICE_X63Y73         LUT3 (Prop_lut3_I1_O)        0.153     4.479 r  y[7]_i_2103/O
                         net (fo=1, routed)           0.439     4.917    y[7]_i_2103_n_0
    SLICE_X63Y72         LUT6 (Prop_lut6_I1_O)        0.327     5.244 r  y[7]_i_2019/O
                         net (fo=1, routed)           0.332     5.576    y[7]_i_2019_n_0
    SLICE_X62Y72         CARRY4 (Prop_carry4_DI[0]_CO[3])
                                                      0.550     6.126 r  y_reg[7]_i_1915/CO[3]
                         net (fo=40, routed)          1.156     7.282    y_reg[7]_i_1915_n_0
    SLICE_X60Y73         LUT5 (Prop_lut5_I1_O)        0.124     7.406 r  y[7]_i_1926/O
                         net (fo=10, routed)          1.148     8.555    y[7]_i_1926_n_0
    SLICE_X61Y76         LUT4 (Prop_lut4_I0_O)        0.124     8.679 r  y[7]_i_2044/O
                         net (fo=1, routed)           0.000     8.679    y[7]_i_2044_n_0
    SLICE_X61Y76         CARRY4 (Prop_carry4_S[3]_CO[3])
                                                      0.401     9.080 r  y_reg[7]_i_1927/CO[3]
                         net (fo=64, routed)          1.298    10.378    y_reg[7]_i_1927_n_0
    SLICE_X60Y74         LUT3 (Prop_lut3_I1_O)        0.119    10.497 r  y[7]_i_2122/O
                         net (fo=1, routed)           0.312    10.809    y[7]_i_2122_n_0
    SLICE_X59Y74         LUT6 (Prop_lut6_I1_O)        0.332    11.141 r  y[7]_i_2078/O
                         net (fo=1, routed)           0.649    11.789    y[7]_i_2078_n_0
    SLICE_X60Y75         CARRY4 (Prop_carry4_DI[1]_CO[3])
                                                      0.507    12.296 r  y_reg[7]_i_1995/CO[3]
                         net (fo=16, routed)          1.043    13.339    y_reg[7]_i_1995_n_0
    SLICE_X61Y75         LUT5 (Prop_lut5_I3_O)        0.152    13.491 r  y[3]_i_228/O
                         net (fo=4, routed)           1.007    14.498    y[3]_i_228_n_0
    SLICE_X61Y77         LUT4 (Prop_lut4_I0_O)        0.326    14.824 r  y[7]_i_2062/O
                         net (fo=1, routed)           0.000    14.824    y[7]_i_2062_n_0
    SLICE_X61Y77         CARRY4 (Prop_carry4_S[1]_CO[3])
                                                      0.550    15.374 r  y_reg[7]_i_1949/CO[3]
                         net (fo=16, routed)          0.797    16.171    y_reg[7]_i_1949_n_0
    SLICE_X62Y77         LUT3 (Prop_lut3_I1_O)        0.117    16.288 r  y[3]_i_223/O
                         net (fo=6, routed)           0.988    17.276    y[3]_i_223_n_0
    SLICE_X58Y75         LUT6 (Prop_lut6_I0_O)        0.348    17.624 r  y[5]_i_347/O
                         net (fo=1, routed)           0.535    18.159    y[5]_i_347_n_0
    SLICE_X57Y75         CARRY4 (Prop_carry4_DI[1]_CO[3])
                                                      0.507    18.666 r  y_reg[5]_i_322/CO[3]
                         net (fo=32, routed)          1.136    19.801    y_reg[5]_i_322_n_0
    SLICE_X58Y77         LUT5 (Prop_lut5_I3_O)        0.150    19.951 r  y[5]_i_359/O
                         net (fo=2, routed)           0.811    20.762    y[5]_i_359_n_0
    SLICE_X56Y77         LUT4 (Prop_lut4_I0_O)        0.328    21.090 r  y[5]_i_344/O
                         net (fo=1, routed)           0.000    21.090    y[5]_i_344_n_0
    SLICE_X56Y77         CARRY4 (Prop_carry4_S[0]_CO[3])
                                                      0.532    21.622 r  y_reg[5]_i_320/CO[3]
                         net (fo=16, routed)          0.947    22.570    y_reg[5]_i_320_n_0
    SLICE_X56Y76         LUT5 (Prop_lut5_I1_O)        0.124    22.694 r  y[1]_i_210/O
                         net (fo=6, routed)           0.822    23.515    y[1]_i_210_n_0
    SLICE_X51Y75         LUT6 (Prop_lut6_I1_O)        0.124    23.639 r  y[5]_i_314/O
                         net (fo=1, routed)           0.525    24.165    y[5]_i_314_n_0
    SLICE_X52Y75         CARRY4 (Prop_carry4_DI[0]_CO[3])
                                                      0.526    24.691 r  y_reg[5]_i_283/CO[3]
                         net (fo=32, routed)          1.008    25.699    y_reg[5]_i_283_n_0
    SLICE_X53Y76         LUT5 (Prop_lut5_I3_O)        0.150    25.849 r  y[5]_i_333/O
                         net (fo=2, routed)           0.860    26.709    y[5]_i_333_n_0
    SLICE_X52Y76         LUT4 (Prop_lut4_I0_O)        0.326    27.035 r  y[5]_i_309/O
                         net (fo=1, routed)           0.000    27.035    y[5]_i_309_n_0
    SLICE_X52Y76         CARRY4 (Prop_carry4_S[1]_CO[3])
                                                      0.550    27.585 r  y_reg[5]_i_281/CO[3]
                         net (fo=16, routed)          0.948    28.533    y_reg[5]_i_281_n_0
    SLICE_X51Y76         LUT5 (Prop_lut5_I3_O)        0.120    28.653 f  y[3]_i_201/O
                         net (fo=4, routed)           1.240    29.893    y[3]_i_201_n_0
    SLICE_X54Y77         LUT6 (Prop_lut6_I3_O)        0.327    30.220 r  y[7]_i_1753/O
                         net (fo=1, routed)           0.568    30.788    y[7]_i_1753_n_0
    SLICE_X55Y77         CARRY4 (Prop_carry4_DI[1]_CO[3])
                                                      0.507    31.295 r  y_reg[7]_i_1595/CO[3]
                         net (fo=16, routed)          0.979    32.275    y_reg[7]_i_1595_n_0
    SLICE_X54Y78         LUT5 (Prop_lut5_I3_O)        0.119    32.394 f  y[7]_i_1537/O
                         net (fo=4, routed)           1.009    33.403    y[7]_i_1537_n_0
    SLICE_X54Y81         LUT6 (Prop_lut6_I3_O)        0.355    33.758 r  y[7]_i_1698/O
                         net (fo=1, routed)           0.610    34.368    y[7]_i_1698_n_0
    SLICE_X55Y81         CARRY4 (Prop_carry4_DI[3]_CO[3])
                                                      0.385    34.753 r  y_reg[7]_i_1538/CO[3]
                         net (fo=16, routed)          1.174    35.926    y_reg[7]_i_1538_n_0
    SLICE_X56Y82         LUT5 (Prop_lut5_I3_O)        0.152    36.078 f  y[3]_i_180/O
                         net (fo=4, routed)           0.767    36.845    y[3]_i_180_n_0
    SLICE_X58Y84         LUT6 (Prop_lut6_I3_O)        0.332    37.177 r  y[7]_i_1556/O
                         net (fo=1, routed)           0.568    37.745    y[7]_i_1556_n_0
    SLICE_X59Y84         CARRY4 (Prop_carry4_DI[1]_CO[3])
                                                      0.507    38.252 r  y_reg[7]_i_1356/CO[3]
                         net (fo=16, routed)          1.033    39.285    y_reg[7]_i_1356_n_0
    SLICE_X60Y84         LUT5 (Prop_lut5_I1_O)        0.124    39.409 r  y[7]_i_1141/O
                         net (fo=7, routed)           1.134    40.544    y[7]_i_1141_n_0
    SLICE_X55Y83         LUT4 (Prop_lut4_I0_O)        0.124    40.668 r  y[7]_i_1351/O
                         net (fo=1, routed)           0.000    40.668    y[7]_i_1351_n_0
    SLICE_X55Y83         CARRY4 (Prop_carry4_S[3]_CO[3])
                                                      0.401    41.069 r  y_reg[7]_i_1140/CO[3]
                         net (fo=36, routed)          1.010    42.079    y_reg[7]_i_1140_n_0
    SLICE_X55Y84         LUT3 (Prop_lut3_I1_O)        0.150    42.229 r  y[7]_i_1551/O
                         net (fo=2, routed)           0.561    42.790    y[7]_i_1551_n_0
    SLICE_X55Y82         LUT6 (Prop_lut6_I4_O)        0.332    43.122 r  y[7]_i_1340/O
                         net (fo=1, routed)           0.596    43.718    y[7]_i_1340_n_0
    SLICE_X54Y82         CARRY4 (Prop_carry4_DI[2]_CO[3])
                                                      0.404    44.122 r  y_reg[7]_i_1138/CO[3]
                         net (fo=16, routed)          0.975    45.097    y_reg[7]_i_1138_n_0
    SLICE_X55Y84         LUT5 (Prop_lut5_I1_O)        0.120    45.217 r  y[7]_i_932/O
                         net (fo=7, routed)           1.185    46.402    y[7]_i_932_n_0
    SLICE_X54Y85         LUT4 (Prop_lut4_I0_O)        0.327    46.729 r  y[7]_i_1146/O
                         net (fo=1, routed)           0.000    46.729    y[7]_i_1146_n_0
    SLICE_X54Y85         CARRY4 (Prop_carry4_S[3]_CO[3])
                                                      0.376    47.105 r  y_reg[7]_i_933/CO[3]
                         net (fo=32, routed)          1.222    48.327    y_reg[7]_i_933_n_0
    SLICE_X52Y85         LUT3 (Prop_lut3_I1_O)        0.150    48.477 r  y[1]_i_137/O
                         net (fo=4, routed)           0.811    49.288    y[1]_i_137_n_0
    SLICE_X51Y85         LUT6 (Prop_lut6_I3_O)        0.326    49.614 r  y[7]_i_1181/O
                         net (fo=1, routed)           0.398    50.012    y[7]_i_1181_n_0
    SLICE_X50Y85         CARRY4 (Prop_carry4_DI[0]_CO[3])
                                                      0.550    50.562 r  y_reg[7]_i_949/CO[3]
                         net (fo=28, routed)          1.393    51.955    y_reg[7]_i_949_n_0
    SLICE_X52Y85         LUT5 (Prop_lut5_I4_O)        0.152    52.107 r  y[7]_i_1006/O
                         net (fo=7, routed)           1.323    53.430    y[7]_i_1006_n_0
    SLICE_X54Y88         LUT4 (Prop_lut4_I2_O)        0.332    53.762 r  y[7]_i_941/O
                         net (fo=1, routed)           0.000    53.762    y[7]_i_941_n_0
    SLICE_X54Y88         CARRY4 (Prop_carry4_S[3]_CO[3])
                                                      0.376    54.138 r  y_reg[7]_i_717/CO[3]
                         net (fo=40, routed)          1.264    55.402    y_reg[7]_i_717_n_0
    SLICE_X53Y89         LUT3 (Prop_lut3_I1_O)        0.119    55.521 r  y[3]_i_92/O
                         net (fo=7, routed)           0.673    56.194    y[3]_i_92_n_0
    SLICE_X52Y89         LUT6 (Prop_lut6_I3_O)        0.332    56.526 r  y[7]_i_789/O
                         net (fo=1, routed)           0.655    57.182    y[7]_i_789_n_0
    SLICE_X52Y88         CARRY4 (Prop_carry4_DI[1]_CO[3])
                                                      0.507    57.689 r  y_reg[7]_i_581/CO[3]
                         net (fo=28, routed)          0.840    58.528    y_reg[7]_i_581_n_0
    SLICE_X51Y89         LUT3 (Prop_lut3_I1_O)        0.118    58.646 f  y[7]_i_507/O
                         net (fo=7, routed)           0.999    59.645    y[7]_i_507_n_0
    SLICE_X54Y91         LUT6 (Prop_lut6_I4_O)        0.326    59.971 r  y[7]_i_708/O
                         net (fo=1, routed)           0.610    60.581    y[7]_i_708_n_0
    SLICE_X55Y91         CARRY4 (Prop_carry4_DI[3]_CO[3])
                                                      0.385    60.966 r  y_reg[7]_i_508/CO[3]
                         net (fo=28, routed)          1.043    62.009    y_reg[7]_i_508_n_0
    SLICE_X53Y91         LUT3 (Prop_lut3_I1_O)        0.118    62.127 f  y[3]_i_60/O
                         net (fo=7, routed)           0.860    62.987    y[3]_i_60_n_0
    SLICE_X55Y93         LUT6 (Prop_lut6_I4_O)        0.326    63.313 r  y[7]_i_534/O
                         net (fo=1, routed)           0.505    63.818    y[7]_i_534_n_0
    SLICE_X55Y92         CARRY4 (Prop_carry4_DI[1]_CO[3])
                                                      0.507    64.325 r  y_reg[7]_i_350/CO[3]
                         net (fo=28, routed)          0.942    65.267    y_reg[7]_i_350_n_0
    SLICE_X55Y93         LUT5 (Prop_lut5_I4_O)        0.118    65.385 f  y[7]_i_530/O
                         net (fo=7, routed)           0.702    66.087    y[7]_i_530_n_0
    SLICE_X53Y92         LUT6 (Prop_lut6_I5_O)        0.326    66.413 r  y[7]_i_546/O
                         net (fo=1, routed)           0.404    66.816    y[7]_i_546_n_0
    SLICE_X52Y92         CARRY4 (Prop_carry4_DI[0]_CO[3])
                                                      0.526    67.342 r  y_reg[7]_i_353/CO[3]
                         net (fo=28, routed)          0.937    68.280    y_reg[7]_i_353_n_0
    SLICE_X52Y94         LUT5 (Prop_lut5_I3_O)        0.119    68.399 f  y[3]_i_77/O
                         net (fo=4, routed)           0.883    69.281    y[3]_i_77_n_0
    SLICE_X52Y94         LUT6 (Prop_lut6_I3_O)        0.332    69.613 r  y[7]_i_647/O
                         net (fo=1, routed)           0.407    70.020    y[7]_i_647_n_0
    SLICE_X53Y94         CARRY4 (Prop_carry4_DI[1]_CO[3])
                                                      0.507    70.527 r  y_reg[7]_i_430/CO[3]
                         net (fo=28, routed)          0.949    71.476    y_reg[7]_i_430_n_0
    SLICE_X53Y95         LUT5 (Prop_lut5_I3_O)        0.150    71.626 r  y[1]_i_80/O
                         net (fo=6, routed)           1.274    72.900    y[1]_i_80_n_0
    SLICE_X56Y98         LUT4 (Prop_lut4_I0_O)        0.326    73.226 r  y[7]_i_685/O
                         net (fo=1, routed)           0.000    73.226    y[7]_i_685_n_0
    SLICE_X56Y98         CARRY4 (Prop_carry4_S[0]_CO[3])
                                                      0.532    73.758 r  y_reg[7]_i_478/CO[3]
                         net (fo=16, routed)          1.342    75.100    y_reg[7]_i_478_n_0
    SLICE_X54Y98         LUT3 (Prop_lut3_I1_O)        0.150    75.250 r  y[1]_i_55/O
                         net (fo=6, routed)           1.191    76.440    y[1]_i_55_n_0
    SLICE_X51Y98         LUT4 (Prop_lut4_I1_O)        0.328    76.768 r  y[7]_i_476/O
                         net (fo=1, routed)           0.000    76.768    y[7]_i_476_n_0
    SLICE_X51Y98         CARRY4 (Prop_carry4_S[0]_CO[3])
                                                      0.532    77.300 r  y_reg[7]_i_299/CO[3]
                         net (fo=16, routed)          0.976    78.276    y_reg[7]_i_299_n_0
    SLICE_X50Y97         LUT3 (Prop_lut3_I1_O)        0.150    78.426 r  y[5]_i_34/O
                         net (fo=6, routed)           1.211    79.638    y[5]_i_34_n_0
    SLICE_X47Y100        LUT4 (Prop_lut4_I1_O)        0.328    79.966 r  y[7]_i_295/O
                         net (fo=1, routed)           0.000    79.966    y[7]_i_295_n_0
    SLICE_X47Y100        CARRY4 (Prop_carry4_S[2]_CO[3])
                                                      0.398    80.364 r  y_reg[7]_i_165/CO[3]
                         net (fo=16, routed)          1.228    81.592    y_reg[7]_i_165_n_0
    SLICE_X47Y99         LUT3 (Prop_lut3_I1_O)        0.152    81.744 r  y[7]_i_65/O
                         net (fo=7, routed)           0.688    82.432    y[7]_i_65_n_0
    SLICE_X45Y98         LUT4 (Prop_lut4_I1_O)        0.332    82.764 r  y[7]_i_160/O
                         net (fo=1, routed)           0.000    82.764    y[7]_i_160_n_0
    SLICE_X45Y98         CARRY4 (Prop_carry4_S[3]_CO[3])
                                                      0.401    83.165 r  y_reg[7]_i_64/CO[3]
                         net (fo=24, routed)          1.072    84.237    y_reg[7]_i_64_n_0
    SLICE_X44Y98         LUT3 (Prop_lut3_I1_O)        0.124    84.361 r  y[3]_i_19/O
                         net (fo=5, routed)           1.010    85.371    y[3]_i_19_n_0
    SLICE_X44Y99         LUT4 (Prop_lut4_I1_O)        0.124    85.495 r  y[7]_i_154/O
                         net (fo=1, routed)           0.000    85.495    y[7]_i_154_n_0
    SLICE_X44Y99         CARRY4 (Prop_carry4_S[1]_CO[3])
                                                      0.550    86.045 r  y_reg[7]_i_62/CO[3]
                         net (fo=16, routed)          1.555    87.600    p_4_in
    SLICE_X43Y100        LUT5 (Prop_lut5_I1_O)        0.150    87.750 r  y[1]_i_7/O
                         net (fo=6, routed)           1.001    88.751    y[1]_i_7_n_0
    SLICE_X40Y98         LUT4 (Prop_lut4_I1_O)        0.326    89.077 r  y[7]_i_81/O
                         net (fo=1, routed)           0.000    89.077    y[7]_i_81_n_0
    SLICE_X40Y98         CARRY4 (Prop_carry4_S[0]_CO[3])
                                                      0.532    89.609 r  y_reg[7]_i_22/CO[3]
                         net (fo=16, routed)          1.125    90.735    y_reg[7]_i_22_n_0
    SLICE_X39Y100        LUT3 (Prop_lut3_I1_O)        0.118    90.853 r  y[3]_i_5/O
                         net (fo=5, routed)           0.780    91.633    y[3]_i_5_n_0
    SLICE_X38Y99         LUT4 (Prop_lut4_I1_O)        0.326    91.959 r  y[7]_i_32/O
                         net (fo=1, routed)           0.000    91.959    y[7]_i_32_n_0
    SLICE_X38Y99         CARRY4 (Prop_carry4_S[1]_CO[3])
                                                      0.533    92.492 r  y_reg[7]_i_6/CO[3]
                         net (fo=8, routed)           0.791    93.283    y_reg[7]_i_6_n_0
    SLICE_X38Y100        LUT6 (Prop_lut6_I0_O)        0.124    93.407 r  y[1]_i_2/O
                         net (fo=3, routed)           1.189    94.596    y[1]_i_2_n_0
    SLICE_X39Y102        LUT4 (Prop_lut4_I0_O)        0.124    94.720 r  y[7]_i_19/O
                         net (fo=1, routed)           0.000    94.720    y[7]_i_19_n_0
    SLICE_X39Y102        CARRY4 (Prop_carry4_S[0]_CO[3])
                                                      0.532    95.252 r  y_reg[7]_i_4/CO[3]
                         net (fo=8, routed)           0.799    96.052    s1
    SLICE_X38Y102        LUT3 (Prop_lut3_I1_O)        0.116    96.168 r  y[1]_i_1/O
                         net (fo=1, routed)           0.000    96.168    y[1]_i_1_n_0
    SLICE_X38Y102        FDRE                                         r  y_reg[1]/D
  -------------------------------------------------------------------    -------------------

                         (clock vclk rise edge)     114.061   114.061 r  <hidden>
                                                      0.000   114.061 r  clk
                         net (fo=167, unset)          0.924   114.985    clk
    SLICE_X38Y102        FDRE                                         r  y_reg[1]/C
                         clock pessimism              0.000   114.985    <hidden>
                         clock uncertainty           -0.035   114.950    <hidden>
    SLICE_X38Y102        FDRE (Setup_fdre_C_D)        0.118   115.068    y_reg[1]
  -------------------------------------------------------------------
                         required time                        115.068    <hidden>
                         arrival time                         -96.168    <hidden>
  -------------------------------------------------------------------
                         slack                                 18.900    <hidden>

Slack (MET) :             18.939ns  (required time - arrival time)
  Source:                 w0_reg[3]/C
                            (rising edge-triggered cell FDRE clocked by vclk  {rise@0.000ns fall@57.030ns period=114.061ns})
  Destination:            y_reg[7]/D
                            (rising edge-triggered cell FDRE clocked by vclk  {rise@0.000ns fall@57.030ns period=114.061ns})
  Path Group:             vclk
  Path Type:              Setup (Max at Slow Process Corner)
  Requirement:            114.061ns  (vclk rise@114.061ns - vclk rise@0.000ns)
  Data Path Delay:        95.156ns  (logic 27.752ns (29.165%)  route 67.404ns (70.835%))
  Logic Levels:           90  (CARRY4=30 LUT3=14 LUT4=16 LUT5=15 LUT6=15)
  Clock Path Skew:        -0.049ns (DCD - SCD + CPR)
    Destination Clock Delay (DCD):    0.924ns = ( 114.985 - 114.061 ) 
    Source Clock Delay      (SCD):    0.973ns
    Clock Pessimism Removal (CPR):    0.000ns
  Clock Uncertainty:      0.035ns  ((TSJ^2 + TIJ^2)^1/2 + DJ) / 2 + PE
    Total System Jitter     (TSJ):    0.071ns
    Total Input Jitter      (TIJ):    0.000ns
    Discrete Jitter          (DJ):    0.000ns
    Phase Error              (PE):    0.000ns

    Location             Delay type                Incr(ns)  Path(ns)    Netlist Resource(s)
  -------------------------------------------------------------------    -------------------
                         (clock vclk rise edge)       0.000     0.000 r  <hidden>
                                                      0.000     0.000 r  clk
                         net (fo=167, unset)          0.973     0.973    clk
    SLICE_X64Y74         FDRE                                         r  w0_reg[3]/C
  -------------------------------------------------------------------    -------------------
    SLICE_X64Y74         FDRE (Prop_fdre_C_Q)         0.456     1.429 r  w0_reg[3]/Q
                         net (fo=11, routed)          1.039     2.468    w0[3]
    SLICE_X64Y72         LUT4 (Prop_lut4_I0_O)        0.124     2.592 r  y[7]_i_2014/O
                         net (fo=1, routed)           0.000     2.592    y[7]_i_2014_n_0
    SLICE_X64Y72         CARRY4 (Prop_carry4_S[1]_CO[3])
                                                      0.550     3.142 r  y_reg[7]_i_1914/CO[3]
                         net (fo=64, routed)          1.183     4.326    y_reg[7]_i_1914_n_0
    SLICE_X63Y73         LUT3 (Prop_lut3_I1_O)        0.153     4.479 r  y[7]_i_2103/O
                         net (fo=1, routed)           0.439     4.917    y[7]_i_2103_n_0
    SLICE_X63Y72         LUT6 (Prop_lut6_I1_O)        0.327     5.244 r  y[7]_i_2019/O
                         net (fo=1, routed)           0.332     5.576    y[7]_i_2019_n_0
    SLICE_X62Y72         CARRY4 (Prop_carry4_DI[0]_CO[3])
                                                      0.550     6.126 r  y_reg[7]_i_1915/CO[3]
                         net (fo=40, routed)          1.156     7.282    y_reg[7]_i_1915_n_0
    SLICE_X60Y73         LUT5 (Prop_lut5_I1_O)        0.124     7.406 r  y[7]_i_1926/O
                         net (fo=10, routed)          1.148     8.555    y[7]_i_1926_n_0
    SLICE_X61Y76         LUT4 (Prop_lut4_I0_O)        0.124     8.679 r  y[7]_i_2044/O
                         net (fo=1, routed)           0.000     8.679    y[7]_i_2044_n_0
    SLICE_X61Y76         CARRY4 (Prop_carry4_S[3]_CO[3])
                                                      0.401     9.080 r  y_reg[7]_i_1927/CO[3]
                         net (fo=64, routed)          1.298    10.378    y_reg[7]_i_1927_n_0
    SLICE_X60Y74         LUT3 (Prop_lut3_I1_O)        0.119    10.497 r  y[7]_i_2122/O
                         net (fo=1, routed)           0.312    10.809    y[7]_i_2122_n_0
    SLICE_X59Y74         LUT6 (Prop_lut6_I1_O)        0.332    11.141 r  y[7]_i_2078/O
                         net (fo=1, routed)           0.649    11.789    y[7]_i_2078_n_0
    SLICE_X60Y75         CARRY4 (Prop_carry4_DI[1]_CO[3])
                                                      0.507    12.296 r  y_reg[7]_i_1995/CO[3]
                         net (fo=16, routed)          1.043    13.339    y_reg[7]_i_1995_n_0
    SLICE_X61Y75         LUT5 (Prop_lut5_I3_O)        0.152    13.491 r  y[3]_i_228/O
                         net (fo=4, routed)           1.007    14.498    y[3]_i_228_n_0
    SLICE_X61Y77         LUT4 (Prop_lut4_I0_O)        0.326    14.824 r  y[7]_i_2062/O
                         net (fo=1, routed)           0.000    14.824    y[7]_i_2062_n_0
    SLICE_X61Y77         CARRY4 (Prop_carry4_S[1]_CO[3])
                                                      0.550    15.374 r  y_reg[7]_i_1949/CO[3]
                         net (fo=16, routed)          0.797    16.171    y_reg[7]_i_1949_n_0
    SLICE_X62Y77         LUT3 (Prop_lut3_I1_O)        0.117    16.288 r  y[3]_i_223/O
                         net (fo=6, routed)           0.988    17.276    y[3]_i_223_n_0
    SLICE_X58Y75         LUT6 (Prop_lut6_I0_O)        0.348    17.624 r  y[5]_i_347/O
                         net (fo=1, routed)           0.535    18.159    y[5]_i_347_n_0
    SLICE_X57Y75         CARRY4 (Prop_carry4_DI[1]_CO[3])
                                                      0.507    18.666 r  y_reg[5]_i_322/CO[3]
                         net (fo=32, routed)          1.136    19.801    y_reg[5]_i_322_n_0
    SLICE_X58Y77         LUT5 (Prop_lut5_I3_O)        0.150    19.951 r  y[5]_i_359/O
                         net (fo=2, routed)           0.811    20.762    y[5]_i_359_n_0
    SLICE_X56Y77         LUT4 (Prop_lut4_I0_O)        0.328    21.090 r  y[5]_i_344/O
                         net (fo=1, routed)           0.000    21.090    y[5]_i_344_n_0
    SLICE_X56Y77         CARRY4 (Prop_carry4_S[0]_CO[3])
                                                      0.532    21.622 r  y_reg[5]_i_320/CO[3]
                         net (fo=16, routed)          0.947    22.570    y_reg[5]_i_320_n_0
    SLICE_X56Y76         LUT5 (Prop_lut5_I1_O)        0.124    22.694 r  y[1]_i_210/O
                         net (fo=6, routed)           0.822    23.515    y[1]_i_210_n_0
    SLICE_X51Y75         LUT6 (Prop_lut6_I1_O)        0.124    23.639 r  y[5]_i_314/O
                         net (fo=1, routed)           0.525    24.165    y[5]_i_314_n_0
    SLICE_X52Y75         CARRY4 (Prop_carry4_DI[0]_CO[3])
                                                      0.526    24.691 r  y_reg[5]_i_283/CO[3]
                         net (fo=32, routed)          1.008    25.699    y_reg[5]_i_283_n_0
    SLICE_X53Y76         LUT5 (Prop_lut5_I3_O)        0.150    25.849 r  y[5]_i_333/O
                         net (fo=2, routed)           0.860    26.709    y[5]_i_333_n_0
    SLICE_X52Y76         LUT4 (Prop_lut4_I0_O)        0.326    27.035 r  y[5]_i_309/O
                         net (fo=1, routed)           0.000    27.035    y[5]_i_309_n_0
    SLICE_X52Y76         CARRY4 (Prop_carry4_S[1]_CO[3])
                                                      0.550    27.585 r  y_reg[5]_i_281/CO[3]
                         net (fo=16, routed)          0.948    28.533    y_reg[5]_i_281_n_0
    SLICE_X51Y76         LUT5 (Prop_lut5_I3_O)        0.120    28.653 f  y[3]_i_201/O
                         net (fo=4, routed)           1.240    29.893    y[3]_i_201_n_0
    SLICE_X54Y77         LUT6 (Prop_lut6_I3_O)        0.327    30.220 r  y[7]_i_1753/O
                         net (fo=1, routed)           0.568    30.788    y[7]_i_1753_n_0
    SLICE_X55Y77         CARRY4 (Prop_carry4_DI[1]_CO[3])
                                                      0.507    31.295 r  y_reg[7]_i_1595/CO[3]
                         net (fo=16, routed)          0.979    32.275    y_reg[7]_i_1595_n_0
    SLICE_X54Y78         LUT5 (Prop_lut5_I3_O)        0.119    32.394 f  y[7]_i_1537/O
                         net (fo=4, routed)           1.009    33.403    y[7]_i_1537_n_0
    SLICE_X54Y81         LUT6 (Prop_lut6_I3_O)        0.355    33.758 r  y[7]_i_1698/O
                         net (fo=1, routed)           0.610    34.368    y[7]_i_1698_n_0
    SLICE_X55Y81         CARRY4 (Prop_carry4_DI[3]_CO[3])
                                                      0.385    34.753 r  y_reg[7]_i_1538/CO[3]
                         net (fo=16, routed)          1.174    35.926    y_reg[7]_i_1538_n_0
    SLICE_X56Y82         LUT5 (Prop_lut5_I3_O)        0.152    36.078 f  y[3]_i_180/O
                         net (fo=4, routed)           0.767    36.845    y[3]_i_180_n_0
    SLICE_X58Y84         LUT6 (Prop_lut6_I3_O)        0.332    37.177 r  y[7]_i_1556/O
                         net (fo=1, routed)           0.568    37.745    y[7]_i_1556_n_0
    SLICE_X59Y84         CARRY4 (Prop_carry4_DI[1]_CO[3])
                                                      0.507    38.252 r  y_reg[7]_i_1356/CO[3]
                         net (fo=16, routed)          1.033    39.285    y_reg[7]_i_1356_n_0
    SLICE_X60Y84         LUT5 (Prop_lut5_I1_O)        0.124    39.409 r  y[7]_i_1141/O
                         net (fo=7, routed)           1.134    40.544    y[7]_i_1141_n_0
    SLICE_X55Y83         LUT4 (Prop_lut4_I0_O)        0.124    40.668 r  y[7]_i_1351/O
                         net (fo=1, routed)           0.000    40.668    y[7]_i_1351_n_0
    SLICE_X55Y83         CARRY4 (Prop_carry4_S[3]_CO[3])
                                                      0.401    41.069 r  y_reg[7]_i_1140/CO[3]
                         net (fo=36, routed)          1.010    42.079    y_reg[7]_i_1140_n_0
    SLICE_X55Y84         LUT3 (Prop_lut3_I1_O)        0.150    42.229 r  y[7]_i_1551/O
                         net (fo=2, routed)           0.561    42.790    y[7]_i_1551_n_0
    SLICE_X55Y82         LUT6 (Prop_lut6_I4_O)        0.332    43.122 r  y[7]_i_1340/O
                         net (fo=1, routed)           0.596    43.718    y[7]_i_1340_n_0
    SLICE_X54Y82         CARRY4 (Prop_carry4_DI[2]_CO[3])
                                                      0.404    44.122 r  y_reg[7]_i_1138/CO[3]
                         net (fo=16, routed)          0.975    45.097    y_reg[7]_i_1138_n_0
    SLICE_X55Y84         LUT5 (Prop_lut5_I1_O)        0.120    45.217 r  y[7]_i_932/O
                         net (fo=7, routed)           1.185    46.402    y[7]_i_932_n_0
    SLICE_X54Y85         LUT4 (Prop_lut4_I0_O)        0.327    46.729 r  y[7]_i_1146/O
                         net (fo=1, routed)           0.000    46.729    y[7]_i_1146_n_0
    SLICE_X54Y85         CARRY4 (Prop_carry4_S[3]_CO[3])
                                                      0.376    47.105 r  y_reg[7]_i_933/CO[3]
                         net (fo=32, routed)          1.222    48.327    y_reg[7]_i_933_n_0
    SLICE_X52Y85         LUT3 (Prop_lut3_I1_O)        0.150    48.477 r  y[1]_i_137/O
                         net (fo=4, routed)           0.811    49.288    y[1]_i_137_n_0
    SLICE_X51Y85         LUT6 (Prop_lut6_I3_O)        0.326    49.614 r  y[7]_i_1181/O
                         net (fo=1, routed)           0.398    50.012    y[7]_i_1181_n_0
    SLICE_X50Y85         CARRY4 (Prop_carry4_DI[0]_CO[3])
                                                      0.550    50.562 r  y_reg[7]_i_949/CO[3]
                         net (fo=28, routed)          1.393    51.955    y_reg[7]_i_949_n_0
    SLICE_X52Y85         LUT5 (Prop_lut5_I4_O)        0.152    52.107 r  y[7]_i_1006/O
                         net (fo=7, routed)           1.323    53.430    y[7]_i_1006_n_0
    SLICE_X54Y88         LUT4 (Prop_lut4_I2_O)        0.332    53.762 r  y[7]_i_941/O
                         net (fo=1, routed)           0.000    53.762    y[7]_i_941_n_0
    SLICE_X54Y88         CARRY4 (Prop_carry4_S[3]_CO[3])
                                                      0.376    54.138 r  y_reg[7]_i_717/CO[3]
                         net (fo=40, routed)          1.264    55.402    y_reg[7]_i_717_n_0
    SLICE_X53Y89         LUT3 (Prop_lut3_I1_O)        0.119    55.521 r  y[3]_i_92/O
                         net (fo=7, routed)           0.673    56.194    y[3]_i_92_n_0
    SLICE_X52Y89         LUT6 (Prop_lut6_I3_O)        0.332    56.526 r  y[7]_i_789/O
                         net (fo=1, routed)           0.655    57.182    y[7]_i_789_n_0
    SLICE_X52Y88         CARRY4 (Prop_carry4_DI[1]_CO[3])
                                                      0.507    57.689 r  y_reg[7]_i_581/CO[3]
                         net (fo=28, routed)          0.840    58.528    y_reg[7]_i_581_n_0
    SLICE_X51Y89         LUT3 (Prop_lut3_I1_O)        0.118    58.646 f  y[7]_i_507/O
                         net (fo=7, routed)           0.999    59.645    y[7]_i_507_n_0
    SLICE_X54Y91         LUT6 (Prop_lut6_I4_O)        0.326    59.971 r  y[7]_i_708/O
                         net (fo=1, routed)           0.610    60.581    y[7]_i_708_n_0
    SLICE_X55Y91         CARRY4 (Prop_carry4_DI[3]_CO[3])
                                                      0.385    60.966 r  y_reg[7]_i_508/CO[3]
                         net (fo=28, routed)          1.043    62.009    y_reg[7]_i_508_n_0
    SLICE_X53Y91         LUT3 (Prop_lut3_I1_O)        0.118    62.127 f  y[3]_i_60/O
                         net (fo=7, routed)           0.860    62.987    y[3]_i_60_n_0
    SLICE_X55Y93         LUT6 (Prop_lut6_I4_O)        0.326    63.313 r  y[7]_i_534/O
                         net (fo=1, routed)           0.505    63.818    y[7]_i_534_n_0
    SLICE_X55Y92         CARRY4 (Prop_carry4_DI[1]_CO[3])
                                                      0.507    64.325 r  y_reg[7]_i_350/CO[3]
                         net (fo=28, routed)          0.942    65.267    y_reg[7]_i_350_n_0
    SLICE_X55Y93         LUT5 (Prop_lut5_I4_O)        0.118    65.385 f  y[7]_i_530/O
                         net (fo=7, routed)           0.702    66.087    y[7]_i_530_n_0
    SLICE_X53Y92         LUT6 (Prop_lut6_I5_O)        0.326    66.413 r  y[7]_i_546/O
                         net (fo=1, routed)           0.404    66.816    y[7]_i_546_n_0
    SLICE_X52Y92         CARRY4 (Prop_carry4_DI[0]_CO[3])
                                                      0.526    67.342 r  y_reg[7]_i_353/CO[3]
                         net (fo=28, routed)          0.937    68.280    y_reg[7]_i_353_n_0
    SLICE_X52Y94         LUT5 (Prop_lut5_I3_O)        0.119    68.399 f  y[3]_i_77/O
                         net (fo=4, routed)           0.883    69.281    y[3]_i_77_n_0
    SLICE_X52Y94         LUT6 (Prop_lut6_I3_O)        0.332    69.613 r  y[7]_i_647/O
                         net (fo=1, routed)           0.407    70.020    y[7]_i_647_n_0
    SLICE_X53Y94         CARRY4 (Prop_carry4_DI[1]_CO[3])
                                                      0.507    70.527 r  y_reg[7]_i_430/CO[3]
                         net (fo=28, routed)          0.949    71.476    y_reg[7]_i_430_n_0
    SLICE_X53Y95         LUT5 (Prop_lut5_I3_O)        0.150    71.626 r  y[1]_i_80/O
                         net (fo=6, routed)           1.274    72.900    y[1]_i_80_n_0
    SLICE_X56Y98         LUT4 (Prop_lut4_I0_O)        0.326    73.226 r  y[7]_i_685/O
                         net (fo=1, routed)           0.000    73.226    y[7]_i_685_n_0
    SLICE_X56Y98         CARRY4 (Prop_carry4_S[0]_CO[3])
                                                      0.532    73.758 r  y_reg[7]_i_478/CO[3]
                         net (fo=16, routed)          1.342    75.100    y_reg[7]_i_478_n_0
    SLICE_X54Y98         LUT3 (Prop_lut3_I1_O)        0.150    75.250 r  y[1]_i_55/O
                         net (fo=6, routed)           1.191    76.440    y[1]_i_55_n_0
    SLICE_X51Y98         LUT4 (Prop_lut4_I1_O)        0.328    76.768 r  y[7]_i_476/O
                         net (fo=1, routed)           0.000    76.768    y[7]_i_476_n_0
    SLICE_X51Y98         CARRY4 (Prop_carry4_S[0]_CO[3])
                                                      0.532    77.300 r  y_reg[7]_i_299/CO[3]
                         net (fo=16, routed)          0.976    78.276    y_reg[7]_i_299_n_0
    SLICE_X50Y97         LUT3 (Prop_lut3_I1_O)        0.150    78.426 r  y[5]_i_34/O
                         net (fo=6, routed)           1.211    79.638    y[5]_i_34_n_0
    SLICE_X47Y100        LUT4 (Prop_lut4_I1_O)        0.328    79.966 r  y[7]_i_295/O
                         net (fo=1, routed)           0.000    79.966    y[7]_i_295_n_0
    SLICE_X47Y100        CARRY4 (Prop_carry4_S[2]_CO[3])
                                                      0.398    80.364 r  y_reg[7]_i_165/CO[3]
                         net (fo=16, routed)          1.228    81.592    y_reg[7]_i_165_n_0
    SLICE_X47Y99         LUT3 (Prop_lut3_I1_O)        0.152    81.744 r  y[7]_i_65/O
                         net (fo=7, routed)           0.688    82.432    y[7]_i_65_n_0
    SLICE_X45Y98         LUT4 (Prop_lut4_I1_O)        0.332    82.764 r  y[7]_i_160/O
                         net (fo=1, routed)           0.000    82.764    y[7]_i_160_n_0
    SLICE_X45Y98         CARRY4 (Prop_carry4_S[3]_CO[3])
                                                      0.401    83.165 r  y_reg[7]_i_64/CO[3]
                         net (fo=24, routed)          1.072    84.237    y_reg[7]_i_64_n_0
    SLICE_X44Y98         LUT3 (Prop_lut3_I1_O)        0.124    84.361 r  y[3]_i_19/O
                         net (fo=5, routed)           1.010    85.371    y[3]_i_19_n_0
    SLICE_X44Y99         LUT4 (Prop_lut4_I1_O)        0.124    85.495 r  y[7]_i_154/O
                         net (fo=1, routed)           0.000    85.495    y[7]_i_154_n_0
    SLICE_X44Y99         CARRY4 (Prop_carry4_S[1]_CO[3])
                                                      0.550    86.045 r  y_reg[7]_i_62/CO[3]
                         net (fo=16, routed)          1.555    87.600    p_4_in
    SLICE_X43Y100        LUT5 (Prop_lut5_I1_O)        0.150    87.750 r  y[1]_i_7/O
                         net (fo=6, routed)           1.001    88.751    y[1]_i_7_n_0
    SLICE_X40Y98         LUT4 (Prop_lut4_I1_O)        0.326    89.077 r  y[7]_i_81/O
                         net (fo=1, routed)           0.000    89.077    y[7]_i_81_n_0
    SLICE_X40Y98         CARRY4 (Prop_carry4_S[0]_CO[3])
                                                      0.532    89.609 r  y_reg[7]_i_22/CO[3]
                         net (fo=16, routed)          1.125    90.735    y_reg[7]_i_22_n_0
    SLICE_X39Y100        LUT3 (Prop_lut3_I1_O)        0.118    90.853 r  y[3]_i_5/O
                         net (fo=5, routed)           0.780    91.633    y[3]_i_5_n_0
    SLICE_X38Y99         LUT4 (Prop_lut4_I1_O)        0.326    91.959 r  y[7]_i_32/O
                         net (fo=1, routed)           0.000    91.959    y[7]_i_32_n_0
    SLICE_X38Y99         CARRY4 (Prop_carry4_S[1]_CO[3])
                                                      0.533    92.492 r  y_reg[7]_i_6/CO[3]
                         net (fo=8, routed)           0.791    93.283    y_reg[7]_i_6_n_0
    SLICE_X38Y100        LUT6 (Prop_lut6_I0_O)        0.124    93.407 r  y[1]_i_2/O
                         net (fo=3, routed)           1.189    94.596    y[1]_i_2_n_0
    SLICE_X39Y102        LUT4 (Prop_lut4_I0_O)        0.124    94.720 r  y[7]_i_19/O
                         net (fo=1, routed)           0.000    94.720    y[7]_i_19_n_0
    SLICE_X39Y102        CARRY4 (Prop_carry4_S[0]_CO[3])
                                                      0.532    95.252 r  y_reg[7]_i_4/CO[3]
                         net (fo=8, routed)           0.758    96.010    s1
    SLICE_X38Y102        LUT3 (Prop_lut3_I1_O)        0.119    96.129 r  y[7]_i_2/O
                         net (fo=1, routed)           0.000    96.129    y[7]_i_2_n_0
    SLICE_X38Y102        FDRE                                         r  y_reg[7]/D
  -------------------------------------------------------------------    -------------------

                         (clock vclk rise edge)     114.061   114.061 r  <hidden>
                                                      0.000   114.061 r  clk
                         net (fo=167, unset)          0.924   114.985    clk
    SLICE_X38Y102        FDRE                                         r  y_reg[7]/C
                         clock pessimism              0.000   114.985    <hidden>
                         clock uncertainty           -0.035   114.950    <hidden>
    SLICE_X38Y102        FDRE (Setup_fdre_C_D)        0.118   115.068    y_reg[7]
  -------------------------------------------------------------------
                         required time                        115.068    <hidden>
                         arrival time                         -96.129    <hidden>
  -------------------------------------------------------------------
                         slack                                 18.939    <hidden>

Slack (MET) :             18.945ns  (required time - arrival time)
  Source:                 w0_reg[3]/C
                            (rising edge-triggered cell FDRE clocked by vclk  {rise@0.000ns fall@57.030ns period=114.061ns})
  Destination:            y_reg[5]/D
                            (rising edge-triggered cell FDRE clocked by vclk  {rise@0.000ns fall@57.030ns period=114.061ns})
  Path Group:             vclk
  Path Type:              Setup (Max at Slow Process Corner)
  Requirement:            114.061ns  (vclk rise@114.061ns - vclk rise@0.000ns)
  Data Path Delay:        95.150ns  (logic 27.750ns (29.165%)  route 67.400ns (70.835%))
  Logic Levels:           90  (CARRY4=30 LUT3=14 LUT4=16 LUT5=15 LUT6=15)
  Clock Path Skew:        -0.049ns (DCD - SCD + CPR)
    Destination Clock Delay (DCD):    0.924ns = ( 114.985 - 114.061 ) 
    Source Clock Delay      (SCD):    0.973ns
    Clock Pessimism Removal (CPR):    0.000ns
  Clock Uncertainty:      0.035ns  ((TSJ^2 + TIJ^2)^1/2 + DJ) / 2 + PE
    Total System Jitter     (TSJ):    0.071ns
    Total Input Jitter      (TIJ):    0.000ns
    Discrete Jitter          (DJ):    0.000ns
    Phase Error              (PE):    0.000ns

    Location             Delay type                Incr(ns)  Path(ns)    Netlist Resource(s)
  -------------------------------------------------------------------    -------------------
                         (clock vclk rise edge)       0.000     0.000 r  <hidden>
                                                      0.000     0.000 r  clk
                         net (fo=167, unset)          0.973     0.973    clk
    SLICE_X64Y74         FDRE                                         r  w0_reg[3]/C
  -------------------------------------------------------------------    -------------------
    SLICE_X64Y74         FDRE (Prop_fdre_C_Q)         0.456     1.429 r  w0_reg[3]/Q
                         net (fo=11, routed)          1.039     2.468    w0[3]
    SLICE_X64Y72         LUT4 (Prop_lut4_I0_O)        0.124     2.592 r  y[7]_i_2014/O
                         net (fo=1, routed)           0.000     2.592    y[7]_i_2014_n_0
    SLICE_X64Y72         CARRY4 (Prop_carry4_S[1]_CO[3])
                                                      0.550     3.142 r  y_reg[7]_i_1914/CO[3]
                         net (fo=64, routed)          1.183     4.326    y_reg[7]_i_1914_n_0
    SLICE_X63Y73         LUT3 (Prop_lut3_I1_O)        0.153     4.479 r  y[7]_i_2103/O
                         net (fo=1, routed)           0.439     4.917    y[7]_i_2103_n_0
    SLICE_X63Y72         LUT6 (Prop_lut6_I1_O)        0.327     5.244 r  y[7]_i_2019/O
                         net (fo=1, routed)           0.332     5.576    y[7]_i_2019_n_0
    SLICE_X62Y72         CARRY4 (Prop_carry4_DI[0]_CO[3])
                                                      0.550     6.126 r  y_reg[7]_i_1915/CO[3]
                         net (fo=40, routed)          1.156     7.282    y_reg[7]_i_1915_n_0
    SLICE_X60Y73         LUT5 (Prop_lut5_I1_O)        0.124     7.406 r  y[7]_i_1926/O
                         net (fo=10, routed)          1.148     8.555    y[7]_i_1926_n_0
    SLICE_X61Y76         LUT4 (Prop_lut4_I0_O)        0.124     8.679 r  y[7]_i_2044/O
                         net (fo=1, routed)           0.000     8.679    y[7]_i_2044_n_0
    SLICE_X61Y76         CARRY4 (Prop_carry4_S[3]_CO[3])
                                                      0.401     9.080 r  y_reg[7]_i_1927/CO[3]
                         net (fo=64, routed)          1.298    10.378    y_reg[7]_i_1927_n_0
    SLICE_X60Y74         LUT3 (Prop_lut3_I1_O)        0.119    10.497 r  y[7]_i_2122/O
                         net (fo=1, routed)           0.312    10.809    y[7]_i_2122_n_0
    SLICE_X59Y74         LUT6 (Prop_lut6_I1_O)        0.332    11.141 r  y[7]_i_2078/O
                         net (fo=1, routed)           0.649    11.789    y[7]_i_2078_n_0
    SLICE_X60Y75         CARRY4 (Prop_carry4_DI[1]_CO[3])
                                                      0.507    12.296 r  y_reg[7]_i_1995/CO[3]
                         net (fo=16, routed)          1.043    13.339    y_reg[7]_i_1995_n_0
    SLICE_X61Y75         LUT5 (Prop_lut5_I3_O)        0.152    13.491 r  y[3]_i_228/O
                         net (fo=4, routed)           1.007    14.498    y[3]_i_228_n_0
    SLICE_X61Y77         LUT4 (Prop_lut4_I0_O)        0.326    14.824 r  y[7]_i_2062/O
                         net (fo=1, routed)           0.000    14.824    y[7]_i_2062_n_0
    SLICE_X61Y77         CARRY4 (Prop_carry4_S[1]_CO[3])
                                                      0.550    15.374 r  y_reg[7]_i_1949/CO[3]
                         net (fo=16, routed)          0.797    16.171    y_reg[7]_i_1949_n_0
    SLICE_X62Y77         LUT3 (Prop_lut3_I1_O)        0.117    16.288 r  y[3]_i_223/O
                         net (fo=6, routed)           0.988    17.276    y[3]_i_223_n_0
    SLICE_X58Y75         LUT6 (Prop_lut6_I0_O)        0.348    17.624 r  y[5]_i_347/O
                         net (fo=1, routed)           0.535    18.159    y[5]_i_347_n_0
    SLICE_X57Y75         CARRY4 (Prop_carry4_DI[1]_CO[3])
                                                      0.507    18.666 r  y_reg[5]_i_322/CO[3]
                         net (fo=32, routed)          1.136    19.801    y_reg[5]_i_322_n_0
    SLICE_X58Y77         LUT5 (Prop_lut5_I3_O)        0.150    19.951 r  y[5]_i_359/O
                         net (fo=2, routed)           0.811    20.762    y[5]_i_359_n_0
    SLICE_X56Y77         LUT4 (Prop_lut4_I0_O)        0.328    21.090 r  y[5]_i_344/O
                         net (fo=1, routed)           0.000    21.090    y[5]_i_344_n_0
    SLICE_X56Y77         CARRY4 (Prop_carry4_S[0]_CO[3])
                                                      0.532    21.622 r  y_reg[5]_i_320/CO[3]
                         net (fo=16, routed)          0.947    22.570    y_reg[5]_i_320_n_0
    SLICE_X56Y76         LUT5 (Prop_lut5_I1_O)        0.124    22.694 r  y[1]_i_210/O
                         net (fo=6, routed)           0.822    23.515    y[1]_i_210_n_0
    SLICE_X51Y75         LUT6 (Prop_lut6_I1_O)        0.124    23.639 r  y[5]_i_314/O
                         net (fo=1, routed)           0.525    24.165    y[5]_i_314_n_0
    SLICE_X52Y75         CARRY4 (Prop_carry4_DI[0]_CO[3])
                                                      0.526    24.691 r  y_reg[5]_i_283/CO[3]
                         net (fo=32, routed)          1.008    25.699    y_reg[5]_i_283_n_0
    SLICE_X53Y76         LUT5 (Prop_lut5_I3_O)        0.150    25.849 r  y[5]_i_333/O
                         net (fo=2, routed)           0.860    26.709    y[5]_i_333_n_0
    SLICE_X52Y76         LUT4 (Prop_lut4_I0_O)        0.326    27.035 r  y[5]_i_309/O
                         net (fo=1, routed)           0.000    27.035    y[5]_i_309_n_0
    SLICE_X52Y76         CARRY4 (Prop_carry4_S[1]_CO[3])
                                                      0.550    27.585 r  y_reg[5]_i_281/CO[3]
                         net (fo=16, routed)          0.948    28.533    y_reg[5]_i_281_n_0
    SLICE_X51Y76         LUT5 (Prop_lut5_I3_O)        0.120    28.653 f  y[3]_i_201/O
                         net (fo=4, routed)           1.240    29.893    y[3]_i_201_n_0
    SLICE_X54Y77         LUT6 (Prop_lut6_I3_O)        0.327    30.220 r  y[7]_i_1753/O
                         net (fo=1, routed)           0.568    30.788    y[7]_i_1753_n_0
    SLICE_X55Y77         CARRY4 (Prop_carry4_DI[1]_CO[3])
                                                      0.507    31.295 r  y_reg[7]_i_1595/CO[3]
                         net (fo=16, routed)          0.979    32.275    y_reg[7]_i_1595_n_0
    SLICE_X54Y78         LUT5 (Prop_lut5_I3_O)        0.119    32.394 f  y[7]_i_1537/O
                         net (fo=4, routed)           1.009    33.403    y[7]_i_1537_n_0
    SLICE_X54Y81         LUT6 (Prop_lut6_I3_O)        0.355    33.758 r  y[7]_i_1698/O
                         net (fo=1, routed)           0.610    34.368    y[7]_i_1698_n_0
    SLICE_X55Y81         CARRY4 (Prop_carry4_DI[3]_CO[3])
                                                      0.385    34.753 r  y_reg[7]_i_1538/CO[3]
                         net (fo=16, routed)          1.174    35.926    y_reg[7]_i_1538_n_0
    SLICE_X56Y82         LUT5 (Prop_lut5_I3_O)        0.152    36.078 f  y[3]_i_180/O
                         net (fo=4, routed)           0.767    36.845    y[3]_i_180_n_0
    SLICE_X58Y84         LUT6 (Prop_lut6_I3_O)        0.332    37.177 r  y[7]_i_1556/O
                         net (fo=1, routed)           0.568    37.745    y[7]_i_1556_n_0
    SLICE_X59Y84         CARRY4 (Prop_carry4_DI[1]_CO[3])
                                                      0.507    38.252 r  y_reg[7]_i_1356/CO[3]
                         net (fo=16, routed)          1.033    39.285    y_reg[7]_i_1356_n_0
    SLICE_X60Y84         LUT5 (Prop_lut5_I1_O)        0.124    39.409 r  y[7]_i_1141/O
                         net (fo=7, routed)           1.134    40.544    y[7]_i_1141_n_0
    SLICE_X55Y83         LUT4 (Prop_lut4_I0_O)        0.124    40.668 r  y[7]_i_1351/O
                         net (fo=1, routed)           0.000    40.668    y[7]_i_1351_n_0
    SLICE_X55Y83         CARRY4 (Prop_carry4_S[3]_CO[3])
                                                      0.401    41.069 r  y_reg[7]_i_1140/CO[3]
                         net (fo=36, routed)          1.010    42.079    y_reg[7]_i_1140_n_0
    SLICE_X55Y84         LUT3 (Prop_lut3_I1_O)        0.150    42.229 r  y[7]_i_1551/O
                         net (fo=2, routed)           0.561    42.790    y[7]_i_1551_n_0
    SLICE_X55Y82         LUT6 (Prop_lut6_I4_O)        0.332    43.122 r  y[7]_i_1340/O
                         net (fo=1, routed)           0.596    43.718    y[7]_i_1340_n_0
    SLICE_X54Y82         CARRY4 (Prop_carry4_DI[2]_CO[3])
                                                      0.404    44.122 r  y_reg[7]_i_1138/CO[3]
                         net (fo=16, routed)          0.975    45.097    y_reg[7]_i_1138_n_0
    SLICE_X55Y84         LUT5 (Prop_lut5_I1_O)        0.120    45.217 r  y[7]_i_932/O
                         net (fo=7, routed)           1.185    46.402    y[7]_i_932_n_0
    SLICE_X54Y85         LUT4 (Prop_lut4_I0_O)        0.327    46.729 r  y[7]_i_1146/O
                         net (fo=1, routed)           0.000    46.729    y[7]_i_1146_n_0
    SLICE_X54Y85         CARRY4 (Prop_carry4_S[3]_CO[3])
                                                      0.376    47.105 r  y_reg[7]_i_933/CO[3]
                         net (fo=32, routed)          1.222    48.327    y_reg[7]_i_933_n_0
    SLICE_X52Y85         LUT3 (Prop_lut3_I1_O)        0.150    48.477 r  y[1]_i_137/O
                         net (fo=4, routed)           0.811    49.288    y[1]_i_137_n_0
    SLICE_X51Y85         LUT6 (Prop_lut6_I3_O)        0.326    49.614 r  y[7]_i_1181/O
                         net (fo=1, routed)           0.398    50.012    y[7]_i_1181_n_0
    SLICE_X50Y85         CARRY4 (Prop_carry4_DI[0]_CO[3])
                                                      0.550    50.562 r  y_reg[7]_i_949/CO[3]
                         net (fo=28, routed)          1.393    51.955    y_reg[7]_i_949_n_0
    SLICE_X52Y85         LUT5 (Prop_lut5_I4_O)        0.152    52.107 r  y[7]_i_1006/O
                         net (fo=7, routed)           1.323    53.430    y[7]_i_1006_n_0
    SLICE_X54Y88         LUT4 (Prop_lut4_I2_O)        0.332    53.762 r  y[7]_i_941/O
                         net (fo=1, routed)           0.000    53.762    y[7]_i_941_n_0
    SLICE_X54Y88         CARRY4 (Prop_carry4_S[3]_CO[3])
                                                      0.376    54.138 r  y_reg[7]_i_717/CO[3]
                         net (fo=40, routed)          1.264    55.402    y_reg[7]_i_717_n_0
    SLICE_X53Y89         LUT3 (Prop_lut3_I1_O)        0.119    55.521 r  y[3]_i_92/O
                         net (fo=7, routed)           0.673    56.194    y[3]_i_92_n_0
    SLICE_X52Y89         LUT6 (Prop_lut6_I3_O)        0.332    56.526 r  y[7]_i_789/O
                         net (fo=1, routed)           0.655    57.182    y[7]_i_789_n_0
    SLICE_X52Y88         CARRY4 (Prop_carry4_DI[1]_CO[3])
                                                      0.507    57.689 r  y_reg[7]_i_581/CO[3]
                         net (fo=28, routed)          0.840    58.528    y_reg[7]_i_581_n_0
    SLICE_X51Y89         LUT3 (Prop_lut3_I1_O)        0.118    58.646 f  y[7]_i_507/O
                         net (fo=7, routed)           0.999    59.645    y[7]_i_507_n_0
    SLICE_X54Y91         LUT6 (Prop_lut6_I4_O)        0.326    59.971 r  y[7]_i_708/O
                         net (fo=1, routed)           0.610    60.581    y[7]_i_708_n_0
    SLICE_X55Y91         CARRY4 (Prop_carry4_DI[3]_CO[3])
                                                      0.385    60.966 r  y_reg[7]_i_508/CO[3]
                         net (fo=28, routed)          1.043    62.009    y_reg[7]_i_508_n_0
    SLICE_X53Y91         LUT3 (Prop_lut3_I1_O)        0.118    62.127 f  y[3]_i_60/O
                         net (fo=7, routed)           0.860    62.987    y[3]_i_60_n_0
    SLICE_X55Y93         LUT6 (Prop_lut6_I4_O)        0.326    63.313 r  y[7]_i_534/O
                         net (fo=1, routed)           0.505    63.818    y[7]_i_534_n_0
    SLICE_X55Y92         CARRY4 (Prop_carry4_DI[1]_CO[3])
                                                      0.507    64.325 r  y_reg[7]_i_350/CO[3]
                         net (fo=28, routed)          0.942    65.267    y_reg[7]_i_350_n_0
    SLICE_X55Y93         LUT5 (Prop_lut5_I4_O)        0.118    65.385 f  y[7]_i_530/O
                         net (fo=7, routed)           0.702    66.087    y[7]_i_530_n_0
    SLICE_X53Y92         LUT6 (Prop_lut6_I5_O)        0.326    66.413 r  y[7]_i_546/O
                         net (fo=1, routed)           0.404    66.816    y[7]_i_546_n_0
    SLICE_X52Y92         CARRY4 (Prop_carry4_DI[0]_CO[3])
                                                      0.526    67.342 r  y_reg[7]_i_353/CO[3]
                         net (fo=28, routed)          0.937    68.280    y_reg[7]_i_353_n_0
    SLICE_X52Y94         LUT5 (Prop_lut5_I3_O)        0.119    68.399 f  y[3]_i_77/O
                         net (fo=4, routed)           0.883    69.281    y[3]_i_77_n_0
    SLICE_X52Y94         LUT6 (Prop_lut6_I3_O)        0.332    69.613 r  y[7]_i_647/O
                         net (fo=1, routed)           0.407    70.020    y[7]_i_647_n_0
    SLICE_X53Y94         CARRY4 (Prop_carry4_DI[1]_CO[3])
                                                      0.507    70.527 r  y_reg[7]_i_430/CO[3]
                         net (fo=28, routed)          0.949    71.476    y_reg[7]_i_430_n_0
    SLICE_X53Y95         LUT5 (Prop_lut5_I3_O)        0.150    71.626 r  y[1]_i_80/O
                         net (fo=6, routed)           1.274    72.900    y[1]_i_80_n_0
    SLICE_X56Y98         LUT4 (Prop_lut4_I0_O)        0.326    73.226 r  y[7]_i_685/O
                         net (fo=1, routed)           0.000    73.226    y[7]_i_685_n_0
    SLICE_X56Y98         CARRY4 (Prop_carry4_S[0]_CO[3])
                                                      0.532    73.758 r  y_reg[7]_i_478/CO[3]
                         net (fo=16, routed)          1.342    75.100    y_reg[7]_i_478_n_0
    SLICE_X54Y98         LUT3 (Prop_lut3_I1_O)        0.150    75.250 r  y[1]_i_55/O
                         net (fo=6, routed)           1.191    76.440    y[1]_i_55_n_0
    SLICE_X51Y98         LUT4 (Prop_lut4_I1_O)        0.328    76.768 r  y[7]_i_476/O
                         net (fo=1, routed)           0.000    76.768    y[7]_i_476_n_0
    SLICE_X51Y98         CARRY4 (Prop_carry4_S[0]_CO[3])
                                                      0.532    77.300 r  y_reg[7]_i_299/CO[3]
                         net (fo=16, routed)          0.976    78.276    y_reg[7]_i_299_n_0
    SLICE_X50Y97         LUT3 (Prop_lut3_I1_O)        0.150    78.426 r  y[5]_i_34/O
                         net (fo=6, routed)           1.211    79.638    y[5]_i_34_n_0
    SLICE_X47Y100        LUT4 (Prop_lut4_I1_O)        0.328    79.966 r  y[7]_i_295/O
                         net (fo=1, routed)           0.000    79.966    y[7]_i_295_n_0
    SLICE_X47Y100        CARRY4 (Prop_carry4_S[2]_CO[3])
                                                      0.398    80.364 r  y_reg[7]_i_165/CO[3]
                         net (fo=16, routed)          1.228    81.592    y_reg[7]_i_165_n_0
    SLICE_X47Y99         LUT3 (Prop_lut3_I1_O)        0.152    81.744 r  y[7]_i_65/O
                         net (fo=7, routed)           0.688    82.432    y[7]_i_65_n_0
    SLICE_X45Y98         LUT4 (Prop_lut4_I1_O)        0.332    82.764 r  y[7]_i_160/O
                         net (fo=1, routed)           0.000    82.764    y[7]_i_160_n_0
    SLICE_X45Y98         CARRY4 (Prop_carry4_S[3]_CO[3])
                                                      0.401    83.165 r  y_reg[7]_i_64/CO[3]
                         net (fo=24, routed)          1.072    84.237    y_reg[7]_i_64_n_0
    SLICE_X44Y98         LUT3 (Prop_lut3_I1_O)        0.124    84.361 r  y[3]_i_19/O
                         net (fo=5, routed)           1.010    85.371    y[3]_i_19_n_0
    SLICE_X44Y99         LUT4 (Prop_lut4_I1_O)        0.124    85.495 r  y[7]_i_154/O
                         net (fo=1, routed)           0.000    85.495    y[7]_i_154_n_0
    SLICE_X44Y99         CARRY4 (Prop_carry4_S[1]_CO[3])
                                                      0.550    86.045 r  y_reg[7]_i_62/CO[3]
                         net (fo=16, routed)          1.555    87.600    p_4_in
    SLICE_X43Y100        LUT5 (Prop_lut5_I1_O)        0.150    87.750 r  y[1]_i_7/O
                         net (fo=6, routed)           1.001    88.751    y[1]_i_7_n_0
    SLICE_X40Y98         LUT4 (Prop_lut4_I1_O)        0.326    89.077 r  y[7]_i_81/O
                         net (fo=1, routed)           0.000    89.077    y[7]_i_81_n_0
    SLICE_X40Y98         CARRY4 (Prop_carry4_S[0]_CO[3])
                                                      0.532    89.609 r  y_reg[7]_i_22/CO[3]
                         net (fo=16, routed)          1.125    90.735    y_reg[7]_i_22_n_0
    SLICE_X39Y100        LUT3 (Prop_lut3_I1_O)        0.118    90.853 r  y[3]_i_5/O
                         net (fo=5, routed)           0.780    91.633    y[3]_i_5_n_0
    SLICE_X38Y99         LUT4 (Prop_lut4_I1_O)        0.326    91.959 r  y[7]_i_32/O
                         net (fo=1, routed)           0.000    91.959    y[7]_i_32_n_0
    SLICE_X38Y99         CARRY4 (Prop_carry4_S[1]_CO[3])
                                                      0.533    92.492 r  y_reg[7]_i_6/CO[3]
                         net (fo=8, routed)           0.791    93.283    y_reg[7]_i_6_n_0
    SLICE_X38Y100        LUT6 (Prop_lut6_I0_O)        0.124    93.407 r  y[1]_i_2/O
                         net (fo=3, routed)           1.189    94.596    y[1]_i_2_n_0
    SLICE_X39Y102        LUT4 (Prop_lut4_I0_O)        0.124    94.720 r  y[7]_i_19/O
                         net (fo=1, routed)           0.000    94.720    y[7]_i_19_n_0
    SLICE_X39Y102        CARRY4 (Prop_carry4_S[0]_CO[3])
                                                      0.532    95.252 r  y_reg[7]_i_4/CO[3]
                         net (fo=8, routed)           0.754    96.006    s1
    SLICE_X38Y102        LUT3 (Prop_lut3_I1_O)        0.117    96.123 r  y[5]_i_1/O
                         net (fo=1, routed)           0.000    96.123    y[5]_i_1_n_0
    SLICE_X38Y102        FDRE                                         r  y_reg[5]/D
  -------------------------------------------------------------------    -------------------

                         (clock vclk rise edge)     114.061   114.061 r  <hidden>
                                                      0.000   114.061 r  clk
                         net (fo=167, unset)          0.924   114.985    clk
    SLICE_X38Y102        FDRE                                         r  y_reg[5]/C
                         clock pessimism              0.000   114.985    <hidden>
                         clock uncertainty           -0.035   114.950    <hidden>
    SLICE_X38Y102        FDRE (Setup_fdre_C_D)        0.118   115.068    y_reg[5]
  -------------------------------------------------------------------
                         required time                        115.068    <hidden>
                         arrival time                         -96.123    <hidden>
  -------------------------------------------------------------------
                         slack                                 18.945    <hidden>

Slack (MET) :             110.075ns  (required time - arrival time)
  Source:                 rst_n
                            (input port clocked by vclk  {rise@0.000ns fall@57.030ns period=114.061ns})
  Destination:            w1_reg[3]/R
                            (rising edge-triggered cell FDRE clocked by vclk  {rise@0.000ns fall@57.030ns period=114.061ns})
  Path Group:             vclk
  Path Type:              Setup (Max at Slow Process Corner)
  Requirement:            114.061ns  (vclk rise@114.061ns - vclk rise@0.000ns)
  Data Path Delay:        4.446ns  (logic 0.124ns (2.789%)  route 4.322ns (97.211%))
  Logic Levels:           1  (LUT1=1)
  Input Delay:            0.000ns
  Clock Path Skew:        0.924ns (DCD - SCD + CPR)
    Destination Clock Delay (DCD):    0.924ns = ( 114.985 - 114.061 ) 
    Source Clock Delay      (SCD):    0.000ns
    Clock Pessimism Removal (CPR):    0.000ns
  Clock Uncertainty:      0.035ns  ((TSJ^2 + TIJ^2)^1/2 + DJ) / 2 + PE
    Total System Jitter     (TSJ):    0.071ns
    Total Input Jitter      (TIJ):    0.000ns
    Discrete Jitter          (DJ):    0.000ns
    Phase Error              (PE):    0.000ns

    Location             Delay type                Incr(ns)  Path(ns)    Netlist Resource(s)
  -------------------------------------------------------------------    -------------------
                         (clock vclk rise edge)       0.000     0.000 r  <hidden>
                         input delay                  0.000     0.000    <hidden>
                                                      0.000     0.000 f  rst_n
                         net (fo=0)                   0.973     0.973    rst_n
    SLICE_X32Y76         LUT1 (Prop_lut1_I0_O)        0.124     1.097 r  y[7]_i_1/O
                         net (fo=168, routed)         3.349     4.446    y[7]_i_1_n_0
    SLICE_X63Y74         FDRE                                         r  w1_reg[3]/R
  -------------------------------------------------------------------    -------------------

                         (clock vclk rise edge)     114.061   114.061 r  <hidden>
                                                      0.000   114.061 r  clk
                         net (fo=167, unset)          0.924   114.985    clk
    SLICE_X63Y74         FDRE                                         r  w1_reg[3]/C
                         clock pessimism              0.000   114.985    <hidden>
                         clock uncertainty           -0.035   114.950    <hidden>
    SLICE_X63Y74         FDRE (Setup_fdre_C_R)       -0.429   114.521    w1_reg[3]
  -------------------------------------------------------------------
                         required time                        114.521    <hidden>
                         arrival time                          -4.446    <hidden>
  -------------------------------------------------------------------
                         slack                                110.075    <hidden>

Slack (MET) :             110.075ns  (required time - arrival time)
  Source:                 rst_n
                            (input port clocked by vclk  {rise@0.000ns fall@57.030ns period=114.061ns})
  Destination:            w2_reg[1]/R
                            (rising edge-triggered cell FDRE clocked by vclk  {rise@0.000ns fall@57.030ns period=114.061ns})
  Path Group:             vclk
  Path Type:              Setup (Max at Slow Process Corner)
  Requirement:            114.061ns  (vclk rise@114.061ns - vclk rise@0.000ns)
  Data Path Delay:        4.446ns  (logic 0.124ns (2.789%)  route 4.322ns (97.211%))
  Logic Levels:           1  (LUT1=1)
  Input Delay:            0.000ns
  Clock Path Skew:        0.924ns (DCD - SCD + CPR)
    Destination Clock Delay (DCD):    0.924ns = ( 114.985 - 114.061 ) 
    Source Clock Delay      (SCD):    0.000ns
    Clock Pessimism Removal (CPR):    0.000ns
  Clock Uncertainty:      0.035ns  ((TSJ^2 + TIJ^2)^1/2 + DJ) / 2 + PE
    Total System Jitter     (TSJ):    0.071ns
    Total Input Jitter      (TIJ):    0.000ns
    Discrete Jitter          (DJ):    0.000ns
    Phase Error              (PE):    0.000ns

    Location             Delay type                Incr(ns)  Path(ns)    Netlist Resource(s)
  -------------------------------------------------------------------    -------------------
                         (clock vclk rise edge)       0.000     0.000 r  <hidden>
                         input delay                  0.000     0.000    <hidden>
                                                      0.000     0.000 f  rst_n
                         net (fo=0)                   0.973     0.973    rst_n
    SLICE_X32Y76         LUT1 (Prop_lut1_I0_O)        0.124     1.097 r  y[7]_i_1/O
                         net (fo=168, routed)         3.349     4.446    y[7]_i_1_n_0
    SLICE_X63Y74         FDRE                                         r  w2_reg[1]/R
  -------------------------------------------------------------------    -------------------

                         (clock vclk rise edge)     114.061   114.061 r  <hidden>
                                                      0.000   114.061 r  clk
                         net (fo=167, unset)          0.924   114.985    clk
    SLICE_X63Y74         FDRE                                         r  w2_reg[1]/C
                         clock pessimism              0.000   114.985    <hidden>
                         clock uncertainty           -0.035   114.950    <hidden>
    SLICE_X63Y74         FDRE (Setup_fdre_C_R)       -0.429   114.521    w2_reg[1]
  -------------------------------------------------------------------
                         required time                        114.521    <hidden>
                         arrival time                          -4.446    <hidden>
  -------------------------------------------------------------------
                         slack                                110.075    <hidden>





Pulse Width Checks
--------------------------------------------------------------------------------------
Clock Name:         vclk
Waveform(ns):       { 0.000 57.030 }
Period(ns):         114.061
Sources:            { clk }

Check Type        Corner  Lib Pin  Reference Pin  Required(ns)  Actual(ns)  Slack(ns)  Location      Pin
Min Period        n/a     FDRE/C   n/a            1.000         114.061     113.061    SLICE_X63Y72  w0_reg[0]/C
Min Period        n/a     FDRE/C   n/a            1.000         114.061     113.061    SLICE_X64Y74  w0_reg[1]/C
Min Period        n/a     FDRE/C   n/a            1.000         114.061     113.061    SLICE_X65Y74  w0_reg[2]/C
Min Period        n/a     FDRE/C   n/a            1.000         114.061     113.061    SLICE_X64Y74  w0_reg[3]/C
Min Period        n/a     FDRE/C   n/a            1.000         114.061     113.061    SLICE_X63Y73  w0_reg[4]/C
Min Period        n/a     FDRE/C   n/a            1.000         114.061     113.061    SLICE_X63Y72  w0_reg[5]/C
Min Period        n/a     FDRE/C   n/a            1.000         114.061     113.061    SLICE_X63Y73  w0_reg[6]/C
Min Period        n/a     FDRE/C   n/a            1.000         114.061     113.061    SLICE_X65Y74  w0_reg[7]/C
Min Period        n/a     FDRE/C   n/a            1.000         114.061     113.061    SLICE_X42Y76  w10_reg[0]/C
Min Period        n/a     FDRE/C   n/a            1.000         114.061     113.061    SLICE_X44Y76  w10_reg[1]/C
Low Pulse Width   Slow    FDRE/C   n/a            0.500         57.031      56.531     SLICE_X63Y72  w0_reg[0]/C
Low Pulse Width   Fast    FDRE/C   n/a            0.500         57.030      56.530     SLICE_X63Y72  w0_reg[0]/C
Low Pulse Width   Slow    FDRE/C   n/a            0.500         57.031      56.531     SLICE_X64Y74  w0_reg[1]/C
Low Pulse Width   Fast    FDRE/C   n/a            0.500         57.030      56.530     SLICE_X64Y74  w0_reg[1]/C
Low Pulse Width   Slow    FDRE/C   n/a            0.500         57.031      56.531     SLICE_X65Y74  w0_reg[2]/C
Low Pulse Width   Fast    FDRE/C   n/a            0.500         57.030      56.530     SLICE_X65Y74  w0_reg[2]/C
Low Pulse Width   Slow    FDRE/C   n/a            0.500         57.031      56.531     SLICE_X64Y74  w0_reg[3]/C
Low Pulse Width   Fast    FDRE/C   n/a            0.500         57.030      56.530     SLICE_X64Y74  w0_reg[3]/C
Low Pulse Width   Slow    FDRE/C   n/a            0.500         57.031      56.531     SLICE_X63Y73  w0_reg[4]/C
Low Pulse Width   Fast    FDRE/C   n/a            0.500         57.030      56.530     SLICE_X63Y73  w0_reg[4]/C
High Pulse Width  Slow    FDRE/C   n/a            0.500         57.030      56.530     SLICE_X63Y72  w0_reg[0]/C
High Pulse Width  Fast    FDRE/C   n/a            0.500         57.030      56.530     SLICE_X63Y72  w0_reg[0]/C
High Pulse Width  Slow    FDRE/C   n/a            0.500         57.030      56.530     SLICE_X64Y74  w0_reg[1]/C
High Pulse Width  Fast    FDRE/C   n/a            0.500         57.030      56.530     SLICE_X64Y74  w0_reg[1]/C
High Pulse Width  Slow    FDRE/C   n/a            0.500         57.030      56.530     SLICE_X65Y74  w0_reg[2]/C
High Pulse Width  Fast    FDRE/C   n/a            0.500         57.030      56.530     SLICE_X65Y74  w0_reg[2]/C
High Pulse Width  Slow    FDRE/C   n/a            0.500         57.030      56.530     SLICE_X64Y74  w0_reg[3]/C
High Pulse Width  Fast    FDRE/C   n/a            0.500         57.030      56.530     SLICE_X64Y74  w0_reg[3]/C
High Pulse Width  Slow    FDRE/C   n/a            0.500         57.030      56.530     SLICE_X63Y73  w0_reg[4]/C
High Pulse Width  Fast    FDRE/C   n/a            0.500         57.030      56.530     SLICE_X63Y73  w0_reg[4]/C



