Copyright 1986-2022 Xilinx, Inc. All Rights Reserved. Copyright 2022-2026 Advanced Micro Devices, Inc. All Rights Reserved.
---------------------------------------------------------------------------------------------------------------------------------------------------------------------------------------------------------------------------------------------------------------------------------------------
| Tool Version : Vivado v.2026.1 (win64) Build 6511674 Tue Jun 16 11:02:23 MDT 2026
| Date         : Sun Aug 30 23:07:54 2026
| Host         : Amine running 64-bit major release  (build 9200)
| Command      : report_timing_summary -delay_type max -max_paths 10 -report_unconstrained -check_timing_verbose -warn_on_violation -file C:/Users/Amine/mas/fpga-repo/timing_closure_candidate_v7/results/c03_firr_sft_firr20_v6/trial_005_search_p25p9643125_a0/reports/timing_summary.rpt
| Design       : sft__firr20_v6__g1
| Device       : 7z020-clg400
| Speed File   : -1  PRODUCTION 1.12 2019-11-22
| Design State : Routed
---------------------------------------------------------------------------------------------------------------------------------------------------------------------------------------------------------------------------------------------------------------------------------------------

Timing Summary Report

------------------------------------------------------------------------------------------------
| Timer Settings
| --------------
------------------------------------------------------------------------------------------------

  Enable Multi Corner Analysis               :  Yes
  Enable Pessimism Removal                   :  Yes
  Pessimism Removal Resolution               :  Nearest Common Node
  Enable Input Delay Default Clock           :  No
  Enable Preset / Clear Arcs                 :  No
  Disable Flight Delays                      :  No
  Ignore I/O Paths                           :  No
  Timing Early Launch at Borrowing Latches   :  No
  Borrow Time for Max Delay Exceptions       :  Yes
  Merge Timing Exceptions                    :  Yes
  Inter-SLR Compensation                     :  Conservative

  Corner  Analyze    Analyze    
  Name    Max Paths  Min Paths  
  ------  ---------  ---------  
  Slow    Yes        Yes        
  Fast    Yes        Yes        


------------------------------------------------------------------------------------------------
| Report Methodology
| ------------------
------------------------------------------------------------------------------------------------

No report available as report_methodology has not been run prior. Run report_methodology on the current design for the summary of methodology violations.



check_timing report

Table of Contents
-----------------
1. checking no_clock (0)
2. checking constant_clock (0)
3. checking pulse_width_clock (0)
4. checking unconstrained_internal_endpoints (0)
5. checking no_input_delay (0)
6. checking no_output_delay (0)
7. checking multiple_clock (0)
8. checking generated_clocks (0)
9. checking loops (0)
10. checking partial_input_delay (0)
11. checking partial_output_delay (0)
12. checking latch_loops (0)

1. checking no_clock (0)
------------------------
 There are 0 register/latch pins with no clock.


2. checking constant_clock (0)
------------------------------
 There are 0 register/latch pins with constant_clock.


3. checking pulse_width_clock (0)
---------------------------------
 There are 0 register/latch pins which need pulse_width check


4. checking unconstrained_internal_endpoints (0)
------------------------------------------------
 There are 0 pins that are not constrained for maximum delay.

 There are 0 pins that are not constrained for maximum delay due to constant clock.


5. checking no_input_delay (0)
------------------------------
 There are 0 input ports with no input delay specified.

 There are 0 input ports with no input delay but user has a false path constraint.


6. checking no_output_delay (0)
-------------------------------
 There are 0 ports with no output delay specified.

 There are 0 ports with no output delay but user has a false path constraint

 There are 0 ports with no output delay but with a timing clock defined on it or propagating through it


7. checking multiple_clock (0)
------------------------------
 There are 0 register/latch pins with multiple clocks.


8. checking generated_clocks (0)
--------------------------------
 There are 0 generated clocks that are not connected to a clock source.


9. checking loops (0)
---------------------
 There are 0 combinational loops in the design.


10. checking partial_input_delay (0)
------------------------------------
 There are 0 input ports with partial input delay specified.


11. checking partial_output_delay (0)
-------------------------------------
 There are 0 ports with partial output delay specified.


12. checking latch_loops (0)
----------------------------
 There are 0 combinational latch loops in the design through latch input



------------------------------------------------------------------------------------------------
| Design Timing Summary
| ---------------------
------------------------------------------------------------------------------------------------

    WNS(ns)      TNS(ns)  TNS Failing Endpoints  TNS Total Endpoints     WPWS(ns)     TPWS(ns)  TPWS Failing Endpoints  TPWS Total Endpoints  
    -------      -------  ---------------------  -------------------     --------     --------  ----------------------  --------------------  
      0.780        0.000                      0                  362       12.482        0.000                       0                   174  


All user specified timing constraints are met.


------------------------------------------------------------------------------------------------
| Clock Summary
| -------------
------------------------------------------------------------------------------------------------

Clock  Waveform(ns)       Period(ns)      Frequency(MHz)
-----  ------------       ----------      --------------
vclk   {0.000 12.982}     25.964          38.515          


------------------------------------------------------------------------------------------------
| Intra Clock Table
| -----------------
------------------------------------------------------------------------------------------------

Clock             WNS(ns)      TNS(ns)  TNS Failing Endpoints  TNS Total Endpoints     WPWS(ns)     TPWS(ns)  TPWS Failing Endpoints  TPWS Total Endpoints  
-----             -------      -------  ---------------------  -------------------     --------     --------  ----------------------  --------------------  
vclk                0.780        0.000                      0                  362       12.482        0.000                       0                   174  


------------------------------------------------------------------------------------------------
| Inter Clock Table
| -----------------
------------------------------------------------------------------------------------------------

From Clock    To Clock          WNS(ns)      TNS(ns)  TNS Failing Endpoints  TNS Total Endpoints  
----------    --------          -------      -------  ---------------------  -------------------  


------------------------------------------------------------------------------------------------
| Other Path Groups Table
| -----------------------
------------------------------------------------------------------------------------------------

Path Group    From Clock    To Clock          WNS(ns)      TNS(ns)  TNS Failing Endpoints  TNS Total Endpoints  
----------    ----------    --------          -------      -------  ---------------------  -------------------  


------------------------------------------------------------------------------------------------
| User Ignored Path Table
| -----------------------
------------------------------------------------------------------------------------------------

Path Group    From Clock    To Clock    
----------    ----------    --------    


------------------------------------------------------------------------------------------------
| Unconstrained Path Table
| ------------------------
------------------------------------------------------------------------------------------------

Path Group    From Clock    To Clock    
----------    ----------    --------    


------------------------------------------------------------------------------------------------
| Timing Details
| --------------
------------------------------------------------------------------------------------------------


---------------------------------------------------------------------------------------------------
From Clock:  vclk
  To Clock:  vclk

Setup :            0  Failing Endpoints,  Worst Slack        0.780ns,  Total Violation        0.000ns
Hold  :           NA  Failing Endpoints,  Worst Slack           NA  ,  Total Violation           NA
PW    :            0  Failing Endpoints,  Worst Slack       12.482ns,  Total Violation        0.000ns
---------------------------------------------------------------------------------------------------


Max Delay Paths
--------------------------------------------------------------------------------------
Slack (MET) :             0.780ns  (required time - arrival time)
  Source:                 d19_reg[1]/C
                            (rising edge-triggered cell FDRE clocked by vclk  {rise@0.000ns fall@12.982ns period=25.964ns})
  Destination:            y_reg[15]/D
                            (rising edge-triggered cell FDRE clocked by vclk  {rise@0.000ns fall@12.982ns period=25.964ns})
  Path Group:             vclk
  Path Type:              Setup (Max at Slow Process Corner)
  Requirement:            25.964ns  (vclk rise@25.964ns - vclk rise@0.000ns)
  Data Path Delay:        25.162ns  (logic 14.490ns (57.586%)  route 10.672ns (42.414%))
  Logic Levels:           34  (CARRY4=24 LUT2=10)
  Clock Path Skew:        -0.049ns (DCD - SCD + CPR)
    Destination Clock Delay (DCD):    0.924ns = ( 26.888 - 25.964 ) 
    Source Clock Delay      (SCD):    0.973ns
    Clock Pessimism Removal (CPR):    0.000ns
  Clock Uncertainty:      0.035ns  ((TSJ^2 + TIJ^2)^1/2 + DJ) / 2 + PE
    Total System Jitter     (TSJ):    0.071ns
    Total Input Jitter      (TIJ):    0.000ns
    Discrete Jitter          (DJ):    0.000ns
    Phase Error              (PE):    0.000ns

    Location             Delay type                Incr(ns)  Path(ns)    Netlist Resource(s)
  -------------------------------------------------------------------    -------------------
                         (clock vclk rise edge)       0.000     0.000 r  <hidden>
                                                      0.000     0.000 r  clk
                         net (fo=173, unset)          0.973     0.973    clk
    SLICE_X35Y70         FDRE                                         r  d19_reg[1]/C
  -------------------------------------------------------------------    -------------------
    SLICE_X35Y70         FDRE (Prop_fdre_C_Q)         0.456     1.429 r  d19_reg[1]/Q
                         net (fo=3, routed)           0.644     2.073    d19[1]
    SLICE_X35Y70         CARRY4 (Prop_carry4_S[0]_O[1])
                                                      0.548     2.621 r  y_reg[5]_i_145/O[1]
                         net (fo=2, routed)           0.607     3.228    acc0[6]
    SLICE_X38Y69         LUT2 (Prop_lut2_I0_O)        0.303     3.531 r  y[5]_i_146/O
                         net (fo=1, routed)           0.000     3.531    y[5]_i_146_n_0
    SLICE_X38Y69         CARRY4 (Prop_carry4_S[3]_CO[3])
                                                      0.376     3.907 r  y_reg[5]_i_144/CO[3]
                         net (fo=1, routed)           0.000     3.907    y_reg[5]_i_144_n_0
    SLICE_X38Y70         CARRY4 (Prop_carry4_CI_O[0])
                                                      0.219     4.126 r  y_reg[15]_i_273/O[0]
                         net (fo=1, routed)           0.605     4.732    y_reg[15]_i_273_n_7
    SLICE_X37Y69         LUT2 (Prop_lut2_I1_O)        0.295     5.027 r  y[15]_i_264/O
                         net (fo=1, routed)           0.000     5.027    y[15]_i_264_n_0
    SLICE_X37Y69         CARRY4 (Prop_carry4_S[1]_O[2])
                                                      0.580     5.607 r  y_reg[15]_i_253/O[2]
                         net (fo=1, routed)           0.574     6.180    y_reg[15]_i_253_n_5
    SLICE_X36Y72         LUT2 (Prop_lut2_I1_O)        0.302     6.482 r  y[15]_i_249/O
                         net (fo=1, routed)           0.000     6.482    y[15]_i_249_n_0
    SLICE_X36Y72         CARRY4 (Prop_carry4_S[1]_O[2])
                                                      0.578     7.060 r  y_reg[15]_i_236/O[2]
                         net (fo=1, routed)           0.581     7.641    y_reg[15]_i_236_n_5
    SLICE_X40Y72         LUT2 (Prop_lut2_I1_O)        0.301     7.942 r  y[15]_i_231/O
                         net (fo=1, routed)           0.000     7.942    y[15]_i_231_n_0
    SLICE_X40Y72         CARRY4 (Prop_carry4_S[3]_CO[3])
                                                      0.401     8.343 r  y_reg[15]_i_223/CO[3]
                         net (fo=1, routed)           0.000     8.343    y_reg[15]_i_223_n_0
    SLICE_X40Y73         CARRY4 (Prop_carry4_CI_O[0])
                                                      0.222     8.565 r  y_reg[15]_i_215/O[0]
                         net (fo=1, routed)           0.471     9.036    y_reg[15]_i_215_n_7
    SLICE_X39Y73         LUT2 (Prop_lut2_I1_O)        0.299     9.335 r  y[15]_i_213/O
                         net (fo=1, routed)           0.000     9.335    y[15]_i_213_n_0
    SLICE_X39Y73         CARRY4 (Prop_carry4_S[1]_O[2])
                                                      0.580     9.915 r  y_reg[15]_i_195/O[2]
                         net (fo=1, routed)           0.443    10.358    y_reg[15]_i_195_n_5
    SLICE_X37Y74         LUT2 (Prop_lut2_I1_O)        0.302    10.660 r  y[15]_i_193/O
                         net (fo=1, routed)           0.000    10.660    y[15]_i_193_n_0
    SLICE_X37Y74         CARRY4 (Prop_carry4_S[1]_O[2])
                                                      0.580    11.240 r  y_reg[15]_i_179/O[2]
                         net (fo=1, routed)           0.610    11.850    y_reg[15]_i_179_n_5
    SLICE_X37Y78         LUT2 (Prop_lut2_I1_O)        0.302    12.152 r  y[15]_i_162/O
                         net (fo=1, routed)           0.000    12.152    y[15]_i_162_n_0
    SLICE_X37Y78         CARRY4 (Prop_carry4_S[1]_O[2])
                                                      0.580    12.732 r  y_reg[15]_i_138/O[2]
                         net (fo=1, routed)           0.564    13.295    y_reg[15]_i_138_n_5
    SLICE_X38Y75         LUT2 (Prop_lut2_I1_O)        0.302    13.597 r  y[15]_i_154/O
                         net (fo=1, routed)           0.000    13.597    y[15]_i_154_n_0
    SLICE_X38Y75         CARRY4 (Prop_carry4_S[3]_O[3])
                                                      0.255    13.852 r  y_reg[15]_i_136/O[3]
                         net (fo=1, routed)           0.669    14.521    y_reg[15]_i_136_n_4
    SLICE_X38Y79         LUT2 (Prop_lut2_I1_O)        0.307    14.828 r  y[15]_i_113/O
                         net (fo=1, routed)           0.000    14.828    y[15]_i_113_n_0
    SLICE_X38Y79         CARRY4 (Prop_carry4_S[1]_O[1])
                                                      0.230    15.058 r  y_reg[15]_i_95/O[1]
                         net (fo=1, routed)           0.407    15.465    y_reg[15]_i_95_n_6
    SLICE_X39Y78         LUT2 (Prop_lut2_I1_O)        0.306    15.771 r  y[15]_i_106/O
                         net (fo=1, routed)           0.000    15.771    y[15]_i_106_n_0
    SLICE_X39Y78         CARRY4 (Prop_carry4_S[3]_CO[3])
                                                      0.401    16.172 r  y_reg[15]_i_94/CO[3]
                         net (fo=1, routed)           0.000    16.172    y_reg[15]_i_94_n_0
    SLICE_X39Y79         CARRY4 (Prop_carry4_CI_O[0])
                                                      0.222    16.394 r  y_reg[15]_i_81/O[0]
                         net (fo=1, routed)           0.452    16.846    y_reg[15]_i_81_n_7
    SLICE_X40Y78         CARRY4 (Prop_carry4_S[3]_O[3])
                                                      0.547    17.393 r  y_reg[15]_i_69/O[3]
                         net (fo=1, routed)           0.489    17.882    y_reg[15]_i_69_n_4
    SLICE_X41Y78         CARRY4 (Prop_carry4_S[0]_O[0])
                                                      0.553    18.435 r  y_reg[15]_i_49/O[0]
                         net (fo=1, routed)           0.486    18.922    y_reg[15]_i_49_n_7
    SLICE_X42Y78         CARRY4 (Prop_carry4_S[2]_O[2])
                                                      0.549    19.471 r  y_reg[15]_i_35/O[2]
                         net (fo=1, routed)           0.514    19.984    y_reg[15]_i_35_n_5
    SLICE_X44Y79         CARRY4 (Prop_carry4_S[0]_O[0])
                                                      0.548    20.532 r  y_reg[15]_i_22/O[0]
                         net (fo=1, routed)           0.588    21.120    y_reg[15]_i_22_n_7
    SLICE_X43Y76         CARRY4 (Prop_carry4_S[3]_O[3])
                                                      0.547    21.667 r  y_reg[15]_i_11/O[3]
                         net (fo=1, routed)           0.614    22.282    y_reg[15]_i_11_n_4
    SLICE_X44Y75         CARRY4 (Prop_carry4_S[0]_O[0])
                                                      0.553    22.835 r  y_reg[15]_i_6/O[0]
                         net (fo=1, routed)           0.477    23.312    y_reg[15]_i_6_n_7
    SLICE_X46Y74         CARRY4 (Prop_carry4_S[3]_CO[3])
                                                      0.675    23.987 r  y_reg[15]_i_5/CO[3]
                         net (fo=1, routed)           0.009    23.996    y_reg[15]_i_5_n_0
    SLICE_X46Y75         CARRY4 (Prop_carry4_CI_O[0])
                                                      0.219    24.215 r  y_reg[15]_i_4/O[0]
                         net (fo=1, routed)           0.581    24.796    y_reg[15]_i_4_n_7
    SLICE_X45Y76         CARRY4 (Prop_carry4_S[1]_O[1])
                                                      0.522    25.318 r  y_reg[15]_i_3/O[1]
                         net (fo=1, routed)           0.288    25.605    C[15]
    SLICE_X47Y76         CARRY4 (Prop_carry4_S[1]_O[1])
                                                      0.530    26.135 r  y_reg[15]_i_2/O[1]
                         net (fo=1, routed)           0.000    26.135    acc[15]
    SLICE_X47Y76         FDRE                                         r  y_reg[15]/D
  -------------------------------------------------------------------    -------------------

                         (clock vclk rise edge)      25.964    25.964 r  <hidden>
                                                      0.000    25.964 r  clk
                         net (fo=173, unset)          0.924    26.888    clk
    SLICE_X47Y76         FDRE                                         r  y_reg[15]/C
                         clock pessimism              0.000    26.888    <hidden>
                         clock uncertainty           -0.035    26.853    <hidden>
    SLICE_X47Y76         FDRE (Setup_fdre_C_D)        0.062    26.915    y_reg[15]
  -------------------------------------------------------------------
                         required time                         26.915    <hidden>
                         arrival time                         -26.135    <hidden>
  -------------------------------------------------------------------
                         slack                                  0.780    <hidden>

Slack (MET) :             1.038ns  (required time - arrival time)
  Source:                 d19_reg[1]/C
                            (rising edge-triggered cell FDRE clocked by vclk  {rise@0.000ns fall@12.982ns period=25.964ns})
  Destination:            y_reg[14]/D
                            (rising edge-triggered cell FDRE clocked by vclk  {rise@0.000ns fall@12.982ns period=25.964ns})
  Path Group:             vclk
  Path Type:              Setup (Max at Slow Process Corner)
  Requirement:            25.964ns  (vclk rise@25.964ns - vclk rise@0.000ns)
  Data Path Delay:        24.904ns  (logic 14.198ns (57.012%)  route 10.706ns (42.988%))
  Logic Levels:           33  (CARRY4=23 LUT2=10)
  Clock Path Skew:        -0.049ns (DCD - SCD + CPR)
    Destination Clock Delay (DCD):    0.924ns = ( 26.888 - 25.964 ) 
    Source Clock Delay      (SCD):    0.973ns
    Clock Pessimism Removal (CPR):    0.000ns
  Clock Uncertainty:      0.035ns  ((TSJ^2 + TIJ^2)^1/2 + DJ) / 2 + PE
    Total System Jitter     (TSJ):    0.071ns
    Total Input Jitter      (TIJ):    0.000ns
    Discrete Jitter          (DJ):    0.000ns
    Phase Error              (PE):    0.000ns

    Location             Delay type                Incr(ns)  Path(ns)    Netlist Resource(s)
  -------------------------------------------------------------------    -------------------
                         (clock vclk rise edge)       0.000     0.000 r  <hidden>
                                                      0.000     0.000 r  clk
                         net (fo=173, unset)          0.973     0.973    clk
    SLICE_X35Y70         FDRE                                         r  d19_reg[1]/C
  -------------------------------------------------------------------    -------------------
    SLICE_X35Y70         FDRE (Prop_fdre_C_Q)         0.456     1.429 r  d19_reg[1]/Q
                         net (fo=3, routed)           0.644     2.073    d19[1]
    SLICE_X35Y70         CARRY4 (Prop_carry4_S[0]_O[1])
                                                      0.548     2.621 r  y_reg[5]_i_145/O[1]
                         net (fo=2, routed)           0.607     3.228    acc0[6]
    SLICE_X38Y69         LUT2 (Prop_lut2_I0_O)        0.303     3.531 r  y[5]_i_146/O
                         net (fo=1, routed)           0.000     3.531    y[5]_i_146_n_0
    SLICE_X38Y69         CARRY4 (Prop_carry4_S[3]_CO[3])
                                                      0.376     3.907 r  y_reg[5]_i_144/CO[3]
                         net (fo=1, routed)           0.000     3.907    y_reg[5]_i_144_n_0
    SLICE_X38Y70         CARRY4 (Prop_carry4_CI_O[0])
                                                      0.219     4.126 r  y_reg[15]_i_273/O[0]
                         net (fo=1, routed)           0.605     4.732    y_reg[15]_i_273_n_7
    SLICE_X37Y69         LUT2 (Prop_lut2_I1_O)        0.295     5.027 r  y[15]_i_264/O
                         net (fo=1, routed)           0.000     5.027    y[15]_i_264_n_0
    SLICE_X37Y69         CARRY4 (Prop_carry4_S[1]_O[2])
                                                      0.580     5.607 r  y_reg[15]_i_253/O[2]
                         net (fo=1, routed)           0.574     6.180    y_reg[15]_i_253_n_5
    SLICE_X36Y72         LUT2 (Prop_lut2_I1_O)        0.302     6.482 r  y[15]_i_249/O
                         net (fo=1, routed)           0.000     6.482    y[15]_i_249_n_0
    SLICE_X36Y72         CARRY4 (Prop_carry4_S[1]_O[2])
                                                      0.578     7.060 r  y_reg[15]_i_236/O[2]
                         net (fo=1, routed)           0.581     7.641    y_reg[15]_i_236_n_5
    SLICE_X40Y72         LUT2 (Prop_lut2_I1_O)        0.301     7.942 r  y[15]_i_231/O
                         net (fo=1, routed)           0.000     7.942    y[15]_i_231_n_0
    SLICE_X40Y72         CARRY4 (Prop_carry4_S[3]_CO[3])
                                                      0.401     8.343 r  y_reg[15]_i_223/CO[3]
                         net (fo=1, routed)           0.000     8.343    y_reg[15]_i_223_n_0
    SLICE_X40Y73         CARRY4 (Prop_carry4_CI_O[0])
                                                      0.222     8.565 r  y_reg[15]_i_215/O[0]
                         net (fo=1, routed)           0.471     9.036    y_reg[15]_i_215_n_7
    SLICE_X39Y73         LUT2 (Prop_lut2_I1_O)        0.299     9.335 r  y[15]_i_213/O
                         net (fo=1, routed)           0.000     9.335    y[15]_i_213_n_0
    SLICE_X39Y73         CARRY4 (Prop_carry4_S[1]_O[2])
                                                      0.580     9.915 r  y_reg[15]_i_195/O[2]
                         net (fo=1, routed)           0.443    10.358    y_reg[15]_i_195_n_5
    SLICE_X37Y74         LUT2 (Prop_lut2_I1_O)        0.302    10.660 r  y[15]_i_193/O
                         net (fo=1, routed)           0.000    10.660    y[15]_i_193_n_0
    SLICE_X37Y74         CARRY4 (Prop_carry4_S[1]_O[2])
                                                      0.580    11.240 r  y_reg[15]_i_179/O[2]
                         net (fo=1, routed)           0.610    11.850    y_reg[15]_i_179_n_5
    SLICE_X37Y78         LUT2 (Prop_lut2_I1_O)        0.302    12.152 r  y[15]_i_162/O
                         net (fo=1, routed)           0.000    12.152    y[15]_i_162_n_0
    SLICE_X37Y78         CARRY4 (Prop_carry4_S[1]_O[2])
                                                      0.580    12.732 r  y_reg[15]_i_138/O[2]
                         net (fo=1, routed)           0.564    13.295    y_reg[15]_i_138_n_5
    SLICE_X38Y75         LUT2 (Prop_lut2_I1_O)        0.302    13.597 r  y[15]_i_154/O
                         net (fo=1, routed)           0.000    13.597    y[15]_i_154_n_0
    SLICE_X38Y75         CARRY4 (Prop_carry4_S[3]_O[3])
                                                      0.255    13.852 r  y_reg[15]_i_136/O[3]
                         net (fo=1, routed)           0.669    14.521    y_reg[15]_i_136_n_4
    SLICE_X38Y79         LUT2 (Prop_lut2_I1_O)        0.307    14.828 r  y[15]_i_113/O
                         net (fo=1, routed)           0.000    14.828    y[15]_i_113_n_0
    SLICE_X38Y79         CARRY4 (Prop_carry4_S[1]_O[1])
                                                      0.230    15.058 r  y_reg[15]_i_95/O[1]
                         net (fo=1, routed)           0.407    15.465    y_reg[15]_i_95_n_6
    SLICE_X39Y78         LUT2 (Prop_lut2_I1_O)        0.306    15.771 r  y[15]_i_106/O
                         net (fo=1, routed)           0.000    15.771    y[15]_i_106_n_0
    SLICE_X39Y78         CARRY4 (Prop_carry4_S[3]_CO[3])
                                                      0.401    16.172 r  y_reg[15]_i_94/CO[3]
                         net (fo=1, routed)           0.000    16.172    y_reg[15]_i_94_n_0
    SLICE_X39Y79         CARRY4 (Prop_carry4_CI_O[0])
                                                      0.222    16.394 r  y_reg[15]_i_81/O[0]
                         net (fo=1, routed)           0.452    16.846    y_reg[15]_i_81_n_7
    SLICE_X40Y78         CARRY4 (Prop_carry4_S[3]_O[3])
                                                      0.547    17.393 r  y_reg[15]_i_69/O[3]
                         net (fo=1, routed)           0.489    17.882    y_reg[15]_i_69_n_4
    SLICE_X41Y78         CARRY4 (Prop_carry4_S[0]_O[0])
                                                      0.553    18.435 r  y_reg[15]_i_49/O[0]
                         net (fo=1, routed)           0.486    18.922    y_reg[15]_i_49_n_7
    SLICE_X42Y78         CARRY4 (Prop_carry4_S[2]_O[2])
                                                      0.549    19.471 r  y_reg[15]_i_35/O[2]
                         net (fo=1, routed)           0.514    19.984    y_reg[15]_i_35_n_5
    SLICE_X44Y79         CARRY4 (Prop_carry4_S[0]_O[0])
                                                      0.548    20.532 r  y_reg[15]_i_22/O[0]
                         net (fo=1, routed)           0.588    21.120    y_reg[15]_i_22_n_7
    SLICE_X43Y76         CARRY4 (Prop_carry4_S[3]_O[3])
                                                      0.547    21.667 r  y_reg[15]_i_11/O[3]
                         net (fo=1, routed)           0.614    22.282    y_reg[15]_i_11_n_4
    SLICE_X44Y75         CARRY4 (Prop_carry4_S[0]_O[0])
                                                      0.553    22.835 r  y_reg[15]_i_6/O[0]
                         net (fo=1, routed)           0.477    23.312    y_reg[15]_i_6_n_7
    SLICE_X46Y74         CARRY4 (Prop_carry4_S[3]_O[3])
                                                      0.554    23.866 r  y_reg[15]_i_5/O[3]
                         net (fo=1, routed)           0.463    24.329    y_reg[15]_i_5_n_4
    SLICE_X45Y76         CARRY4 (Prop_carry4_S[0]_O[0])
                                                      0.554    24.883 r  y_reg[15]_i_3/O[0]
                         net (fo=1, routed)           0.448    25.331    C[14]
    SLICE_X47Y76         CARRY4 (Prop_carry4_S[0]_O[0])
                                                      0.546    25.877 r  y_reg[15]_i_2/O[0]
                         net (fo=1, routed)           0.000    25.877    acc[14]
    SLICE_X47Y76         FDRE                                         r  y_reg[14]/D
  -------------------------------------------------------------------    -------------------

                         (clock vclk rise edge)      25.964    25.964 r  <hidden>
                                                      0.000    25.964 r  clk
                         net (fo=173, unset)          0.924    26.888    clk
    SLICE_X47Y76         FDRE                                         r  y_reg[14]/C
                         clock pessimism              0.000    26.888    <hidden>
                         clock uncertainty           -0.035    26.853    <hidden>
    SLICE_X47Y76         FDRE (Setup_fdre_C_D)        0.062    26.915    y_reg[14]
  -------------------------------------------------------------------
                         required time                         26.915    <hidden>
                         arrival time                         -25.877    <hidden>
  -------------------------------------------------------------------
                         slack                                  1.038    <hidden>

Slack (MET) :             1.885ns  (required time - arrival time)
  Source:                 d19_reg[1]/C
                            (rising edge-triggered cell FDRE clocked by vclk  {rise@0.000ns fall@12.982ns period=25.964ns})
  Destination:            y_reg[13]/D
                            (rising edge-triggered cell FDRE clocked by vclk  {rise@0.000ns fall@12.982ns period=25.964ns})
  Path Group:             vclk
  Path Type:              Setup (Max at Slow Process Corner)
  Requirement:            25.964ns  (vclk rise@25.964ns - vclk rise@0.000ns)
  Data Path Delay:        24.057ns  (logic 14.060ns (58.445%)  route 9.997ns (41.555%))
  Logic Levels:           38  (CARRY4=23 LUT2=15)
  Clock Path Skew:        -0.049ns (DCD - SCD + CPR)
    Destination Clock Delay (DCD):    0.924ns = ( 26.888 - 25.964 ) 
    Source Clock Delay      (SCD):    0.973ns
    Clock Pessimism Removal (CPR):    0.000ns
  Clock Uncertainty:      0.035ns  ((TSJ^2 + TIJ^2)^1/2 + DJ) / 2 + PE
    Total System Jitter     (TSJ):    0.071ns
    Total Input Jitter      (TIJ):    0.000ns
    Discrete Jitter          (DJ):    0.000ns
    Phase Error              (PE):    0.000ns

    Location             Delay type                Incr(ns)  Path(ns)    Netlist Resource(s)
  -------------------------------------------------------------------    -------------------
                         (clock vclk rise edge)       0.000     0.000 r  <hidden>
                                                      0.000     0.000 r  clk
                         net (fo=173, unset)          0.973     0.973    clk
    SLICE_X35Y70         FDRE                                         r  d19_reg[1]/C
  -------------------------------------------------------------------    -------------------
    SLICE_X35Y70         FDRE (Prop_fdre_C_Q)         0.456     1.429 r  d19_reg[1]/Q
                         net (fo=3, routed)           0.644     2.073    d19[1]
    SLICE_X35Y70         CARRY4 (Prop_carry4_S[0]_O[0])
                                                      0.371     2.444 r  y_reg[5]_i_145/O[0]
                         net (fo=2, routed)           0.610     3.054    acc0[5]
    SLICE_X38Y69         LUT2 (Prop_lut2_I0_O)        0.299     3.353 r  y[5]_i_147/O
                         net (fo=1, routed)           0.000     3.353    y[5]_i_147_n_0
    SLICE_X38Y69         CARRY4 (Prop_carry4_S[2]_O[2])
                                                      0.250     3.603 r  y_reg[5]_i_144/O[2]
                         net (fo=1, routed)           0.400     4.003    y_reg[5]_i_144_n_5
    SLICE_X37Y68         LUT2 (Prop_lut2_I1_O)        0.301     4.304 r  y[5]_i_134/O
                         net (fo=1, routed)           0.000     4.304    y[5]_i_134_n_0
    SLICE_X37Y68         CARRY4 (Prop_carry4_S[3]_O[3])
                                                      0.248     4.552 r  y_reg[5]_i_127/O[3]
                         net (fo=1, routed)           0.449     5.001    y_reg[5]_i_127_n_4
    SLICE_X36Y71         LUT2 (Prop_lut2_I1_O)        0.306     5.307 r  y[5]_i_130/O
                         net (fo=1, routed)           0.000     5.307    y[5]_i_130_n_0
    SLICE_X36Y71         CARRY4 (Prop_carry4_S[2]_O[2])
                                                      0.250     5.557 r  y_reg[5]_i_126/O[2]
                         net (fo=1, routed)           0.581     6.138    y_reg[5]_i_126_n_5
    SLICE_X40Y71         LUT2 (Prop_lut2_I1_O)        0.301     6.439 r  y[5]_i_119/O
                         net (fo=1, routed)           0.000     6.439    y[5]_i_119_n_0
    SLICE_X40Y71         CARRY4 (Prop_carry4_S[3]_CO[3])
                                                      0.401     6.840 r  y_reg[5]_i_114/CO[3]
                         net (fo=1, routed)           0.000     6.840    y_reg[5]_i_114_n_0
    SLICE_X40Y72         CARRY4 (Prop_carry4_CI_O[0])
                                                      0.222     7.062 r  y_reg[15]_i_223/O[0]
                         net (fo=1, routed)           0.471     7.533    y_reg[15]_i_223_n_7
    SLICE_X39Y72         LUT2 (Prop_lut2_I1_O)        0.299     7.832 r  y[5]_i_117/O
                         net (fo=1, routed)           0.000     7.832    y[5]_i_117_n_0
    SLICE_X39Y72         CARRY4 (Prop_carry4_S[1]_O[2])
                                                      0.580     8.412 r  y_reg[5]_i_113/O[2]
                         net (fo=1, routed)           0.443     8.854    y_reg[5]_i_113_n_5
    SLICE_X37Y73         LUT2 (Prop_lut2_I1_O)        0.302     9.156 r  y[15]_i_205/O
                         net (fo=1, routed)           0.000     9.156    y[15]_i_205_n_0
    SLICE_X37Y73         CARRY4 (Prop_carry4_S[1]_O[2])
                                                      0.580     9.736 r  y_reg[15]_i_189/O[2]
                         net (fo=1, routed)           0.639    10.376    y_reg[15]_i_189_n_5
    SLICE_X37Y77         LUT2 (Prop_lut2_I1_O)        0.302    10.678 r  y[15]_i_184/O
                         net (fo=1, routed)           0.000    10.678    y[15]_i_184_n_0
    SLICE_X37Y77         CARRY4 (Prop_carry4_S[1]_O[2])
                                                      0.580    11.258 r  y_reg[15]_i_159/O[2]
                         net (fo=1, routed)           0.621    11.879    y_reg[15]_i_159_n_5
    SLICE_X38Y74         LUT2 (Prop_lut2_I1_O)        0.302    12.181 r  y[15]_i_164/O
                         net (fo=1, routed)           0.000    12.181    y[15]_i_164_n_0
    SLICE_X38Y74         CARRY4 (Prop_carry4_S[3]_O[3])
                                                      0.255    12.436 r  y_reg[15]_i_151/O[3]
                         net (fo=1, routed)           0.699    13.134    y_reg[15]_i_151_n_4
    SLICE_X38Y78         LUT2 (Prop_lut2_I1_O)        0.307    13.441 r  y[15]_i_132/O
                         net (fo=1, routed)           0.000    13.441    y[15]_i_132_n_0
    SLICE_X38Y78         CARRY4 (Prop_carry4_S[1]_O[1])
                                                      0.230    13.671 r  y_reg[15]_i_110/O[1]
                         net (fo=1, routed)           0.407    14.078    y_reg[15]_i_110_n_6
    SLICE_X39Y77         LUT2 (Prop_lut2_I1_O)        0.306    14.384 r  y[15]_i_119/O
                         net (fo=1, routed)           0.000    14.384    y[15]_i_119_n_0
    SLICE_X39Y77         CARRY4 (Prop_carry4_S[3]_CO[3])
                                                      0.401    14.785 r  y_reg[15]_i_104/CO[3]
                         net (fo=1, routed)           0.000    14.785    y_reg[15]_i_104_n_0
    SLICE_X39Y78         CARRY4 (Prop_carry4_CI_O[0])
                                                      0.222    15.007 r  y_reg[15]_i_94/O[0]
                         net (fo=1, routed)           0.452    15.459    y_reg[15]_i_94_n_7
    SLICE_X40Y77         LUT2 (Prop_lut2_I1_O)        0.299    15.758 r  y[15]_i_97/O
                         net (fo=1, routed)           0.000    15.758    y[15]_i_97_n_0
    SLICE_X40Y77         CARRY4 (Prop_carry4_S[3]_CO[3])
                                                      0.401    16.159 r  y_reg[15]_i_82/CO[3]
                         net (fo=1, routed)           0.000    16.159    y_reg[15]_i_82_n_0
    SLICE_X40Y78         CARRY4 (Prop_carry4_CI_O[0])
                                                      0.222    16.381 r  y_reg[15]_i_69/O[0]
                         net (fo=1, routed)           0.296    16.677    y_reg[15]_i_69_n_7
    SLICE_X41Y77         LUT2 (Prop_lut2_I1_O)        0.299    16.976 r  y[15]_i_75/O
                         net (fo=1, routed)           0.000    16.976    y[15]_i_75_n_0
    SLICE_X41Y77         CARRY4 (Prop_carry4_S[1]_O[2])
                                                      0.580    17.556 r  y_reg[15]_i_50/O[2]
                         net (fo=1, routed)           0.423    17.979    y_reg[15]_i_50_n_5
    SLICE_X42Y78         LUT2 (Prop_lut2_I1_O)        0.302    18.281 r  y[15]_i_51/O
                         net (fo=1, routed)           0.000    18.281    y[15]_i_51_n_0
    SLICE_X42Y78         CARRY4 (Prop_carry4_S[0]_O[0])
                                                      0.252    18.533 r  y_reg[15]_i_35/O[0]
                         net (fo=1, routed)           0.430    18.963    y_reg[15]_i_35_n_7
    SLICE_X44Y78         LUT2 (Prop_lut2_I1_O)        0.295    19.258 r  y[15]_i_45/O
                         net (fo=1, routed)           0.000    19.258    y[15]_i_45_n_0
    SLICE_X44Y78         CARRY4 (Prop_carry4_S[2]_O[2])
                                                      0.248    19.506 r  y_reg[15]_i_25/O[2]
                         net (fo=1, routed)           0.572    20.079    y_reg[15]_i_25_n_5
    SLICE_X43Y76         LUT2 (Prop_lut2_I1_O)        0.302    20.381 r  y[15]_i_26/O
                         net (fo=1, routed)           0.000    20.381    y[15]_i_26_n_0
    SLICE_X43Y76         CARRY4 (Prop_carry4_S[1]_O[2])
                                                      0.580    20.961 r  y_reg[15]_i_11/O[2]
                         net (fo=1, routed)           0.488    21.448    y_reg[15]_i_11_n_5
    SLICE_X44Y74         CARRY4 (Prop_carry4_S[3]_O[3])
                                                      0.550    21.998 r  y_reg[15]_i_8/O[3]
                         net (fo=1, routed)           0.469    22.467    y_reg[15]_i_8_n_4
    SLICE_X46Y74         CARRY4 (Prop_carry4_S[2]_O[2])
                                                      0.556    23.023 r  y_reg[15]_i_5/O[2]
                         net (fo=1, routed)           0.461    23.484    y_reg[15]_i_5_n_5
    SLICE_X45Y75         CARRY4 (Prop_carry4_S[3]_O[3])
                                                      0.549    24.033 r  y_reg[13]_i_2/O[3]
                         net (fo=1, routed)           0.443    24.476    C[13]
    SLICE_X47Y75         CARRY4 (Prop_carry4_S[3]_O[3])
                                                      0.554    25.030 r  y_reg[13]_i_1/O[3]
                         net (fo=1, routed)           0.000    25.030    acc[13]
    SLICE_X47Y75         FDRE                                         r  y_reg[13]/D
  -------------------------------------------------------------------    -------------------

                         (clock vclk rise edge)      25.964    25.964 r  <hidden>
                                                      0.000    25.964 r  clk
                         net (fo=173, unset)          0.924    26.888    clk
    SLICE_X47Y75         FDRE                                         r  y_reg[13]/C
                         clock pessimism              0.000    26.888    <hidden>
                         clock uncertainty           -0.035    26.853    <hidden>
    SLICE_X47Y75         FDRE (Setup_fdre_C_D)        0.062    26.915    y_reg[13]
  -------------------------------------------------------------------
                         required time                         26.915    <hidden>
                         arrival time                         -25.030    <hidden>
  -------------------------------------------------------------------
                         slack                                  1.885    <hidden>

Slack (MET) :             2.099ns  (required time - arrival time)
  Source:                 d19_reg[1]/C
                            (rising edge-triggered cell FDRE clocked by vclk  {rise@0.000ns fall@12.982ns period=25.964ns})
  Destination:            y_reg[12]/D
                            (rising edge-triggered cell FDRE clocked by vclk  {rise@0.000ns fall@12.982ns period=25.964ns})
  Path Group:             vclk
  Path Type:              Setup (Max at Slow Process Corner)
  Requirement:            25.964ns  (vclk rise@25.964ns - vclk rise@0.000ns)
  Data Path Delay:        23.843ns  (logic 13.687ns (57.405%)  route 10.156ns (42.595%))
  Logic Levels:           41  (CARRY4=23 LUT2=18)
  Clock Path Skew:        -0.049ns (DCD - SCD + CPR)
    Destination Clock Delay (DCD):    0.924ns = ( 26.888 - 25.964 ) 
    Source Clock Delay      (SCD):    0.973ns
    Clock Pessimism Removal (CPR):    0.000ns
  Clock Uncertainty:      0.035ns  ((TSJ^2 + TIJ^2)^1/2 + DJ) / 2 + PE
    Total System Jitter     (TSJ):    0.071ns
    Total Input Jitter      (TIJ):    0.000ns
    Discrete Jitter          (DJ):    0.000ns
    Phase Error              (PE):    0.000ns

    Location             Delay type                Incr(ns)  Path(ns)    Netlist Resource(s)
  -------------------------------------------------------------------    -------------------
                         (clock vclk rise edge)       0.000     0.000 r  <hidden>
                                                      0.000     0.000 r  clk
                         net (fo=173, unset)          0.973     0.973    clk
    SLICE_X35Y70         FDRE                                         r  d19_reg[1]/C
  -------------------------------------------------------------------    -------------------
    SLICE_X35Y70         FDRE (Prop_fdre_C_Q)         0.456     1.429 r  d19_reg[1]/Q
                         net (fo=3, routed)           0.644     2.073    d19[1]
    SLICE_X35Y70         CARRY4 (Prop_carry4_S[0]_O[0])
                                                      0.371     2.444 r  y_reg[5]_i_145/O[0]
                         net (fo=2, routed)           0.610     3.054    acc0[5]
    SLICE_X38Y69         LUT2 (Prop_lut2_I0_O)        0.299     3.353 r  y[5]_i_147/O
                         net (fo=1, routed)           0.000     3.353    y[5]_i_147_n_0
    SLICE_X38Y69         CARRY4 (Prop_carry4_S[2]_O[2])
                                                      0.250     3.603 r  y_reg[5]_i_144/O[2]
                         net (fo=1, routed)           0.400     4.003    y_reg[5]_i_144_n_5
    SLICE_X37Y68         LUT2 (Prop_lut2_I1_O)        0.301     4.304 r  y[5]_i_134/O
                         net (fo=1, routed)           0.000     4.304    y[5]_i_134_n_0
    SLICE_X37Y68         CARRY4 (Prop_carry4_S[3]_O[3])
                                                      0.248     4.552 r  y_reg[5]_i_127/O[3]
                         net (fo=1, routed)           0.449     5.001    y_reg[5]_i_127_n_4
    SLICE_X36Y71         LUT2 (Prop_lut2_I1_O)        0.306     5.307 r  y[5]_i_130/O
                         net (fo=1, routed)           0.000     5.307    y[5]_i_130_n_0
    SLICE_X36Y71         CARRY4 (Prop_carry4_S[2]_O[2])
                                                      0.250     5.557 r  y_reg[5]_i_126/O[2]
                         net (fo=1, routed)           0.581     6.138    y_reg[5]_i_126_n_5
    SLICE_X40Y71         LUT2 (Prop_lut2_I1_O)        0.301     6.439 r  y[5]_i_119/O
                         net (fo=1, routed)           0.000     6.439    y[5]_i_119_n_0
    SLICE_X40Y71         CARRY4 (Prop_carry4_S[3]_CO[3])
                                                      0.401     6.840 r  y_reg[5]_i_114/CO[3]
                         net (fo=1, routed)           0.000     6.840    y_reg[5]_i_114_n_0
    SLICE_X40Y72         CARRY4 (Prop_carry4_CI_O[0])
                                                      0.222     7.062 r  y_reg[15]_i_223/O[0]
                         net (fo=1, routed)           0.471     7.533    y_reg[15]_i_223_n_7
    SLICE_X39Y72         LUT2 (Prop_lut2_I1_O)        0.299     7.832 r  y[5]_i_117/O
                         net (fo=1, routed)           0.000     7.832    y[5]_i_117_n_0
    SLICE_X39Y72         CARRY4 (Prop_carry4_S[1]_O[2])
                                                      0.580     8.412 r  y_reg[5]_i_113/O[2]
                         net (fo=1, routed)           0.443     8.854    y_reg[5]_i_113_n_5
    SLICE_X37Y73         LUT2 (Prop_lut2_I1_O)        0.302     9.156 r  y[15]_i_205/O
                         net (fo=1, routed)           0.000     9.156    y[15]_i_205_n_0
    SLICE_X37Y73         CARRY4 (Prop_carry4_S[1]_O[2])
                                                      0.580     9.736 r  y_reg[15]_i_189/O[2]
                         net (fo=1, routed)           0.639    10.376    y_reg[15]_i_189_n_5
    SLICE_X37Y77         LUT2 (Prop_lut2_I1_O)        0.302    10.678 r  y[15]_i_184/O
                         net (fo=1, routed)           0.000    10.678    y[15]_i_184_n_0
    SLICE_X37Y77         CARRY4 (Prop_carry4_S[1]_O[2])
                                                      0.580    11.258 r  y_reg[15]_i_159/O[2]
                         net (fo=1, routed)           0.621    11.879    y_reg[15]_i_159_n_5
    SLICE_X38Y74         LUT2 (Prop_lut2_I1_O)        0.302    12.181 r  y[15]_i_164/O
                         net (fo=1, routed)           0.000    12.181    y[15]_i_164_n_0
    SLICE_X38Y74         CARRY4 (Prop_carry4_S[3]_O[3])
                                                      0.255    12.436 r  y_reg[15]_i_151/O[3]
                         net (fo=1, routed)           0.699    13.134    y_reg[15]_i_151_n_4
    SLICE_X38Y78         LUT2 (Prop_lut2_I1_O)        0.307    13.441 r  y[15]_i_132/O
                         net (fo=1, routed)           0.000    13.441    y[15]_i_132_n_0
    SLICE_X38Y78         CARRY4 (Prop_carry4_S[1]_O[1])
                                                      0.230    13.671 r  y_reg[15]_i_110/O[1]
                         net (fo=1, routed)           0.407    14.078    y_reg[15]_i_110_n_6
    SLICE_X39Y77         LUT2 (Prop_lut2_I1_O)        0.306    14.384 r  y[15]_i_119/O
                         net (fo=1, routed)           0.000    14.384    y[15]_i_119_n_0
    SLICE_X39Y77         CARRY4 (Prop_carry4_S[3]_CO[3])
                                                      0.401    14.785 r  y_reg[15]_i_104/CO[3]
                         net (fo=1, routed)           0.000    14.785    y_reg[15]_i_104_n_0
    SLICE_X39Y78         CARRY4 (Prop_carry4_CI_O[0])
                                                      0.222    15.007 r  y_reg[15]_i_94/O[0]
                         net (fo=1, routed)           0.452    15.459    y_reg[15]_i_94_n_7
    SLICE_X40Y77         LUT2 (Prop_lut2_I1_O)        0.299    15.758 r  y[15]_i_97/O
                         net (fo=1, routed)           0.000    15.758    y[15]_i_97_n_0
    SLICE_X40Y77         CARRY4 (Prop_carry4_S[3]_O[3])
                                                      0.248    16.006 r  y_reg[15]_i_82/O[3]
                         net (fo=1, routed)           0.456    16.462    y_reg[15]_i_82_n_4
    SLICE_X41Y77         LUT2 (Prop_lut2_I1_O)        0.306    16.768 r  y[15]_i_76/O
                         net (fo=1, routed)           0.000    16.768    y[15]_i_76_n_0
    SLICE_X41Y77         CARRY4 (Prop_carry4_S[0]_O[0])
                                                      0.247    17.015 r  y_reg[15]_i_50/O[0]
                         net (fo=1, routed)           0.418    17.433    y_reg[15]_i_50_n_7
    SLICE_X42Y77         LUT2 (Prop_lut2_I1_O)        0.299    17.732 r  y[15]_i_65/O
                         net (fo=1, routed)           0.000    17.732    y[15]_i_65_n_0
    SLICE_X42Y77         CARRY4 (Prop_carry4_S[2]_O[2])
                                                      0.250    17.982 r  y_reg[15]_i_48/O[2]
                         net (fo=1, routed)           0.439    18.421    y_reg[15]_i_48_n_5
    SLICE_X44Y78         LUT2 (Prop_lut2_I1_O)        0.301    18.722 r  y[15]_i_47/O
                         net (fo=1, routed)           0.000    18.722    y[15]_i_47_n_0
    SLICE_X44Y78         CARRY4 (Prop_carry4_S[0]_O[0])
                                                      0.247    18.969 r  y_reg[15]_i_25/O[0]
                         net (fo=1, routed)           0.588    19.557    y_reg[15]_i_25_n_7
    SLICE_X43Y75         LUT2 (Prop_lut2_I1_O)        0.299    19.856 r  y[15]_i_37/O
                         net (fo=1, routed)           0.000    19.856    y[15]_i_37_n_0
    SLICE_X43Y75         CARRY4 (Prop_carry4_S[3]_O[3])
                                                      0.248    20.104 r  y_reg[15]_i_23/O[3]
                         net (fo=1, routed)           0.480    20.584    y_reg[15]_i_23_n_4
    SLICE_X44Y74         LUT2 (Prop_lut2_I1_O)        0.306    20.890 r  y[15]_i_21/O
                         net (fo=1, routed)           0.000    20.890    y[15]_i_21_n_0
    SLICE_X44Y74         CARRY4 (Prop_carry4_S[0]_O[0])
                                                      0.247    21.137 r  y_reg[15]_i_8/O[0]
                         net (fo=1, routed)           0.450    21.587    y_reg[15]_i_8_n_7
    SLICE_X46Y73         LUT2 (Prop_lut2_I1_O)        0.299    21.886 r  y[15]_i_12/O
                         net (fo=1, routed)           0.000    21.886    y[15]_i_12_n_0
    SLICE_X46Y73         CARRY4 (Prop_carry4_S[3]_CO[3])
                                                      0.376    22.262 r  y_reg[15]_i_7/CO[3]
                         net (fo=1, routed)           0.000    22.262    y_reg[15]_i_7_n_0
    SLICE_X46Y74         CARRY4 (Prop_carry4_CI_O[0])
                                                      0.219    22.481 r  y_reg[15]_i_5/O[0]
                         net (fo=1, routed)           0.455    22.936    y_reg[15]_i_5_n_7
    SLICE_X45Y75         LUT2 (Prop_lut2_I1_O)        0.295    23.231 r  y[13]_i_6/O
                         net (fo=1, routed)           0.000    23.231    y[13]_i_6_n_0
    SLICE_X45Y75         CARRY4 (Prop_carry4_S[1]_O[2])
                                                      0.580    23.811 r  y_reg[13]_i_2/O[2]
                         net (fo=1, routed)           0.455    24.266    C[12]
    SLICE_X47Y75         CARRY4 (Prop_carry4_S[2]_O[2])
                                                      0.550    24.816 r  y_reg[13]_i_1/O[2]
                         net (fo=1, routed)           0.000    24.816    acc[12]
    SLICE_X47Y75         FDRE                                         r  y_reg[12]/D
  -------------------------------------------------------------------    -------------------

                         (clock vclk rise edge)      25.964    25.964 r  <hidden>
                                                      0.000    25.964 r  clk
                         net (fo=173, unset)          0.924    26.888    clk
    SLICE_X47Y75         FDRE                                         r  y_reg[12]/C
                         clock pessimism              0.000    26.888    <hidden>
                         clock uncertainty           -0.035    26.853    <hidden>
    SLICE_X47Y75         FDRE (Setup_fdre_C_D)        0.062    26.915    y_reg[12]
  -------------------------------------------------------------------
                         required time                         26.915    <hidden>
                         arrival time                         -24.816    <hidden>
  -------------------------------------------------------------------
                         slack                                  2.099    <hidden>

Slack (MET) :             2.586ns  (required time - arrival time)
  Source:                 d19_reg[1]/C
                            (rising edge-triggered cell FDRE clocked by vclk  {rise@0.000ns fall@12.982ns period=25.964ns})
  Destination:            y_reg[11]/D
                            (rising edge-triggered cell FDRE clocked by vclk  {rise@0.000ns fall@12.982ns period=25.964ns})
  Path Group:             vclk
  Path Type:              Setup (Max at Slow Process Corner)
  Requirement:            25.964ns  (vclk rise@25.964ns - vclk rise@0.000ns)
  Data Path Delay:        23.356ns  (logic 13.199ns (56.511%)  route 10.157ns (43.489%))
  Logic Levels:           41  (CARRY4=22 LUT2=19)
  Clock Path Skew:        -0.049ns (DCD - SCD + CPR)
    Destination Clock Delay (DCD):    0.924ns = ( 26.888 - 25.964 ) 
    Source Clock Delay      (SCD):    0.973ns
    Clock Pessimism Removal (CPR):    0.000ns
  Clock Uncertainty:      0.035ns  ((TSJ^2 + TIJ^2)^1/2 + DJ) / 2 + PE
    Total System Jitter     (TSJ):    0.071ns
    Total Input Jitter      (TIJ):    0.000ns
    Discrete Jitter          (DJ):    0.000ns
    Phase Error              (PE):    0.000ns

    Location             Delay type                Incr(ns)  Path(ns)    Netlist Resource(s)
  -------------------------------------------------------------------    -------------------
                         (clock vclk rise edge)       0.000     0.000 r  <hidden>
                                                      0.000     0.000 r  clk
                         net (fo=173, unset)          0.973     0.973    clk
    SLICE_X35Y70         FDRE                                         r  d19_reg[1]/C
  -------------------------------------------------------------------    -------------------
    SLICE_X35Y70         FDRE (Prop_fdre_C_Q)         0.456     1.429 r  d19_reg[1]/Q
                         net (fo=3, routed)           0.644     2.073    d19[1]
    SLICE_X35Y70         CARRY4 (Prop_carry4_S[0]_O[0])
                                                      0.371     2.444 r  y_reg[5]_i_145/O[0]
                         net (fo=2, routed)           0.610     3.054    acc0[5]
    SLICE_X38Y69         LUT2 (Prop_lut2_I0_O)        0.299     3.353 r  y[5]_i_147/O
                         net (fo=1, routed)           0.000     3.353    y[5]_i_147_n_0
    SLICE_X38Y69         CARRY4 (Prop_carry4_S[2]_O[2])
                                                      0.250     3.603 r  y_reg[5]_i_144/O[2]
                         net (fo=1, routed)           0.400     4.003    y_reg[5]_i_144_n_5
    SLICE_X37Y68         LUT2 (Prop_lut2_I1_O)        0.301     4.304 r  y[5]_i_134/O
                         net (fo=1, routed)           0.000     4.304    y[5]_i_134_n_0
    SLICE_X37Y68         CARRY4 (Prop_carry4_S[3]_O[3])
                                                      0.248     4.552 r  y_reg[5]_i_127/O[3]
                         net (fo=1, routed)           0.449     5.001    y_reg[5]_i_127_n_4
    SLICE_X36Y71         LUT2 (Prop_lut2_I1_O)        0.306     5.307 r  y[5]_i_130/O
                         net (fo=1, routed)           0.000     5.307    y[5]_i_130_n_0
    SLICE_X36Y71         CARRY4 (Prop_carry4_S[2]_O[2])
                                                      0.250     5.557 r  y_reg[5]_i_126/O[2]
                         net (fo=1, routed)           0.581     6.138    y_reg[5]_i_126_n_5
    SLICE_X40Y71         LUT2 (Prop_lut2_I1_O)        0.301     6.439 r  y[5]_i_119/O
                         net (fo=1, routed)           0.000     6.439    y[5]_i_119_n_0
    SLICE_X40Y71         CARRY4 (Prop_carry4_S[3]_CO[3])
                                                      0.401     6.840 r  y_reg[5]_i_114/CO[3]
                         net (fo=1, routed)           0.000     6.840    y_reg[5]_i_114_n_0
    SLICE_X40Y72         CARRY4 (Prop_carry4_CI_O[0])
                                                      0.222     7.062 r  y_reg[15]_i_223/O[0]
                         net (fo=1, routed)           0.471     7.533    y_reg[15]_i_223_n_7
    SLICE_X39Y72         LUT2 (Prop_lut2_I1_O)        0.299     7.832 r  y[5]_i_117/O
                         net (fo=1, routed)           0.000     7.832    y[5]_i_117_n_0
    SLICE_X39Y72         CARRY4 (Prop_carry4_S[1]_O[2])
                                                      0.580     8.412 r  y_reg[5]_i_113/O[2]
                         net (fo=1, routed)           0.443     8.854    y_reg[5]_i_113_n_5
    SLICE_X37Y73         LUT2 (Prop_lut2_I1_O)        0.302     9.156 r  y[15]_i_205/O
                         net (fo=1, routed)           0.000     9.156    y[15]_i_205_n_0
    SLICE_X37Y73         CARRY4 (Prop_carry4_S[1]_O[2])
                                                      0.580     9.736 r  y_reg[15]_i_189/O[2]
                         net (fo=1, routed)           0.639    10.376    y_reg[15]_i_189_n_5
    SLICE_X37Y77         LUT2 (Prop_lut2_I1_O)        0.302    10.678 r  y[15]_i_184/O
                         net (fo=1, routed)           0.000    10.678    y[15]_i_184_n_0
    SLICE_X37Y77         CARRY4 (Prop_carry4_S[1]_O[2])
                                                      0.580    11.258 r  y_reg[15]_i_159/O[2]
                         net (fo=1, routed)           0.621    11.879    y_reg[15]_i_159_n_5
    SLICE_X38Y74         LUT2 (Prop_lut2_I1_O)        0.302    12.181 r  y[15]_i_164/O
                         net (fo=1, routed)           0.000    12.181    y[15]_i_164_n_0
    SLICE_X38Y74         CARRY4 (Prop_carry4_S[3]_O[3])
                                                      0.255    12.436 r  y_reg[15]_i_151/O[3]
                         net (fo=1, routed)           0.699    13.134    y_reg[15]_i_151_n_4
    SLICE_X38Y78         LUT2 (Prop_lut2_I1_O)        0.307    13.441 r  y[15]_i_132/O
                         net (fo=1, routed)           0.000    13.441    y[15]_i_132_n_0
    SLICE_X38Y78         CARRY4 (Prop_carry4_S[1]_O[1])
                                                      0.230    13.671 r  y_reg[15]_i_110/O[1]
                         net (fo=1, routed)           0.407    14.078    y_reg[15]_i_110_n_6
    SLICE_X39Y77         LUT2 (Prop_lut2_I1_O)        0.306    14.384 r  y[15]_i_119/O
                         net (fo=1, routed)           0.000    14.384    y[15]_i_119_n_0
    SLICE_X39Y77         CARRY4 (Prop_carry4_S[3]_CO[3])
                                                      0.401    14.785 r  y_reg[15]_i_104/CO[3]
                         net (fo=1, routed)           0.000    14.785    y_reg[15]_i_104_n_0
    SLICE_X39Y78         CARRY4 (Prop_carry4_CI_O[0])
                                                      0.222    15.007 r  y_reg[15]_i_94/O[0]
                         net (fo=1, routed)           0.452    15.459    y_reg[15]_i_94_n_7
    SLICE_X40Y77         LUT2 (Prop_lut2_I1_O)        0.299    15.758 r  y[15]_i_97/O
                         net (fo=1, routed)           0.000    15.758    y[15]_i_97_n_0
    SLICE_X40Y77         CARRY4 (Prop_carry4_S[3]_O[3])
                                                      0.248    16.006 r  y_reg[15]_i_82/O[3]
                         net (fo=1, routed)           0.456    16.462    y_reg[15]_i_82_n_4
    SLICE_X41Y77         LUT2 (Prop_lut2_I1_O)        0.306    16.768 r  y[15]_i_76/O
                         net (fo=1, routed)           0.000    16.768    y[15]_i_76_n_0
    SLICE_X41Y77         CARRY4 (Prop_carry4_S[0]_O[0])
                                                      0.247    17.015 r  y_reg[15]_i_50/O[0]
                         net (fo=1, routed)           0.418    17.433    y_reg[15]_i_50_n_7
    SLICE_X42Y77         LUT2 (Prop_lut2_I1_O)        0.299    17.732 r  y[15]_i_65/O
                         net (fo=1, routed)           0.000    17.732    y[15]_i_65_n_0
    SLICE_X42Y77         CARRY4 (Prop_carry4_S[2]_O[2])
                                                      0.250    17.982 r  y_reg[15]_i_48/O[2]
                         net (fo=1, routed)           0.439    18.421    y_reg[15]_i_48_n_5
    SLICE_X44Y78         LUT2 (Prop_lut2_I1_O)        0.301    18.722 r  y[15]_i_47/O
                         net (fo=1, routed)           0.000    18.722    y[15]_i_47_n_0
    SLICE_X44Y78         CARRY4 (Prop_carry4_S[0]_O[0])
                                                      0.247    18.969 r  y_reg[15]_i_25/O[0]
                         net (fo=1, routed)           0.588    19.557    y_reg[15]_i_25_n_7
    SLICE_X43Y75         LUT2 (Prop_lut2_I1_O)        0.299    19.856 r  y[15]_i_37/O
                         net (fo=1, routed)           0.000    19.856    y[15]_i_37_n_0
    SLICE_X43Y75         CARRY4 (Prop_carry4_S[3]_O[3])
                                                      0.248    20.104 r  y_reg[15]_i_23/O[3]
                         net (fo=1, routed)           0.480    20.584    y_reg[15]_i_23_n_4
    SLICE_X44Y74         LUT2 (Prop_lut2_I1_O)        0.306    20.890 r  y[15]_i_21/O
                         net (fo=1, routed)           0.000    20.890    y[15]_i_21_n_0
    SLICE_X44Y74         CARRY4 (Prop_carry4_S[0]_O[0])
                                                      0.247    21.137 r  y_reg[15]_i_8/O[0]
                         net (fo=1, routed)           0.450    21.587    y_reg[15]_i_8_n_7
    SLICE_X46Y73         LUT2 (Prop_lut2_I1_O)        0.299    21.886 r  y[15]_i_12/O
                         net (fo=1, routed)           0.000    21.886    y[15]_i_12_n_0
    SLICE_X46Y73         CARRY4 (Prop_carry4_S[3]_O[3])
                                                      0.255    22.141 r  y_reg[15]_i_7/O[3]
                         net (fo=1, routed)           0.464    22.604    y_reg[15]_i_7_n_4
    SLICE_X45Y75         LUT2 (Prop_lut2_I1_O)        0.307    22.911 r  y[13]_i_7/O
                         net (fo=1, routed)           0.000    22.911    y[13]_i_7_n_0
    SLICE_X45Y75         CARRY4 (Prop_carry4_S[0]_O[0])
                                                      0.247    23.158 r  y_reg[13]_i_2/O[0]
                         net (fo=1, routed)           0.448    23.606    C[10]
    SLICE_X47Y75         LUT2 (Prop_lut2_I1_O)        0.299    23.905 r  y[13]_i_3/O
                         net (fo=1, routed)           0.000    23.905    y[13]_i_3_n_0
    SLICE_X47Y75         CARRY4 (Prop_carry4_S[0]_O[1])
                                                      0.424    24.329 r  y_reg[13]_i_1/O[1]
                         net (fo=1, routed)           0.000    24.329    acc[11]
    SLICE_X47Y75         FDRE                                         r  y_reg[11]/D
  -------------------------------------------------------------------    -------------------

                         (clock vclk rise edge)      25.964    25.964 r  <hidden>
                                                      0.000    25.964 r  clk
                         net (fo=173, unset)          0.924    26.888    clk
    SLICE_X47Y75         FDRE                                         r  y_reg[11]/C
                         clock pessimism              0.000    26.888    <hidden>
                         clock uncertainty           -0.035    26.853    <hidden>
    SLICE_X47Y75         FDRE (Setup_fdre_C_D)        0.062    26.915    y_reg[11]
  -------------------------------------------------------------------
                         required time                         26.915    <hidden>
                         arrival time                         -24.329    <hidden>
  -------------------------------------------------------------------
                         slack                                  2.586    <hidden>

Slack (MET) :             2.763ns  (required time - arrival time)
  Source:                 d19_reg[1]/C
                            (rising edge-triggered cell FDRE clocked by vclk  {rise@0.000ns fall@12.982ns period=25.964ns})
  Destination:            y_reg[10]/D
                            (rising edge-triggered cell FDRE clocked by vclk  {rise@0.000ns fall@12.982ns period=25.964ns})
  Path Group:             vclk
  Path Type:              Setup (Max at Slow Process Corner)
  Requirement:            25.964ns  (vclk rise@25.964ns - vclk rise@0.000ns)
  Data Path Delay:        23.179ns  (logic 13.022ns (56.179%)  route 10.157ns (43.821%))
  Logic Levels:           41  (CARRY4=22 LUT2=19)
  Clock Path Skew:        -0.049ns (DCD - SCD + CPR)
    Destination Clock Delay (DCD):    0.924ns = ( 26.888 - 25.964 ) 
    Source Clock Delay      (SCD):    0.973ns
    Clock Pessimism Removal (CPR):    0.000ns
  Clock Uncertainty:      0.035ns  ((TSJ^2 + TIJ^2)^1/2 + DJ) / 2 + PE
    Total System Jitter     (TSJ):    0.071ns
    Total Input Jitter      (TIJ):    0.000ns
    Discrete Jitter          (DJ):    0.000ns
    Phase Error              (PE):    0.000ns

    Location             Delay type                Incr(ns)  Path(ns)    Netlist Resource(s)
  -------------------------------------------------------------------    -------------------
                         (clock vclk rise edge)       0.000     0.000 r  <hidden>
                                                      0.000     0.000 r  clk
                         net (fo=173, unset)          0.973     0.973    clk
    SLICE_X35Y70         FDRE                                         r  d19_reg[1]/C
  -------------------------------------------------------------------    -------------------
    SLICE_X35Y70         FDRE (Prop_fdre_C_Q)         0.456     1.429 r  d19_reg[1]/Q
                         net (fo=3, routed)           0.644     2.073    d19[1]
    SLICE_X35Y70         CARRY4 (Prop_carry4_S[0]_O[0])
                                                      0.371     2.444 r  y_reg[5]_i_145/O[0]
                         net (fo=2, routed)           0.610     3.054    acc0[5]
    SLICE_X38Y69         LUT2 (Prop_lut2_I0_O)        0.299     3.353 r  y[5]_i_147/O
                         net (fo=1, routed)           0.000     3.353    y[5]_i_147_n_0
    SLICE_X38Y69         CARRY4 (Prop_carry4_S[2]_O[2])
                                                      0.250     3.603 r  y_reg[5]_i_144/O[2]
                         net (fo=1, routed)           0.400     4.003    y_reg[5]_i_144_n_5
    SLICE_X37Y68         LUT2 (Prop_lut2_I1_O)        0.301     4.304 r  y[5]_i_134/O
                         net (fo=1, routed)           0.000     4.304    y[5]_i_134_n_0
    SLICE_X37Y68         CARRY4 (Prop_carry4_S[3]_O[3])
                                                      0.248     4.552 r  y_reg[5]_i_127/O[3]
                         net (fo=1, routed)           0.449     5.001    y_reg[5]_i_127_n_4
    SLICE_X36Y71         LUT2 (Prop_lut2_I1_O)        0.306     5.307 r  y[5]_i_130/O
                         net (fo=1, routed)           0.000     5.307    y[5]_i_130_n_0
    SLICE_X36Y71         CARRY4 (Prop_carry4_S[2]_O[2])
                                                      0.250     5.557 r  y_reg[5]_i_126/O[2]
                         net (fo=1, routed)           0.581     6.138    y_reg[5]_i_126_n_5
    SLICE_X40Y71         LUT2 (Prop_lut2_I1_O)        0.301     6.439 r  y[5]_i_119/O
                         net (fo=1, routed)           0.000     6.439    y[5]_i_119_n_0
    SLICE_X40Y71         CARRY4 (Prop_carry4_S[3]_CO[3])
                                                      0.401     6.840 r  y_reg[5]_i_114/CO[3]
                         net (fo=1, routed)           0.000     6.840    y_reg[5]_i_114_n_0
    SLICE_X40Y72         CARRY4 (Prop_carry4_CI_O[0])
                                                      0.222     7.062 r  y_reg[15]_i_223/O[0]
                         net (fo=1, routed)           0.471     7.533    y_reg[15]_i_223_n_7
    SLICE_X39Y72         LUT2 (Prop_lut2_I1_O)        0.299     7.832 r  y[5]_i_117/O
                         net (fo=1, routed)           0.000     7.832    y[5]_i_117_n_0
    SLICE_X39Y72         CARRY4 (Prop_carry4_S[1]_O[2])
                                                      0.580     8.412 r  y_reg[5]_i_113/O[2]
                         net (fo=1, routed)           0.443     8.854    y_reg[5]_i_113_n_5
    SLICE_X37Y73         LUT2 (Prop_lut2_I1_O)        0.302     9.156 r  y[15]_i_205/O
                         net (fo=1, routed)           0.000     9.156    y[15]_i_205_n_0
    SLICE_X37Y73         CARRY4 (Prop_carry4_S[1]_O[2])
                                                      0.580     9.736 r  y_reg[15]_i_189/O[2]
                         net (fo=1, routed)           0.639    10.376    y_reg[15]_i_189_n_5
    SLICE_X37Y77         LUT2 (Prop_lut2_I1_O)        0.302    10.678 r  y[15]_i_184/O
                         net (fo=1, routed)           0.000    10.678    y[15]_i_184_n_0
    SLICE_X37Y77         CARRY4 (Prop_carry4_S[1]_O[2])
                                                      0.580    11.258 r  y_reg[15]_i_159/O[2]
                         net (fo=1, routed)           0.621    11.879    y_reg[15]_i_159_n_5
    SLICE_X38Y74         LUT2 (Prop_lut2_I1_O)        0.302    12.181 r  y[15]_i_164/O
                         net (fo=1, routed)           0.000    12.181    y[15]_i_164_n_0
    SLICE_X38Y74         CARRY4 (Prop_carry4_S[3]_O[3])
                                                      0.255    12.436 r  y_reg[15]_i_151/O[3]
                         net (fo=1, routed)           0.699    13.134    y_reg[15]_i_151_n_4
    SLICE_X38Y78         LUT2 (Prop_lut2_I1_O)        0.307    13.441 r  y[15]_i_132/O
                         net (fo=1, routed)           0.000    13.441    y[15]_i_132_n_0
    SLICE_X38Y78         CARRY4 (Prop_carry4_S[1]_O[1])
                                                      0.230    13.671 r  y_reg[15]_i_110/O[1]
                         net (fo=1, routed)           0.407    14.078    y_reg[15]_i_110_n_6
    SLICE_X39Y77         LUT2 (Prop_lut2_I1_O)        0.306    14.384 r  y[15]_i_119/O
                         net (fo=1, routed)           0.000    14.384    y[15]_i_119_n_0
    SLICE_X39Y77         CARRY4 (Prop_carry4_S[3]_CO[3])
                                                      0.401    14.785 r  y_reg[15]_i_104/CO[3]
                         net (fo=1, routed)           0.000    14.785    y_reg[15]_i_104_n_0
    SLICE_X39Y78         CARRY4 (Prop_carry4_CI_O[0])
                                                      0.222    15.007 r  y_reg[15]_i_94/O[0]
                         net (fo=1, routed)           0.452    15.459    y_reg[15]_i_94_n_7
    SLICE_X40Y77         LUT2 (Prop_lut2_I1_O)        0.299    15.758 r  y[15]_i_97/O
                         net (fo=1, routed)           0.000    15.758    y[15]_i_97_n_0
    SLICE_X40Y77         CARRY4 (Prop_carry4_S[3]_O[3])
                                                      0.248    16.006 r  y_reg[15]_i_82/O[3]
                         net (fo=1, routed)           0.456    16.462    y_reg[15]_i_82_n_4
    SLICE_X41Y77         LUT2 (Prop_lut2_I1_O)        0.306    16.768 r  y[15]_i_76/O
                         net (fo=1, routed)           0.000    16.768    y[15]_i_76_n_0
    SLICE_X41Y77         CARRY4 (Prop_carry4_S[0]_O[0])
                                                      0.247    17.015 r  y_reg[15]_i_50/O[0]
                         net (fo=1, routed)           0.418    17.433    y_reg[15]_i_50_n_7
    SLICE_X42Y77         LUT2 (Prop_lut2_I1_O)        0.299    17.732 r  y[15]_i_65/O
                         net (fo=1, routed)           0.000    17.732    y[15]_i_65_n_0
    SLICE_X42Y77         CARRY4 (Prop_carry4_S[2]_O[2])
                                                      0.250    17.982 r  y_reg[15]_i_48/O[2]
                         net (fo=1, routed)           0.439    18.421    y_reg[15]_i_48_n_5
    SLICE_X44Y78         LUT2 (Prop_lut2_I1_O)        0.301    18.722 r  y[15]_i_47/O
                         net (fo=1, routed)           0.000    18.722    y[15]_i_47_n_0
    SLICE_X44Y78         CARRY4 (Prop_carry4_S[0]_O[0])
                                                      0.247    18.969 r  y_reg[15]_i_25/O[0]
                         net (fo=1, routed)           0.588    19.557    y_reg[15]_i_25_n_7
    SLICE_X43Y75         LUT2 (Prop_lut2_I1_O)        0.299    19.856 r  y[15]_i_37/O
                         net (fo=1, routed)           0.000    19.856    y[15]_i_37_n_0
    SLICE_X43Y75         CARRY4 (Prop_carry4_S[3]_O[3])
                                                      0.248    20.104 r  y_reg[15]_i_23/O[3]
                         net (fo=1, routed)           0.480    20.584    y_reg[15]_i_23_n_4
    SLICE_X44Y74         LUT2 (Prop_lut2_I1_O)        0.306    20.890 r  y[15]_i_21/O
                         net (fo=1, routed)           0.000    20.890    y[15]_i_21_n_0
    SLICE_X44Y74         CARRY4 (Prop_carry4_S[0]_O[0])
                                                      0.247    21.137 r  y_reg[15]_i_8/O[0]
                         net (fo=1, routed)           0.450    21.587    y_reg[15]_i_8_n_7
    SLICE_X46Y73         LUT2 (Prop_lut2_I1_O)        0.299    21.886 r  y[15]_i_12/O
                         net (fo=1, routed)           0.000    21.886    y[15]_i_12_n_0
    SLICE_X46Y73         CARRY4 (Prop_carry4_S[3]_O[3])
                                                      0.255    22.141 r  y_reg[15]_i_7/O[3]
                         net (fo=1, routed)           0.464    22.604    y_reg[15]_i_7_n_4
    SLICE_X45Y75         LUT2 (Prop_lut2_I1_O)        0.307    22.911 r  y[13]_i_7/O
                         net (fo=1, routed)           0.000    22.911    y[13]_i_7_n_0
    SLICE_X45Y75         CARRY4 (Prop_carry4_S[0]_O[0])
                                                      0.247    23.158 r  y_reg[13]_i_2/O[0]
                         net (fo=1, routed)           0.448    23.606    C[10]
    SLICE_X47Y75         LUT2 (Prop_lut2_I1_O)        0.299    23.905 r  y[13]_i_3/O
                         net (fo=1, routed)           0.000    23.905    y[13]_i_3_n_0
    SLICE_X47Y75         CARRY4 (Prop_carry4_S[0]_O[0])
                                                      0.247    24.152 r  y_reg[13]_i_1/O[0]
                         net (fo=1, routed)           0.000    24.152    acc[10]
    SLICE_X47Y75         FDRE                                         r  y_reg[10]/D
  -------------------------------------------------------------------    -------------------

                         (clock vclk rise edge)      25.964    25.964 r  <hidden>
                                                      0.000    25.964 r  clk
                         net (fo=173, unset)          0.924    26.888    clk
    SLICE_X47Y75         FDRE                                         r  y_reg[10]/C
                         clock pessimism              0.000    26.888    <hidden>
                         clock uncertainty           -0.035    26.853    <hidden>
    SLICE_X47Y75         FDRE (Setup_fdre_C_D)        0.062    26.915    y_reg[10]
  -------------------------------------------------------------------
                         required time                         26.915    <hidden>
                         arrival time                         -24.152    <hidden>
  -------------------------------------------------------------------
                         slack                                  2.763    <hidden>

Slack (MET) :             3.387ns  (required time - arrival time)
  Source:                 d19_reg[1]/C
                            (rising edge-triggered cell FDRE clocked by vclk  {rise@0.000ns fall@12.982ns period=25.964ns})
  Destination:            y_reg[9]/D
                            (rising edge-triggered cell FDRE clocked by vclk  {rise@0.000ns fall@12.982ns period=25.964ns})
  Path Group:             vclk
  Path Type:              Setup (Max at Slow Process Corner)
  Requirement:            25.964ns  (vclk rise@25.964ns - vclk rise@0.000ns)
  Data Path Delay:        22.555ns  (logic 12.653ns (56.097%)  route 9.902ns (43.903%))
  Logic Levels:           40  (CARRY4=21 LUT2=19)
  Clock Path Skew:        -0.049ns (DCD - SCD + CPR)
    Destination Clock Delay (DCD):    0.924ns = ( 26.888 - 25.964 ) 
    Source Clock Delay      (SCD):    0.973ns
    Clock Pessimism Removal (CPR):    0.000ns
  Clock Uncertainty:      0.035ns  ((TSJ^2 + TIJ^2)^1/2 + DJ) / 2 + PE
    Total System Jitter     (TSJ):    0.071ns
    Total Input Jitter      (TIJ):    0.000ns
    Discrete Jitter          (DJ):    0.000ns
    Phase Error              (PE):    0.000ns

    Location             Delay type                Incr(ns)  Path(ns)    Netlist Resource(s)
  -------------------------------------------------------------------    -------------------
                         (clock vclk rise edge)       0.000     0.000 r  <hidden>
                                                      0.000     0.000 r  clk
                         net (fo=173, unset)          0.973     0.973    clk
    SLICE_X35Y70         FDRE                                         r  d19_reg[1]/C
  -------------------------------------------------------------------    -------------------
    SLICE_X35Y70         FDRE (Prop_fdre_C_Q)         0.456     1.429 r  d19_reg[1]/Q
                         net (fo=3, routed)           0.644     2.073    d19[1]
    SLICE_X35Y70         CARRY4 (Prop_carry4_S[0]_O[0])
                                                      0.371     2.444 r  y_reg[5]_i_145/O[0]
                         net (fo=2, routed)           0.610     3.054    acc0[5]
    SLICE_X38Y69         LUT2 (Prop_lut2_I0_O)        0.299     3.353 r  y[5]_i_147/O
                         net (fo=1, routed)           0.000     3.353    y[5]_i_147_n_0
    SLICE_X38Y69         CARRY4 (Prop_carry4_S[2]_O[2])
                                                      0.250     3.603 r  y_reg[5]_i_144/O[2]
                         net (fo=1, routed)           0.400     4.003    y_reg[5]_i_144_n_5
    SLICE_X37Y68         LUT2 (Prop_lut2_I1_O)        0.301     4.304 r  y[5]_i_134/O
                         net (fo=1, routed)           0.000     4.304    y[5]_i_134_n_0
    SLICE_X37Y68         CARRY4 (Prop_carry4_S[3]_O[3])
                                                      0.248     4.552 r  y_reg[5]_i_127/O[3]
                         net (fo=1, routed)           0.449     5.001    y_reg[5]_i_127_n_4
    SLICE_X36Y71         LUT2 (Prop_lut2_I1_O)        0.306     5.307 r  y[5]_i_130/O
                         net (fo=1, routed)           0.000     5.307    y[5]_i_130_n_0
    SLICE_X36Y71         CARRY4 (Prop_carry4_S[2]_O[2])
                                                      0.250     5.557 r  y_reg[5]_i_126/O[2]
                         net (fo=1, routed)           0.581     6.138    y_reg[5]_i_126_n_5
    SLICE_X40Y71         LUT2 (Prop_lut2_I1_O)        0.301     6.439 r  y[5]_i_119/O
                         net (fo=1, routed)           0.000     6.439    y[5]_i_119_n_0
    SLICE_X40Y71         CARRY4 (Prop_carry4_S[3]_CO[3])
                                                      0.401     6.840 r  y_reg[5]_i_114/CO[3]
                         net (fo=1, routed)           0.000     6.840    y_reg[5]_i_114_n_0
    SLICE_X40Y72         CARRY4 (Prop_carry4_CI_O[0])
                                                      0.222     7.062 r  y_reg[15]_i_223/O[0]
                         net (fo=1, routed)           0.471     7.533    y_reg[15]_i_223_n_7
    SLICE_X39Y72         LUT2 (Prop_lut2_I1_O)        0.299     7.832 r  y[5]_i_117/O
                         net (fo=1, routed)           0.000     7.832    y[5]_i_117_n_0
    SLICE_X39Y72         CARRY4 (Prop_carry4_S[1]_O[2])
                                                      0.580     8.412 r  y_reg[5]_i_113/O[2]
                         net (fo=1, routed)           0.443     8.854    y_reg[5]_i_113_n_5
    SLICE_X37Y73         LUT2 (Prop_lut2_I1_O)        0.302     9.156 r  y[15]_i_205/O
                         net (fo=1, routed)           0.000     9.156    y[15]_i_205_n_0
    SLICE_X37Y73         CARRY4 (Prop_carry4_S[1]_O[2])
                                                      0.580     9.736 r  y_reg[15]_i_189/O[2]
                         net (fo=1, routed)           0.639    10.376    y_reg[15]_i_189_n_5
    SLICE_X37Y77         LUT2 (Prop_lut2_I1_O)        0.302    10.678 r  y[15]_i_184/O
                         net (fo=1, routed)           0.000    10.678    y[15]_i_184_n_0
    SLICE_X37Y77         CARRY4 (Prop_carry4_S[1]_O[2])
                                                      0.580    11.258 r  y_reg[15]_i_159/O[2]
                         net (fo=1, routed)           0.621    11.879    y_reg[15]_i_159_n_5
    SLICE_X38Y74         LUT2 (Prop_lut2_I1_O)        0.302    12.181 r  y[15]_i_164/O
                         net (fo=1, routed)           0.000    12.181    y[15]_i_164_n_0
    SLICE_X38Y74         CARRY4 (Prop_carry4_S[3]_O[3])
                                                      0.255    12.436 r  y_reg[15]_i_151/O[3]
                         net (fo=1, routed)           0.699    13.134    y_reg[15]_i_151_n_4
    SLICE_X38Y78         LUT2 (Prop_lut2_I1_O)        0.307    13.441 r  y[15]_i_132/O
                         net (fo=1, routed)           0.000    13.441    y[15]_i_132_n_0
    SLICE_X38Y78         CARRY4 (Prop_carry4_S[1]_O[1])
                                                      0.230    13.671 r  y_reg[15]_i_110/O[1]
                         net (fo=1, routed)           0.407    14.078    y_reg[15]_i_110_n_6
    SLICE_X39Y77         LUT2 (Prop_lut2_I1_O)        0.306    14.384 r  y[15]_i_119/O
                         net (fo=1, routed)           0.000    14.384    y[15]_i_119_n_0
    SLICE_X39Y77         CARRY4 (Prop_carry4_S[3]_O[3])
                                                      0.248    14.632 r  y_reg[15]_i_104/O[3]
                         net (fo=1, routed)           0.444    15.076    y_reg[15]_i_104_n_4
    SLICE_X40Y77         LUT2 (Prop_lut2_I1_O)        0.306    15.382 r  y[15]_i_98/O
                         net (fo=1, routed)           0.000    15.382    y[15]_i_98_n_0
    SLICE_X40Y77         CARRY4 (Prop_carry4_S[2]_O[2])
                                                      0.248    15.630 r  y_reg[15]_i_82/O[2]
                         net (fo=1, routed)           0.454    16.085    y_reg[15]_i_82_n_5
    SLICE_X41Y76         LUT2 (Prop_lut2_I1_O)        0.302    16.387 r  y[15]_i_88/O
                         net (fo=1, routed)           0.000    16.387    y[15]_i_88_n_0
    SLICE_X41Y76         CARRY4 (Prop_carry4_S[3]_O[3])
                                                      0.248    16.635 r  y_reg[15]_i_70/O[3]
                         net (fo=1, routed)           0.438    17.073    y_reg[15]_i_70_n_4
    SLICE_X42Y77         LUT2 (Prop_lut2_I1_O)        0.306    17.379 r  y[15]_i_66/O
                         net (fo=1, routed)           0.000    17.379    y[15]_i_66_n_0
    SLICE_X42Y77         CARRY4 (Prop_carry4_S[1]_O[1])
                                                      0.230    17.609 r  y_reg[15]_i_48/O[1]
                         net (fo=1, routed)           0.310    17.920    y_reg[15]_i_48_n_6
    SLICE_X44Y77         LUT2 (Prop_lut2_I1_O)        0.306    18.226 r  y[15]_i_57/O
                         net (fo=1, routed)           0.000    18.226    y[15]_i_57_n_0
    SLICE_X44Y77         CARRY4 (Prop_carry4_S[3]_O[3])
                                                      0.248    18.474 r  y_reg[15]_i_43/O[3]
                         net (fo=1, routed)           0.454    18.928    y_reg[15]_i_43_n_4
    SLICE_X43Y75         LUT2 (Prop_lut2_I1_O)        0.306    19.234 r  y[15]_i_38/O
                         net (fo=1, routed)           0.000    19.234    y[15]_i_38_n_0
    SLICE_X43Y75         CARRY4 (Prop_carry4_S[2]_O[2])
                                                      0.248    19.482 r  y_reg[15]_i_23/O[2]
                         net (fo=1, routed)           0.488    19.969    y_reg[15]_i_23_n_5
    SLICE_X44Y73         LUT2 (Prop_lut2_I1_O)        0.302    20.271 r  y[15]_i_28/O
                         net (fo=1, routed)           0.000    20.271    y[15]_i_28_n_0
    SLICE_X44Y73         CARRY4 (Prop_carry4_S[3]_O[3])
                                                      0.248    20.519 r  y_reg[15]_i_16/O[3]
                         net (fo=1, routed)           0.469    20.988    y_reg[15]_i_16_n_4
    SLICE_X46Y73         LUT2 (Prop_lut2_I1_O)        0.306    21.294 r  y[15]_i_13/O
                         net (fo=1, routed)           0.000    21.294    y[15]_i_13_n_0
    SLICE_X46Y73         CARRY4 (Prop_carry4_S[2]_O[2])
                                                      0.250    21.544 r  y_reg[15]_i_7/O[2]
                         net (fo=1, routed)           0.433    21.978    y_reg[15]_i_7_n_5
    SLICE_X45Y74         LUT2 (Prop_lut2_I1_O)        0.301    22.279 r  y[13]_i_9/O
                         net (fo=1, routed)           0.000    22.279    y[13]_i_9_n_0
    SLICE_X45Y74         CARRY4 (Prop_carry4_S[3]_O[3])
                                                      0.248    22.527 r  y_reg[13]_i_4/O[3]
                         net (fo=1, routed)           0.448    22.974    C[9]
    SLICE_X47Y74         LUT2 (Prop_lut2_I1_O)        0.306    23.280 r  y[9]_i_2/O
                         net (fo=1, routed)           0.000    23.280    y[9]_i_2_n_0
    SLICE_X47Y74         CARRY4 (Prop_carry4_S[3]_O[3])
                                                      0.248    23.528 r  y_reg[9]_i_1/O[3]
                         net (fo=1, routed)           0.000    23.528    acc[9]
    SLICE_X47Y74         FDRE                                         r  y_reg[9]/D
  -------------------------------------------------------------------    -------------------

                         (clock vclk rise edge)      25.964    25.964 r  <hidden>
                                                      0.000    25.964 r  clk
                         net (fo=173, unset)          0.924    26.888    clk
    SLICE_X47Y74         FDRE                                         r  y_reg[9]/C
                         clock pessimism              0.000    26.888    <hidden>
                         clock uncertainty           -0.035    26.853    <hidden>
    SLICE_X47Y74         FDRE (Setup_fdre_C_D)        0.062    26.915    y_reg[9]
  -------------------------------------------------------------------
                         required time                         26.915    <hidden>
                         arrival time                         -23.528    <hidden>
  -------------------------------------------------------------------
                         slack                                  3.387    <hidden>

Slack (MET) :             3.594ns  (required time - arrival time)
  Source:                 d19_reg[1]/C
                            (rising edge-triggered cell FDRE clocked by vclk  {rise@0.000ns fall@12.982ns period=25.964ns})
  Destination:            y_reg[8]/D
                            (rising edge-triggered cell FDRE clocked by vclk  {rise@0.000ns fall@12.982ns period=25.964ns})
  Path Group:             vclk
  Path Type:              Setup (Max at Slow Process Corner)
  Requirement:            25.964ns  (vclk rise@25.964ns - vclk rise@0.000ns)
  Data Path Delay:        22.348ns  (logic 12.307ns (55.070%)  route 10.041ns (44.930%))
  Logic Levels:           40  (CARRY4=22 LUT2=18)
  Clock Path Skew:        -0.049ns (DCD - SCD + CPR)
    Destination Clock Delay (DCD):    0.924ns = ( 26.888 - 25.964 ) 
    Source Clock Delay      (SCD):    0.973ns
    Clock Pessimism Removal (CPR):    0.000ns
  Clock Uncertainty:      0.035ns  ((TSJ^2 + TIJ^2)^1/2 + DJ) / 2 + PE
    Total System Jitter     (TSJ):    0.071ns
    Total Input Jitter      (TIJ):    0.000ns
    Discrete Jitter          (DJ):    0.000ns
    Phase Error              (PE):    0.000ns

    Location             Delay type                Incr(ns)  Path(ns)    Netlist Resource(s)
  -------------------------------------------------------------------    -------------------
                         (clock vclk rise edge)       0.000     0.000 r  <hidden>
                                                      0.000     0.000 r  clk
                         net (fo=173, unset)          0.973     0.973    clk
    SLICE_X35Y70         FDRE                                         r  d19_reg[1]/C
  -------------------------------------------------------------------    -------------------
    SLICE_X35Y70         FDRE (Prop_fdre_C_Q)         0.456     1.429 r  d19_reg[1]/Q
                         net (fo=3, routed)           0.644     2.073    d19[1]
    SLICE_X35Y70         CARRY4 (Prop_carry4_S[0]_O[0])
                                                      0.371     2.444 r  y_reg[5]_i_145/O[0]
                         net (fo=2, routed)           0.610     3.054    acc0[5]
    SLICE_X38Y69         LUT2 (Prop_lut2_I0_O)        0.299     3.353 r  y[5]_i_147/O
                         net (fo=1, routed)           0.000     3.353    y[5]_i_147_n_0
    SLICE_X38Y69         CARRY4 (Prop_carry4_S[2]_O[2])
                                                      0.250     3.603 r  y_reg[5]_i_144/O[2]
                         net (fo=1, routed)           0.400     4.003    y_reg[5]_i_144_n_5
    SLICE_X37Y68         LUT2 (Prop_lut2_I1_O)        0.301     4.304 r  y[5]_i_134/O
                         net (fo=1, routed)           0.000     4.304    y[5]_i_134_n_0
    SLICE_X37Y68         CARRY4 (Prop_carry4_S[3]_O[3])
                                                      0.248     4.552 r  y_reg[5]_i_127/O[3]
                         net (fo=1, routed)           0.449     5.001    y_reg[5]_i_127_n_4
    SLICE_X36Y71         LUT2 (Prop_lut2_I1_O)        0.306     5.307 r  y[5]_i_130/O
                         net (fo=1, routed)           0.000     5.307    y[5]_i_130_n_0
    SLICE_X36Y71         CARRY4 (Prop_carry4_S[2]_O[2])
                                                      0.250     5.557 r  y_reg[5]_i_126/O[2]
                         net (fo=1, routed)           0.581     6.138    y_reg[5]_i_126_n_5
    SLICE_X40Y71         LUT2 (Prop_lut2_I1_O)        0.301     6.439 r  y[5]_i_119/O
                         net (fo=1, routed)           0.000     6.439    y[5]_i_119_n_0
    SLICE_X40Y71         CARRY4 (Prop_carry4_S[3]_O[3])
                                                      0.248     6.687 r  y_reg[5]_i_114/O[3]
                         net (fo=1, routed)           0.450     7.137    y_reg[5]_i_114_n_4
    SLICE_X39Y72         CARRY4 (Prop_carry4_S[0]_O[0])
                                                      0.553     7.690 r  y_reg[5]_i_113/O[0]
                         net (fo=1, routed)           0.291     7.981    y_reg[5]_i_113_n_7
    SLICE_X37Y72         LUT2 (Prop_lut2_I1_O)        0.299     8.280 r  y[5]_i_103/O
                         net (fo=1, routed)           0.000     8.280    y[5]_i_103_n_0
    SLICE_X37Y72         CARRY4 (Prop_carry4_S[3]_O[3])
                                                      0.248     8.528 r  y_reg[5]_i_96/O[3]
                         net (fo=1, routed)           0.616     9.144    y_reg[5]_i_96_n_4
    SLICE_X37Y76         LUT2 (Prop_lut2_I1_O)        0.306     9.450 r  y[5]_i_99/O
                         net (fo=1, routed)           0.000     9.450    y[5]_i_99_n_0
    SLICE_X37Y76         CARRY4 (Prop_carry4_S[2]_O[2])
                                                      0.248     9.698 r  y_reg[5]_i_95/O[2]
                         net (fo=1, routed)           0.593    10.291    y_reg[5]_i_95_n_5
    SLICE_X38Y73         LUT2 (Prop_lut2_I1_O)        0.302    10.593 r  y[5]_i_81/O
                         net (fo=1, routed)           0.000    10.593    y[5]_i_81_n_0
    SLICE_X38Y73         CARRY4 (Prop_carry4_S[3]_O[3])
                                                      0.255    10.848 r  y_reg[5]_i_74/O[3]
                         net (fo=1, routed)           0.699    11.547    y_reg[5]_i_74_n_4
    SLICE_X38Y77         LUT2 (Prop_lut2_I1_O)        0.307    11.854 r  y[5]_i_78/O
                         net (fo=1, routed)           0.000    11.854    y[5]_i_78_n_0
    SLICE_X38Y77         CARRY4 (Prop_carry4_S[1]_O[1])
                                                      0.230    12.084 r  y_reg[5]_i_73/O[1]
                         net (fo=1, routed)           0.407    12.491    y_reg[5]_i_73_n_6
    SLICE_X39Y76         LUT2 (Prop_lut2_I1_O)        0.306    12.797 r  y[5]_i_65/O
                         net (fo=1, routed)           0.000    12.797    y[5]_i_65_n_0
    SLICE_X39Y76         CARRY4 (Prop_carry4_S[3]_O[3])
                                                      0.248    13.045 r  y_reg[5]_i_59/O[3]
                         net (fo=1, routed)           0.444    13.489    y_reg[5]_i_59_n_4
    SLICE_X40Y76         LUT2 (Prop_lut2_I1_O)        0.306    13.795 r  y[5]_i_61/O
                         net (fo=1, routed)           0.000    13.795    y[5]_i_61_n_0
    SLICE_X40Y76         CARRY4 (Prop_carry4_S[2]_O[2])
                                                      0.248    14.043 r  y_reg[5]_i_58/O[2]
                         net (fo=1, routed)           0.469    14.512    y_reg[5]_i_58_n_5
    SLICE_X41Y75         LUT2 (Prop_lut2_I1_O)        0.302    14.814 r  y[5]_i_51/O
                         net (fo=1, routed)           0.000    14.814    y[5]_i_51_n_0
    SLICE_X41Y75         CARRY4 (Prop_carry4_S[3]_CO[3])
                                                      0.401    15.215 r  y_reg[5]_i_46/CO[3]
                         net (fo=1, routed)           0.000    15.215    y_reg[5]_i_46_n_0
    SLICE_X41Y76         CARRY4 (Prop_carry4_CI_O[0])
                                                      0.222    15.437 r  y_reg[15]_i_70/O[0]
                         net (fo=1, routed)           0.418    15.855    y_reg[15]_i_70_n_7
    SLICE_X42Y76         LUT2 (Prop_lut2_I1_O)        0.299    16.154 r  y[5]_i_48/O
                         net (fo=1, routed)           0.000    16.154    y[5]_i_48_n_0
    SLICE_X42Y76         CARRY4 (Prop_carry4_S[2]_O[2])
                                                      0.250    16.404 r  y_reg[5]_i_45/O[2]
                         net (fo=1, routed)           0.439    16.843    y_reg[5]_i_45_n_5
    SLICE_X44Y77         LUT2 (Prop_lut2_I1_O)        0.301    17.144 r  y[15]_i_60/O
                         net (fo=1, routed)           0.000    17.144    y[15]_i_60_n_0
    SLICE_X44Y77         CARRY4 (Prop_carry4_S[0]_O[0])
                                                      0.247    17.391 r  y_reg[15]_i_43/O[0]
                         net (fo=1, routed)           0.658    18.048    y_reg[15]_i_43_n_7
    SLICE_X43Y74         LUT2 (Prop_lut2_I1_O)        0.299    18.347 r  y[5]_i_30/O
                         net (fo=1, routed)           0.000    18.347    y[5]_i_30_n_0
    SLICE_X43Y74         CARRY4 (Prop_carry4_S[3]_O[3])
                                                      0.248    18.595 r  y_reg[5]_i_27/O[3]
                         net (fo=1, routed)           0.453    19.048    y_reg[5]_i_27_n_4
    SLICE_X44Y73         LUT2 (Prop_lut2_I1_O)        0.306    19.354 r  y[15]_i_31/O
                         net (fo=1, routed)           0.000    19.354    y[15]_i_31_n_0
    SLICE_X44Y73         CARRY4 (Prop_carry4_S[0]_O[0])
                                                      0.247    19.601 r  y_reg[15]_i_16/O[0]
                         net (fo=1, routed)           0.450    20.051    y_reg[15]_i_16_n_7
    SLICE_X46Y72         LUT2 (Prop_lut2_I1_O)        0.299    20.350 r  y[5]_i_16/O
                         net (fo=1, routed)           0.000    20.350    y[5]_i_16_n_0
    SLICE_X46Y72         CARRY4 (Prop_carry4_S[3]_CO[3])
                                                      0.376    20.726 r  y_reg[5]_i_14/CO[3]
                         net (fo=1, routed)           0.000    20.726    y_reg[5]_i_14_n_0
    SLICE_X46Y73         CARRY4 (Prop_carry4_CI_O[0])
                                                      0.219    20.945 r  y_reg[15]_i_7/O[0]
                         net (fo=1, routed)           0.427    21.372    y_reg[15]_i_7_n_7
    SLICE_X45Y74         LUT2 (Prop_lut2_I1_O)        0.295    21.667 r  y[13]_i_11/O
                         net (fo=1, routed)           0.000    21.667    y[13]_i_11_n_0
    SLICE_X45Y74         CARRY4 (Prop_carry4_S[1]_O[1])
                                                      0.227    21.894 r  y_reg[13]_i_4/O[1]
                         net (fo=1, routed)           0.544    22.438    C[7]
    SLICE_X47Y74         LUT2 (Prop_lut2_I1_O)        0.303    22.741 r  y[9]_i_4/O
                         net (fo=1, routed)           0.000    22.741    y[9]_i_4_n_0
    SLICE_X47Y74         CARRY4 (Prop_carry4_S[1]_O[2])
                                                      0.580    23.321 r  y_reg[9]_i_1/O[2]
                         net (fo=1, routed)           0.000    23.321    acc[8]
    SLICE_X47Y74         FDRE                                         r  y_reg[8]/D
  -------------------------------------------------------------------    -------------------

                         (clock vclk rise edge)      25.964    25.964 r  <hidden>
                                                      0.000    25.964 r  clk
                         net (fo=173, unset)          0.924    26.888    clk
    SLICE_X47Y74         FDRE                                         r  y_reg[8]/C
                         clock pessimism              0.000    26.888    <hidden>
                         clock uncertainty           -0.035    26.853    <hidden>
    SLICE_X47Y74         FDRE (Setup_fdre_C_D)        0.062    26.915    y_reg[8]
  -------------------------------------------------------------------
                         required time                         26.915    <hidden>
                         arrival time                         -23.321    <hidden>
  -------------------------------------------------------------------
                         slack                                  3.594    <hidden>

Slack (MET) :             3.947ns  (required time - arrival time)
  Source:                 d19_reg[1]/C
                            (rising edge-triggered cell FDRE clocked by vclk  {rise@0.000ns fall@12.982ns period=25.964ns})
  Destination:            y_reg[7]/D
                            (rising edge-triggered cell FDRE clocked by vclk  {rise@0.000ns fall@12.982ns period=25.964ns})
  Path Group:             vclk
  Path Type:              Setup (Max at Slow Process Corner)
  Requirement:            25.964ns  (vclk rise@25.964ns - vclk rise@0.000ns)
  Data Path Delay:        21.995ns  (logic 11.954ns (54.349%)  route 10.041ns (45.651%))
  Logic Levels:           40  (CARRY4=22 LUT2=18)
  Clock Path Skew:        -0.049ns (DCD - SCD + CPR)
    Destination Clock Delay (DCD):    0.924ns = ( 26.888 - 25.964 ) 
    Source Clock Delay      (SCD):    0.973ns
    Clock Pessimism Removal (CPR):    0.000ns
  Clock Uncertainty:      0.035ns  ((TSJ^2 + TIJ^2)^1/2 + DJ) / 2 + PE
    Total System Jitter     (TSJ):    0.071ns
    Total Input Jitter      (TIJ):    0.000ns
    Discrete Jitter          (DJ):    0.000ns
    Phase Error              (PE):    0.000ns

    Location             Delay type                Incr(ns)  Path(ns)    Netlist Resource(s)
  -------------------------------------------------------------------    -------------------
                         (clock vclk rise edge)       0.000     0.000 r  <hidden>
                                                      0.000     0.000 r  clk
                         net (fo=173, unset)          0.973     0.973    clk
    SLICE_X35Y70         FDRE                                         r  d19_reg[1]/C
  -------------------------------------------------------------------    -------------------
    SLICE_X35Y70         FDRE (Prop_fdre_C_Q)         0.456     1.429 r  d19_reg[1]/Q
                         net (fo=3, routed)           0.644     2.073    d19[1]
    SLICE_X35Y70         CARRY4 (Prop_carry4_S[0]_O[0])
                                                      0.371     2.444 r  y_reg[5]_i_145/O[0]
                         net (fo=2, routed)           0.610     3.054    acc0[5]
    SLICE_X38Y69         LUT2 (Prop_lut2_I0_O)        0.299     3.353 r  y[5]_i_147/O
                         net (fo=1, routed)           0.000     3.353    y[5]_i_147_n_0
    SLICE_X38Y69         CARRY4 (Prop_carry4_S[2]_O[2])
                                                      0.250     3.603 r  y_reg[5]_i_144/O[2]
                         net (fo=1, routed)           0.400     4.003    y_reg[5]_i_144_n_5
    SLICE_X37Y68         LUT2 (Prop_lut2_I1_O)        0.301     4.304 r  y[5]_i_134/O
                         net (fo=1, routed)           0.000     4.304    y[5]_i_134_n_0
    SLICE_X37Y68         CARRY4 (Prop_carry4_S[3]_O[3])
                                                      0.248     4.552 r  y_reg[5]_i_127/O[3]
                         net (fo=1, routed)           0.449     5.001    y_reg[5]_i_127_n_4
    SLICE_X36Y71         LUT2 (Prop_lut2_I1_O)        0.306     5.307 r  y[5]_i_130/O
                         net (fo=1, routed)           0.000     5.307    y[5]_i_130_n_0
    SLICE_X36Y71         CARRY4 (Prop_carry4_S[2]_O[2])
                                                      0.250     5.557 r  y_reg[5]_i_126/O[2]
                         net (fo=1, routed)           0.581     6.138    y_reg[5]_i_126_n_5
    SLICE_X40Y71         LUT2 (Prop_lut2_I1_O)        0.301     6.439 r  y[5]_i_119/O
                         net (fo=1, routed)           0.000     6.439    y[5]_i_119_n_0
    SLICE_X40Y71         CARRY4 (Prop_carry4_S[3]_O[3])
                                                      0.248     6.687 r  y_reg[5]_i_114/O[3]
                         net (fo=1, routed)           0.450     7.137    y_reg[5]_i_114_n_4
    SLICE_X39Y72         CARRY4 (Prop_carry4_S[0]_O[0])
                                                      0.553     7.690 r  y_reg[5]_i_113/O[0]
                         net (fo=1, routed)           0.291     7.981    y_reg[5]_i_113_n_7
    SLICE_X37Y72         LUT2 (Prop_lut2_I1_O)        0.299     8.280 r  y[5]_i_103/O
                         net (fo=1, routed)           0.000     8.280    y[5]_i_103_n_0
    SLICE_X37Y72         CARRY4 (Prop_carry4_S[3]_O[3])
                                                      0.248     8.528 r  y_reg[5]_i_96/O[3]
                         net (fo=1, routed)           0.616     9.144    y_reg[5]_i_96_n_4
    SLICE_X37Y76         LUT2 (Prop_lut2_I1_O)        0.306     9.450 r  y[5]_i_99/O
                         net (fo=1, routed)           0.000     9.450    y[5]_i_99_n_0
    SLICE_X37Y76         CARRY4 (Prop_carry4_S[2]_O[2])
                                                      0.248     9.698 r  y_reg[5]_i_95/O[2]
                         net (fo=1, routed)           0.593    10.291    y_reg[5]_i_95_n_5
    SLICE_X38Y73         LUT2 (Prop_lut2_I1_O)        0.302    10.593 r  y[5]_i_81/O
                         net (fo=1, routed)           0.000    10.593    y[5]_i_81_n_0
    SLICE_X38Y73         CARRY4 (Prop_carry4_S[3]_O[3])
                                                      0.255    10.848 r  y_reg[5]_i_74/O[3]
                         net (fo=1, routed)           0.699    11.547    y_reg[5]_i_74_n_4
    SLICE_X38Y77         LUT2 (Prop_lut2_I1_O)        0.307    11.854 r  y[5]_i_78/O
                         net (fo=1, routed)           0.000    11.854    y[5]_i_78_n_0
    SLICE_X38Y77         CARRY4 (Prop_carry4_S[1]_O[1])
                                                      0.230    12.084 r  y_reg[5]_i_73/O[1]
                         net (fo=1, routed)           0.407    12.491    y_reg[5]_i_73_n_6
    SLICE_X39Y76         LUT2 (Prop_lut2_I1_O)        0.306    12.797 r  y[5]_i_65/O
                         net (fo=1, routed)           0.000    12.797    y[5]_i_65_n_0
    SLICE_X39Y76         CARRY4 (Prop_carry4_S[3]_O[3])
                                                      0.248    13.045 r  y_reg[5]_i_59/O[3]
                         net (fo=1, routed)           0.444    13.489    y_reg[5]_i_59_n_4
    SLICE_X40Y76         LUT2 (Prop_lut2_I1_O)        0.306    13.795 r  y[5]_i_61/O
                         net (fo=1, routed)           0.000    13.795    y[5]_i_61_n_0
    SLICE_X40Y76         CARRY4 (Prop_carry4_S[2]_O[2])
                                                      0.248    14.043 r  y_reg[5]_i_58/O[2]
                         net (fo=1, routed)           0.469    14.512    y_reg[5]_i_58_n_5
    SLICE_X41Y75         LUT2 (Prop_lut2_I1_O)        0.302    14.814 r  y[5]_i_51/O
                         net (fo=1, routed)           0.000    14.814    y[5]_i_51_n_0
    SLICE_X41Y75         CARRY4 (Prop_carry4_S[3]_CO[3])
                                                      0.401    15.215 r  y_reg[5]_i_46/CO[3]
                         net (fo=1, routed)           0.000    15.215    y_reg[5]_i_46_n_0
    SLICE_X41Y76         CARRY4 (Prop_carry4_CI_O[0])
                                                      0.222    15.437 r  y_reg[15]_i_70/O[0]
                         net (fo=1, routed)           0.418    15.855    y_reg[15]_i_70_n_7
    SLICE_X42Y76         LUT2 (Prop_lut2_I1_O)        0.299    16.154 r  y[5]_i_48/O
                         net (fo=1, routed)           0.000    16.154    y[5]_i_48_n_0
    SLICE_X42Y76         CARRY4 (Prop_carry4_S[2]_O[2])
                                                      0.250    16.404 r  y_reg[5]_i_45/O[2]
                         net (fo=1, routed)           0.439    16.843    y_reg[5]_i_45_n_5
    SLICE_X44Y77         LUT2 (Prop_lut2_I1_O)        0.301    17.144 r  y[15]_i_60/O
                         net (fo=1, routed)           0.000    17.144    y[15]_i_60_n_0
    SLICE_X44Y77         CARRY4 (Prop_carry4_S[0]_O[0])
                                                      0.247    17.391 r  y_reg[15]_i_43/O[0]
                         net (fo=1, routed)           0.658    18.048    y_reg[15]_i_43_n_7
    SLICE_X43Y74         LUT2 (Prop_lut2_I1_O)        0.299    18.347 r  y[5]_i_30/O
                         net (fo=1, routed)           0.000    18.347    y[5]_i_30_n_0
    SLICE_X43Y74         CARRY4 (Prop_carry4_S[3]_O[3])
                                                      0.248    18.595 r  y_reg[5]_i_27/O[3]
                         net (fo=1, routed)           0.453    19.048    y_reg[5]_i_27_n_4
    SLICE_X44Y73         LUT2 (Prop_lut2_I1_O)        0.306    19.354 r  y[15]_i_31/O
                         net (fo=1, routed)           0.000    19.354    y[15]_i_31_n_0
    SLICE_X44Y73         CARRY4 (Prop_carry4_S[0]_O[0])
                                                      0.247    19.601 r  y_reg[15]_i_16/O[0]
                         net (fo=1, routed)           0.450    20.051    y_reg[15]_i_16_n_7
    SLICE_X46Y72         LUT2 (Prop_lut2_I1_O)        0.299    20.350 r  y[5]_i_16/O
                         net (fo=1, routed)           0.000    20.350    y[5]_i_16_n_0
    SLICE_X46Y72         CARRY4 (Prop_carry4_S[3]_CO[3])
                                                      0.376    20.726 r  y_reg[5]_i_14/CO[3]
                         net (fo=1, routed)           0.000    20.726    y_reg[5]_i_14_n_0
    SLICE_X46Y73         CARRY4 (Prop_carry4_CI_O[0])
                                                      0.219    20.945 r  y_reg[15]_i_7/O[0]
                         net (fo=1, routed)           0.427    21.372    y_reg[15]_i_7_n_7
    SLICE_X45Y74         LUT2 (Prop_lut2_I1_O)        0.295    21.667 r  y[13]_i_11/O
                         net (fo=1, routed)           0.000    21.667    y[13]_i_11_n_0
    SLICE_X45Y74         CARRY4 (Prop_carry4_S[1]_O[1])
                                                      0.227    21.894 r  y_reg[13]_i_4/O[1]
                         net (fo=1, routed)           0.544    22.438    C[7]
    SLICE_X47Y74         LUT2 (Prop_lut2_I1_O)        0.303    22.741 r  y[9]_i_4/O
                         net (fo=1, routed)           0.000    22.741    y[9]_i_4_n_0
    SLICE_X47Y74         CARRY4 (Prop_carry4_S[1]_O[1])
                                                      0.227    22.968 r  y_reg[9]_i_1/O[1]
                         net (fo=1, routed)           0.000    22.968    acc[7]
    SLICE_X47Y74         FDRE                                         r  y_reg[7]/D
  -------------------------------------------------------------------    -------------------

                         (clock vclk rise edge)      25.964    25.964 r  <hidden>
                                                      0.000    25.964 r  clk
                         net (fo=173, unset)          0.924    26.888    clk
    SLICE_X47Y74         FDRE                                         r  y_reg[7]/C
                         clock pessimism              0.000    26.888    <hidden>
                         clock uncertainty           -0.035    26.853    <hidden>
    SLICE_X47Y74         FDRE (Setup_fdre_C_D)        0.062    26.915    y_reg[7]
  -------------------------------------------------------------------
                         required time                         26.915    <hidden>
                         arrival time                         -22.968    <hidden>
  -------------------------------------------------------------------
                         slack                                  3.947    <hidden>

Slack (MET) :             4.271ns  (required time - arrival time)
  Source:                 d19_reg[1]/C
                            (rising edge-triggered cell FDRE clocked by vclk  {rise@0.000ns fall@12.982ns period=25.964ns})
  Destination:            y_reg[6]/D
                            (rising edge-triggered cell FDRE clocked by vclk  {rise@0.000ns fall@12.982ns period=25.964ns})
  Path Group:             vclk
  Path Type:              Setup (Max at Slow Process Corner)
  Requirement:            25.964ns  (vclk rise@25.964ns - vclk rise@0.000ns)
  Data Path Delay:        21.671ns  (logic 11.662ns (53.814%)  route 10.009ns (46.186%))
  Logic Levels:           39  (CARRY4=21 LUT2=18)
  Clock Path Skew:        -0.049ns (DCD - SCD + CPR)
    Destination Clock Delay (DCD):    0.924ns = ( 26.888 - 25.964 ) 
    Source Clock Delay      (SCD):    0.973ns
    Clock Pessimism Removal (CPR):    0.000ns
  Clock Uncertainty:      0.035ns  ((TSJ^2 + TIJ^2)^1/2 + DJ) / 2 + PE
    Total System Jitter     (TSJ):    0.071ns
    Total Input Jitter      (TIJ):    0.000ns
    Discrete Jitter          (DJ):    0.000ns
    Phase Error              (PE):    0.000ns

    Location             Delay type                Incr(ns)  Path(ns)    Netlist Resource(s)
  -------------------------------------------------------------------    -------------------
                         (clock vclk rise edge)       0.000     0.000 r  <hidden>
                                                      0.000     0.000 r  clk
                         net (fo=173, unset)          0.973     0.973    clk
    SLICE_X35Y70         FDRE                                         r  d19_reg[1]/C
  -------------------------------------------------------------------    -------------------
    SLICE_X35Y70         FDRE (Prop_fdre_C_Q)         0.456     1.429 r  d19_reg[1]/Q
                         net (fo=3, routed)           0.644     2.073    d19[1]
    SLICE_X35Y70         CARRY4 (Prop_carry4_S[0]_O[0])
                                                      0.371     2.444 r  y_reg[5]_i_145/O[0]
                         net (fo=2, routed)           0.610     3.054    acc0[5]
    SLICE_X38Y69         LUT2 (Prop_lut2_I0_O)        0.299     3.353 r  y[5]_i_147/O
                         net (fo=1, routed)           0.000     3.353    y[5]_i_147_n_0
    SLICE_X38Y69         CARRY4 (Prop_carry4_S[2]_O[2])
                                                      0.250     3.603 r  y_reg[5]_i_144/O[2]
                         net (fo=1, routed)           0.400     4.003    y_reg[5]_i_144_n_5
    SLICE_X37Y68         LUT2 (Prop_lut2_I1_O)        0.301     4.304 r  y[5]_i_134/O
                         net (fo=1, routed)           0.000     4.304    y[5]_i_134_n_0
    SLICE_X37Y68         CARRY4 (Prop_carry4_S[3]_O[3])
                                                      0.248     4.552 r  y_reg[5]_i_127/O[3]
                         net (fo=1, routed)           0.449     5.001    y_reg[5]_i_127_n_4
    SLICE_X36Y71         LUT2 (Prop_lut2_I1_O)        0.306     5.307 r  y[5]_i_130/O
                         net (fo=1, routed)           0.000     5.307    y[5]_i_130_n_0
    SLICE_X36Y71         CARRY4 (Prop_carry4_S[2]_O[2])
                                                      0.250     5.557 r  y_reg[5]_i_126/O[2]
                         net (fo=1, routed)           0.581     6.138    y_reg[5]_i_126_n_5
    SLICE_X40Y71         LUT2 (Prop_lut2_I1_O)        0.301     6.439 r  y[5]_i_119/O
                         net (fo=1, routed)           0.000     6.439    y[5]_i_119_n_0
    SLICE_X40Y71         CARRY4 (Prop_carry4_S[3]_O[3])
                                                      0.248     6.687 r  y_reg[5]_i_114/O[3]
                         net (fo=1, routed)           0.450     7.137    y_reg[5]_i_114_n_4
    SLICE_X39Y72         CARRY4 (Prop_carry4_S[0]_O[0])
                                                      0.553     7.690 r  y_reg[5]_i_113/O[0]
                         net (fo=1, routed)           0.291     7.981    y_reg[5]_i_113_n_7
    SLICE_X37Y72         LUT2 (Prop_lut2_I1_O)        0.299     8.280 r  y[5]_i_103/O
                         net (fo=1, routed)           0.000     8.280    y[5]_i_103_n_0
    SLICE_X37Y72         CARRY4 (Prop_carry4_S[3]_O[3])
                                                      0.248     8.528 r  y_reg[5]_i_96/O[3]
                         net (fo=1, routed)           0.616     9.144    y_reg[5]_i_96_n_4
    SLICE_X37Y76         LUT2 (Prop_lut2_I1_O)        0.306     9.450 r  y[5]_i_99/O
                         net (fo=1, routed)           0.000     9.450    y[5]_i_99_n_0
    SLICE_X37Y76         CARRY4 (Prop_carry4_S[2]_O[2])
                                                      0.248     9.698 r  y_reg[5]_i_95/O[2]
                         net (fo=1, routed)           0.593    10.291    y_reg[5]_i_95_n_5
    SLICE_X38Y73         LUT2 (Prop_lut2_I1_O)        0.302    10.593 r  y[5]_i_81/O
                         net (fo=1, routed)           0.000    10.593    y[5]_i_81_n_0
    SLICE_X38Y73         CARRY4 (Prop_carry4_S[3]_O[3])
                                                      0.255    10.848 r  y_reg[5]_i_74/O[3]
                         net (fo=1, routed)           0.699    11.547    y_reg[5]_i_74_n_4
    SLICE_X38Y77         LUT2 (Prop_lut2_I1_O)        0.307    11.854 r  y[5]_i_78/O
                         net (fo=1, routed)           0.000    11.854    y[5]_i_78_n_0
    SLICE_X38Y77         CARRY4 (Prop_carry4_S[1]_O[1])
                                                      0.230    12.084 r  y_reg[5]_i_73/O[1]
                         net (fo=1, routed)           0.407    12.491    y_reg[5]_i_73_n_6
    SLICE_X39Y76         LUT2 (Prop_lut2_I1_O)        0.306    12.797 r  y[5]_i_65/O
                         net (fo=1, routed)           0.000    12.797    y[5]_i_65_n_0
    SLICE_X39Y76         CARRY4 (Prop_carry4_S[3]_O[3])
                                                      0.248    13.045 r  y_reg[5]_i_59/O[3]
                         net (fo=1, routed)           0.444    13.489    y_reg[5]_i_59_n_4
    SLICE_X40Y76         LUT2 (Prop_lut2_I1_O)        0.306    13.795 r  y[5]_i_61/O
                         net (fo=1, routed)           0.000    13.795    y[5]_i_61_n_0
    SLICE_X40Y76         CARRY4 (Prop_carry4_S[2]_O[2])
                                                      0.248    14.043 r  y_reg[5]_i_58/O[2]
                         net (fo=1, routed)           0.469    14.512    y_reg[5]_i_58_n_5
    SLICE_X41Y75         LUT2 (Prop_lut2_I1_O)        0.302    14.814 r  y[5]_i_51/O
                         net (fo=1, routed)           0.000    14.814    y[5]_i_51_n_0
    SLICE_X41Y75         CARRY4 (Prop_carry4_S[3]_CO[3])
                                                      0.401    15.215 r  y_reg[5]_i_46/CO[3]
                         net (fo=1, routed)           0.000    15.215    y_reg[5]_i_46_n_0
    SLICE_X41Y76         CARRY4 (Prop_carry4_CI_O[0])
                                                      0.222    15.437 r  y_reg[15]_i_70/O[0]
                         net (fo=1, routed)           0.418    15.855    y_reg[15]_i_70_n_7
    SLICE_X42Y76         LUT2 (Prop_lut2_I1_O)        0.299    16.154 r  y[5]_i_48/O
                         net (fo=1, routed)           0.000    16.154    y[5]_i_48_n_0
    SLICE_X42Y76         CARRY4 (Prop_carry4_S[2]_O[2])
                                                      0.250    16.404 r  y_reg[5]_i_45/O[2]
                         net (fo=1, routed)           0.439    16.843    y_reg[5]_i_45_n_5
    SLICE_X44Y77         LUT2 (Prop_lut2_I1_O)        0.301    17.144 r  y[15]_i_60/O
                         net (fo=1, routed)           0.000    17.144    y[15]_i_60_n_0
    SLICE_X44Y77         CARRY4 (Prop_carry4_S[0]_O[0])
                                                      0.247    17.391 r  y_reg[15]_i_43/O[0]
                         net (fo=1, routed)           0.658    18.048    y_reg[15]_i_43_n_7
    SLICE_X43Y74         LUT2 (Prop_lut2_I1_O)        0.299    18.347 r  y[5]_i_30/O
                         net (fo=1, routed)           0.000    18.347    y[5]_i_30_n_0
    SLICE_X43Y74         CARRY4 (Prop_carry4_S[3]_O[3])
                                                      0.248    18.595 r  y_reg[5]_i_27/O[3]
                         net (fo=1, routed)           0.453    19.048    y_reg[5]_i_27_n_4
    SLICE_X44Y73         LUT2 (Prop_lut2_I1_O)        0.306    19.354 r  y[15]_i_31/O
                         net (fo=1, routed)           0.000    19.354    y[15]_i_31_n_0
    SLICE_X44Y73         CARRY4 (Prop_carry4_S[0]_O[0])
                                                      0.247    19.601 r  y_reg[15]_i_16/O[0]
                         net (fo=1, routed)           0.450    20.051    y_reg[15]_i_16_n_7
    SLICE_X46Y72         LUT2 (Prop_lut2_I1_O)        0.299    20.350 r  y[5]_i_16/O
                         net (fo=1, routed)           0.000    20.350    y[5]_i_16_n_0
    SLICE_X46Y72         CARRY4 (Prop_carry4_S[3]_O[3])
                                                      0.255    20.605 r  y_reg[5]_i_14/O[3]
                         net (fo=1, routed)           0.434    21.039    y_reg[5]_i_14_n_4
    SLICE_X45Y74         LUT2 (Prop_lut2_I1_O)        0.307    21.346 r  y[13]_i_12/O
                         net (fo=1, routed)           0.000    21.346    y[13]_i_12_n_0
    SLICE_X45Y74         CARRY4 (Prop_carry4_S[0]_O[0])
                                                      0.247    21.593 r  y_reg[13]_i_4/O[0]
                         net (fo=1, routed)           0.505    22.098    C[6]
    SLICE_X47Y74         LUT2 (Prop_lut2_I1_O)        0.299    22.397 r  y[9]_i_5/O
                         net (fo=1, routed)           0.000    22.397    y[9]_i_5_n_0
    SLICE_X47Y74         CARRY4 (Prop_carry4_S[0]_O[0])
                                                      0.247    22.644 r  y_reg[9]_i_1/O[0]
                         net (fo=1, routed)           0.000    22.644    acc[6]
    SLICE_X47Y74         FDRE                                         r  y_reg[6]/D
  -------------------------------------------------------------------    -------------------

                         (clock vclk rise edge)      25.964    25.964 r  <hidden>
                                                      0.000    25.964 r  clk
                         net (fo=173, unset)          0.924    26.888    clk
    SLICE_X47Y74         FDRE                                         r  y_reg[6]/C
                         clock pessimism              0.000    26.888    <hidden>
                         clock uncertainty           -0.035    26.853    <hidden>
    SLICE_X47Y74         FDRE (Setup_fdre_C_D)        0.062    26.915    y_reg[6]
  -------------------------------------------------------------------
                         required time                         26.915    <hidden>
                         arrival time                         -22.644    <hidden>
  -------------------------------------------------------------------
                         slack                                  4.271    <hidden>





Pulse Width Checks
--------------------------------------------------------------------------------------
Clock Name:         vclk
Waveform(ns):       { 0.000 12.982 }
Period(ns):         25.964
Sources:            { clk }

Check Type        Corner  Lib Pin  Reference Pin  Required(ns)  Actual(ns)  Slack(ns)  Location      Pin
Min Period        n/a     FDRE/C   n/a            1.000         25.964      24.964     SLICE_X37Y69  d0_reg[0]/C
Min Period        n/a     FDRE/C   n/a            1.000         25.964      24.964     SLICE_X38Y69  d0_reg[1]/C
Min Period        n/a     FDRE/C   n/a            1.000         25.964      24.964     SLICE_X39Y69  d0_reg[2]/C
Min Period        n/a     FDRE/C   n/a            1.000         25.964      24.964     SLICE_X37Y69  d0_reg[3]/C
Min Period        n/a     FDRE/C   n/a            1.000         25.964      24.964     SLICE_X38Y69  d0_reg[4]/C
Min Period        n/a     FDRE/C   n/a            1.000         25.964      24.964     SLICE_X37Y71  d0_reg[5]/C
Min Period        n/a     FDRE/C   n/a            1.000         25.964      24.964     SLICE_X35Y71  d0_reg[6]/C
Min Period        n/a     FDRE/C   n/a            1.000         25.964      24.964     SLICE_X36Y72  d0_reg[7]/C
Min Period        n/a     FDRE/C   n/a            1.000         25.964      24.964     SLICE_X33Y75  d10_reg[0]/C
Min Period        n/a     FDRE/C   n/a            1.000         25.964      24.964     SLICE_X33Y75  d10_reg[1]/C
Low Pulse Width   Slow    FDRE/C   n/a            0.500         12.982      12.482     SLICE_X37Y69  d0_reg[0]/C
Low Pulse Width   Fast    FDRE/C   n/a            0.500         12.982      12.482     SLICE_X37Y69  d0_reg[0]/C
Low Pulse Width   Slow    FDRE/C   n/a            0.500         12.982      12.482     SLICE_X38Y69  d0_reg[1]/C
Low Pulse Width   Fast    FDRE/C   n/a            0.500         12.982      12.482     SLICE_X38Y69  d0_reg[1]/C
Low Pulse Width   Slow    FDRE/C   n/a            0.500         12.982      12.482     SLICE_X39Y69  d0_reg[2]/C
Low Pulse Width   Fast    FDRE/C   n/a            0.500         12.982      12.482     SLICE_X39Y69  d0_reg[2]/C
Low Pulse Width   Slow    FDRE/C   n/a            0.500         12.982      12.482     SLICE_X37Y69  d0_reg[3]/C
Low Pulse Width   Fast    FDRE/C   n/a            0.500         12.982      12.482     SLICE_X37Y69  d0_reg[3]/C
Low Pulse Width   Slow    FDRE/C   n/a            0.500         12.982      12.482     SLICE_X38Y69  d0_reg[4]/C
Low Pulse Width   Fast    FDRE/C   n/a            0.500         12.982      12.482     SLICE_X38Y69  d0_reg[4]/C
High Pulse Width  Slow    FDRE/C   n/a            0.500         12.982      12.482     SLICE_X37Y69  d0_reg[0]/C
High Pulse Width  Fast    FDRE/C   n/a            0.500         12.982      12.482     SLICE_X37Y69  d0_reg[0]/C
High Pulse Width  Slow    FDRE/C   n/a            0.500         12.982      12.482     SLICE_X38Y69  d0_reg[1]/C
High Pulse Width  Fast    FDRE/C   n/a            0.500         12.982      12.482     SLICE_X38Y69  d0_reg[1]/C
High Pulse Width  Slow    FDRE/C   n/a            0.500         12.982      12.482     SLICE_X39Y69  d0_reg[2]/C
High Pulse Width  Fast    FDRE/C   n/a            0.500         12.982      12.482     SLICE_X39Y69  d0_reg[2]/C
High Pulse Width  Slow    FDRE/C   n/a            0.500         12.982      12.482     SLICE_X37Y69  d0_reg[3]/C
High Pulse Width  Fast    FDRE/C   n/a            0.500         12.982      12.482     SLICE_X37Y69  d0_reg[3]/C
High Pulse Width  Slow    FDRE/C   n/a            0.500         12.982      12.482     SLICE_X38Y69  d0_reg[4]/C
High Pulse Width  Fast    FDRE/C   n/a            0.500         12.982      12.482     SLICE_X38Y69  d0_reg[4]/C



