Copyright 1986-2022 Xilinx, Inc. All Rights Reserved. Copyright 2022-2026 Advanced Micro Devices, Inc. All Rights Reserved.
---------------------------------------------------------------------------------------------------------------------------------------------------------------------------------------------------------------------------------------------------------------------------------------------
| Tool Version : Vivado v.2026.1 (win64) Build 6511674 Tue Jun 16 11:02:23 MDT 2026
| Date         : Sun Aug 30 22:46:10 2026
| Host         : Amine running 64-bit major release  (build 9200)
| Command      : report_timing_summary -delay_type max -max_paths 10 -report_unconstrained -check_timing_verbose -warn_on_violation -file C:/Users/Amine/mas/fpga-repo/timing_closure_candidate_v7/results/c01_fir_sft_fir42_v6_8b/trial_008_search_p48p434625_a0/reports/timing_summary.rpt
| Design       : sft__fir42_v6_8b__g1
| Device       : 7z020-clg400
| Speed File   : -1  PRODUCTION 1.12 2019-11-22
| Design State : Routed
---------------------------------------------------------------------------------------------------------------------------------------------------------------------------------------------------------------------------------------------------------------------------------------------

Timing Summary Report

------------------------------------------------------------------------------------------------
| Timer Settings
| --------------
------------------------------------------------------------------------------------------------

  Enable Multi Corner Analysis               :  Yes
  Enable Pessimism Removal                   :  Yes
  Pessimism Removal Resolution               :  Nearest Common Node
  Enable Input Delay Default Clock           :  No
  Enable Preset / Clear Arcs                 :  No
  Disable Flight Delays                      :  No
  Ignore I/O Paths                           :  No
  Timing Early Launch at Borrowing Latches   :  No
  Borrow Time for Max Delay Exceptions       :  Yes
  Merge Timing Exceptions                    :  Yes
  Inter-SLR Compensation                     :  Conservative

  Corner  Analyze    Analyze    
  Name    Max Paths  Min Paths  
  ------  ---------  ---------  
  Slow    Yes        Yes        
  Fast    Yes        Yes        


------------------------------------------------------------------------------------------------
| Report Methodology
| ------------------
------------------------------------------------------------------------------------------------

No report available as report_methodology has not been run prior. Run report_methodology on the current design for the summary of methodology violations.



check_timing report

Table of Contents
-----------------
1. checking no_clock (0)
2. checking constant_clock (0)
3. checking pulse_width_clock (0)
4. checking unconstrained_internal_endpoints (0)
5. checking no_input_delay (0)
6. checking no_output_delay (0)
7. checking multiple_clock (0)
8. checking generated_clocks (0)
9. checking loops (0)
10. checking partial_input_delay (0)
11. checking partial_output_delay (0)
12. checking latch_loops (0)

1. checking no_clock (0)
------------------------
 There are 0 register/latch pins with no clock.


2. checking constant_clock (0)
------------------------------
 There are 0 register/latch pins with constant_clock.


3. checking pulse_width_clock (0)
---------------------------------
 There are 0 register/latch pins which need pulse_width check


4. checking unconstrained_internal_endpoints (0)
------------------------------------------------
 There are 0 pins that are not constrained for maximum delay.

 There are 0 pins that are not constrained for maximum delay due to constant clock.


5. checking no_input_delay (0)
------------------------------
 There are 0 input ports with no input delay specified.

 There are 0 input ports with no input delay but user has a false path constraint.


6. checking no_output_delay (0)
-------------------------------
 There are 0 ports with no output delay specified.

 There are 0 ports with no output delay but user has a false path constraint

 There are 0 ports with no output delay but with a timing clock defined on it or propagating through it


7. checking multiple_clock (0)
------------------------------
 There are 0 register/latch pins with multiple clocks.


8. checking generated_clocks (0)
--------------------------------
 There are 0 generated clocks that are not connected to a clock source.


9. checking loops (0)
---------------------
 There are 0 combinational loops in the design.


10. checking partial_input_delay (0)
------------------------------------
 There are 0 input ports with partial input delay specified.


11. checking partial_output_delay (0)
-------------------------------------
 There are 0 ports with partial output delay specified.


12. checking latch_loops (0)
----------------------------
 There are 0 combinational latch loops in the design through latch input



------------------------------------------------------------------------------------------------
| Design Timing Summary
| ---------------------
------------------------------------------------------------------------------------------------

    WNS(ns)      TNS(ns)  TNS Failing Endpoints  TNS Total Endpoints     WPWS(ns)     TPWS(ns)  TPWS Failing Endpoints  TPWS Total Endpoints  
    -------      -------  ---------------------  -------------------     --------     --------  ----------------------  --------------------  
      0.207        0.000                      0                  720       23.718        0.000                       0                   352  


All user specified timing constraints are met.


------------------------------------------------------------------------------------------------
| Clock Summary
| -------------
------------------------------------------------------------------------------------------------

Clock  Waveform(ns)       Period(ns)      Frequency(MHz)
-----  ------------       ----------      --------------
vclk   {0.000 24.218}     48.435          20.646          


------------------------------------------------------------------------------------------------
| Intra Clock Table
| -----------------
------------------------------------------------------------------------------------------------

Clock             WNS(ns)      TNS(ns)  TNS Failing Endpoints  TNS Total Endpoints     WPWS(ns)     TPWS(ns)  TPWS Failing Endpoints  TPWS Total Endpoints  
-----             -------      -------  ---------------------  -------------------     --------     --------  ----------------------  --------------------  
vclk                0.207        0.000                      0                  720       23.718        0.000                       0                   352  


------------------------------------------------------------------------------------------------
| Inter Clock Table
| -----------------
------------------------------------------------------------------------------------------------

From Clock    To Clock          WNS(ns)      TNS(ns)  TNS Failing Endpoints  TNS Total Endpoints  
----------    --------          -------      -------  ---------------------  -------------------  


------------------------------------------------------------------------------------------------
| Other Path Groups Table
| -----------------------
------------------------------------------------------------------------------------------------

Path Group    From Clock    To Clock          WNS(ns)      TNS(ns)  TNS Failing Endpoints  TNS Total Endpoints  
----------    ----------    --------          -------      -------  ---------------------  -------------------  


------------------------------------------------------------------------------------------------
| User Ignored Path Table
| -----------------------
------------------------------------------------------------------------------------------------

Path Group    From Clock    To Clock    
----------    ----------    --------    


------------------------------------------------------------------------------------------------
| Unconstrained Path Table
| ------------------------
------------------------------------------------------------------------------------------------

Path Group    From Clock    To Clock    
----------    ----------    --------    


------------------------------------------------------------------------------------------------
| Timing Details
| --------------
------------------------------------------------------------------------------------------------


---------------------------------------------------------------------------------------------------
From Clock:  vclk
  To Clock:  vclk

Setup :            0  Failing Endpoints,  Worst Slack        0.207ns,  Total Violation        0.000ns
Hold  :           NA  Failing Endpoints,  Worst Slack           NA  ,  Total Violation           NA
PW    :            0  Failing Endpoints,  Worst Slack       23.718ns,  Total Violation        0.000ns
---------------------------------------------------------------------------------------------------


Max Delay Paths
--------------------------------------------------------------------------------------
Slack (MET) :             0.207ns  (required time - arrival time)
  Source:                 d41_reg[2]/C
                            (rising edge-triggered cell FDRE clocked by vclk  {rise@0.000ns fall@24.218ns period=48.435ns})
  Destination:            y_reg[15]/D
                            (rising edge-triggered cell FDRE clocked by vclk  {rise@0.000ns fall@24.218ns period=48.435ns})
  Path Group:             vclk
  Path Type:              Setup (Max at Slow Process Corner)
  Requirement:            48.435ns  (vclk rise@48.435ns - vclk rise@0.000ns)
  Data Path Delay:        48.206ns  (logic 27.219ns (56.463%)  route 20.987ns (43.537%))
  Logic Levels:           82  (CARRY4=49 LUT2=33)
  Clock Path Skew:        -0.049ns (DCD - SCD + CPR)
    Destination Clock Delay (DCD):    0.924ns = ( 49.359 - 48.435 ) 
    Source Clock Delay      (SCD):    0.973ns
    Clock Pessimism Removal (CPR):    0.000ns
  Clock Uncertainty:      0.035ns  ((TSJ^2 + TIJ^2)^1/2 + DJ) / 2 + PE
    Total System Jitter     (TSJ):    0.071ns
    Total Input Jitter      (TIJ):    0.000ns
    Discrete Jitter          (DJ):    0.000ns
    Phase Error              (PE):    0.000ns

    Location             Delay type                Incr(ns)  Path(ns)    Netlist Resource(s)
  -------------------------------------------------------------------    -------------------
                         (clock vclk rise edge)       0.000     0.000 r  <hidden>
                                                      0.000     0.000 r  clk
                         net (fo=351, unset)          0.973     0.973    clk
    SLICE_X49Y60         FDRE                                         r  d41_reg[2]/C
  -------------------------------------------------------------------    -------------------
    SLICE_X49Y60         FDRE (Prop_fdre_C_Q)         0.456     1.429 r  d41_reg[2]/Q
                         net (fo=2, routed)           0.288     1.717    d41[2]
    SLICE_X48Y60         CARRY4 (Prop_carry4_S[0]_O[0])
                                                      0.371     2.088 r  y_reg[7]_i_771/O[0]
                         net (fo=2, routed)           0.513     2.601    acc0[2]
    SLICE_X47Y60         LUT2 (Prop_lut2_I0_O)        0.299     2.900 r  y[7]_i_775/O
                         net (fo=1, routed)           0.000     2.900    y[7]_i_775_n_0
    SLICE_X47Y60         CARRY4 (Prop_carry4_S[0]_O[0])
                                                      0.247     3.147 r  y_reg[7]_i_755/O[0]
                         net (fo=1, routed)           0.566     3.713    y_reg[7]_i_755_n_7
    SLICE_X49Y60         LUT2 (Prop_lut2_I1_O)        0.299     4.012 r  y[7]_i_739/O
                         net (fo=1, routed)           0.000     4.012    y[7]_i_739_n_0
    SLICE_X49Y60         CARRY4 (Prop_carry4_S[0]_O[0])
                                                      0.247     4.259 r  y_reg[7]_i_721/O[0]
                         net (fo=1, routed)           0.449     4.708    y_reg[7]_i_721_n_7
    SLICE_X48Y63         LUT2 (Prop_lut2_I1_O)        0.299     5.007 r  y[7]_i_698/O
                         net (fo=1, routed)           0.000     5.007    y[7]_i_698_n_0
    SLICE_X48Y63         CARRY4 (Prop_carry4_S[0]_O[0])
                                                      0.247     5.254 r  y_reg[7]_i_675/O[0]
                         net (fo=1, routed)           0.457     5.711    y_reg[7]_i_675_n_7
    SLICE_X46Y62         LUT2 (Prop_lut2_I1_O)        0.299     6.010 r  y[7]_i_639/O
                         net (fo=1, routed)           0.000     6.010    y[7]_i_639_n_0
    SLICE_X46Y62         CARRY4 (Prop_carry4_S[1]_O[1])
                                                      0.230     6.240 r  y_reg[7]_i_612/O[1]
                         net (fo=1, routed)           0.555     6.796    y_reg[7]_i_612_n_6
    SLICE_X45Y60         LUT2 (Prop_lut2_I1_O)        0.306     7.102 r  y[7]_i_571/O
                         net (fo=1, routed)           0.000     7.102    y[7]_i_571_n_0
    SLICE_X45Y60         CARRY4 (Prop_carry4_S[2]_O[2])
                                                      0.248     7.350 r  y_reg[7]_i_539/O[2]
                         net (fo=1, routed)           0.449     7.798    y_reg[7]_i_539_n_5
    SLICE_X42Y60         LUT2 (Prop_lut2_I1_O)        0.302     8.100 r  y[7]_i_486/O
                         net (fo=1, routed)           0.000     8.100    y[7]_i_486_n_0
    SLICE_X42Y60         CARRY4 (Prop_carry4_S[2]_O[2])
                                                      0.250     8.350 r  y_reg[7]_i_455/O[2]
                         net (fo=1, routed)           0.431     8.781    y_reg[7]_i_455_n_5
    SLICE_X40Y59         LUT2 (Prop_lut2_I1_O)        0.301     9.082 r  y[7]_i_565/O
                         net (fo=1, routed)           0.000     9.082    y[7]_i_565_n_0
    SLICE_X40Y59         CARRY4 (Prop_carry4_S[1]_O[2])
                                                      0.580     9.662 r  y_reg[7]_i_528/O[2]
                         net (fo=1, routed)           0.557    10.219    y_reg[7]_i_528_n_5
    SLICE_X39Y59         LUT2 (Prop_lut2_I1_O)        0.302    10.521 r  y[7]_i_480/O
                         net (fo=1, routed)           0.000    10.521    y[7]_i_480_n_0
    SLICE_X39Y59         CARRY4 (Prop_carry4_S[2]_O[2])
                                                      0.248    10.769 r  y_reg[7]_i_454/O[2]
                         net (fo=1, routed)           0.598    11.367    y_reg[7]_i_454_n_5
    SLICE_X38Y59         LUT2 (Prop_lut2_I1_O)        0.302    11.669 r  y[7]_i_425/O
                         net (fo=1, routed)           0.000    11.669    y[7]_i_425_n_0
    SLICE_X38Y59         CARRY4 (Prop_carry4_S[3]_O[3])
                                                      0.255    11.924 r  y_reg[7]_i_402/O[3]
                         net (fo=1, routed)           0.435    12.359    y_reg[7]_i_402_n_4
    SLICE_X37Y59         LUT2 (Prop_lut2_I1_O)        0.307    12.666 r  y[7]_i_421/O
                         net (fo=1, routed)           0.000    12.666    y[7]_i_421_n_0
    SLICE_X37Y59         CARRY4 (Prop_carry4_S[2]_O[2])
                                                      0.248    12.914 r  y_reg[7]_i_401/O[2]
                         net (fo=1, routed)           0.505    13.418    y_reg[7]_i_401_n_5
    SLICE_X36Y59         LUT2 (Prop_lut2_I1_O)        0.302    13.720 r  y[7]_i_357/O
                         net (fo=1, routed)           0.000    13.720    y[7]_i_357_n_0
    SLICE_X36Y59         CARRY4 (Prop_carry4_S[3]_O[3])
                                                      0.255    13.975 r  y_reg[7]_i_329/O[3]
                         net (fo=1, routed)           0.700    14.675    y_reg[7]_i_329_n_4
    SLICE_X35Y61         LUT2 (Prop_lut2_I1_O)        0.307    14.982 r  y[7]_i_292/O
                         net (fo=1, routed)           0.000    14.982    y[7]_i_292_n_0
    SLICE_X35Y61         CARRY4 (Prop_carry4_S[3]_O[3])
                                                      0.248    15.230 r  y_reg[7]_i_266/O[3]
                         net (fo=1, routed)           0.652    15.882    y_reg[7]_i_266_n_4
    SLICE_X44Y62         LUT2 (Prop_lut2_I1_O)        0.306    16.188 r  y[7]_i_354/O
                         net (fo=1, routed)           0.000    16.188    y[7]_i_354_n_0
    SLICE_X44Y62         CARRY4 (Prop_carry4_S[1]_O[1])
                                                      0.227    16.415 r  y_reg[7]_i_325/O[1]
                         net (fo=1, routed)           0.708    17.123    y_reg[7]_i_325_n_6
    SLICE_X46Y58         LUT2 (Prop_lut2_I1_O)        0.303    17.426 r  y[7]_i_288/O
                         net (fo=1, routed)           0.000    17.426    y[7]_i_288_n_0
    SLICE_X46Y58         CARRY4 (Prop_carry4_S[2]_O[2])
                                                      0.250    17.676 r  y_reg[7]_i_265/O[2]
                         net (fo=1, routed)           0.562    18.238    y_reg[7]_i_265_n_5
    SLICE_X43Y59         LUT2 (Prop_lut2_I1_O)        0.301    18.539 r  y[7]_i_284/O
                         net (fo=1, routed)           0.000    18.539    y[7]_i_284_n_0
    SLICE_X43Y59         CARRY4 (Prop_carry4_S[0]_O[0])
                                                      0.247    18.786 r  y_reg[7]_i_264/O[0]
                         net (fo=1, routed)           0.452    19.238    y_reg[7]_i_264_n_7
    SLICE_X44Y58         LUT2 (Prop_lut2_I1_O)        0.299    19.537 r  y[7]_i_233/O
                         net (fo=1, routed)           0.000    19.537    y[7]_i_233_n_0
    SLICE_X44Y58         CARRY4 (Prop_carry4_S[3]_CO[3])
                                                      0.401    19.938 r  y_reg[7]_i_212/CO[3]
                         net (fo=1, routed)           0.000    19.938    y_reg[7]_i_212_n_0
    SLICE_X44Y59         CARRY4 (Prop_carry4_CI_O[0])
                                                      0.222    20.160 r  y_reg[7]_i_253/O[0]
                         net (fo=1, routed)           0.558    20.718    y_reg[7]_i_253_n_7
    SLICE_X45Y56         LUT2 (Prop_lut2_I1_O)        0.299    21.017 r  y[7]_i_229/O
                         net (fo=1, routed)           0.000    21.017    y[7]_i_229_n_0
    SLICE_X45Y56         CARRY4 (Prop_carry4_S[2]_O[2])
                                                      0.248    21.265 r  y_reg[7]_i_211/O[2]
                         net (fo=1, routed)           0.570    21.834    y_reg[7]_i_211_n_5
    SLICE_X43Y56         LUT2 (Prop_lut2_I1_O)        0.302    22.136 r  y[7]_i_338/O
                         net (fo=1, routed)           0.000    22.136    y[7]_i_338_n_0
    SLICE_X43Y56         CARRY4 (Prop_carry4_S[0]_O[0])
                                                      0.247    22.383 r  y_reg[7]_i_297/O[0]
                         net (fo=1, routed)           0.455    22.839    y_reg[7]_i_297_n_7
    SLICE_X44Y54         LUT2 (Prop_lut2_I1_O)        0.299    23.138 r  y[7]_i_271/O
                         net (fo=1, routed)           0.000    23.138    y[7]_i_271_n_0
    SLICE_X44Y54         CARRY4 (Prop_carry4_S[3]_CO[3])
                                                      0.401    23.539 r  y_reg[7]_i_249/CO[3]
                         net (fo=1, routed)           0.000    23.539    y_reg[7]_i_249_n_0
    SLICE_X44Y55         CARRY4 (Prop_carry4_CI_O[0])
                                                      0.222    23.761 r  y_reg[7]_i_296/O[0]
                         net (fo=1, routed)           0.458    24.219    y_reg[7]_i_296_n_7
    SLICE_X46Y55         LUT2 (Prop_lut2_I1_O)        0.299    24.518 r  y[7]_i_270/O
                         net (fo=1, routed)           0.000    24.518    y[7]_i_270_n_0
    SLICE_X46Y55         CARRY4 (Prop_carry4_S[0]_O[1])
                                                      0.427    24.945 r  y_reg[7]_i_241/O[1]
                         net (fo=1, routed)           0.486    25.430    y_reg[7]_i_241_n_6
    SLICE_X47Y53         LUT2 (Prop_lut2_I1_O)        0.306    25.736 r  y[7]_i_220/O
                         net (fo=1, routed)           0.000    25.736    y[7]_i_220_n_0
    SLICE_X47Y53         CARRY4 (Prop_carry4_S[1]_O[1])
                                                      0.227    25.963 r  y_reg[7]_i_196/O[1]
                         net (fo=1, routed)           0.413    26.377    y_reg[7]_i_196_n_6
    SLICE_X45Y52         LUT2 (Prop_lut2_I1_O)        0.303    26.680 r  y[7]_i_173/O
                         net (fo=1, routed)           0.000    26.680    y[7]_i_173_n_0
    SLICE_X45Y52         CARRY4 (Prop_carry4_S[3]_CO[3])
                                                      0.401    27.081 r  y_reg[7]_i_165/CO[3]
                         net (fo=1, routed)           0.000    27.081    y_reg[7]_i_165_n_0
    SLICE_X45Y53         CARRY4 (Prop_carry4_CI_O[0])
                                                      0.222    27.303 r  y_reg[15]_i_361/O[0]
                         net (fo=1, routed)           0.496    27.798    y_reg[15]_i_361_n_7
    SLICE_X44Y51         LUT2 (Prop_lut2_I1_O)        0.299    28.097 r  y[7]_i_213/O
                         net (fo=1, routed)           0.000    28.097    y[7]_i_213_n_0
    SLICE_X44Y51         CARRY4 (Prop_carry4_S[3]_O[3])
                                                      0.248    28.345 r  y_reg[7]_i_195/O[3]
                         net (fo=1, routed)           0.326    28.671    y_reg[7]_i_195_n_4
    SLICE_X42Y51         LUT2 (Prop_lut2_I1_O)        0.306    28.977 r  y[7]_i_169/O
                         net (fo=1, routed)           0.000    28.977    y[7]_i_169_n_0
    SLICE_X42Y51         CARRY4 (Prop_carry4_S[3]_O[3])
                                                      0.255    29.232 r  y_reg[7]_i_153/O[3]
                         net (fo=1, routed)           0.300    29.532    y_reg[7]_i_153_n_4
    SLICE_X43Y52         LUT2 (Prop_lut2_I1_O)        0.307    29.839 r  y[7]_i_142/O
                         net (fo=1, routed)           0.000    29.839    y[7]_i_142_n_0
    SLICE_X43Y52         CARRY4 (Prop_carry4_S[3]_CO[3])
                                                      0.401    30.240 r  y_reg[7]_i_129/CO[3]
                         net (fo=1, routed)           0.000    30.240    y_reg[7]_i_129_n_0
    SLICE_X43Y53         CARRY4 (Prop_carry4_CI_O[0])
                                                      0.222    30.462 r  y_reg[15]_i_327/O[0]
                         net (fo=1, routed)           0.431    30.892    y_reg[15]_i_327_n_7
    SLICE_X41Y54         LUT2 (Prop_lut2_I1_O)        0.299    31.191 r  y[15]_i_324/O
                         net (fo=1, routed)           0.000    31.191    y[15]_i_324_n_0
    SLICE_X41Y54         CARRY4 (Prop_carry4_S[0]_O[0])
                                                      0.247    31.438 r  y_reg[15]_i_303/O[0]
                         net (fo=1, routed)           0.495    31.934    y_reg[15]_i_303_n_7
    SLICE_X40Y55         LUT2 (Prop_lut2_I1_O)        0.299    32.233 r  y[15]_i_308/O
                         net (fo=1, routed)           0.000    32.233    y[15]_i_308_n_0
    SLICE_X40Y55         CARRY4 (Prop_carry4_S[3]_CO[3])
                                                      0.401    32.634 r  y_reg[15]_i_294/CO[3]
                         net (fo=1, routed)           0.000    32.634    y_reg[15]_i_294_n_0
    SLICE_X40Y56         CARRY4 (Prop_carry4_CI_O[0])
                                                      0.222    32.856 r  y_reg[15]_i_287/O[0]
                         net (fo=1, routed)           0.471    33.327    y_reg[15]_i_287_n_7
    SLICE_X39Y56         LUT2 (Prop_lut2_I1_O)        0.299    33.626 r  y[15]_i_285/O
                         net (fo=1, routed)           0.000    33.626    y[15]_i_285_n_0
    SLICE_X39Y56         CARRY4 (Prop_carry4_S[1]_O[2])
                                                      0.580    34.206 r  y_reg[15]_i_268/O[2]
                         net (fo=1, routed)           0.495    34.700    y_reg[15]_i_268_n_5
    SLICE_X38Y56         LUT2 (Prop_lut2_I1_O)        0.302    35.002 r  y[15]_i_263/O
                         net (fo=1, routed)           0.000    35.002    y[15]_i_263_n_0
    SLICE_X38Y56         CARRY4 (Prop_carry4_S[2]_O[2])
                                                      0.250    35.252 r  y_reg[15]_i_250/O[2]
                         net (fo=1, routed)           0.494    35.747    y_reg[15]_i_250_n_5
    SLICE_X37Y56         LUT2 (Prop_lut2_I1_O)        0.301    36.048 r  y[15]_i_238/O
                         net (fo=1, routed)           0.000    36.048    y[15]_i_238_n_0
    SLICE_X37Y56         CARRY4 (Prop_carry4_S[0]_O[0])
                                                      0.247    36.295 r  y_reg[15]_i_204/O[0]
                         net (fo=1, routed)           0.589    36.883    y_reg[15]_i_204_n_7
    SLICE_X36Y56         CARRY4 (Prop_carry4_S[1]_O[2])
                                                      0.877    37.760 r  y_reg[15]_i_202/O[2]
                         net (fo=1, routed)           0.602    38.362    y_reg[15]_i_202_n_5
    SLICE_X36Y52         LUT2 (Prop_lut2_I1_O)        0.301    38.663 r  y[15]_i_195/O
                         net (fo=1, routed)           0.000    38.663    y[15]_i_195_n_0
    SLICE_X36Y52         CARRY4 (Prop_carry4_S[3]_CO[3])
                                                      0.376    39.039 r  y_reg[15]_i_163/CO[3]
                         net (fo=1, routed)           0.000    39.039    y_reg[15]_i_163_n_0
    SLICE_X36Y53         CARRY4 (Prop_carry4_CI_O[0])
                                                      0.219    39.258 r  y_reg[15]_i_130/O[0]
                         net (fo=1, routed)           0.573    39.831    y_reg[15]_i_130_n_7
    SLICE_X35Y54         LUT2 (Prop_lut2_I1_O)        0.295    40.126 r  y[15]_i_156/O
                         net (fo=1, routed)           0.000    40.126    y[15]_i_156_n_0
    SLICE_X35Y54         CARRY4 (Prop_carry4_S[3]_CO[3])
                                                      0.401    40.527 r  y_reg[15]_i_128/CO[3]
                         net (fo=1, routed)           0.000    40.527    y_reg[15]_i_128_n_0
    SLICE_X35Y55         CARRY4 (Prop_carry4_CI_O[0])
                                                      0.222    40.749 r  y_reg[15]_i_96/O[0]
                         net (fo=1, routed)           0.608    41.357    y_reg[15]_i_96_n_7
    SLICE_X34Y56         LUT2 (Prop_lut2_I1_O)        0.299    41.656 r  y[15]_i_97/O
                         net (fo=1, routed)           0.000    41.656    y[15]_i_97_n_0
    SLICE_X34Y56         CARRY4 (Prop_carry4_S[0]_O[0])
                                                      0.252    41.908 r  y_reg[15]_i_72/O[0]
                         net (fo=1, routed)           0.323    42.232    y_reg[15]_i_72_n_7
    SLICE_X32Y56         CARRY4 (Prop_carry4_S[3]_CO[3])
                                                      0.671    42.903 r  y_reg[15]_i_71/CO[3]
                         net (fo=1, routed)           0.000    42.903    y_reg[15]_i_71_n_0
    SLICE_X32Y57         CARRY4 (Prop_carry4_CI_O[0])
                                                      0.219    43.122 r  y_reg[15]_i_48/O[0]
                         net (fo=1, routed)           0.766    43.888    y_reg[15]_i_48_n_7
    SLICE_X32Y53         CARRY4 (Prop_carry4_S[1]_O[2])
                                                      0.873    44.761 r  y_reg[15]_i_22/O[2]
                         net (fo=1, routed)           0.439    45.200    acc__0[15]
    SLICE_X33Y52         CARRY4 (Prop_carry4_S[3]_O[3])
                                                      0.549    45.749 r  y_reg[15]_i_10/O[3]
                         net (fo=1, routed)           0.740    46.489    y_reg[15]_i_10_n_4
    SLICE_X33Y56         CARRY4 (Prop_carry4_S[2]_O[2])
                                                      0.554    47.043 r  y_reg[15]_i_5/O[2]
                         net (fo=1, routed)           0.703    47.746    y_reg[15]_i_5_n_5
    SLICE_X34Y60         CARRY4 (Prop_carry4_S[3]_O[3])
                                                      0.557    48.303 r  y_reg[15]_i_3/O[3]
                         net (fo=1, routed)           0.321    48.624    p_0_in[15]
    SLICE_X33Y61         CARRY4 (Prop_carry4_S[3]_O[3])
                                                      0.555    49.179 r  y_reg[15]_i_2/O[3]
                         net (fo=1, routed)           0.000    49.179    acc[15]
    SLICE_X33Y61         FDRE                                         r  y_reg[15]/D
  -------------------------------------------------------------------    -------------------

                         (clock vclk rise edge)      48.435    48.435 r  <hidden>
                                                      0.000    48.435 r  clk
                         net (fo=351, unset)          0.924    49.359    clk
    SLICE_X33Y61         FDRE                                         r  y_reg[15]/C
                         clock pessimism              0.000    49.359    <hidden>
                         clock uncertainty           -0.035    49.324    <hidden>
    SLICE_X33Y61         FDRE (Setup_fdre_C_D)        0.062    49.386    y_reg[15]
  -------------------------------------------------------------------
                         required time                         49.386    <hidden>
                         arrival time                         -49.179    <hidden>
  -------------------------------------------------------------------
                         slack                                  0.207    <hidden>

Slack (MET) :             0.617ns  (required time - arrival time)
  Source:                 d41_reg[2]/C
                            (rising edge-triggered cell FDRE clocked by vclk  {rise@0.000ns fall@24.218ns period=48.435ns})
  Destination:            y_reg[14]/D
                            (rising edge-triggered cell FDRE clocked by vclk  {rise@0.000ns fall@24.218ns period=48.435ns})
  Path Group:             vclk
  Path Type:              Setup (Max at Slow Process Corner)
  Requirement:            48.435ns  (vclk rise@48.435ns - vclk rise@0.000ns)
  Data Path Delay:        47.796ns  (logic 26.841ns (56.158%)  route 20.955ns (43.842%))
  Logic Levels:           82  (CARRY4=49 LUT2=33)
  Clock Path Skew:        -0.049ns (DCD - SCD + CPR)
    Destination Clock Delay (DCD):    0.924ns = ( 49.359 - 48.435 ) 
    Source Clock Delay      (SCD):    0.973ns
    Clock Pessimism Removal (CPR):    0.000ns
  Clock Uncertainty:      0.035ns  ((TSJ^2 + TIJ^2)^1/2 + DJ) / 2 + PE
    Total System Jitter     (TSJ):    0.071ns
    Total Input Jitter      (TIJ):    0.000ns
    Discrete Jitter          (DJ):    0.000ns
    Phase Error              (PE):    0.000ns

    Location             Delay type                Incr(ns)  Path(ns)    Netlist Resource(s)
  -------------------------------------------------------------------    -------------------
                         (clock vclk rise edge)       0.000     0.000 r  <hidden>
                                                      0.000     0.000 r  clk
                         net (fo=351, unset)          0.973     0.973    clk
    SLICE_X49Y60         FDRE                                         r  d41_reg[2]/C
  -------------------------------------------------------------------    -------------------
    SLICE_X49Y60         FDRE (Prop_fdre_C_Q)         0.456     1.429 r  d41_reg[2]/Q
                         net (fo=2, routed)           0.288     1.717    d41[2]
    SLICE_X48Y60         CARRY4 (Prop_carry4_S[0]_O[0])
                                                      0.371     2.088 r  y_reg[7]_i_771/O[0]
                         net (fo=2, routed)           0.513     2.601    acc0[2]
    SLICE_X47Y60         LUT2 (Prop_lut2_I0_O)        0.299     2.900 r  y[7]_i_775/O
                         net (fo=1, routed)           0.000     2.900    y[7]_i_775_n_0
    SLICE_X47Y60         CARRY4 (Prop_carry4_S[0]_O[0])
                                                      0.247     3.147 r  y_reg[7]_i_755/O[0]
                         net (fo=1, routed)           0.566     3.713    y_reg[7]_i_755_n_7
    SLICE_X49Y60         LUT2 (Prop_lut2_I1_O)        0.299     4.012 r  y[7]_i_739/O
                         net (fo=1, routed)           0.000     4.012    y[7]_i_739_n_0
    SLICE_X49Y60         CARRY4 (Prop_carry4_S[0]_O[0])
                                                      0.247     4.259 r  y_reg[7]_i_721/O[0]
                         net (fo=1, routed)           0.449     4.708    y_reg[7]_i_721_n_7
    SLICE_X48Y63         LUT2 (Prop_lut2_I1_O)        0.299     5.007 r  y[7]_i_698/O
                         net (fo=1, routed)           0.000     5.007    y[7]_i_698_n_0
    SLICE_X48Y63         CARRY4 (Prop_carry4_S[0]_O[0])
                                                      0.247     5.254 r  y_reg[7]_i_675/O[0]
                         net (fo=1, routed)           0.457     5.711    y_reg[7]_i_675_n_7
    SLICE_X46Y62         LUT2 (Prop_lut2_I1_O)        0.299     6.010 r  y[7]_i_639/O
                         net (fo=1, routed)           0.000     6.010    y[7]_i_639_n_0
    SLICE_X46Y62         CARRY4 (Prop_carry4_S[1]_O[1])
                                                      0.230     6.240 r  y_reg[7]_i_612/O[1]
                         net (fo=1, routed)           0.555     6.796    y_reg[7]_i_612_n_6
    SLICE_X45Y60         LUT2 (Prop_lut2_I1_O)        0.306     7.102 r  y[7]_i_571/O
                         net (fo=1, routed)           0.000     7.102    y[7]_i_571_n_0
    SLICE_X45Y60         CARRY4 (Prop_carry4_S[2]_O[2])
                                                      0.248     7.350 r  y_reg[7]_i_539/O[2]
                         net (fo=1, routed)           0.449     7.798    y_reg[7]_i_539_n_5
    SLICE_X42Y60         LUT2 (Prop_lut2_I1_O)        0.302     8.100 r  y[7]_i_486/O
                         net (fo=1, routed)           0.000     8.100    y[7]_i_486_n_0
    SLICE_X42Y60         CARRY4 (Prop_carry4_S[2]_O[2])
                                                      0.250     8.350 r  y_reg[7]_i_455/O[2]
                         net (fo=1, routed)           0.431     8.781    y_reg[7]_i_455_n_5
    SLICE_X40Y59         LUT2 (Prop_lut2_I1_O)        0.301     9.082 r  y[7]_i_565/O
                         net (fo=1, routed)           0.000     9.082    y[7]_i_565_n_0
    SLICE_X40Y59         CARRY4 (Prop_carry4_S[1]_O[2])
                                                      0.580     9.662 r  y_reg[7]_i_528/O[2]
                         net (fo=1, routed)           0.557    10.219    y_reg[7]_i_528_n_5
    SLICE_X39Y59         LUT2 (Prop_lut2_I1_O)        0.302    10.521 r  y[7]_i_480/O
                         net (fo=1, routed)           0.000    10.521    y[7]_i_480_n_0
    SLICE_X39Y59         CARRY4 (Prop_carry4_S[2]_O[2])
                                                      0.248    10.769 r  y_reg[7]_i_454/O[2]
                         net (fo=1, routed)           0.598    11.367    y_reg[7]_i_454_n_5
    SLICE_X38Y59         LUT2 (Prop_lut2_I1_O)        0.302    11.669 r  y[7]_i_425/O
                         net (fo=1, routed)           0.000    11.669    y[7]_i_425_n_0
    SLICE_X38Y59         CARRY4 (Prop_carry4_S[3]_O[3])
                                                      0.255    11.924 r  y_reg[7]_i_402/O[3]
                         net (fo=1, routed)           0.435    12.359    y_reg[7]_i_402_n_4
    SLICE_X37Y59         LUT2 (Prop_lut2_I1_O)        0.307    12.666 r  y[7]_i_421/O
                         net (fo=1, routed)           0.000    12.666    y[7]_i_421_n_0
    SLICE_X37Y59         CARRY4 (Prop_carry4_S[2]_O[2])
                                                      0.248    12.914 r  y_reg[7]_i_401/O[2]
                         net (fo=1, routed)           0.505    13.418    y_reg[7]_i_401_n_5
    SLICE_X36Y59         LUT2 (Prop_lut2_I1_O)        0.302    13.720 r  y[7]_i_357/O
                         net (fo=1, routed)           0.000    13.720    y[7]_i_357_n_0
    SLICE_X36Y59         CARRY4 (Prop_carry4_S[3]_O[3])
                                                      0.255    13.975 r  y_reg[7]_i_329/O[3]
                         net (fo=1, routed)           0.700    14.675    y_reg[7]_i_329_n_4
    SLICE_X35Y61         LUT2 (Prop_lut2_I1_O)        0.307    14.982 r  y[7]_i_292/O
                         net (fo=1, routed)           0.000    14.982    y[7]_i_292_n_0
    SLICE_X35Y61         CARRY4 (Prop_carry4_S[3]_O[3])
                                                      0.248    15.230 r  y_reg[7]_i_266/O[3]
                         net (fo=1, routed)           0.652    15.882    y_reg[7]_i_266_n_4
    SLICE_X44Y62         LUT2 (Prop_lut2_I1_O)        0.306    16.188 r  y[7]_i_354/O
                         net (fo=1, routed)           0.000    16.188    y[7]_i_354_n_0
    SLICE_X44Y62         CARRY4 (Prop_carry4_S[1]_O[1])
                                                      0.227    16.415 r  y_reg[7]_i_325/O[1]
                         net (fo=1, routed)           0.708    17.123    y_reg[7]_i_325_n_6
    SLICE_X46Y58         LUT2 (Prop_lut2_I1_O)        0.303    17.426 r  y[7]_i_288/O
                         net (fo=1, routed)           0.000    17.426    y[7]_i_288_n_0
    SLICE_X46Y58         CARRY4 (Prop_carry4_S[2]_O[2])
                                                      0.250    17.676 r  y_reg[7]_i_265/O[2]
                         net (fo=1, routed)           0.562    18.238    y_reg[7]_i_265_n_5
    SLICE_X43Y59         LUT2 (Prop_lut2_I1_O)        0.301    18.539 r  y[7]_i_284/O
                         net (fo=1, routed)           0.000    18.539    y[7]_i_284_n_0
    SLICE_X43Y59         CARRY4 (Prop_carry4_S[0]_O[0])
                                                      0.247    18.786 r  y_reg[7]_i_264/O[0]
                         net (fo=1, routed)           0.452    19.238    y_reg[7]_i_264_n_7
    SLICE_X44Y58         LUT2 (Prop_lut2_I1_O)        0.299    19.537 r  y[7]_i_233/O
                         net (fo=1, routed)           0.000    19.537    y[7]_i_233_n_0
    SLICE_X44Y58         CARRY4 (Prop_carry4_S[3]_CO[3])
                                                      0.401    19.938 r  y_reg[7]_i_212/CO[3]
                         net (fo=1, routed)           0.000    19.938    y_reg[7]_i_212_n_0
    SLICE_X44Y59         CARRY4 (Prop_carry4_CI_O[0])
                                                      0.222    20.160 r  y_reg[7]_i_253/O[0]
                         net (fo=1, routed)           0.558    20.718    y_reg[7]_i_253_n_7
    SLICE_X45Y56         LUT2 (Prop_lut2_I1_O)        0.299    21.017 r  y[7]_i_229/O
                         net (fo=1, routed)           0.000    21.017    y[7]_i_229_n_0
    SLICE_X45Y56         CARRY4 (Prop_carry4_S[2]_O[2])
                                                      0.248    21.265 r  y_reg[7]_i_211/O[2]
                         net (fo=1, routed)           0.570    21.834    y_reg[7]_i_211_n_5
    SLICE_X43Y56         LUT2 (Prop_lut2_I1_O)        0.302    22.136 r  y[7]_i_338/O
                         net (fo=1, routed)           0.000    22.136    y[7]_i_338_n_0
    SLICE_X43Y56         CARRY4 (Prop_carry4_S[0]_O[0])
                                                      0.247    22.383 r  y_reg[7]_i_297/O[0]
                         net (fo=1, routed)           0.455    22.839    y_reg[7]_i_297_n_7
    SLICE_X44Y54         LUT2 (Prop_lut2_I1_O)        0.299    23.138 r  y[7]_i_271/O
                         net (fo=1, routed)           0.000    23.138    y[7]_i_271_n_0
    SLICE_X44Y54         CARRY4 (Prop_carry4_S[3]_CO[3])
                                                      0.401    23.539 r  y_reg[7]_i_249/CO[3]
                         net (fo=1, routed)           0.000    23.539    y_reg[7]_i_249_n_0
    SLICE_X44Y55         CARRY4 (Prop_carry4_CI_O[0])
                                                      0.222    23.761 r  y_reg[7]_i_296/O[0]
                         net (fo=1, routed)           0.458    24.219    y_reg[7]_i_296_n_7
    SLICE_X46Y55         LUT2 (Prop_lut2_I1_O)        0.299    24.518 r  y[7]_i_270/O
                         net (fo=1, routed)           0.000    24.518    y[7]_i_270_n_0
    SLICE_X46Y55         CARRY4 (Prop_carry4_S[0]_O[1])
                                                      0.427    24.945 r  y_reg[7]_i_241/O[1]
                         net (fo=1, routed)           0.486    25.430    y_reg[7]_i_241_n_6
    SLICE_X47Y53         LUT2 (Prop_lut2_I1_O)        0.306    25.736 r  y[7]_i_220/O
                         net (fo=1, routed)           0.000    25.736    y[7]_i_220_n_0
    SLICE_X47Y53         CARRY4 (Prop_carry4_S[1]_O[1])
                                                      0.227    25.963 r  y_reg[7]_i_196/O[1]
                         net (fo=1, routed)           0.413    26.377    y_reg[7]_i_196_n_6
    SLICE_X45Y52         LUT2 (Prop_lut2_I1_O)        0.303    26.680 r  y[7]_i_173/O
                         net (fo=1, routed)           0.000    26.680    y[7]_i_173_n_0
    SLICE_X45Y52         CARRY4 (Prop_carry4_S[3]_CO[3])
                                                      0.401    27.081 r  y_reg[7]_i_165/CO[3]
                         net (fo=1, routed)           0.000    27.081    y_reg[7]_i_165_n_0
    SLICE_X45Y53         CARRY4 (Prop_carry4_CI_O[0])
                                                      0.222    27.303 r  y_reg[15]_i_361/O[0]
                         net (fo=1, routed)           0.496    27.798    y_reg[15]_i_361_n_7
    SLICE_X44Y51         LUT2 (Prop_lut2_I1_O)        0.299    28.097 r  y[7]_i_213/O
                         net (fo=1, routed)           0.000    28.097    y[7]_i_213_n_0
    SLICE_X44Y51         CARRY4 (Prop_carry4_S[3]_O[3])
                                                      0.248    28.345 r  y_reg[7]_i_195/O[3]
                         net (fo=1, routed)           0.326    28.671    y_reg[7]_i_195_n_4
    SLICE_X42Y51         LUT2 (Prop_lut2_I1_O)        0.306    28.977 r  y[7]_i_169/O
                         net (fo=1, routed)           0.000    28.977    y[7]_i_169_n_0
    SLICE_X42Y51         CARRY4 (Prop_carry4_S[3]_O[3])
                                                      0.255    29.232 r  y_reg[7]_i_153/O[3]
                         net (fo=1, routed)           0.300    29.532    y_reg[7]_i_153_n_4
    SLICE_X43Y52         LUT2 (Prop_lut2_I1_O)        0.307    29.839 r  y[7]_i_142/O
                         net (fo=1, routed)           0.000    29.839    y[7]_i_142_n_0
    SLICE_X43Y52         CARRY4 (Prop_carry4_S[3]_CO[3])
                                                      0.401    30.240 r  y_reg[7]_i_129/CO[3]
                         net (fo=1, routed)           0.000    30.240    y_reg[7]_i_129_n_0
    SLICE_X43Y53         CARRY4 (Prop_carry4_CI_O[0])
                                                      0.222    30.462 r  y_reg[15]_i_327/O[0]
                         net (fo=1, routed)           0.431    30.892    y_reg[15]_i_327_n_7
    SLICE_X41Y54         LUT2 (Prop_lut2_I1_O)        0.299    31.191 r  y[15]_i_324/O
                         net (fo=1, routed)           0.000    31.191    y[15]_i_324_n_0
    SLICE_X41Y54         CARRY4 (Prop_carry4_S[0]_O[0])
                                                      0.247    31.438 r  y_reg[15]_i_303/O[0]
                         net (fo=1, routed)           0.495    31.934    y_reg[15]_i_303_n_7
    SLICE_X40Y55         LUT2 (Prop_lut2_I1_O)        0.299    32.233 r  y[15]_i_308/O
                         net (fo=1, routed)           0.000    32.233    y[15]_i_308_n_0
    SLICE_X40Y55         CARRY4 (Prop_carry4_S[3]_CO[3])
                                                      0.401    32.634 r  y_reg[15]_i_294/CO[3]
                         net (fo=1, routed)           0.000    32.634    y_reg[15]_i_294_n_0
    SLICE_X40Y56         CARRY4 (Prop_carry4_CI_O[0])
                                                      0.222    32.856 r  y_reg[15]_i_287/O[0]
                         net (fo=1, routed)           0.471    33.327    y_reg[15]_i_287_n_7
    SLICE_X39Y56         LUT2 (Prop_lut2_I1_O)        0.299    33.626 r  y[15]_i_285/O
                         net (fo=1, routed)           0.000    33.626    y[15]_i_285_n_0
    SLICE_X39Y56         CARRY4 (Prop_carry4_S[1]_O[2])
                                                      0.580    34.206 r  y_reg[15]_i_268/O[2]
                         net (fo=1, routed)           0.495    34.700    y_reg[15]_i_268_n_5
    SLICE_X38Y56         LUT2 (Prop_lut2_I1_O)        0.302    35.002 r  y[15]_i_263/O
                         net (fo=1, routed)           0.000    35.002    y[15]_i_263_n_0
    SLICE_X38Y56         CARRY4 (Prop_carry4_S[2]_O[2])
                                                      0.250    35.252 r  y_reg[15]_i_250/O[2]
                         net (fo=1, routed)           0.494    35.747    y_reg[15]_i_250_n_5
    SLICE_X37Y56         LUT2 (Prop_lut2_I1_O)        0.301    36.048 r  y[15]_i_238/O
                         net (fo=1, routed)           0.000    36.048    y[15]_i_238_n_0
    SLICE_X37Y56         CARRY4 (Prop_carry4_S[0]_O[0])
                                                      0.247    36.295 r  y_reg[15]_i_204/O[0]
                         net (fo=1, routed)           0.589    36.883    y_reg[15]_i_204_n_7
    SLICE_X36Y56         CARRY4 (Prop_carry4_S[1]_O[2])
                                                      0.877    37.760 r  y_reg[15]_i_202/O[2]
                         net (fo=1, routed)           0.602    38.362    y_reg[15]_i_202_n_5
    SLICE_X36Y52         LUT2 (Prop_lut2_I1_O)        0.301    38.663 r  y[15]_i_195/O
                         net (fo=1, routed)           0.000    38.663    y[15]_i_195_n_0
    SLICE_X36Y52         CARRY4 (Prop_carry4_S[3]_CO[3])
                                                      0.376    39.039 r  y_reg[15]_i_163/CO[3]
                         net (fo=1, routed)           0.000    39.039    y_reg[15]_i_163_n_0
    SLICE_X36Y53         CARRY4 (Prop_carry4_CI_O[0])
                                                      0.219    39.258 r  y_reg[15]_i_130/O[0]
                         net (fo=1, routed)           0.573    39.831    y_reg[15]_i_130_n_7
    SLICE_X35Y54         LUT2 (Prop_lut2_I1_O)        0.295    40.126 r  y[15]_i_156/O
                         net (fo=1, routed)           0.000    40.126    y[15]_i_156_n_0
    SLICE_X35Y54         CARRY4 (Prop_carry4_S[3]_CO[3])
                                                      0.401    40.527 r  y_reg[15]_i_128/CO[3]
                         net (fo=1, routed)           0.000    40.527    y_reg[15]_i_128_n_0
    SLICE_X35Y55         CARRY4 (Prop_carry4_CI_O[0])
                                                      0.222    40.749 r  y_reg[15]_i_96/O[0]
                         net (fo=1, routed)           0.608    41.357    y_reg[15]_i_96_n_7
    SLICE_X34Y56         LUT2 (Prop_lut2_I1_O)        0.299    41.656 r  y[15]_i_97/O
                         net (fo=1, routed)           0.000    41.656    y[15]_i_97_n_0
    SLICE_X34Y56         CARRY4 (Prop_carry4_S[0]_O[0])
                                                      0.252    41.908 r  y_reg[15]_i_72/O[0]
                         net (fo=1, routed)           0.323    42.232    y_reg[15]_i_72_n_7
    SLICE_X32Y56         CARRY4 (Prop_carry4_S[3]_CO[3])
                                                      0.671    42.903 r  y_reg[15]_i_71/CO[3]
                         net (fo=1, routed)           0.000    42.903    y_reg[15]_i_71_n_0
    SLICE_X32Y57         CARRY4 (Prop_carry4_CI_O[0])
                                                      0.219    43.122 r  y_reg[15]_i_48/O[0]
                         net (fo=1, routed)           0.766    43.888    y_reg[15]_i_48_n_7
    SLICE_X32Y53         CARRY4 (Prop_carry4_S[1]_O[1])
                                                      0.525    44.413 r  y_reg[15]_i_22/O[1]
                         net (fo=1, routed)           0.436    44.849    acc__0[14]
    SLICE_X33Y52         CARRY4 (Prop_carry4_S[2]_O[2])
                                                      0.554    45.403 r  y_reg[15]_i_10/O[2]
                         net (fo=1, routed)           0.695    46.097    y_reg[15]_i_10_n_5
    SLICE_X33Y56         CARRY4 (Prop_carry4_S[1]_O[1])
                                                      0.529    46.626 r  y_reg[15]_i_5/O[1]
                         net (fo=1, routed)           0.596    47.223    y_reg[15]_i_5_n_6
    SLICE_X34Y60         CARRY4 (Prop_carry4_S[2]_O[2])
                                                      0.553    47.776 r  y_reg[15]_i_3/O[2]
                         net (fo=1, routed)           0.444    48.220    p_0_in[14]
    SLICE_X33Y61         CARRY4 (Prop_carry4_S[2]_O[2])
                                                      0.549    48.769 r  y_reg[15]_i_2/O[2]
                         net (fo=1, routed)           0.000    48.769    acc[14]
    SLICE_X33Y61         FDRE                                         r  y_reg[14]/D
  -------------------------------------------------------------------    -------------------

                         (clock vclk rise edge)      48.435    48.435 r  <hidden>
                                                      0.000    48.435 r  clk
                         net (fo=351, unset)          0.924    49.359    clk
    SLICE_X33Y61         FDRE                                         r  y_reg[14]/C
                         clock pessimism              0.000    49.359    <hidden>
                         clock uncertainty           -0.035    49.324    <hidden>
    SLICE_X33Y61         FDRE (Setup_fdre_C_D)        0.062    49.386    y_reg[14]
  -------------------------------------------------------------------
                         required time                         49.386    <hidden>
                         arrival time                         -48.769    <hidden>
  -------------------------------------------------------------------
                         slack                                  0.617    <hidden>

Slack (MET) :             1.254ns  (required time - arrival time)
  Source:                 d41_reg[2]/C
                            (rising edge-triggered cell FDRE clocked by vclk  {rise@0.000ns fall@24.218ns period=48.435ns})
  Destination:            y_reg[13]/D
                            (rising edge-triggered cell FDRE clocked by vclk  {rise@0.000ns fall@24.218ns period=48.435ns})
  Path Group:             vclk
  Path Type:              Setup (Max at Slow Process Corner)
  Requirement:            48.435ns  (vclk rise@48.435ns - vclk rise@0.000ns)
  Data Path Delay:        47.159ns  (logic 26.484ns (56.159%)  route 20.675ns (43.841%))
  Logic Levels:           85  (CARRY4=48 LUT2=37)
  Clock Path Skew:        -0.049ns (DCD - SCD + CPR)
    Destination Clock Delay (DCD):    0.924ns = ( 49.359 - 48.435 ) 
    Source Clock Delay      (SCD):    0.973ns
    Clock Pessimism Removal (CPR):    0.000ns
  Clock Uncertainty:      0.035ns  ((TSJ^2 + TIJ^2)^1/2 + DJ) / 2 + PE
    Total System Jitter     (TSJ):    0.071ns
    Total Input Jitter      (TIJ):    0.000ns
    Discrete Jitter          (DJ):    0.000ns
    Phase Error              (PE):    0.000ns

    Location             Delay type                Incr(ns)  Path(ns)    Netlist Resource(s)
  -------------------------------------------------------------------    -------------------
                         (clock vclk rise edge)       0.000     0.000 r  <hidden>
                                                      0.000     0.000 r  clk
                         net (fo=351, unset)          0.973     0.973    clk
    SLICE_X49Y60         FDRE                                         r  d41_reg[2]/C
  -------------------------------------------------------------------    -------------------
    SLICE_X49Y60         FDRE (Prop_fdre_C_Q)         0.456     1.429 r  d41_reg[2]/Q
                         net (fo=2, routed)           0.288     1.717    d41[2]
    SLICE_X48Y60         CARRY4 (Prop_carry4_S[0]_O[0])
                                                      0.371     2.088 r  y_reg[7]_i_771/O[0]
                         net (fo=2, routed)           0.513     2.601    acc0[2]
    SLICE_X47Y60         LUT2 (Prop_lut2_I0_O)        0.299     2.900 r  y[7]_i_775/O
                         net (fo=1, routed)           0.000     2.900    y[7]_i_775_n_0
    SLICE_X47Y60         CARRY4 (Prop_carry4_S[0]_O[0])
                                                      0.247     3.147 r  y_reg[7]_i_755/O[0]
                         net (fo=1, routed)           0.566     3.713    y_reg[7]_i_755_n_7
    SLICE_X49Y60         LUT2 (Prop_lut2_I1_O)        0.299     4.012 r  y[7]_i_739/O
                         net (fo=1, routed)           0.000     4.012    y[7]_i_739_n_0
    SLICE_X49Y60         CARRY4 (Prop_carry4_S[0]_O[0])
                                                      0.247     4.259 r  y_reg[7]_i_721/O[0]
                         net (fo=1, routed)           0.449     4.708    y_reg[7]_i_721_n_7
    SLICE_X48Y63         LUT2 (Prop_lut2_I1_O)        0.299     5.007 r  y[7]_i_698/O
                         net (fo=1, routed)           0.000     5.007    y[7]_i_698_n_0
    SLICE_X48Y63         CARRY4 (Prop_carry4_S[0]_O[0])
                                                      0.247     5.254 r  y_reg[7]_i_675/O[0]
                         net (fo=1, routed)           0.457     5.711    y_reg[7]_i_675_n_7
    SLICE_X46Y62         LUT2 (Prop_lut2_I1_O)        0.299     6.010 r  y[7]_i_639/O
                         net (fo=1, routed)           0.000     6.010    y[7]_i_639_n_0
    SLICE_X46Y62         CARRY4 (Prop_carry4_S[1]_O[1])
                                                      0.230     6.240 r  y_reg[7]_i_612/O[1]
                         net (fo=1, routed)           0.555     6.796    y_reg[7]_i_612_n_6
    SLICE_X45Y60         LUT2 (Prop_lut2_I1_O)        0.306     7.102 r  y[7]_i_571/O
                         net (fo=1, routed)           0.000     7.102    y[7]_i_571_n_0
    SLICE_X45Y60         CARRY4 (Prop_carry4_S[2]_O[2])
                                                      0.248     7.350 r  y_reg[7]_i_539/O[2]
                         net (fo=1, routed)           0.449     7.798    y_reg[7]_i_539_n_5
    SLICE_X42Y60         LUT2 (Prop_lut2_I1_O)        0.302     8.100 r  y[7]_i_486/O
                         net (fo=1, routed)           0.000     8.100    y[7]_i_486_n_0
    SLICE_X42Y60         CARRY4 (Prop_carry4_S[2]_O[2])
                                                      0.250     8.350 r  y_reg[7]_i_455/O[2]
                         net (fo=1, routed)           0.431     8.781    y_reg[7]_i_455_n_5
    SLICE_X40Y59         LUT2 (Prop_lut2_I1_O)        0.301     9.082 r  y[7]_i_565/O
                         net (fo=1, routed)           0.000     9.082    y[7]_i_565_n_0
    SLICE_X40Y59         CARRY4 (Prop_carry4_S[1]_O[2])
                                                      0.580     9.662 r  y_reg[7]_i_528/O[2]
                         net (fo=1, routed)           0.557    10.219    y_reg[7]_i_528_n_5
    SLICE_X39Y59         LUT2 (Prop_lut2_I1_O)        0.302    10.521 r  y[7]_i_480/O
                         net (fo=1, routed)           0.000    10.521    y[7]_i_480_n_0
    SLICE_X39Y59         CARRY4 (Prop_carry4_S[2]_O[2])
                                                      0.248    10.769 r  y_reg[7]_i_454/O[2]
                         net (fo=1, routed)           0.598    11.367    y_reg[7]_i_454_n_5
    SLICE_X38Y59         LUT2 (Prop_lut2_I1_O)        0.302    11.669 r  y[7]_i_425/O
                         net (fo=1, routed)           0.000    11.669    y[7]_i_425_n_0
    SLICE_X38Y59         CARRY4 (Prop_carry4_S[3]_O[3])
                                                      0.255    11.924 r  y_reg[7]_i_402/O[3]
                         net (fo=1, routed)           0.435    12.359    y_reg[7]_i_402_n_4
    SLICE_X37Y59         LUT2 (Prop_lut2_I1_O)        0.307    12.666 r  y[7]_i_421/O
                         net (fo=1, routed)           0.000    12.666    y[7]_i_421_n_0
    SLICE_X37Y59         CARRY4 (Prop_carry4_S[2]_O[2])
                                                      0.248    12.914 r  y_reg[7]_i_401/O[2]
                         net (fo=1, routed)           0.505    13.418    y_reg[7]_i_401_n_5
    SLICE_X36Y59         LUT2 (Prop_lut2_I1_O)        0.302    13.720 r  y[7]_i_357/O
                         net (fo=1, routed)           0.000    13.720    y[7]_i_357_n_0
    SLICE_X36Y59         CARRY4 (Prop_carry4_S[3]_O[3])
                                                      0.255    13.975 r  y_reg[7]_i_329/O[3]
                         net (fo=1, routed)           0.700    14.675    y_reg[7]_i_329_n_4
    SLICE_X35Y61         LUT2 (Prop_lut2_I1_O)        0.307    14.982 r  y[7]_i_292/O
                         net (fo=1, routed)           0.000    14.982    y[7]_i_292_n_0
    SLICE_X35Y61         CARRY4 (Prop_carry4_S[3]_O[3])
                                                      0.248    15.230 r  y_reg[7]_i_266/O[3]
                         net (fo=1, routed)           0.652    15.882    y_reg[7]_i_266_n_4
    SLICE_X44Y62         LUT2 (Prop_lut2_I1_O)        0.306    16.188 r  y[7]_i_354/O
                         net (fo=1, routed)           0.000    16.188    y[7]_i_354_n_0
    SLICE_X44Y62         CARRY4 (Prop_carry4_S[1]_O[1])
                                                      0.227    16.415 r  y_reg[7]_i_325/O[1]
                         net (fo=1, routed)           0.708    17.123    y_reg[7]_i_325_n_6
    SLICE_X46Y58         LUT2 (Prop_lut2_I1_O)        0.303    17.426 r  y[7]_i_288/O
                         net (fo=1, routed)           0.000    17.426    y[7]_i_288_n_0
    SLICE_X46Y58         CARRY4 (Prop_carry4_S[2]_O[2])
                                                      0.250    17.676 r  y_reg[7]_i_265/O[2]
                         net (fo=1, routed)           0.562    18.238    y_reg[7]_i_265_n_5
    SLICE_X43Y59         LUT2 (Prop_lut2_I1_O)        0.301    18.539 r  y[7]_i_284/O
                         net (fo=1, routed)           0.000    18.539    y[7]_i_284_n_0
    SLICE_X43Y59         CARRY4 (Prop_carry4_S[0]_O[0])
                                                      0.247    18.786 r  y_reg[7]_i_264/O[0]
                         net (fo=1, routed)           0.452    19.238    y_reg[7]_i_264_n_7
    SLICE_X44Y58         LUT2 (Prop_lut2_I1_O)        0.299    19.537 r  y[7]_i_233/O
                         net (fo=1, routed)           0.000    19.537    y[7]_i_233_n_0
    SLICE_X44Y58         CARRY4 (Prop_carry4_S[3]_CO[3])
                                                      0.401    19.938 r  y_reg[7]_i_212/CO[3]
                         net (fo=1, routed)           0.000    19.938    y_reg[7]_i_212_n_0
    SLICE_X44Y59         CARRY4 (Prop_carry4_CI_O[0])
                                                      0.222    20.160 r  y_reg[7]_i_253/O[0]
                         net (fo=1, routed)           0.558    20.718    y_reg[7]_i_253_n_7
    SLICE_X45Y56         LUT2 (Prop_lut2_I1_O)        0.299    21.017 r  y[7]_i_229/O
                         net (fo=1, routed)           0.000    21.017    y[7]_i_229_n_0
    SLICE_X45Y56         CARRY4 (Prop_carry4_S[2]_O[2])
                                                      0.248    21.265 r  y_reg[7]_i_211/O[2]
                         net (fo=1, routed)           0.570    21.834    y_reg[7]_i_211_n_5
    SLICE_X43Y56         LUT2 (Prop_lut2_I1_O)        0.302    22.136 r  y[7]_i_338/O
                         net (fo=1, routed)           0.000    22.136    y[7]_i_338_n_0
    SLICE_X43Y56         CARRY4 (Prop_carry4_S[0]_O[0])
                                                      0.247    22.383 r  y_reg[7]_i_297/O[0]
                         net (fo=1, routed)           0.455    22.839    y_reg[7]_i_297_n_7
    SLICE_X44Y54         LUT2 (Prop_lut2_I1_O)        0.299    23.138 r  y[7]_i_271/O
                         net (fo=1, routed)           0.000    23.138    y[7]_i_271_n_0
    SLICE_X44Y54         CARRY4 (Prop_carry4_S[3]_CO[3])
                                                      0.401    23.539 r  y_reg[7]_i_249/CO[3]
                         net (fo=1, routed)           0.000    23.539    y_reg[7]_i_249_n_0
    SLICE_X44Y55         CARRY4 (Prop_carry4_CI_O[0])
                                                      0.222    23.761 r  y_reg[7]_i_296/O[0]
                         net (fo=1, routed)           0.458    24.219    y_reg[7]_i_296_n_7
    SLICE_X46Y55         LUT2 (Prop_lut2_I1_O)        0.299    24.518 r  y[7]_i_270/O
                         net (fo=1, routed)           0.000    24.518    y[7]_i_270_n_0
    SLICE_X46Y55         CARRY4 (Prop_carry4_S[0]_O[1])
                                                      0.427    24.945 r  y_reg[7]_i_241/O[1]
                         net (fo=1, routed)           0.486    25.430    y_reg[7]_i_241_n_6
    SLICE_X47Y53         LUT2 (Prop_lut2_I1_O)        0.306    25.736 r  y[7]_i_220/O
                         net (fo=1, routed)           0.000    25.736    y[7]_i_220_n_0
    SLICE_X47Y53         CARRY4 (Prop_carry4_S[1]_O[1])
                                                      0.227    25.963 r  y_reg[7]_i_196/O[1]
                         net (fo=1, routed)           0.413    26.377    y_reg[7]_i_196_n_6
    SLICE_X45Y52         LUT2 (Prop_lut2_I1_O)        0.303    26.680 r  y[7]_i_173/O
                         net (fo=1, routed)           0.000    26.680    y[7]_i_173_n_0
    SLICE_X45Y52         CARRY4 (Prop_carry4_S[3]_CO[3])
                                                      0.401    27.081 r  y_reg[7]_i_165/CO[3]
                         net (fo=1, routed)           0.000    27.081    y_reg[7]_i_165_n_0
    SLICE_X45Y53         CARRY4 (Prop_carry4_CI_O[0])
                                                      0.222    27.303 r  y_reg[15]_i_361/O[0]
                         net (fo=1, routed)           0.496    27.798    y_reg[15]_i_361_n_7
    SLICE_X44Y51         LUT2 (Prop_lut2_I1_O)        0.299    28.097 r  y[7]_i_213/O
                         net (fo=1, routed)           0.000    28.097    y[7]_i_213_n_0
    SLICE_X44Y51         CARRY4 (Prop_carry4_S[3]_O[3])
                                                      0.248    28.345 r  y_reg[7]_i_195/O[3]
                         net (fo=1, routed)           0.326    28.671    y_reg[7]_i_195_n_4
    SLICE_X42Y51         LUT2 (Prop_lut2_I1_O)        0.306    28.977 r  y[7]_i_169/O
                         net (fo=1, routed)           0.000    28.977    y[7]_i_169_n_0
    SLICE_X42Y51         CARRY4 (Prop_carry4_S[3]_O[3])
                                                      0.255    29.232 r  y_reg[7]_i_153/O[3]
                         net (fo=1, routed)           0.300    29.532    y_reg[7]_i_153_n_4
    SLICE_X43Y52         LUT2 (Prop_lut2_I1_O)        0.307    29.839 r  y[7]_i_142/O
                         net (fo=1, routed)           0.000    29.839    y[7]_i_142_n_0
    SLICE_X43Y52         CARRY4 (Prop_carry4_S[3]_CO[3])
                                                      0.401    30.240 r  y_reg[7]_i_129/CO[3]
                         net (fo=1, routed)           0.000    30.240    y_reg[7]_i_129_n_0
    SLICE_X43Y53         CARRY4 (Prop_carry4_CI_O[0])
                                                      0.222    30.462 r  y_reg[15]_i_327/O[0]
                         net (fo=1, routed)           0.431    30.892    y_reg[15]_i_327_n_7
    SLICE_X41Y54         LUT2 (Prop_lut2_I1_O)        0.299    31.191 r  y[15]_i_324/O
                         net (fo=1, routed)           0.000    31.191    y[15]_i_324_n_0
    SLICE_X41Y54         CARRY4 (Prop_carry4_S[0]_O[0])
                                                      0.247    31.438 r  y_reg[15]_i_303/O[0]
                         net (fo=1, routed)           0.495    31.934    y_reg[15]_i_303_n_7
    SLICE_X40Y55         LUT2 (Prop_lut2_I1_O)        0.299    32.233 r  y[15]_i_308/O
                         net (fo=1, routed)           0.000    32.233    y[15]_i_308_n_0
    SLICE_X40Y55         CARRY4 (Prop_carry4_S[3]_CO[3])
                                                      0.401    32.634 r  y_reg[15]_i_294/CO[3]
                         net (fo=1, routed)           0.000    32.634    y_reg[15]_i_294_n_0
    SLICE_X40Y56         CARRY4 (Prop_carry4_CI_O[0])
                                                      0.222    32.856 r  y_reg[15]_i_287/O[0]
                         net (fo=1, routed)           0.471    33.327    y_reg[15]_i_287_n_7
    SLICE_X39Y56         LUT2 (Prop_lut2_I1_O)        0.299    33.626 r  y[15]_i_285/O
                         net (fo=1, routed)           0.000    33.626    y[15]_i_285_n_0
    SLICE_X39Y56         CARRY4 (Prop_carry4_S[1]_O[2])
                                                      0.580    34.206 r  y_reg[15]_i_268/O[2]
                         net (fo=1, routed)           0.495    34.700    y_reg[15]_i_268_n_5
    SLICE_X38Y56         LUT2 (Prop_lut2_I1_O)        0.302    35.002 r  y[15]_i_263/O
                         net (fo=1, routed)           0.000    35.002    y[15]_i_263_n_0
    SLICE_X38Y56         CARRY4 (Prop_carry4_S[2]_O[2])
                                                      0.250    35.252 r  y_reg[15]_i_250/O[2]
                         net (fo=1, routed)           0.494    35.747    y_reg[15]_i_250_n_5
    SLICE_X37Y56         LUT2 (Prop_lut2_I1_O)        0.301    36.048 r  y[15]_i_238/O
                         net (fo=1, routed)           0.000    36.048    y[15]_i_238_n_0
    SLICE_X37Y56         CARRY4 (Prop_carry4_S[0]_O[0])
                                                      0.247    36.295 r  y_reg[15]_i_204/O[0]
                         net (fo=1, routed)           0.589    36.883    y_reg[15]_i_204_n_7
    SLICE_X36Y56         CARRY4 (Prop_carry4_S[1]_O[2])
                                                      0.877    37.760 r  y_reg[15]_i_202/O[2]
                         net (fo=1, routed)           0.602    38.362    y_reg[15]_i_202_n_5
    SLICE_X36Y52         LUT2 (Prop_lut2_I1_O)        0.301    38.663 r  y[15]_i_195/O
                         net (fo=1, routed)           0.000    38.663    y[15]_i_195_n_0
    SLICE_X36Y52         CARRY4 (Prop_carry4_S[3]_CO[3])
                                                      0.376    39.039 r  y_reg[15]_i_163/CO[3]
                         net (fo=1, routed)           0.000    39.039    y_reg[15]_i_163_n_0
    SLICE_X36Y53         CARRY4 (Prop_carry4_CI_O[0])
                                                      0.219    39.258 r  y_reg[15]_i_130/O[0]
                         net (fo=1, routed)           0.573    39.831    y_reg[15]_i_130_n_7
    SLICE_X35Y54         LUT2 (Prop_lut2_I1_O)        0.295    40.126 r  y[15]_i_156/O
                         net (fo=1, routed)           0.000    40.126    y[15]_i_156_n_0
    SLICE_X35Y54         CARRY4 (Prop_carry4_S[3]_CO[3])
                                                      0.401    40.527 r  y_reg[15]_i_128/CO[3]
                         net (fo=1, routed)           0.000    40.527    y_reg[15]_i_128_n_0
    SLICE_X35Y55         CARRY4 (Prop_carry4_CI_O[0])
                                                      0.222    40.749 r  y_reg[15]_i_96/O[0]
                         net (fo=1, routed)           0.608    41.357    y_reg[15]_i_96_n_7
    SLICE_X34Y56         LUT2 (Prop_lut2_I1_O)        0.299    41.656 r  y[15]_i_97/O
                         net (fo=1, routed)           0.000    41.656    y[15]_i_97_n_0
    SLICE_X34Y56         CARRY4 (Prop_carry4_S[0]_O[0])
                                                      0.252    41.908 r  y_reg[15]_i_72/O[0]
                         net (fo=1, routed)           0.323    42.232    y_reg[15]_i_72_n_7
    SLICE_X32Y56         CARRY4 (Prop_carry4_S[3]_O[3])
                                                      0.550    42.782 r  y_reg[15]_i_71/O[3]
                         net (fo=1, routed)           0.741    43.522    y_reg[15]_i_71_n_4
    SLICE_X32Y53         LUT2 (Prop_lut2_I1_O)        0.307    43.829 r  y[15]_i_49/O
                         net (fo=1, routed)           0.000    43.829    y[15]_i_49_n_0
    SLICE_X32Y53         CARRY4 (Prop_carry4_S[0]_O[0])
                                                      0.252    44.081 r  y_reg[15]_i_22/O[0]
                         net (fo=1, routed)           0.296    44.377    acc__0[13]
    SLICE_X33Y52         LUT2 (Prop_lut2_I1_O)        0.295    44.672 r  y[15]_i_23/O
                         net (fo=1, routed)           0.000    44.672    y[15]_i_23_n_0
    SLICE_X33Y52         CARRY4 (Prop_carry4_S[1]_O[1])
                                                      0.227    44.899 r  y_reg[15]_i_10/O[1]
                         net (fo=1, routed)           0.685    45.584    y_reg[15]_i_10_n_6
    SLICE_X33Y56         LUT2 (Prop_lut2_I1_O)        0.303    45.887 r  y[15]_i_11/O
                         net (fo=1, routed)           0.000    45.887    y[15]_i_11_n_0
    SLICE_X33Y56         CARRY4 (Prop_carry4_S[0]_O[0])
                                                      0.247    46.134 r  y_reg[15]_i_5/O[0]
                         net (fo=1, routed)           0.614    46.748    y_reg[15]_i_5_n_7
    SLICE_X34Y60         LUT2 (Prop_lut2_I1_O)        0.299    47.047 r  y[15]_i_6/O
                         net (fo=1, routed)           0.000    47.047    y[15]_i_6_n_0
    SLICE_X34Y60         CARRY4 (Prop_carry4_S[1]_O[1])
                                                      0.230    47.277 r  y_reg[15]_i_3/O[1]
                         net (fo=1, routed)           0.321    47.599    p_0_in[13]
    SLICE_X33Y61         CARRY4 (Prop_carry4_S[1]_O[1])
                                                      0.533    48.132 r  y_reg[15]_i_2/O[1]
                         net (fo=1, routed)           0.000    48.132    acc[13]
    SLICE_X33Y61         FDRE                                         r  y_reg[13]/D
  -------------------------------------------------------------------    -------------------

                         (clock vclk rise edge)      48.435    48.435 r  <hidden>
                                                      0.000    48.435 r  clk
                         net (fo=351, unset)          0.924    49.359    clk
    SLICE_X33Y61         FDRE                                         r  y_reg[13]/C
                         clock pessimism              0.000    49.359    <hidden>
                         clock uncertainty           -0.035    49.324    <hidden>
    SLICE_X33Y61         FDRE (Setup_fdre_C_D)        0.062    49.386    y_reg[13]
  -------------------------------------------------------------------
                         required time                         49.386    <hidden>
                         arrival time                         -48.132    <hidden>
  -------------------------------------------------------------------
                         slack                                  1.254    <hidden>

Slack (MET) :             1.397ns  (required time - arrival time)
  Source:                 d41_reg[2]/C
                            (rising edge-triggered cell FDRE clocked by vclk  {rise@0.000ns fall@24.218ns period=48.435ns})
  Destination:            y_reg[12]/D
                            (rising edge-triggered cell FDRE clocked by vclk  {rise@0.000ns fall@24.218ns period=48.435ns})
  Path Group:             vclk
  Path Type:              Setup (Max at Slow Process Corner)
  Requirement:            48.435ns  (vclk rise@48.435ns - vclk rise@0.000ns)
  Data Path Delay:        47.016ns  (logic 26.152ns (55.624%)  route 20.864ns (44.376%))
  Logic Levels:           85  (CARRY4=47 LUT2=38)
  Clock Path Skew:        -0.049ns (DCD - SCD + CPR)
    Destination Clock Delay (DCD):    0.924ns = ( 49.359 - 48.435 ) 
    Source Clock Delay      (SCD):    0.973ns
    Clock Pessimism Removal (CPR):    0.000ns
  Clock Uncertainty:      0.035ns  ((TSJ^2 + TIJ^2)^1/2 + DJ) / 2 + PE
    Total System Jitter     (TSJ):    0.071ns
    Total Input Jitter      (TIJ):    0.000ns
    Discrete Jitter          (DJ):    0.000ns
    Phase Error              (PE):    0.000ns

    Location             Delay type                Incr(ns)  Path(ns)    Netlist Resource(s)
  -------------------------------------------------------------------    -------------------
                         (clock vclk rise edge)       0.000     0.000 r  <hidden>
                                                      0.000     0.000 r  clk
                         net (fo=351, unset)          0.973     0.973    clk
    SLICE_X49Y60         FDRE                                         r  d41_reg[2]/C
  -------------------------------------------------------------------    -------------------
    SLICE_X49Y60         FDRE (Prop_fdre_C_Q)         0.456     1.429 r  d41_reg[2]/Q
                         net (fo=2, routed)           0.288     1.717    d41[2]
    SLICE_X48Y60         CARRY4 (Prop_carry4_S[0]_O[0])
                                                      0.371     2.088 r  y_reg[7]_i_771/O[0]
                         net (fo=2, routed)           0.513     2.601    acc0[2]
    SLICE_X47Y60         LUT2 (Prop_lut2_I0_O)        0.299     2.900 r  y[7]_i_775/O
                         net (fo=1, routed)           0.000     2.900    y[7]_i_775_n_0
    SLICE_X47Y60         CARRY4 (Prop_carry4_S[0]_O[0])
                                                      0.247     3.147 r  y_reg[7]_i_755/O[0]
                         net (fo=1, routed)           0.566     3.713    y_reg[7]_i_755_n_7
    SLICE_X49Y60         LUT2 (Prop_lut2_I1_O)        0.299     4.012 r  y[7]_i_739/O
                         net (fo=1, routed)           0.000     4.012    y[7]_i_739_n_0
    SLICE_X49Y60         CARRY4 (Prop_carry4_S[0]_O[0])
                                                      0.247     4.259 r  y_reg[7]_i_721/O[0]
                         net (fo=1, routed)           0.449     4.708    y_reg[7]_i_721_n_7
    SLICE_X48Y63         LUT2 (Prop_lut2_I1_O)        0.299     5.007 r  y[7]_i_698/O
                         net (fo=1, routed)           0.000     5.007    y[7]_i_698_n_0
    SLICE_X48Y63         CARRY4 (Prop_carry4_S[0]_O[0])
                                                      0.247     5.254 r  y_reg[7]_i_675/O[0]
                         net (fo=1, routed)           0.457     5.711    y_reg[7]_i_675_n_7
    SLICE_X46Y62         LUT2 (Prop_lut2_I1_O)        0.299     6.010 r  y[7]_i_639/O
                         net (fo=1, routed)           0.000     6.010    y[7]_i_639_n_0
    SLICE_X46Y62         CARRY4 (Prop_carry4_S[1]_O[1])
                                                      0.230     6.240 r  y_reg[7]_i_612/O[1]
                         net (fo=1, routed)           0.555     6.796    y_reg[7]_i_612_n_6
    SLICE_X45Y60         LUT2 (Prop_lut2_I1_O)        0.306     7.102 r  y[7]_i_571/O
                         net (fo=1, routed)           0.000     7.102    y[7]_i_571_n_0
    SLICE_X45Y60         CARRY4 (Prop_carry4_S[2]_O[2])
                                                      0.248     7.350 r  y_reg[7]_i_539/O[2]
                         net (fo=1, routed)           0.449     7.798    y_reg[7]_i_539_n_5
    SLICE_X42Y60         LUT2 (Prop_lut2_I1_O)        0.302     8.100 r  y[7]_i_486/O
                         net (fo=1, routed)           0.000     8.100    y[7]_i_486_n_0
    SLICE_X42Y60         CARRY4 (Prop_carry4_S[2]_O[2])
                                                      0.250     8.350 r  y_reg[7]_i_455/O[2]
                         net (fo=1, routed)           0.431     8.781    y_reg[7]_i_455_n_5
    SLICE_X40Y59         LUT2 (Prop_lut2_I1_O)        0.301     9.082 r  y[7]_i_565/O
                         net (fo=1, routed)           0.000     9.082    y[7]_i_565_n_0
    SLICE_X40Y59         CARRY4 (Prop_carry4_S[1]_O[2])
                                                      0.580     9.662 r  y_reg[7]_i_528/O[2]
                         net (fo=1, routed)           0.557    10.219    y_reg[7]_i_528_n_5
    SLICE_X39Y59         LUT2 (Prop_lut2_I1_O)        0.302    10.521 r  y[7]_i_480/O
                         net (fo=1, routed)           0.000    10.521    y[7]_i_480_n_0
    SLICE_X39Y59         CARRY4 (Prop_carry4_S[2]_O[2])
                                                      0.248    10.769 r  y_reg[7]_i_454/O[2]
                         net (fo=1, routed)           0.598    11.367    y_reg[7]_i_454_n_5
    SLICE_X38Y59         LUT2 (Prop_lut2_I1_O)        0.302    11.669 r  y[7]_i_425/O
                         net (fo=1, routed)           0.000    11.669    y[7]_i_425_n_0
    SLICE_X38Y59         CARRY4 (Prop_carry4_S[3]_O[3])
                                                      0.255    11.924 r  y_reg[7]_i_402/O[3]
                         net (fo=1, routed)           0.435    12.359    y_reg[7]_i_402_n_4
    SLICE_X37Y59         LUT2 (Prop_lut2_I1_O)        0.307    12.666 r  y[7]_i_421/O
                         net (fo=1, routed)           0.000    12.666    y[7]_i_421_n_0
    SLICE_X37Y59         CARRY4 (Prop_carry4_S[2]_O[2])
                                                      0.248    12.914 r  y_reg[7]_i_401/O[2]
                         net (fo=1, routed)           0.505    13.418    y_reg[7]_i_401_n_5
    SLICE_X36Y59         LUT2 (Prop_lut2_I1_O)        0.302    13.720 r  y[7]_i_357/O
                         net (fo=1, routed)           0.000    13.720    y[7]_i_357_n_0
    SLICE_X36Y59         CARRY4 (Prop_carry4_S[3]_O[3])
                                                      0.255    13.975 r  y_reg[7]_i_329/O[3]
                         net (fo=1, routed)           0.700    14.675    y_reg[7]_i_329_n_4
    SLICE_X35Y61         LUT2 (Prop_lut2_I1_O)        0.307    14.982 r  y[7]_i_292/O
                         net (fo=1, routed)           0.000    14.982    y[7]_i_292_n_0
    SLICE_X35Y61         CARRY4 (Prop_carry4_S[3]_O[3])
                                                      0.248    15.230 r  y_reg[7]_i_266/O[3]
                         net (fo=1, routed)           0.652    15.882    y_reg[7]_i_266_n_4
    SLICE_X44Y62         LUT2 (Prop_lut2_I1_O)        0.306    16.188 r  y[7]_i_354/O
                         net (fo=1, routed)           0.000    16.188    y[7]_i_354_n_0
    SLICE_X44Y62         CARRY4 (Prop_carry4_S[1]_O[1])
                                                      0.227    16.415 r  y_reg[7]_i_325/O[1]
                         net (fo=1, routed)           0.708    17.123    y_reg[7]_i_325_n_6
    SLICE_X46Y58         LUT2 (Prop_lut2_I1_O)        0.303    17.426 r  y[7]_i_288/O
                         net (fo=1, routed)           0.000    17.426    y[7]_i_288_n_0
    SLICE_X46Y58         CARRY4 (Prop_carry4_S[2]_O[2])
                                                      0.250    17.676 r  y_reg[7]_i_265/O[2]
                         net (fo=1, routed)           0.562    18.238    y_reg[7]_i_265_n_5
    SLICE_X43Y59         LUT2 (Prop_lut2_I1_O)        0.301    18.539 r  y[7]_i_284/O
                         net (fo=1, routed)           0.000    18.539    y[7]_i_284_n_0
    SLICE_X43Y59         CARRY4 (Prop_carry4_S[0]_O[0])
                                                      0.247    18.786 r  y_reg[7]_i_264/O[0]
                         net (fo=1, routed)           0.452    19.238    y_reg[7]_i_264_n_7
    SLICE_X44Y58         LUT2 (Prop_lut2_I1_O)        0.299    19.537 r  y[7]_i_233/O
                         net (fo=1, routed)           0.000    19.537    y[7]_i_233_n_0
    SLICE_X44Y58         CARRY4 (Prop_carry4_S[3]_CO[3])
                                                      0.401    19.938 r  y_reg[7]_i_212/CO[3]
                         net (fo=1, routed)           0.000    19.938    y_reg[7]_i_212_n_0
    SLICE_X44Y59         CARRY4 (Prop_carry4_CI_O[0])
                                                      0.222    20.160 r  y_reg[7]_i_253/O[0]
                         net (fo=1, routed)           0.558    20.718    y_reg[7]_i_253_n_7
    SLICE_X45Y56         LUT2 (Prop_lut2_I1_O)        0.299    21.017 r  y[7]_i_229/O
                         net (fo=1, routed)           0.000    21.017    y[7]_i_229_n_0
    SLICE_X45Y56         CARRY4 (Prop_carry4_S[2]_O[2])
                                                      0.248    21.265 r  y_reg[7]_i_211/O[2]
                         net (fo=1, routed)           0.570    21.834    y_reg[7]_i_211_n_5
    SLICE_X43Y56         LUT2 (Prop_lut2_I1_O)        0.302    22.136 r  y[7]_i_338/O
                         net (fo=1, routed)           0.000    22.136    y[7]_i_338_n_0
    SLICE_X43Y56         CARRY4 (Prop_carry4_S[0]_O[0])
                                                      0.247    22.383 r  y_reg[7]_i_297/O[0]
                         net (fo=1, routed)           0.455    22.839    y_reg[7]_i_297_n_7
    SLICE_X44Y54         LUT2 (Prop_lut2_I1_O)        0.299    23.138 r  y[7]_i_271/O
                         net (fo=1, routed)           0.000    23.138    y[7]_i_271_n_0
    SLICE_X44Y54         CARRY4 (Prop_carry4_S[3]_CO[3])
                                                      0.401    23.539 r  y_reg[7]_i_249/CO[3]
                         net (fo=1, routed)           0.000    23.539    y_reg[7]_i_249_n_0
    SLICE_X44Y55         CARRY4 (Prop_carry4_CI_O[0])
                                                      0.222    23.761 r  y_reg[7]_i_296/O[0]
                         net (fo=1, routed)           0.458    24.219    y_reg[7]_i_296_n_7
    SLICE_X46Y55         LUT2 (Prop_lut2_I1_O)        0.299    24.518 r  y[7]_i_270/O
                         net (fo=1, routed)           0.000    24.518    y[7]_i_270_n_0
    SLICE_X46Y55         CARRY4 (Prop_carry4_S[0]_O[1])
                                                      0.427    24.945 r  y_reg[7]_i_241/O[1]
                         net (fo=1, routed)           0.486    25.430    y_reg[7]_i_241_n_6
    SLICE_X47Y53         LUT2 (Prop_lut2_I1_O)        0.306    25.736 r  y[7]_i_220/O
                         net (fo=1, routed)           0.000    25.736    y[7]_i_220_n_0
    SLICE_X47Y53         CARRY4 (Prop_carry4_S[1]_O[1])
                                                      0.227    25.963 r  y_reg[7]_i_196/O[1]
                         net (fo=1, routed)           0.413    26.377    y_reg[7]_i_196_n_6
    SLICE_X45Y52         LUT2 (Prop_lut2_I1_O)        0.303    26.680 r  y[7]_i_173/O
                         net (fo=1, routed)           0.000    26.680    y[7]_i_173_n_0
    SLICE_X45Y52         CARRY4 (Prop_carry4_S[3]_CO[3])
                                                      0.401    27.081 r  y_reg[7]_i_165/CO[3]
                         net (fo=1, routed)           0.000    27.081    y_reg[7]_i_165_n_0
    SLICE_X45Y53         CARRY4 (Prop_carry4_CI_O[0])
                                                      0.222    27.303 r  y_reg[15]_i_361/O[0]
                         net (fo=1, routed)           0.496    27.798    y_reg[15]_i_361_n_7
    SLICE_X44Y51         LUT2 (Prop_lut2_I1_O)        0.299    28.097 r  y[7]_i_213/O
                         net (fo=1, routed)           0.000    28.097    y[7]_i_213_n_0
    SLICE_X44Y51         CARRY4 (Prop_carry4_S[3]_O[3])
                                                      0.248    28.345 r  y_reg[7]_i_195/O[3]
                         net (fo=1, routed)           0.326    28.671    y_reg[7]_i_195_n_4
    SLICE_X42Y51         LUT2 (Prop_lut2_I1_O)        0.306    28.977 r  y[7]_i_169/O
                         net (fo=1, routed)           0.000    28.977    y[7]_i_169_n_0
    SLICE_X42Y51         CARRY4 (Prop_carry4_S[3]_O[3])
                                                      0.255    29.232 r  y_reg[7]_i_153/O[3]
                         net (fo=1, routed)           0.300    29.532    y_reg[7]_i_153_n_4
    SLICE_X43Y52         LUT2 (Prop_lut2_I1_O)        0.307    29.839 r  y[7]_i_142/O
                         net (fo=1, routed)           0.000    29.839    y[7]_i_142_n_0
    SLICE_X43Y52         CARRY4 (Prop_carry4_S[3]_CO[3])
                                                      0.401    30.240 r  y_reg[7]_i_129/CO[3]
                         net (fo=1, routed)           0.000    30.240    y_reg[7]_i_129_n_0
    SLICE_X43Y53         CARRY4 (Prop_carry4_CI_O[0])
                                                      0.222    30.462 r  y_reg[15]_i_327/O[0]
                         net (fo=1, routed)           0.431    30.892    y_reg[15]_i_327_n_7
    SLICE_X41Y54         LUT2 (Prop_lut2_I1_O)        0.299    31.191 r  y[15]_i_324/O
                         net (fo=1, routed)           0.000    31.191    y[15]_i_324_n_0
    SLICE_X41Y54         CARRY4 (Prop_carry4_S[0]_O[0])
                                                      0.247    31.438 r  y_reg[15]_i_303/O[0]
                         net (fo=1, routed)           0.495    31.934    y_reg[15]_i_303_n_7
    SLICE_X40Y55         LUT2 (Prop_lut2_I1_O)        0.299    32.233 r  y[15]_i_308/O
                         net (fo=1, routed)           0.000    32.233    y[15]_i_308_n_0
    SLICE_X40Y55         CARRY4 (Prop_carry4_S[3]_CO[3])
                                                      0.401    32.634 r  y_reg[15]_i_294/CO[3]
                         net (fo=1, routed)           0.000    32.634    y_reg[15]_i_294_n_0
    SLICE_X40Y56         CARRY4 (Prop_carry4_CI_O[0])
                                                      0.222    32.856 r  y_reg[15]_i_287/O[0]
                         net (fo=1, routed)           0.471    33.327    y_reg[15]_i_287_n_7
    SLICE_X39Y56         LUT2 (Prop_lut2_I1_O)        0.299    33.626 r  y[15]_i_285/O
                         net (fo=1, routed)           0.000    33.626    y[15]_i_285_n_0
    SLICE_X39Y56         CARRY4 (Prop_carry4_S[1]_O[2])
                                                      0.580    34.206 r  y_reg[15]_i_268/O[2]
                         net (fo=1, routed)           0.495    34.700    y_reg[15]_i_268_n_5
    SLICE_X38Y56         LUT2 (Prop_lut2_I1_O)        0.302    35.002 r  y[15]_i_263/O
                         net (fo=1, routed)           0.000    35.002    y[15]_i_263_n_0
    SLICE_X38Y56         CARRY4 (Prop_carry4_S[2]_O[2])
                                                      0.250    35.252 r  y_reg[15]_i_250/O[2]
                         net (fo=1, routed)           0.494    35.747    y_reg[15]_i_250_n_5
    SLICE_X37Y56         LUT2 (Prop_lut2_I1_O)        0.301    36.048 r  y[15]_i_238/O
                         net (fo=1, routed)           0.000    36.048    y[15]_i_238_n_0
    SLICE_X37Y56         CARRY4 (Prop_carry4_S[0]_O[0])
                                                      0.247    36.295 r  y_reg[15]_i_204/O[0]
                         net (fo=1, routed)           0.589    36.883    y_reg[15]_i_204_n_7
    SLICE_X36Y56         CARRY4 (Prop_carry4_S[1]_O[1])
                                                      0.529    37.412 r  y_reg[15]_i_202/O[1]
                         net (fo=1, routed)           0.569    37.981    y_reg[15]_i_202_n_6
    SLICE_X36Y52         LUT2 (Prop_lut2_I1_O)        0.306    38.287 r  y[15]_i_196/O
                         net (fo=1, routed)           0.000    38.287    y[15]_i_196_n_0
    SLICE_X36Y52         CARRY4 (Prop_carry4_S[2]_O[2])
                                                      0.250    38.537 r  y_reg[15]_i_163/O[2]
                         net (fo=1, routed)           0.580    39.117    y_reg[15]_i_163_n_5
    SLICE_X35Y54         LUT2 (Prop_lut2_I1_O)        0.301    39.418 r  y[15]_i_158/O
                         net (fo=1, routed)           0.000    39.418    y[15]_i_158_n_0
    SLICE_X35Y54         CARRY4 (Prop_carry4_S[1]_O[1])
                                                      0.227    39.645 r  y_reg[15]_i_128/O[1]
                         net (fo=1, routed)           0.594    40.239    y_reg[15]_i_128_n_6
    SLICE_X34Y55         LUT2 (Prop_lut2_I1_O)        0.303    40.542 r  y[15]_i_122/O
                         net (fo=1, routed)           0.000    40.542    y[15]_i_122_n_0
    SLICE_X34Y55         CARRY4 (Prop_carry4_S[1]_O[1])
                                                      0.230    40.772 r  y_reg[15]_i_94/O[1]
                         net (fo=1, routed)           0.429    41.200    y_reg[15]_i_94_n_6
    SLICE_X32Y56         LUT2 (Prop_lut2_I1_O)        0.306    41.506 r  y[15]_i_93/O
                         net (fo=1, routed)           0.000    41.506    y[15]_i_93_n_0
    SLICE_X32Y56         CARRY4 (Prop_carry4_S[0]_O[0])
                                                      0.252    41.758 r  y_reg[15]_i_71/O[0]
                         net (fo=1, routed)           0.602    42.361    y_reg[15]_i_71_n_7
    SLICE_X32Y52         LUT2 (Prop_lut2_I1_O)        0.295    42.656 r  y[15]_i_67/O
                         net (fo=1, routed)           0.000    42.656    y[15]_i_67_n_0
    SLICE_X32Y52         CARRY4 (Prop_carry4_S[1]_O[1])
                                                      0.230    42.886 r  y_reg[15]_i_46/O[1]
                         net (fo=1, routed)           0.408    43.294    acc__0[10]
    SLICE_X33Y51         LUT2 (Prop_lut2_I1_O)        0.306    43.600 r  y[15]_i_36/O
                         net (fo=1, routed)           0.000    43.600    y[15]_i_36_n_0
    SLICE_X33Y51         CARRY4 (Prop_carry4_S[2]_O[2])
                                                      0.248    43.848 r  y_reg[15]_i_20/O[2]
                         net (fo=1, routed)           0.695    44.542    y_reg[15]_i_20_n_5
    SLICE_X33Y55         LUT2 (Prop_lut2_I1_O)        0.302    44.844 r  y[15]_i_15/O
                         net (fo=1, routed)           0.000    44.844    y[15]_i_15_n_0
    SLICE_X33Y55         CARRY4 (Prop_carry4_S[1]_O[2])
                                                      0.580    45.424 r  y_reg[15]_i_8/O[2]
                         net (fo=1, routed)           0.629    46.053    y_reg[15]_i_8_n_5
    SLICE_X34Y59         LUT2 (Prop_lut2_I1_O)        0.302    46.355 r  y[11]_i_6/O
                         net (fo=1, routed)           0.000    46.355    y[11]_i_6_n_0
    SLICE_X34Y59         CARRY4 (Prop_carry4_S[3]_O[3])
                                                      0.255    46.610 r  y_reg[11]_i_2/O[3]
                         net (fo=1, routed)           0.447    47.058    p_0_in[11]
    SLICE_X33Y60         CARRY4 (Prop_carry4_S[3]_CO[3])
                                                      0.708    47.766 r  y_reg[11]_i_1/CO[3]
                         net (fo=1, routed)           0.000    47.766    y_reg[11]_i_1_n_0
    SLICE_X33Y61         CARRY4 (Prop_carry4_CI_O[0])
                                                      0.223    47.989 r  y_reg[15]_i_2/O[0]
                         net (fo=1, routed)           0.000    47.989    acc[12]
    SLICE_X33Y61         FDRE                                         r  y_reg[12]/D
  -------------------------------------------------------------------    -------------------

                         (clock vclk rise edge)      48.435    48.435 r  <hidden>
                                                      0.000    48.435 r  clk
                         net (fo=351, unset)          0.924    49.359    clk
    SLICE_X33Y61         FDRE                                         r  y_reg[12]/C
                         clock pessimism              0.000    49.359    <hidden>
                         clock uncertainty           -0.035    49.324    <hidden>
    SLICE_X33Y61         FDRE (Setup_fdre_C_D)        0.062    49.386    y_reg[12]
  -------------------------------------------------------------------
                         required time                         49.386    <hidden>
                         arrival time                         -47.989    <hidden>
  -------------------------------------------------------------------
                         slack                                  1.397    <hidden>

Slack (MET) :             1.773ns  (required time - arrival time)
  Source:                 d41_reg[2]/C
                            (rising edge-triggered cell FDRE clocked by vclk  {rise@0.000ns fall@24.218ns period=48.435ns})
  Destination:            y_reg[11]/D
                            (rising edge-triggered cell FDRE clocked by vclk  {rise@0.000ns fall@24.218ns period=48.435ns})
  Path Group:             vclk
  Path Type:              Setup (Max at Slow Process Corner)
  Requirement:            48.435ns  (vclk rise@48.435ns - vclk rise@0.000ns)
  Data Path Delay:        46.640ns  (logic 25.776ns (55.266%)  route 20.864ns (44.734%))
  Logic Levels:           84  (CARRY4=46 LUT2=38)
  Clock Path Skew:        -0.049ns (DCD - SCD + CPR)
    Destination Clock Delay (DCD):    0.924ns = ( 49.359 - 48.435 ) 
    Source Clock Delay      (SCD):    0.973ns
    Clock Pessimism Removal (CPR):    0.000ns
  Clock Uncertainty:      0.035ns  ((TSJ^2 + TIJ^2)^1/2 + DJ) / 2 + PE
    Total System Jitter     (TSJ):    0.071ns
    Total Input Jitter      (TIJ):    0.000ns
    Discrete Jitter          (DJ):    0.000ns
    Phase Error              (PE):    0.000ns

    Location             Delay type                Incr(ns)  Path(ns)    Netlist Resource(s)
  -------------------------------------------------------------------    -------------------
                         (clock vclk rise edge)       0.000     0.000 r  <hidden>
                                                      0.000     0.000 r  clk
                         net (fo=351, unset)          0.973     0.973    clk
    SLICE_X49Y60         FDRE                                         r  d41_reg[2]/C
  -------------------------------------------------------------------    -------------------
    SLICE_X49Y60         FDRE (Prop_fdre_C_Q)         0.456     1.429 r  d41_reg[2]/Q
                         net (fo=2, routed)           0.288     1.717    d41[2]
    SLICE_X48Y60         CARRY4 (Prop_carry4_S[0]_O[0])
                                                      0.371     2.088 r  y_reg[7]_i_771/O[0]
                         net (fo=2, routed)           0.513     2.601    acc0[2]
    SLICE_X47Y60         LUT2 (Prop_lut2_I0_O)        0.299     2.900 r  y[7]_i_775/O
                         net (fo=1, routed)           0.000     2.900    y[7]_i_775_n_0
    SLICE_X47Y60         CARRY4 (Prop_carry4_S[0]_O[0])
                                                      0.247     3.147 r  y_reg[7]_i_755/O[0]
                         net (fo=1, routed)           0.566     3.713    y_reg[7]_i_755_n_7
    SLICE_X49Y60         LUT2 (Prop_lut2_I1_O)        0.299     4.012 r  y[7]_i_739/O
                         net (fo=1, routed)           0.000     4.012    y[7]_i_739_n_0
    SLICE_X49Y60         CARRY4 (Prop_carry4_S[0]_O[0])
                                                      0.247     4.259 r  y_reg[7]_i_721/O[0]
                         net (fo=1, routed)           0.449     4.708    y_reg[7]_i_721_n_7
    SLICE_X48Y63         LUT2 (Prop_lut2_I1_O)        0.299     5.007 r  y[7]_i_698/O
                         net (fo=1, routed)           0.000     5.007    y[7]_i_698_n_0
    SLICE_X48Y63         CARRY4 (Prop_carry4_S[0]_O[0])
                                                      0.247     5.254 r  y_reg[7]_i_675/O[0]
                         net (fo=1, routed)           0.457     5.711    y_reg[7]_i_675_n_7
    SLICE_X46Y62         LUT2 (Prop_lut2_I1_O)        0.299     6.010 r  y[7]_i_639/O
                         net (fo=1, routed)           0.000     6.010    y[7]_i_639_n_0
    SLICE_X46Y62         CARRY4 (Prop_carry4_S[1]_O[1])
                                                      0.230     6.240 r  y_reg[7]_i_612/O[1]
                         net (fo=1, routed)           0.555     6.796    y_reg[7]_i_612_n_6
    SLICE_X45Y60         LUT2 (Prop_lut2_I1_O)        0.306     7.102 r  y[7]_i_571/O
                         net (fo=1, routed)           0.000     7.102    y[7]_i_571_n_0
    SLICE_X45Y60         CARRY4 (Prop_carry4_S[2]_O[2])
                                                      0.248     7.350 r  y_reg[7]_i_539/O[2]
                         net (fo=1, routed)           0.449     7.798    y_reg[7]_i_539_n_5
    SLICE_X42Y60         LUT2 (Prop_lut2_I1_O)        0.302     8.100 r  y[7]_i_486/O
                         net (fo=1, routed)           0.000     8.100    y[7]_i_486_n_0
    SLICE_X42Y60         CARRY4 (Prop_carry4_S[2]_O[2])
                                                      0.250     8.350 r  y_reg[7]_i_455/O[2]
                         net (fo=1, routed)           0.431     8.781    y_reg[7]_i_455_n_5
    SLICE_X40Y59         LUT2 (Prop_lut2_I1_O)        0.301     9.082 r  y[7]_i_565/O
                         net (fo=1, routed)           0.000     9.082    y[7]_i_565_n_0
    SLICE_X40Y59         CARRY4 (Prop_carry4_S[1]_O[2])
                                                      0.580     9.662 r  y_reg[7]_i_528/O[2]
                         net (fo=1, routed)           0.557    10.219    y_reg[7]_i_528_n_5
    SLICE_X39Y59         LUT2 (Prop_lut2_I1_O)        0.302    10.521 r  y[7]_i_480/O
                         net (fo=1, routed)           0.000    10.521    y[7]_i_480_n_0
    SLICE_X39Y59         CARRY4 (Prop_carry4_S[2]_O[2])
                                                      0.248    10.769 r  y_reg[7]_i_454/O[2]
                         net (fo=1, routed)           0.598    11.367    y_reg[7]_i_454_n_5
    SLICE_X38Y59         LUT2 (Prop_lut2_I1_O)        0.302    11.669 r  y[7]_i_425/O
                         net (fo=1, routed)           0.000    11.669    y[7]_i_425_n_0
    SLICE_X38Y59         CARRY4 (Prop_carry4_S[3]_O[3])
                                                      0.255    11.924 r  y_reg[7]_i_402/O[3]
                         net (fo=1, routed)           0.435    12.359    y_reg[7]_i_402_n_4
    SLICE_X37Y59         LUT2 (Prop_lut2_I1_O)        0.307    12.666 r  y[7]_i_421/O
                         net (fo=1, routed)           0.000    12.666    y[7]_i_421_n_0
    SLICE_X37Y59         CARRY4 (Prop_carry4_S[2]_O[2])
                                                      0.248    12.914 r  y_reg[7]_i_401/O[2]
                         net (fo=1, routed)           0.505    13.418    y_reg[7]_i_401_n_5
    SLICE_X36Y59         LUT2 (Prop_lut2_I1_O)        0.302    13.720 r  y[7]_i_357/O
                         net (fo=1, routed)           0.000    13.720    y[7]_i_357_n_0
    SLICE_X36Y59         CARRY4 (Prop_carry4_S[3]_O[3])
                                                      0.255    13.975 r  y_reg[7]_i_329/O[3]
                         net (fo=1, routed)           0.700    14.675    y_reg[7]_i_329_n_4
    SLICE_X35Y61         LUT2 (Prop_lut2_I1_O)        0.307    14.982 r  y[7]_i_292/O
                         net (fo=1, routed)           0.000    14.982    y[7]_i_292_n_0
    SLICE_X35Y61         CARRY4 (Prop_carry4_S[3]_O[3])
                                                      0.248    15.230 r  y_reg[7]_i_266/O[3]
                         net (fo=1, routed)           0.652    15.882    y_reg[7]_i_266_n_4
    SLICE_X44Y62         LUT2 (Prop_lut2_I1_O)        0.306    16.188 r  y[7]_i_354/O
                         net (fo=1, routed)           0.000    16.188    y[7]_i_354_n_0
    SLICE_X44Y62         CARRY4 (Prop_carry4_S[1]_O[1])
                                                      0.227    16.415 r  y_reg[7]_i_325/O[1]
                         net (fo=1, routed)           0.708    17.123    y_reg[7]_i_325_n_6
    SLICE_X46Y58         LUT2 (Prop_lut2_I1_O)        0.303    17.426 r  y[7]_i_288/O
                         net (fo=1, routed)           0.000    17.426    y[7]_i_288_n_0
    SLICE_X46Y58         CARRY4 (Prop_carry4_S[2]_O[2])
                                                      0.250    17.676 r  y_reg[7]_i_265/O[2]
                         net (fo=1, routed)           0.562    18.238    y_reg[7]_i_265_n_5
    SLICE_X43Y59         LUT2 (Prop_lut2_I1_O)        0.301    18.539 r  y[7]_i_284/O
                         net (fo=1, routed)           0.000    18.539    y[7]_i_284_n_0
    SLICE_X43Y59         CARRY4 (Prop_carry4_S[0]_O[0])
                                                      0.247    18.786 r  y_reg[7]_i_264/O[0]
                         net (fo=1, routed)           0.452    19.238    y_reg[7]_i_264_n_7
    SLICE_X44Y58         LUT2 (Prop_lut2_I1_O)        0.299    19.537 r  y[7]_i_233/O
                         net (fo=1, routed)           0.000    19.537    y[7]_i_233_n_0
    SLICE_X44Y58         CARRY4 (Prop_carry4_S[3]_CO[3])
                                                      0.401    19.938 r  y_reg[7]_i_212/CO[3]
                         net (fo=1, routed)           0.000    19.938    y_reg[7]_i_212_n_0
    SLICE_X44Y59         CARRY4 (Prop_carry4_CI_O[0])
                                                      0.222    20.160 r  y_reg[7]_i_253/O[0]
                         net (fo=1, routed)           0.558    20.718    y_reg[7]_i_253_n_7
    SLICE_X45Y56         LUT2 (Prop_lut2_I1_O)        0.299    21.017 r  y[7]_i_229/O
                         net (fo=1, routed)           0.000    21.017    y[7]_i_229_n_0
    SLICE_X45Y56         CARRY4 (Prop_carry4_S[2]_O[2])
                                                      0.248    21.265 r  y_reg[7]_i_211/O[2]
                         net (fo=1, routed)           0.570    21.834    y_reg[7]_i_211_n_5
    SLICE_X43Y56         LUT2 (Prop_lut2_I1_O)        0.302    22.136 r  y[7]_i_338/O
                         net (fo=1, routed)           0.000    22.136    y[7]_i_338_n_0
    SLICE_X43Y56         CARRY4 (Prop_carry4_S[0]_O[0])
                                                      0.247    22.383 r  y_reg[7]_i_297/O[0]
                         net (fo=1, routed)           0.455    22.839    y_reg[7]_i_297_n_7
    SLICE_X44Y54         LUT2 (Prop_lut2_I1_O)        0.299    23.138 r  y[7]_i_271/O
                         net (fo=1, routed)           0.000    23.138    y[7]_i_271_n_0
    SLICE_X44Y54         CARRY4 (Prop_carry4_S[3]_CO[3])
                                                      0.401    23.539 r  y_reg[7]_i_249/CO[3]
                         net (fo=1, routed)           0.000    23.539    y_reg[7]_i_249_n_0
    SLICE_X44Y55         CARRY4 (Prop_carry4_CI_O[0])
                                                      0.222    23.761 r  y_reg[7]_i_296/O[0]
                         net (fo=1, routed)           0.458    24.219    y_reg[7]_i_296_n_7
    SLICE_X46Y55         LUT2 (Prop_lut2_I1_O)        0.299    24.518 r  y[7]_i_270/O
                         net (fo=1, routed)           0.000    24.518    y[7]_i_270_n_0
    SLICE_X46Y55         CARRY4 (Prop_carry4_S[0]_O[1])
                                                      0.427    24.945 r  y_reg[7]_i_241/O[1]
                         net (fo=1, routed)           0.486    25.430    y_reg[7]_i_241_n_6
    SLICE_X47Y53         LUT2 (Prop_lut2_I1_O)        0.306    25.736 r  y[7]_i_220/O
                         net (fo=1, routed)           0.000    25.736    y[7]_i_220_n_0
    SLICE_X47Y53         CARRY4 (Prop_carry4_S[1]_O[1])
                                                      0.227    25.963 r  y_reg[7]_i_196/O[1]
                         net (fo=1, routed)           0.413    26.377    y_reg[7]_i_196_n_6
    SLICE_X45Y52         LUT2 (Prop_lut2_I1_O)        0.303    26.680 r  y[7]_i_173/O
                         net (fo=1, routed)           0.000    26.680    y[7]_i_173_n_0
    SLICE_X45Y52         CARRY4 (Prop_carry4_S[3]_CO[3])
                                                      0.401    27.081 r  y_reg[7]_i_165/CO[3]
                         net (fo=1, routed)           0.000    27.081    y_reg[7]_i_165_n_0
    SLICE_X45Y53         CARRY4 (Prop_carry4_CI_O[0])
                                                      0.222    27.303 r  y_reg[15]_i_361/O[0]
                         net (fo=1, routed)           0.496    27.798    y_reg[15]_i_361_n_7
    SLICE_X44Y51         LUT2 (Prop_lut2_I1_O)        0.299    28.097 r  y[7]_i_213/O
                         net (fo=1, routed)           0.000    28.097    y[7]_i_213_n_0
    SLICE_X44Y51         CARRY4 (Prop_carry4_S[3]_O[3])
                                                      0.248    28.345 r  y_reg[7]_i_195/O[3]
                         net (fo=1, routed)           0.326    28.671    y_reg[7]_i_195_n_4
    SLICE_X42Y51         LUT2 (Prop_lut2_I1_O)        0.306    28.977 r  y[7]_i_169/O
                         net (fo=1, routed)           0.000    28.977    y[7]_i_169_n_0
    SLICE_X42Y51         CARRY4 (Prop_carry4_S[3]_O[3])
                                                      0.255    29.232 r  y_reg[7]_i_153/O[3]
                         net (fo=1, routed)           0.300    29.532    y_reg[7]_i_153_n_4
    SLICE_X43Y52         LUT2 (Prop_lut2_I1_O)        0.307    29.839 r  y[7]_i_142/O
                         net (fo=1, routed)           0.000    29.839    y[7]_i_142_n_0
    SLICE_X43Y52         CARRY4 (Prop_carry4_S[3]_CO[3])
                                                      0.401    30.240 r  y_reg[7]_i_129/CO[3]
                         net (fo=1, routed)           0.000    30.240    y_reg[7]_i_129_n_0
    SLICE_X43Y53         CARRY4 (Prop_carry4_CI_O[0])
                                                      0.222    30.462 r  y_reg[15]_i_327/O[0]
                         net (fo=1, routed)           0.431    30.892    y_reg[15]_i_327_n_7
    SLICE_X41Y54         LUT2 (Prop_lut2_I1_O)        0.299    31.191 r  y[15]_i_324/O
                         net (fo=1, routed)           0.000    31.191    y[15]_i_324_n_0
    SLICE_X41Y54         CARRY4 (Prop_carry4_S[0]_O[0])
                                                      0.247    31.438 r  y_reg[15]_i_303/O[0]
                         net (fo=1, routed)           0.495    31.934    y_reg[15]_i_303_n_7
    SLICE_X40Y55         LUT2 (Prop_lut2_I1_O)        0.299    32.233 r  y[15]_i_308/O
                         net (fo=1, routed)           0.000    32.233    y[15]_i_308_n_0
    SLICE_X40Y55         CARRY4 (Prop_carry4_S[3]_CO[3])
                                                      0.401    32.634 r  y_reg[15]_i_294/CO[3]
                         net (fo=1, routed)           0.000    32.634    y_reg[15]_i_294_n_0
    SLICE_X40Y56         CARRY4 (Prop_carry4_CI_O[0])
                                                      0.222    32.856 r  y_reg[15]_i_287/O[0]
                         net (fo=1, routed)           0.471    33.327    y_reg[15]_i_287_n_7
    SLICE_X39Y56         LUT2 (Prop_lut2_I1_O)        0.299    33.626 r  y[15]_i_285/O
                         net (fo=1, routed)           0.000    33.626    y[15]_i_285_n_0
    SLICE_X39Y56         CARRY4 (Prop_carry4_S[1]_O[2])
                                                      0.580    34.206 r  y_reg[15]_i_268/O[2]
                         net (fo=1, routed)           0.495    34.700    y_reg[15]_i_268_n_5
    SLICE_X38Y56         LUT2 (Prop_lut2_I1_O)        0.302    35.002 r  y[15]_i_263/O
                         net (fo=1, routed)           0.000    35.002    y[15]_i_263_n_0
    SLICE_X38Y56         CARRY4 (Prop_carry4_S[2]_O[2])
                                                      0.250    35.252 r  y_reg[15]_i_250/O[2]
                         net (fo=1, routed)           0.494    35.747    y_reg[15]_i_250_n_5
    SLICE_X37Y56         LUT2 (Prop_lut2_I1_O)        0.301    36.048 r  y[15]_i_238/O
                         net (fo=1, routed)           0.000    36.048    y[15]_i_238_n_0
    SLICE_X37Y56         CARRY4 (Prop_carry4_S[0]_O[0])
                                                      0.247    36.295 r  y_reg[15]_i_204/O[0]
                         net (fo=1, routed)           0.589    36.883    y_reg[15]_i_204_n_7
    SLICE_X36Y56         CARRY4 (Prop_carry4_S[1]_O[1])
                                                      0.529    37.412 r  y_reg[15]_i_202/O[1]
                         net (fo=1, routed)           0.569    37.981    y_reg[15]_i_202_n_6
    SLICE_X36Y52         LUT2 (Prop_lut2_I1_O)        0.306    38.287 r  y[15]_i_196/O
                         net (fo=1, routed)           0.000    38.287    y[15]_i_196_n_0
    SLICE_X36Y52         CARRY4 (Prop_carry4_S[2]_O[2])
                                                      0.250    38.537 r  y_reg[15]_i_163/O[2]
                         net (fo=1, routed)           0.580    39.117    y_reg[15]_i_163_n_5
    SLICE_X35Y54         LUT2 (Prop_lut2_I1_O)        0.301    39.418 r  y[15]_i_158/O
                         net (fo=1, routed)           0.000    39.418    y[15]_i_158_n_0
    SLICE_X35Y54         CARRY4 (Prop_carry4_S[1]_O[1])
                                                      0.227    39.645 r  y_reg[15]_i_128/O[1]
                         net (fo=1, routed)           0.594    40.239    y_reg[15]_i_128_n_6
    SLICE_X34Y55         LUT2 (Prop_lut2_I1_O)        0.303    40.542 r  y[15]_i_122/O
                         net (fo=1, routed)           0.000    40.542    y[15]_i_122_n_0
    SLICE_X34Y55         CARRY4 (Prop_carry4_S[1]_O[1])
                                                      0.230    40.772 r  y_reg[15]_i_94/O[1]
                         net (fo=1, routed)           0.429    41.200    y_reg[15]_i_94_n_6
    SLICE_X32Y56         LUT2 (Prop_lut2_I1_O)        0.306    41.506 r  y[15]_i_93/O
                         net (fo=1, routed)           0.000    41.506    y[15]_i_93_n_0
    SLICE_X32Y56         CARRY4 (Prop_carry4_S[0]_O[0])
                                                      0.252    41.758 r  y_reg[15]_i_71/O[0]
                         net (fo=1, routed)           0.602    42.361    y_reg[15]_i_71_n_7
    SLICE_X32Y52         LUT2 (Prop_lut2_I1_O)        0.295    42.656 r  y[15]_i_67/O
                         net (fo=1, routed)           0.000    42.656    y[15]_i_67_n_0
    SLICE_X32Y52         CARRY4 (Prop_carry4_S[1]_O[1])
                                                      0.230    42.886 r  y_reg[15]_i_46/O[1]
                         net (fo=1, routed)           0.408    43.294    acc__0[10]
    SLICE_X33Y51         LUT2 (Prop_lut2_I1_O)        0.306    43.600 r  y[15]_i_36/O
                         net (fo=1, routed)           0.000    43.600    y[15]_i_36_n_0
    SLICE_X33Y51         CARRY4 (Prop_carry4_S[2]_O[2])
                                                      0.248    43.848 r  y_reg[15]_i_20/O[2]
                         net (fo=1, routed)           0.695    44.542    y_reg[15]_i_20_n_5
    SLICE_X33Y55         LUT2 (Prop_lut2_I1_O)        0.302    44.844 r  y[15]_i_15/O
                         net (fo=1, routed)           0.000    44.844    y[15]_i_15_n_0
    SLICE_X33Y55         CARRY4 (Prop_carry4_S[1]_O[2])
                                                      0.580    45.424 r  y_reg[15]_i_8/O[2]
                         net (fo=1, routed)           0.629    46.053    y_reg[15]_i_8_n_5
    SLICE_X34Y59         LUT2 (Prop_lut2_I1_O)        0.302    46.355 r  y[11]_i_6/O
                         net (fo=1, routed)           0.000    46.355    y[11]_i_6_n_0
    SLICE_X34Y59         CARRY4 (Prop_carry4_S[3]_O[3])
                                                      0.255    46.610 r  y_reg[11]_i_2/O[3]
                         net (fo=1, routed)           0.447    47.058    p_0_in[11]
    SLICE_X33Y60         CARRY4 (Prop_carry4_S[3]_O[3])
                                                      0.555    47.613 r  y_reg[11]_i_1/O[3]
                         net (fo=1, routed)           0.000    47.613    acc[11]
    SLICE_X33Y60         FDRE                                         r  y_reg[11]/D
  -------------------------------------------------------------------    -------------------

                         (clock vclk rise edge)      48.435    48.435 r  <hidden>
                                                      0.000    48.435 r  clk
                         net (fo=351, unset)          0.924    49.359    clk
    SLICE_X33Y60         FDRE                                         r  y_reg[11]/C
                         clock pessimism              0.000    49.359    <hidden>
                         clock uncertainty           -0.035    49.324    <hidden>
    SLICE_X33Y60         FDRE (Setup_fdre_C_D)        0.062    49.386    y_reg[11]
  -------------------------------------------------------------------
                         required time                         49.386    <hidden>
                         arrival time                         -47.613    <hidden>
  -------------------------------------------------------------------
                         slack                                  1.773    <hidden>

Slack (MET) :             1.989ns  (required time - arrival time)
  Source:                 d41_reg[2]/C
                            (rising edge-triggered cell FDRE clocked by vclk  {rise@0.000ns fall@24.218ns period=48.435ns})
  Destination:            y_reg[10]/D
                            (rising edge-triggered cell FDRE clocked by vclk  {rise@0.000ns fall@24.218ns period=48.435ns})
  Path Group:             vclk
  Path Type:              Setup (Max at Slow Process Corner)
  Requirement:            48.435ns  (vclk rise@48.435ns - vclk rise@0.000ns)
  Data Path Delay:        46.424ns  (logic 25.523ns (54.978%)  route 20.901ns (45.022%))
  Logic Levels:           84  (CARRY4=45 LUT2=39)
  Clock Path Skew:        -0.049ns (DCD - SCD + CPR)
    Destination Clock Delay (DCD):    0.924ns = ( 49.359 - 48.435 ) 
    Source Clock Delay      (SCD):    0.973ns
    Clock Pessimism Removal (CPR):    0.000ns
  Clock Uncertainty:      0.035ns  ((TSJ^2 + TIJ^2)^1/2 + DJ) / 2 + PE
    Total System Jitter     (TSJ):    0.071ns
    Total Input Jitter      (TIJ):    0.000ns
    Discrete Jitter          (DJ):    0.000ns
    Phase Error              (PE):    0.000ns

    Location             Delay type                Incr(ns)  Path(ns)    Netlist Resource(s)
  -------------------------------------------------------------------    -------------------
                         (clock vclk rise edge)       0.000     0.000 r  <hidden>
                                                      0.000     0.000 r  clk
                         net (fo=351, unset)          0.973     0.973    clk
    SLICE_X49Y60         FDRE                                         r  d41_reg[2]/C
  -------------------------------------------------------------------    -------------------
    SLICE_X49Y60         FDRE (Prop_fdre_C_Q)         0.456     1.429 r  d41_reg[2]/Q
                         net (fo=2, routed)           0.288     1.717    d41[2]
    SLICE_X48Y60         CARRY4 (Prop_carry4_S[0]_O[0])
                                                      0.371     2.088 r  y_reg[7]_i_771/O[0]
                         net (fo=2, routed)           0.513     2.601    acc0[2]
    SLICE_X47Y60         LUT2 (Prop_lut2_I0_O)        0.299     2.900 r  y[7]_i_775/O
                         net (fo=1, routed)           0.000     2.900    y[7]_i_775_n_0
    SLICE_X47Y60         CARRY4 (Prop_carry4_S[0]_O[0])
                                                      0.247     3.147 r  y_reg[7]_i_755/O[0]
                         net (fo=1, routed)           0.566     3.713    y_reg[7]_i_755_n_7
    SLICE_X49Y60         LUT2 (Prop_lut2_I1_O)        0.299     4.012 r  y[7]_i_739/O
                         net (fo=1, routed)           0.000     4.012    y[7]_i_739_n_0
    SLICE_X49Y60         CARRY4 (Prop_carry4_S[0]_O[0])
                                                      0.247     4.259 r  y_reg[7]_i_721/O[0]
                         net (fo=1, routed)           0.449     4.708    y_reg[7]_i_721_n_7
    SLICE_X48Y63         LUT2 (Prop_lut2_I1_O)        0.299     5.007 r  y[7]_i_698/O
                         net (fo=1, routed)           0.000     5.007    y[7]_i_698_n_0
    SLICE_X48Y63         CARRY4 (Prop_carry4_S[0]_O[0])
                                                      0.247     5.254 r  y_reg[7]_i_675/O[0]
                         net (fo=1, routed)           0.457     5.711    y_reg[7]_i_675_n_7
    SLICE_X46Y62         LUT2 (Prop_lut2_I1_O)        0.299     6.010 r  y[7]_i_639/O
                         net (fo=1, routed)           0.000     6.010    y[7]_i_639_n_0
    SLICE_X46Y62         CARRY4 (Prop_carry4_S[1]_O[1])
                                                      0.230     6.240 r  y_reg[7]_i_612/O[1]
                         net (fo=1, routed)           0.555     6.796    y_reg[7]_i_612_n_6
    SLICE_X45Y60         LUT2 (Prop_lut2_I1_O)        0.306     7.102 r  y[7]_i_571/O
                         net (fo=1, routed)           0.000     7.102    y[7]_i_571_n_0
    SLICE_X45Y60         CARRY4 (Prop_carry4_S[2]_O[2])
                                                      0.248     7.350 r  y_reg[7]_i_539/O[2]
                         net (fo=1, routed)           0.449     7.798    y_reg[7]_i_539_n_5
    SLICE_X42Y60         LUT2 (Prop_lut2_I1_O)        0.302     8.100 r  y[7]_i_486/O
                         net (fo=1, routed)           0.000     8.100    y[7]_i_486_n_0
    SLICE_X42Y60         CARRY4 (Prop_carry4_S[2]_O[2])
                                                      0.250     8.350 r  y_reg[7]_i_455/O[2]
                         net (fo=1, routed)           0.431     8.781    y_reg[7]_i_455_n_5
    SLICE_X40Y59         LUT2 (Prop_lut2_I1_O)        0.301     9.082 r  y[7]_i_565/O
                         net (fo=1, routed)           0.000     9.082    y[7]_i_565_n_0
    SLICE_X40Y59         CARRY4 (Prop_carry4_S[1]_O[2])
                                                      0.580     9.662 r  y_reg[7]_i_528/O[2]
                         net (fo=1, routed)           0.557    10.219    y_reg[7]_i_528_n_5
    SLICE_X39Y59         LUT2 (Prop_lut2_I1_O)        0.302    10.521 r  y[7]_i_480/O
                         net (fo=1, routed)           0.000    10.521    y[7]_i_480_n_0
    SLICE_X39Y59         CARRY4 (Prop_carry4_S[2]_O[2])
                                                      0.248    10.769 r  y_reg[7]_i_454/O[2]
                         net (fo=1, routed)           0.598    11.367    y_reg[7]_i_454_n_5
    SLICE_X38Y59         LUT2 (Prop_lut2_I1_O)        0.302    11.669 r  y[7]_i_425/O
                         net (fo=1, routed)           0.000    11.669    y[7]_i_425_n_0
    SLICE_X38Y59         CARRY4 (Prop_carry4_S[3]_O[3])
                                                      0.255    11.924 r  y_reg[7]_i_402/O[3]
                         net (fo=1, routed)           0.435    12.359    y_reg[7]_i_402_n_4
    SLICE_X37Y59         LUT2 (Prop_lut2_I1_O)        0.307    12.666 r  y[7]_i_421/O
                         net (fo=1, routed)           0.000    12.666    y[7]_i_421_n_0
    SLICE_X37Y59         CARRY4 (Prop_carry4_S[2]_O[2])
                                                      0.248    12.914 r  y_reg[7]_i_401/O[2]
                         net (fo=1, routed)           0.505    13.418    y_reg[7]_i_401_n_5
    SLICE_X36Y59         LUT2 (Prop_lut2_I1_O)        0.302    13.720 r  y[7]_i_357/O
                         net (fo=1, routed)           0.000    13.720    y[7]_i_357_n_0
    SLICE_X36Y59         CARRY4 (Prop_carry4_S[3]_O[3])
                                                      0.255    13.975 r  y_reg[7]_i_329/O[3]
                         net (fo=1, routed)           0.700    14.675    y_reg[7]_i_329_n_4
    SLICE_X35Y61         LUT2 (Prop_lut2_I1_O)        0.307    14.982 r  y[7]_i_292/O
                         net (fo=1, routed)           0.000    14.982    y[7]_i_292_n_0
    SLICE_X35Y61         CARRY4 (Prop_carry4_S[3]_O[3])
                                                      0.248    15.230 r  y_reg[7]_i_266/O[3]
                         net (fo=1, routed)           0.652    15.882    y_reg[7]_i_266_n_4
    SLICE_X44Y62         LUT2 (Prop_lut2_I1_O)        0.306    16.188 r  y[7]_i_354/O
                         net (fo=1, routed)           0.000    16.188    y[7]_i_354_n_0
    SLICE_X44Y62         CARRY4 (Prop_carry4_S[1]_O[1])
                                                      0.227    16.415 r  y_reg[7]_i_325/O[1]
                         net (fo=1, routed)           0.708    17.123    y_reg[7]_i_325_n_6
    SLICE_X46Y58         LUT2 (Prop_lut2_I1_O)        0.303    17.426 r  y[7]_i_288/O
                         net (fo=1, routed)           0.000    17.426    y[7]_i_288_n_0
    SLICE_X46Y58         CARRY4 (Prop_carry4_S[2]_O[2])
                                                      0.250    17.676 r  y_reg[7]_i_265/O[2]
                         net (fo=1, routed)           0.562    18.238    y_reg[7]_i_265_n_5
    SLICE_X43Y59         LUT2 (Prop_lut2_I1_O)        0.301    18.539 r  y[7]_i_284/O
                         net (fo=1, routed)           0.000    18.539    y[7]_i_284_n_0
    SLICE_X43Y59         CARRY4 (Prop_carry4_S[0]_O[0])
                                                      0.247    18.786 r  y_reg[7]_i_264/O[0]
                         net (fo=1, routed)           0.452    19.238    y_reg[7]_i_264_n_7
    SLICE_X44Y58         LUT2 (Prop_lut2_I1_O)        0.299    19.537 r  y[7]_i_233/O
                         net (fo=1, routed)           0.000    19.537    y[7]_i_233_n_0
    SLICE_X44Y58         CARRY4 (Prop_carry4_S[3]_CO[3])
                                                      0.401    19.938 r  y_reg[7]_i_212/CO[3]
                         net (fo=1, routed)           0.000    19.938    y_reg[7]_i_212_n_0
    SLICE_X44Y59         CARRY4 (Prop_carry4_CI_O[0])
                                                      0.222    20.160 r  y_reg[7]_i_253/O[0]
                         net (fo=1, routed)           0.558    20.718    y_reg[7]_i_253_n_7
    SLICE_X45Y56         LUT2 (Prop_lut2_I1_O)        0.299    21.017 r  y[7]_i_229/O
                         net (fo=1, routed)           0.000    21.017    y[7]_i_229_n_0
    SLICE_X45Y56         CARRY4 (Prop_carry4_S[2]_O[2])
                                                      0.248    21.265 r  y_reg[7]_i_211/O[2]
                         net (fo=1, routed)           0.570    21.834    y_reg[7]_i_211_n_5
    SLICE_X43Y56         LUT2 (Prop_lut2_I1_O)        0.302    22.136 r  y[7]_i_338/O
                         net (fo=1, routed)           0.000    22.136    y[7]_i_338_n_0
    SLICE_X43Y56         CARRY4 (Prop_carry4_S[0]_O[0])
                                                      0.247    22.383 r  y_reg[7]_i_297/O[0]
                         net (fo=1, routed)           0.455    22.839    y_reg[7]_i_297_n_7
    SLICE_X44Y54         LUT2 (Prop_lut2_I1_O)        0.299    23.138 r  y[7]_i_271/O
                         net (fo=1, routed)           0.000    23.138    y[7]_i_271_n_0
    SLICE_X44Y54         CARRY4 (Prop_carry4_S[3]_O[3])
                                                      0.248    23.386 r  y_reg[7]_i_249/O[3]
                         net (fo=1, routed)           0.467    23.853    y_reg[7]_i_249_n_4
    SLICE_X46Y54         LUT2 (Prop_lut2_I1_O)        0.306    24.159 r  y[7]_i_223/O
                         net (fo=1, routed)           0.000    24.159    y[7]_i_223_n_0
    SLICE_X46Y54         CARRY4 (Prop_carry4_S[3]_O[3])
                                                      0.255    24.414 r  y_reg[7]_i_200/O[3]
                         net (fo=1, routed)           0.302    24.716    y_reg[7]_i_200_n_4
    SLICE_X47Y52         LUT2 (Prop_lut2_I1_O)        0.307    25.023 r  y[7]_i_177/O
                         net (fo=1, routed)           0.000    25.023    y[7]_i_177_n_0
    SLICE_X47Y52         CARRY4 (Prop_carry4_S[3]_CO[3])
                                                      0.401    25.424 r  y_reg[7]_i_166/CO[3]
                         net (fo=1, routed)           0.000    25.424    y_reg[7]_i_166_n_0
    SLICE_X47Y53         CARRY4 (Prop_carry4_CI_O[0])
                                                      0.222    25.646 r  y_reg[7]_i_196/O[0]
                         net (fo=1, routed)           0.427    26.073    y_reg[7]_i_196_n_7
    SLICE_X45Y52         LUT2 (Prop_lut2_I1_O)        0.299    26.372 r  y[7]_i_174/O
                         net (fo=1, routed)           0.000    26.372    y[7]_i_174_n_0
    SLICE_X45Y52         CARRY4 (Prop_carry4_S[2]_O[2])
                                                      0.248    26.620 r  y_reg[7]_i_165/O[2]
                         net (fo=1, routed)           0.304    26.924    y_reg[7]_i_165_n_5
    SLICE_X44Y51         LUT2 (Prop_lut2_I1_O)        0.302    27.226 r  y[7]_i_215/O
                         net (fo=1, routed)           0.000    27.226    y[7]_i_215_n_0
    SLICE_X44Y51         CARRY4 (Prop_carry4_S[1]_O[1])
                                                      0.227    27.453 r  y_reg[7]_i_195/O[1]
                         net (fo=1, routed)           0.509    27.962    y_reg[7]_i_195_n_6
    SLICE_X42Y51         LUT2 (Prop_lut2_I1_O)        0.303    28.265 r  y[7]_i_171/O
                         net (fo=1, routed)           0.000    28.265    y[7]_i_171_n_0
    SLICE_X42Y51         CARRY4 (Prop_carry4_S[1]_O[1])
                                                      0.230    28.495 r  y_reg[7]_i_153/O[1]
                         net (fo=1, routed)           0.438    28.933    y_reg[7]_i_153_n_6
    SLICE_X43Y52         LUT2 (Prop_lut2_I1_O)        0.306    29.239 r  y[7]_i_144/O
                         net (fo=1, routed)           0.000    29.239    y[7]_i_144_n_0
    SLICE_X43Y52         CARRY4 (Prop_carry4_S[1]_O[1])
                                                      0.227    29.466 r  y_reg[7]_i_129/O[1]
                         net (fo=1, routed)           0.430    29.896    y_reg[7]_i_129_n_6
    SLICE_X41Y53         LUT2 (Prop_lut2_I1_O)        0.303    30.199 r  y[7]_i_118/O
                         net (fo=1, routed)           0.000    30.199    y[7]_i_118_n_0
    SLICE_X41Y53         CARRY4 (Prop_carry4_S[1]_O[1])
                                                      0.227    30.426 r  y_reg[7]_i_106/O[1]
                         net (fo=1, routed)           0.447    30.873    y_reg[7]_i_106_n_6
    SLICE_X40Y55         LUT2 (Prop_lut2_I1_O)        0.303    31.176 r  y[15]_i_311/O
                         net (fo=1, routed)           0.000    31.176    y[15]_i_311_n_0
    SLICE_X40Y55         CARRY4 (Prop_carry4_S[0]_O[0])
                                                      0.247    31.423 r  y_reg[15]_i_294/O[0]
                         net (fo=1, routed)           0.471    31.894    y_reg[15]_i_294_n_7
    SLICE_X39Y55         LUT2 (Prop_lut2_I1_O)        0.299    32.193 r  y[15]_i_293/O
                         net (fo=1, routed)           0.000    32.193    y[15]_i_293_n_0
    SLICE_X39Y55         CARRY4 (Prop_carry4_S[1]_O[2])
                                                      0.580    32.773 r  y_reg[15]_i_282/O[2]
                         net (fo=1, routed)           0.495    33.268    y_reg[15]_i_282_n_5
    SLICE_X38Y55         LUT2 (Prop_lut2_I1_O)        0.302    33.570 r  y[7]_i_112/O
                         net (fo=1, routed)           0.000    33.570    y[7]_i_112_n_0
    SLICE_X38Y55         CARRY4 (Prop_carry4_S[2]_O[2])
                                                      0.250    33.820 r  y_reg[7]_i_94/O[2]
                         net (fo=1, routed)           0.494    34.314    y_reg[7]_i_94_n_5
    SLICE_X37Y55         LUT2 (Prop_lut2_I1_O)        0.301    34.615 r  y[15]_i_258/O
                         net (fo=1, routed)           0.000    34.615    y[15]_i_258_n_0
    SLICE_X37Y55         CARRY4 (Prop_carry4_S[0]_O[0])
                                                      0.247    34.862 r  y_reg[15]_i_235/O[0]
                         net (fo=1, routed)           0.440    35.302    y_reg[15]_i_235_n_7
    SLICE_X36Y55         LUT2 (Prop_lut2_I1_O)        0.299    35.601 r  y[15]_i_248/O
                         net (fo=1, routed)           0.000    35.601    y[15]_i_248_n_0
    SLICE_X36Y55         CARRY4 (Prop_carry4_S[1]_O[1])
                                                      0.230    35.831 r  y_reg[15]_i_232/O[1]
                         net (fo=1, routed)           0.569    36.399    y_reg[15]_i_232_n_6
    SLICE_X36Y51         LUT2 (Prop_lut2_I1_O)        0.306    36.705 r  y[15]_i_221/O
                         net (fo=1, routed)           0.000    36.705    y[15]_i_221_n_0
    SLICE_X36Y51         CARRY4 (Prop_carry4_S[2]_O[2])
                                                      0.250    36.955 r  y_reg[15]_i_193/O[2]
                         net (fo=1, routed)           0.580    37.535    y_reg[15]_i_193_n_5
    SLICE_X35Y53         LUT2 (Prop_lut2_I1_O)        0.301    37.836 r  y[15]_i_182/O
                         net (fo=1, routed)           0.000    37.836    y[15]_i_182_n_0
    SLICE_X35Y53         CARRY4 (Prop_carry4_S[1]_O[2])
                                                      0.580    38.416 r  y_reg[15]_i_154/O[2]
                         net (fo=1, routed)           0.428    38.844    y_reg[15]_i_154_n_5
    SLICE_X34Y54         LUT2 (Prop_lut2_I1_O)        0.302    39.146 r  y[15]_i_143/O
                         net (fo=1, routed)           0.000    39.146    y[15]_i_143_n_0
    SLICE_X34Y54         CARRY4 (Prop_carry4_S[2]_O[2])
                                                      0.250    39.396 r  y_reg[15]_i_118/O[2]
                         net (fo=1, routed)           0.453    39.849    y_reg[15]_i_118_n_5
    SLICE_X32Y55         LUT2 (Prop_lut2_I1_O)        0.301    40.150 r  y[15]_i_109/O
                         net (fo=1, routed)           0.000    40.150    y[15]_i_109_n_0
    SLICE_X32Y55         CARRY4 (Prop_carry4_S[1]_O[1])
                                                      0.230    40.380 r  y_reg[15]_i_86/O[1]
                         net (fo=1, routed)           0.723    41.103    y_reg[15]_i_86_n_6
    SLICE_X32Y51         LUT2 (Prop_lut2_I1_O)        0.306    41.409 r  y[15]_i_76/O
                         net (fo=1, routed)           0.000    41.409    y[15]_i_76_n_0
    SLICE_X32Y51         CARRY4 (Prop_carry4_S[2]_O[2])
                                                      0.250    41.659 r  y_reg[15]_i_62/O[2]
                         net (fo=1, routed)           0.439    42.097    acc__0[7]
    SLICE_X33Y50         LUT2 (Prop_lut2_I1_O)        0.301    42.398 r  y[15]_i_50/O
                         net (fo=1, routed)           0.000    42.398    y[15]_i_50_n_0
    SLICE_X33Y50         CARRY4 (Prop_carry4_S[3]_CO[3])
                                                      0.401    42.799 r  y_reg[15]_i_33/CO[3]
                         net (fo=1, routed)           0.000    42.799    y_reg[15]_i_33_n_0
    SLICE_X33Y51         CARRY4 (Prop_carry4_CI_O[0])
                                                      0.222    43.021 r  y_reg[15]_i_20/O[0]
                         net (fo=1, routed)           0.691    43.712    y_reg[15]_i_20_n_7
    SLICE_X33Y54         LUT2 (Prop_lut2_I1_O)        0.299    44.011 r  y[11]_i_26/O
                         net (fo=1, routed)           0.000    44.011    y[11]_i_26_n_0
    SLICE_X33Y54         CARRY4 (Prop_carry4_S[3]_CO[3])
                                                      0.401    44.412 r  y_reg[11]_i_18/CO[3]
                         net (fo=1, routed)           0.000    44.412    y_reg[11]_i_18_n_0
    SLICE_X33Y55         CARRY4 (Prop_carry4_CI_O[0])
                                                      0.222    44.634 r  y_reg[15]_i_8/O[0]
                         net (fo=1, routed)           0.766    45.400    y_reg[15]_i_8_n_7
    SLICE_X34Y59         LUT2 (Prop_lut2_I1_O)        0.299    45.699 r  y[11]_i_8/O
                         net (fo=1, routed)           0.000    45.699    y[11]_i_8_n_0
    SLICE_X34Y59         CARRY4 (Prop_carry4_S[1]_O[2])
                                                      0.578    46.277 r  y_reg[11]_i_2/O[2]
                         net (fo=1, routed)           0.571    46.848    p_0_in[10]
    SLICE_X33Y60         CARRY4 (Prop_carry4_S[2]_O[2])
                                                      0.549    47.397 r  y_reg[11]_i_1/O[2]
                         net (fo=1, routed)           0.000    47.397    acc[10]
    SLICE_X33Y60         FDRE                                         r  y_reg[10]/D
  -------------------------------------------------------------------    -------------------

                         (clock vclk rise edge)      48.435    48.435 r  <hidden>
                                                      0.000    48.435 r  clk
                         net (fo=351, unset)          0.924    49.359    clk
    SLICE_X33Y60         FDRE                                         r  y_reg[10]/C
                         clock pessimism              0.000    49.359    <hidden>
                         clock uncertainty           -0.035    49.324    <hidden>
    SLICE_X33Y60         FDRE (Setup_fdre_C_D)        0.062    49.386    y_reg[10]
  -------------------------------------------------------------------
                         required time                         49.386    <hidden>
                         arrival time                         -47.397    <hidden>
  -------------------------------------------------------------------
                         slack                                  1.989    <hidden>

Slack (MET) :             2.368ns  (required time - arrival time)
  Source:                 d41_reg[2]/C
                            (rising edge-triggered cell FDRE clocked by vclk  {rise@0.000ns fall@24.218ns period=48.435ns})
  Destination:            y_reg[9]/D
                            (rising edge-triggered cell FDRE clocked by vclk  {rise@0.000ns fall@24.218ns period=48.435ns})
  Path Group:             vclk
  Path Type:              Setup (Max at Slow Process Corner)
  Requirement:            48.435ns  (vclk rise@48.435ns - vclk rise@0.000ns)
  Data Path Delay:        46.045ns  (logic 25.159ns (54.640%)  route 20.886ns (45.360%))
  Logic Levels:           84  (CARRY4=45 LUT2=39)
  Clock Path Skew:        -0.049ns (DCD - SCD + CPR)
    Destination Clock Delay (DCD):    0.924ns = ( 49.359 - 48.435 ) 
    Source Clock Delay      (SCD):    0.973ns
    Clock Pessimism Removal (CPR):    0.000ns
  Clock Uncertainty:      0.035ns  ((TSJ^2 + TIJ^2)^1/2 + DJ) / 2 + PE
    Total System Jitter     (TSJ):    0.071ns
    Total Input Jitter      (TIJ):    0.000ns
    Discrete Jitter          (DJ):    0.000ns
    Phase Error              (PE):    0.000ns

    Location             Delay type                Incr(ns)  Path(ns)    Netlist Resource(s)
  -------------------------------------------------------------------    -------------------
                         (clock vclk rise edge)       0.000     0.000 r  <hidden>
                                                      0.000     0.000 r  clk
                         net (fo=351, unset)          0.973     0.973    clk
    SLICE_X49Y60         FDRE                                         r  d41_reg[2]/C
  -------------------------------------------------------------------    -------------------
    SLICE_X49Y60         FDRE (Prop_fdre_C_Q)         0.456     1.429 r  d41_reg[2]/Q
                         net (fo=2, routed)           0.288     1.717    d41[2]
    SLICE_X48Y60         CARRY4 (Prop_carry4_S[0]_O[0])
                                                      0.371     2.088 r  y_reg[7]_i_771/O[0]
                         net (fo=2, routed)           0.513     2.601    acc0[2]
    SLICE_X47Y60         LUT2 (Prop_lut2_I0_O)        0.299     2.900 r  y[7]_i_775/O
                         net (fo=1, routed)           0.000     2.900    y[7]_i_775_n_0
    SLICE_X47Y60         CARRY4 (Prop_carry4_S[0]_O[0])
                                                      0.247     3.147 r  y_reg[7]_i_755/O[0]
                         net (fo=1, routed)           0.566     3.713    y_reg[7]_i_755_n_7
    SLICE_X49Y60         LUT2 (Prop_lut2_I1_O)        0.299     4.012 r  y[7]_i_739/O
                         net (fo=1, routed)           0.000     4.012    y[7]_i_739_n_0
    SLICE_X49Y60         CARRY4 (Prop_carry4_S[0]_O[0])
                                                      0.247     4.259 r  y_reg[7]_i_721/O[0]
                         net (fo=1, routed)           0.449     4.708    y_reg[7]_i_721_n_7
    SLICE_X48Y63         LUT2 (Prop_lut2_I1_O)        0.299     5.007 r  y[7]_i_698/O
                         net (fo=1, routed)           0.000     5.007    y[7]_i_698_n_0
    SLICE_X48Y63         CARRY4 (Prop_carry4_S[0]_O[0])
                                                      0.247     5.254 r  y_reg[7]_i_675/O[0]
                         net (fo=1, routed)           0.457     5.711    y_reg[7]_i_675_n_7
    SLICE_X46Y62         LUT2 (Prop_lut2_I1_O)        0.299     6.010 r  y[7]_i_639/O
                         net (fo=1, routed)           0.000     6.010    y[7]_i_639_n_0
    SLICE_X46Y62         CARRY4 (Prop_carry4_S[1]_O[1])
                                                      0.230     6.240 r  y_reg[7]_i_612/O[1]
                         net (fo=1, routed)           0.555     6.796    y_reg[7]_i_612_n_6
    SLICE_X45Y60         LUT2 (Prop_lut2_I1_O)        0.306     7.102 r  y[7]_i_571/O
                         net (fo=1, routed)           0.000     7.102    y[7]_i_571_n_0
    SLICE_X45Y60         CARRY4 (Prop_carry4_S[2]_O[2])
                                                      0.248     7.350 r  y_reg[7]_i_539/O[2]
                         net (fo=1, routed)           0.449     7.798    y_reg[7]_i_539_n_5
    SLICE_X42Y60         LUT2 (Prop_lut2_I1_O)        0.302     8.100 r  y[7]_i_486/O
                         net (fo=1, routed)           0.000     8.100    y[7]_i_486_n_0
    SLICE_X42Y60         CARRY4 (Prop_carry4_S[2]_O[2])
                                                      0.250     8.350 r  y_reg[7]_i_455/O[2]
                         net (fo=1, routed)           0.431     8.781    y_reg[7]_i_455_n_5
    SLICE_X40Y59         LUT2 (Prop_lut2_I1_O)        0.301     9.082 r  y[7]_i_565/O
                         net (fo=1, routed)           0.000     9.082    y[7]_i_565_n_0
    SLICE_X40Y59         CARRY4 (Prop_carry4_S[1]_O[2])
                                                      0.580     9.662 r  y_reg[7]_i_528/O[2]
                         net (fo=1, routed)           0.557    10.219    y_reg[7]_i_528_n_5
    SLICE_X39Y59         LUT2 (Prop_lut2_I1_O)        0.302    10.521 r  y[7]_i_480/O
                         net (fo=1, routed)           0.000    10.521    y[7]_i_480_n_0
    SLICE_X39Y59         CARRY4 (Prop_carry4_S[2]_O[2])
                                                      0.248    10.769 r  y_reg[7]_i_454/O[2]
                         net (fo=1, routed)           0.598    11.367    y_reg[7]_i_454_n_5
    SLICE_X38Y59         LUT2 (Prop_lut2_I1_O)        0.302    11.669 r  y[7]_i_425/O
                         net (fo=1, routed)           0.000    11.669    y[7]_i_425_n_0
    SLICE_X38Y59         CARRY4 (Prop_carry4_S[3]_O[3])
                                                      0.255    11.924 r  y_reg[7]_i_402/O[3]
                         net (fo=1, routed)           0.435    12.359    y_reg[7]_i_402_n_4
    SLICE_X37Y59         LUT2 (Prop_lut2_I1_O)        0.307    12.666 r  y[7]_i_421/O
                         net (fo=1, routed)           0.000    12.666    y[7]_i_421_n_0
    SLICE_X37Y59         CARRY4 (Prop_carry4_S[2]_O[2])
                                                      0.248    12.914 r  y_reg[7]_i_401/O[2]
                         net (fo=1, routed)           0.505    13.418    y_reg[7]_i_401_n_5
    SLICE_X36Y59         LUT2 (Prop_lut2_I1_O)        0.302    13.720 r  y[7]_i_357/O
                         net (fo=1, routed)           0.000    13.720    y[7]_i_357_n_0
    SLICE_X36Y59         CARRY4 (Prop_carry4_S[3]_O[3])
                                                      0.255    13.975 r  y_reg[7]_i_329/O[3]
                         net (fo=1, routed)           0.700    14.675    y_reg[7]_i_329_n_4
    SLICE_X35Y61         LUT2 (Prop_lut2_I1_O)        0.307    14.982 r  y[7]_i_292/O
                         net (fo=1, routed)           0.000    14.982    y[7]_i_292_n_0
    SLICE_X35Y61         CARRY4 (Prop_carry4_S[3]_O[3])
                                                      0.248    15.230 r  y_reg[7]_i_266/O[3]
                         net (fo=1, routed)           0.652    15.882    y_reg[7]_i_266_n_4
    SLICE_X44Y62         LUT2 (Prop_lut2_I1_O)        0.306    16.188 r  y[7]_i_354/O
                         net (fo=1, routed)           0.000    16.188    y[7]_i_354_n_0
    SLICE_X44Y62         CARRY4 (Prop_carry4_S[1]_O[1])
                                                      0.227    16.415 r  y_reg[7]_i_325/O[1]
                         net (fo=1, routed)           0.708    17.123    y_reg[7]_i_325_n_6
    SLICE_X46Y58         LUT2 (Prop_lut2_I1_O)        0.303    17.426 r  y[7]_i_288/O
                         net (fo=1, routed)           0.000    17.426    y[7]_i_288_n_0
    SLICE_X46Y58         CARRY4 (Prop_carry4_S[2]_O[2])
                                                      0.250    17.676 r  y_reg[7]_i_265/O[2]
                         net (fo=1, routed)           0.562    18.238    y_reg[7]_i_265_n_5
    SLICE_X43Y59         LUT2 (Prop_lut2_I1_O)        0.301    18.539 r  y[7]_i_284/O
                         net (fo=1, routed)           0.000    18.539    y[7]_i_284_n_0
    SLICE_X43Y59         CARRY4 (Prop_carry4_S[0]_O[0])
                                                      0.247    18.786 r  y_reg[7]_i_264/O[0]
                         net (fo=1, routed)           0.452    19.238    y_reg[7]_i_264_n_7
    SLICE_X44Y58         LUT2 (Prop_lut2_I1_O)        0.299    19.537 r  y[7]_i_233/O
                         net (fo=1, routed)           0.000    19.537    y[7]_i_233_n_0
    SLICE_X44Y58         CARRY4 (Prop_carry4_S[3]_CO[3])
                                                      0.401    19.938 r  y_reg[7]_i_212/CO[3]
                         net (fo=1, routed)           0.000    19.938    y_reg[7]_i_212_n_0
    SLICE_X44Y59         CARRY4 (Prop_carry4_CI_O[0])
                                                      0.222    20.160 r  y_reg[7]_i_253/O[0]
                         net (fo=1, routed)           0.558    20.718    y_reg[7]_i_253_n_7
    SLICE_X45Y56         LUT2 (Prop_lut2_I1_O)        0.299    21.017 r  y[7]_i_229/O
                         net (fo=1, routed)           0.000    21.017    y[7]_i_229_n_0
    SLICE_X45Y56         CARRY4 (Prop_carry4_S[2]_O[2])
                                                      0.248    21.265 r  y_reg[7]_i_211/O[2]
                         net (fo=1, routed)           0.570    21.834    y_reg[7]_i_211_n_5
    SLICE_X43Y56         LUT2 (Prop_lut2_I1_O)        0.302    22.136 r  y[7]_i_338/O
                         net (fo=1, routed)           0.000    22.136    y[7]_i_338_n_0
    SLICE_X43Y56         CARRY4 (Prop_carry4_S[0]_O[0])
                                                      0.247    22.383 r  y_reg[7]_i_297/O[0]
                         net (fo=1, routed)           0.455    22.839    y_reg[7]_i_297_n_7
    SLICE_X44Y54         LUT2 (Prop_lut2_I1_O)        0.299    23.138 r  y[7]_i_271/O
                         net (fo=1, routed)           0.000    23.138    y[7]_i_271_n_0
    SLICE_X44Y54         CARRY4 (Prop_carry4_S[3]_O[3])
                                                      0.248    23.386 r  y_reg[7]_i_249/O[3]
                         net (fo=1, routed)           0.467    23.853    y_reg[7]_i_249_n_4
    SLICE_X46Y54         LUT2 (Prop_lut2_I1_O)        0.306    24.159 r  y[7]_i_223/O
                         net (fo=1, routed)           0.000    24.159    y[7]_i_223_n_0
    SLICE_X46Y54         CARRY4 (Prop_carry4_S[3]_O[3])
                                                      0.255    24.414 r  y_reg[7]_i_200/O[3]
                         net (fo=1, routed)           0.302    24.716    y_reg[7]_i_200_n_4
    SLICE_X47Y52         LUT2 (Prop_lut2_I1_O)        0.307    25.023 r  y[7]_i_177/O
                         net (fo=1, routed)           0.000    25.023    y[7]_i_177_n_0
    SLICE_X47Y52         CARRY4 (Prop_carry4_S[3]_CO[3])
                                                      0.401    25.424 r  y_reg[7]_i_166/CO[3]
                         net (fo=1, routed)           0.000    25.424    y_reg[7]_i_166_n_0
    SLICE_X47Y53         CARRY4 (Prop_carry4_CI_O[0])
                                                      0.222    25.646 r  y_reg[7]_i_196/O[0]
                         net (fo=1, routed)           0.427    26.073    y_reg[7]_i_196_n_7
    SLICE_X45Y52         LUT2 (Prop_lut2_I1_O)        0.299    26.372 r  y[7]_i_174/O
                         net (fo=1, routed)           0.000    26.372    y[7]_i_174_n_0
    SLICE_X45Y52         CARRY4 (Prop_carry4_S[2]_O[2])
                                                      0.248    26.620 r  y_reg[7]_i_165/O[2]
                         net (fo=1, routed)           0.304    26.924    y_reg[7]_i_165_n_5
    SLICE_X44Y51         LUT2 (Prop_lut2_I1_O)        0.302    27.226 r  y[7]_i_215/O
                         net (fo=1, routed)           0.000    27.226    y[7]_i_215_n_0
    SLICE_X44Y51         CARRY4 (Prop_carry4_S[1]_O[1])
                                                      0.227    27.453 r  y_reg[7]_i_195/O[1]
                         net (fo=1, routed)           0.509    27.962    y_reg[7]_i_195_n_6
    SLICE_X42Y51         LUT2 (Prop_lut2_I1_O)        0.303    28.265 r  y[7]_i_171/O
                         net (fo=1, routed)           0.000    28.265    y[7]_i_171_n_0
    SLICE_X42Y51         CARRY4 (Prop_carry4_S[1]_O[1])
                                                      0.230    28.495 r  y_reg[7]_i_153/O[1]
                         net (fo=1, routed)           0.438    28.933    y_reg[7]_i_153_n_6
    SLICE_X43Y52         LUT2 (Prop_lut2_I1_O)        0.306    29.239 r  y[7]_i_144/O
                         net (fo=1, routed)           0.000    29.239    y[7]_i_144_n_0
    SLICE_X43Y52         CARRY4 (Prop_carry4_S[1]_O[1])
                                                      0.227    29.466 r  y_reg[7]_i_129/O[1]
                         net (fo=1, routed)           0.430    29.896    y_reg[7]_i_129_n_6
    SLICE_X41Y53         LUT2 (Prop_lut2_I1_O)        0.303    30.199 r  y[7]_i_118/O
                         net (fo=1, routed)           0.000    30.199    y[7]_i_118_n_0
    SLICE_X41Y53         CARRY4 (Prop_carry4_S[1]_O[1])
                                                      0.227    30.426 r  y_reg[7]_i_106/O[1]
                         net (fo=1, routed)           0.447    30.873    y_reg[7]_i_106_n_6
    SLICE_X40Y55         LUT2 (Prop_lut2_I1_O)        0.303    31.176 r  y[15]_i_311/O
                         net (fo=1, routed)           0.000    31.176    y[15]_i_311_n_0
    SLICE_X40Y55         CARRY4 (Prop_carry4_S[0]_O[0])
                                                      0.247    31.423 r  y_reg[15]_i_294/O[0]
                         net (fo=1, routed)           0.471    31.894    y_reg[15]_i_294_n_7
    SLICE_X39Y55         LUT2 (Prop_lut2_I1_O)        0.299    32.193 r  y[15]_i_293/O
                         net (fo=1, routed)           0.000    32.193    y[15]_i_293_n_0
    SLICE_X39Y55         CARRY4 (Prop_carry4_S[1]_O[2])
                                                      0.580    32.773 r  y_reg[15]_i_282/O[2]
                         net (fo=1, routed)           0.495    33.268    y_reg[15]_i_282_n_5
    SLICE_X38Y55         LUT2 (Prop_lut2_I1_O)        0.302    33.570 r  y[7]_i_112/O
                         net (fo=1, routed)           0.000    33.570    y[7]_i_112_n_0
    SLICE_X38Y55         CARRY4 (Prop_carry4_S[2]_O[2])
                                                      0.250    33.820 r  y_reg[7]_i_94/O[2]
                         net (fo=1, routed)           0.494    34.314    y_reg[7]_i_94_n_5
    SLICE_X37Y55         LUT2 (Prop_lut2_I1_O)        0.301    34.615 r  y[15]_i_258/O
                         net (fo=1, routed)           0.000    34.615    y[15]_i_258_n_0
    SLICE_X37Y55         CARRY4 (Prop_carry4_S[0]_O[0])
                                                      0.247    34.862 r  y_reg[15]_i_235/O[0]
                         net (fo=1, routed)           0.440    35.302    y_reg[15]_i_235_n_7
    SLICE_X36Y55         LUT2 (Prop_lut2_I1_O)        0.299    35.601 r  y[15]_i_248/O
                         net (fo=1, routed)           0.000    35.601    y[15]_i_248_n_0
    SLICE_X36Y55         CARRY4 (Prop_carry4_S[1]_O[1])
                                                      0.230    35.831 r  y_reg[15]_i_232/O[1]
                         net (fo=1, routed)           0.569    36.399    y_reg[15]_i_232_n_6
    SLICE_X36Y51         LUT2 (Prop_lut2_I1_O)        0.306    36.705 r  y[15]_i_221/O
                         net (fo=1, routed)           0.000    36.705    y[15]_i_221_n_0
    SLICE_X36Y51         CARRY4 (Prop_carry4_S[2]_O[2])
                                                      0.250    36.955 r  y_reg[15]_i_193/O[2]
                         net (fo=1, routed)           0.580    37.535    y_reg[15]_i_193_n_5
    SLICE_X35Y53         LUT2 (Prop_lut2_I1_O)        0.301    37.836 r  y[15]_i_182/O
                         net (fo=1, routed)           0.000    37.836    y[15]_i_182_n_0
    SLICE_X35Y53         CARRY4 (Prop_carry4_S[1]_O[2])
                                                      0.580    38.416 r  y_reg[15]_i_154/O[2]
                         net (fo=1, routed)           0.428    38.844    y_reg[15]_i_154_n_5
    SLICE_X34Y54         LUT2 (Prop_lut2_I1_O)        0.302    39.146 r  y[15]_i_143/O
                         net (fo=1, routed)           0.000    39.146    y[15]_i_143_n_0
    SLICE_X34Y54         CARRY4 (Prop_carry4_S[2]_O[2])
                                                      0.250    39.396 r  y_reg[15]_i_118/O[2]
                         net (fo=1, routed)           0.453    39.849    y_reg[15]_i_118_n_5
    SLICE_X32Y55         LUT2 (Prop_lut2_I1_O)        0.301    40.150 r  y[15]_i_109/O
                         net (fo=1, routed)           0.000    40.150    y[15]_i_109_n_0
    SLICE_X32Y55         CARRY4 (Prop_carry4_S[1]_O[1])
                                                      0.230    40.380 r  y_reg[15]_i_86/O[1]
                         net (fo=1, routed)           0.723    41.103    y_reg[15]_i_86_n_6
    SLICE_X32Y51         LUT2 (Prop_lut2_I1_O)        0.306    41.409 r  y[15]_i_76/O
                         net (fo=1, routed)           0.000    41.409    y[15]_i_76_n_0
    SLICE_X32Y51         CARRY4 (Prop_carry4_S[2]_O[2])
                                                      0.250    41.659 r  y_reg[15]_i_62/O[2]
                         net (fo=1, routed)           0.439    42.097    acc__0[7]
    SLICE_X33Y50         LUT2 (Prop_lut2_I1_O)        0.301    42.398 r  y[15]_i_50/O
                         net (fo=1, routed)           0.000    42.398    y[15]_i_50_n_0
    SLICE_X33Y50         CARRY4 (Prop_carry4_S[3]_CO[3])
                                                      0.401    42.799 r  y_reg[15]_i_33/CO[3]
                         net (fo=1, routed)           0.000    42.799    y_reg[15]_i_33_n_0
    SLICE_X33Y51         CARRY4 (Prop_carry4_CI_O[0])
                                                      0.222    43.021 r  y_reg[15]_i_20/O[0]
                         net (fo=1, routed)           0.691    43.712    y_reg[15]_i_20_n_7
    SLICE_X33Y54         LUT2 (Prop_lut2_I1_O)        0.299    44.011 r  y[11]_i_26/O
                         net (fo=1, routed)           0.000    44.011    y[11]_i_26_n_0
    SLICE_X33Y54         CARRY4 (Prop_carry4_S[3]_CO[3])
                                                      0.401    44.412 r  y_reg[11]_i_18/CO[3]
                         net (fo=1, routed)           0.000    44.412    y_reg[11]_i_18_n_0
    SLICE_X33Y55         CARRY4 (Prop_carry4_CI_O[0])
                                                      0.222    44.634 r  y_reg[15]_i_8/O[0]
                         net (fo=1, routed)           0.766    45.400    y_reg[15]_i_8_n_7
    SLICE_X34Y59         LUT2 (Prop_lut2_I1_O)        0.299    45.699 r  y[11]_i_8/O
                         net (fo=1, routed)           0.000    45.699    y[11]_i_8_n_0
    SLICE_X34Y59         CARRY4 (Prop_carry4_S[1]_O[1])
                                                      0.230    45.929 r  y_reg[11]_i_2/O[1]
                         net (fo=1, routed)           0.555    46.485    p_0_in[9]
    SLICE_X33Y60         CARRY4 (Prop_carry4_S[1]_O[1])
                                                      0.533    47.018 r  y_reg[11]_i_1/O[1]
                         net (fo=1, routed)           0.000    47.018    acc[9]
    SLICE_X33Y60         FDRE                                         r  y_reg[9]/D
  -------------------------------------------------------------------    -------------------

                         (clock vclk rise edge)      48.435    48.435 r  <hidden>
                                                      0.000    48.435 r  clk
                         net (fo=351, unset)          0.924    49.359    clk
    SLICE_X33Y60         FDRE                                         r  y_reg[9]/C
                         clock pessimism              0.000    49.359    <hidden>
                         clock uncertainty           -0.035    49.324    <hidden>
    SLICE_X33Y60         FDRE (Setup_fdre_C_D)        0.062    49.386    y_reg[9]
  -------------------------------------------------------------------
                         required time                         49.386    <hidden>
                         arrival time                         -47.018    <hidden>
  -------------------------------------------------------------------
                         slack                                  2.368    <hidden>

Slack (MET) :             2.621ns  (required time - arrival time)
  Source:                 d41_reg[2]/C
                            (rising edge-triggered cell FDRE clocked by vclk  {rise@0.000ns fall@24.218ns period=48.435ns})
  Destination:            y_reg[8]/D
                            (rising edge-triggered cell FDRE clocked by vclk  {rise@0.000ns fall@24.218ns period=48.435ns})
  Path Group:             vclk
  Path Type:              Setup (Max at Slow Process Corner)
  Requirement:            48.435ns  (vclk rise@48.435ns - vclk rise@0.000ns)
  Data Path Delay:        45.792ns  (logic 24.842ns (54.250%)  route 20.950ns (45.750%))
  Logic Levels:           84  (CARRY4=44 LUT2=39 LUT4=1)
  Clock Path Skew:        -0.049ns (DCD - SCD + CPR)
    Destination Clock Delay (DCD):    0.924ns = ( 49.359 - 48.435 ) 
    Source Clock Delay      (SCD):    0.973ns
    Clock Pessimism Removal (CPR):    0.000ns
  Clock Uncertainty:      0.035ns  ((TSJ^2 + TIJ^2)^1/2 + DJ) / 2 + PE
    Total System Jitter     (TSJ):    0.071ns
    Total Input Jitter      (TIJ):    0.000ns
    Discrete Jitter          (DJ):    0.000ns
    Phase Error              (PE):    0.000ns

    Location             Delay type                Incr(ns)  Path(ns)    Netlist Resource(s)
  -------------------------------------------------------------------    -------------------
                         (clock vclk rise edge)       0.000     0.000 r  <hidden>
                                                      0.000     0.000 r  clk
                         net (fo=351, unset)          0.973     0.973    clk
    SLICE_X49Y60         FDRE                                         r  d41_reg[2]/C
  -------------------------------------------------------------------    -------------------
    SLICE_X49Y60         FDRE (Prop_fdre_C_Q)         0.456     1.429 r  d41_reg[2]/Q
                         net (fo=2, routed)           0.288     1.717    d41[2]
    SLICE_X48Y60         CARRY4 (Prop_carry4_S[0]_O[0])
                                                      0.371     2.088 r  y_reg[7]_i_771/O[0]
                         net (fo=2, routed)           0.513     2.601    acc0[2]
    SLICE_X47Y60         LUT2 (Prop_lut2_I0_O)        0.299     2.900 r  y[7]_i_775/O
                         net (fo=1, routed)           0.000     2.900    y[7]_i_775_n_0
    SLICE_X47Y60         CARRY4 (Prop_carry4_S[0]_O[0])
                                                      0.247     3.147 r  y_reg[7]_i_755/O[0]
                         net (fo=1, routed)           0.566     3.713    y_reg[7]_i_755_n_7
    SLICE_X49Y60         LUT2 (Prop_lut2_I1_O)        0.299     4.012 r  y[7]_i_739/O
                         net (fo=1, routed)           0.000     4.012    y[7]_i_739_n_0
    SLICE_X49Y60         CARRY4 (Prop_carry4_S[0]_O[0])
                                                      0.247     4.259 r  y_reg[7]_i_721/O[0]
                         net (fo=1, routed)           0.449     4.708    y_reg[7]_i_721_n_7
    SLICE_X48Y63         LUT2 (Prop_lut2_I1_O)        0.299     5.007 r  y[7]_i_698/O
                         net (fo=1, routed)           0.000     5.007    y[7]_i_698_n_0
    SLICE_X48Y63         CARRY4 (Prop_carry4_S[0]_O[0])
                                                      0.247     5.254 r  y_reg[7]_i_675/O[0]
                         net (fo=1, routed)           0.457     5.711    y_reg[7]_i_675_n_7
    SLICE_X46Y62         LUT2 (Prop_lut2_I1_O)        0.299     6.010 r  y[7]_i_639/O
                         net (fo=1, routed)           0.000     6.010    y[7]_i_639_n_0
    SLICE_X46Y62         CARRY4 (Prop_carry4_S[1]_O[1])
                                                      0.230     6.240 r  y_reg[7]_i_612/O[1]
                         net (fo=1, routed)           0.555     6.796    y_reg[7]_i_612_n_6
    SLICE_X45Y60         LUT2 (Prop_lut2_I1_O)        0.306     7.102 r  y[7]_i_571/O
                         net (fo=1, routed)           0.000     7.102    y[7]_i_571_n_0
    SLICE_X45Y60         CARRY4 (Prop_carry4_S[2]_O[2])
                                                      0.248     7.350 r  y_reg[7]_i_539/O[2]
                         net (fo=1, routed)           0.449     7.798    y_reg[7]_i_539_n_5
    SLICE_X42Y60         LUT2 (Prop_lut2_I1_O)        0.302     8.100 r  y[7]_i_486/O
                         net (fo=1, routed)           0.000     8.100    y[7]_i_486_n_0
    SLICE_X42Y60         CARRY4 (Prop_carry4_S[2]_O[2])
                                                      0.250     8.350 r  y_reg[7]_i_455/O[2]
                         net (fo=1, routed)           0.431     8.781    y_reg[7]_i_455_n_5
    SLICE_X40Y59         LUT2 (Prop_lut2_I1_O)        0.301     9.082 r  y[7]_i_565/O
                         net (fo=1, routed)           0.000     9.082    y[7]_i_565_n_0
    SLICE_X40Y59         CARRY4 (Prop_carry4_S[1]_O[2])
                                                      0.580     9.662 r  y_reg[7]_i_528/O[2]
                         net (fo=1, routed)           0.557    10.219    y_reg[7]_i_528_n_5
    SLICE_X39Y59         LUT2 (Prop_lut2_I1_O)        0.302    10.521 r  y[7]_i_480/O
                         net (fo=1, routed)           0.000    10.521    y[7]_i_480_n_0
    SLICE_X39Y59         CARRY4 (Prop_carry4_S[2]_O[2])
                                                      0.248    10.769 r  y_reg[7]_i_454/O[2]
                         net (fo=1, routed)           0.598    11.367    y_reg[7]_i_454_n_5
    SLICE_X38Y59         LUT2 (Prop_lut2_I1_O)        0.302    11.669 r  y[7]_i_425/O
                         net (fo=1, routed)           0.000    11.669    y[7]_i_425_n_0
    SLICE_X38Y59         CARRY4 (Prop_carry4_S[3]_O[3])
                                                      0.255    11.924 r  y_reg[7]_i_402/O[3]
                         net (fo=1, routed)           0.435    12.359    y_reg[7]_i_402_n_4
    SLICE_X37Y59         LUT2 (Prop_lut2_I1_O)        0.307    12.666 r  y[7]_i_421/O
                         net (fo=1, routed)           0.000    12.666    y[7]_i_421_n_0
    SLICE_X37Y59         CARRY4 (Prop_carry4_S[2]_O[2])
                                                      0.248    12.914 r  y_reg[7]_i_401/O[2]
                         net (fo=1, routed)           0.505    13.418    y_reg[7]_i_401_n_5
    SLICE_X36Y59         LUT2 (Prop_lut2_I1_O)        0.302    13.720 r  y[7]_i_357/O
                         net (fo=1, routed)           0.000    13.720    y[7]_i_357_n_0
    SLICE_X36Y59         CARRY4 (Prop_carry4_S[3]_O[3])
                                                      0.255    13.975 r  y_reg[7]_i_329/O[3]
                         net (fo=1, routed)           0.700    14.675    y_reg[7]_i_329_n_4
    SLICE_X35Y61         LUT2 (Prop_lut2_I1_O)        0.307    14.982 r  y[7]_i_292/O
                         net (fo=1, routed)           0.000    14.982    y[7]_i_292_n_0
    SLICE_X35Y61         CARRY4 (Prop_carry4_S[3]_O[3])
                                                      0.248    15.230 r  y_reg[7]_i_266/O[3]
                         net (fo=1, routed)           0.652    15.882    y_reg[7]_i_266_n_4
    SLICE_X44Y62         LUT2 (Prop_lut2_I1_O)        0.306    16.188 r  y[7]_i_354/O
                         net (fo=1, routed)           0.000    16.188    y[7]_i_354_n_0
    SLICE_X44Y62         CARRY4 (Prop_carry4_S[1]_O[1])
                                                      0.227    16.415 r  y_reg[7]_i_325/O[1]
                         net (fo=1, routed)           0.708    17.123    y_reg[7]_i_325_n_6
    SLICE_X46Y58         LUT2 (Prop_lut2_I1_O)        0.303    17.426 r  y[7]_i_288/O
                         net (fo=1, routed)           0.000    17.426    y[7]_i_288_n_0
    SLICE_X46Y58         CARRY4 (Prop_carry4_S[2]_O[2])
                                                      0.250    17.676 r  y_reg[7]_i_265/O[2]
                         net (fo=1, routed)           0.562    18.238    y_reg[7]_i_265_n_5
    SLICE_X43Y59         LUT2 (Prop_lut2_I1_O)        0.301    18.539 r  y[7]_i_284/O
                         net (fo=1, routed)           0.000    18.539    y[7]_i_284_n_0
    SLICE_X43Y59         CARRY4 (Prop_carry4_S[0]_O[0])
                                                      0.247    18.786 r  y_reg[7]_i_264/O[0]
                         net (fo=1, routed)           0.452    19.238    y_reg[7]_i_264_n_7
    SLICE_X44Y58         LUT2 (Prop_lut2_I1_O)        0.299    19.537 r  y[7]_i_233/O
                         net (fo=1, routed)           0.000    19.537    y[7]_i_233_n_0
    SLICE_X44Y58         CARRY4 (Prop_carry4_S[3]_CO[3])
                                                      0.401    19.938 r  y_reg[7]_i_212/CO[3]
                         net (fo=1, routed)           0.000    19.938    y_reg[7]_i_212_n_0
    SLICE_X44Y59         CARRY4 (Prop_carry4_CI_O[0])
                                                      0.222    20.160 r  y_reg[7]_i_253/O[0]
                         net (fo=1, routed)           0.558    20.718    y_reg[7]_i_253_n_7
    SLICE_X45Y56         LUT2 (Prop_lut2_I1_O)        0.299    21.017 r  y[7]_i_229/O
                         net (fo=1, routed)           0.000    21.017    y[7]_i_229_n_0
    SLICE_X45Y56         CARRY4 (Prop_carry4_S[2]_O[2])
                                                      0.248    21.265 r  y_reg[7]_i_211/O[2]
                         net (fo=1, routed)           0.570    21.834    y_reg[7]_i_211_n_5
    SLICE_X43Y56         LUT2 (Prop_lut2_I1_O)        0.302    22.136 r  y[7]_i_338/O
                         net (fo=1, routed)           0.000    22.136    y[7]_i_338_n_0
    SLICE_X43Y56         CARRY4 (Prop_carry4_S[0]_O[0])
                                                      0.247    22.383 r  y_reg[7]_i_297/O[0]
                         net (fo=1, routed)           0.455    22.839    y_reg[7]_i_297_n_7
    SLICE_X44Y54         LUT2 (Prop_lut2_I1_O)        0.299    23.138 r  y[7]_i_271/O
                         net (fo=1, routed)           0.000    23.138    y[7]_i_271_n_0
    SLICE_X44Y54         CARRY4 (Prop_carry4_S[3]_O[3])
                                                      0.248    23.386 r  y_reg[7]_i_249/O[3]
                         net (fo=1, routed)           0.467    23.853    y_reg[7]_i_249_n_4
    SLICE_X46Y54         LUT2 (Prop_lut2_I1_O)        0.306    24.159 r  y[7]_i_223/O
                         net (fo=1, routed)           0.000    24.159    y[7]_i_223_n_0
    SLICE_X46Y54         CARRY4 (Prop_carry4_S[3]_O[3])
                                                      0.255    24.414 r  y_reg[7]_i_200/O[3]
                         net (fo=1, routed)           0.302    24.716    y_reg[7]_i_200_n_4
    SLICE_X47Y52         LUT2 (Prop_lut2_I1_O)        0.307    25.023 r  y[7]_i_177/O
                         net (fo=1, routed)           0.000    25.023    y[7]_i_177_n_0
    SLICE_X47Y52         CARRY4 (Prop_carry4_S[3]_CO[3])
                                                      0.401    25.424 r  y_reg[7]_i_166/CO[3]
                         net (fo=1, routed)           0.000    25.424    y_reg[7]_i_166_n_0
    SLICE_X47Y53         CARRY4 (Prop_carry4_CI_O[0])
                                                      0.222    25.646 r  y_reg[7]_i_196/O[0]
                         net (fo=1, routed)           0.427    26.073    y_reg[7]_i_196_n_7
    SLICE_X45Y52         LUT2 (Prop_lut2_I1_O)        0.299    26.372 r  y[7]_i_174/O
                         net (fo=1, routed)           0.000    26.372    y[7]_i_174_n_0
    SLICE_X45Y52         CARRY4 (Prop_carry4_S[2]_O[2])
                                                      0.248    26.620 r  y_reg[7]_i_165/O[2]
                         net (fo=1, routed)           0.304    26.924    y_reg[7]_i_165_n_5
    SLICE_X44Y51         LUT2 (Prop_lut2_I1_O)        0.302    27.226 r  y[7]_i_215/O
                         net (fo=1, routed)           0.000    27.226    y[7]_i_215_n_0
    SLICE_X44Y51         CARRY4 (Prop_carry4_S[1]_O[1])
                                                      0.227    27.453 r  y_reg[7]_i_195/O[1]
                         net (fo=1, routed)           0.509    27.962    y_reg[7]_i_195_n_6
    SLICE_X42Y51         LUT2 (Prop_lut2_I1_O)        0.303    28.265 r  y[7]_i_171/O
                         net (fo=1, routed)           0.000    28.265    y[7]_i_171_n_0
    SLICE_X42Y51         CARRY4 (Prop_carry4_S[1]_O[1])
                                                      0.230    28.495 r  y_reg[7]_i_153/O[1]
                         net (fo=1, routed)           0.438    28.933    y_reg[7]_i_153_n_6
    SLICE_X43Y52         LUT2 (Prop_lut2_I1_O)        0.306    29.239 r  y[7]_i_144/O
                         net (fo=1, routed)           0.000    29.239    y[7]_i_144_n_0
    SLICE_X43Y52         CARRY4 (Prop_carry4_S[1]_O[1])
                                                      0.227    29.466 r  y_reg[7]_i_129/O[1]
                         net (fo=1, routed)           0.430    29.896    y_reg[7]_i_129_n_6
    SLICE_X41Y53         LUT2 (Prop_lut2_I1_O)        0.303    30.199 r  y[7]_i_118/O
                         net (fo=1, routed)           0.000    30.199    y[7]_i_118_n_0
    SLICE_X41Y53         CARRY4 (Prop_carry4_S[1]_O[1])
                                                      0.227    30.426 r  y_reg[7]_i_106/O[1]
                         net (fo=1, routed)           0.447    30.873    y_reg[7]_i_106_n_6
    SLICE_X40Y55         LUT2 (Prop_lut2_I1_O)        0.303    31.176 r  y[15]_i_311/O
                         net (fo=1, routed)           0.000    31.176    y[15]_i_311_n_0
    SLICE_X40Y55         CARRY4 (Prop_carry4_S[0]_O[0])
                                                      0.247    31.423 r  y_reg[15]_i_294/O[0]
                         net (fo=1, routed)           0.471    31.894    y_reg[15]_i_294_n_7
    SLICE_X39Y55         LUT2 (Prop_lut2_I1_O)        0.299    32.193 r  y[15]_i_293/O
                         net (fo=1, routed)           0.000    32.193    y[15]_i_293_n_0
    SLICE_X39Y55         CARRY4 (Prop_carry4_S[1]_O[2])
                                                      0.580    32.773 r  y_reg[15]_i_282/O[2]
                         net (fo=1, routed)           0.495    33.268    y_reg[15]_i_282_n_5
    SLICE_X38Y55         LUT2 (Prop_lut2_I1_O)        0.302    33.570 r  y[7]_i_112/O
                         net (fo=1, routed)           0.000    33.570    y[7]_i_112_n_0
    SLICE_X38Y55         CARRY4 (Prop_carry4_S[2]_O[2])
                                                      0.250    33.820 r  y_reg[7]_i_94/O[2]
                         net (fo=1, routed)           0.494    34.314    y_reg[7]_i_94_n_5
    SLICE_X37Y55         LUT2 (Prop_lut2_I1_O)        0.301    34.615 r  y[15]_i_258/O
                         net (fo=1, routed)           0.000    34.615    y[15]_i_258_n_0
    SLICE_X37Y55         CARRY4 (Prop_carry4_S[0]_O[0])
                                                      0.247    34.862 r  y_reg[15]_i_235/O[0]
                         net (fo=1, routed)           0.440    35.302    y_reg[15]_i_235_n_7
    SLICE_X36Y55         LUT2 (Prop_lut2_I1_O)        0.299    35.601 r  y[15]_i_248/O
                         net (fo=1, routed)           0.000    35.601    y[15]_i_248_n_0
    SLICE_X36Y55         CARRY4 (Prop_carry4_S[1]_O[1])
                                                      0.230    35.831 r  y_reg[15]_i_232/O[1]
                         net (fo=1, routed)           0.569    36.399    y_reg[15]_i_232_n_6
    SLICE_X36Y51         LUT2 (Prop_lut2_I1_O)        0.306    36.705 r  y[15]_i_221/O
                         net (fo=1, routed)           0.000    36.705    y[15]_i_221_n_0
    SLICE_X36Y51         CARRY4 (Prop_carry4_S[2]_O[2])
                                                      0.250    36.955 r  y_reg[15]_i_193/O[2]
                         net (fo=1, routed)           0.580    37.535    y_reg[15]_i_193_n_5
    SLICE_X35Y53         LUT2 (Prop_lut2_I1_O)        0.301    37.836 r  y[15]_i_182/O
                         net (fo=1, routed)           0.000    37.836    y[15]_i_182_n_0
    SLICE_X35Y53         CARRY4 (Prop_carry4_S[1]_O[2])
                                                      0.580    38.416 r  y_reg[15]_i_154/O[2]
                         net (fo=1, routed)           0.428    38.844    y_reg[15]_i_154_n_5
    SLICE_X34Y54         LUT2 (Prop_lut2_I1_O)        0.302    39.146 r  y[15]_i_143/O
                         net (fo=1, routed)           0.000    39.146    y[15]_i_143_n_0
    SLICE_X34Y54         CARRY4 (Prop_carry4_S[2]_O[2])
                                                      0.250    39.396 r  y_reg[15]_i_118/O[2]
                         net (fo=1, routed)           0.453    39.849    y_reg[15]_i_118_n_5
    SLICE_X32Y55         LUT2 (Prop_lut2_I1_O)        0.301    40.150 r  y[15]_i_109/O
                         net (fo=1, routed)           0.000    40.150    y[15]_i_109_n_0
    SLICE_X32Y55         CARRY4 (Prop_carry4_S[1]_O[1])
                                                      0.230    40.380 r  y_reg[15]_i_86/O[1]
                         net (fo=1, routed)           0.723    41.103    y_reg[15]_i_86_n_6
    SLICE_X32Y51         LUT2 (Prop_lut2_I1_O)        0.306    41.409 r  y[15]_i_76/O
                         net (fo=1, routed)           0.000    41.409    y[15]_i_76_n_0
    SLICE_X32Y51         CARRY4 (Prop_carry4_S[2]_O[2])
                                                      0.250    41.659 r  y_reg[15]_i_62/O[2]
                         net (fo=1, routed)           0.439    42.097    acc__0[7]
    SLICE_X33Y50         LUT2 (Prop_lut2_I1_O)        0.301    42.398 r  y[15]_i_50/O
                         net (fo=1, routed)           0.000    42.398    y[15]_i_50_n_0
    SLICE_X33Y50         CARRY4 (Prop_carry4_S[3]_O[3])
                                                      0.248    42.646 r  y_reg[15]_i_33/O[3]
                         net (fo=1, routed)           0.740    43.387    y_reg[15]_i_33_n_4
    SLICE_X33Y54         LUT2 (Prop_lut2_I1_O)        0.306    43.693 r  y[11]_i_27/O
                         net (fo=1, routed)           0.000    43.693    y[11]_i_27_n_0
    SLICE_X33Y54         CARRY4 (Prop_carry4_S[2]_O[2])
                                                      0.248    43.941 r  y_reg[11]_i_18/O[2]
                         net (fo=1, routed)           0.629    44.570    y_reg[11]_i_18_n_5
    SLICE_X34Y58         LUT2 (Prop_lut2_I1_O)        0.302    44.872 r  y[11]_i_11/O
                         net (fo=1, routed)           0.000    44.872    y[11]_i_11_n_0
    SLICE_X34Y58         CARRY4 (Prop_carry4_S[3]_O[3])
                                                      0.255    45.127 r  y_reg[11]_i_4/O[3]
                         net (fo=2, routed)           0.707    45.834    p_0_in[7]
    SLICE_X33Y59         LUT4 (Prop_lut4_I1_O)        0.307    46.141 r  y[7]_i_6/O
                         net (fo=1, routed)           0.000    46.141    y[7]_i_6_n_0
    SLICE_X33Y59         CARRY4 (Prop_carry4_S[3]_CO[3])
                                                      0.401    46.542 r  y_reg[7]_i_1/CO[3]
                         net (fo=1, routed)           0.000    46.542    y_reg[7]_i_1_n_0
    SLICE_X33Y60         CARRY4 (Prop_carry4_CI_O[0])
                                                      0.223    46.765 r  y_reg[11]_i_1/O[0]
                         net (fo=1, routed)           0.000    46.765    acc[8]
    SLICE_X33Y60         FDRE                                         r  y_reg[8]/D
  -------------------------------------------------------------------    -------------------

                         (clock vclk rise edge)      48.435    48.435 r  <hidden>
                                                      0.000    48.435 r  clk
                         net (fo=351, unset)          0.924    49.359    clk
    SLICE_X33Y60         FDRE                                         r  y_reg[8]/C
                         clock pessimism              0.000    49.359    <hidden>
                         clock uncertainty           -0.035    49.324    <hidden>
    SLICE_X33Y60         FDRE (Setup_fdre_C_D)        0.062    49.386    y_reg[8]
  -------------------------------------------------------------------
                         required time                         49.386    <hidden>
                         arrival time                         -46.765    <hidden>
  -------------------------------------------------------------------
                         slack                                  2.621    <hidden>

Slack (MET) :             2.997ns  (required time - arrival time)
  Source:                 d41_reg[2]/C
                            (rising edge-triggered cell FDRE clocked by vclk  {rise@0.000ns fall@24.218ns period=48.435ns})
  Destination:            y_reg[7]/D
                            (rising edge-triggered cell FDRE clocked by vclk  {rise@0.000ns fall@24.218ns period=48.435ns})
  Path Group:             vclk
  Path Type:              Setup (Max at Slow Process Corner)
  Requirement:            48.435ns  (vclk rise@48.435ns - vclk rise@0.000ns)
  Data Path Delay:        45.416ns  (logic 24.466ns (53.871%)  route 20.950ns (46.129%))
  Logic Levels:           83  (CARRY4=43 LUT2=39 LUT4=1)
  Clock Path Skew:        -0.049ns (DCD - SCD + CPR)
    Destination Clock Delay (DCD):    0.924ns = ( 49.359 - 48.435 ) 
    Source Clock Delay      (SCD):    0.973ns
    Clock Pessimism Removal (CPR):    0.000ns
  Clock Uncertainty:      0.035ns  ((TSJ^2 + TIJ^2)^1/2 + DJ) / 2 + PE
    Total System Jitter     (TSJ):    0.071ns
    Total Input Jitter      (TIJ):    0.000ns
    Discrete Jitter          (DJ):    0.000ns
    Phase Error              (PE):    0.000ns

    Location             Delay type                Incr(ns)  Path(ns)    Netlist Resource(s)
  -------------------------------------------------------------------    -------------------
                         (clock vclk rise edge)       0.000     0.000 r  <hidden>
                                                      0.000     0.000 r  clk
                         net (fo=351, unset)          0.973     0.973    clk
    SLICE_X49Y60         FDRE                                         r  d41_reg[2]/C
  -------------------------------------------------------------------    -------------------
    SLICE_X49Y60         FDRE (Prop_fdre_C_Q)         0.456     1.429 r  d41_reg[2]/Q
                         net (fo=2, routed)           0.288     1.717    d41[2]
    SLICE_X48Y60         CARRY4 (Prop_carry4_S[0]_O[0])
                                                      0.371     2.088 r  y_reg[7]_i_771/O[0]
                         net (fo=2, routed)           0.513     2.601    acc0[2]
    SLICE_X47Y60         LUT2 (Prop_lut2_I0_O)        0.299     2.900 r  y[7]_i_775/O
                         net (fo=1, routed)           0.000     2.900    y[7]_i_775_n_0
    SLICE_X47Y60         CARRY4 (Prop_carry4_S[0]_O[0])
                                                      0.247     3.147 r  y_reg[7]_i_755/O[0]
                         net (fo=1, routed)           0.566     3.713    y_reg[7]_i_755_n_7
    SLICE_X49Y60         LUT2 (Prop_lut2_I1_O)        0.299     4.012 r  y[7]_i_739/O
                         net (fo=1, routed)           0.000     4.012    y[7]_i_739_n_0
    SLICE_X49Y60         CARRY4 (Prop_carry4_S[0]_O[0])
                                                      0.247     4.259 r  y_reg[7]_i_721/O[0]
                         net (fo=1, routed)           0.449     4.708    y_reg[7]_i_721_n_7
    SLICE_X48Y63         LUT2 (Prop_lut2_I1_O)        0.299     5.007 r  y[7]_i_698/O
                         net (fo=1, routed)           0.000     5.007    y[7]_i_698_n_0
    SLICE_X48Y63         CARRY4 (Prop_carry4_S[0]_O[0])
                                                      0.247     5.254 r  y_reg[7]_i_675/O[0]
                         net (fo=1, routed)           0.457     5.711    y_reg[7]_i_675_n_7
    SLICE_X46Y62         LUT2 (Prop_lut2_I1_O)        0.299     6.010 r  y[7]_i_639/O
                         net (fo=1, routed)           0.000     6.010    y[7]_i_639_n_0
    SLICE_X46Y62         CARRY4 (Prop_carry4_S[1]_O[1])
                                                      0.230     6.240 r  y_reg[7]_i_612/O[1]
                         net (fo=1, routed)           0.555     6.796    y_reg[7]_i_612_n_6
    SLICE_X45Y60         LUT2 (Prop_lut2_I1_O)        0.306     7.102 r  y[7]_i_571/O
                         net (fo=1, routed)           0.000     7.102    y[7]_i_571_n_0
    SLICE_X45Y60         CARRY4 (Prop_carry4_S[2]_O[2])
                                                      0.248     7.350 r  y_reg[7]_i_539/O[2]
                         net (fo=1, routed)           0.449     7.798    y_reg[7]_i_539_n_5
    SLICE_X42Y60         LUT2 (Prop_lut2_I1_O)        0.302     8.100 r  y[7]_i_486/O
                         net (fo=1, routed)           0.000     8.100    y[7]_i_486_n_0
    SLICE_X42Y60         CARRY4 (Prop_carry4_S[2]_O[2])
                                                      0.250     8.350 r  y_reg[7]_i_455/O[2]
                         net (fo=1, routed)           0.431     8.781    y_reg[7]_i_455_n_5
    SLICE_X40Y59         LUT2 (Prop_lut2_I1_O)        0.301     9.082 r  y[7]_i_565/O
                         net (fo=1, routed)           0.000     9.082    y[7]_i_565_n_0
    SLICE_X40Y59         CARRY4 (Prop_carry4_S[1]_O[2])
                                                      0.580     9.662 r  y_reg[7]_i_528/O[2]
                         net (fo=1, routed)           0.557    10.219    y_reg[7]_i_528_n_5
    SLICE_X39Y59         LUT2 (Prop_lut2_I1_O)        0.302    10.521 r  y[7]_i_480/O
                         net (fo=1, routed)           0.000    10.521    y[7]_i_480_n_0
    SLICE_X39Y59         CARRY4 (Prop_carry4_S[2]_O[2])
                                                      0.248    10.769 r  y_reg[7]_i_454/O[2]
                         net (fo=1, routed)           0.598    11.367    y_reg[7]_i_454_n_5
    SLICE_X38Y59         LUT2 (Prop_lut2_I1_O)        0.302    11.669 r  y[7]_i_425/O
                         net (fo=1, routed)           0.000    11.669    y[7]_i_425_n_0
    SLICE_X38Y59         CARRY4 (Prop_carry4_S[3]_O[3])
                                                      0.255    11.924 r  y_reg[7]_i_402/O[3]
                         net (fo=1, routed)           0.435    12.359    y_reg[7]_i_402_n_4
    SLICE_X37Y59         LUT2 (Prop_lut2_I1_O)        0.307    12.666 r  y[7]_i_421/O
                         net (fo=1, routed)           0.000    12.666    y[7]_i_421_n_0
    SLICE_X37Y59         CARRY4 (Prop_carry4_S[2]_O[2])
                                                      0.248    12.914 r  y_reg[7]_i_401/O[2]
                         net (fo=1, routed)           0.505    13.418    y_reg[7]_i_401_n_5
    SLICE_X36Y59         LUT2 (Prop_lut2_I1_O)        0.302    13.720 r  y[7]_i_357/O
                         net (fo=1, routed)           0.000    13.720    y[7]_i_357_n_0
    SLICE_X36Y59         CARRY4 (Prop_carry4_S[3]_O[3])
                                                      0.255    13.975 r  y_reg[7]_i_329/O[3]
                         net (fo=1, routed)           0.700    14.675    y_reg[7]_i_329_n_4
    SLICE_X35Y61         LUT2 (Prop_lut2_I1_O)        0.307    14.982 r  y[7]_i_292/O
                         net (fo=1, routed)           0.000    14.982    y[7]_i_292_n_0
    SLICE_X35Y61         CARRY4 (Prop_carry4_S[3]_O[3])
                                                      0.248    15.230 r  y_reg[7]_i_266/O[3]
                         net (fo=1, routed)           0.652    15.882    y_reg[7]_i_266_n_4
    SLICE_X44Y62         LUT2 (Prop_lut2_I1_O)        0.306    16.188 r  y[7]_i_354/O
                         net (fo=1, routed)           0.000    16.188    y[7]_i_354_n_0
    SLICE_X44Y62         CARRY4 (Prop_carry4_S[1]_O[1])
                                                      0.227    16.415 r  y_reg[7]_i_325/O[1]
                         net (fo=1, routed)           0.708    17.123    y_reg[7]_i_325_n_6
    SLICE_X46Y58         LUT2 (Prop_lut2_I1_O)        0.303    17.426 r  y[7]_i_288/O
                         net (fo=1, routed)           0.000    17.426    y[7]_i_288_n_0
    SLICE_X46Y58         CARRY4 (Prop_carry4_S[2]_O[2])
                                                      0.250    17.676 r  y_reg[7]_i_265/O[2]
                         net (fo=1, routed)           0.562    18.238    y_reg[7]_i_265_n_5
    SLICE_X43Y59         LUT2 (Prop_lut2_I1_O)        0.301    18.539 r  y[7]_i_284/O
                         net (fo=1, routed)           0.000    18.539    y[7]_i_284_n_0
    SLICE_X43Y59         CARRY4 (Prop_carry4_S[0]_O[0])
                                                      0.247    18.786 r  y_reg[7]_i_264/O[0]
                         net (fo=1, routed)           0.452    19.238    y_reg[7]_i_264_n_7
    SLICE_X44Y58         LUT2 (Prop_lut2_I1_O)        0.299    19.537 r  y[7]_i_233/O
                         net (fo=1, routed)           0.000    19.537    y[7]_i_233_n_0
    SLICE_X44Y58         CARRY4 (Prop_carry4_S[3]_CO[3])
                                                      0.401    19.938 r  y_reg[7]_i_212/CO[3]
                         net (fo=1, routed)           0.000    19.938    y_reg[7]_i_212_n_0
    SLICE_X44Y59         CARRY4 (Prop_carry4_CI_O[0])
                                                      0.222    20.160 r  y_reg[7]_i_253/O[0]
                         net (fo=1, routed)           0.558    20.718    y_reg[7]_i_253_n_7
    SLICE_X45Y56         LUT2 (Prop_lut2_I1_O)        0.299    21.017 r  y[7]_i_229/O
                         net (fo=1, routed)           0.000    21.017    y[7]_i_229_n_0
    SLICE_X45Y56         CARRY4 (Prop_carry4_S[2]_O[2])
                                                      0.248    21.265 r  y_reg[7]_i_211/O[2]
                         net (fo=1, routed)           0.570    21.834    y_reg[7]_i_211_n_5
    SLICE_X43Y56         LUT2 (Prop_lut2_I1_O)        0.302    22.136 r  y[7]_i_338/O
                         net (fo=1, routed)           0.000    22.136    y[7]_i_338_n_0
    SLICE_X43Y56         CARRY4 (Prop_carry4_S[0]_O[0])
                                                      0.247    22.383 r  y_reg[7]_i_297/O[0]
                         net (fo=1, routed)           0.455    22.839    y_reg[7]_i_297_n_7
    SLICE_X44Y54         LUT2 (Prop_lut2_I1_O)        0.299    23.138 r  y[7]_i_271/O
                         net (fo=1, routed)           0.000    23.138    y[7]_i_271_n_0
    SLICE_X44Y54         CARRY4 (Prop_carry4_S[3]_O[3])
                                                      0.248    23.386 r  y_reg[7]_i_249/O[3]
                         net (fo=1, routed)           0.467    23.853    y_reg[7]_i_249_n_4
    SLICE_X46Y54         LUT2 (Prop_lut2_I1_O)        0.306    24.159 r  y[7]_i_223/O
                         net (fo=1, routed)           0.000    24.159    y[7]_i_223_n_0
    SLICE_X46Y54         CARRY4 (Prop_carry4_S[3]_O[3])
                                                      0.255    24.414 r  y_reg[7]_i_200/O[3]
                         net (fo=1, routed)           0.302    24.716    y_reg[7]_i_200_n_4
    SLICE_X47Y52         LUT2 (Prop_lut2_I1_O)        0.307    25.023 r  y[7]_i_177/O
                         net (fo=1, routed)           0.000    25.023    y[7]_i_177_n_0
    SLICE_X47Y52         CARRY4 (Prop_carry4_S[3]_CO[3])
                                                      0.401    25.424 r  y_reg[7]_i_166/CO[3]
                         net (fo=1, routed)           0.000    25.424    y_reg[7]_i_166_n_0
    SLICE_X47Y53         CARRY4 (Prop_carry4_CI_O[0])
                                                      0.222    25.646 r  y_reg[7]_i_196/O[0]
                         net (fo=1, routed)           0.427    26.073    y_reg[7]_i_196_n_7
    SLICE_X45Y52         LUT2 (Prop_lut2_I1_O)        0.299    26.372 r  y[7]_i_174/O
                         net (fo=1, routed)           0.000    26.372    y[7]_i_174_n_0
    SLICE_X45Y52         CARRY4 (Prop_carry4_S[2]_O[2])
                                                      0.248    26.620 r  y_reg[7]_i_165/O[2]
                         net (fo=1, routed)           0.304    26.924    y_reg[7]_i_165_n_5
    SLICE_X44Y51         LUT2 (Prop_lut2_I1_O)        0.302    27.226 r  y[7]_i_215/O
                         net (fo=1, routed)           0.000    27.226    y[7]_i_215_n_0
    SLICE_X44Y51         CARRY4 (Prop_carry4_S[1]_O[1])
                                                      0.227    27.453 r  y_reg[7]_i_195/O[1]
                         net (fo=1, routed)           0.509    27.962    y_reg[7]_i_195_n_6
    SLICE_X42Y51         LUT2 (Prop_lut2_I1_O)        0.303    28.265 r  y[7]_i_171/O
                         net (fo=1, routed)           0.000    28.265    y[7]_i_171_n_0
    SLICE_X42Y51         CARRY4 (Prop_carry4_S[1]_O[1])
                                                      0.230    28.495 r  y_reg[7]_i_153/O[1]
                         net (fo=1, routed)           0.438    28.933    y_reg[7]_i_153_n_6
    SLICE_X43Y52         LUT2 (Prop_lut2_I1_O)        0.306    29.239 r  y[7]_i_144/O
                         net (fo=1, routed)           0.000    29.239    y[7]_i_144_n_0
    SLICE_X43Y52         CARRY4 (Prop_carry4_S[1]_O[1])
                                                      0.227    29.466 r  y_reg[7]_i_129/O[1]
                         net (fo=1, routed)           0.430    29.896    y_reg[7]_i_129_n_6
    SLICE_X41Y53         LUT2 (Prop_lut2_I1_O)        0.303    30.199 r  y[7]_i_118/O
                         net (fo=1, routed)           0.000    30.199    y[7]_i_118_n_0
    SLICE_X41Y53         CARRY4 (Prop_carry4_S[1]_O[1])
                                                      0.227    30.426 r  y_reg[7]_i_106/O[1]
                         net (fo=1, routed)           0.447    30.873    y_reg[7]_i_106_n_6
    SLICE_X40Y55         LUT2 (Prop_lut2_I1_O)        0.303    31.176 r  y[15]_i_311/O
                         net (fo=1, routed)           0.000    31.176    y[15]_i_311_n_0
    SLICE_X40Y55         CARRY4 (Prop_carry4_S[0]_O[0])
                                                      0.247    31.423 r  y_reg[15]_i_294/O[0]
                         net (fo=1, routed)           0.471    31.894    y_reg[15]_i_294_n_7
    SLICE_X39Y55         LUT2 (Prop_lut2_I1_O)        0.299    32.193 r  y[15]_i_293/O
                         net (fo=1, routed)           0.000    32.193    y[15]_i_293_n_0
    SLICE_X39Y55         CARRY4 (Prop_carry4_S[1]_O[2])
                                                      0.580    32.773 r  y_reg[15]_i_282/O[2]
                         net (fo=1, routed)           0.495    33.268    y_reg[15]_i_282_n_5
    SLICE_X38Y55         LUT2 (Prop_lut2_I1_O)        0.302    33.570 r  y[7]_i_112/O
                         net (fo=1, routed)           0.000    33.570    y[7]_i_112_n_0
    SLICE_X38Y55         CARRY4 (Prop_carry4_S[2]_O[2])
                                                      0.250    33.820 r  y_reg[7]_i_94/O[2]
                         net (fo=1, routed)           0.494    34.314    y_reg[7]_i_94_n_5
    SLICE_X37Y55         LUT2 (Prop_lut2_I1_O)        0.301    34.615 r  y[15]_i_258/O
                         net (fo=1, routed)           0.000    34.615    y[15]_i_258_n_0
    SLICE_X37Y55         CARRY4 (Prop_carry4_S[0]_O[0])
                                                      0.247    34.862 r  y_reg[15]_i_235/O[0]
                         net (fo=1, routed)           0.440    35.302    y_reg[15]_i_235_n_7
    SLICE_X36Y55         LUT2 (Prop_lut2_I1_O)        0.299    35.601 r  y[15]_i_248/O
                         net (fo=1, routed)           0.000    35.601    y[15]_i_248_n_0
    SLICE_X36Y55         CARRY4 (Prop_carry4_S[1]_O[1])
                                                      0.230    35.831 r  y_reg[15]_i_232/O[1]
                         net (fo=1, routed)           0.569    36.399    y_reg[15]_i_232_n_6
    SLICE_X36Y51         LUT2 (Prop_lut2_I1_O)        0.306    36.705 r  y[15]_i_221/O
                         net (fo=1, routed)           0.000    36.705    y[15]_i_221_n_0
    SLICE_X36Y51         CARRY4 (Prop_carry4_S[2]_O[2])
                                                      0.250    36.955 r  y_reg[15]_i_193/O[2]
                         net (fo=1, routed)           0.580    37.535    y_reg[15]_i_193_n_5
    SLICE_X35Y53         LUT2 (Prop_lut2_I1_O)        0.301    37.836 r  y[15]_i_182/O
                         net (fo=1, routed)           0.000    37.836    y[15]_i_182_n_0
    SLICE_X35Y53         CARRY4 (Prop_carry4_S[1]_O[2])
                                                      0.580    38.416 r  y_reg[15]_i_154/O[2]
                         net (fo=1, routed)           0.428    38.844    y_reg[15]_i_154_n_5
    SLICE_X34Y54         LUT2 (Prop_lut2_I1_O)        0.302    39.146 r  y[15]_i_143/O
                         net (fo=1, routed)           0.000    39.146    y[15]_i_143_n_0
    SLICE_X34Y54         CARRY4 (Prop_carry4_S[2]_O[2])
                                                      0.250    39.396 r  y_reg[15]_i_118/O[2]
                         net (fo=1, routed)           0.453    39.849    y_reg[15]_i_118_n_5
    SLICE_X32Y55         LUT2 (Prop_lut2_I1_O)        0.301    40.150 r  y[15]_i_109/O
                         net (fo=1, routed)           0.000    40.150    y[15]_i_109_n_0
    SLICE_X32Y55         CARRY4 (Prop_carry4_S[1]_O[1])
                                                      0.230    40.380 r  y_reg[15]_i_86/O[1]
                         net (fo=1, routed)           0.723    41.103    y_reg[15]_i_86_n_6
    SLICE_X32Y51         LUT2 (Prop_lut2_I1_O)        0.306    41.409 r  y[15]_i_76/O
                         net (fo=1, routed)           0.000    41.409    y[15]_i_76_n_0
    SLICE_X32Y51         CARRY4 (Prop_carry4_S[2]_O[2])
                                                      0.250    41.659 r  y_reg[15]_i_62/O[2]
                         net (fo=1, routed)           0.439    42.097    acc__0[7]
    SLICE_X33Y50         LUT2 (Prop_lut2_I1_O)        0.301    42.398 r  y[15]_i_50/O
                         net (fo=1, routed)           0.000    42.398    y[15]_i_50_n_0
    SLICE_X33Y50         CARRY4 (Prop_carry4_S[3]_O[3])
                                                      0.248    42.646 r  y_reg[15]_i_33/O[3]
                         net (fo=1, routed)           0.740    43.387    y_reg[15]_i_33_n_4
    SLICE_X33Y54         LUT2 (Prop_lut2_I1_O)        0.306    43.693 r  y[11]_i_27/O
                         net (fo=1, routed)           0.000    43.693    y[11]_i_27_n_0
    SLICE_X33Y54         CARRY4 (Prop_carry4_S[2]_O[2])
                                                      0.248    43.941 r  y_reg[11]_i_18/O[2]
                         net (fo=1, routed)           0.629    44.570    y_reg[11]_i_18_n_5
    SLICE_X34Y58         LUT2 (Prop_lut2_I1_O)        0.302    44.872 r  y[11]_i_11/O
                         net (fo=1, routed)           0.000    44.872    y[11]_i_11_n_0
    SLICE_X34Y58         CARRY4 (Prop_carry4_S[3]_O[3])
                                                      0.255    45.127 r  y_reg[11]_i_4/O[3]
                         net (fo=2, routed)           0.707    45.834    p_0_in[7]
    SLICE_X33Y59         LUT4 (Prop_lut4_I1_O)        0.307    46.141 r  y[7]_i_6/O
                         net (fo=1, routed)           0.000    46.141    y[7]_i_6_n_0
    SLICE_X33Y59         CARRY4 (Prop_carry4_S[3]_O[3])
                                                      0.248    46.389 r  y_reg[7]_i_1/O[3]
                         net (fo=1, routed)           0.000    46.389    acc[7]
    SLICE_X33Y59         FDRE                                         r  y_reg[7]/D
  -------------------------------------------------------------------    -------------------

                         (clock vclk rise edge)      48.435    48.435 r  <hidden>
                                                      0.000    48.435 r  clk
                         net (fo=351, unset)          0.924    49.359    clk
    SLICE_X33Y59         FDRE                                         r  y_reg[7]/C
                         clock pessimism              0.000    49.359    <hidden>
                         clock uncertainty           -0.035    49.324    <hidden>
    SLICE_X33Y59         FDRE (Setup_fdre_C_D)        0.062    49.386    y_reg[7]
  -------------------------------------------------------------------
                         required time                         49.386    <hidden>
                         arrival time                         -46.389    <hidden>
  -------------------------------------------------------------------
                         slack                                  2.997    <hidden>

Slack (MET) :             3.302ns  (required time - arrival time)
  Source:                 d41_reg[2]/C
                            (rising edge-triggered cell FDRE clocked by vclk  {rise@0.000ns fall@24.218ns period=48.435ns})
  Destination:            y_reg[6]/D
                            (rising edge-triggered cell FDRE clocked by vclk  {rise@0.000ns fall@24.218ns period=48.435ns})
  Path Group:             vclk
  Path Type:              Setup (Max at Slow Process Corner)
  Requirement:            48.435ns  (vclk rise@48.435ns - vclk rise@0.000ns)
  Data Path Delay:        45.111ns  (logic 23.807ns (52.774%)  route 21.304ns (47.226%))
  Logic Levels:           82  (CARRY4=42 LUT2=38 LUT3=1 LUT4=1)
  Clock Path Skew:        -0.049ns (DCD - SCD + CPR)
    Destination Clock Delay (DCD):    0.924ns = ( 49.359 - 48.435 ) 
    Source Clock Delay      (SCD):    0.973ns
    Clock Pessimism Removal (CPR):    0.000ns
  Clock Uncertainty:      0.035ns  ((TSJ^2 + TIJ^2)^1/2 + DJ) / 2 + PE
    Total System Jitter     (TSJ):    0.071ns
    Total Input Jitter      (TIJ):    0.000ns
    Discrete Jitter          (DJ):    0.000ns
    Phase Error              (PE):    0.000ns

    Location             Delay type                Incr(ns)  Path(ns)    Netlist Resource(s)
  -------------------------------------------------------------------    -------------------
                         (clock vclk rise edge)       0.000     0.000 r  <hidden>
                                                      0.000     0.000 r  clk
                         net (fo=351, unset)          0.973     0.973    clk
    SLICE_X49Y60         FDRE                                         r  d41_reg[2]/C
  -------------------------------------------------------------------    -------------------
    SLICE_X49Y60         FDRE (Prop_fdre_C_Q)         0.456     1.429 r  d41_reg[2]/Q
                         net (fo=2, routed)           0.288     1.717    d41[2]
    SLICE_X48Y60         CARRY4 (Prop_carry4_S[0]_O[0])
                                                      0.371     2.088 r  y_reg[7]_i_771/O[0]
                         net (fo=2, routed)           0.513     2.601    acc0[2]
    SLICE_X47Y60         LUT2 (Prop_lut2_I0_O)        0.299     2.900 r  y[7]_i_775/O
                         net (fo=1, routed)           0.000     2.900    y[7]_i_775_n_0
    SLICE_X47Y60         CARRY4 (Prop_carry4_S[0]_O[0])
                                                      0.247     3.147 r  y_reg[7]_i_755/O[0]
                         net (fo=1, routed)           0.566     3.713    y_reg[7]_i_755_n_7
    SLICE_X49Y60         LUT2 (Prop_lut2_I1_O)        0.299     4.012 r  y[7]_i_739/O
                         net (fo=1, routed)           0.000     4.012    y[7]_i_739_n_0
    SLICE_X49Y60         CARRY4 (Prop_carry4_S[0]_O[0])
                                                      0.247     4.259 r  y_reg[7]_i_721/O[0]
                         net (fo=1, routed)           0.449     4.708    y_reg[7]_i_721_n_7
    SLICE_X48Y63         LUT2 (Prop_lut2_I1_O)        0.299     5.007 r  y[7]_i_698/O
                         net (fo=1, routed)           0.000     5.007    y[7]_i_698_n_0
    SLICE_X48Y63         CARRY4 (Prop_carry4_S[0]_O[0])
                                                      0.247     5.254 r  y_reg[7]_i_675/O[0]
                         net (fo=1, routed)           0.457     5.711    y_reg[7]_i_675_n_7
    SLICE_X46Y62         LUT2 (Prop_lut2_I1_O)        0.299     6.010 r  y[7]_i_639/O
                         net (fo=1, routed)           0.000     6.010    y[7]_i_639_n_0
    SLICE_X46Y62         CARRY4 (Prop_carry4_S[1]_O[1])
                                                      0.230     6.240 r  y_reg[7]_i_612/O[1]
                         net (fo=1, routed)           0.555     6.796    y_reg[7]_i_612_n_6
    SLICE_X45Y60         LUT2 (Prop_lut2_I1_O)        0.306     7.102 r  y[7]_i_571/O
                         net (fo=1, routed)           0.000     7.102    y[7]_i_571_n_0
    SLICE_X45Y60         CARRY4 (Prop_carry4_S[2]_O[2])
                                                      0.248     7.350 r  y_reg[7]_i_539/O[2]
                         net (fo=1, routed)           0.449     7.798    y_reg[7]_i_539_n_5
    SLICE_X42Y60         LUT2 (Prop_lut2_I1_O)        0.302     8.100 r  y[7]_i_486/O
                         net (fo=1, routed)           0.000     8.100    y[7]_i_486_n_0
    SLICE_X42Y60         CARRY4 (Prop_carry4_S[2]_O[2])
                                                      0.250     8.350 r  y_reg[7]_i_455/O[2]
                         net (fo=1, routed)           0.431     8.781    y_reg[7]_i_455_n_5
    SLICE_X40Y59         LUT2 (Prop_lut2_I1_O)        0.301     9.082 r  y[7]_i_565/O
                         net (fo=1, routed)           0.000     9.082    y[7]_i_565_n_0
    SLICE_X40Y59         CARRY4 (Prop_carry4_S[1]_O[2])
                                                      0.580     9.662 r  y_reg[7]_i_528/O[2]
                         net (fo=1, routed)           0.557    10.219    y_reg[7]_i_528_n_5
    SLICE_X39Y59         LUT2 (Prop_lut2_I1_O)        0.302    10.521 r  y[7]_i_480/O
                         net (fo=1, routed)           0.000    10.521    y[7]_i_480_n_0
    SLICE_X39Y59         CARRY4 (Prop_carry4_S[2]_O[2])
                                                      0.248    10.769 r  y_reg[7]_i_454/O[2]
                         net (fo=1, routed)           0.598    11.367    y_reg[7]_i_454_n_5
    SLICE_X38Y59         LUT2 (Prop_lut2_I1_O)        0.302    11.669 r  y[7]_i_425/O
                         net (fo=1, routed)           0.000    11.669    y[7]_i_425_n_0
    SLICE_X38Y59         CARRY4 (Prop_carry4_S[3]_O[3])
                                                      0.255    11.924 r  y_reg[7]_i_402/O[3]
                         net (fo=1, routed)           0.435    12.359    y_reg[7]_i_402_n_4
    SLICE_X37Y59         LUT2 (Prop_lut2_I1_O)        0.307    12.666 r  y[7]_i_421/O
                         net (fo=1, routed)           0.000    12.666    y[7]_i_421_n_0
    SLICE_X37Y59         CARRY4 (Prop_carry4_S[2]_O[2])
                                                      0.248    12.914 r  y_reg[7]_i_401/O[2]
                         net (fo=1, routed)           0.505    13.418    y_reg[7]_i_401_n_5
    SLICE_X36Y59         LUT2 (Prop_lut2_I1_O)        0.302    13.720 r  y[7]_i_357/O
                         net (fo=1, routed)           0.000    13.720    y[7]_i_357_n_0
    SLICE_X36Y59         CARRY4 (Prop_carry4_S[3]_O[3])
                                                      0.255    13.975 r  y_reg[7]_i_329/O[3]
                         net (fo=1, routed)           0.700    14.675    y_reg[7]_i_329_n_4
    SLICE_X35Y61         LUT2 (Prop_lut2_I1_O)        0.307    14.982 r  y[7]_i_292/O
                         net (fo=1, routed)           0.000    14.982    y[7]_i_292_n_0
    SLICE_X35Y61         CARRY4 (Prop_carry4_S[3]_O[3])
                                                      0.248    15.230 r  y_reg[7]_i_266/O[3]
                         net (fo=1, routed)           0.652    15.882    y_reg[7]_i_266_n_4
    SLICE_X44Y62         LUT2 (Prop_lut2_I1_O)        0.306    16.188 r  y[7]_i_354/O
                         net (fo=1, routed)           0.000    16.188    y[7]_i_354_n_0
    SLICE_X44Y62         CARRY4 (Prop_carry4_S[1]_O[1])
                                                      0.227    16.415 r  y_reg[7]_i_325/O[1]
                         net (fo=1, routed)           0.708    17.123    y_reg[7]_i_325_n_6
    SLICE_X46Y58         LUT2 (Prop_lut2_I1_O)        0.303    17.426 r  y[7]_i_288/O
                         net (fo=1, routed)           0.000    17.426    y[7]_i_288_n_0
    SLICE_X46Y58         CARRY4 (Prop_carry4_S[2]_O[2])
                                                      0.250    17.676 r  y_reg[7]_i_265/O[2]
                         net (fo=1, routed)           0.562    18.238    y_reg[7]_i_265_n_5
    SLICE_X43Y59         LUT2 (Prop_lut2_I1_O)        0.301    18.539 r  y[7]_i_284/O
                         net (fo=1, routed)           0.000    18.539    y[7]_i_284_n_0
    SLICE_X43Y59         CARRY4 (Prop_carry4_S[0]_O[0])
                                                      0.247    18.786 r  y_reg[7]_i_264/O[0]
                         net (fo=1, routed)           0.452    19.238    y_reg[7]_i_264_n_7
    SLICE_X44Y58         LUT2 (Prop_lut2_I1_O)        0.299    19.537 r  y[7]_i_233/O
                         net (fo=1, routed)           0.000    19.537    y[7]_i_233_n_0
    SLICE_X44Y58         CARRY4 (Prop_carry4_S[3]_CO[3])
                                                      0.401    19.938 r  y_reg[7]_i_212/CO[3]
                         net (fo=1, routed)           0.000    19.938    y_reg[7]_i_212_n_0
    SLICE_X44Y59         CARRY4 (Prop_carry4_CI_O[0])
                                                      0.222    20.160 r  y_reg[7]_i_253/O[0]
                         net (fo=1, routed)           0.558    20.718    y_reg[7]_i_253_n_7
    SLICE_X45Y56         LUT2 (Prop_lut2_I1_O)        0.299    21.017 r  y[7]_i_229/O
                         net (fo=1, routed)           0.000    21.017    y[7]_i_229_n_0
    SLICE_X45Y56         CARRY4 (Prop_carry4_S[2]_O[2])
                                                      0.248    21.265 r  y_reg[7]_i_211/O[2]
                         net (fo=1, routed)           0.570    21.834    y_reg[7]_i_211_n_5
    SLICE_X43Y56         LUT2 (Prop_lut2_I1_O)        0.302    22.136 r  y[7]_i_338/O
                         net (fo=1, routed)           0.000    22.136    y[7]_i_338_n_0
    SLICE_X43Y56         CARRY4 (Prop_carry4_S[0]_O[0])
                                                      0.247    22.383 r  y_reg[7]_i_297/O[0]
                         net (fo=1, routed)           0.455    22.839    y_reg[7]_i_297_n_7
    SLICE_X44Y54         LUT2 (Prop_lut2_I1_O)        0.299    23.138 r  y[7]_i_271/O
                         net (fo=1, routed)           0.000    23.138    y[7]_i_271_n_0
    SLICE_X44Y54         CARRY4 (Prop_carry4_S[3]_O[3])
                                                      0.248    23.386 r  y_reg[7]_i_249/O[3]
                         net (fo=1, routed)           0.467    23.853    y_reg[7]_i_249_n_4
    SLICE_X46Y54         LUT2 (Prop_lut2_I1_O)        0.306    24.159 r  y[7]_i_223/O
                         net (fo=1, routed)           0.000    24.159    y[7]_i_223_n_0
    SLICE_X46Y54         CARRY4 (Prop_carry4_S[3]_O[3])
                                                      0.255    24.414 r  y_reg[7]_i_200/O[3]
                         net (fo=1, routed)           0.302    24.716    y_reg[7]_i_200_n_4
    SLICE_X47Y52         LUT2 (Prop_lut2_I1_O)        0.307    25.023 r  y[7]_i_177/O
                         net (fo=1, routed)           0.000    25.023    y[7]_i_177_n_0
    SLICE_X47Y52         CARRY4 (Prop_carry4_S[3]_O[3])
                                                      0.248    25.271 r  y_reg[7]_i_166/O[3]
                         net (fo=1, routed)           0.288    25.559    y_reg[7]_i_166_n_4
    SLICE_X45Y52         LUT2 (Prop_lut2_I1_O)        0.306    25.865 r  y[7]_i_175/O
                         net (fo=1, routed)           0.000    25.865    y[7]_i_175_n_0
    SLICE_X45Y52         CARRY4 (Prop_carry4_S[1]_O[1])
                                                      0.227    26.092 r  y_reg[7]_i_165/O[1]
                         net (fo=1, routed)           0.421    26.513    y_reg[7]_i_165_n_6
    SLICE_X44Y51         LUT2 (Prop_lut2_I1_O)        0.303    26.816 r  y[7]_i_216/O
                         net (fo=1, routed)           0.000    26.816    y[7]_i_216_n_0
    SLICE_X44Y51         CARRY4 (Prop_carry4_S[0]_O[0])
                                                      0.247    27.063 r  y_reg[7]_i_195/O[0]
                         net (fo=1, routed)           0.317    27.380    y_reg[7]_i_195_n_7
    SLICE_X42Y51         LUT2 (Prop_lut2_I1_O)        0.299    27.679 r  y[7]_i_172/O
                         net (fo=1, routed)           0.000    27.679    y[7]_i_172_n_0
    SLICE_X42Y51         CARRY4 (Prop_carry4_S[0]_O[0])
                                                      0.252    27.931 r  y_reg[7]_i_153/O[0]
                         net (fo=1, routed)           0.299    28.229    y_reg[7]_i_153_n_7
    SLICE_X43Y52         LUT2 (Prop_lut2_I1_O)        0.295    28.524 r  y[7]_i_145/O
                         net (fo=1, routed)           0.000    28.524    y[7]_i_145_n_0
    SLICE_X43Y52         CARRY4 (Prop_carry4_S[0]_O[0])
                                                      0.247    28.771 r  y_reg[7]_i_129/O[0]
                         net (fo=1, routed)           0.431    29.202    y_reg[7]_i_129_n_7
    SLICE_X41Y53         LUT2 (Prop_lut2_I1_O)        0.299    29.501 r  y[7]_i_119/O
                         net (fo=1, routed)           0.000    29.501    y[7]_i_119_n_0
    SLICE_X41Y53         CARRY4 (Prop_carry4_S[0]_O[0])
                                                      0.247    29.748 r  y_reg[7]_i_106/O[0]
                         net (fo=1, routed)           0.495    30.244    y_reg[7]_i_106_n_7
    SLICE_X40Y54         LUT2 (Prop_lut2_I1_O)        0.299    30.543 r  y[7]_i_82/O
                         net (fo=1, routed)           0.000    30.543    y[7]_i_82_n_0
    SLICE_X40Y54         CARRY4 (Prop_carry4_S[3]_O[3])
                                                      0.248    30.791 r  y_reg[7]_i_73/O[3]
                         net (fo=1, routed)           0.602    31.392    y_reg[7]_i_73_n_4
    SLICE_X39Y55         CARRY4 (Prop_carry4_S[0]_O[0])
                                                      0.553    31.945 r  y_reg[15]_i_282/O[0]
                         net (fo=1, routed)           0.429    32.374    y_reg[15]_i_282_n_7
    SLICE_X38Y55         LUT2 (Prop_lut2_I1_O)        0.299    32.673 r  y[7]_i_114/O
                         net (fo=1, routed)           0.000    32.673    y[7]_i_114_n_0
    SLICE_X38Y55         CARRY4 (Prop_carry4_S[0]_O[0])
                                                      0.252    32.925 r  y_reg[7]_i_94/O[0]
                         net (fo=1, routed)           0.426    33.351    y_reg[7]_i_94_n_7
    SLICE_X37Y54         LUT2 (Prop_lut2_I1_O)        0.295    33.646 r  y[7]_i_77/O
                         net (fo=1, routed)           0.000    33.646    y[7]_i_77_n_0
    SLICE_X37Y54         CARRY4 (Prop_carry4_S[2]_O[2])
                                                      0.248    33.894 r  y_reg[7]_i_66/O[2]
                         net (fo=1, routed)           0.505    34.399    y_reg[7]_i_66_n_5
    SLICE_X36Y54         LUT2 (Prop_lut2_I1_O)        0.302    34.701 r  y[7]_i_57/O
                         net (fo=1, routed)           0.000    34.701    y[7]_i_57_n_0
    SLICE_X36Y54         CARRY4 (Prop_carry4_S[3]_O[3])
                                                      0.255    34.956 r  y_reg[7]_i_51/O[3]
                         net (fo=1, routed)           0.454    35.410    y_reg[7]_i_51_n_4
    SLICE_X36Y51         LUT2 (Prop_lut2_I1_O)        0.307    35.717 r  y[15]_i_223/O
                         net (fo=1, routed)           0.000    35.717    y[15]_i_223_n_0
    SLICE_X36Y51         CARRY4 (Prop_carry4_S[0]_O[0])
                                                      0.252    35.969 r  y_reg[15]_i_193/O[0]
                         net (fo=1, routed)           0.574    36.543    y_reg[15]_i_193_n_7
    SLICE_X35Y52         LUT2 (Prop_lut2_I1_O)        0.295    36.838 r  y[15]_i_206/O
                         net (fo=1, routed)           0.000    36.838    y[15]_i_206_n_0
    SLICE_X35Y52         CARRY4 (Prop_carry4_S[3]_O[3])
                                                      0.248    37.086 r  y_reg[15]_i_178/O[3]
                         net (fo=1, routed)           0.317    37.403    y_reg[15]_i_178_n_4
    SLICE_X34Y53         LUT2 (Prop_lut2_I1_O)        0.306    37.709 r  y[7]_i_53/O
                         net (fo=1, routed)           0.000    37.709    y[7]_i_53_n_0
    SLICE_X34Y53         CARRY4 (Prop_carry4_S[3]_O[3])
                                                      0.255    37.964 r  y_reg[7]_i_47/O[3]
                         net (fo=1, routed)           0.589    38.553    y_reg[7]_i_47_n_4
    SLICE_X32Y54         LUT2 (Prop_lut2_I1_O)        0.307    38.860 r  y[15]_i_134/O
                         net (fo=1, routed)           0.000    38.860    y[15]_i_134_n_0
    SLICE_X32Y54         CARRY4 (Prop_carry4_S[2]_O[2])
                                                      0.250    39.110 r  y_reg[15]_i_105/O[2]
                         net (fo=1, routed)           0.602    39.711    y_reg[15]_i_105_n_5
    SLICE_X32Y50         LUT2 (Prop_lut2_I1_O)        0.301    40.012 r  y[7]_i_35/O
                         net (fo=1, routed)           0.000    40.012    y[7]_i_35_n_0
    SLICE_X32Y50         CARRY4 (Prop_carry4_S[3]_O[3])
                                                      0.255    40.267 r  y_reg[7]_i_32/O[3]
                         net (fo=1, routed)           0.455    40.722    acc__0[4]
    SLICE_X33Y50         LUT2 (Prop_lut2_I1_O)        0.307    41.029 r  y[15]_i_53/O
                         net (fo=1, routed)           0.000    41.029    y[15]_i_53_n_0
    SLICE_X33Y50         CARRY4 (Prop_carry4_S[0]_O[1])
                                                      0.424    41.453 r  y_reg[15]_i_33/O[1]
                         net (fo=1, routed)           0.689    42.142    y_reg[15]_i_33_n_6
    SLICE_X33Y54         LUT2 (Prop_lut2_I1_O)        0.303    42.445 r  y[11]_i_29/O
                         net (fo=1, routed)           0.000    42.445    y[11]_i_29_n_0
    SLICE_X33Y54         CARRY4 (Prop_carry4_S[0]_O[0])
                                                      0.247    42.692 r  y_reg[11]_i_18/O[0]
                         net (fo=1, routed)           0.861    43.553    y_reg[11]_i_18_n_7
    SLICE_X34Y58         LUT2 (Prop_lut2_I1_O)        0.299    43.852 r  y[11]_i_13/O
                         net (fo=1, routed)           0.000    43.852    y[11]_i_13_n_0
    SLICE_X34Y58         CARRY4 (Prop_carry4_S[1]_O[1])
                                                      0.230    44.082 r  y_reg[11]_i_4/O[1]
                         net (fo=2, routed)           0.680    44.762    p_0_in[5]
    SLICE_X30Y59         LUT3 (Prop_lut3_I1_O)        0.306    45.068 r  y[7]_i_3/O
                         net (fo=2, routed)           0.644    45.712    y[7]_i_3_n_0
    SLICE_X33Y59         LUT4 (Prop_lut4_I3_O)        0.124    45.836 r  y[7]_i_7/O
                         net (fo=1, routed)           0.000    45.836    y[7]_i_7_n_0
    SLICE_X33Y59         CARRY4 (Prop_carry4_S[2]_O[2])
                                                      0.248    46.084 r  y_reg[7]_i_1/O[2]
                         net (fo=1, routed)           0.000    46.084    acc[6]
    SLICE_X33Y59         FDRE                                         r  y_reg[6]/D
  -------------------------------------------------------------------    -------------------

                         (clock vclk rise edge)      48.435    48.435 r  <hidden>
                                                      0.000    48.435 r  clk
                         net (fo=351, unset)          0.924    49.359    clk
    SLICE_X33Y59         FDRE                                         r  y_reg[6]/C
                         clock pessimism              0.000    49.359    <hidden>
                         clock uncertainty           -0.035    49.324    <hidden>
    SLICE_X33Y59         FDRE (Setup_fdre_C_D)        0.062    49.386    y_reg[6]
  -------------------------------------------------------------------
                         required time                         49.386    <hidden>
                         arrival time                         -46.084    <hidden>
  -------------------------------------------------------------------
                         slack                                  3.302    <hidden>





Pulse Width Checks
--------------------------------------------------------------------------------------
Clock Name:         vclk
Waveform(ns):       { 0.000 24.218 }
Period(ns):         48.435
Sources:            { clk }

Check Type        Corner  Lib Pin  Reference Pin  Required(ns)  Actual(ns)  Slack(ns)  Location      Pin
Min Period        n/a     FDRE/C   n/a            1.000         48.435      47.435     SLICE_X44Y63  d0_reg[0]/C
Min Period        n/a     FDRE/C   n/a            1.000         48.435      47.435     SLICE_X46Y64  d0_reg[1]/C
Min Period        n/a     FDRE/C   n/a            1.000         48.435      47.435     SLICE_X43Y65  d0_reg[2]/C
Min Period        n/a     FDRE/C   n/a            1.000         48.435      47.435     SLICE_X43Y64  d0_reg[3]/C
Min Period        n/a     FDRE/C   n/a            1.000         48.435      47.435     SLICE_X43Y65  d0_reg[4]/C
Min Period        n/a     FDRE/C   n/a            1.000         48.435      47.435     SLICE_X43Y64  d0_reg[5]/C
Min Period        n/a     FDRE/C   n/a            1.000         48.435      47.435     SLICE_X43Y66  d0_reg[6]/C
Min Period        n/a     FDRE/C   n/a            1.000         48.435      47.435     SLICE_X42Y64  d0_reg[7]/C
Min Period        n/a     FDRE/C   n/a            1.000         48.435      47.435     SLICE_X32Y53  d10_reg[0]/C
Min Period        n/a     FDRE/C   n/a            1.000         48.435      47.435     SLICE_X32Y54  d10_reg[1]/C
Low Pulse Width   Slow    FDRE/C   n/a            0.500         24.218      23.718     SLICE_X44Y63  d0_reg[0]/C
Low Pulse Width   Fast    FDRE/C   n/a            0.500         24.218      23.718     SLICE_X44Y63  d0_reg[0]/C
Low Pulse Width   Slow    FDRE/C   n/a            0.500         24.218      23.718     SLICE_X46Y64  d0_reg[1]/C
Low Pulse Width   Fast    FDRE/C   n/a            0.500         24.218      23.718     SLICE_X46Y64  d0_reg[1]/C
Low Pulse Width   Slow    FDRE/C   n/a            0.500         24.218      23.718     SLICE_X43Y65  d0_reg[2]/C
Low Pulse Width   Fast    FDRE/C   n/a            0.500         24.218      23.718     SLICE_X43Y65  d0_reg[2]/C
Low Pulse Width   Slow    FDRE/C   n/a            0.500         24.218      23.718     SLICE_X43Y64  d0_reg[3]/C
Low Pulse Width   Fast    FDRE/C   n/a            0.500         24.218      23.718     SLICE_X43Y64  d0_reg[3]/C
Low Pulse Width   Slow    FDRE/C   n/a            0.500         24.218      23.718     SLICE_X43Y65  d0_reg[4]/C
Low Pulse Width   Fast    FDRE/C   n/a            0.500         24.218      23.718     SLICE_X43Y65  d0_reg[4]/C
High Pulse Width  Slow    FDRE/C   n/a            0.500         24.218      23.718     SLICE_X44Y63  d0_reg[0]/C
High Pulse Width  Fast    FDRE/C   n/a            0.500         24.218      23.718     SLICE_X44Y63  d0_reg[0]/C
High Pulse Width  Slow    FDRE/C   n/a            0.500         24.218      23.718     SLICE_X46Y64  d0_reg[1]/C
High Pulse Width  Fast    FDRE/C   n/a            0.500         24.218      23.718     SLICE_X46Y64  d0_reg[1]/C
High Pulse Width  Slow    FDRE/C   n/a            0.500         24.218      23.718     SLICE_X43Y65  d0_reg[2]/C
High Pulse Width  Fast    FDRE/C   n/a            0.500         24.218      23.718     SLICE_X43Y65  d0_reg[2]/C
High Pulse Width  Slow    FDRE/C   n/a            0.500         24.218      23.718     SLICE_X43Y64  d0_reg[3]/C
High Pulse Width  Fast    FDRE/C   n/a            0.500         24.218      23.718     SLICE_X43Y64  d0_reg[3]/C
High Pulse Width  Slow    FDRE/C   n/a            0.500         24.218      23.718     SLICE_X43Y65  d0_reg[4]/C
High Pulse Width  Fast    FDRE/C   n/a            0.500         24.218      23.718     SLICE_X43Y65  d0_reg[4]/C



