Copyright 1986-2022 Xilinx, Inc. All Rights Reserved. Copyright 2022-2026 Advanced Micro Devices, Inc. All Rights Reserved.
-------------------------------------------------------------------------------------------------------------------------------------------------------------------------------------------------------------------------------------------------------------------------------------------
| Tool Version : Vivado v.2026.1 (win64) Build 6511674 Tue Jun 16 11:02:23 MDT 2026
| Date         : Sun Aug 30 23:04:23 2026
| Host         : Amine running 64-bit major release  (build 9200)
| Command      : report_timing_summary -delay_type max -max_paths 10 -report_unconstrained -check_timing_verbose -warn_on_violation -file C:/Users/Amine/mas/fpga-repo/timing_closure_candidate_v7/results/c03_firr_sft_firr20_v6/trial_002_search_p30p54625_a0/reports/timing_summary.rpt
| Design       : sft__firr20_v6__g1
| Device       : 7z020-clg400
| Speed File   : -1  PRODUCTION 1.12 2019-11-22
| Design State : Routed
-------------------------------------------------------------------------------------------------------------------------------------------------------------------------------------------------------------------------------------------------------------------------------------------

Timing Summary Report

------------------------------------------------------------------------------------------------
| Timer Settings
| --------------
------------------------------------------------------------------------------------------------

  Enable Multi Corner Analysis               :  Yes
  Enable Pessimism Removal                   :  Yes
  Pessimism Removal Resolution               :  Nearest Common Node
  Enable Input Delay Default Clock           :  No
  Enable Preset / Clear Arcs                 :  No
  Disable Flight Delays                      :  No
  Ignore I/O Paths                           :  No
  Timing Early Launch at Borrowing Latches   :  No
  Borrow Time for Max Delay Exceptions       :  Yes
  Merge Timing Exceptions                    :  Yes
  Inter-SLR Compensation                     :  Conservative

  Corner  Analyze    Analyze    
  Name    Max Paths  Min Paths  
  ------  ---------  ---------  
  Slow    Yes        Yes        
  Fast    Yes        Yes        


------------------------------------------------------------------------------------------------
| Report Methodology
| ------------------
------------------------------------------------------------------------------------------------

No report available as report_methodology has not been run prior. Run report_methodology on the current design for the summary of methodology violations.



check_timing report

Table of Contents
-----------------
1. checking no_clock (0)
2. checking constant_clock (0)
3. checking pulse_width_clock (0)
4. checking unconstrained_internal_endpoints (0)
5. checking no_input_delay (0)
6. checking no_output_delay (0)
7. checking multiple_clock (0)
8. checking generated_clocks (0)
9. checking loops (0)
10. checking partial_input_delay (0)
11. checking partial_output_delay (0)
12. checking latch_loops (0)

1. checking no_clock (0)
------------------------
 There are 0 register/latch pins with no clock.


2. checking constant_clock (0)
------------------------------
 There are 0 register/latch pins with constant_clock.


3. checking pulse_width_clock (0)
---------------------------------
 There are 0 register/latch pins which need pulse_width check


4. checking unconstrained_internal_endpoints (0)
------------------------------------------------
 There are 0 pins that are not constrained for maximum delay.

 There are 0 pins that are not constrained for maximum delay due to constant clock.


5. checking no_input_delay (0)
------------------------------
 There are 0 input ports with no input delay specified.

 There are 0 input ports with no input delay but user has a false path constraint.


6. checking no_output_delay (0)
-------------------------------
 There are 0 ports with no output delay specified.

 There are 0 ports with no output delay but user has a false path constraint

 There are 0 ports with no output delay but with a timing clock defined on it or propagating through it


7. checking multiple_clock (0)
------------------------------
 There are 0 register/latch pins with multiple clocks.


8. checking generated_clocks (0)
--------------------------------
 There are 0 generated clocks that are not connected to a clock source.


9. checking loops (0)
---------------------
 There are 0 combinational loops in the design.


10. checking partial_input_delay (0)
------------------------------------
 There are 0 input ports with partial input delay specified.


11. checking partial_output_delay (0)
-------------------------------------
 There are 0 ports with partial output delay specified.


12. checking latch_loops (0)
----------------------------
 There are 0 combinational latch loops in the design through latch input



------------------------------------------------------------------------------------------------
| Design Timing Summary
| ---------------------
------------------------------------------------------------------------------------------------

    WNS(ns)      TNS(ns)  TNS Failing Endpoints  TNS Total Endpoints     WPWS(ns)     TPWS(ns)  TPWS Failing Endpoints  TPWS Total Endpoints  
    -------      -------  ---------------------  -------------------     --------     --------  ----------------------  --------------------  
      5.065        0.000                      0                  362       14.773        0.000                       0                   174  


All user specified timing constraints are met.


------------------------------------------------------------------------------------------------
| Clock Summary
| -------------
------------------------------------------------------------------------------------------------

Clock  Waveform(ns)       Period(ns)      Frequency(MHz)
-----  ------------       ----------      --------------
vclk   {0.000 15.273}     30.546          32.738          


------------------------------------------------------------------------------------------------
| Intra Clock Table
| -----------------
------------------------------------------------------------------------------------------------

Clock             WNS(ns)      TNS(ns)  TNS Failing Endpoints  TNS Total Endpoints     WPWS(ns)     TPWS(ns)  TPWS Failing Endpoints  TPWS Total Endpoints  
-----             -------      -------  ---------------------  -------------------     --------     --------  ----------------------  --------------------  
vclk                5.065        0.000                      0                  362       14.773        0.000                       0                   174  


------------------------------------------------------------------------------------------------
| Inter Clock Table
| -----------------
------------------------------------------------------------------------------------------------

From Clock    To Clock          WNS(ns)      TNS(ns)  TNS Failing Endpoints  TNS Total Endpoints  
----------    --------          -------      -------  ---------------------  -------------------  


------------------------------------------------------------------------------------------------
| Other Path Groups Table
| -----------------------
------------------------------------------------------------------------------------------------

Path Group    From Clock    To Clock          WNS(ns)      TNS(ns)  TNS Failing Endpoints  TNS Total Endpoints  
----------    ----------    --------          -------      -------  ---------------------  -------------------  


------------------------------------------------------------------------------------------------
| User Ignored Path Table
| -----------------------
------------------------------------------------------------------------------------------------

Path Group    From Clock    To Clock    
----------    ----------    --------    


------------------------------------------------------------------------------------------------
| Unconstrained Path Table
| ------------------------
------------------------------------------------------------------------------------------------

Path Group    From Clock    To Clock    
----------    ----------    --------    


------------------------------------------------------------------------------------------------
| Timing Details
| --------------
------------------------------------------------------------------------------------------------


---------------------------------------------------------------------------------------------------
From Clock:  vclk
  To Clock:  vclk

Setup :            0  Failing Endpoints,  Worst Slack        5.065ns,  Total Violation        0.000ns
Hold  :           NA  Failing Endpoints,  Worst Slack           NA  ,  Total Violation           NA
PW    :            0  Failing Endpoints,  Worst Slack       14.773ns,  Total Violation        0.000ns
---------------------------------------------------------------------------------------------------


Max Delay Paths
--------------------------------------------------------------------------------------
Slack (MET) :             5.065ns  (required time - arrival time)
  Source:                 d19_reg[1]/C
                            (rising edge-triggered cell FDRE clocked by vclk  {rise@0.000ns fall@15.273ns period=30.546ns})
  Destination:            y_reg[15]/D
                            (rising edge-triggered cell FDRE clocked by vclk  {rise@0.000ns fall@15.273ns period=30.546ns})
  Path Group:             vclk
  Path Type:              Setup (Max at Slow Process Corner)
  Requirement:            30.546ns  (vclk rise@30.546ns - vclk rise@0.000ns)
  Data Path Delay:        25.459ns  (logic 14.215ns (55.835%)  route 11.244ns (44.165%))
  Logic Levels:           37  (CARRY4=25 LUT2=12)
  Clock Path Skew:        -0.049ns (DCD - SCD + CPR)
    Destination Clock Delay (DCD):    0.924ns = ( 31.470 - 30.546 ) 
    Source Clock Delay      (SCD):    0.973ns
    Clock Pessimism Removal (CPR):    0.000ns
  Clock Uncertainty:      0.035ns  ((TSJ^2 + TIJ^2)^1/2 + DJ) / 2 + PE
    Total System Jitter     (TSJ):    0.071ns
    Total Input Jitter      (TIJ):    0.000ns
    Discrete Jitter          (DJ):    0.000ns
    Phase Error              (PE):    0.000ns

    Location             Delay type                Incr(ns)  Path(ns)    Netlist Resource(s)
  -------------------------------------------------------------------    -------------------
                         (clock vclk rise edge)       0.000     0.000 r  <hidden>
                                                      0.000     0.000 r  clk
                         net (fo=173, unset)          0.973     0.973    clk
    SLICE_X28Y62         FDRE                                         r  d19_reg[1]/C
  -------------------------------------------------------------------    -------------------
    SLICE_X28Y62         FDRE (Prop_fdre_C_Q)         0.456     1.429 r  d19_reg[1]/Q
                         net (fo=3, routed)           0.458     1.887    d19[1]
    SLICE_X29Y62         CARRY4 (Prop_carry4_S[0]_O[0])
                                                      0.371     2.258 r  y_reg[5]_i_145/O[0]
                         net (fo=2, routed)           0.365     2.623    acc0[5]
    SLICE_X28Y62         LUT2 (Prop_lut2_I0_O)        0.299     2.922 r  y[5]_i_147/O
                         net (fo=1, routed)           0.000     2.922    y[5]_i_147_n_0
    SLICE_X28Y62         CARRY4 (Prop_carry4_S[2]_O[2])
                                                      0.248     3.170 r  y_reg[5]_i_144/O[2]
                         net (fo=1, routed)           0.590     3.760    y_reg[5]_i_144_n_5
    SLICE_X27Y63         LUT2 (Prop_lut2_I1_O)        0.302     4.062 r  y[5]_i_134/O
                         net (fo=1, routed)           0.000     4.062    y[5]_i_134_n_0
    SLICE_X27Y63         CARRY4 (Prop_carry4_S[3]_O[3])
                                                      0.248     4.310 r  y_reg[5]_i_127/O[3]
                         net (fo=1, routed)           0.724     5.035    y_reg[5]_i_127_n_4
    SLICE_X28Y66         LUT2 (Prop_lut2_I1_O)        0.306     5.341 r  y[5]_i_130/O
                         net (fo=1, routed)           0.000     5.341    y[5]_i_130_n_0
    SLICE_X28Y66         CARRY4 (Prop_carry4_S[2]_O[2])
                                                      0.248     5.589 r  y_reg[5]_i_126/O[2]
                         net (fo=1, routed)           0.449     6.038    y_reg[5]_i_126_n_5
    SLICE_X27Y67         LUT2 (Prop_lut2_I1_O)        0.302     6.340 r  y[5]_i_119/O
                         net (fo=1, routed)           0.000     6.340    y[5]_i_119_n_0
    SLICE_X27Y67         CARRY4 (Prop_carry4_S[3]_CO[3])
                                                      0.401     6.741 r  y_reg[5]_i_114/CO[3]
                         net (fo=1, routed)           0.000     6.741    y_reg[5]_i_114_n_0
    SLICE_X27Y68         CARRY4 (Prop_carry4_CI_O[0])
                                                      0.222     6.963 r  y_reg[15]_i_223/O[0]
                         net (fo=1, routed)           0.742     7.704    y_reg[15]_i_223_n_7
    SLICE_X28Y70         LUT2 (Prop_lut2_I1_O)        0.299     8.003 r  y[5]_i_117/O
                         net (fo=1, routed)           0.000     8.003    y[5]_i_117_n_0
    SLICE_X28Y70         CARRY4 (Prop_carry4_S[1]_O[3])
                                                      0.640     8.643 r  y_reg[5]_i_113/O[3]
                         net (fo=1, routed)           0.587     9.230    y_reg[5]_i_113_n_4
    SLICE_X30Y70         LUT2 (Prop_lut2_I1_O)        0.306     9.536 r  y[15]_i_204/O
                         net (fo=1, routed)           0.000     9.536    y[15]_i_204_n_0
    SLICE_X30Y70         CARRY4 (Prop_carry4_S[2]_O[2])
                                                      0.250     9.786 r  y_reg[15]_i_189/O[2]
                         net (fo=1, routed)           0.411    10.197    y_reg[15]_i_189_n_5
    SLICE_X31Y71         LUT2 (Prop_lut2_I1_O)        0.301    10.498 r  y[15]_i_184/O
                         net (fo=1, routed)           0.000    10.498    y[15]_i_184_n_0
    SLICE_X31Y71         CARRY4 (Prop_carry4_S[1]_O[2])
                                                      0.580    11.078 r  y_reg[15]_i_159/O[2]
                         net (fo=1, routed)           0.638    11.716    y_reg[15]_i_159_n_5
    SLICE_X33Y71         LUT2 (Prop_lut2_I1_O)        0.302    12.018 r  y[15]_i_164/O
                         net (fo=1, routed)           0.000    12.018    y[15]_i_164_n_0
    SLICE_X33Y71         CARRY4 (Prop_carry4_S[3]_CO[3])
                                                      0.401    12.419 r  y_reg[15]_i_151/CO[3]
                         net (fo=1, routed)           0.000    12.419    y_reg[15]_i_151_n_0
    SLICE_X33Y72         CARRY4 (Prop_carry4_CI_O[1])
                                                      0.334    12.753 r  y_reg[15]_i_136/O[1]
                         net (fo=1, routed)           0.605    13.358    y_reg[15]_i_136_n_6
    SLICE_X36Y71         LUT2 (Prop_lut2_I1_O)        0.303    13.661 r  y[15]_i_130/O
                         net (fo=1, routed)           0.000    13.661    y[15]_i_130_n_0
    SLICE_X36Y71         CARRY4 (Prop_carry4_S[3]_CO[3])
                                                      0.376    14.037 r  y_reg[15]_i_110/CO[3]
                         net (fo=1, routed)           0.000    14.037    y_reg[15]_i_110_n_0
    SLICE_X36Y72         CARRY4 (Prop_carry4_CI_O[0])
                                                      0.219    14.256 r  y_reg[15]_i_95/O[0]
                         net (fo=1, routed)           0.718    14.973    y_reg[15]_i_95_n_7
    SLICE_X36Y68         LUT2 (Prop_lut2_I1_O)        0.295    15.268 r  y[15]_i_107/O
                         net (fo=1, routed)           0.000    15.268    y[15]_i_107_n_0
    SLICE_X36Y68         CARRY4 (Prop_carry4_S[2]_O[2])
                                                      0.250    15.518 r  y_reg[15]_i_94/O[2]
                         net (fo=1, routed)           0.417    15.935    y_reg[15]_i_94_n_5
    SLICE_X39Y67         LUT2 (Prop_lut2_I1_O)        0.301    16.236 r  y[15]_i_86/O
                         net (fo=1, routed)           0.000    16.236    y[15]_i_86_n_0
    SLICE_X39Y67         CARRY4 (Prop_carry4_S[1]_O[2])
                                                      0.580    16.816 r  y_reg[15]_i_69/O[2]
                         net (fo=1, routed)           0.410    17.227    y_reg[15]_i_69_n_5
    SLICE_X41Y66         LUT2 (Prop_lut2_I1_O)        0.302    17.529 r  y[15]_i_73/O
                         net (fo=1, routed)           0.000    17.529    y[15]_i_73_n_0
    SLICE_X41Y66         CARRY4 (Prop_carry4_S[3]_CO[3])
                                                      0.401    17.930 r  y_reg[15]_i_50/CO[3]
                         net (fo=1, routed)           0.000    17.930    y_reg[15]_i_50_n_0
    SLICE_X41Y67         CARRY4 (Prop_carry4_CI_O[0])
                                                      0.222    18.152 r  y_reg[15]_i_49/O[0]
                         net (fo=1, routed)           0.634    18.786    y_reg[15]_i_49_n_7
    SLICE_X40Y63         CARRY4 (Prop_carry4_S[2]_O[2])
                                                      0.547    19.333 r  y_reg[15]_i_35/O[2]
                         net (fo=1, routed)           0.586    19.918    y_reg[15]_i_35_n_5
    SLICE_X39Y63         CARRY4 (Prop_carry4_S[0]_O[0])
                                                      0.549    20.467 r  y_reg[15]_i_22/O[0]
                         net (fo=1, routed)           0.449    20.916    y_reg[15]_i_22_n_7
    SLICE_X36Y62         CARRY4 (Prop_carry4_S[3]_O[3])
                                                      0.554    21.470 r  y_reg[15]_i_11/O[3]
                         net (fo=1, routed)           0.615    22.085    y_reg[15]_i_11_n_4
    SLICE_X33Y63         CARRY4 (Prop_carry4_S[0]_O[0])
                                                      0.554    22.639 r  y_reg[15]_i_6/O[0]
                         net (fo=1, routed)           0.542    23.182    y_reg[15]_i_6_n_7
    SLICE_X30Y62         CARRY4 (Prop_carry4_S[3]_CO[3])
                                                      0.675    23.857 r  y_reg[15]_i_5/CO[3]
                         net (fo=1, routed)           0.000    23.857    y_reg[15]_i_5_n_0
    SLICE_X30Y63         CARRY4 (Prop_carry4_CI_O[0])
                                                      0.219    24.076 r  y_reg[15]_i_4/O[0]
                         net (fo=1, routed)           0.709    24.784    y_reg[15]_i_4_n_7
    SLICE_X29Y61         CARRY4 (Prop_carry4_S[1]_O[1])
                                                      0.522    25.306 r  y_reg[15]_i_3/O[1]
                         net (fo=1, routed)           0.595    25.902    C[15]
    SLICE_X28Y61         CARRY4 (Prop_carry4_S[1]_O[1])
                                                      0.530    26.432 r  y_reg[15]_i_2/O[1]
                         net (fo=1, routed)           0.000    26.432    acc[15]
    SLICE_X28Y61         FDRE                                         r  y_reg[15]/D
  -------------------------------------------------------------------    -------------------

                         (clock vclk rise edge)      30.546    30.546 r  <hidden>
                                                      0.000    30.546 r  clk
                         net (fo=173, unset)          0.924    31.470    clk
    SLICE_X28Y61         FDRE                                         r  y_reg[15]/C
                         clock pessimism              0.000    31.470    <hidden>
                         clock uncertainty           -0.035    31.435    <hidden>
    SLICE_X28Y61         FDRE (Setup_fdre_C_D)        0.062    31.497    y_reg[15]
  -------------------------------------------------------------------
                         required time                         31.497    <hidden>
                         arrival time                         -26.432    <hidden>
  -------------------------------------------------------------------
                         slack                                  5.065    <hidden>

Slack (MET) :             5.576ns  (required time - arrival time)
  Source:                 d19_reg[1]/C
                            (rising edge-triggered cell FDRE clocked by vclk  {rise@0.000ns fall@15.273ns period=30.546ns})
  Destination:            y_reg[14]/D
                            (rising edge-triggered cell FDRE clocked by vclk  {rise@0.000ns fall@15.273ns period=30.546ns})
  Path Group:             vclk
  Path Type:              Setup (Max at Slow Process Corner)
  Requirement:            30.546ns  (vclk rise@30.546ns - vclk rise@0.000ns)
  Data Path Delay:        24.948ns  (logic 14.130ns (56.639%)  route 10.818ns (43.361%))
  Logic Levels:           43  (CARRY4=26 LUT2=17)
  Clock Path Skew:        -0.049ns (DCD - SCD + CPR)
    Destination Clock Delay (DCD):    0.924ns = ( 31.470 - 30.546 ) 
    Source Clock Delay      (SCD):    0.973ns
    Clock Pessimism Removal (CPR):    0.000ns
  Clock Uncertainty:      0.035ns  ((TSJ^2 + TIJ^2)^1/2 + DJ) / 2 + PE
    Total System Jitter     (TSJ):    0.071ns
    Total Input Jitter      (TIJ):    0.000ns
    Discrete Jitter          (DJ):    0.000ns
    Phase Error              (PE):    0.000ns

    Location             Delay type                Incr(ns)  Path(ns)    Netlist Resource(s)
  -------------------------------------------------------------------    -------------------
                         (clock vclk rise edge)       0.000     0.000 r  <hidden>
                                                      0.000     0.000 r  clk
                         net (fo=173, unset)          0.973     0.973    clk
    SLICE_X28Y62         FDRE                                         r  d19_reg[1]/C
  -------------------------------------------------------------------    -------------------
    SLICE_X28Y62         FDRE (Prop_fdre_C_Q)         0.456     1.429 r  d19_reg[1]/Q
                         net (fo=3, routed)           0.458     1.887    d19[1]
    SLICE_X29Y62         CARRY4 (Prop_carry4_S[0]_O[0])
                                                      0.371     2.258 r  y_reg[5]_i_145/O[0]
                         net (fo=2, routed)           0.365     2.623    acc0[5]
    SLICE_X28Y62         LUT2 (Prop_lut2_I0_O)        0.299     2.922 r  y[5]_i_147/O
                         net (fo=1, routed)           0.000     2.922    y[5]_i_147_n_0
    SLICE_X28Y62         CARRY4 (Prop_carry4_S[2]_O[2])
                                                      0.248     3.170 r  y_reg[5]_i_144/O[2]
                         net (fo=1, routed)           0.590     3.760    y_reg[5]_i_144_n_5
    SLICE_X27Y63         LUT2 (Prop_lut2_I1_O)        0.302     4.062 r  y[5]_i_134/O
                         net (fo=1, routed)           0.000     4.062    y[5]_i_134_n_0
    SLICE_X27Y63         CARRY4 (Prop_carry4_S[3]_O[3])
                                                      0.248     4.310 r  y_reg[5]_i_127/O[3]
                         net (fo=1, routed)           0.724     5.035    y_reg[5]_i_127_n_4
    SLICE_X28Y66         LUT2 (Prop_lut2_I1_O)        0.306     5.341 r  y[5]_i_130/O
                         net (fo=1, routed)           0.000     5.341    y[5]_i_130_n_0
    SLICE_X28Y66         CARRY4 (Prop_carry4_S[2]_O[2])
                                                      0.248     5.589 r  y_reg[5]_i_126/O[2]
                         net (fo=1, routed)           0.449     6.038    y_reg[5]_i_126_n_5
    SLICE_X27Y67         LUT2 (Prop_lut2_I1_O)        0.302     6.340 r  y[5]_i_119/O
                         net (fo=1, routed)           0.000     6.340    y[5]_i_119_n_0
    SLICE_X27Y67         CARRY4 (Prop_carry4_S[3]_O[3])
                                                      0.248     6.588 r  y_reg[5]_i_114/O[3]
                         net (fo=1, routed)           0.720     7.308    y_reg[5]_i_114_n_4
    SLICE_X28Y70         CARRY4 (Prop_carry4_S[0]_O[0])
                                                      0.553     7.861 r  y_reg[5]_i_113/O[0]
                         net (fo=1, routed)           0.450     8.311    y_reg[5]_i_113_n_7
    SLICE_X30Y69         LUT2 (Prop_lut2_I1_O)        0.299     8.610 r  y[5]_i_103/O
                         net (fo=1, routed)           0.000     8.610    y[5]_i_103_n_0
    SLICE_X30Y69         CARRY4 (Prop_carry4_S[3]_O[3])
                                                      0.255     8.865 r  y_reg[5]_i_96/O[3]
                         net (fo=1, routed)           0.295     9.159    y_reg[5]_i_96_n_4
    SLICE_X31Y70         LUT2 (Prop_lut2_I1_O)        0.307     9.466 r  y[5]_i_99/O
                         net (fo=1, routed)           0.000     9.466    y[5]_i_99_n_0
    SLICE_X31Y70         CARRY4 (Prop_carry4_S[2]_O[2])
                                                      0.248     9.714 r  y_reg[5]_i_95/O[2]
                         net (fo=1, routed)           0.643    10.357    y_reg[5]_i_95_n_5
    SLICE_X33Y70         LUT2 (Prop_lut2_I1_O)        0.302    10.659 r  y[5]_i_81/O
                         net (fo=1, routed)           0.000    10.659    y[5]_i_81_n_0
    SLICE_X33Y70         CARRY4 (Prop_carry4_S[3]_CO[3])
                                                      0.401    11.060 r  y_reg[5]_i_74/CO[3]
                         net (fo=1, routed)           0.000    11.060    y_reg[5]_i_74_n_0
    SLICE_X33Y71         CARRY4 (Prop_carry4_CI_O[0])
                                                      0.222    11.282 r  y_reg[15]_i_151/O[0]
                         net (fo=1, routed)           0.614    11.897    y_reg[15]_i_151_n_7
    SLICE_X36Y70         LUT2 (Prop_lut2_I1_O)        0.299    12.196 r  y[5]_i_77/O
                         net (fo=1, routed)           0.000    12.196    y[5]_i_77_n_0
    SLICE_X36Y70         CARRY4 (Prop_carry4_S[2]_O[2])
                                                      0.250    12.446 r  y_reg[5]_i_73/O[2]
                         net (fo=1, routed)           0.455    12.900    y_reg[5]_i_73_n_5
    SLICE_X36Y67         LUT2 (Prop_lut2_I1_O)        0.301    13.201 r  y[15]_i_122/O
                         net (fo=1, routed)           0.000    13.201    y[15]_i_122_n_0
    SLICE_X36Y67         CARRY4 (Prop_carry4_S[0]_O[0])
                                                      0.252    13.453 r  y_reg[15]_i_104/O[0]
                         net (fo=1, routed)           0.539    13.992    y_reg[15]_i_104_n_7
    SLICE_X39Y65         LUT2 (Prop_lut2_I1_O)        0.295    14.287 r  y[5]_i_60/O
                         net (fo=1, routed)           0.000    14.287    y[5]_i_60_n_0
    SLICE_X39Y65         CARRY4 (Prop_carry4_S[3]_CO[3])
                                                      0.401    14.688 r  y_reg[5]_i_58/CO[3]
                         net (fo=1, routed)           0.000    14.688    y_reg[5]_i_58_n_0
    SLICE_X39Y66         CARRY4 (Prop_carry4_CI_O[0])
                                                      0.222    14.910 r  y_reg[15]_i_82/O[0]
                         net (fo=1, routed)           0.317    15.227    y_reg[15]_i_82_n_7
    SLICE_X41Y65         LUT2 (Prop_lut2_I1_O)        0.299    15.526 r  y[15]_i_90/O
                         net (fo=1, routed)           0.000    15.526    y[15]_i_90_n_0
    SLICE_X41Y65         CARRY4 (Prop_carry4_S[1]_O[1])
                                                      0.227    15.753 r  y_reg[15]_i_70/O[1]
                         net (fo=1, routed)           0.561    16.314    y_reg[15]_i_70_n_6
    SLICE_X40Y61         LUT2 (Prop_lut2_I1_O)        0.303    16.617 r  y[5]_i_47/O
                         net (fo=1, routed)           0.000    16.617    y[5]_i_47_n_0
    SLICE_X40Y61         CARRY4 (Prop_carry4_S[3]_CO[3])
                                                      0.401    17.018 r  y_reg[5]_i_45/CO[3]
                         net (fo=1, routed)           0.000    17.018    y_reg[5]_i_45_n_0
    SLICE_X40Y62         CARRY4 (Prop_carry4_CI_O[0])
                                                      0.222    17.240 r  y_reg[15]_i_48/O[0]
                         net (fo=1, routed)           0.442    17.682    y_reg[15]_i_48_n_7
    SLICE_X39Y61         LUT2 (Prop_lut2_I1_O)        0.299    17.981 r  y[15]_i_58/O
                         net (fo=1, routed)           0.000    17.981    y[15]_i_58_n_0
    SLICE_X39Y61         CARRY4 (Prop_carry4_S[2]_O[2])
                                                      0.248    18.229 r  y_reg[15]_i_43/O[2]
                         net (fo=1, routed)           0.577    18.806    y_reg[15]_i_43_n_5
    SLICE_X36Y61         LUT2 (Prop_lut2_I1_O)        0.302    19.108 r  y[15]_i_39/O
                         net (fo=1, routed)           0.000    19.108    y[15]_i_39_n_0
    SLICE_X36Y61         CARRY4 (Prop_carry4_S[1]_O[2])
                                                      0.578    19.686 r  y_reg[15]_i_23/O[2]
                         net (fo=1, routed)           0.721    20.407    y_reg[15]_i_23_n_5
    SLICE_X33Y61         LUT2 (Prop_lut2_I1_O)        0.301    20.708 r  y[15]_i_28/O
                         net (fo=1, routed)           0.000    20.708    y[15]_i_28_n_0
    SLICE_X33Y61         CARRY4 (Prop_carry4_S[3]_CO[3])
                                                      0.401    21.109 r  y_reg[15]_i_16/CO[3]
                         net (fo=1, routed)           0.000    21.109    y_reg[15]_i_16_n_0
    SLICE_X33Y62         CARRY4 (Prop_carry4_CI_O[0])
                                                      0.222    21.331 r  y_reg[15]_i_8/O[0]
                         net (fo=1, routed)           0.542    21.873    y_reg[15]_i_8_n_7
    SLICE_X30Y61         LUT2 (Prop_lut2_I1_O)        0.299    22.172 r  y[15]_i_12/O
                         net (fo=1, routed)           0.000    22.172    y[15]_i_12_n_0
    SLICE_X30Y61         CARRY4 (Prop_carry4_S[3]_CO[3])
                                                      0.376    22.548 r  y_reg[15]_i_7/CO[3]
                         net (fo=1, routed)           0.000    22.548    y_reg[15]_i_7_n_0
    SLICE_X30Y62         CARRY4 (Prop_carry4_CI_O[0])
                                                      0.219    22.767 r  y_reg[15]_i_5/O[0]
                         net (fo=1, routed)           0.709    23.476    y_reg[15]_i_5_n_7
    SLICE_X29Y60         LUT2 (Prop_lut2_I1_O)        0.295    23.771 r  y[13]_i_6/O
                         net (fo=1, routed)           0.000    23.771    y[13]_i_6_n_0
    SLICE_X29Y60         CARRY4 (Prop_carry4_S[1]_O[2])
                                                      0.580    24.351 r  y_reg[13]_i_2/O[2]
                         net (fo=1, routed)           0.646    24.998    C[12]
    SLICE_X28Y60         CARRY4 (Prop_carry4_S[2]_CO[3])
                                                      0.700    25.698 r  y_reg[13]_i_1/CO[3]
                         net (fo=1, routed)           0.000    25.698    y_reg[13]_i_1_n_0
    SLICE_X28Y61         CARRY4 (Prop_carry4_CI_O[0])
                                                      0.223    25.921 r  y_reg[15]_i_2/O[0]
                         net (fo=1, routed)           0.000    25.921    acc[14]
    SLICE_X28Y61         FDRE                                         r  y_reg[14]/D
  -------------------------------------------------------------------    -------------------

                         (clock vclk rise edge)      30.546    30.546 r  <hidden>
                                                      0.000    30.546 r  clk
                         net (fo=173, unset)          0.924    31.470    clk
    SLICE_X28Y61         FDRE                                         r  y_reg[14]/C
                         clock pessimism              0.000    31.470    <hidden>
                         clock uncertainty           -0.035    31.435    <hidden>
    SLICE_X28Y61         FDRE (Setup_fdre_C_D)        0.062    31.497    y_reg[14]
  -------------------------------------------------------------------
                         required time                         31.497    <hidden>
                         arrival time                         -25.921    <hidden>
  -------------------------------------------------------------------
                         slack                                  5.576    <hidden>

Slack (MET) :             5.845ns  (required time - arrival time)
  Source:                 d19_reg[1]/C
                            (rising edge-triggered cell FDRE clocked by vclk  {rise@0.000ns fall@15.273ns period=30.546ns})
  Destination:            y_reg[13]/D
                            (rising edge-triggered cell FDRE clocked by vclk  {rise@0.000ns fall@15.273ns period=30.546ns})
  Path Group:             vclk
  Path Type:              Setup (Max at Slow Process Corner)
  Requirement:            30.546ns  (vclk rise@30.546ns - vclk rise@0.000ns)
  Data Path Delay:        24.679ns  (logic 13.861ns (56.166%)  route 10.818ns (43.834%))
  Logic Levels:           42  (CARRY4=25 LUT2=17)
  Clock Path Skew:        -0.049ns (DCD - SCD + CPR)
    Destination Clock Delay (DCD):    0.924ns = ( 31.470 - 30.546 ) 
    Source Clock Delay      (SCD):    0.973ns
    Clock Pessimism Removal (CPR):    0.000ns
  Clock Uncertainty:      0.035ns  ((TSJ^2 + TIJ^2)^1/2 + DJ) / 2 + PE
    Total System Jitter     (TSJ):    0.071ns
    Total Input Jitter      (TIJ):    0.000ns
    Discrete Jitter          (DJ):    0.000ns
    Phase Error              (PE):    0.000ns

    Location             Delay type                Incr(ns)  Path(ns)    Netlist Resource(s)
  -------------------------------------------------------------------    -------------------
                         (clock vclk rise edge)       0.000     0.000 r  <hidden>
                                                      0.000     0.000 r  clk
                         net (fo=173, unset)          0.973     0.973    clk
    SLICE_X28Y62         FDRE                                         r  d19_reg[1]/C
  -------------------------------------------------------------------    -------------------
    SLICE_X28Y62         FDRE (Prop_fdre_C_Q)         0.456     1.429 r  d19_reg[1]/Q
                         net (fo=3, routed)           0.458     1.887    d19[1]
    SLICE_X29Y62         CARRY4 (Prop_carry4_S[0]_O[0])
                                                      0.371     2.258 r  y_reg[5]_i_145/O[0]
                         net (fo=2, routed)           0.365     2.623    acc0[5]
    SLICE_X28Y62         LUT2 (Prop_lut2_I0_O)        0.299     2.922 r  y[5]_i_147/O
                         net (fo=1, routed)           0.000     2.922    y[5]_i_147_n_0
    SLICE_X28Y62         CARRY4 (Prop_carry4_S[2]_O[2])
                                                      0.248     3.170 r  y_reg[5]_i_144/O[2]
                         net (fo=1, routed)           0.590     3.760    y_reg[5]_i_144_n_5
    SLICE_X27Y63         LUT2 (Prop_lut2_I1_O)        0.302     4.062 r  y[5]_i_134/O
                         net (fo=1, routed)           0.000     4.062    y[5]_i_134_n_0
    SLICE_X27Y63         CARRY4 (Prop_carry4_S[3]_O[3])
                                                      0.248     4.310 r  y_reg[5]_i_127/O[3]
                         net (fo=1, routed)           0.724     5.035    y_reg[5]_i_127_n_4
    SLICE_X28Y66         LUT2 (Prop_lut2_I1_O)        0.306     5.341 r  y[5]_i_130/O
                         net (fo=1, routed)           0.000     5.341    y[5]_i_130_n_0
    SLICE_X28Y66         CARRY4 (Prop_carry4_S[2]_O[2])
                                                      0.248     5.589 r  y_reg[5]_i_126/O[2]
                         net (fo=1, routed)           0.449     6.038    y_reg[5]_i_126_n_5
    SLICE_X27Y67         LUT2 (Prop_lut2_I1_O)        0.302     6.340 r  y[5]_i_119/O
                         net (fo=1, routed)           0.000     6.340    y[5]_i_119_n_0
    SLICE_X27Y67         CARRY4 (Prop_carry4_S[3]_O[3])
                                                      0.248     6.588 r  y_reg[5]_i_114/O[3]
                         net (fo=1, routed)           0.720     7.308    y_reg[5]_i_114_n_4
    SLICE_X28Y70         CARRY4 (Prop_carry4_S[0]_O[0])
                                                      0.553     7.861 r  y_reg[5]_i_113/O[0]
                         net (fo=1, routed)           0.450     8.311    y_reg[5]_i_113_n_7
    SLICE_X30Y69         LUT2 (Prop_lut2_I1_O)        0.299     8.610 r  y[5]_i_103/O
                         net (fo=1, routed)           0.000     8.610    y[5]_i_103_n_0
    SLICE_X30Y69         CARRY4 (Prop_carry4_S[3]_O[3])
                                                      0.255     8.865 r  y_reg[5]_i_96/O[3]
                         net (fo=1, routed)           0.295     9.159    y_reg[5]_i_96_n_4
    SLICE_X31Y70         LUT2 (Prop_lut2_I1_O)        0.307     9.466 r  y[5]_i_99/O
                         net (fo=1, routed)           0.000     9.466    y[5]_i_99_n_0
    SLICE_X31Y70         CARRY4 (Prop_carry4_S[2]_O[2])
                                                      0.248     9.714 r  y_reg[5]_i_95/O[2]
                         net (fo=1, routed)           0.643    10.357    y_reg[5]_i_95_n_5
    SLICE_X33Y70         LUT2 (Prop_lut2_I1_O)        0.302    10.659 r  y[5]_i_81/O
                         net (fo=1, routed)           0.000    10.659    y[5]_i_81_n_0
    SLICE_X33Y70         CARRY4 (Prop_carry4_S[3]_CO[3])
                                                      0.401    11.060 r  y_reg[5]_i_74/CO[3]
                         net (fo=1, routed)           0.000    11.060    y_reg[5]_i_74_n_0
    SLICE_X33Y71         CARRY4 (Prop_carry4_CI_O[0])
                                                      0.222    11.282 r  y_reg[15]_i_151/O[0]
                         net (fo=1, routed)           0.614    11.897    y_reg[15]_i_151_n_7
    SLICE_X36Y70         LUT2 (Prop_lut2_I1_O)        0.299    12.196 r  y[5]_i_77/O
                         net (fo=1, routed)           0.000    12.196    y[5]_i_77_n_0
    SLICE_X36Y70         CARRY4 (Prop_carry4_S[2]_O[2])
                                                      0.250    12.446 r  y_reg[5]_i_73/O[2]
                         net (fo=1, routed)           0.455    12.900    y_reg[5]_i_73_n_5
    SLICE_X36Y67         LUT2 (Prop_lut2_I1_O)        0.301    13.201 r  y[15]_i_122/O
                         net (fo=1, routed)           0.000    13.201    y[15]_i_122_n_0
    SLICE_X36Y67         CARRY4 (Prop_carry4_S[0]_O[0])
                                                      0.252    13.453 r  y_reg[15]_i_104/O[0]
                         net (fo=1, routed)           0.539    13.992    y_reg[15]_i_104_n_7
    SLICE_X39Y65         LUT2 (Prop_lut2_I1_O)        0.295    14.287 r  y[5]_i_60/O
                         net (fo=1, routed)           0.000    14.287    y[5]_i_60_n_0
    SLICE_X39Y65         CARRY4 (Prop_carry4_S[3]_CO[3])
                                                      0.401    14.688 r  y_reg[5]_i_58/CO[3]
                         net (fo=1, routed)           0.000    14.688    y_reg[5]_i_58_n_0
    SLICE_X39Y66         CARRY4 (Prop_carry4_CI_O[0])
                                                      0.222    14.910 r  y_reg[15]_i_82/O[0]
                         net (fo=1, routed)           0.317    15.227    y_reg[15]_i_82_n_7
    SLICE_X41Y65         LUT2 (Prop_lut2_I1_O)        0.299    15.526 r  y[15]_i_90/O
                         net (fo=1, routed)           0.000    15.526    y[15]_i_90_n_0
    SLICE_X41Y65         CARRY4 (Prop_carry4_S[1]_O[1])
                                                      0.227    15.753 r  y_reg[15]_i_70/O[1]
                         net (fo=1, routed)           0.561    16.314    y_reg[15]_i_70_n_6
    SLICE_X40Y61         LUT2 (Prop_lut2_I1_O)        0.303    16.617 r  y[5]_i_47/O
                         net (fo=1, routed)           0.000    16.617    y[5]_i_47_n_0
    SLICE_X40Y61         CARRY4 (Prop_carry4_S[3]_CO[3])
                                                      0.401    17.018 r  y_reg[5]_i_45/CO[3]
                         net (fo=1, routed)           0.000    17.018    y_reg[5]_i_45_n_0
    SLICE_X40Y62         CARRY4 (Prop_carry4_CI_O[0])
                                                      0.222    17.240 r  y_reg[15]_i_48/O[0]
                         net (fo=1, routed)           0.442    17.682    y_reg[15]_i_48_n_7
    SLICE_X39Y61         LUT2 (Prop_lut2_I1_O)        0.299    17.981 r  y[15]_i_58/O
                         net (fo=1, routed)           0.000    17.981    y[15]_i_58_n_0
    SLICE_X39Y61         CARRY4 (Prop_carry4_S[2]_O[2])
                                                      0.248    18.229 r  y_reg[15]_i_43/O[2]
                         net (fo=1, routed)           0.577    18.806    y_reg[15]_i_43_n_5
    SLICE_X36Y61         LUT2 (Prop_lut2_I1_O)        0.302    19.108 r  y[15]_i_39/O
                         net (fo=1, routed)           0.000    19.108    y[15]_i_39_n_0
    SLICE_X36Y61         CARRY4 (Prop_carry4_S[1]_O[2])
                                                      0.578    19.686 r  y_reg[15]_i_23/O[2]
                         net (fo=1, routed)           0.721    20.407    y_reg[15]_i_23_n_5
    SLICE_X33Y61         LUT2 (Prop_lut2_I1_O)        0.301    20.708 r  y[15]_i_28/O
                         net (fo=1, routed)           0.000    20.708    y[15]_i_28_n_0
    SLICE_X33Y61         CARRY4 (Prop_carry4_S[3]_CO[3])
                                                      0.401    21.109 r  y_reg[15]_i_16/CO[3]
                         net (fo=1, routed)           0.000    21.109    y_reg[15]_i_16_n_0
    SLICE_X33Y62         CARRY4 (Prop_carry4_CI_O[0])
                                                      0.222    21.331 r  y_reg[15]_i_8/O[0]
                         net (fo=1, routed)           0.542    21.873    y_reg[15]_i_8_n_7
    SLICE_X30Y61         LUT2 (Prop_lut2_I1_O)        0.299    22.172 r  y[15]_i_12/O
                         net (fo=1, routed)           0.000    22.172    y[15]_i_12_n_0
    SLICE_X30Y61         CARRY4 (Prop_carry4_S[3]_CO[3])
                                                      0.376    22.548 r  y_reg[15]_i_7/CO[3]
                         net (fo=1, routed)           0.000    22.548    y_reg[15]_i_7_n_0
    SLICE_X30Y62         CARRY4 (Prop_carry4_CI_O[0])
                                                      0.219    22.767 r  y_reg[15]_i_5/O[0]
                         net (fo=1, routed)           0.709    23.476    y_reg[15]_i_5_n_7
    SLICE_X29Y60         LUT2 (Prop_lut2_I1_O)        0.295    23.771 r  y[13]_i_6/O
                         net (fo=1, routed)           0.000    23.771    y[13]_i_6_n_0
    SLICE_X29Y60         CARRY4 (Prop_carry4_S[1]_O[2])
                                                      0.580    24.351 r  y_reg[13]_i_2/O[2]
                         net (fo=1, routed)           0.646    24.998    C[12]
    SLICE_X28Y60         CARRY4 (Prop_carry4_S[2]_O[3])
                                                      0.654    25.652 r  y_reg[13]_i_1/O[3]
                         net (fo=1, routed)           0.000    25.652    acc[13]
    SLICE_X28Y60         FDRE                                         r  y_reg[13]/D
  -------------------------------------------------------------------    -------------------

                         (clock vclk rise edge)      30.546    30.546 r  <hidden>
                                                      0.000    30.546 r  clk
                         net (fo=173, unset)          0.924    31.470    clk
    SLICE_X28Y60         FDRE                                         r  y_reg[13]/C
                         clock pessimism              0.000    31.470    <hidden>
                         clock uncertainty           -0.035    31.435    <hidden>
    SLICE_X28Y60         FDRE (Setup_fdre_C_D)        0.062    31.497    y_reg[13]
  -------------------------------------------------------------------
                         required time                         31.497    <hidden>
                         arrival time                         -25.652    <hidden>
  -------------------------------------------------------------------
                         slack                                  5.845    <hidden>

Slack (MET) :             5.949ns  (required time - arrival time)
  Source:                 d19_reg[1]/C
                            (rising edge-triggered cell FDRE clocked by vclk  {rise@0.000ns fall@15.273ns period=30.546ns})
  Destination:            y_reg[12]/D
                            (rising edge-triggered cell FDRE clocked by vclk  {rise@0.000ns fall@15.273ns period=30.546ns})
  Path Group:             vclk
  Path Type:              Setup (Max at Slow Process Corner)
  Requirement:            30.546ns  (vclk rise@30.546ns - vclk rise@0.000ns)
  Data Path Delay:        24.575ns  (logic 13.757ns (55.980%)  route 10.818ns (44.020%))
  Logic Levels:           42  (CARRY4=25 LUT2=17)
  Clock Path Skew:        -0.049ns (DCD - SCD + CPR)
    Destination Clock Delay (DCD):    0.924ns = ( 31.470 - 30.546 ) 
    Source Clock Delay      (SCD):    0.973ns
    Clock Pessimism Removal (CPR):    0.000ns
  Clock Uncertainty:      0.035ns  ((TSJ^2 + TIJ^2)^1/2 + DJ) / 2 + PE
    Total System Jitter     (TSJ):    0.071ns
    Total Input Jitter      (TIJ):    0.000ns
    Discrete Jitter          (DJ):    0.000ns
    Phase Error              (PE):    0.000ns

    Location             Delay type                Incr(ns)  Path(ns)    Netlist Resource(s)
  -------------------------------------------------------------------    -------------------
                         (clock vclk rise edge)       0.000     0.000 r  <hidden>
                                                      0.000     0.000 r  clk
                         net (fo=173, unset)          0.973     0.973    clk
    SLICE_X28Y62         FDRE                                         r  d19_reg[1]/C
  -------------------------------------------------------------------    -------------------
    SLICE_X28Y62         FDRE (Prop_fdre_C_Q)         0.456     1.429 r  d19_reg[1]/Q
                         net (fo=3, routed)           0.458     1.887    d19[1]
    SLICE_X29Y62         CARRY4 (Prop_carry4_S[0]_O[0])
                                                      0.371     2.258 r  y_reg[5]_i_145/O[0]
                         net (fo=2, routed)           0.365     2.623    acc0[5]
    SLICE_X28Y62         LUT2 (Prop_lut2_I0_O)        0.299     2.922 r  y[5]_i_147/O
                         net (fo=1, routed)           0.000     2.922    y[5]_i_147_n_0
    SLICE_X28Y62         CARRY4 (Prop_carry4_S[2]_O[2])
                                                      0.248     3.170 r  y_reg[5]_i_144/O[2]
                         net (fo=1, routed)           0.590     3.760    y_reg[5]_i_144_n_5
    SLICE_X27Y63         LUT2 (Prop_lut2_I1_O)        0.302     4.062 r  y[5]_i_134/O
                         net (fo=1, routed)           0.000     4.062    y[5]_i_134_n_0
    SLICE_X27Y63         CARRY4 (Prop_carry4_S[3]_O[3])
                                                      0.248     4.310 r  y_reg[5]_i_127/O[3]
                         net (fo=1, routed)           0.724     5.035    y_reg[5]_i_127_n_4
    SLICE_X28Y66         LUT2 (Prop_lut2_I1_O)        0.306     5.341 r  y[5]_i_130/O
                         net (fo=1, routed)           0.000     5.341    y[5]_i_130_n_0
    SLICE_X28Y66         CARRY4 (Prop_carry4_S[2]_O[2])
                                                      0.248     5.589 r  y_reg[5]_i_126/O[2]
                         net (fo=1, routed)           0.449     6.038    y_reg[5]_i_126_n_5
    SLICE_X27Y67         LUT2 (Prop_lut2_I1_O)        0.302     6.340 r  y[5]_i_119/O
                         net (fo=1, routed)           0.000     6.340    y[5]_i_119_n_0
    SLICE_X27Y67         CARRY4 (Prop_carry4_S[3]_O[3])
                                                      0.248     6.588 r  y_reg[5]_i_114/O[3]
                         net (fo=1, routed)           0.720     7.308    y_reg[5]_i_114_n_4
    SLICE_X28Y70         CARRY4 (Prop_carry4_S[0]_O[0])
                                                      0.553     7.861 r  y_reg[5]_i_113/O[0]
                         net (fo=1, routed)           0.450     8.311    y_reg[5]_i_113_n_7
    SLICE_X30Y69         LUT2 (Prop_lut2_I1_O)        0.299     8.610 r  y[5]_i_103/O
                         net (fo=1, routed)           0.000     8.610    y[5]_i_103_n_0
    SLICE_X30Y69         CARRY4 (Prop_carry4_S[3]_O[3])
                                                      0.255     8.865 r  y_reg[5]_i_96/O[3]
                         net (fo=1, routed)           0.295     9.159    y_reg[5]_i_96_n_4
    SLICE_X31Y70         LUT2 (Prop_lut2_I1_O)        0.307     9.466 r  y[5]_i_99/O
                         net (fo=1, routed)           0.000     9.466    y[5]_i_99_n_0
    SLICE_X31Y70         CARRY4 (Prop_carry4_S[2]_O[2])
                                                      0.248     9.714 r  y_reg[5]_i_95/O[2]
                         net (fo=1, routed)           0.643    10.357    y_reg[5]_i_95_n_5
    SLICE_X33Y70         LUT2 (Prop_lut2_I1_O)        0.302    10.659 r  y[5]_i_81/O
                         net (fo=1, routed)           0.000    10.659    y[5]_i_81_n_0
    SLICE_X33Y70         CARRY4 (Prop_carry4_S[3]_CO[3])
                                                      0.401    11.060 r  y_reg[5]_i_74/CO[3]
                         net (fo=1, routed)           0.000    11.060    y_reg[5]_i_74_n_0
    SLICE_X33Y71         CARRY4 (Prop_carry4_CI_O[0])
                                                      0.222    11.282 r  y_reg[15]_i_151/O[0]
                         net (fo=1, routed)           0.614    11.897    y_reg[15]_i_151_n_7
    SLICE_X36Y70         LUT2 (Prop_lut2_I1_O)        0.299    12.196 r  y[5]_i_77/O
                         net (fo=1, routed)           0.000    12.196    y[5]_i_77_n_0
    SLICE_X36Y70         CARRY4 (Prop_carry4_S[2]_O[2])
                                                      0.250    12.446 r  y_reg[5]_i_73/O[2]
                         net (fo=1, routed)           0.455    12.900    y_reg[5]_i_73_n_5
    SLICE_X36Y67         LUT2 (Prop_lut2_I1_O)        0.301    13.201 r  y[15]_i_122/O
                         net (fo=1, routed)           0.000    13.201    y[15]_i_122_n_0
    SLICE_X36Y67         CARRY4 (Prop_carry4_S[0]_O[0])
                                                      0.252    13.453 r  y_reg[15]_i_104/O[0]
                         net (fo=1, routed)           0.539    13.992    y_reg[15]_i_104_n_7
    SLICE_X39Y65         LUT2 (Prop_lut2_I1_O)        0.295    14.287 r  y[5]_i_60/O
                         net (fo=1, routed)           0.000    14.287    y[5]_i_60_n_0
    SLICE_X39Y65         CARRY4 (Prop_carry4_S[3]_CO[3])
                                                      0.401    14.688 r  y_reg[5]_i_58/CO[3]
                         net (fo=1, routed)           0.000    14.688    y_reg[5]_i_58_n_0
    SLICE_X39Y66         CARRY4 (Prop_carry4_CI_O[0])
                                                      0.222    14.910 r  y_reg[15]_i_82/O[0]
                         net (fo=1, routed)           0.317    15.227    y_reg[15]_i_82_n_7
    SLICE_X41Y65         LUT2 (Prop_lut2_I1_O)        0.299    15.526 r  y[15]_i_90/O
                         net (fo=1, routed)           0.000    15.526    y[15]_i_90_n_0
    SLICE_X41Y65         CARRY4 (Prop_carry4_S[1]_O[1])
                                                      0.227    15.753 r  y_reg[15]_i_70/O[1]
                         net (fo=1, routed)           0.561    16.314    y_reg[15]_i_70_n_6
    SLICE_X40Y61         LUT2 (Prop_lut2_I1_O)        0.303    16.617 r  y[5]_i_47/O
                         net (fo=1, routed)           0.000    16.617    y[5]_i_47_n_0
    SLICE_X40Y61         CARRY4 (Prop_carry4_S[3]_CO[3])
                                                      0.401    17.018 r  y_reg[5]_i_45/CO[3]
                         net (fo=1, routed)           0.000    17.018    y_reg[5]_i_45_n_0
    SLICE_X40Y62         CARRY4 (Prop_carry4_CI_O[0])
                                                      0.222    17.240 r  y_reg[15]_i_48/O[0]
                         net (fo=1, routed)           0.442    17.682    y_reg[15]_i_48_n_7
    SLICE_X39Y61         LUT2 (Prop_lut2_I1_O)        0.299    17.981 r  y[15]_i_58/O
                         net (fo=1, routed)           0.000    17.981    y[15]_i_58_n_0
    SLICE_X39Y61         CARRY4 (Prop_carry4_S[2]_O[2])
                                                      0.248    18.229 r  y_reg[15]_i_43/O[2]
                         net (fo=1, routed)           0.577    18.806    y_reg[15]_i_43_n_5
    SLICE_X36Y61         LUT2 (Prop_lut2_I1_O)        0.302    19.108 r  y[15]_i_39/O
                         net (fo=1, routed)           0.000    19.108    y[15]_i_39_n_0
    SLICE_X36Y61         CARRY4 (Prop_carry4_S[1]_O[2])
                                                      0.578    19.686 r  y_reg[15]_i_23/O[2]
                         net (fo=1, routed)           0.721    20.407    y_reg[15]_i_23_n_5
    SLICE_X33Y61         LUT2 (Prop_lut2_I1_O)        0.301    20.708 r  y[15]_i_28/O
                         net (fo=1, routed)           0.000    20.708    y[15]_i_28_n_0
    SLICE_X33Y61         CARRY4 (Prop_carry4_S[3]_CO[3])
                                                      0.401    21.109 r  y_reg[15]_i_16/CO[3]
                         net (fo=1, routed)           0.000    21.109    y_reg[15]_i_16_n_0
    SLICE_X33Y62         CARRY4 (Prop_carry4_CI_O[0])
                                                      0.222    21.331 r  y_reg[15]_i_8/O[0]
                         net (fo=1, routed)           0.542    21.873    y_reg[15]_i_8_n_7
    SLICE_X30Y61         LUT2 (Prop_lut2_I1_O)        0.299    22.172 r  y[15]_i_12/O
                         net (fo=1, routed)           0.000    22.172    y[15]_i_12_n_0
    SLICE_X30Y61         CARRY4 (Prop_carry4_S[3]_CO[3])
                                                      0.376    22.548 r  y_reg[15]_i_7/CO[3]
                         net (fo=1, routed)           0.000    22.548    y_reg[15]_i_7_n_0
    SLICE_X30Y62         CARRY4 (Prop_carry4_CI_O[0])
                                                      0.219    22.767 r  y_reg[15]_i_5/O[0]
                         net (fo=1, routed)           0.709    23.476    y_reg[15]_i_5_n_7
    SLICE_X29Y60         LUT2 (Prop_lut2_I1_O)        0.295    23.771 r  y[13]_i_6/O
                         net (fo=1, routed)           0.000    23.771    y[13]_i_6_n_0
    SLICE_X29Y60         CARRY4 (Prop_carry4_S[1]_O[2])
                                                      0.580    24.351 r  y_reg[13]_i_2/O[2]
                         net (fo=1, routed)           0.646    24.998    C[12]
    SLICE_X28Y60         CARRY4 (Prop_carry4_S[2]_O[2])
                                                      0.550    25.548 r  y_reg[13]_i_1/O[2]
                         net (fo=1, routed)           0.000    25.548    acc[12]
    SLICE_X28Y60         FDRE                                         r  y_reg[12]/D
  -------------------------------------------------------------------    -------------------

                         (clock vclk rise edge)      30.546    30.546 r  <hidden>
                                                      0.000    30.546 r  clk
                         net (fo=173, unset)          0.924    31.470    clk
    SLICE_X28Y60         FDRE                                         r  y_reg[12]/C
                         clock pessimism              0.000    31.470    <hidden>
                         clock uncertainty           -0.035    31.435    <hidden>
    SLICE_X28Y60         FDRE (Setup_fdre_C_D)        0.062    31.497    y_reg[12]
  -------------------------------------------------------------------
                         required time                         31.497    <hidden>
                         arrival time                         -25.548    <hidden>
  -------------------------------------------------------------------
                         slack                                  5.949    <hidden>

Slack (MET) :             6.373ns  (required time - arrival time)
  Source:                 d19_reg[1]/C
                            (rising edge-triggered cell FDRE clocked by vclk  {rise@0.000ns fall@15.273ns period=30.546ns})
  Destination:            y_reg[11]/D
                            (rising edge-triggered cell FDRE clocked by vclk  {rise@0.000ns fall@15.273ns period=30.546ns})
  Path Group:             vclk
  Path Type:              Setup (Max at Slow Process Corner)
  Requirement:            30.546ns  (vclk rise@30.546ns - vclk rise@0.000ns)
  Data Path Delay:        24.151ns  (logic 13.384ns (55.419%)  route 10.767ns (44.581%))
  Logic Levels:           42  (CARRY4=25 LUT2=17)
  Clock Path Skew:        -0.049ns (DCD - SCD + CPR)
    Destination Clock Delay (DCD):    0.924ns = ( 31.470 - 30.546 ) 
    Source Clock Delay      (SCD):    0.973ns
    Clock Pessimism Removal (CPR):    0.000ns
  Clock Uncertainty:      0.035ns  ((TSJ^2 + TIJ^2)^1/2 + DJ) / 2 + PE
    Total System Jitter     (TSJ):    0.071ns
    Total Input Jitter      (TIJ):    0.000ns
    Discrete Jitter          (DJ):    0.000ns
    Phase Error              (PE):    0.000ns

    Location             Delay type                Incr(ns)  Path(ns)    Netlist Resource(s)
  -------------------------------------------------------------------    -------------------
                         (clock vclk rise edge)       0.000     0.000 r  <hidden>
                                                      0.000     0.000 r  clk
                         net (fo=173, unset)          0.973     0.973    clk
    SLICE_X28Y62         FDRE                                         r  d19_reg[1]/C
  -------------------------------------------------------------------    -------------------
    SLICE_X28Y62         FDRE (Prop_fdre_C_Q)         0.456     1.429 r  d19_reg[1]/Q
                         net (fo=3, routed)           0.458     1.887    d19[1]
    SLICE_X29Y62         CARRY4 (Prop_carry4_S[0]_O[0])
                                                      0.371     2.258 r  y_reg[5]_i_145/O[0]
                         net (fo=2, routed)           0.365     2.623    acc0[5]
    SLICE_X28Y62         LUT2 (Prop_lut2_I0_O)        0.299     2.922 r  y[5]_i_147/O
                         net (fo=1, routed)           0.000     2.922    y[5]_i_147_n_0
    SLICE_X28Y62         CARRY4 (Prop_carry4_S[2]_O[2])
                                                      0.248     3.170 r  y_reg[5]_i_144/O[2]
                         net (fo=1, routed)           0.590     3.760    y_reg[5]_i_144_n_5
    SLICE_X27Y63         LUT2 (Prop_lut2_I1_O)        0.302     4.062 r  y[5]_i_134/O
                         net (fo=1, routed)           0.000     4.062    y[5]_i_134_n_0
    SLICE_X27Y63         CARRY4 (Prop_carry4_S[3]_O[3])
                                                      0.248     4.310 r  y_reg[5]_i_127/O[3]
                         net (fo=1, routed)           0.724     5.035    y_reg[5]_i_127_n_4
    SLICE_X28Y66         LUT2 (Prop_lut2_I1_O)        0.306     5.341 r  y[5]_i_130/O
                         net (fo=1, routed)           0.000     5.341    y[5]_i_130_n_0
    SLICE_X28Y66         CARRY4 (Prop_carry4_S[2]_O[2])
                                                      0.248     5.589 r  y_reg[5]_i_126/O[2]
                         net (fo=1, routed)           0.449     6.038    y_reg[5]_i_126_n_5
    SLICE_X27Y67         LUT2 (Prop_lut2_I1_O)        0.302     6.340 r  y[5]_i_119/O
                         net (fo=1, routed)           0.000     6.340    y[5]_i_119_n_0
    SLICE_X27Y67         CARRY4 (Prop_carry4_S[3]_O[3])
                                                      0.248     6.588 r  y_reg[5]_i_114/O[3]
                         net (fo=1, routed)           0.720     7.308    y_reg[5]_i_114_n_4
    SLICE_X28Y70         CARRY4 (Prop_carry4_S[0]_O[0])
                                                      0.553     7.861 r  y_reg[5]_i_113/O[0]
                         net (fo=1, routed)           0.450     8.311    y_reg[5]_i_113_n_7
    SLICE_X30Y69         LUT2 (Prop_lut2_I1_O)        0.299     8.610 r  y[5]_i_103/O
                         net (fo=1, routed)           0.000     8.610    y[5]_i_103_n_0
    SLICE_X30Y69         CARRY4 (Prop_carry4_S[3]_O[3])
                                                      0.255     8.865 r  y_reg[5]_i_96/O[3]
                         net (fo=1, routed)           0.295     9.159    y_reg[5]_i_96_n_4
    SLICE_X31Y70         LUT2 (Prop_lut2_I1_O)        0.307     9.466 r  y[5]_i_99/O
                         net (fo=1, routed)           0.000     9.466    y[5]_i_99_n_0
    SLICE_X31Y70         CARRY4 (Prop_carry4_S[2]_O[2])
                                                      0.248     9.714 r  y_reg[5]_i_95/O[2]
                         net (fo=1, routed)           0.643    10.357    y_reg[5]_i_95_n_5
    SLICE_X33Y70         LUT2 (Prop_lut2_I1_O)        0.302    10.659 r  y[5]_i_81/O
                         net (fo=1, routed)           0.000    10.659    y[5]_i_81_n_0
    SLICE_X33Y70         CARRY4 (Prop_carry4_S[3]_CO[3])
                                                      0.401    11.060 r  y_reg[5]_i_74/CO[3]
                         net (fo=1, routed)           0.000    11.060    y_reg[5]_i_74_n_0
    SLICE_X33Y71         CARRY4 (Prop_carry4_CI_O[0])
                                                      0.222    11.282 r  y_reg[15]_i_151/O[0]
                         net (fo=1, routed)           0.614    11.897    y_reg[15]_i_151_n_7
    SLICE_X36Y70         LUT2 (Prop_lut2_I1_O)        0.299    12.196 r  y[5]_i_77/O
                         net (fo=1, routed)           0.000    12.196    y[5]_i_77_n_0
    SLICE_X36Y70         CARRY4 (Prop_carry4_S[2]_O[2])
                                                      0.250    12.446 r  y_reg[5]_i_73/O[2]
                         net (fo=1, routed)           0.455    12.900    y_reg[5]_i_73_n_5
    SLICE_X36Y67         LUT2 (Prop_lut2_I1_O)        0.301    13.201 r  y[15]_i_122/O
                         net (fo=1, routed)           0.000    13.201    y[15]_i_122_n_0
    SLICE_X36Y67         CARRY4 (Prop_carry4_S[0]_O[0])
                                                      0.252    13.453 r  y_reg[15]_i_104/O[0]
                         net (fo=1, routed)           0.539    13.992    y_reg[15]_i_104_n_7
    SLICE_X39Y65         LUT2 (Prop_lut2_I1_O)        0.295    14.287 r  y[5]_i_60/O
                         net (fo=1, routed)           0.000    14.287    y[5]_i_60_n_0
    SLICE_X39Y65         CARRY4 (Prop_carry4_S[3]_CO[3])
                                                      0.401    14.688 r  y_reg[5]_i_58/CO[3]
                         net (fo=1, routed)           0.000    14.688    y_reg[5]_i_58_n_0
    SLICE_X39Y66         CARRY4 (Prop_carry4_CI_O[0])
                                                      0.222    14.910 r  y_reg[15]_i_82/O[0]
                         net (fo=1, routed)           0.317    15.227    y_reg[15]_i_82_n_7
    SLICE_X41Y65         LUT2 (Prop_lut2_I1_O)        0.299    15.526 r  y[15]_i_90/O
                         net (fo=1, routed)           0.000    15.526    y[15]_i_90_n_0
    SLICE_X41Y65         CARRY4 (Prop_carry4_S[1]_O[1])
                                                      0.227    15.753 r  y_reg[15]_i_70/O[1]
                         net (fo=1, routed)           0.561    16.314    y_reg[15]_i_70_n_6
    SLICE_X40Y61         LUT2 (Prop_lut2_I1_O)        0.303    16.617 r  y[5]_i_47/O
                         net (fo=1, routed)           0.000    16.617    y[5]_i_47_n_0
    SLICE_X40Y61         CARRY4 (Prop_carry4_S[3]_CO[3])
                                                      0.401    17.018 r  y_reg[5]_i_45/CO[3]
                         net (fo=1, routed)           0.000    17.018    y_reg[5]_i_45_n_0
    SLICE_X40Y62         CARRY4 (Prop_carry4_CI_O[0])
                                                      0.222    17.240 r  y_reg[15]_i_48/O[0]
                         net (fo=1, routed)           0.442    17.682    y_reg[15]_i_48_n_7
    SLICE_X39Y61         LUT2 (Prop_lut2_I1_O)        0.299    17.981 r  y[15]_i_58/O
                         net (fo=1, routed)           0.000    17.981    y[15]_i_58_n_0
    SLICE_X39Y61         CARRY4 (Prop_carry4_S[2]_O[2])
                                                      0.248    18.229 r  y_reg[15]_i_43/O[2]
                         net (fo=1, routed)           0.577    18.806    y_reg[15]_i_43_n_5
    SLICE_X36Y61         LUT2 (Prop_lut2_I1_O)        0.302    19.108 r  y[15]_i_39/O
                         net (fo=1, routed)           0.000    19.108    y[15]_i_39_n_0
    SLICE_X36Y61         CARRY4 (Prop_carry4_S[1]_O[2])
                                                      0.578    19.686 r  y_reg[15]_i_23/O[2]
                         net (fo=1, routed)           0.721    20.407    y_reg[15]_i_23_n_5
    SLICE_X33Y61         LUT2 (Prop_lut2_I1_O)        0.301    20.708 r  y[15]_i_28/O
                         net (fo=1, routed)           0.000    20.708    y[15]_i_28_n_0
    SLICE_X33Y61         CARRY4 (Prop_carry4_S[3]_CO[3])
                                                      0.401    21.109 r  y_reg[15]_i_16/CO[3]
                         net (fo=1, routed)           0.000    21.109    y_reg[15]_i_16_n_0
    SLICE_X33Y62         CARRY4 (Prop_carry4_CI_O[0])
                                                      0.222    21.331 r  y_reg[15]_i_8/O[0]
                         net (fo=1, routed)           0.542    21.873    y_reg[15]_i_8_n_7
    SLICE_X30Y61         LUT2 (Prop_lut2_I1_O)        0.299    22.172 r  y[15]_i_12/O
                         net (fo=1, routed)           0.000    22.172    y[15]_i_12_n_0
    SLICE_X30Y61         CARRY4 (Prop_carry4_S[3]_CO[3])
                                                      0.376    22.548 r  y_reg[15]_i_7/CO[3]
                         net (fo=1, routed)           0.000    22.548    y_reg[15]_i_7_n_0
    SLICE_X30Y62         CARRY4 (Prop_carry4_CI_O[0])
                                                      0.219    22.767 r  y_reg[15]_i_5/O[0]
                         net (fo=1, routed)           0.709    23.476    y_reg[15]_i_5_n_7
    SLICE_X29Y60         LUT2 (Prop_lut2_I1_O)        0.295    23.771 r  y[13]_i_6/O
                         net (fo=1, routed)           0.000    23.771    y[13]_i_6_n_0
    SLICE_X29Y60         CARRY4 (Prop_carry4_S[1]_O[1])
                                                      0.227    23.998 r  y_reg[13]_i_2/O[1]
                         net (fo=1, routed)           0.595    24.594    C[11]
    SLICE_X28Y60         CARRY4 (Prop_carry4_S[1]_O[1])
                                                      0.530    25.124 r  y_reg[13]_i_1/O[1]
                         net (fo=1, routed)           0.000    25.124    acc[11]
    SLICE_X28Y60         FDRE                                         r  y_reg[11]/D
  -------------------------------------------------------------------    -------------------

                         (clock vclk rise edge)      30.546    30.546 r  <hidden>
                                                      0.000    30.546 r  clk
                         net (fo=173, unset)          0.924    31.470    clk
    SLICE_X28Y60         FDRE                                         r  y_reg[11]/C
                         clock pessimism              0.000    31.470    <hidden>
                         clock uncertainty           -0.035    31.435    <hidden>
    SLICE_X28Y60         FDRE (Setup_fdre_C_D)        0.062    31.497    y_reg[11]
  -------------------------------------------------------------------
                         required time                         31.497    <hidden>
                         arrival time                         -25.124    <hidden>
  -------------------------------------------------------------------
                         slack                                  6.373    <hidden>

Slack (MET) :             6.875ns  (required time - arrival time)
  Source:                 d19_reg[1]/C
                            (rising edge-triggered cell FDRE clocked by vclk  {rise@0.000ns fall@15.273ns period=30.546ns})
  Destination:            y_reg[10]/D
                            (rising edge-triggered cell FDRE clocked by vclk  {rise@0.000ns fall@15.273ns period=30.546ns})
  Path Group:             vclk
  Path Type:              Setup (Max at Slow Process Corner)
  Requirement:            30.546ns  (vclk rise@30.546ns - vclk rise@0.000ns)
  Data Path Delay:        23.649ns  (logic 13.032ns (55.105%)  route 10.617ns (44.895%))
  Logic Levels:           41  (CARRY4=23 LUT2=18)
  Clock Path Skew:        -0.049ns (DCD - SCD + CPR)
    Destination Clock Delay (DCD):    0.924ns = ( 31.470 - 30.546 ) 
    Source Clock Delay      (SCD):    0.973ns
    Clock Pessimism Removal (CPR):    0.000ns
  Clock Uncertainty:      0.035ns  ((TSJ^2 + TIJ^2)^1/2 + DJ) / 2 + PE
    Total System Jitter     (TSJ):    0.071ns
    Total Input Jitter      (TIJ):    0.000ns
    Discrete Jitter          (DJ):    0.000ns
    Phase Error              (PE):    0.000ns

    Location             Delay type                Incr(ns)  Path(ns)    Netlist Resource(s)
  -------------------------------------------------------------------    -------------------
                         (clock vclk rise edge)       0.000     0.000 r  <hidden>
                                                      0.000     0.000 r  clk
                         net (fo=173, unset)          0.973     0.973    clk
    SLICE_X28Y62         FDRE                                         r  d19_reg[1]/C
  -------------------------------------------------------------------    -------------------
    SLICE_X28Y62         FDRE (Prop_fdre_C_Q)         0.456     1.429 r  d19_reg[1]/Q
                         net (fo=3, routed)           0.458     1.887    d19[1]
    SLICE_X29Y62         CARRY4 (Prop_carry4_S[0]_O[0])
                                                      0.371     2.258 r  y_reg[5]_i_145/O[0]
                         net (fo=2, routed)           0.365     2.623    acc0[5]
    SLICE_X28Y62         LUT2 (Prop_lut2_I0_O)        0.299     2.922 r  y[5]_i_147/O
                         net (fo=1, routed)           0.000     2.922    y[5]_i_147_n_0
    SLICE_X28Y62         CARRY4 (Prop_carry4_S[2]_O[2])
                                                      0.248     3.170 r  y_reg[5]_i_144/O[2]
                         net (fo=1, routed)           0.590     3.760    y_reg[5]_i_144_n_5
    SLICE_X27Y63         LUT2 (Prop_lut2_I1_O)        0.302     4.062 r  y[5]_i_134/O
                         net (fo=1, routed)           0.000     4.062    y[5]_i_134_n_0
    SLICE_X27Y63         CARRY4 (Prop_carry4_S[3]_O[3])
                                                      0.248     4.310 r  y_reg[5]_i_127/O[3]
                         net (fo=1, routed)           0.724     5.035    y_reg[5]_i_127_n_4
    SLICE_X28Y66         LUT2 (Prop_lut2_I1_O)        0.306     5.341 r  y[5]_i_130/O
                         net (fo=1, routed)           0.000     5.341    y[5]_i_130_n_0
    SLICE_X28Y66         CARRY4 (Prop_carry4_S[2]_O[2])
                                                      0.248     5.589 r  y_reg[5]_i_126/O[2]
                         net (fo=1, routed)           0.449     6.038    y_reg[5]_i_126_n_5
    SLICE_X27Y67         LUT2 (Prop_lut2_I1_O)        0.302     6.340 r  y[5]_i_119/O
                         net (fo=1, routed)           0.000     6.340    y[5]_i_119_n_0
    SLICE_X27Y67         CARRY4 (Prop_carry4_S[3]_O[3])
                                                      0.248     6.588 r  y_reg[5]_i_114/O[3]
                         net (fo=1, routed)           0.720     7.308    y_reg[5]_i_114_n_4
    SLICE_X28Y70         CARRY4 (Prop_carry4_S[0]_O[0])
                                                      0.553     7.861 r  y_reg[5]_i_113/O[0]
                         net (fo=1, routed)           0.450     8.311    y_reg[5]_i_113_n_7
    SLICE_X30Y69         LUT2 (Prop_lut2_I1_O)        0.299     8.610 r  y[5]_i_103/O
                         net (fo=1, routed)           0.000     8.610    y[5]_i_103_n_0
    SLICE_X30Y69         CARRY4 (Prop_carry4_S[3]_O[3])
                                                      0.255     8.865 r  y_reg[5]_i_96/O[3]
                         net (fo=1, routed)           0.295     9.159    y_reg[5]_i_96_n_4
    SLICE_X31Y70         LUT2 (Prop_lut2_I1_O)        0.307     9.466 r  y[5]_i_99/O
                         net (fo=1, routed)           0.000     9.466    y[5]_i_99_n_0
    SLICE_X31Y70         CARRY4 (Prop_carry4_S[2]_O[2])
                                                      0.248     9.714 r  y_reg[5]_i_95/O[2]
                         net (fo=1, routed)           0.643    10.357    y_reg[5]_i_95_n_5
    SLICE_X33Y70         LUT2 (Prop_lut2_I1_O)        0.302    10.659 r  y[5]_i_81/O
                         net (fo=1, routed)           0.000    10.659    y[5]_i_81_n_0
    SLICE_X33Y70         CARRY4 (Prop_carry4_S[3]_O[3])
                                                      0.248    10.907 r  y_reg[5]_i_74/O[3]
                         net (fo=1, routed)           0.472    11.380    y_reg[5]_i_74_n_4
    SLICE_X36Y70         LUT2 (Prop_lut2_I1_O)        0.306    11.686 r  y[5]_i_78/O
                         net (fo=1, routed)           0.000    11.686    y[5]_i_78_n_0
    SLICE_X36Y70         CARRY4 (Prop_carry4_S[1]_O[1])
                                                      0.230    11.916 r  y_reg[5]_i_73/O[1]
                         net (fo=1, routed)           0.573    12.488    y_reg[5]_i_73_n_6
    SLICE_X36Y66         LUT2 (Prop_lut2_I1_O)        0.306    12.794 r  y[5]_i_65/O
                         net (fo=1, routed)           0.000    12.794    y[5]_i_65_n_0
    SLICE_X36Y66         CARRY4 (Prop_carry4_S[3]_O[3])
                                                      0.255    13.049 r  y_reg[5]_i_59/O[3]
                         net (fo=1, routed)           0.549    13.598    y_reg[5]_i_59_n_4
    SLICE_X39Y65         LUT2 (Prop_lut2_I1_O)        0.307    13.905 r  y[5]_i_61/O
                         net (fo=1, routed)           0.000    13.905    y[5]_i_61_n_0
    SLICE_X39Y65         CARRY4 (Prop_carry4_S[2]_O[2])
                                                      0.248    14.153 r  y_reg[5]_i_58/O[2]
                         net (fo=1, routed)           0.410    14.563    y_reg[5]_i_58_n_5
    SLICE_X41Y64         LUT2 (Prop_lut2_I1_O)        0.302    14.865 r  y[5]_i_51/O
                         net (fo=1, routed)           0.000    14.865    y[5]_i_51_n_0
    SLICE_X41Y64         CARRY4 (Prop_carry4_S[3]_CO[3])
                                                      0.401    15.266 r  y_reg[5]_i_46/CO[3]
                         net (fo=1, routed)           0.000    15.266    y_reg[5]_i_46_n_0
    SLICE_X41Y65         CARRY4 (Prop_carry4_CI_O[0])
                                                      0.222    15.488 r  y_reg[15]_i_70/O[0]
                         net (fo=1, routed)           0.635    16.123    y_reg[15]_i_70_n_7
    SLICE_X40Y61         LUT2 (Prop_lut2_I1_O)        0.299    16.422 r  y[5]_i_48/O
                         net (fo=1, routed)           0.000    16.422    y[5]_i_48_n_0
    SLICE_X40Y61         CARRY4 (Prop_carry4_S[2]_O[2])
                                                      0.248    16.670 r  y_reg[5]_i_45/O[2]
                         net (fo=1, routed)           0.586    17.256    y_reg[5]_i_45_n_5
    SLICE_X39Y61         LUT2 (Prop_lut2_I1_O)        0.302    17.558 r  y[15]_i_60/O
                         net (fo=1, routed)           0.000    17.558    y[15]_i_60_n_0
    SLICE_X39Y61         CARRY4 (Prop_carry4_S[0]_O[0])
                                                      0.247    17.805 r  y_reg[15]_i_43/O[0]
                         net (fo=1, routed)           0.449    18.254    y_reg[15]_i_43_n_7
    SLICE_X36Y60         LUT2 (Prop_lut2_I1_O)        0.299    18.553 r  y[5]_i_30/O
                         net (fo=1, routed)           0.000    18.553    y[5]_i_30_n_0
    SLICE_X36Y60         CARRY4 (Prop_carry4_S[3]_CO[3])
                                                      0.376    18.929 r  y_reg[5]_i_27/CO[3]
                         net (fo=1, routed)           0.000    18.929    y_reg[5]_i_27_n_0
    SLICE_X36Y61         CARRY4 (Prop_carry4_CI_O[0])
                                                      0.219    19.148 r  y_reg[15]_i_23/O[0]
                         net (fo=1, routed)           0.751    19.899    y_reg[15]_i_23_n_7
    SLICE_X33Y61         LUT2 (Prop_lut2_I1_O)        0.295    20.194 r  y[15]_i_30/O
                         net (fo=1, routed)           0.000    20.194    y[15]_i_30_n_0
    SLICE_X33Y61         CARRY4 (Prop_carry4_S[1]_O[2])
                                                      0.580    20.774 r  y_reg[15]_i_16/O[2]
                         net (fo=1, routed)           0.528    21.302    y_reg[15]_i_16_n_5
    SLICE_X30Y61         LUT2 (Prop_lut2_I1_O)        0.302    21.604 r  y[15]_i_14/O
                         net (fo=1, routed)           0.000    21.604    y[15]_i_14_n_0
    SLICE_X30Y61         CARRY4 (Prop_carry4_S[1]_O[2])
                                                      0.578    22.182 r  y_reg[15]_i_7/O[2]
                         net (fo=1, routed)           0.540    22.723    y_reg[15]_i_7_n_5
    SLICE_X29Y59         LUT2 (Prop_lut2_I1_O)        0.301    23.024 r  y[13]_i_9/O
                         net (fo=1, routed)           0.000    23.024    y[13]_i_9_n_0
    SLICE_X29Y59         CARRY4 (Prop_carry4_S[3]_CO[3])
                                                      0.401    23.425 r  y_reg[13]_i_4/CO[3]
                         net (fo=1, routed)           0.000    23.425    y_reg[13]_i_4_n_0
    SLICE_X29Y60         CARRY4 (Prop_carry4_CI_O[0])
                                                      0.222    23.647 r  y_reg[13]_i_2/O[0]
                         net (fo=1, routed)           0.430    24.076    C[10]
    SLICE_X28Y60         LUT2 (Prop_lut2_I1_O)        0.299    24.375 r  y[13]_i_3/O
                         net (fo=1, routed)           0.000    24.375    y[13]_i_3_n_0
    SLICE_X28Y60         CARRY4 (Prop_carry4_S[0]_O[0])
                                                      0.247    24.622 r  y_reg[13]_i_1/O[0]
                         net (fo=1, routed)           0.000    24.622    acc[10]
    SLICE_X28Y60         FDRE                                         r  y_reg[10]/D
  -------------------------------------------------------------------    -------------------

                         (clock vclk rise edge)      30.546    30.546 r  <hidden>
                                                      0.000    30.546 r  clk
                         net (fo=173, unset)          0.924    31.470    clk
    SLICE_X28Y60         FDRE                                         r  y_reg[10]/C
                         clock pessimism              0.000    31.470    <hidden>
                         clock uncertainty           -0.035    31.435    <hidden>
    SLICE_X28Y60         FDRE (Setup_fdre_C_D)        0.062    31.497    y_reg[10]
  -------------------------------------------------------------------
                         required time                         31.497    <hidden>
                         arrival time                         -24.622    <hidden>
  -------------------------------------------------------------------
                         slack                                  6.875    <hidden>

Slack (MET) :             7.247ns  (required time - arrival time)
  Source:                 d19_reg[1]/C
                            (rising edge-triggered cell FDRE clocked by vclk  {rise@0.000ns fall@15.273ns period=30.546ns})
  Destination:            y_reg[9]/D
                            (rising edge-triggered cell FDRE clocked by vclk  {rise@0.000ns fall@15.273ns period=30.546ns})
  Path Group:             vclk
  Path Type:              Setup (Max at Slow Process Corner)
  Requirement:            30.546ns  (vclk rise@30.546ns - vclk rise@0.000ns)
  Data Path Delay:        23.277ns  (logic 12.444ns (53.460%)  route 10.833ns (46.540%))
  Logic Levels:           40  (CARRY4=22 LUT2=18)
  Clock Path Skew:        -0.049ns (DCD - SCD + CPR)
    Destination Clock Delay (DCD):    0.924ns = ( 31.470 - 30.546 ) 
    Source Clock Delay      (SCD):    0.973ns
    Clock Pessimism Removal (CPR):    0.000ns
  Clock Uncertainty:      0.035ns  ((TSJ^2 + TIJ^2)^1/2 + DJ) / 2 + PE
    Total System Jitter     (TSJ):    0.071ns
    Total Input Jitter      (TIJ):    0.000ns
    Discrete Jitter          (DJ):    0.000ns
    Phase Error              (PE):    0.000ns

    Location             Delay type                Incr(ns)  Path(ns)    Netlist Resource(s)
  -------------------------------------------------------------------    -------------------
                         (clock vclk rise edge)       0.000     0.000 r  <hidden>
                                                      0.000     0.000 r  clk
                         net (fo=173, unset)          0.973     0.973    clk
    SLICE_X28Y62         FDRE                                         r  d19_reg[1]/C
  -------------------------------------------------------------------    -------------------
    SLICE_X28Y62         FDRE (Prop_fdre_C_Q)         0.456     1.429 r  d19_reg[1]/Q
                         net (fo=3, routed)           0.458     1.887    d19[1]
    SLICE_X29Y62         CARRY4 (Prop_carry4_S[0]_O[0])
                                                      0.371     2.258 r  y_reg[5]_i_145/O[0]
                         net (fo=2, routed)           0.365     2.623    acc0[5]
    SLICE_X28Y62         LUT2 (Prop_lut2_I0_O)        0.299     2.922 r  y[5]_i_147/O
                         net (fo=1, routed)           0.000     2.922    y[5]_i_147_n_0
    SLICE_X28Y62         CARRY4 (Prop_carry4_S[2]_O[2])
                                                      0.248     3.170 r  y_reg[5]_i_144/O[2]
                         net (fo=1, routed)           0.590     3.760    y_reg[5]_i_144_n_5
    SLICE_X27Y63         LUT2 (Prop_lut2_I1_O)        0.302     4.062 r  y[5]_i_134/O
                         net (fo=1, routed)           0.000     4.062    y[5]_i_134_n_0
    SLICE_X27Y63         CARRY4 (Prop_carry4_S[3]_O[3])
                                                      0.248     4.310 r  y_reg[5]_i_127/O[3]
                         net (fo=1, routed)           0.724     5.035    y_reg[5]_i_127_n_4
    SLICE_X28Y66         LUT2 (Prop_lut2_I1_O)        0.306     5.341 r  y[5]_i_130/O
                         net (fo=1, routed)           0.000     5.341    y[5]_i_130_n_0
    SLICE_X28Y66         CARRY4 (Prop_carry4_S[2]_O[2])
                                                      0.248     5.589 r  y_reg[5]_i_126/O[2]
                         net (fo=1, routed)           0.449     6.038    y_reg[5]_i_126_n_5
    SLICE_X27Y67         LUT2 (Prop_lut2_I1_O)        0.302     6.340 r  y[5]_i_119/O
                         net (fo=1, routed)           0.000     6.340    y[5]_i_119_n_0
    SLICE_X27Y67         CARRY4 (Prop_carry4_S[3]_O[3])
                                                      0.248     6.588 r  y_reg[5]_i_114/O[3]
                         net (fo=1, routed)           0.720     7.308    y_reg[5]_i_114_n_4
    SLICE_X28Y70         CARRY4 (Prop_carry4_S[0]_O[0])
                                                      0.553     7.861 r  y_reg[5]_i_113/O[0]
                         net (fo=1, routed)           0.450     8.311    y_reg[5]_i_113_n_7
    SLICE_X30Y69         LUT2 (Prop_lut2_I1_O)        0.299     8.610 r  y[5]_i_103/O
                         net (fo=1, routed)           0.000     8.610    y[5]_i_103_n_0
    SLICE_X30Y69         CARRY4 (Prop_carry4_S[3]_O[3])
                                                      0.255     8.865 r  y_reg[5]_i_96/O[3]
                         net (fo=1, routed)           0.295     9.159    y_reg[5]_i_96_n_4
    SLICE_X31Y70         LUT2 (Prop_lut2_I1_O)        0.307     9.466 r  y[5]_i_99/O
                         net (fo=1, routed)           0.000     9.466    y[5]_i_99_n_0
    SLICE_X31Y70         CARRY4 (Prop_carry4_S[2]_O[2])
                                                      0.248     9.714 r  y_reg[5]_i_95/O[2]
                         net (fo=1, routed)           0.643    10.357    y_reg[5]_i_95_n_5
    SLICE_X33Y70         LUT2 (Prop_lut2_I1_O)        0.302    10.659 r  y[5]_i_81/O
                         net (fo=1, routed)           0.000    10.659    y[5]_i_81_n_0
    SLICE_X33Y70         CARRY4 (Prop_carry4_S[3]_O[3])
                                                      0.248    10.907 r  y_reg[5]_i_74/O[3]
                         net (fo=1, routed)           0.472    11.380    y_reg[5]_i_74_n_4
    SLICE_X36Y70         LUT2 (Prop_lut2_I1_O)        0.306    11.686 r  y[5]_i_78/O
                         net (fo=1, routed)           0.000    11.686    y[5]_i_78_n_0
    SLICE_X36Y70         CARRY4 (Prop_carry4_S[1]_O[1])
                                                      0.230    11.916 r  y_reg[5]_i_73/O[1]
                         net (fo=1, routed)           0.573    12.488    y_reg[5]_i_73_n_6
    SLICE_X36Y66         LUT2 (Prop_lut2_I1_O)        0.306    12.794 r  y[5]_i_65/O
                         net (fo=1, routed)           0.000    12.794    y[5]_i_65_n_0
    SLICE_X36Y66         CARRY4 (Prop_carry4_S[3]_O[3])
                                                      0.255    13.049 r  y_reg[5]_i_59/O[3]
                         net (fo=1, routed)           0.549    13.598    y_reg[5]_i_59_n_4
    SLICE_X39Y65         LUT2 (Prop_lut2_I1_O)        0.307    13.905 r  y[5]_i_61/O
                         net (fo=1, routed)           0.000    13.905    y[5]_i_61_n_0
    SLICE_X39Y65         CARRY4 (Prop_carry4_S[2]_O[2])
                                                      0.248    14.153 r  y_reg[5]_i_58/O[2]
                         net (fo=1, routed)           0.410    14.563    y_reg[5]_i_58_n_5
    SLICE_X41Y64         LUT2 (Prop_lut2_I1_O)        0.302    14.865 r  y[5]_i_51/O
                         net (fo=1, routed)           0.000    14.865    y[5]_i_51_n_0
    SLICE_X41Y64         CARRY4 (Prop_carry4_S[3]_CO[3])
                                                      0.401    15.266 r  y_reg[5]_i_46/CO[3]
                         net (fo=1, routed)           0.000    15.266    y_reg[5]_i_46_n_0
    SLICE_X41Y65         CARRY4 (Prop_carry4_CI_O[0])
                                                      0.222    15.488 r  y_reg[15]_i_70/O[0]
                         net (fo=1, routed)           0.635    16.123    y_reg[15]_i_70_n_7
    SLICE_X40Y61         LUT2 (Prop_lut2_I1_O)        0.299    16.422 r  y[5]_i_48/O
                         net (fo=1, routed)           0.000    16.422    y[5]_i_48_n_0
    SLICE_X40Y61         CARRY4 (Prop_carry4_S[2]_O[2])
                                                      0.248    16.670 r  y_reg[5]_i_45/O[2]
                         net (fo=1, routed)           0.586    17.256    y_reg[5]_i_45_n_5
    SLICE_X39Y61         LUT2 (Prop_lut2_I1_O)        0.302    17.558 r  y[15]_i_60/O
                         net (fo=1, routed)           0.000    17.558    y[15]_i_60_n_0
    SLICE_X39Y61         CARRY4 (Prop_carry4_S[0]_O[0])
                                                      0.247    17.805 r  y_reg[15]_i_43/O[0]
                         net (fo=1, routed)           0.449    18.254    y_reg[15]_i_43_n_7
    SLICE_X36Y60         LUT2 (Prop_lut2_I1_O)        0.299    18.553 r  y[5]_i_30/O
                         net (fo=1, routed)           0.000    18.553    y[5]_i_30_n_0
    SLICE_X36Y60         CARRY4 (Prop_carry4_S[3]_O[3])
                                                      0.255    18.808 r  y_reg[5]_i_27/O[3]
                         net (fo=1, routed)           0.590    19.398    y_reg[5]_i_27_n_4
    SLICE_X33Y61         LUT2 (Prop_lut2_I1_O)        0.307    19.705 r  y[15]_i_31/O
                         net (fo=1, routed)           0.000    19.705    y[15]_i_31_n_0
    SLICE_X33Y61         CARRY4 (Prop_carry4_S[0]_O[0])
                                                      0.247    19.952 r  y_reg[15]_i_16/O[0]
                         net (fo=1, routed)           0.675    20.627    y_reg[15]_i_16_n_7
    SLICE_X30Y60         LUT2 (Prop_lut2_I1_O)        0.299    20.926 r  y[5]_i_16/O
                         net (fo=1, routed)           0.000    20.926    y[5]_i_16_n_0
    SLICE_X30Y60         CARRY4 (Prop_carry4_S[3]_CO[3])
                                                      0.376    21.302 r  y_reg[5]_i_14/CO[3]
                         net (fo=1, routed)           0.000    21.302    y_reg[5]_i_14_n_0
    SLICE_X30Y61         CARRY4 (Prop_carry4_CI_O[0])
                                                      0.219    21.521 r  y_reg[15]_i_7/O[0]
                         net (fo=1, routed)           0.709    22.229    y_reg[15]_i_7_n_7
    SLICE_X29Y59         LUT2 (Prop_lut2_I1_O)        0.295    22.524 r  y[13]_i_11/O
                         net (fo=1, routed)           0.000    22.524    y[13]_i_11_n_0
    SLICE_X29Y59         CARRY4 (Prop_carry4_S[1]_O[2])
                                                      0.580    23.104 r  y_reg[13]_i_4/O[2]
                         net (fo=1, routed)           0.492    23.596    C[8]
    SLICE_X28Y59         LUT2 (Prop_lut2_I1_O)        0.302    23.898 r  y[9]_i_3/O
                         net (fo=1, routed)           0.000    23.898    y[9]_i_3_n_0
    SLICE_X28Y59         CARRY4 (Prop_carry4_S[2]_O[3])
                                                      0.352    24.250 r  y_reg[9]_i_1/O[3]
                         net (fo=1, routed)           0.000    24.250    acc[9]
    SLICE_X28Y59         FDRE                                         r  y_reg[9]/D
  -------------------------------------------------------------------    -------------------

                         (clock vclk rise edge)      30.546    30.546 r  <hidden>
                                                      0.000    30.546 r  clk
                         net (fo=173, unset)          0.924    31.470    clk
    SLICE_X28Y59         FDRE                                         r  y_reg[9]/C
                         clock pessimism              0.000    31.470    <hidden>
                         clock uncertainty           -0.035    31.435    <hidden>
    SLICE_X28Y59         FDRE (Setup_fdre_C_D)        0.062    31.497    y_reg[9]
  -------------------------------------------------------------------
                         required time                         31.497    <hidden>
                         arrival time                         -24.250    <hidden>
  -------------------------------------------------------------------
                         slack                                  7.247    <hidden>

Slack (MET) :             7.351ns  (required time - arrival time)
  Source:                 d19_reg[1]/C
                            (rising edge-triggered cell FDRE clocked by vclk  {rise@0.000ns fall@15.273ns period=30.546ns})
  Destination:            y_reg[8]/D
                            (rising edge-triggered cell FDRE clocked by vclk  {rise@0.000ns fall@15.273ns period=30.546ns})
  Path Group:             vclk
  Path Type:              Setup (Max at Slow Process Corner)
  Requirement:            30.546ns  (vclk rise@30.546ns - vclk rise@0.000ns)
  Data Path Delay:        23.173ns  (logic 12.340ns (53.251%)  route 10.833ns (46.749%))
  Logic Levels:           40  (CARRY4=22 LUT2=18)
  Clock Path Skew:        -0.049ns (DCD - SCD + CPR)
    Destination Clock Delay (DCD):    0.924ns = ( 31.470 - 30.546 ) 
    Source Clock Delay      (SCD):    0.973ns
    Clock Pessimism Removal (CPR):    0.000ns
  Clock Uncertainty:      0.035ns  ((TSJ^2 + TIJ^2)^1/2 + DJ) / 2 + PE
    Total System Jitter     (TSJ):    0.071ns
    Total Input Jitter      (TIJ):    0.000ns
    Discrete Jitter          (DJ):    0.000ns
    Phase Error              (PE):    0.000ns

    Location             Delay type                Incr(ns)  Path(ns)    Netlist Resource(s)
  -------------------------------------------------------------------    -------------------
                         (clock vclk rise edge)       0.000     0.000 r  <hidden>
                                                      0.000     0.000 r  clk
                         net (fo=173, unset)          0.973     0.973    clk
    SLICE_X28Y62         FDRE                                         r  d19_reg[1]/C
  -------------------------------------------------------------------    -------------------
    SLICE_X28Y62         FDRE (Prop_fdre_C_Q)         0.456     1.429 r  d19_reg[1]/Q
                         net (fo=3, routed)           0.458     1.887    d19[1]
    SLICE_X29Y62         CARRY4 (Prop_carry4_S[0]_O[0])
                                                      0.371     2.258 r  y_reg[5]_i_145/O[0]
                         net (fo=2, routed)           0.365     2.623    acc0[5]
    SLICE_X28Y62         LUT2 (Prop_lut2_I0_O)        0.299     2.922 r  y[5]_i_147/O
                         net (fo=1, routed)           0.000     2.922    y[5]_i_147_n_0
    SLICE_X28Y62         CARRY4 (Prop_carry4_S[2]_O[2])
                                                      0.248     3.170 r  y_reg[5]_i_144/O[2]
                         net (fo=1, routed)           0.590     3.760    y_reg[5]_i_144_n_5
    SLICE_X27Y63         LUT2 (Prop_lut2_I1_O)        0.302     4.062 r  y[5]_i_134/O
                         net (fo=1, routed)           0.000     4.062    y[5]_i_134_n_0
    SLICE_X27Y63         CARRY4 (Prop_carry4_S[3]_O[3])
                                                      0.248     4.310 r  y_reg[5]_i_127/O[3]
                         net (fo=1, routed)           0.724     5.035    y_reg[5]_i_127_n_4
    SLICE_X28Y66         LUT2 (Prop_lut2_I1_O)        0.306     5.341 r  y[5]_i_130/O
                         net (fo=1, routed)           0.000     5.341    y[5]_i_130_n_0
    SLICE_X28Y66         CARRY4 (Prop_carry4_S[2]_O[2])
                                                      0.248     5.589 r  y_reg[5]_i_126/O[2]
                         net (fo=1, routed)           0.449     6.038    y_reg[5]_i_126_n_5
    SLICE_X27Y67         LUT2 (Prop_lut2_I1_O)        0.302     6.340 r  y[5]_i_119/O
                         net (fo=1, routed)           0.000     6.340    y[5]_i_119_n_0
    SLICE_X27Y67         CARRY4 (Prop_carry4_S[3]_O[3])
                                                      0.248     6.588 r  y_reg[5]_i_114/O[3]
                         net (fo=1, routed)           0.720     7.308    y_reg[5]_i_114_n_4
    SLICE_X28Y70         CARRY4 (Prop_carry4_S[0]_O[0])
                                                      0.553     7.861 r  y_reg[5]_i_113/O[0]
                         net (fo=1, routed)           0.450     8.311    y_reg[5]_i_113_n_7
    SLICE_X30Y69         LUT2 (Prop_lut2_I1_O)        0.299     8.610 r  y[5]_i_103/O
                         net (fo=1, routed)           0.000     8.610    y[5]_i_103_n_0
    SLICE_X30Y69         CARRY4 (Prop_carry4_S[3]_O[3])
                                                      0.255     8.865 r  y_reg[5]_i_96/O[3]
                         net (fo=1, routed)           0.295     9.159    y_reg[5]_i_96_n_4
    SLICE_X31Y70         LUT2 (Prop_lut2_I1_O)        0.307     9.466 r  y[5]_i_99/O
                         net (fo=1, routed)           0.000     9.466    y[5]_i_99_n_0
    SLICE_X31Y70         CARRY4 (Prop_carry4_S[2]_O[2])
                                                      0.248     9.714 r  y_reg[5]_i_95/O[2]
                         net (fo=1, routed)           0.643    10.357    y_reg[5]_i_95_n_5
    SLICE_X33Y70         LUT2 (Prop_lut2_I1_O)        0.302    10.659 r  y[5]_i_81/O
                         net (fo=1, routed)           0.000    10.659    y[5]_i_81_n_0
    SLICE_X33Y70         CARRY4 (Prop_carry4_S[3]_O[3])
                                                      0.248    10.907 r  y_reg[5]_i_74/O[3]
                         net (fo=1, routed)           0.472    11.380    y_reg[5]_i_74_n_4
    SLICE_X36Y70         LUT2 (Prop_lut2_I1_O)        0.306    11.686 r  y[5]_i_78/O
                         net (fo=1, routed)           0.000    11.686    y[5]_i_78_n_0
    SLICE_X36Y70         CARRY4 (Prop_carry4_S[1]_O[1])
                                                      0.230    11.916 r  y_reg[5]_i_73/O[1]
                         net (fo=1, routed)           0.573    12.488    y_reg[5]_i_73_n_6
    SLICE_X36Y66         LUT2 (Prop_lut2_I1_O)        0.306    12.794 r  y[5]_i_65/O
                         net (fo=1, routed)           0.000    12.794    y[5]_i_65_n_0
    SLICE_X36Y66         CARRY4 (Prop_carry4_S[3]_O[3])
                                                      0.255    13.049 r  y_reg[5]_i_59/O[3]
                         net (fo=1, routed)           0.549    13.598    y_reg[5]_i_59_n_4
    SLICE_X39Y65         LUT2 (Prop_lut2_I1_O)        0.307    13.905 r  y[5]_i_61/O
                         net (fo=1, routed)           0.000    13.905    y[5]_i_61_n_0
    SLICE_X39Y65         CARRY4 (Prop_carry4_S[2]_O[2])
                                                      0.248    14.153 r  y_reg[5]_i_58/O[2]
                         net (fo=1, routed)           0.410    14.563    y_reg[5]_i_58_n_5
    SLICE_X41Y64         LUT2 (Prop_lut2_I1_O)        0.302    14.865 r  y[5]_i_51/O
                         net (fo=1, routed)           0.000    14.865    y[5]_i_51_n_0
    SLICE_X41Y64         CARRY4 (Prop_carry4_S[3]_CO[3])
                                                      0.401    15.266 r  y_reg[5]_i_46/CO[3]
                         net (fo=1, routed)           0.000    15.266    y_reg[5]_i_46_n_0
    SLICE_X41Y65         CARRY4 (Prop_carry4_CI_O[0])
                                                      0.222    15.488 r  y_reg[15]_i_70/O[0]
                         net (fo=1, routed)           0.635    16.123    y_reg[15]_i_70_n_7
    SLICE_X40Y61         LUT2 (Prop_lut2_I1_O)        0.299    16.422 r  y[5]_i_48/O
                         net (fo=1, routed)           0.000    16.422    y[5]_i_48_n_0
    SLICE_X40Y61         CARRY4 (Prop_carry4_S[2]_O[2])
                                                      0.248    16.670 r  y_reg[5]_i_45/O[2]
                         net (fo=1, routed)           0.586    17.256    y_reg[5]_i_45_n_5
    SLICE_X39Y61         LUT2 (Prop_lut2_I1_O)        0.302    17.558 r  y[15]_i_60/O
                         net (fo=1, routed)           0.000    17.558    y[15]_i_60_n_0
    SLICE_X39Y61         CARRY4 (Prop_carry4_S[0]_O[0])
                                                      0.247    17.805 r  y_reg[15]_i_43/O[0]
                         net (fo=1, routed)           0.449    18.254    y_reg[15]_i_43_n_7
    SLICE_X36Y60         LUT2 (Prop_lut2_I1_O)        0.299    18.553 r  y[5]_i_30/O
                         net (fo=1, routed)           0.000    18.553    y[5]_i_30_n_0
    SLICE_X36Y60         CARRY4 (Prop_carry4_S[3]_O[3])
                                                      0.255    18.808 r  y_reg[5]_i_27/O[3]
                         net (fo=1, routed)           0.590    19.398    y_reg[5]_i_27_n_4
    SLICE_X33Y61         LUT2 (Prop_lut2_I1_O)        0.307    19.705 r  y[15]_i_31/O
                         net (fo=1, routed)           0.000    19.705    y[15]_i_31_n_0
    SLICE_X33Y61         CARRY4 (Prop_carry4_S[0]_O[0])
                                                      0.247    19.952 r  y_reg[15]_i_16/O[0]
                         net (fo=1, routed)           0.675    20.627    y_reg[15]_i_16_n_7
    SLICE_X30Y60         LUT2 (Prop_lut2_I1_O)        0.299    20.926 r  y[5]_i_16/O
                         net (fo=1, routed)           0.000    20.926    y[5]_i_16_n_0
    SLICE_X30Y60         CARRY4 (Prop_carry4_S[3]_CO[3])
                                                      0.376    21.302 r  y_reg[5]_i_14/CO[3]
                         net (fo=1, routed)           0.000    21.302    y_reg[5]_i_14_n_0
    SLICE_X30Y61         CARRY4 (Prop_carry4_CI_O[0])
                                                      0.219    21.521 r  y_reg[15]_i_7/O[0]
                         net (fo=1, routed)           0.709    22.229    y_reg[15]_i_7_n_7
    SLICE_X29Y59         LUT2 (Prop_lut2_I1_O)        0.295    22.524 r  y[13]_i_11/O
                         net (fo=1, routed)           0.000    22.524    y[13]_i_11_n_0
    SLICE_X29Y59         CARRY4 (Prop_carry4_S[1]_O[2])
                                                      0.580    23.104 r  y_reg[13]_i_4/O[2]
                         net (fo=1, routed)           0.492    23.596    C[8]
    SLICE_X28Y59         LUT2 (Prop_lut2_I1_O)        0.302    23.898 r  y[9]_i_3/O
                         net (fo=1, routed)           0.000    23.898    y[9]_i_3_n_0
    SLICE_X28Y59         CARRY4 (Prop_carry4_S[2]_O[2])
                                                      0.248    24.146 r  y_reg[9]_i_1/O[2]
                         net (fo=1, routed)           0.000    24.146    acc[8]
    SLICE_X28Y59         FDRE                                         r  y_reg[8]/D
  -------------------------------------------------------------------    -------------------

                         (clock vclk rise edge)      30.546    30.546 r  <hidden>
                                                      0.000    30.546 r  clk
                         net (fo=173, unset)          0.924    31.470    clk
    SLICE_X28Y59         FDRE                                         r  y_reg[8]/C
                         clock pessimism              0.000    31.470    <hidden>
                         clock uncertainty           -0.035    31.435    <hidden>
    SLICE_X28Y59         FDRE (Setup_fdre_C_D)        0.062    31.497    y_reg[8]
  -------------------------------------------------------------------
                         required time                         31.497    <hidden>
                         arrival time                         -24.146    <hidden>
  -------------------------------------------------------------------
                         slack                                  7.351    <hidden>

Slack (MET) :             7.865ns  (required time - arrival time)
  Source:                 d19_reg[1]/C
                            (rising edge-triggered cell FDRE clocked by vclk  {rise@0.000ns fall@15.273ns period=30.546ns})
  Destination:            y_reg[7]/D
                            (rising edge-triggered cell FDRE clocked by vclk  {rise@0.000ns fall@15.273ns period=30.546ns})
  Path Group:             vclk
  Path Type:              Setup (Max at Slow Process Corner)
  Requirement:            30.546ns  (vclk rise@30.546ns - vclk rise@0.000ns)
  Data Path Delay:        22.659ns  (logic 11.967ns (52.812%)  route 10.692ns (47.188%))
  Logic Levels:           40  (CARRY4=22 LUT2=18)
  Clock Path Skew:        -0.049ns (DCD - SCD + CPR)
    Destination Clock Delay (DCD):    0.924ns = ( 31.470 - 30.546 ) 
    Source Clock Delay      (SCD):    0.973ns
    Clock Pessimism Removal (CPR):    0.000ns
  Clock Uncertainty:      0.035ns  ((TSJ^2 + TIJ^2)^1/2 + DJ) / 2 + PE
    Total System Jitter     (TSJ):    0.071ns
    Total Input Jitter      (TIJ):    0.000ns
    Discrete Jitter          (DJ):    0.000ns
    Phase Error              (PE):    0.000ns

    Location             Delay type                Incr(ns)  Path(ns)    Netlist Resource(s)
  -------------------------------------------------------------------    -------------------
                         (clock vclk rise edge)       0.000     0.000 r  <hidden>
                                                      0.000     0.000 r  clk
                         net (fo=173, unset)          0.973     0.973    clk
    SLICE_X28Y62         FDRE                                         r  d19_reg[1]/C
  -------------------------------------------------------------------    -------------------
    SLICE_X28Y62         FDRE (Prop_fdre_C_Q)         0.456     1.429 r  d19_reg[1]/Q
                         net (fo=3, routed)           0.458     1.887    d19[1]
    SLICE_X29Y62         CARRY4 (Prop_carry4_S[0]_O[0])
                                                      0.371     2.258 r  y_reg[5]_i_145/O[0]
                         net (fo=2, routed)           0.365     2.623    acc0[5]
    SLICE_X28Y62         LUT2 (Prop_lut2_I0_O)        0.299     2.922 r  y[5]_i_147/O
                         net (fo=1, routed)           0.000     2.922    y[5]_i_147_n_0
    SLICE_X28Y62         CARRY4 (Prop_carry4_S[2]_O[2])
                                                      0.248     3.170 r  y_reg[5]_i_144/O[2]
                         net (fo=1, routed)           0.590     3.760    y_reg[5]_i_144_n_5
    SLICE_X27Y63         LUT2 (Prop_lut2_I1_O)        0.302     4.062 r  y[5]_i_134/O
                         net (fo=1, routed)           0.000     4.062    y[5]_i_134_n_0
    SLICE_X27Y63         CARRY4 (Prop_carry4_S[3]_O[3])
                                                      0.248     4.310 r  y_reg[5]_i_127/O[3]
                         net (fo=1, routed)           0.724     5.035    y_reg[5]_i_127_n_4
    SLICE_X28Y66         LUT2 (Prop_lut2_I1_O)        0.306     5.341 r  y[5]_i_130/O
                         net (fo=1, routed)           0.000     5.341    y[5]_i_130_n_0
    SLICE_X28Y66         CARRY4 (Prop_carry4_S[2]_O[2])
                                                      0.248     5.589 r  y_reg[5]_i_126/O[2]
                         net (fo=1, routed)           0.449     6.038    y_reg[5]_i_126_n_5
    SLICE_X27Y67         LUT2 (Prop_lut2_I1_O)        0.302     6.340 r  y[5]_i_119/O
                         net (fo=1, routed)           0.000     6.340    y[5]_i_119_n_0
    SLICE_X27Y67         CARRY4 (Prop_carry4_S[3]_O[3])
                                                      0.248     6.588 r  y_reg[5]_i_114/O[3]
                         net (fo=1, routed)           0.720     7.308    y_reg[5]_i_114_n_4
    SLICE_X28Y70         CARRY4 (Prop_carry4_S[0]_O[0])
                                                      0.553     7.861 r  y_reg[5]_i_113/O[0]
                         net (fo=1, routed)           0.450     8.311    y_reg[5]_i_113_n_7
    SLICE_X30Y69         LUT2 (Prop_lut2_I1_O)        0.299     8.610 r  y[5]_i_103/O
                         net (fo=1, routed)           0.000     8.610    y[5]_i_103_n_0
    SLICE_X30Y69         CARRY4 (Prop_carry4_S[3]_O[3])
                                                      0.255     8.865 r  y_reg[5]_i_96/O[3]
                         net (fo=1, routed)           0.295     9.159    y_reg[5]_i_96_n_4
    SLICE_X31Y70         LUT2 (Prop_lut2_I1_O)        0.307     9.466 r  y[5]_i_99/O
                         net (fo=1, routed)           0.000     9.466    y[5]_i_99_n_0
    SLICE_X31Y70         CARRY4 (Prop_carry4_S[2]_O[2])
                                                      0.248     9.714 r  y_reg[5]_i_95/O[2]
                         net (fo=1, routed)           0.643    10.357    y_reg[5]_i_95_n_5
    SLICE_X33Y70         LUT2 (Prop_lut2_I1_O)        0.302    10.659 r  y[5]_i_81/O
                         net (fo=1, routed)           0.000    10.659    y[5]_i_81_n_0
    SLICE_X33Y70         CARRY4 (Prop_carry4_S[3]_O[3])
                                                      0.248    10.907 r  y_reg[5]_i_74/O[3]
                         net (fo=1, routed)           0.472    11.380    y_reg[5]_i_74_n_4
    SLICE_X36Y70         LUT2 (Prop_lut2_I1_O)        0.306    11.686 r  y[5]_i_78/O
                         net (fo=1, routed)           0.000    11.686    y[5]_i_78_n_0
    SLICE_X36Y70         CARRY4 (Prop_carry4_S[1]_O[1])
                                                      0.230    11.916 r  y_reg[5]_i_73/O[1]
                         net (fo=1, routed)           0.573    12.488    y_reg[5]_i_73_n_6
    SLICE_X36Y66         LUT2 (Prop_lut2_I1_O)        0.306    12.794 r  y[5]_i_65/O
                         net (fo=1, routed)           0.000    12.794    y[5]_i_65_n_0
    SLICE_X36Y66         CARRY4 (Prop_carry4_S[3]_O[3])
                                                      0.255    13.049 r  y_reg[5]_i_59/O[3]
                         net (fo=1, routed)           0.549    13.598    y_reg[5]_i_59_n_4
    SLICE_X39Y65         LUT2 (Prop_lut2_I1_O)        0.307    13.905 r  y[5]_i_61/O
                         net (fo=1, routed)           0.000    13.905    y[5]_i_61_n_0
    SLICE_X39Y65         CARRY4 (Prop_carry4_S[2]_O[2])
                                                      0.248    14.153 r  y_reg[5]_i_58/O[2]
                         net (fo=1, routed)           0.410    14.563    y_reg[5]_i_58_n_5
    SLICE_X41Y64         LUT2 (Prop_lut2_I1_O)        0.302    14.865 r  y[5]_i_51/O
                         net (fo=1, routed)           0.000    14.865    y[5]_i_51_n_0
    SLICE_X41Y64         CARRY4 (Prop_carry4_S[3]_CO[3])
                                                      0.401    15.266 r  y_reg[5]_i_46/CO[3]
                         net (fo=1, routed)           0.000    15.266    y_reg[5]_i_46_n_0
    SLICE_X41Y65         CARRY4 (Prop_carry4_CI_O[0])
                                                      0.222    15.488 r  y_reg[15]_i_70/O[0]
                         net (fo=1, routed)           0.635    16.123    y_reg[15]_i_70_n_7
    SLICE_X40Y61         LUT2 (Prop_lut2_I1_O)        0.299    16.422 r  y[5]_i_48/O
                         net (fo=1, routed)           0.000    16.422    y[5]_i_48_n_0
    SLICE_X40Y61         CARRY4 (Prop_carry4_S[2]_O[2])
                                                      0.248    16.670 r  y_reg[5]_i_45/O[2]
                         net (fo=1, routed)           0.586    17.256    y_reg[5]_i_45_n_5
    SLICE_X39Y61         LUT2 (Prop_lut2_I1_O)        0.302    17.558 r  y[15]_i_60/O
                         net (fo=1, routed)           0.000    17.558    y[15]_i_60_n_0
    SLICE_X39Y61         CARRY4 (Prop_carry4_S[0]_O[0])
                                                      0.247    17.805 r  y_reg[15]_i_43/O[0]
                         net (fo=1, routed)           0.449    18.254    y_reg[15]_i_43_n_7
    SLICE_X36Y60         LUT2 (Prop_lut2_I1_O)        0.299    18.553 r  y[5]_i_30/O
                         net (fo=1, routed)           0.000    18.553    y[5]_i_30_n_0
    SLICE_X36Y60         CARRY4 (Prop_carry4_S[3]_O[3])
                                                      0.255    18.808 r  y_reg[5]_i_27/O[3]
                         net (fo=1, routed)           0.590    19.398    y_reg[5]_i_27_n_4
    SLICE_X33Y61         LUT2 (Prop_lut2_I1_O)        0.307    19.705 r  y[15]_i_31/O
                         net (fo=1, routed)           0.000    19.705    y[15]_i_31_n_0
    SLICE_X33Y61         CARRY4 (Prop_carry4_S[0]_O[0])
                                                      0.247    19.952 r  y_reg[15]_i_16/O[0]
                         net (fo=1, routed)           0.675    20.627    y_reg[15]_i_16_n_7
    SLICE_X30Y60         LUT2 (Prop_lut2_I1_O)        0.299    20.926 r  y[5]_i_16/O
                         net (fo=1, routed)           0.000    20.926    y[5]_i_16_n_0
    SLICE_X30Y60         CARRY4 (Prop_carry4_S[3]_CO[3])
                                                      0.376    21.302 r  y_reg[5]_i_14/CO[3]
                         net (fo=1, routed)           0.000    21.302    y_reg[5]_i_14_n_0
    SLICE_X30Y61         CARRY4 (Prop_carry4_CI_O[0])
                                                      0.219    21.521 r  y_reg[15]_i_7/O[0]
                         net (fo=1, routed)           0.709    22.229    y_reg[15]_i_7_n_7
    SLICE_X29Y59         LUT2 (Prop_lut2_I1_O)        0.295    22.524 r  y[13]_i_11/O
                         net (fo=1, routed)           0.000    22.524    y[13]_i_11_n_0
    SLICE_X29Y59         CARRY4 (Prop_carry4_S[1]_O[1])
                                                      0.227    22.751 r  y_reg[13]_i_4/O[1]
                         net (fo=1, routed)           0.351    23.102    C[7]
    SLICE_X28Y59         LUT2 (Prop_lut2_I1_O)        0.303    23.405 r  y[9]_i_4/O
                         net (fo=1, routed)           0.000    23.405    y[9]_i_4_n_0
    SLICE_X28Y59         CARRY4 (Prop_carry4_S[1]_O[1])
                                                      0.227    23.632 r  y_reg[9]_i_1/O[1]
                         net (fo=1, routed)           0.000    23.632    acc[7]
    SLICE_X28Y59         FDRE                                         r  y_reg[7]/D
  -------------------------------------------------------------------    -------------------

                         (clock vclk rise edge)      30.546    30.546 r  <hidden>
                                                      0.000    30.546 r  clk
                         net (fo=173, unset)          0.924    31.470    clk
    SLICE_X28Y59         FDRE                                         r  y_reg[7]/C
                         clock pessimism              0.000    31.470    <hidden>
                         clock uncertainty           -0.035    31.435    <hidden>
    SLICE_X28Y59         FDRE (Setup_fdre_C_D)        0.062    31.497    y_reg[7]
  -------------------------------------------------------------------
                         required time                         31.497    <hidden>
                         arrival time                         -23.632    <hidden>
  -------------------------------------------------------------------
                         slack                                  7.865    <hidden>

Slack (MET) :             8.248ns  (required time - arrival time)
  Source:                 d19_reg[1]/C
                            (rising edge-triggered cell FDRE clocked by vclk  {rise@0.000ns fall@15.273ns period=30.546ns})
  Destination:            y_reg[6]/D
                            (rising edge-triggered cell FDRE clocked by vclk  {rise@0.000ns fall@15.273ns period=30.546ns})
  Path Group:             vclk
  Path Type:              Setup (Max at Slow Process Corner)
  Requirement:            30.546ns  (vclk rise@30.546ns - vclk rise@0.000ns)
  Data Path Delay:        22.276ns  (logic 11.675ns (52.411%)  route 10.601ns (47.589%))
  Logic Levels:           39  (CARRY4=21 LUT2=18)
  Clock Path Skew:        -0.049ns (DCD - SCD + CPR)
    Destination Clock Delay (DCD):    0.924ns = ( 31.470 - 30.546 ) 
    Source Clock Delay      (SCD):    0.973ns
    Clock Pessimism Removal (CPR):    0.000ns
  Clock Uncertainty:      0.035ns  ((TSJ^2 + TIJ^2)^1/2 + DJ) / 2 + PE
    Total System Jitter     (TSJ):    0.071ns
    Total Input Jitter      (TIJ):    0.000ns
    Discrete Jitter          (DJ):    0.000ns
    Phase Error              (PE):    0.000ns

    Location             Delay type                Incr(ns)  Path(ns)    Netlist Resource(s)
  -------------------------------------------------------------------    -------------------
                         (clock vclk rise edge)       0.000     0.000 r  <hidden>
                                                      0.000     0.000 r  clk
                         net (fo=173, unset)          0.973     0.973    clk
    SLICE_X28Y62         FDRE                                         r  d19_reg[1]/C
  -------------------------------------------------------------------    -------------------
    SLICE_X28Y62         FDRE (Prop_fdre_C_Q)         0.456     1.429 r  d19_reg[1]/Q
                         net (fo=3, routed)           0.458     1.887    d19[1]
    SLICE_X29Y62         CARRY4 (Prop_carry4_S[0]_O[0])
                                                      0.371     2.258 r  y_reg[5]_i_145/O[0]
                         net (fo=2, routed)           0.365     2.623    acc0[5]
    SLICE_X28Y62         LUT2 (Prop_lut2_I0_O)        0.299     2.922 r  y[5]_i_147/O
                         net (fo=1, routed)           0.000     2.922    y[5]_i_147_n_0
    SLICE_X28Y62         CARRY4 (Prop_carry4_S[2]_O[2])
                                                      0.248     3.170 r  y_reg[5]_i_144/O[2]
                         net (fo=1, routed)           0.590     3.760    y_reg[5]_i_144_n_5
    SLICE_X27Y63         LUT2 (Prop_lut2_I1_O)        0.302     4.062 r  y[5]_i_134/O
                         net (fo=1, routed)           0.000     4.062    y[5]_i_134_n_0
    SLICE_X27Y63         CARRY4 (Prop_carry4_S[3]_O[3])
                                                      0.248     4.310 r  y_reg[5]_i_127/O[3]
                         net (fo=1, routed)           0.724     5.035    y_reg[5]_i_127_n_4
    SLICE_X28Y66         LUT2 (Prop_lut2_I1_O)        0.306     5.341 r  y[5]_i_130/O
                         net (fo=1, routed)           0.000     5.341    y[5]_i_130_n_0
    SLICE_X28Y66         CARRY4 (Prop_carry4_S[2]_O[2])
                                                      0.248     5.589 r  y_reg[5]_i_126/O[2]
                         net (fo=1, routed)           0.449     6.038    y_reg[5]_i_126_n_5
    SLICE_X27Y67         LUT2 (Prop_lut2_I1_O)        0.302     6.340 r  y[5]_i_119/O
                         net (fo=1, routed)           0.000     6.340    y[5]_i_119_n_0
    SLICE_X27Y67         CARRY4 (Prop_carry4_S[3]_O[3])
                                                      0.248     6.588 r  y_reg[5]_i_114/O[3]
                         net (fo=1, routed)           0.720     7.308    y_reg[5]_i_114_n_4
    SLICE_X28Y70         CARRY4 (Prop_carry4_S[0]_O[0])
                                                      0.553     7.861 r  y_reg[5]_i_113/O[0]
                         net (fo=1, routed)           0.450     8.311    y_reg[5]_i_113_n_7
    SLICE_X30Y69         LUT2 (Prop_lut2_I1_O)        0.299     8.610 r  y[5]_i_103/O
                         net (fo=1, routed)           0.000     8.610    y[5]_i_103_n_0
    SLICE_X30Y69         CARRY4 (Prop_carry4_S[3]_O[3])
                                                      0.255     8.865 r  y_reg[5]_i_96/O[3]
                         net (fo=1, routed)           0.295     9.159    y_reg[5]_i_96_n_4
    SLICE_X31Y70         LUT2 (Prop_lut2_I1_O)        0.307     9.466 r  y[5]_i_99/O
                         net (fo=1, routed)           0.000     9.466    y[5]_i_99_n_0
    SLICE_X31Y70         CARRY4 (Prop_carry4_S[2]_O[2])
                                                      0.248     9.714 r  y_reg[5]_i_95/O[2]
                         net (fo=1, routed)           0.643    10.357    y_reg[5]_i_95_n_5
    SLICE_X33Y70         LUT2 (Prop_lut2_I1_O)        0.302    10.659 r  y[5]_i_81/O
                         net (fo=1, routed)           0.000    10.659    y[5]_i_81_n_0
    SLICE_X33Y70         CARRY4 (Prop_carry4_S[3]_O[3])
                                                      0.248    10.907 r  y_reg[5]_i_74/O[3]
                         net (fo=1, routed)           0.472    11.380    y_reg[5]_i_74_n_4
    SLICE_X36Y70         LUT2 (Prop_lut2_I1_O)        0.306    11.686 r  y[5]_i_78/O
                         net (fo=1, routed)           0.000    11.686    y[5]_i_78_n_0
    SLICE_X36Y70         CARRY4 (Prop_carry4_S[1]_O[1])
                                                      0.230    11.916 r  y_reg[5]_i_73/O[1]
                         net (fo=1, routed)           0.573    12.488    y_reg[5]_i_73_n_6
    SLICE_X36Y66         LUT2 (Prop_lut2_I1_O)        0.306    12.794 r  y[5]_i_65/O
                         net (fo=1, routed)           0.000    12.794    y[5]_i_65_n_0
    SLICE_X36Y66         CARRY4 (Prop_carry4_S[3]_O[3])
                                                      0.255    13.049 r  y_reg[5]_i_59/O[3]
                         net (fo=1, routed)           0.549    13.598    y_reg[5]_i_59_n_4
    SLICE_X39Y65         LUT2 (Prop_lut2_I1_O)        0.307    13.905 r  y[5]_i_61/O
                         net (fo=1, routed)           0.000    13.905    y[5]_i_61_n_0
    SLICE_X39Y65         CARRY4 (Prop_carry4_S[2]_O[2])
                                                      0.248    14.153 r  y_reg[5]_i_58/O[2]
                         net (fo=1, routed)           0.410    14.563    y_reg[5]_i_58_n_5
    SLICE_X41Y64         LUT2 (Prop_lut2_I1_O)        0.302    14.865 r  y[5]_i_51/O
                         net (fo=1, routed)           0.000    14.865    y[5]_i_51_n_0
    SLICE_X41Y64         CARRY4 (Prop_carry4_S[3]_CO[3])
                                                      0.401    15.266 r  y_reg[5]_i_46/CO[3]
                         net (fo=1, routed)           0.000    15.266    y_reg[5]_i_46_n_0
    SLICE_X41Y65         CARRY4 (Prop_carry4_CI_O[0])
                                                      0.222    15.488 r  y_reg[15]_i_70/O[0]
                         net (fo=1, routed)           0.635    16.123    y_reg[15]_i_70_n_7
    SLICE_X40Y61         LUT2 (Prop_lut2_I1_O)        0.299    16.422 r  y[5]_i_48/O
                         net (fo=1, routed)           0.000    16.422    y[5]_i_48_n_0
    SLICE_X40Y61         CARRY4 (Prop_carry4_S[2]_O[2])
                                                      0.248    16.670 r  y_reg[5]_i_45/O[2]
                         net (fo=1, routed)           0.586    17.256    y_reg[5]_i_45_n_5
    SLICE_X39Y61         LUT2 (Prop_lut2_I1_O)        0.302    17.558 r  y[15]_i_60/O
                         net (fo=1, routed)           0.000    17.558    y[15]_i_60_n_0
    SLICE_X39Y61         CARRY4 (Prop_carry4_S[0]_O[0])
                                                      0.247    17.805 r  y_reg[15]_i_43/O[0]
                         net (fo=1, routed)           0.449    18.254    y_reg[15]_i_43_n_7
    SLICE_X36Y60         LUT2 (Prop_lut2_I1_O)        0.299    18.553 r  y[5]_i_30/O
                         net (fo=1, routed)           0.000    18.553    y[5]_i_30_n_0
    SLICE_X36Y60         CARRY4 (Prop_carry4_S[3]_O[3])
                                                      0.255    18.808 r  y_reg[5]_i_27/O[3]
                         net (fo=1, routed)           0.590    19.398    y_reg[5]_i_27_n_4
    SLICE_X33Y61         LUT2 (Prop_lut2_I1_O)        0.307    19.705 r  y[15]_i_31/O
                         net (fo=1, routed)           0.000    19.705    y[15]_i_31_n_0
    SLICE_X33Y61         CARRY4 (Prop_carry4_S[0]_O[0])
                                                      0.247    19.952 r  y_reg[15]_i_16/O[0]
                         net (fo=1, routed)           0.675    20.627    y_reg[15]_i_16_n_7
    SLICE_X30Y60         LUT2 (Prop_lut2_I1_O)        0.299    20.926 r  y[5]_i_16/O
                         net (fo=1, routed)           0.000    20.926    y[5]_i_16_n_0
    SLICE_X30Y60         CARRY4 (Prop_carry4_S[3]_O[3])
                                                      0.255    21.181 r  y_reg[5]_i_14/O[3]
                         net (fo=1, routed)           0.539    21.719    y_reg[5]_i_14_n_4
    SLICE_X29Y59         LUT2 (Prop_lut2_I1_O)        0.307    22.026 r  y[13]_i_12/O
                         net (fo=1, routed)           0.000    22.026    y[13]_i_12_n_0
    SLICE_X29Y59         CARRY4 (Prop_carry4_S[0]_O[0])
                                                      0.247    22.273 r  y_reg[13]_i_4/O[0]
                         net (fo=1, routed)           0.430    22.703    C[6]
    SLICE_X28Y59         LUT2 (Prop_lut2_I1_O)        0.299    23.002 r  y[9]_i_5/O
                         net (fo=1, routed)           0.000    23.002    y[9]_i_5_n_0
    SLICE_X28Y59         CARRY4 (Prop_carry4_S[0]_O[0])
                                                      0.247    23.249 r  y_reg[9]_i_1/O[0]
                         net (fo=1, routed)           0.000    23.249    acc[6]
    SLICE_X28Y59         FDRE                                         r  y_reg[6]/D
  -------------------------------------------------------------------    -------------------

                         (clock vclk rise edge)      30.546    30.546 r  <hidden>
                                                      0.000    30.546 r  clk
                         net (fo=173, unset)          0.924    31.470    clk
    SLICE_X28Y59         FDRE                                         r  y_reg[6]/C
                         clock pessimism              0.000    31.470    <hidden>
                         clock uncertainty           -0.035    31.435    <hidden>
    SLICE_X28Y59         FDRE (Setup_fdre_C_D)        0.062    31.497    y_reg[6]
  -------------------------------------------------------------------
                         required time                         31.497    <hidden>
                         arrival time                         -23.249    <hidden>
  -------------------------------------------------------------------
                         slack                                  8.248    <hidden>





Pulse Width Checks
--------------------------------------------------------------------------------------
Clock Name:         vclk
Waveform(ns):       { 0.000 15.273 }
Period(ns):         30.546
Sources:            { clk }

Check Type        Corner  Lib Pin  Reference Pin  Required(ns)  Actual(ns)  Slack(ns)  Location      Pin
Min Period        n/a     FDRE/C   n/a            1.000         30.546      29.546     SLICE_X27Y62  d0_reg[0]/C
Min Period        n/a     FDRE/C   n/a            1.000         30.546      29.546     SLICE_X28Y60  d0_reg[1]/C
Min Period        n/a     FDRE/C   n/a            1.000         30.546      29.546     SLICE_X29Y60  d0_reg[2]/C
Min Period        n/a     FDRE/C   n/a            1.000         30.546      29.546     SLICE_X28Y61  d0_reg[3]/C
Min Period        n/a     FDRE/C   n/a            1.000         30.546      29.546     SLICE_X29Y60  d0_reg[4]/C
Min Period        n/a     FDRE/C   n/a            1.000         30.546      29.546     SLICE_X29Y61  d0_reg[5]/C
Min Period        n/a     FDRE/C   n/a            1.000         30.546      29.546     SLICE_X28Y61  d0_reg[6]/C
Min Period        n/a     FDRE/C   n/a            1.000         30.546      29.546     SLICE_X32Y60  d0_reg[7]/C
Min Period        n/a     FDRE/C   n/a            1.000         30.546      29.546     SLICE_X38Y66  d10_reg[0]/C
Min Period        n/a     FDRE/C   n/a            1.000         30.546      29.546     SLICE_X37Y67  d10_reg[1]/C
Low Pulse Width   Slow    FDRE/C   n/a            0.500         15.273      14.773     SLICE_X27Y62  d0_reg[0]/C
Low Pulse Width   Fast    FDRE/C   n/a            0.500         15.273      14.773     SLICE_X27Y62  d0_reg[0]/C
Low Pulse Width   Slow    FDRE/C   n/a            0.500         15.273      14.773     SLICE_X28Y60  d0_reg[1]/C
Low Pulse Width   Fast    FDRE/C   n/a            0.500         15.273      14.773     SLICE_X28Y60  d0_reg[1]/C
Low Pulse Width   Slow    FDRE/C   n/a            0.500         15.273      14.773     SLICE_X29Y60  d0_reg[2]/C
Low Pulse Width   Fast    FDRE/C   n/a            0.500         15.273      14.773     SLICE_X29Y60  d0_reg[2]/C
Low Pulse Width   Slow    FDRE/C   n/a            0.500         15.273      14.773     SLICE_X28Y61  d0_reg[3]/C
Low Pulse Width   Fast    FDRE/C   n/a            0.500         15.273      14.773     SLICE_X28Y61  d0_reg[3]/C
Low Pulse Width   Slow    FDRE/C   n/a            0.500         15.273      14.773     SLICE_X29Y60  d0_reg[4]/C
Low Pulse Width   Fast    FDRE/C   n/a            0.500         15.273      14.773     SLICE_X29Y60  d0_reg[4]/C
High Pulse Width  Slow    FDRE/C   n/a            0.500         15.273      14.773     SLICE_X27Y62  d0_reg[0]/C
High Pulse Width  Fast    FDRE/C   n/a            0.500         15.273      14.773     SLICE_X27Y62  d0_reg[0]/C
High Pulse Width  Slow    FDRE/C   n/a            0.500         15.273      14.773     SLICE_X28Y60  d0_reg[1]/C
High Pulse Width  Fast    FDRE/C   n/a            0.500         15.273      14.773     SLICE_X28Y60  d0_reg[1]/C
High Pulse Width  Slow    FDRE/C   n/a            0.500         15.273      14.773     SLICE_X29Y60  d0_reg[2]/C
High Pulse Width  Fast    FDRE/C   n/a            0.500         15.273      14.773     SLICE_X29Y60  d0_reg[2]/C
High Pulse Width  Slow    FDRE/C   n/a            0.500         15.273      14.773     SLICE_X28Y61  d0_reg[3]/C
High Pulse Width  Fast    FDRE/C   n/a            0.500         15.273      14.773     SLICE_X28Y61  d0_reg[3]/C
High Pulse Width  Slow    FDRE/C   n/a            0.500         15.273      14.773     SLICE_X29Y60  d0_reg[4]/C
High Pulse Width  Fast    FDRE/C   n/a            0.500         15.273      14.773     SLICE_X29Y60  d0_reg[4]/C



