Copyright 1986-2022 Xilinx, Inc. All Rights Reserved. Copyright 2022-2026 Advanced Micro Devices, Inc. All Rights Reserved.
----------------------------------------------------------------------------------------------------------------------------------------------------------------------------------------------------------------------------------------------------------------------------------------
| Tool Version : Vivado v.2026.1 (win64) Build 6511674 Tue Jun 16 11:02:23 MDT 2026
| Date         : Mon Aug 31 00:00:00 2026
| Host         : Amine running 64-bit major release  (build 9200)
| Command      : report_timing_summary -delay_type max -max_paths 10 -report_unconstrained -check_timing_verbose -warn_on_violation -file C:/Users/Amine/mas/fpga-repo/timing_closure_candidate_v7/results/c07_med_sft_med21/trial_004_search_p102p655125_a0/reports/timing_summary.rpt
| Design       : sft__med21__g12
| Device       : 7z020-clg400
| Speed File   : -1  PRODUCTION 1.12 2019-11-22
| Design State : Routed
----------------------------------------------------------------------------------------------------------------------------------------------------------------------------------------------------------------------------------------------------------------------------------------

Timing Summary Report

------------------------------------------------------------------------------------------------
| Timer Settings
| --------------
------------------------------------------------------------------------------------------------

  Enable Multi Corner Analysis               :  Yes
  Enable Pessimism Removal                   :  Yes
  Pessimism Removal Resolution               :  Nearest Common Node
  Enable Input Delay Default Clock           :  No
  Enable Preset / Clear Arcs                 :  No
  Disable Flight Delays                      :  No
  Ignore I/O Paths                           :  No
  Timing Early Launch at Borrowing Latches   :  No
  Borrow Time for Max Delay Exceptions       :  Yes
  Merge Timing Exceptions                    :  Yes
  Inter-SLR Compensation                     :  Conservative

  Corner  Analyze    Analyze    
  Name    Max Paths  Min Paths  
  ------  ---------  ---------  
  Slow    Yes        Yes        
  Fast    Yes        Yes        


------------------------------------------------------------------------------------------------
| Report Methodology
| ------------------
------------------------------------------------------------------------------------------------

No report available as report_methodology has not been run prior. Run report_methodology on the current design for the summary of methodology violations.



check_timing report

Table of Contents
-----------------
1. checking no_clock (0)
2. checking constant_clock (0)
3. checking pulse_width_clock (0)
4. checking unconstrained_internal_endpoints (0)
5. checking no_input_delay (0)
6. checking no_output_delay (0)
7. checking multiple_clock (0)
8. checking generated_clocks (0)
9. checking loops (0)
10. checking partial_input_delay (0)
11. checking partial_output_delay (0)
12. checking latch_loops (0)

1. checking no_clock (0)
------------------------
 There are 0 register/latch pins with no clock.


2. checking constant_clock (0)
------------------------------
 There are 0 register/latch pins with constant_clock.


3. checking pulse_width_clock (0)
---------------------------------
 There are 0 register/latch pins which need pulse_width check


4. checking unconstrained_internal_endpoints (0)
------------------------------------------------
 There are 0 pins that are not constrained for maximum delay.

 There are 0 pins that are not constrained for maximum delay due to constant clock.


5. checking no_input_delay (0)
------------------------------
 There are 0 input ports with no input delay specified.

 There are 0 input ports with no input delay but user has a false path constraint.


6. checking no_output_delay (0)
-------------------------------
 There are 0 ports with no output delay specified.

 There are 0 ports with no output delay but user has a false path constraint

 There are 0 ports with no output delay but with a timing clock defined on it or propagating through it


7. checking multiple_clock (0)
------------------------------
 There are 0 register/latch pins with multiple clocks.


8. checking generated_clocks (0)
--------------------------------
 There are 0 generated clocks that are not connected to a clock source.


9. checking loops (0)
---------------------
 There are 0 combinational loops in the design.


10. checking partial_input_delay (0)
------------------------------------
 There are 0 input ports with partial input delay specified.


11. checking partial_output_delay (0)
-------------------------------------
 There are 0 ports with partial output delay specified.


12. checking latch_loops (0)
----------------------------
 There are 0 combinational latch loops in the design through latch input



------------------------------------------------------------------------------------------------
| Design Timing Summary
| ---------------------
------------------------------------------------------------------------------------------------

    WNS(ns)      TNS(ns)  TNS Failing Endpoints  TNS Total Endpoints     WPWS(ns)     TPWS(ns)  TPWS Failing Endpoints  TPWS Total Endpoints  
    -------      -------  ---------------------  -------------------     --------     --------  ----------------------  --------------------  
      6.890        0.000                      0                  344       50.828        0.000                       0                   168  


All user specified timing constraints are met.


------------------------------------------------------------------------------------------------
| Clock Summary
| -------------
------------------------------------------------------------------------------------------------

Clock  Waveform(ns)         Period(ns)      Frequency(MHz)
-----  ------------         ----------      --------------
vclk   {0.000 51.328}       102.655         9.741           


------------------------------------------------------------------------------------------------
| Intra Clock Table
| -----------------
------------------------------------------------------------------------------------------------

Clock             WNS(ns)      TNS(ns)  TNS Failing Endpoints  TNS Total Endpoints     WPWS(ns)     TPWS(ns)  TPWS Failing Endpoints  TPWS Total Endpoints  
-----             -------      -------  ---------------------  -------------------     --------     --------  ----------------------  --------------------  
vclk                6.890        0.000                      0                  344       50.828        0.000                       0                   168  


------------------------------------------------------------------------------------------------
| Inter Clock Table
| -----------------
------------------------------------------------------------------------------------------------

From Clock    To Clock          WNS(ns)      TNS(ns)  TNS Failing Endpoints  TNS Total Endpoints  
----------    --------          -------      -------  ---------------------  -------------------  


------------------------------------------------------------------------------------------------
| Other Path Groups Table
| -----------------------
------------------------------------------------------------------------------------------------

Path Group    From Clock    To Clock          WNS(ns)      TNS(ns)  TNS Failing Endpoints  TNS Total Endpoints  
----------    ----------    --------          -------      -------  ---------------------  -------------------  


------------------------------------------------------------------------------------------------
| User Ignored Path Table
| -----------------------
------------------------------------------------------------------------------------------------

Path Group    From Clock    To Clock    
----------    ----------    --------    


------------------------------------------------------------------------------------------------
| Unconstrained Path Table
| ------------------------
------------------------------------------------------------------------------------------------

Path Group    From Clock    To Clock    
----------    ----------    --------    


------------------------------------------------------------------------------------------------
| Timing Details
| --------------
------------------------------------------------------------------------------------------------


---------------------------------------------------------------------------------------------------
From Clock:  vclk
  To Clock:  vclk

Setup :            0  Failing Endpoints,  Worst Slack        6.890ns,  Total Violation        0.000ns
Hold  :           NA  Failing Endpoints,  Worst Slack           NA  ,  Total Violation           NA
PW    :            0  Failing Endpoints,  Worst Slack       50.828ns,  Total Violation        0.000ns
---------------------------------------------------------------------------------------------------


Max Delay Paths
--------------------------------------------------------------------------------------
Slack (MET) :             6.890ns  (required time - arrival time)
  Source:                 w0_reg[1]/C
                            (rising edge-triggered cell FDRE clocked by vclk  {rise@0.000ns fall@51.327ns period=102.655ns})
  Destination:            y_reg[2]/D
                            (rising edge-triggered cell FDRE clocked by vclk  {rise@0.000ns fall@51.327ns period=102.655ns})
  Path Group:             vclk
  Path Type:              Setup (Max at Slow Process Corner)
  Requirement:            102.655ns  (vclk rise@102.655ns - vclk rise@0.000ns)
  Data Path Delay:        95.762ns  (logic 27.447ns (28.662%)  route 68.315ns (71.338%))
  Logic Levels:           90  (CARRY4=30 LUT3=9 LUT4=12 LUT5=19 LUT6=20)
  Clock Path Skew:        -0.049ns (DCD - SCD + CPR)
    Destination Clock Delay (DCD):    0.924ns = ( 103.579 - 102.655 ) 
    Source Clock Delay      (SCD):    0.973ns
    Clock Pessimism Removal (CPR):    0.000ns
  Clock Uncertainty:      0.035ns  ((TSJ^2 + TIJ^2)^1/2 + DJ) / 2 + PE
    Total System Jitter     (TSJ):    0.071ns
    Total Input Jitter      (TIJ):    0.000ns
    Discrete Jitter          (DJ):    0.000ns
    Phase Error              (PE):    0.000ns

    Location             Delay type                Incr(ns)  Path(ns)    Netlist Resource(s)
  -------------------------------------------------------------------    -------------------
                         (clock vclk rise edge)       0.000     0.000 r  <hidden>
                                                      0.000     0.000 r  clk
                         net (fo=167, unset)          0.973     0.973    clk
    SLICE_X62Y73         FDRE                                         r  w0_reg[1]/C
  -------------------------------------------------------------------    -------------------
    SLICE_X62Y73         FDRE (Prop_fdre_C_Q)         0.518     1.491 r  w0_reg[1]/Q
                         net (fo=11, routed)          1.005     2.496    w0[1]
    SLICE_X64Y74         LUT4 (Prop_lut4_I0_O)        0.124     2.620 r  y[7]_i_2015/O
                         net (fo=1, routed)           0.000     2.620    y[7]_i_2015_n_0
    SLICE_X64Y74         CARRY4 (Prop_carry4_S[0]_CO[3])
                                                      0.532     3.152 r  y_reg[7]_i_1914/CO[3]
                         net (fo=64, routed)          1.284     4.436    y_reg[7]_i_1914_n_0
    SLICE_X62Y71         LUT3 (Prop_lut3_I1_O)        0.150     4.586 r  y[7]_i_2102/O
                         net (fo=1, routed)           0.290     4.876    y[7]_i_2102_n_0
    SLICE_X62Y71         LUT6 (Prop_lut6_I1_O)        0.348     5.224 r  y[7]_i_2018/O
                         net (fo=1, routed)           0.543     5.768    y[7]_i_2018_n_0
    SLICE_X64Y72         CARRY4 (Prop_carry4_DI[1]_CO[3])
                                                      0.507     6.275 r  y_reg[7]_i_1915/CO[3]
                         net (fo=40, routed)          1.399     7.673    y_reg[7]_i_1915_n_0
    SLICE_X63Y74         LUT5 (Prop_lut5_I3_O)        0.152     7.825 f  y[7]_i_2085/O
                         net (fo=1, routed)           0.849     8.674    y[7]_i_2085_n_0
    SLICE_X63Y74         LUT6 (Prop_lut6_I1_O)        0.332     9.006 r  y[7]_i_2000/O
                         net (fo=1, routed)           0.340     9.346    y[7]_i_2000_n_0
    SLICE_X63Y73         CARRY4 (Prop_carry4_DI[3]_CO[3])
                                                      0.385     9.731 r  y_reg[7]_i_1913/CO[3]
                         net (fo=16, routed)          0.816    10.547    y_reg[7]_i_1913_n_0
    SLICE_X62Y74         LUT6 (Prop_lut6_I2_O)        0.124    10.671 r  y[1]_i_225/O
                         net (fo=4, routed)           0.925    11.596    y[1]_i_225_n_0
    SLICE_X61Y74         LUT6 (Prop_lut6_I0_O)        0.124    11.720 r  y[7]_i_2035/O
                         net (fo=1, routed)           0.627    12.346    y[7]_i_2035_n_0
    SLICE_X60Y74         CARRY4 (Prop_carry4_DI[0]_CO[3])
                                                      0.526    12.872 r  y_reg[7]_i_1925/CO[3]
                         net (fo=16, routed)          0.967    13.840    y_reg[7]_i_1925_n_0
    SLICE_X62Y75         LUT5 (Prop_lut5_I3_O)        0.117    13.957 r  y[7]_i_1948/O
                         net (fo=4, routed)           0.975    14.932    y[7]_i_1948_n_0
    SLICE_X61Y77         LUT4 (Prop_lut4_I1_O)        0.348    15.280 r  y[7]_i_2060/O
                         net (fo=1, routed)           0.000    15.280    y[7]_i_2060_n_0
    SLICE_X61Y77         CARRY4 (Prop_carry4_S[3]_CO[3])
                                                      0.401    15.681 r  y_reg[7]_i_1949/CO[3]
                         net (fo=16, routed)          0.909    16.589    y_reg[7]_i_1949_n_0
    SLICE_X61Y76         LUT3 (Prop_lut3_I1_O)        0.119    16.708 r  y[1]_i_223/O
                         net (fo=6, routed)           0.864    17.572    y[1]_i_223_n_0
    SLICE_X58Y76         LUT6 (Prop_lut6_I0_O)        0.332    17.904 r  y[5]_i_348/O
                         net (fo=1, routed)           0.541    18.445    y[5]_i_348_n_0
    SLICE_X57Y76         CARRY4 (Prop_carry4_DI[0]_CO[3])
                                                      0.526    18.971 r  y_reg[5]_i_322/CO[3]
                         net (fo=32, routed)          1.206    20.177    y_reg[5]_i_322_n_0
    SLICE_X58Y77         LUT5 (Prop_lut5_I3_O)        0.146    20.323 r  y[5]_i_357/O
                         net (fo=2, routed)           0.792    21.114    y[5]_i_357_n_0
    SLICE_X57Y77         LUT4 (Prop_lut4_I0_O)        0.328    21.442 r  y[5]_i_343/O
                         net (fo=1, routed)           0.000    21.442    y[5]_i_343_n_0
    SLICE_X57Y77         CARRY4 (Prop_carry4_S[1]_CO[3])
                                                      0.550    21.992 r  y_reg[5]_i_320/CO[3]
                         net (fo=16, routed)          1.015    23.007    y_reg[5]_i_320_n_0
    SLICE_X57Y78         LUT5 (Prop_lut5_I1_O)        0.124    23.131 r  y[5]_i_284/O
                         net (fo=6, routed)           1.127    24.257    y[5]_i_284_n_0
    SLICE_X53Y75         LUT6 (Prop_lut6_I1_O)        0.124    24.381 r  y[5]_i_312/O
                         net (fo=1, routed)           0.614    24.995    y[5]_i_312_n_0
    SLICE_X52Y75         CARRY4 (Prop_carry4_DI[2]_CO[3])
                                                      0.398    25.393 r  y_reg[5]_i_283/CO[3]
                         net (fo=32, routed)          1.048    26.441    y_reg[5]_i_283_n_0
    SLICE_X53Y76         LUT5 (Prop_lut5_I3_O)        0.152    26.593 r  y[5]_i_333/O
                         net (fo=2, routed)           0.995    27.588    y[5]_i_333_n_0
    SLICE_X51Y76         LUT4 (Prop_lut4_I0_O)        0.332    27.920 r  y[5]_i_309/O
                         net (fo=1, routed)           0.000    27.920    y[5]_i_309_n_0
    SLICE_X51Y76         CARRY4 (Prop_carry4_S[1]_CO[3])
                                                      0.550    28.470 r  y_reg[5]_i_281/CO[3]
                         net (fo=16, routed)          0.842    29.312    y_reg[5]_i_281_n_0
    SLICE_X50Y76         LUT5 (Prop_lut5_I3_O)        0.117    29.429 f  y[3]_i_201/O
                         net (fo=4, routed)           1.118    30.547    y[3]_i_201_n_0
    SLICE_X56Y77         LUT6 (Prop_lut6_I3_O)        0.348    30.895 r  y[7]_i_1753/O
                         net (fo=1, routed)           0.557    31.453    y[7]_i_1753_n_0
    SLICE_X55Y77         CARRY4 (Prop_carry4_DI[1]_CO[3])
                                                      0.507    31.960 r  y_reg[7]_i_1595/CO[3]
                         net (fo=16, routed)          1.000    32.960    y_reg[7]_i_1595_n_0
    SLICE_X53Y78         LUT5 (Prop_lut5_I3_O)        0.118    33.078 f  y[3]_i_195/O
                         net (fo=4, routed)           0.909    33.986    y[3]_i_195_n_0
    SLICE_X54Y81         LUT6 (Prop_lut6_I3_O)        0.326    34.312 r  y[7]_i_1700/O
                         net (fo=1, routed)           0.568    34.880    y[7]_i_1700_n_0
    SLICE_X55Y81         CARRY4 (Prop_carry4_DI[1]_CO[3])
                                                      0.507    35.387 r  y_reg[7]_i_1538/CO[3]
                         net (fo=16, routed)          0.952    36.339    y_reg[7]_i_1538_n_0
    SLICE_X56Y80         LUT5 (Prop_lut5_I1_O)        0.124    36.463 r  y[5]_i_215/O
                         net (fo=7, routed)           1.092    37.555    y[5]_i_215_n_0
    SLICE_X53Y80         LUT4 (Prop_lut4_I0_O)        0.124    37.679 r  y[7]_i_1534/O
                         net (fo=1, routed)           0.000    37.679    y[7]_i_1534_n_0
    SLICE_X53Y80         CARRY4 (Prop_carry4_S[2]_CO[3])
                                                      0.398    38.077 r  y_reg[7]_i_1335/CO[3]
                         net (fo=36, routed)          1.004    39.081    y_reg[7]_i_1335_n_0
    SLICE_X53Y81         LUT3 (Prop_lut3_I1_O)        0.150    39.231 r  y[7]_i_1720/O
                         net (fo=2, routed)           0.594    39.825    y[7]_i_1720_n_0
    SLICE_X52Y80         LUT6 (Prop_lut6_I4_O)        0.326    40.151 r  y[7]_i_1545/O
                         net (fo=1, routed)           0.619    40.770    y[7]_i_1545_n_0
    SLICE_X51Y80         CARRY4 (Prop_carry4_DI[0]_CO[3])
                                                      0.526    41.296 r  y_reg[7]_i_1337/CO[3]
                         net (fo=16, routed)          0.934    42.230    y_reg[7]_i_1337_n_0
    SLICE_X51Y81         LUT5 (Prop_lut5_I1_O)        0.150    42.380 r  y[1]_i_159/O
                         net (fo=4, routed)           0.602    42.981    y[1]_i_159_n_0
    SLICE_X51Y83         LUT6 (Prop_lut6_I3_O)        0.326    43.307 r  y[7]_i_1379/O
                         net (fo=1, routed)           0.481    43.788    y[7]_i_1379_n_0
    SLICE_X51Y82         CARRY4 (Prop_carry4_DI[0]_CO[3])
                                                      0.526    44.314 r  y_reg[7]_i_1154/CO[3]
                         net (fo=20, routed)          1.197    45.511    y_reg[7]_i_1154_n_0
    SLICE_X51Y83         LUT3 (Prop_lut3_I1_O)        0.152    45.663 r  y[7]_i_1233/O
                         net (fo=5, routed)           1.068    46.731    y[7]_i_1233_n_0
    SLICE_X54Y84         LUT4 (Prop_lut4_I2_O)        0.332    47.063 r  y[7]_i_1149/O
                         net (fo=1, routed)           0.000    47.063    y[7]_i_1149_n_0
    SLICE_X54Y84         CARRY4 (Prop_carry4_S[0]_CO[3])
                                                      0.513    47.576 r  y_reg[7]_i_933/CO[3]
                         net (fo=32, routed)          1.163    48.739    y_reg[7]_i_933_n_0
    SLICE_X54Y85         LUT3 (Prop_lut3_I1_O)        0.153    48.892 r  y[5]_i_138/O
                         net (fo=4, routed)           1.048    49.940    y[5]_i_138_n_0
    SLICE_X50Y86         LUT6 (Prop_lut6_I3_O)        0.331    50.271 r  y[7]_i_1179/O
                         net (fo=1, routed)           0.472    50.743    y[7]_i_1179_n_0
    SLICE_X50Y85         CARRY4 (Prop_carry4_DI[2]_CO[3])
                                                      0.404    51.147 r  y_reg[7]_i_949/CO[3]
                         net (fo=28, routed)          1.732    52.879    y_reg[7]_i_949_n_0
    SLICE_X54Y85         LUT5 (Prop_lut5_I4_O)        0.150    53.029 r  y[7]_i_1012/O
                         net (fo=7, routed)           0.913    53.942    y[7]_i_1012_n_0
    SLICE_X54Y88         LUT4 (Prop_lut4_I2_O)        0.328    54.270 r  y[7]_i_943/O
                         net (fo=1, routed)           0.000    54.270    y[7]_i_943_n_0
    SLICE_X54Y88         CARRY4 (Prop_carry4_S[1]_CO[3])
                                                      0.533    54.803 r  y_reg[7]_i_717/CO[3]
                         net (fo=40, routed)          1.475    56.278    y_reg[7]_i_717_n_0
    SLICE_X53Y89         LUT3 (Prop_lut3_I1_O)        0.154    56.432 r  y[7]_i_582/O
                         net (fo=7, routed)           0.654    57.086    y[7]_i_582_n_0
    SLICE_X53Y88         LUT6 (Prop_lut6_I3_O)        0.327    57.413 r  y[7]_i_787/O
                         net (fo=1, routed)           0.572    57.984    y[7]_i_787_n_0
    SLICE_X52Y88         CARRY4 (Prop_carry4_DI[3]_CO[3])
                                                      0.385    58.369 r  y_reg[7]_i_581/CO[3]
                         net (fo=28, routed)          0.850    59.220    y_reg[7]_i_581_n_0
    SLICE_X53Y88         LUT5 (Prop_lut5_I4_O)        0.118    59.338 f  y[7]_i_785/O
                         net (fo=7, routed)           0.490    59.828    y[7]_i_785_n_0
    SLICE_X50Y87         LUT6 (Prop_lut6_I5_O)        0.326    60.154 r  y[7]_i_798/O
                         net (fo=1, routed)           0.568    60.722    y[7]_i_798_n_0
    SLICE_X50Y88         CARRY4 (Prop_carry4_DI[0]_CO[3])
                                                      0.550    61.272 r  y_reg[7]_i_584/CO[3]
                         net (fo=28, routed)          0.826    62.098    y_reg[7]_i_584_n_0
    SLICE_X50Y89         LUT5 (Prop_lut5_I4_O)        0.124    62.222 r  y[5]_i_67/O
                         net (fo=7, routed)           0.939    63.162    y[5]_i_67_n_0
    SLICE_X49Y88         LUT6 (Prop_lut6_I3_O)        0.124    63.286 r  y[7]_i_573/O
                         net (fo=1, routed)           0.617    63.903    y[7]_i_573_n_0
    SLICE_X48Y88         CARRY4 (Prop_carry4_DI[2]_CO[3])
                                                      0.398    64.301 r  y_reg[7]_i_384/CO[3]
                         net (fo=28, routed)          0.796    65.097    y_reg[7]_i_384_n_0
    SLICE_X48Y89         LUT5 (Prop_lut5_I4_O)        0.124    65.221 f  y[0]_i_81/O
                         net (fo=4, routed)           0.755    65.976    y[0]_i_81_n_0
    SLICE_X42Y90         LUT6 (Prop_lut6_I5_O)        0.124    66.100 r  y[7]_i_588/O
                         net (fo=1, routed)           0.568    66.668    y[7]_i_588_n_0
    SLICE_X43Y90         CARRY4 (Prop_carry4_DI[0]_CO[3])
                                                      0.526    67.194 r  y_reg[7]_i_387/CO[3]
                         net (fo=16, routed)          0.809    68.003    y_reg[7]_i_387_n_0
    SLICE_X44Y90         LUT5 (Prop_lut5_I4_O)        0.124    68.127 r  y[3]_i_44/O
                         net (fo=7, routed)           1.335    69.462    y[3]_i_44_n_0
    SLICE_X39Y90         LUT4 (Prop_lut4_I0_O)        0.124    69.586 r  y[7]_i_381/O
                         net (fo=1, routed)           0.000    69.586    y[7]_i_381_n_0
    SLICE_X39Y90         CARRY4 (Prop_carry4_S[1]_CO[3])
                                                      0.550    70.136 r  y_reg[7]_i_215/CO[3]
                         net (fo=32, routed)          1.144    71.280    y_reg[7]_i_215_n_0
    SLICE_X38Y92         LUT3 (Prop_lut3_I1_O)        0.124    71.404 f  y[0]_i_35/O
                         net (fo=6, routed)           0.693    72.097    y[0]_i_35_n_0
    SLICE_X38Y92         LUT6 (Prop_lut6_I5_O)        0.124    72.221 r  y[7]_i_370/O
                         net (fo=1, routed)           0.473    72.694    y[7]_i_370_n_0
    SLICE_X38Y91         CARRY4 (Prop_carry4_DI[0]_CO[3])
                                                      0.550    73.244 r  y_reg[7]_i_213/CO[3]
                         net (fo=28, routed)          0.998    74.242    y_reg[7]_i_213_n_0
    SLICE_X38Y92         LUT5 (Prop_lut5_I3_O)        0.150    74.392 f  y[1]_i_38/O
                         net (fo=4, routed)           0.853    75.245    y[1]_i_38_n_0
    SLICE_X40Y93         LUT6 (Prop_lut6_I3_O)        0.348    75.593 r  y[7]_i_336/O
                         net (fo=1, routed)           0.618    76.211    y[7]_i_336_n_0
    SLICE_X40Y92         CARRY4 (Prop_carry4_DI[0]_CO[3])
                                                      0.526    76.737 r  y_reg[7]_i_189/CO[3]
                         net (fo=20, routed)          0.992    77.729    y_reg[7]_i_189_n_0
    SLICE_X40Y93         LUT5 (Prop_lut5_I3_O)        0.124    77.853 f  y[1]_i_21/O
                         net (fo=4, routed)           0.853    78.706    y[1]_i_21_n_0
    SLICE_X42Y94         LUT6 (Prop_lut6_I3_O)        0.124    78.830 r  y[7]_i_194/O
                         net (fo=1, routed)           0.632    79.462    y[7]_i_194_n_0
    SLICE_X41Y94         CARRY4 (Prop_carry4_DI[0]_CO[3])
                                                      0.526    79.988 r  y_reg[7]_i_95/CO[3]
                         net (fo=28, routed)          0.980    80.968    y_reg[7]_i_95_n_0
    SLICE_X43Y94         LUT5 (Prop_lut5_I3_O)        0.119    81.087 f  y[1]_i_27/O
                         net (fo=4, routed)           1.165    82.252    y[1]_i_27_n_0
    SLICE_X42Y97         LUT6 (Prop_lut6_I3_O)        0.332    82.584 r  y[7]_i_241/O
                         net (fo=1, routed)           0.473    83.057    y[7]_i_241_n_0
    SLICE_X42Y96         CARRY4 (Prop_carry4_DI[0]_CO[3])
                                                      0.550    83.607 r  y_reg[7]_i_121/CO[3]
                         net (fo=16, routed)          0.949    84.557    y_reg[7]_i_121_n_0
    SLICE_X43Y97         LUT5 (Prop_lut5_I3_O)        0.150    84.707 r  y[3]_i_16/O
                         net (fo=6, routed)           1.336    86.043    y[3]_i_16_n_0
    SLICE_X45Y100        LUT4 (Prop_lut4_I0_O)        0.326    86.369 r  y[7]_i_154/O
                         net (fo=1, routed)           0.000    86.369    y[7]_i_154_n_0
    SLICE_X45Y100        CARRY4 (Prop_carry4_S[1]_CO[3])
                                                      0.550    86.919 r  y_reg[7]_i_62/CO[3]
                         net (fo=16, routed)          1.632    88.551    p_4_in
    SLICE_X43Y100        LUT5 (Prop_lut5_I1_O)        0.152    88.703 r  y[0]_i_7/O
                         net (fo=6, routed)           0.833    89.536    y[0]_i_7_n_0
    SLICE_X41Y100        LUT4 (Prop_lut4_I3_O)        0.326    89.862 r  y[7]_i_81/O
                         net (fo=1, routed)           0.000    89.862    y[7]_i_81_n_0
    SLICE_X41Y100        CARRY4 (Prop_carry4_S[0]_CO[3])
                                                      0.532    90.394 r  y_reg[7]_i_22/CO[3]
                         net (fo=16, routed)          0.801    91.194    y_reg[7]_i_22_n_0
    SLICE_X40Y101        LUT3 (Prop_lut3_I1_O)        0.118    91.312 r  y[1]_i_5/O
                         net (fo=5, routed)           0.859    92.171    y[1]_i_5_n_0
    SLICE_X39Y100        LUT4 (Prop_lut4_I1_O)        0.326    92.497 r  y[7]_i_33/O
                         net (fo=1, routed)           0.000    92.497    y[7]_i_33_n_0
    SLICE_X39Y100        CARRY4 (Prop_carry4_S[0]_CO[3])
                                                      0.532    93.029 r  y_reg[7]_i_6/CO[3]
                         net (fo=8, routed)           1.014    94.043    y_reg[7]_i_6_n_0
    SLICE_X38Y100        LUT6 (Prop_lut6_I0_O)        0.124    94.167 r  y[3]_i_2/O
                         net (fo=3, routed)           0.960    95.127    y[3]_i_2_n_0
    SLICE_X39Y102        LUT4 (Prop_lut4_I0_O)        0.124    95.251 r  y[7]_i_18/O
                         net (fo=1, routed)           0.000    95.251    y[7]_i_18_n_0
    SLICE_X39Y102        CARRY4 (Prop_carry4_S[1]_CO[3])
                                                      0.550    95.801 r  y_reg[7]_i_4/CO[3]
                         net (fo=8, routed)           0.810    96.611    s1
    SLICE_X38Y102        LUT3 (Prop_lut3_I2_O)        0.124    96.735 r  y[2]_i_1/O
                         net (fo=1, routed)           0.000    96.735    y[2]_i_1_n_0
    SLICE_X38Y102        FDRE                                         r  y_reg[2]/D
  -------------------------------------------------------------------    -------------------

                         (clock vclk rise edge)     102.655   102.655 r  <hidden>
                                                      0.000   102.655 r  clk
                         net (fo=167, unset)          0.924   103.579    clk
    SLICE_X38Y102        FDRE                                         r  y_reg[2]/C
                         clock pessimism              0.000   103.579    <hidden>
                         clock uncertainty           -0.035   103.544    <hidden>
    SLICE_X38Y102        FDRE (Setup_fdre_C_D)        0.081   103.625    y_reg[2]
  -------------------------------------------------------------------
                         required time                        103.625    <hidden>
                         arrival time                         -96.735    <hidden>
  -------------------------------------------------------------------
                         slack                                  6.890    <hidden>

Slack (MET) :             6.897ns  (required time - arrival time)
  Source:                 w0_reg[1]/C
                            (rising edge-triggered cell FDRE clocked by vclk  {rise@0.000ns fall@51.327ns period=102.655ns})
  Destination:            y_reg[0]/D
                            (rising edge-triggered cell FDRE clocked by vclk  {rise@0.000ns fall@51.327ns period=102.655ns})
  Path Group:             vclk
  Path Type:              Setup (Max at Slow Process Corner)
  Requirement:            102.655ns  (vclk rise@102.655ns - vclk rise@0.000ns)
  Data Path Delay:        95.751ns  (logic 27.447ns (28.665%)  route 68.304ns (71.335%))
  Logic Levels:           90  (CARRY4=30 LUT3=9 LUT4=12 LUT5=19 LUT6=20)
  Clock Path Skew:        -0.049ns (DCD - SCD + CPR)
    Destination Clock Delay (DCD):    0.924ns = ( 103.579 - 102.655 ) 
    Source Clock Delay      (SCD):    0.973ns
    Clock Pessimism Removal (CPR):    0.000ns
  Clock Uncertainty:      0.035ns  ((TSJ^2 + TIJ^2)^1/2 + DJ) / 2 + PE
    Total System Jitter     (TSJ):    0.071ns
    Total Input Jitter      (TIJ):    0.000ns
    Discrete Jitter          (DJ):    0.000ns
    Phase Error              (PE):    0.000ns

    Location             Delay type                Incr(ns)  Path(ns)    Netlist Resource(s)
  -------------------------------------------------------------------    -------------------
                         (clock vclk rise edge)       0.000     0.000 r  <hidden>
                                                      0.000     0.000 r  clk
                         net (fo=167, unset)          0.973     0.973    clk
    SLICE_X62Y73         FDRE                                         r  w0_reg[1]/C
  -------------------------------------------------------------------    -------------------
    SLICE_X62Y73         FDRE (Prop_fdre_C_Q)         0.518     1.491 r  w0_reg[1]/Q
                         net (fo=11, routed)          1.005     2.496    w0[1]
    SLICE_X64Y74         LUT4 (Prop_lut4_I0_O)        0.124     2.620 r  y[7]_i_2015/O
                         net (fo=1, routed)           0.000     2.620    y[7]_i_2015_n_0
    SLICE_X64Y74         CARRY4 (Prop_carry4_S[0]_CO[3])
                                                      0.532     3.152 r  y_reg[7]_i_1914/CO[3]
                         net (fo=64, routed)          1.284     4.436    y_reg[7]_i_1914_n_0
    SLICE_X62Y71         LUT3 (Prop_lut3_I1_O)        0.150     4.586 r  y[7]_i_2102/O
                         net (fo=1, routed)           0.290     4.876    y[7]_i_2102_n_0
    SLICE_X62Y71         LUT6 (Prop_lut6_I1_O)        0.348     5.224 r  y[7]_i_2018/O
                         net (fo=1, routed)           0.543     5.768    y[7]_i_2018_n_0
    SLICE_X64Y72         CARRY4 (Prop_carry4_DI[1]_CO[3])
                                                      0.507     6.275 r  y_reg[7]_i_1915/CO[3]
                         net (fo=40, routed)          1.399     7.673    y_reg[7]_i_1915_n_0
    SLICE_X63Y74         LUT5 (Prop_lut5_I3_O)        0.152     7.825 f  y[7]_i_2085/O
                         net (fo=1, routed)           0.849     8.674    y[7]_i_2085_n_0
    SLICE_X63Y74         LUT6 (Prop_lut6_I1_O)        0.332     9.006 r  y[7]_i_2000/O
                         net (fo=1, routed)           0.340     9.346    y[7]_i_2000_n_0
    SLICE_X63Y73         CARRY4 (Prop_carry4_DI[3]_CO[3])
                                                      0.385     9.731 r  y_reg[7]_i_1913/CO[3]
                         net (fo=16, routed)          0.816    10.547    y_reg[7]_i_1913_n_0
    SLICE_X62Y74         LUT6 (Prop_lut6_I2_O)        0.124    10.671 r  y[1]_i_225/O
                         net (fo=4, routed)           0.925    11.596    y[1]_i_225_n_0
    SLICE_X61Y74         LUT6 (Prop_lut6_I0_O)        0.124    11.720 r  y[7]_i_2035/O
                         net (fo=1, routed)           0.627    12.346    y[7]_i_2035_n_0
    SLICE_X60Y74         CARRY4 (Prop_carry4_DI[0]_CO[3])
                                                      0.526    12.872 r  y_reg[7]_i_1925/CO[3]
                         net (fo=16, routed)          0.967    13.840    y_reg[7]_i_1925_n_0
    SLICE_X62Y75         LUT5 (Prop_lut5_I3_O)        0.117    13.957 r  y[7]_i_1948/O
                         net (fo=4, routed)           0.975    14.932    y[7]_i_1948_n_0
    SLICE_X61Y77         LUT4 (Prop_lut4_I1_O)        0.348    15.280 r  y[7]_i_2060/O
                         net (fo=1, routed)           0.000    15.280    y[7]_i_2060_n_0
    SLICE_X61Y77         CARRY4 (Prop_carry4_S[3]_CO[3])
                                                      0.401    15.681 r  y_reg[7]_i_1949/CO[3]
                         net (fo=16, routed)          0.909    16.589    y_reg[7]_i_1949_n_0
    SLICE_X61Y76         LUT3 (Prop_lut3_I1_O)        0.119    16.708 r  y[1]_i_223/O
                         net (fo=6, routed)           0.864    17.572    y[1]_i_223_n_0
    SLICE_X58Y76         LUT6 (Prop_lut6_I0_O)        0.332    17.904 r  y[5]_i_348/O
                         net (fo=1, routed)           0.541    18.445    y[5]_i_348_n_0
    SLICE_X57Y76         CARRY4 (Prop_carry4_DI[0]_CO[3])
                                                      0.526    18.971 r  y_reg[5]_i_322/CO[3]
                         net (fo=32, routed)          1.206    20.177    y_reg[5]_i_322_n_0
    SLICE_X58Y77         LUT5 (Prop_lut5_I3_O)        0.146    20.323 r  y[5]_i_357/O
                         net (fo=2, routed)           0.792    21.114    y[5]_i_357_n_0
    SLICE_X57Y77         LUT4 (Prop_lut4_I0_O)        0.328    21.442 r  y[5]_i_343/O
                         net (fo=1, routed)           0.000    21.442    y[5]_i_343_n_0
    SLICE_X57Y77         CARRY4 (Prop_carry4_S[1]_CO[3])
                                                      0.550    21.992 r  y_reg[5]_i_320/CO[3]
                         net (fo=16, routed)          1.015    23.007    y_reg[5]_i_320_n_0
    SLICE_X57Y78         LUT5 (Prop_lut5_I1_O)        0.124    23.131 r  y[5]_i_284/O
                         net (fo=6, routed)           1.127    24.257    y[5]_i_284_n_0
    SLICE_X53Y75         LUT6 (Prop_lut6_I1_O)        0.124    24.381 r  y[5]_i_312/O
                         net (fo=1, routed)           0.614    24.995    y[5]_i_312_n_0
    SLICE_X52Y75         CARRY4 (Prop_carry4_DI[2]_CO[3])
                                                      0.398    25.393 r  y_reg[5]_i_283/CO[3]
                         net (fo=32, routed)          1.048    26.441    y_reg[5]_i_283_n_0
    SLICE_X53Y76         LUT5 (Prop_lut5_I3_O)        0.152    26.593 r  y[5]_i_333/O
                         net (fo=2, routed)           0.995    27.588    y[5]_i_333_n_0
    SLICE_X51Y76         LUT4 (Prop_lut4_I0_O)        0.332    27.920 r  y[5]_i_309/O
                         net (fo=1, routed)           0.000    27.920    y[5]_i_309_n_0
    SLICE_X51Y76         CARRY4 (Prop_carry4_S[1]_CO[3])
                                                      0.550    28.470 r  y_reg[5]_i_281/CO[3]
                         net (fo=16, routed)          0.842    29.312    y_reg[5]_i_281_n_0
    SLICE_X50Y76         LUT5 (Prop_lut5_I3_O)        0.117    29.429 f  y[3]_i_201/O
                         net (fo=4, routed)           1.118    30.547    y[3]_i_201_n_0
    SLICE_X56Y77         LUT6 (Prop_lut6_I3_O)        0.348    30.895 r  y[7]_i_1753/O
                         net (fo=1, routed)           0.557    31.453    y[7]_i_1753_n_0
    SLICE_X55Y77         CARRY4 (Prop_carry4_DI[1]_CO[3])
                                                      0.507    31.960 r  y_reg[7]_i_1595/CO[3]
                         net (fo=16, routed)          1.000    32.960    y_reg[7]_i_1595_n_0
    SLICE_X53Y78         LUT5 (Prop_lut5_I3_O)        0.118    33.078 f  y[3]_i_195/O
                         net (fo=4, routed)           0.909    33.986    y[3]_i_195_n_0
    SLICE_X54Y81         LUT6 (Prop_lut6_I3_O)        0.326    34.312 r  y[7]_i_1700/O
                         net (fo=1, routed)           0.568    34.880    y[7]_i_1700_n_0
    SLICE_X55Y81         CARRY4 (Prop_carry4_DI[1]_CO[3])
                                                      0.507    35.387 r  y_reg[7]_i_1538/CO[3]
                         net (fo=16, routed)          0.952    36.339    y_reg[7]_i_1538_n_0
    SLICE_X56Y80         LUT5 (Prop_lut5_I1_O)        0.124    36.463 r  y[5]_i_215/O
                         net (fo=7, routed)           1.092    37.555    y[5]_i_215_n_0
    SLICE_X53Y80         LUT4 (Prop_lut4_I0_O)        0.124    37.679 r  y[7]_i_1534/O
                         net (fo=1, routed)           0.000    37.679    y[7]_i_1534_n_0
    SLICE_X53Y80         CARRY4 (Prop_carry4_S[2]_CO[3])
                                                      0.398    38.077 r  y_reg[7]_i_1335/CO[3]
                         net (fo=36, routed)          1.004    39.081    y_reg[7]_i_1335_n_0
    SLICE_X53Y81         LUT3 (Prop_lut3_I1_O)        0.150    39.231 r  y[7]_i_1720/O
                         net (fo=2, routed)           0.594    39.825    y[7]_i_1720_n_0
    SLICE_X52Y80         LUT6 (Prop_lut6_I4_O)        0.326    40.151 r  y[7]_i_1545/O
                         net (fo=1, routed)           0.619    40.770    y[7]_i_1545_n_0
    SLICE_X51Y80         CARRY4 (Prop_carry4_DI[0]_CO[3])
                                                      0.526    41.296 r  y_reg[7]_i_1337/CO[3]
                         net (fo=16, routed)          0.934    42.230    y_reg[7]_i_1337_n_0
    SLICE_X51Y81         LUT5 (Prop_lut5_I1_O)        0.150    42.380 r  y[1]_i_159/O
                         net (fo=4, routed)           0.602    42.981    y[1]_i_159_n_0
    SLICE_X51Y83         LUT6 (Prop_lut6_I3_O)        0.326    43.307 r  y[7]_i_1379/O
                         net (fo=1, routed)           0.481    43.788    y[7]_i_1379_n_0
    SLICE_X51Y82         CARRY4 (Prop_carry4_DI[0]_CO[3])
                                                      0.526    44.314 r  y_reg[7]_i_1154/CO[3]
                         net (fo=20, routed)          1.197    45.511    y_reg[7]_i_1154_n_0
    SLICE_X51Y83         LUT3 (Prop_lut3_I1_O)        0.152    45.663 r  y[7]_i_1233/O
                         net (fo=5, routed)           1.068    46.731    y[7]_i_1233_n_0
    SLICE_X54Y84         LUT4 (Prop_lut4_I2_O)        0.332    47.063 r  y[7]_i_1149/O
                         net (fo=1, routed)           0.000    47.063    y[7]_i_1149_n_0
    SLICE_X54Y84         CARRY4 (Prop_carry4_S[0]_CO[3])
                                                      0.513    47.576 r  y_reg[7]_i_933/CO[3]
                         net (fo=32, routed)          1.163    48.739    y_reg[7]_i_933_n_0
    SLICE_X54Y85         LUT3 (Prop_lut3_I1_O)        0.153    48.892 r  y[5]_i_138/O
                         net (fo=4, routed)           1.048    49.940    y[5]_i_138_n_0
    SLICE_X50Y86         LUT6 (Prop_lut6_I3_O)        0.331    50.271 r  y[7]_i_1179/O
                         net (fo=1, routed)           0.472    50.743    y[7]_i_1179_n_0
    SLICE_X50Y85         CARRY4 (Prop_carry4_DI[2]_CO[3])
                                                      0.404    51.147 r  y_reg[7]_i_949/CO[3]
                         net (fo=28, routed)          1.732    52.879    y_reg[7]_i_949_n_0
    SLICE_X54Y85         LUT5 (Prop_lut5_I4_O)        0.150    53.029 r  y[7]_i_1012/O
                         net (fo=7, routed)           0.913    53.942    y[7]_i_1012_n_0
    SLICE_X54Y88         LUT4 (Prop_lut4_I2_O)        0.328    54.270 r  y[7]_i_943/O
                         net (fo=1, routed)           0.000    54.270    y[7]_i_943_n_0
    SLICE_X54Y88         CARRY4 (Prop_carry4_S[1]_CO[3])
                                                      0.533    54.803 r  y_reg[7]_i_717/CO[3]
                         net (fo=40, routed)          1.475    56.278    y_reg[7]_i_717_n_0
    SLICE_X53Y89         LUT3 (Prop_lut3_I1_O)        0.154    56.432 r  y[7]_i_582/O
                         net (fo=7, routed)           0.654    57.086    y[7]_i_582_n_0
    SLICE_X53Y88         LUT6 (Prop_lut6_I3_O)        0.327    57.413 r  y[7]_i_787/O
                         net (fo=1, routed)           0.572    57.984    y[7]_i_787_n_0
    SLICE_X52Y88         CARRY4 (Prop_carry4_DI[3]_CO[3])
                                                      0.385    58.369 r  y_reg[7]_i_581/CO[3]
                         net (fo=28, routed)          0.850    59.220    y_reg[7]_i_581_n_0
    SLICE_X53Y88         LUT5 (Prop_lut5_I4_O)        0.118    59.338 f  y[7]_i_785/O
                         net (fo=7, routed)           0.490    59.828    y[7]_i_785_n_0
    SLICE_X50Y87         LUT6 (Prop_lut6_I5_O)        0.326    60.154 r  y[7]_i_798/O
                         net (fo=1, routed)           0.568    60.722    y[7]_i_798_n_0
    SLICE_X50Y88         CARRY4 (Prop_carry4_DI[0]_CO[3])
                                                      0.550    61.272 r  y_reg[7]_i_584/CO[3]
                         net (fo=28, routed)          0.826    62.098    y_reg[7]_i_584_n_0
    SLICE_X50Y89         LUT5 (Prop_lut5_I4_O)        0.124    62.222 r  y[5]_i_67/O
                         net (fo=7, routed)           0.939    63.162    y[5]_i_67_n_0
    SLICE_X49Y88         LUT6 (Prop_lut6_I3_O)        0.124    63.286 r  y[7]_i_573/O
                         net (fo=1, routed)           0.617    63.903    y[7]_i_573_n_0
    SLICE_X48Y88         CARRY4 (Prop_carry4_DI[2]_CO[3])
                                                      0.398    64.301 r  y_reg[7]_i_384/CO[3]
                         net (fo=28, routed)          0.796    65.097    y_reg[7]_i_384_n_0
    SLICE_X48Y89         LUT5 (Prop_lut5_I4_O)        0.124    65.221 f  y[0]_i_81/O
                         net (fo=4, routed)           0.755    65.976    y[0]_i_81_n_0
    SLICE_X42Y90         LUT6 (Prop_lut6_I5_O)        0.124    66.100 r  y[7]_i_588/O
                         net (fo=1, routed)           0.568    66.668    y[7]_i_588_n_0
    SLICE_X43Y90         CARRY4 (Prop_carry4_DI[0]_CO[3])
                                                      0.526    67.194 r  y_reg[7]_i_387/CO[3]
                         net (fo=16, routed)          0.809    68.003    y_reg[7]_i_387_n_0
    SLICE_X44Y90         LUT5 (Prop_lut5_I4_O)        0.124    68.127 r  y[3]_i_44/O
                         net (fo=7, routed)           1.335    69.462    y[3]_i_44_n_0
    SLICE_X39Y90         LUT4 (Prop_lut4_I0_O)        0.124    69.586 r  y[7]_i_381/O
                         net (fo=1, routed)           0.000    69.586    y[7]_i_381_n_0
    SLICE_X39Y90         CARRY4 (Prop_carry4_S[1]_CO[3])
                                                      0.550    70.136 r  y_reg[7]_i_215/CO[3]
                         net (fo=32, routed)          1.144    71.280    y_reg[7]_i_215_n_0
    SLICE_X38Y92         LUT3 (Prop_lut3_I1_O)        0.124    71.404 f  y[0]_i_35/O
                         net (fo=6, routed)           0.693    72.097    y[0]_i_35_n_0
    SLICE_X38Y92         LUT6 (Prop_lut6_I5_O)        0.124    72.221 r  y[7]_i_370/O
                         net (fo=1, routed)           0.473    72.694    y[7]_i_370_n_0
    SLICE_X38Y91         CARRY4 (Prop_carry4_DI[0]_CO[3])
                                                      0.550    73.244 r  y_reg[7]_i_213/CO[3]
                         net (fo=28, routed)          0.998    74.242    y_reg[7]_i_213_n_0
    SLICE_X38Y92         LUT5 (Prop_lut5_I3_O)        0.150    74.392 f  y[1]_i_38/O
                         net (fo=4, routed)           0.853    75.245    y[1]_i_38_n_0
    SLICE_X40Y93         LUT6 (Prop_lut6_I3_O)        0.348    75.593 r  y[7]_i_336/O
                         net (fo=1, routed)           0.618    76.211    y[7]_i_336_n_0
    SLICE_X40Y92         CARRY4 (Prop_carry4_DI[0]_CO[3])
                                                      0.526    76.737 r  y_reg[7]_i_189/CO[3]
                         net (fo=20, routed)          0.992    77.729    y_reg[7]_i_189_n_0
    SLICE_X40Y93         LUT5 (Prop_lut5_I3_O)        0.124    77.853 f  y[1]_i_21/O
                         net (fo=4, routed)           0.853    78.706    y[1]_i_21_n_0
    SLICE_X42Y94         LUT6 (Prop_lut6_I3_O)        0.124    78.830 r  y[7]_i_194/O
                         net (fo=1, routed)           0.632    79.462    y[7]_i_194_n_0
    SLICE_X41Y94         CARRY4 (Prop_carry4_DI[0]_CO[3])
                                                      0.526    79.988 r  y_reg[7]_i_95/CO[3]
                         net (fo=28, routed)          0.980    80.968    y_reg[7]_i_95_n_0
    SLICE_X43Y94         LUT5 (Prop_lut5_I3_O)        0.119    81.087 f  y[1]_i_27/O
                         net (fo=4, routed)           1.165    82.252    y[1]_i_27_n_0
    SLICE_X42Y97         LUT6 (Prop_lut6_I3_O)        0.332    82.584 r  y[7]_i_241/O
                         net (fo=1, routed)           0.473    83.057    y[7]_i_241_n_0
    SLICE_X42Y96         CARRY4 (Prop_carry4_DI[0]_CO[3])
                                                      0.550    83.607 r  y_reg[7]_i_121/CO[3]
                         net (fo=16, routed)          0.949    84.557    y_reg[7]_i_121_n_0
    SLICE_X43Y97         LUT5 (Prop_lut5_I3_O)        0.150    84.707 r  y[3]_i_16/O
                         net (fo=6, routed)           1.336    86.043    y[3]_i_16_n_0
    SLICE_X45Y100        LUT4 (Prop_lut4_I0_O)        0.326    86.369 r  y[7]_i_154/O
                         net (fo=1, routed)           0.000    86.369    y[7]_i_154_n_0
    SLICE_X45Y100        CARRY4 (Prop_carry4_S[1]_CO[3])
                                                      0.550    86.919 r  y_reg[7]_i_62/CO[3]
                         net (fo=16, routed)          1.632    88.551    p_4_in
    SLICE_X43Y100        LUT5 (Prop_lut5_I1_O)        0.152    88.703 r  y[0]_i_7/O
                         net (fo=6, routed)           0.833    89.536    y[0]_i_7_n_0
    SLICE_X41Y100        LUT4 (Prop_lut4_I3_O)        0.326    89.862 r  y[7]_i_81/O
                         net (fo=1, routed)           0.000    89.862    y[7]_i_81_n_0
    SLICE_X41Y100        CARRY4 (Prop_carry4_S[0]_CO[3])
                                                      0.532    90.394 r  y_reg[7]_i_22/CO[3]
                         net (fo=16, routed)          0.801    91.194    y_reg[7]_i_22_n_0
    SLICE_X40Y101        LUT3 (Prop_lut3_I1_O)        0.118    91.312 r  y[1]_i_5/O
                         net (fo=5, routed)           0.859    92.171    y[1]_i_5_n_0
    SLICE_X39Y100        LUT4 (Prop_lut4_I1_O)        0.326    92.497 r  y[7]_i_33/O
                         net (fo=1, routed)           0.000    92.497    y[7]_i_33_n_0
    SLICE_X39Y100        CARRY4 (Prop_carry4_S[0]_CO[3])
                                                      0.532    93.029 r  y_reg[7]_i_6/CO[3]
                         net (fo=8, routed)           1.014    94.043    y_reg[7]_i_6_n_0
    SLICE_X38Y100        LUT6 (Prop_lut6_I0_O)        0.124    94.167 r  y[3]_i_2/O
                         net (fo=3, routed)           0.960    95.127    y[3]_i_2_n_0
    SLICE_X39Y102        LUT4 (Prop_lut4_I0_O)        0.124    95.251 r  y[7]_i_18/O
                         net (fo=1, routed)           0.000    95.251    y[7]_i_18_n_0
    SLICE_X39Y102        CARRY4 (Prop_carry4_S[1]_CO[3])
                                                      0.550    95.801 r  y_reg[7]_i_4/CO[3]
                         net (fo=8, routed)           0.799    96.600    s1
    SLICE_X38Y102        LUT3 (Prop_lut3_I2_O)        0.124    96.724 r  y[0]_i_1/O
                         net (fo=1, routed)           0.000    96.724    y[0]_i_1_n_0
    SLICE_X38Y102        FDRE                                         r  y_reg[0]/D
  -------------------------------------------------------------------    -------------------

                         (clock vclk rise edge)     102.655   102.655 r  <hidden>
                                                      0.000   102.655 r  clk
                         net (fo=167, unset)          0.924   103.579    clk
    SLICE_X38Y102        FDRE                                         r  y_reg[0]/C
                         clock pessimism              0.000   103.579    <hidden>
                         clock uncertainty           -0.035   103.544    <hidden>
    SLICE_X38Y102        FDRE (Setup_fdre_C_D)        0.077   103.621    y_reg[0]
  -------------------------------------------------------------------
                         required time                        103.621    <hidden>
                         arrival time                         -96.724    <hidden>
  -------------------------------------------------------------------
                         slack                                  6.897    <hidden>

Slack (MET) :             6.934ns  (required time - arrival time)
  Source:                 w0_reg[1]/C
                            (rising edge-triggered cell FDRE clocked by vclk  {rise@0.000ns fall@51.327ns period=102.655ns})
  Destination:            y_reg[3]/D
                            (rising edge-triggered cell FDRE clocked by vclk  {rise@0.000ns fall@51.327ns period=102.655ns})
  Path Group:             vclk
  Path Type:              Setup (Max at Slow Process Corner)
  Requirement:            102.655ns  (vclk rise@102.655ns - vclk rise@0.000ns)
  Data Path Delay:        95.755ns  (logic 27.440ns (28.656%)  route 68.315ns (71.344%))
  Logic Levels:           90  (CARRY4=30 LUT3=9 LUT4=12 LUT5=19 LUT6=20)
  Clock Path Skew:        -0.049ns (DCD - SCD + CPR)
    Destination Clock Delay (DCD):    0.924ns = ( 103.579 - 102.655 ) 
    Source Clock Delay      (SCD):    0.973ns
    Clock Pessimism Removal (CPR):    0.000ns
  Clock Uncertainty:      0.035ns  ((TSJ^2 + TIJ^2)^1/2 + DJ) / 2 + PE
    Total System Jitter     (TSJ):    0.071ns
    Total Input Jitter      (TIJ):    0.000ns
    Discrete Jitter          (DJ):    0.000ns
    Phase Error              (PE):    0.000ns

    Location             Delay type                Incr(ns)  Path(ns)    Netlist Resource(s)
  -------------------------------------------------------------------    -------------------
                         (clock vclk rise edge)       0.000     0.000 r  <hidden>
                                                      0.000     0.000 r  clk
                         net (fo=167, unset)          0.973     0.973    clk
    SLICE_X62Y73         FDRE                                         r  w0_reg[1]/C
  -------------------------------------------------------------------    -------------------
    SLICE_X62Y73         FDRE (Prop_fdre_C_Q)         0.518     1.491 r  w0_reg[1]/Q
                         net (fo=11, routed)          1.005     2.496    w0[1]
    SLICE_X64Y74         LUT4 (Prop_lut4_I0_O)        0.124     2.620 r  y[7]_i_2015/O
                         net (fo=1, routed)           0.000     2.620    y[7]_i_2015_n_0
    SLICE_X64Y74         CARRY4 (Prop_carry4_S[0]_CO[3])
                                                      0.532     3.152 r  y_reg[7]_i_1914/CO[3]
                         net (fo=64, routed)          1.284     4.436    y_reg[7]_i_1914_n_0
    SLICE_X62Y71         LUT3 (Prop_lut3_I1_O)        0.150     4.586 r  y[7]_i_2102/O
                         net (fo=1, routed)           0.290     4.876    y[7]_i_2102_n_0
    SLICE_X62Y71         LUT6 (Prop_lut6_I1_O)        0.348     5.224 r  y[7]_i_2018/O
                         net (fo=1, routed)           0.543     5.768    y[7]_i_2018_n_0
    SLICE_X64Y72         CARRY4 (Prop_carry4_DI[1]_CO[3])
                                                      0.507     6.275 r  y_reg[7]_i_1915/CO[3]
                         net (fo=40, routed)          1.399     7.673    y_reg[7]_i_1915_n_0
    SLICE_X63Y74         LUT5 (Prop_lut5_I3_O)        0.152     7.825 f  y[7]_i_2085/O
                         net (fo=1, routed)           0.849     8.674    y[7]_i_2085_n_0
    SLICE_X63Y74         LUT6 (Prop_lut6_I1_O)        0.332     9.006 r  y[7]_i_2000/O
                         net (fo=1, routed)           0.340     9.346    y[7]_i_2000_n_0
    SLICE_X63Y73         CARRY4 (Prop_carry4_DI[3]_CO[3])
                                                      0.385     9.731 r  y_reg[7]_i_1913/CO[3]
                         net (fo=16, routed)          0.816    10.547    y_reg[7]_i_1913_n_0
    SLICE_X62Y74         LUT6 (Prop_lut6_I2_O)        0.124    10.671 r  y[1]_i_225/O
                         net (fo=4, routed)           0.925    11.596    y[1]_i_225_n_0
    SLICE_X61Y74         LUT6 (Prop_lut6_I0_O)        0.124    11.720 r  y[7]_i_2035/O
                         net (fo=1, routed)           0.627    12.346    y[7]_i_2035_n_0
    SLICE_X60Y74         CARRY4 (Prop_carry4_DI[0]_CO[3])
                                                      0.526    12.872 r  y_reg[7]_i_1925/CO[3]
                         net (fo=16, routed)          0.967    13.840    y_reg[7]_i_1925_n_0
    SLICE_X62Y75         LUT5 (Prop_lut5_I3_O)        0.117    13.957 r  y[7]_i_1948/O
                         net (fo=4, routed)           0.975    14.932    y[7]_i_1948_n_0
    SLICE_X61Y77         LUT4 (Prop_lut4_I1_O)        0.348    15.280 r  y[7]_i_2060/O
                         net (fo=1, routed)           0.000    15.280    y[7]_i_2060_n_0
    SLICE_X61Y77         CARRY4 (Prop_carry4_S[3]_CO[3])
                                                      0.401    15.681 r  y_reg[7]_i_1949/CO[3]
                         net (fo=16, routed)          0.909    16.589    y_reg[7]_i_1949_n_0
    SLICE_X61Y76         LUT3 (Prop_lut3_I1_O)        0.119    16.708 r  y[1]_i_223/O
                         net (fo=6, routed)           0.864    17.572    y[1]_i_223_n_0
    SLICE_X58Y76         LUT6 (Prop_lut6_I0_O)        0.332    17.904 r  y[5]_i_348/O
                         net (fo=1, routed)           0.541    18.445    y[5]_i_348_n_0
    SLICE_X57Y76         CARRY4 (Prop_carry4_DI[0]_CO[3])
                                                      0.526    18.971 r  y_reg[5]_i_322/CO[3]
                         net (fo=32, routed)          1.206    20.177    y_reg[5]_i_322_n_0
    SLICE_X58Y77         LUT5 (Prop_lut5_I3_O)        0.146    20.323 r  y[5]_i_357/O
                         net (fo=2, routed)           0.792    21.114    y[5]_i_357_n_0
    SLICE_X57Y77         LUT4 (Prop_lut4_I0_O)        0.328    21.442 r  y[5]_i_343/O
                         net (fo=1, routed)           0.000    21.442    y[5]_i_343_n_0
    SLICE_X57Y77         CARRY4 (Prop_carry4_S[1]_CO[3])
                                                      0.550    21.992 r  y_reg[5]_i_320/CO[3]
                         net (fo=16, routed)          1.015    23.007    y_reg[5]_i_320_n_0
    SLICE_X57Y78         LUT5 (Prop_lut5_I1_O)        0.124    23.131 r  y[5]_i_284/O
                         net (fo=6, routed)           1.127    24.257    y[5]_i_284_n_0
    SLICE_X53Y75         LUT6 (Prop_lut6_I1_O)        0.124    24.381 r  y[5]_i_312/O
                         net (fo=1, routed)           0.614    24.995    y[5]_i_312_n_0
    SLICE_X52Y75         CARRY4 (Prop_carry4_DI[2]_CO[3])
                                                      0.398    25.393 r  y_reg[5]_i_283/CO[3]
                         net (fo=32, routed)          1.048    26.441    y_reg[5]_i_283_n_0
    SLICE_X53Y76         LUT5 (Prop_lut5_I3_O)        0.152    26.593 r  y[5]_i_333/O
                         net (fo=2, routed)           0.995    27.588    y[5]_i_333_n_0
    SLICE_X51Y76         LUT4 (Prop_lut4_I0_O)        0.332    27.920 r  y[5]_i_309/O
                         net (fo=1, routed)           0.000    27.920    y[5]_i_309_n_0
    SLICE_X51Y76         CARRY4 (Prop_carry4_S[1]_CO[3])
                                                      0.550    28.470 r  y_reg[5]_i_281/CO[3]
                         net (fo=16, routed)          0.842    29.312    y_reg[5]_i_281_n_0
    SLICE_X50Y76         LUT5 (Prop_lut5_I3_O)        0.117    29.429 f  y[3]_i_201/O
                         net (fo=4, routed)           1.118    30.547    y[3]_i_201_n_0
    SLICE_X56Y77         LUT6 (Prop_lut6_I3_O)        0.348    30.895 r  y[7]_i_1753/O
                         net (fo=1, routed)           0.557    31.453    y[7]_i_1753_n_0
    SLICE_X55Y77         CARRY4 (Prop_carry4_DI[1]_CO[3])
                                                      0.507    31.960 r  y_reg[7]_i_1595/CO[3]
                         net (fo=16, routed)          1.000    32.960    y_reg[7]_i_1595_n_0
    SLICE_X53Y78         LUT5 (Prop_lut5_I3_O)        0.118    33.078 f  y[3]_i_195/O
                         net (fo=4, routed)           0.909    33.986    y[3]_i_195_n_0
    SLICE_X54Y81         LUT6 (Prop_lut6_I3_O)        0.326    34.312 r  y[7]_i_1700/O
                         net (fo=1, routed)           0.568    34.880    y[7]_i_1700_n_0
    SLICE_X55Y81         CARRY4 (Prop_carry4_DI[1]_CO[3])
                                                      0.507    35.387 r  y_reg[7]_i_1538/CO[3]
                         net (fo=16, routed)          0.952    36.339    y_reg[7]_i_1538_n_0
    SLICE_X56Y80         LUT5 (Prop_lut5_I1_O)        0.124    36.463 r  y[5]_i_215/O
                         net (fo=7, routed)           1.092    37.555    y[5]_i_215_n_0
    SLICE_X53Y80         LUT4 (Prop_lut4_I0_O)        0.124    37.679 r  y[7]_i_1534/O
                         net (fo=1, routed)           0.000    37.679    y[7]_i_1534_n_0
    SLICE_X53Y80         CARRY4 (Prop_carry4_S[2]_CO[3])
                                                      0.398    38.077 r  y_reg[7]_i_1335/CO[3]
                         net (fo=36, routed)          1.004    39.081    y_reg[7]_i_1335_n_0
    SLICE_X53Y81         LUT3 (Prop_lut3_I1_O)        0.150    39.231 r  y[7]_i_1720/O
                         net (fo=2, routed)           0.594    39.825    y[7]_i_1720_n_0
    SLICE_X52Y80         LUT6 (Prop_lut6_I4_O)        0.326    40.151 r  y[7]_i_1545/O
                         net (fo=1, routed)           0.619    40.770    y[7]_i_1545_n_0
    SLICE_X51Y80         CARRY4 (Prop_carry4_DI[0]_CO[3])
                                                      0.526    41.296 r  y_reg[7]_i_1337/CO[3]
                         net (fo=16, routed)          0.934    42.230    y_reg[7]_i_1337_n_0
    SLICE_X51Y81         LUT5 (Prop_lut5_I1_O)        0.150    42.380 r  y[1]_i_159/O
                         net (fo=4, routed)           0.602    42.981    y[1]_i_159_n_0
    SLICE_X51Y83         LUT6 (Prop_lut6_I3_O)        0.326    43.307 r  y[7]_i_1379/O
                         net (fo=1, routed)           0.481    43.788    y[7]_i_1379_n_0
    SLICE_X51Y82         CARRY4 (Prop_carry4_DI[0]_CO[3])
                                                      0.526    44.314 r  y_reg[7]_i_1154/CO[3]
                         net (fo=20, routed)          1.197    45.511    y_reg[7]_i_1154_n_0
    SLICE_X51Y83         LUT3 (Prop_lut3_I1_O)        0.152    45.663 r  y[7]_i_1233/O
                         net (fo=5, routed)           1.068    46.731    y[7]_i_1233_n_0
    SLICE_X54Y84         LUT4 (Prop_lut4_I2_O)        0.332    47.063 r  y[7]_i_1149/O
                         net (fo=1, routed)           0.000    47.063    y[7]_i_1149_n_0
    SLICE_X54Y84         CARRY4 (Prop_carry4_S[0]_CO[3])
                                                      0.513    47.576 r  y_reg[7]_i_933/CO[3]
                         net (fo=32, routed)          1.163    48.739    y_reg[7]_i_933_n_0
    SLICE_X54Y85         LUT3 (Prop_lut3_I1_O)        0.153    48.892 r  y[5]_i_138/O
                         net (fo=4, routed)           1.048    49.940    y[5]_i_138_n_0
    SLICE_X50Y86         LUT6 (Prop_lut6_I3_O)        0.331    50.271 r  y[7]_i_1179/O
                         net (fo=1, routed)           0.472    50.743    y[7]_i_1179_n_0
    SLICE_X50Y85         CARRY4 (Prop_carry4_DI[2]_CO[3])
                                                      0.404    51.147 r  y_reg[7]_i_949/CO[3]
                         net (fo=28, routed)          1.732    52.879    y_reg[7]_i_949_n_0
    SLICE_X54Y85         LUT5 (Prop_lut5_I4_O)        0.150    53.029 r  y[7]_i_1012/O
                         net (fo=7, routed)           0.913    53.942    y[7]_i_1012_n_0
    SLICE_X54Y88         LUT4 (Prop_lut4_I2_O)        0.328    54.270 r  y[7]_i_943/O
                         net (fo=1, routed)           0.000    54.270    y[7]_i_943_n_0
    SLICE_X54Y88         CARRY4 (Prop_carry4_S[1]_CO[3])
                                                      0.533    54.803 r  y_reg[7]_i_717/CO[3]
                         net (fo=40, routed)          1.475    56.278    y_reg[7]_i_717_n_0
    SLICE_X53Y89         LUT3 (Prop_lut3_I1_O)        0.154    56.432 r  y[7]_i_582/O
                         net (fo=7, routed)           0.654    57.086    y[7]_i_582_n_0
    SLICE_X53Y88         LUT6 (Prop_lut6_I3_O)        0.327    57.413 r  y[7]_i_787/O
                         net (fo=1, routed)           0.572    57.984    y[7]_i_787_n_0
    SLICE_X52Y88         CARRY4 (Prop_carry4_DI[3]_CO[3])
                                                      0.385    58.369 r  y_reg[7]_i_581/CO[3]
                         net (fo=28, routed)          0.850    59.220    y_reg[7]_i_581_n_0
    SLICE_X53Y88         LUT5 (Prop_lut5_I4_O)        0.118    59.338 f  y[7]_i_785/O
                         net (fo=7, routed)           0.490    59.828    y[7]_i_785_n_0
    SLICE_X50Y87         LUT6 (Prop_lut6_I5_O)        0.326    60.154 r  y[7]_i_798/O
                         net (fo=1, routed)           0.568    60.722    y[7]_i_798_n_0
    SLICE_X50Y88         CARRY4 (Prop_carry4_DI[0]_CO[3])
                                                      0.550    61.272 r  y_reg[7]_i_584/CO[3]
                         net (fo=28, routed)          0.826    62.098    y_reg[7]_i_584_n_0
    SLICE_X50Y89         LUT5 (Prop_lut5_I4_O)        0.124    62.222 r  y[5]_i_67/O
                         net (fo=7, routed)           0.939    63.162    y[5]_i_67_n_0
    SLICE_X49Y88         LUT6 (Prop_lut6_I3_O)        0.124    63.286 r  y[7]_i_573/O
                         net (fo=1, routed)           0.617    63.903    y[7]_i_573_n_0
    SLICE_X48Y88         CARRY4 (Prop_carry4_DI[2]_CO[3])
                                                      0.398    64.301 r  y_reg[7]_i_384/CO[3]
                         net (fo=28, routed)          0.796    65.097    y_reg[7]_i_384_n_0
    SLICE_X48Y89         LUT5 (Prop_lut5_I4_O)        0.124    65.221 f  y[0]_i_81/O
                         net (fo=4, routed)           0.755    65.976    y[0]_i_81_n_0
    SLICE_X42Y90         LUT6 (Prop_lut6_I5_O)        0.124    66.100 r  y[7]_i_588/O
                         net (fo=1, routed)           0.568    66.668    y[7]_i_588_n_0
    SLICE_X43Y90         CARRY4 (Prop_carry4_DI[0]_CO[3])
                                                      0.526    67.194 r  y_reg[7]_i_387/CO[3]
                         net (fo=16, routed)          0.809    68.003    y_reg[7]_i_387_n_0
    SLICE_X44Y90         LUT5 (Prop_lut5_I4_O)        0.124    68.127 r  y[3]_i_44/O
                         net (fo=7, routed)           1.335    69.462    y[3]_i_44_n_0
    SLICE_X39Y90         LUT4 (Prop_lut4_I0_O)        0.124    69.586 r  y[7]_i_381/O
                         net (fo=1, routed)           0.000    69.586    y[7]_i_381_n_0
    SLICE_X39Y90         CARRY4 (Prop_carry4_S[1]_CO[3])
                                                      0.550    70.136 r  y_reg[7]_i_215/CO[3]
                         net (fo=32, routed)          1.144    71.280    y_reg[7]_i_215_n_0
    SLICE_X38Y92         LUT3 (Prop_lut3_I1_O)        0.124    71.404 f  y[0]_i_35/O
                         net (fo=6, routed)           0.693    72.097    y[0]_i_35_n_0
    SLICE_X38Y92         LUT6 (Prop_lut6_I5_O)        0.124    72.221 r  y[7]_i_370/O
                         net (fo=1, routed)           0.473    72.694    y[7]_i_370_n_0
    SLICE_X38Y91         CARRY4 (Prop_carry4_DI[0]_CO[3])
                                                      0.550    73.244 r  y_reg[7]_i_213/CO[3]
                         net (fo=28, routed)          0.998    74.242    y_reg[7]_i_213_n_0
    SLICE_X38Y92         LUT5 (Prop_lut5_I3_O)        0.150    74.392 f  y[1]_i_38/O
                         net (fo=4, routed)           0.853    75.245    y[1]_i_38_n_0
    SLICE_X40Y93         LUT6 (Prop_lut6_I3_O)        0.348    75.593 r  y[7]_i_336/O
                         net (fo=1, routed)           0.618    76.211    y[7]_i_336_n_0
    SLICE_X40Y92         CARRY4 (Prop_carry4_DI[0]_CO[3])
                                                      0.526    76.737 r  y_reg[7]_i_189/CO[3]
                         net (fo=20, routed)          0.992    77.729    y_reg[7]_i_189_n_0
    SLICE_X40Y93         LUT5 (Prop_lut5_I3_O)        0.124    77.853 f  y[1]_i_21/O
                         net (fo=4, routed)           0.853    78.706    y[1]_i_21_n_0
    SLICE_X42Y94         LUT6 (Prop_lut6_I3_O)        0.124    78.830 r  y[7]_i_194/O
                         net (fo=1, routed)           0.632    79.462    y[7]_i_194_n_0
    SLICE_X41Y94         CARRY4 (Prop_carry4_DI[0]_CO[3])
                                                      0.526    79.988 r  y_reg[7]_i_95/CO[3]
                         net (fo=28, routed)          0.980    80.968    y_reg[7]_i_95_n_0
    SLICE_X43Y94         LUT5 (Prop_lut5_I3_O)        0.119    81.087 f  y[1]_i_27/O
                         net (fo=4, routed)           1.165    82.252    y[1]_i_27_n_0
    SLICE_X42Y97         LUT6 (Prop_lut6_I3_O)        0.332    82.584 r  y[7]_i_241/O
                         net (fo=1, routed)           0.473    83.057    y[7]_i_241_n_0
    SLICE_X42Y96         CARRY4 (Prop_carry4_DI[0]_CO[3])
                                                      0.550    83.607 r  y_reg[7]_i_121/CO[3]
                         net (fo=16, routed)          0.949    84.557    y_reg[7]_i_121_n_0
    SLICE_X43Y97         LUT5 (Prop_lut5_I3_O)        0.150    84.707 r  y[3]_i_16/O
                         net (fo=6, routed)           1.336    86.043    y[3]_i_16_n_0
    SLICE_X45Y100        LUT4 (Prop_lut4_I0_O)        0.326    86.369 r  y[7]_i_154/O
                         net (fo=1, routed)           0.000    86.369    y[7]_i_154_n_0
    SLICE_X45Y100        CARRY4 (Prop_carry4_S[1]_CO[3])
                                                      0.550    86.919 r  y_reg[7]_i_62/CO[3]
                         net (fo=16, routed)          1.632    88.551    p_4_in
    SLICE_X43Y100        LUT5 (Prop_lut5_I1_O)        0.152    88.703 r  y[0]_i_7/O
                         net (fo=6, routed)           0.833    89.536    y[0]_i_7_n_0
    SLICE_X41Y100        LUT4 (Prop_lut4_I3_O)        0.326    89.862 r  y[7]_i_81/O
                         net (fo=1, routed)           0.000    89.862    y[7]_i_81_n_0
    SLICE_X41Y100        CARRY4 (Prop_carry4_S[0]_CO[3])
                                                      0.532    90.394 r  y_reg[7]_i_22/CO[3]
                         net (fo=16, routed)          0.801    91.194    y_reg[7]_i_22_n_0
    SLICE_X40Y101        LUT3 (Prop_lut3_I1_O)        0.118    91.312 r  y[1]_i_5/O
                         net (fo=5, routed)           0.859    92.171    y[1]_i_5_n_0
    SLICE_X39Y100        LUT4 (Prop_lut4_I1_O)        0.326    92.497 r  y[7]_i_33/O
                         net (fo=1, routed)           0.000    92.497    y[7]_i_33_n_0
    SLICE_X39Y100        CARRY4 (Prop_carry4_S[0]_CO[3])
                                                      0.532    93.029 r  y_reg[7]_i_6/CO[3]
                         net (fo=8, routed)           1.014    94.043    y_reg[7]_i_6_n_0
    SLICE_X38Y100        LUT6 (Prop_lut6_I0_O)        0.124    94.167 r  y[3]_i_2/O
                         net (fo=3, routed)           0.960    95.127    y[3]_i_2_n_0
    SLICE_X39Y102        LUT4 (Prop_lut4_I0_O)        0.124    95.251 r  y[7]_i_18/O
                         net (fo=1, routed)           0.000    95.251    y[7]_i_18_n_0
    SLICE_X39Y102        CARRY4 (Prop_carry4_S[1]_CO[3])
                                                      0.550    95.801 r  y_reg[7]_i_4/CO[3]
                         net (fo=8, routed)           0.810    96.611    s1
    SLICE_X38Y102        LUT3 (Prop_lut3_I1_O)        0.117    96.728 r  y[3]_i_1/O
                         net (fo=1, routed)           0.000    96.728    y[3]_i_1_n_0
    SLICE_X38Y102        FDRE                                         r  y_reg[3]/D
  -------------------------------------------------------------------    -------------------

                         (clock vclk rise edge)     102.655   102.655 r  <hidden>
                                                      0.000   102.655 r  clk
                         net (fo=167, unset)          0.924   103.579    clk
    SLICE_X38Y102        FDRE                                         r  y_reg[3]/C
                         clock pessimism              0.000   103.579    <hidden>
                         clock uncertainty           -0.035   103.544    <hidden>
    SLICE_X38Y102        FDRE (Setup_fdre_C_D)        0.118   103.662    y_reg[3]
  -------------------------------------------------------------------
                         required time                        103.662    <hidden>
                         arrival time                         -96.728    <hidden>
  -------------------------------------------------------------------
                         slack                                  6.934    <hidden>

Slack (MET) :             6.941ns  (required time - arrival time)
  Source:                 w0_reg[1]/C
                            (rising edge-triggered cell FDRE clocked by vclk  {rise@0.000ns fall@51.327ns period=102.655ns})
  Destination:            y_reg[6]/D
                            (rising edge-triggered cell FDRE clocked by vclk  {rise@0.000ns fall@51.327ns period=102.655ns})
  Path Group:             vclk
  Path Type:              Setup (Max at Slow Process Corner)
  Requirement:            102.655ns  (vclk rise@102.655ns - vclk rise@0.000ns)
  Data Path Delay:        95.709ns  (logic 27.447ns (28.677%)  route 68.262ns (71.323%))
  Logic Levels:           90  (CARRY4=30 LUT3=9 LUT4=12 LUT5=19 LUT6=20)
  Clock Path Skew:        -0.049ns (DCD - SCD + CPR)
    Destination Clock Delay (DCD):    0.924ns = ( 103.579 - 102.655 ) 
    Source Clock Delay      (SCD):    0.973ns
    Clock Pessimism Removal (CPR):    0.000ns
  Clock Uncertainty:      0.035ns  ((TSJ^2 + TIJ^2)^1/2 + DJ) / 2 + PE
    Total System Jitter     (TSJ):    0.071ns
    Total Input Jitter      (TIJ):    0.000ns
    Discrete Jitter          (DJ):    0.000ns
    Phase Error              (PE):    0.000ns

    Location             Delay type                Incr(ns)  Path(ns)    Netlist Resource(s)
  -------------------------------------------------------------------    -------------------
                         (clock vclk rise edge)       0.000     0.000 r  <hidden>
                                                      0.000     0.000 r  clk
                         net (fo=167, unset)          0.973     0.973    clk
    SLICE_X62Y73         FDRE                                         r  w0_reg[1]/C
  -------------------------------------------------------------------    -------------------
    SLICE_X62Y73         FDRE (Prop_fdre_C_Q)         0.518     1.491 r  w0_reg[1]/Q
                         net (fo=11, routed)          1.005     2.496    w0[1]
    SLICE_X64Y74         LUT4 (Prop_lut4_I0_O)        0.124     2.620 r  y[7]_i_2015/O
                         net (fo=1, routed)           0.000     2.620    y[7]_i_2015_n_0
    SLICE_X64Y74         CARRY4 (Prop_carry4_S[0]_CO[3])
                                                      0.532     3.152 r  y_reg[7]_i_1914/CO[3]
                         net (fo=64, routed)          1.284     4.436    y_reg[7]_i_1914_n_0
    SLICE_X62Y71         LUT3 (Prop_lut3_I1_O)        0.150     4.586 r  y[7]_i_2102/O
                         net (fo=1, routed)           0.290     4.876    y[7]_i_2102_n_0
    SLICE_X62Y71         LUT6 (Prop_lut6_I1_O)        0.348     5.224 r  y[7]_i_2018/O
                         net (fo=1, routed)           0.543     5.768    y[7]_i_2018_n_0
    SLICE_X64Y72         CARRY4 (Prop_carry4_DI[1]_CO[3])
                                                      0.507     6.275 r  y_reg[7]_i_1915/CO[3]
                         net (fo=40, routed)          1.399     7.673    y_reg[7]_i_1915_n_0
    SLICE_X63Y74         LUT5 (Prop_lut5_I3_O)        0.152     7.825 f  y[7]_i_2085/O
                         net (fo=1, routed)           0.849     8.674    y[7]_i_2085_n_0
    SLICE_X63Y74         LUT6 (Prop_lut6_I1_O)        0.332     9.006 r  y[7]_i_2000/O
                         net (fo=1, routed)           0.340     9.346    y[7]_i_2000_n_0
    SLICE_X63Y73         CARRY4 (Prop_carry4_DI[3]_CO[3])
                                                      0.385     9.731 r  y_reg[7]_i_1913/CO[3]
                         net (fo=16, routed)          0.816    10.547    y_reg[7]_i_1913_n_0
    SLICE_X62Y74         LUT6 (Prop_lut6_I2_O)        0.124    10.671 r  y[1]_i_225/O
                         net (fo=4, routed)           0.925    11.596    y[1]_i_225_n_0
    SLICE_X61Y74         LUT6 (Prop_lut6_I0_O)        0.124    11.720 r  y[7]_i_2035/O
                         net (fo=1, routed)           0.627    12.346    y[7]_i_2035_n_0
    SLICE_X60Y74         CARRY4 (Prop_carry4_DI[0]_CO[3])
                                                      0.526    12.872 r  y_reg[7]_i_1925/CO[3]
                         net (fo=16, routed)          0.967    13.840    y_reg[7]_i_1925_n_0
    SLICE_X62Y75         LUT5 (Prop_lut5_I3_O)        0.117    13.957 r  y[7]_i_1948/O
                         net (fo=4, routed)           0.975    14.932    y[7]_i_1948_n_0
    SLICE_X61Y77         LUT4 (Prop_lut4_I1_O)        0.348    15.280 r  y[7]_i_2060/O
                         net (fo=1, routed)           0.000    15.280    y[7]_i_2060_n_0
    SLICE_X61Y77         CARRY4 (Prop_carry4_S[3]_CO[3])
                                                      0.401    15.681 r  y_reg[7]_i_1949/CO[3]
                         net (fo=16, routed)          0.909    16.589    y_reg[7]_i_1949_n_0
    SLICE_X61Y76         LUT3 (Prop_lut3_I1_O)        0.119    16.708 r  y[1]_i_223/O
                         net (fo=6, routed)           0.864    17.572    y[1]_i_223_n_0
    SLICE_X58Y76         LUT6 (Prop_lut6_I0_O)        0.332    17.904 r  y[5]_i_348/O
                         net (fo=1, routed)           0.541    18.445    y[5]_i_348_n_0
    SLICE_X57Y76         CARRY4 (Prop_carry4_DI[0]_CO[3])
                                                      0.526    18.971 r  y_reg[5]_i_322/CO[3]
                         net (fo=32, routed)          1.206    20.177    y_reg[5]_i_322_n_0
    SLICE_X58Y77         LUT5 (Prop_lut5_I3_O)        0.146    20.323 r  y[5]_i_357/O
                         net (fo=2, routed)           0.792    21.114    y[5]_i_357_n_0
    SLICE_X57Y77         LUT4 (Prop_lut4_I0_O)        0.328    21.442 r  y[5]_i_343/O
                         net (fo=1, routed)           0.000    21.442    y[5]_i_343_n_0
    SLICE_X57Y77         CARRY4 (Prop_carry4_S[1]_CO[3])
                                                      0.550    21.992 r  y_reg[5]_i_320/CO[3]
                         net (fo=16, routed)          1.015    23.007    y_reg[5]_i_320_n_0
    SLICE_X57Y78         LUT5 (Prop_lut5_I1_O)        0.124    23.131 r  y[5]_i_284/O
                         net (fo=6, routed)           1.127    24.257    y[5]_i_284_n_0
    SLICE_X53Y75         LUT6 (Prop_lut6_I1_O)        0.124    24.381 r  y[5]_i_312/O
                         net (fo=1, routed)           0.614    24.995    y[5]_i_312_n_0
    SLICE_X52Y75         CARRY4 (Prop_carry4_DI[2]_CO[3])
                                                      0.398    25.393 r  y_reg[5]_i_283/CO[3]
                         net (fo=32, routed)          1.048    26.441    y_reg[5]_i_283_n_0
    SLICE_X53Y76         LUT5 (Prop_lut5_I3_O)        0.152    26.593 r  y[5]_i_333/O
                         net (fo=2, routed)           0.995    27.588    y[5]_i_333_n_0
    SLICE_X51Y76         LUT4 (Prop_lut4_I0_O)        0.332    27.920 r  y[5]_i_309/O
                         net (fo=1, routed)           0.000    27.920    y[5]_i_309_n_0
    SLICE_X51Y76         CARRY4 (Prop_carry4_S[1]_CO[3])
                                                      0.550    28.470 r  y_reg[5]_i_281/CO[3]
                         net (fo=16, routed)          0.842    29.312    y_reg[5]_i_281_n_0
    SLICE_X50Y76         LUT5 (Prop_lut5_I3_O)        0.117    29.429 f  y[3]_i_201/O
                         net (fo=4, routed)           1.118    30.547    y[3]_i_201_n_0
    SLICE_X56Y77         LUT6 (Prop_lut6_I3_O)        0.348    30.895 r  y[7]_i_1753/O
                         net (fo=1, routed)           0.557    31.453    y[7]_i_1753_n_0
    SLICE_X55Y77         CARRY4 (Prop_carry4_DI[1]_CO[3])
                                                      0.507    31.960 r  y_reg[7]_i_1595/CO[3]
                         net (fo=16, routed)          1.000    32.960    y_reg[7]_i_1595_n_0
    SLICE_X53Y78         LUT5 (Prop_lut5_I3_O)        0.118    33.078 f  y[3]_i_195/O
                         net (fo=4, routed)           0.909    33.986    y[3]_i_195_n_0
    SLICE_X54Y81         LUT6 (Prop_lut6_I3_O)        0.326    34.312 r  y[7]_i_1700/O
                         net (fo=1, routed)           0.568    34.880    y[7]_i_1700_n_0
    SLICE_X55Y81         CARRY4 (Prop_carry4_DI[1]_CO[3])
                                                      0.507    35.387 r  y_reg[7]_i_1538/CO[3]
                         net (fo=16, routed)          0.952    36.339    y_reg[7]_i_1538_n_0
    SLICE_X56Y80         LUT5 (Prop_lut5_I1_O)        0.124    36.463 r  y[5]_i_215/O
                         net (fo=7, routed)           1.092    37.555    y[5]_i_215_n_0
    SLICE_X53Y80         LUT4 (Prop_lut4_I0_O)        0.124    37.679 r  y[7]_i_1534/O
                         net (fo=1, routed)           0.000    37.679    y[7]_i_1534_n_0
    SLICE_X53Y80         CARRY4 (Prop_carry4_S[2]_CO[3])
                                                      0.398    38.077 r  y_reg[7]_i_1335/CO[3]
                         net (fo=36, routed)          1.004    39.081    y_reg[7]_i_1335_n_0
    SLICE_X53Y81         LUT3 (Prop_lut3_I1_O)        0.150    39.231 r  y[7]_i_1720/O
                         net (fo=2, routed)           0.594    39.825    y[7]_i_1720_n_0
    SLICE_X52Y80         LUT6 (Prop_lut6_I4_O)        0.326    40.151 r  y[7]_i_1545/O
                         net (fo=1, routed)           0.619    40.770    y[7]_i_1545_n_0
    SLICE_X51Y80         CARRY4 (Prop_carry4_DI[0]_CO[3])
                                                      0.526    41.296 r  y_reg[7]_i_1337/CO[3]
                         net (fo=16, routed)          0.934    42.230    y_reg[7]_i_1337_n_0
    SLICE_X51Y81         LUT5 (Prop_lut5_I1_O)        0.150    42.380 r  y[1]_i_159/O
                         net (fo=4, routed)           0.602    42.981    y[1]_i_159_n_0
    SLICE_X51Y83         LUT6 (Prop_lut6_I3_O)        0.326    43.307 r  y[7]_i_1379/O
                         net (fo=1, routed)           0.481    43.788    y[7]_i_1379_n_0
    SLICE_X51Y82         CARRY4 (Prop_carry4_DI[0]_CO[3])
                                                      0.526    44.314 r  y_reg[7]_i_1154/CO[3]
                         net (fo=20, routed)          1.197    45.511    y_reg[7]_i_1154_n_0
    SLICE_X51Y83         LUT3 (Prop_lut3_I1_O)        0.152    45.663 r  y[7]_i_1233/O
                         net (fo=5, routed)           1.068    46.731    y[7]_i_1233_n_0
    SLICE_X54Y84         LUT4 (Prop_lut4_I2_O)        0.332    47.063 r  y[7]_i_1149/O
                         net (fo=1, routed)           0.000    47.063    y[7]_i_1149_n_0
    SLICE_X54Y84         CARRY4 (Prop_carry4_S[0]_CO[3])
                                                      0.513    47.576 r  y_reg[7]_i_933/CO[3]
                         net (fo=32, routed)          1.163    48.739    y_reg[7]_i_933_n_0
    SLICE_X54Y85         LUT3 (Prop_lut3_I1_O)        0.153    48.892 r  y[5]_i_138/O
                         net (fo=4, routed)           1.048    49.940    y[5]_i_138_n_0
    SLICE_X50Y86         LUT6 (Prop_lut6_I3_O)        0.331    50.271 r  y[7]_i_1179/O
                         net (fo=1, routed)           0.472    50.743    y[7]_i_1179_n_0
    SLICE_X50Y85         CARRY4 (Prop_carry4_DI[2]_CO[3])
                                                      0.404    51.147 r  y_reg[7]_i_949/CO[3]
                         net (fo=28, routed)          1.732    52.879    y_reg[7]_i_949_n_0
    SLICE_X54Y85         LUT5 (Prop_lut5_I4_O)        0.150    53.029 r  y[7]_i_1012/O
                         net (fo=7, routed)           0.913    53.942    y[7]_i_1012_n_0
    SLICE_X54Y88         LUT4 (Prop_lut4_I2_O)        0.328    54.270 r  y[7]_i_943/O
                         net (fo=1, routed)           0.000    54.270    y[7]_i_943_n_0
    SLICE_X54Y88         CARRY4 (Prop_carry4_S[1]_CO[3])
                                                      0.533    54.803 r  y_reg[7]_i_717/CO[3]
                         net (fo=40, routed)          1.475    56.278    y_reg[7]_i_717_n_0
    SLICE_X53Y89         LUT3 (Prop_lut3_I1_O)        0.154    56.432 r  y[7]_i_582/O
                         net (fo=7, routed)           0.654    57.086    y[7]_i_582_n_0
    SLICE_X53Y88         LUT6 (Prop_lut6_I3_O)        0.327    57.413 r  y[7]_i_787/O
                         net (fo=1, routed)           0.572    57.984    y[7]_i_787_n_0
    SLICE_X52Y88         CARRY4 (Prop_carry4_DI[3]_CO[3])
                                                      0.385    58.369 r  y_reg[7]_i_581/CO[3]
                         net (fo=28, routed)          0.850    59.220    y_reg[7]_i_581_n_0
    SLICE_X53Y88         LUT5 (Prop_lut5_I4_O)        0.118    59.338 f  y[7]_i_785/O
                         net (fo=7, routed)           0.490    59.828    y[7]_i_785_n_0
    SLICE_X50Y87         LUT6 (Prop_lut6_I5_O)        0.326    60.154 r  y[7]_i_798/O
                         net (fo=1, routed)           0.568    60.722    y[7]_i_798_n_0
    SLICE_X50Y88         CARRY4 (Prop_carry4_DI[0]_CO[3])
                                                      0.550    61.272 r  y_reg[7]_i_584/CO[3]
                         net (fo=28, routed)          0.826    62.098    y_reg[7]_i_584_n_0
    SLICE_X50Y89         LUT5 (Prop_lut5_I4_O)        0.124    62.222 r  y[5]_i_67/O
                         net (fo=7, routed)           0.939    63.162    y[5]_i_67_n_0
    SLICE_X49Y88         LUT6 (Prop_lut6_I3_O)        0.124    63.286 r  y[7]_i_573/O
                         net (fo=1, routed)           0.617    63.903    y[7]_i_573_n_0
    SLICE_X48Y88         CARRY4 (Prop_carry4_DI[2]_CO[3])
                                                      0.398    64.301 r  y_reg[7]_i_384/CO[3]
                         net (fo=28, routed)          0.796    65.097    y_reg[7]_i_384_n_0
    SLICE_X48Y89         LUT5 (Prop_lut5_I4_O)        0.124    65.221 f  y[0]_i_81/O
                         net (fo=4, routed)           0.755    65.976    y[0]_i_81_n_0
    SLICE_X42Y90         LUT6 (Prop_lut6_I5_O)        0.124    66.100 r  y[7]_i_588/O
                         net (fo=1, routed)           0.568    66.668    y[7]_i_588_n_0
    SLICE_X43Y90         CARRY4 (Prop_carry4_DI[0]_CO[3])
                                                      0.526    67.194 r  y_reg[7]_i_387/CO[3]
                         net (fo=16, routed)          0.809    68.003    y_reg[7]_i_387_n_0
    SLICE_X44Y90         LUT5 (Prop_lut5_I4_O)        0.124    68.127 r  y[3]_i_44/O
                         net (fo=7, routed)           1.335    69.462    y[3]_i_44_n_0
    SLICE_X39Y90         LUT4 (Prop_lut4_I0_O)        0.124    69.586 r  y[7]_i_381/O
                         net (fo=1, routed)           0.000    69.586    y[7]_i_381_n_0
    SLICE_X39Y90         CARRY4 (Prop_carry4_S[1]_CO[3])
                                                      0.550    70.136 r  y_reg[7]_i_215/CO[3]
                         net (fo=32, routed)          1.144    71.280    y_reg[7]_i_215_n_0
    SLICE_X38Y92         LUT3 (Prop_lut3_I1_O)        0.124    71.404 f  y[0]_i_35/O
                         net (fo=6, routed)           0.693    72.097    y[0]_i_35_n_0
    SLICE_X38Y92         LUT6 (Prop_lut6_I5_O)        0.124    72.221 r  y[7]_i_370/O
                         net (fo=1, routed)           0.473    72.694    y[7]_i_370_n_0
    SLICE_X38Y91         CARRY4 (Prop_carry4_DI[0]_CO[3])
                                                      0.550    73.244 r  y_reg[7]_i_213/CO[3]
                         net (fo=28, routed)          0.998    74.242    y_reg[7]_i_213_n_0
    SLICE_X38Y92         LUT5 (Prop_lut5_I3_O)        0.150    74.392 f  y[1]_i_38/O
                         net (fo=4, routed)           0.853    75.245    y[1]_i_38_n_0
    SLICE_X40Y93         LUT6 (Prop_lut6_I3_O)        0.348    75.593 r  y[7]_i_336/O
                         net (fo=1, routed)           0.618    76.211    y[7]_i_336_n_0
    SLICE_X40Y92         CARRY4 (Prop_carry4_DI[0]_CO[3])
                                                      0.526    76.737 r  y_reg[7]_i_189/CO[3]
                         net (fo=20, routed)          0.992    77.729    y_reg[7]_i_189_n_0
    SLICE_X40Y93         LUT5 (Prop_lut5_I3_O)        0.124    77.853 f  y[1]_i_21/O
                         net (fo=4, routed)           0.853    78.706    y[1]_i_21_n_0
    SLICE_X42Y94         LUT6 (Prop_lut6_I3_O)        0.124    78.830 r  y[7]_i_194/O
                         net (fo=1, routed)           0.632    79.462    y[7]_i_194_n_0
    SLICE_X41Y94         CARRY4 (Prop_carry4_DI[0]_CO[3])
                                                      0.526    79.988 r  y_reg[7]_i_95/CO[3]
                         net (fo=28, routed)          0.980    80.968    y_reg[7]_i_95_n_0
    SLICE_X43Y94         LUT5 (Prop_lut5_I3_O)        0.119    81.087 f  y[1]_i_27/O
                         net (fo=4, routed)           1.165    82.252    y[1]_i_27_n_0
    SLICE_X42Y97         LUT6 (Prop_lut6_I3_O)        0.332    82.584 r  y[7]_i_241/O
                         net (fo=1, routed)           0.473    83.057    y[7]_i_241_n_0
    SLICE_X42Y96         CARRY4 (Prop_carry4_DI[0]_CO[3])
                                                      0.550    83.607 r  y_reg[7]_i_121/CO[3]
                         net (fo=16, routed)          0.949    84.557    y_reg[7]_i_121_n_0
    SLICE_X43Y97         LUT5 (Prop_lut5_I3_O)        0.150    84.707 r  y[3]_i_16/O
                         net (fo=6, routed)           1.336    86.043    y[3]_i_16_n_0
    SLICE_X45Y100        LUT4 (Prop_lut4_I0_O)        0.326    86.369 r  y[7]_i_154/O
                         net (fo=1, routed)           0.000    86.369    y[7]_i_154_n_0
    SLICE_X45Y100        CARRY4 (Prop_carry4_S[1]_CO[3])
                                                      0.550    86.919 r  y_reg[7]_i_62/CO[3]
                         net (fo=16, routed)          1.632    88.551    p_4_in
    SLICE_X43Y100        LUT5 (Prop_lut5_I1_O)        0.152    88.703 r  y[0]_i_7/O
                         net (fo=6, routed)           0.833    89.536    y[0]_i_7_n_0
    SLICE_X41Y100        LUT4 (Prop_lut4_I3_O)        0.326    89.862 r  y[7]_i_81/O
                         net (fo=1, routed)           0.000    89.862    y[7]_i_81_n_0
    SLICE_X41Y100        CARRY4 (Prop_carry4_S[0]_CO[3])
                                                      0.532    90.394 r  y_reg[7]_i_22/CO[3]
                         net (fo=16, routed)          0.801    91.194    y_reg[7]_i_22_n_0
    SLICE_X40Y101        LUT3 (Prop_lut3_I1_O)        0.118    91.312 r  y[1]_i_5/O
                         net (fo=5, routed)           0.859    92.171    y[1]_i_5_n_0
    SLICE_X39Y100        LUT4 (Prop_lut4_I1_O)        0.326    92.497 r  y[7]_i_33/O
                         net (fo=1, routed)           0.000    92.497    y[7]_i_33_n_0
    SLICE_X39Y100        CARRY4 (Prop_carry4_S[0]_CO[3])
                                                      0.532    93.029 r  y_reg[7]_i_6/CO[3]
                         net (fo=8, routed)           1.014    94.043    y_reg[7]_i_6_n_0
    SLICE_X38Y100        LUT6 (Prop_lut6_I0_O)        0.124    94.167 r  y[3]_i_2/O
                         net (fo=3, routed)           0.960    95.127    y[3]_i_2_n_0
    SLICE_X39Y102        LUT4 (Prop_lut4_I0_O)        0.124    95.251 r  y[7]_i_18/O
                         net (fo=1, routed)           0.000    95.251    y[7]_i_18_n_0
    SLICE_X39Y102        CARRY4 (Prop_carry4_S[1]_CO[3])
                                                      0.550    95.801 r  y_reg[7]_i_4/CO[3]
                         net (fo=8, routed)           0.758    96.558    s1
    SLICE_X38Y102        LUT3 (Prop_lut3_I2_O)        0.124    96.682 r  y[6]_i_1/O
                         net (fo=1, routed)           0.000    96.682    y[6]_i_1_n_0
    SLICE_X38Y102        FDRE                                         r  y_reg[6]/D
  -------------------------------------------------------------------    -------------------

                         (clock vclk rise edge)     102.655   102.655 r  <hidden>
                                                      0.000   102.655 r  clk
                         net (fo=167, unset)          0.924   103.579    clk
    SLICE_X38Y102        FDRE                                         r  y_reg[6]/C
                         clock pessimism              0.000   103.579    <hidden>
                         clock uncertainty           -0.035   103.544    <hidden>
    SLICE_X38Y102        FDRE (Setup_fdre_C_D)        0.079   103.623    y_reg[6]
  -------------------------------------------------------------------
                         required time                        103.623    <hidden>
                         arrival time                         -96.682    <hidden>
  -------------------------------------------------------------------
                         slack                                  6.941    <hidden>

Slack (MET) :             6.945ns  (required time - arrival time)
  Source:                 w0_reg[1]/C
                            (rising edge-triggered cell FDRE clocked by vclk  {rise@0.000ns fall@51.327ns period=102.655ns})
  Destination:            y_reg[4]/D
                            (rising edge-triggered cell FDRE clocked by vclk  {rise@0.000ns fall@51.327ns period=102.655ns})
  Path Group:             vclk
  Path Type:              Setup (Max at Slow Process Corner)
  Requirement:            102.655ns  (vclk rise@102.655ns - vclk rise@0.000ns)
  Data Path Delay:        95.705ns  (logic 27.447ns (28.679%)  route 68.258ns (71.321%))
  Logic Levels:           90  (CARRY4=30 LUT3=9 LUT4=12 LUT5=19 LUT6=20)
  Clock Path Skew:        -0.049ns (DCD - SCD + CPR)
    Destination Clock Delay (DCD):    0.924ns = ( 103.579 - 102.655 ) 
    Source Clock Delay      (SCD):    0.973ns
    Clock Pessimism Removal (CPR):    0.000ns
  Clock Uncertainty:      0.035ns  ((TSJ^2 + TIJ^2)^1/2 + DJ) / 2 + PE
    Total System Jitter     (TSJ):    0.071ns
    Total Input Jitter      (TIJ):    0.000ns
    Discrete Jitter          (DJ):    0.000ns
    Phase Error              (PE):    0.000ns

    Location             Delay type                Incr(ns)  Path(ns)    Netlist Resource(s)
  -------------------------------------------------------------------    -------------------
                         (clock vclk rise edge)       0.000     0.000 r  <hidden>
                                                      0.000     0.000 r  clk
                         net (fo=167, unset)          0.973     0.973    clk
    SLICE_X62Y73         FDRE                                         r  w0_reg[1]/C
  -------------------------------------------------------------------    -------------------
    SLICE_X62Y73         FDRE (Prop_fdre_C_Q)         0.518     1.491 r  w0_reg[1]/Q
                         net (fo=11, routed)          1.005     2.496    w0[1]
    SLICE_X64Y74         LUT4 (Prop_lut4_I0_O)        0.124     2.620 r  y[7]_i_2015/O
                         net (fo=1, routed)           0.000     2.620    y[7]_i_2015_n_0
    SLICE_X64Y74         CARRY4 (Prop_carry4_S[0]_CO[3])
                                                      0.532     3.152 r  y_reg[7]_i_1914/CO[3]
                         net (fo=64, routed)          1.284     4.436    y_reg[7]_i_1914_n_0
    SLICE_X62Y71         LUT3 (Prop_lut3_I1_O)        0.150     4.586 r  y[7]_i_2102/O
                         net (fo=1, routed)           0.290     4.876    y[7]_i_2102_n_0
    SLICE_X62Y71         LUT6 (Prop_lut6_I1_O)        0.348     5.224 r  y[7]_i_2018/O
                         net (fo=1, routed)           0.543     5.768    y[7]_i_2018_n_0
    SLICE_X64Y72         CARRY4 (Prop_carry4_DI[1]_CO[3])
                                                      0.507     6.275 r  y_reg[7]_i_1915/CO[3]
                         net (fo=40, routed)          1.399     7.673    y_reg[7]_i_1915_n_0
    SLICE_X63Y74         LUT5 (Prop_lut5_I3_O)        0.152     7.825 f  y[7]_i_2085/O
                         net (fo=1, routed)           0.849     8.674    y[7]_i_2085_n_0
    SLICE_X63Y74         LUT6 (Prop_lut6_I1_O)        0.332     9.006 r  y[7]_i_2000/O
                         net (fo=1, routed)           0.340     9.346    y[7]_i_2000_n_0
    SLICE_X63Y73         CARRY4 (Prop_carry4_DI[3]_CO[3])
                                                      0.385     9.731 r  y_reg[7]_i_1913/CO[3]
                         net (fo=16, routed)          0.816    10.547    y_reg[7]_i_1913_n_0
    SLICE_X62Y74         LUT6 (Prop_lut6_I2_O)        0.124    10.671 r  y[1]_i_225/O
                         net (fo=4, routed)           0.925    11.596    y[1]_i_225_n_0
    SLICE_X61Y74         LUT6 (Prop_lut6_I0_O)        0.124    11.720 r  y[7]_i_2035/O
                         net (fo=1, routed)           0.627    12.346    y[7]_i_2035_n_0
    SLICE_X60Y74         CARRY4 (Prop_carry4_DI[0]_CO[3])
                                                      0.526    12.872 r  y_reg[7]_i_1925/CO[3]
                         net (fo=16, routed)          0.967    13.840    y_reg[7]_i_1925_n_0
    SLICE_X62Y75         LUT5 (Prop_lut5_I3_O)        0.117    13.957 r  y[7]_i_1948/O
                         net (fo=4, routed)           0.975    14.932    y[7]_i_1948_n_0
    SLICE_X61Y77         LUT4 (Prop_lut4_I1_O)        0.348    15.280 r  y[7]_i_2060/O
                         net (fo=1, routed)           0.000    15.280    y[7]_i_2060_n_0
    SLICE_X61Y77         CARRY4 (Prop_carry4_S[3]_CO[3])
                                                      0.401    15.681 r  y_reg[7]_i_1949/CO[3]
                         net (fo=16, routed)          0.909    16.589    y_reg[7]_i_1949_n_0
    SLICE_X61Y76         LUT3 (Prop_lut3_I1_O)        0.119    16.708 r  y[1]_i_223/O
                         net (fo=6, routed)           0.864    17.572    y[1]_i_223_n_0
    SLICE_X58Y76         LUT6 (Prop_lut6_I0_O)        0.332    17.904 r  y[5]_i_348/O
                         net (fo=1, routed)           0.541    18.445    y[5]_i_348_n_0
    SLICE_X57Y76         CARRY4 (Prop_carry4_DI[0]_CO[3])
                                                      0.526    18.971 r  y_reg[5]_i_322/CO[3]
                         net (fo=32, routed)          1.206    20.177    y_reg[5]_i_322_n_0
    SLICE_X58Y77         LUT5 (Prop_lut5_I3_O)        0.146    20.323 r  y[5]_i_357/O
                         net (fo=2, routed)           0.792    21.114    y[5]_i_357_n_0
    SLICE_X57Y77         LUT4 (Prop_lut4_I0_O)        0.328    21.442 r  y[5]_i_343/O
                         net (fo=1, routed)           0.000    21.442    y[5]_i_343_n_0
    SLICE_X57Y77         CARRY4 (Prop_carry4_S[1]_CO[3])
                                                      0.550    21.992 r  y_reg[5]_i_320/CO[3]
                         net (fo=16, routed)          1.015    23.007    y_reg[5]_i_320_n_0
    SLICE_X57Y78         LUT5 (Prop_lut5_I1_O)        0.124    23.131 r  y[5]_i_284/O
                         net (fo=6, routed)           1.127    24.257    y[5]_i_284_n_0
    SLICE_X53Y75         LUT6 (Prop_lut6_I1_O)        0.124    24.381 r  y[5]_i_312/O
                         net (fo=1, routed)           0.614    24.995    y[5]_i_312_n_0
    SLICE_X52Y75         CARRY4 (Prop_carry4_DI[2]_CO[3])
                                                      0.398    25.393 r  y_reg[5]_i_283/CO[3]
                         net (fo=32, routed)          1.048    26.441    y_reg[5]_i_283_n_0
    SLICE_X53Y76         LUT5 (Prop_lut5_I3_O)        0.152    26.593 r  y[5]_i_333/O
                         net (fo=2, routed)           0.995    27.588    y[5]_i_333_n_0
    SLICE_X51Y76         LUT4 (Prop_lut4_I0_O)        0.332    27.920 r  y[5]_i_309/O
                         net (fo=1, routed)           0.000    27.920    y[5]_i_309_n_0
    SLICE_X51Y76         CARRY4 (Prop_carry4_S[1]_CO[3])
                                                      0.550    28.470 r  y_reg[5]_i_281/CO[3]
                         net (fo=16, routed)          0.842    29.312    y_reg[5]_i_281_n_0
    SLICE_X50Y76         LUT5 (Prop_lut5_I3_O)        0.117    29.429 f  y[3]_i_201/O
                         net (fo=4, routed)           1.118    30.547    y[3]_i_201_n_0
    SLICE_X56Y77         LUT6 (Prop_lut6_I3_O)        0.348    30.895 r  y[7]_i_1753/O
                         net (fo=1, routed)           0.557    31.453    y[7]_i_1753_n_0
    SLICE_X55Y77         CARRY4 (Prop_carry4_DI[1]_CO[3])
                                                      0.507    31.960 r  y_reg[7]_i_1595/CO[3]
                         net (fo=16, routed)          1.000    32.960    y_reg[7]_i_1595_n_0
    SLICE_X53Y78         LUT5 (Prop_lut5_I3_O)        0.118    33.078 f  y[3]_i_195/O
                         net (fo=4, routed)           0.909    33.986    y[3]_i_195_n_0
    SLICE_X54Y81         LUT6 (Prop_lut6_I3_O)        0.326    34.312 r  y[7]_i_1700/O
                         net (fo=1, routed)           0.568    34.880    y[7]_i_1700_n_0
    SLICE_X55Y81         CARRY4 (Prop_carry4_DI[1]_CO[3])
                                                      0.507    35.387 r  y_reg[7]_i_1538/CO[3]
                         net (fo=16, routed)          0.952    36.339    y_reg[7]_i_1538_n_0
    SLICE_X56Y80         LUT5 (Prop_lut5_I1_O)        0.124    36.463 r  y[5]_i_215/O
                         net (fo=7, routed)           1.092    37.555    y[5]_i_215_n_0
    SLICE_X53Y80         LUT4 (Prop_lut4_I0_O)        0.124    37.679 r  y[7]_i_1534/O
                         net (fo=1, routed)           0.000    37.679    y[7]_i_1534_n_0
    SLICE_X53Y80         CARRY4 (Prop_carry4_S[2]_CO[3])
                                                      0.398    38.077 r  y_reg[7]_i_1335/CO[3]
                         net (fo=36, routed)          1.004    39.081    y_reg[7]_i_1335_n_0
    SLICE_X53Y81         LUT3 (Prop_lut3_I1_O)        0.150    39.231 r  y[7]_i_1720/O
                         net (fo=2, routed)           0.594    39.825    y[7]_i_1720_n_0
    SLICE_X52Y80         LUT6 (Prop_lut6_I4_O)        0.326    40.151 r  y[7]_i_1545/O
                         net (fo=1, routed)           0.619    40.770    y[7]_i_1545_n_0
    SLICE_X51Y80         CARRY4 (Prop_carry4_DI[0]_CO[3])
                                                      0.526    41.296 r  y_reg[7]_i_1337/CO[3]
                         net (fo=16, routed)          0.934    42.230    y_reg[7]_i_1337_n_0
    SLICE_X51Y81         LUT5 (Prop_lut5_I1_O)        0.150    42.380 r  y[1]_i_159/O
                         net (fo=4, routed)           0.602    42.981    y[1]_i_159_n_0
    SLICE_X51Y83         LUT6 (Prop_lut6_I3_O)        0.326    43.307 r  y[7]_i_1379/O
                         net (fo=1, routed)           0.481    43.788    y[7]_i_1379_n_0
    SLICE_X51Y82         CARRY4 (Prop_carry4_DI[0]_CO[3])
                                                      0.526    44.314 r  y_reg[7]_i_1154/CO[3]
                         net (fo=20, routed)          1.197    45.511    y_reg[7]_i_1154_n_0
    SLICE_X51Y83         LUT3 (Prop_lut3_I1_O)        0.152    45.663 r  y[7]_i_1233/O
                         net (fo=5, routed)           1.068    46.731    y[7]_i_1233_n_0
    SLICE_X54Y84         LUT4 (Prop_lut4_I2_O)        0.332    47.063 r  y[7]_i_1149/O
                         net (fo=1, routed)           0.000    47.063    y[7]_i_1149_n_0
    SLICE_X54Y84         CARRY4 (Prop_carry4_S[0]_CO[3])
                                                      0.513    47.576 r  y_reg[7]_i_933/CO[3]
                         net (fo=32, routed)          1.163    48.739    y_reg[7]_i_933_n_0
    SLICE_X54Y85         LUT3 (Prop_lut3_I1_O)        0.153    48.892 r  y[5]_i_138/O
                         net (fo=4, routed)           1.048    49.940    y[5]_i_138_n_0
    SLICE_X50Y86         LUT6 (Prop_lut6_I3_O)        0.331    50.271 r  y[7]_i_1179/O
                         net (fo=1, routed)           0.472    50.743    y[7]_i_1179_n_0
    SLICE_X50Y85         CARRY4 (Prop_carry4_DI[2]_CO[3])
                                                      0.404    51.147 r  y_reg[7]_i_949/CO[3]
                         net (fo=28, routed)          1.732    52.879    y_reg[7]_i_949_n_0
    SLICE_X54Y85         LUT5 (Prop_lut5_I4_O)        0.150    53.029 r  y[7]_i_1012/O
                         net (fo=7, routed)           0.913    53.942    y[7]_i_1012_n_0
    SLICE_X54Y88         LUT4 (Prop_lut4_I2_O)        0.328    54.270 r  y[7]_i_943/O
                         net (fo=1, routed)           0.000    54.270    y[7]_i_943_n_0
    SLICE_X54Y88         CARRY4 (Prop_carry4_S[1]_CO[3])
                                                      0.533    54.803 r  y_reg[7]_i_717/CO[3]
                         net (fo=40, routed)          1.475    56.278    y_reg[7]_i_717_n_0
    SLICE_X53Y89         LUT3 (Prop_lut3_I1_O)        0.154    56.432 r  y[7]_i_582/O
                         net (fo=7, routed)           0.654    57.086    y[7]_i_582_n_0
    SLICE_X53Y88         LUT6 (Prop_lut6_I3_O)        0.327    57.413 r  y[7]_i_787/O
                         net (fo=1, routed)           0.572    57.984    y[7]_i_787_n_0
    SLICE_X52Y88         CARRY4 (Prop_carry4_DI[3]_CO[3])
                                                      0.385    58.369 r  y_reg[7]_i_581/CO[3]
                         net (fo=28, routed)          0.850    59.220    y_reg[7]_i_581_n_0
    SLICE_X53Y88         LUT5 (Prop_lut5_I4_O)        0.118    59.338 f  y[7]_i_785/O
                         net (fo=7, routed)           0.490    59.828    y[7]_i_785_n_0
    SLICE_X50Y87         LUT6 (Prop_lut6_I5_O)        0.326    60.154 r  y[7]_i_798/O
                         net (fo=1, routed)           0.568    60.722    y[7]_i_798_n_0
    SLICE_X50Y88         CARRY4 (Prop_carry4_DI[0]_CO[3])
                                                      0.550    61.272 r  y_reg[7]_i_584/CO[3]
                         net (fo=28, routed)          0.826    62.098    y_reg[7]_i_584_n_0
    SLICE_X50Y89         LUT5 (Prop_lut5_I4_O)        0.124    62.222 r  y[5]_i_67/O
                         net (fo=7, routed)           0.939    63.162    y[5]_i_67_n_0
    SLICE_X49Y88         LUT6 (Prop_lut6_I3_O)        0.124    63.286 r  y[7]_i_573/O
                         net (fo=1, routed)           0.617    63.903    y[7]_i_573_n_0
    SLICE_X48Y88         CARRY4 (Prop_carry4_DI[2]_CO[3])
                                                      0.398    64.301 r  y_reg[7]_i_384/CO[3]
                         net (fo=28, routed)          0.796    65.097    y_reg[7]_i_384_n_0
    SLICE_X48Y89         LUT5 (Prop_lut5_I4_O)        0.124    65.221 f  y[0]_i_81/O
                         net (fo=4, routed)           0.755    65.976    y[0]_i_81_n_0
    SLICE_X42Y90         LUT6 (Prop_lut6_I5_O)        0.124    66.100 r  y[7]_i_588/O
                         net (fo=1, routed)           0.568    66.668    y[7]_i_588_n_0
    SLICE_X43Y90         CARRY4 (Prop_carry4_DI[0]_CO[3])
                                                      0.526    67.194 r  y_reg[7]_i_387/CO[3]
                         net (fo=16, routed)          0.809    68.003    y_reg[7]_i_387_n_0
    SLICE_X44Y90         LUT5 (Prop_lut5_I4_O)        0.124    68.127 r  y[3]_i_44/O
                         net (fo=7, routed)           1.335    69.462    y[3]_i_44_n_0
    SLICE_X39Y90         LUT4 (Prop_lut4_I0_O)        0.124    69.586 r  y[7]_i_381/O
                         net (fo=1, routed)           0.000    69.586    y[7]_i_381_n_0
    SLICE_X39Y90         CARRY4 (Prop_carry4_S[1]_CO[3])
                                                      0.550    70.136 r  y_reg[7]_i_215/CO[3]
                         net (fo=32, routed)          1.144    71.280    y_reg[7]_i_215_n_0
    SLICE_X38Y92         LUT3 (Prop_lut3_I1_O)        0.124    71.404 f  y[0]_i_35/O
                         net (fo=6, routed)           0.693    72.097    y[0]_i_35_n_0
    SLICE_X38Y92         LUT6 (Prop_lut6_I5_O)        0.124    72.221 r  y[7]_i_370/O
                         net (fo=1, routed)           0.473    72.694    y[7]_i_370_n_0
    SLICE_X38Y91         CARRY4 (Prop_carry4_DI[0]_CO[3])
                                                      0.550    73.244 r  y_reg[7]_i_213/CO[3]
                         net (fo=28, routed)          0.998    74.242    y_reg[7]_i_213_n_0
    SLICE_X38Y92         LUT5 (Prop_lut5_I3_O)        0.150    74.392 f  y[1]_i_38/O
                         net (fo=4, routed)           0.853    75.245    y[1]_i_38_n_0
    SLICE_X40Y93         LUT6 (Prop_lut6_I3_O)        0.348    75.593 r  y[7]_i_336/O
                         net (fo=1, routed)           0.618    76.211    y[7]_i_336_n_0
    SLICE_X40Y92         CARRY4 (Prop_carry4_DI[0]_CO[3])
                                                      0.526    76.737 r  y_reg[7]_i_189/CO[3]
                         net (fo=20, routed)          0.992    77.729    y_reg[7]_i_189_n_0
    SLICE_X40Y93         LUT5 (Prop_lut5_I3_O)        0.124    77.853 f  y[1]_i_21/O
                         net (fo=4, routed)           0.853    78.706    y[1]_i_21_n_0
    SLICE_X42Y94         LUT6 (Prop_lut6_I3_O)        0.124    78.830 r  y[7]_i_194/O
                         net (fo=1, routed)           0.632    79.462    y[7]_i_194_n_0
    SLICE_X41Y94         CARRY4 (Prop_carry4_DI[0]_CO[3])
                                                      0.526    79.988 r  y_reg[7]_i_95/CO[3]
                         net (fo=28, routed)          0.980    80.968    y_reg[7]_i_95_n_0
    SLICE_X43Y94         LUT5 (Prop_lut5_I3_O)        0.119    81.087 f  y[1]_i_27/O
                         net (fo=4, routed)           1.165    82.252    y[1]_i_27_n_0
    SLICE_X42Y97         LUT6 (Prop_lut6_I3_O)        0.332    82.584 r  y[7]_i_241/O
                         net (fo=1, routed)           0.473    83.057    y[7]_i_241_n_0
    SLICE_X42Y96         CARRY4 (Prop_carry4_DI[0]_CO[3])
                                                      0.550    83.607 r  y_reg[7]_i_121/CO[3]
                         net (fo=16, routed)          0.949    84.557    y_reg[7]_i_121_n_0
    SLICE_X43Y97         LUT5 (Prop_lut5_I3_O)        0.150    84.707 r  y[3]_i_16/O
                         net (fo=6, routed)           1.336    86.043    y[3]_i_16_n_0
    SLICE_X45Y100        LUT4 (Prop_lut4_I0_O)        0.326    86.369 r  y[7]_i_154/O
                         net (fo=1, routed)           0.000    86.369    y[7]_i_154_n_0
    SLICE_X45Y100        CARRY4 (Prop_carry4_S[1]_CO[3])
                                                      0.550    86.919 r  y_reg[7]_i_62/CO[3]
                         net (fo=16, routed)          1.632    88.551    p_4_in
    SLICE_X43Y100        LUT5 (Prop_lut5_I1_O)        0.152    88.703 r  y[0]_i_7/O
                         net (fo=6, routed)           0.833    89.536    y[0]_i_7_n_0
    SLICE_X41Y100        LUT4 (Prop_lut4_I3_O)        0.326    89.862 r  y[7]_i_81/O
                         net (fo=1, routed)           0.000    89.862    y[7]_i_81_n_0
    SLICE_X41Y100        CARRY4 (Prop_carry4_S[0]_CO[3])
                                                      0.532    90.394 r  y_reg[7]_i_22/CO[3]
                         net (fo=16, routed)          0.801    91.194    y_reg[7]_i_22_n_0
    SLICE_X40Y101        LUT3 (Prop_lut3_I1_O)        0.118    91.312 r  y[1]_i_5/O
                         net (fo=5, routed)           0.859    92.171    y[1]_i_5_n_0
    SLICE_X39Y100        LUT4 (Prop_lut4_I1_O)        0.326    92.497 r  y[7]_i_33/O
                         net (fo=1, routed)           0.000    92.497    y[7]_i_33_n_0
    SLICE_X39Y100        CARRY4 (Prop_carry4_S[0]_CO[3])
                                                      0.532    93.029 r  y_reg[7]_i_6/CO[3]
                         net (fo=8, routed)           1.014    94.043    y_reg[7]_i_6_n_0
    SLICE_X38Y100        LUT6 (Prop_lut6_I0_O)        0.124    94.167 r  y[3]_i_2/O
                         net (fo=3, routed)           0.960    95.127    y[3]_i_2_n_0
    SLICE_X39Y102        LUT4 (Prop_lut4_I0_O)        0.124    95.251 r  y[7]_i_18/O
                         net (fo=1, routed)           0.000    95.251    y[7]_i_18_n_0
    SLICE_X39Y102        CARRY4 (Prop_carry4_S[1]_CO[3])
                                                      0.550    95.801 r  y_reg[7]_i_4/CO[3]
                         net (fo=8, routed)           0.754    96.554    s1
    SLICE_X38Y102        LUT3 (Prop_lut3_I2_O)        0.124    96.678 r  y[4]_i_1/O
                         net (fo=1, routed)           0.000    96.678    y[4]_i_1_n_0
    SLICE_X38Y102        FDRE                                         r  y_reg[4]/D
  -------------------------------------------------------------------    -------------------

                         (clock vclk rise edge)     102.655   102.655 r  <hidden>
                                                      0.000   102.655 r  clk
                         net (fo=167, unset)          0.924   103.579    clk
    SLICE_X38Y102        FDRE                                         r  y_reg[4]/C
                         clock pessimism              0.000   103.579    <hidden>
                         clock uncertainty           -0.035   103.544    <hidden>
    SLICE_X38Y102        FDRE (Setup_fdre_C_D)        0.079   103.623    y_reg[4]
  -------------------------------------------------------------------
                         required time                        103.623    <hidden>
                         arrival time                         -96.678    <hidden>
  -------------------------------------------------------------------
                         slack                                  6.945    <hidden>

Slack (MET) :             6.946ns  (required time - arrival time)
  Source:                 w0_reg[1]/C
                            (rising edge-triggered cell FDRE clocked by vclk  {rise@0.000ns fall@51.327ns period=102.655ns})
  Destination:            y_reg[1]/D
                            (rising edge-triggered cell FDRE clocked by vclk  {rise@0.000ns fall@51.327ns period=102.655ns})
  Path Group:             vclk
  Path Type:              Setup (Max at Slow Process Corner)
  Requirement:            102.655ns  (vclk rise@102.655ns - vclk rise@0.000ns)
  Data Path Delay:        95.743ns  (logic 27.439ns (28.659%)  route 68.304ns (71.341%))
  Logic Levels:           90  (CARRY4=30 LUT3=9 LUT4=12 LUT5=19 LUT6=20)
  Clock Path Skew:        -0.049ns (DCD - SCD + CPR)
    Destination Clock Delay (DCD):    0.924ns = ( 103.579 - 102.655 ) 
    Source Clock Delay      (SCD):    0.973ns
    Clock Pessimism Removal (CPR):    0.000ns
  Clock Uncertainty:      0.035ns  ((TSJ^2 + TIJ^2)^1/2 + DJ) / 2 + PE
    Total System Jitter     (TSJ):    0.071ns
    Total Input Jitter      (TIJ):    0.000ns
    Discrete Jitter          (DJ):    0.000ns
    Phase Error              (PE):    0.000ns

    Location             Delay type                Incr(ns)  Path(ns)    Netlist Resource(s)
  -------------------------------------------------------------------    -------------------
                         (clock vclk rise edge)       0.000     0.000 r  <hidden>
                                                      0.000     0.000 r  clk
                         net (fo=167, unset)          0.973     0.973    clk
    SLICE_X62Y73         FDRE                                         r  w0_reg[1]/C
  -------------------------------------------------------------------    -------------------
    SLICE_X62Y73         FDRE (Prop_fdre_C_Q)         0.518     1.491 r  w0_reg[1]/Q
                         net (fo=11, routed)          1.005     2.496    w0[1]
    SLICE_X64Y74         LUT4 (Prop_lut4_I0_O)        0.124     2.620 r  y[7]_i_2015/O
                         net (fo=1, routed)           0.000     2.620    y[7]_i_2015_n_0
    SLICE_X64Y74         CARRY4 (Prop_carry4_S[0]_CO[3])
                                                      0.532     3.152 r  y_reg[7]_i_1914/CO[3]
                         net (fo=64, routed)          1.284     4.436    y_reg[7]_i_1914_n_0
    SLICE_X62Y71         LUT3 (Prop_lut3_I1_O)        0.150     4.586 r  y[7]_i_2102/O
                         net (fo=1, routed)           0.290     4.876    y[7]_i_2102_n_0
    SLICE_X62Y71         LUT6 (Prop_lut6_I1_O)        0.348     5.224 r  y[7]_i_2018/O
                         net (fo=1, routed)           0.543     5.768    y[7]_i_2018_n_0
    SLICE_X64Y72         CARRY4 (Prop_carry4_DI[1]_CO[3])
                                                      0.507     6.275 r  y_reg[7]_i_1915/CO[3]
                         net (fo=40, routed)          1.399     7.673    y_reg[7]_i_1915_n_0
    SLICE_X63Y74         LUT5 (Prop_lut5_I3_O)        0.152     7.825 f  y[7]_i_2085/O
                         net (fo=1, routed)           0.849     8.674    y[7]_i_2085_n_0
    SLICE_X63Y74         LUT6 (Prop_lut6_I1_O)        0.332     9.006 r  y[7]_i_2000/O
                         net (fo=1, routed)           0.340     9.346    y[7]_i_2000_n_0
    SLICE_X63Y73         CARRY4 (Prop_carry4_DI[3]_CO[3])
                                                      0.385     9.731 r  y_reg[7]_i_1913/CO[3]
                         net (fo=16, routed)          0.816    10.547    y_reg[7]_i_1913_n_0
    SLICE_X62Y74         LUT6 (Prop_lut6_I2_O)        0.124    10.671 r  y[1]_i_225/O
                         net (fo=4, routed)           0.925    11.596    y[1]_i_225_n_0
    SLICE_X61Y74         LUT6 (Prop_lut6_I0_O)        0.124    11.720 r  y[7]_i_2035/O
                         net (fo=1, routed)           0.627    12.346    y[7]_i_2035_n_0
    SLICE_X60Y74         CARRY4 (Prop_carry4_DI[0]_CO[3])
                                                      0.526    12.872 r  y_reg[7]_i_1925/CO[3]
                         net (fo=16, routed)          0.967    13.840    y_reg[7]_i_1925_n_0
    SLICE_X62Y75         LUT5 (Prop_lut5_I3_O)        0.117    13.957 r  y[7]_i_1948/O
                         net (fo=4, routed)           0.975    14.932    y[7]_i_1948_n_0
    SLICE_X61Y77         LUT4 (Prop_lut4_I1_O)        0.348    15.280 r  y[7]_i_2060/O
                         net (fo=1, routed)           0.000    15.280    y[7]_i_2060_n_0
    SLICE_X61Y77         CARRY4 (Prop_carry4_S[3]_CO[3])
                                                      0.401    15.681 r  y_reg[7]_i_1949/CO[3]
                         net (fo=16, routed)          0.909    16.589    y_reg[7]_i_1949_n_0
    SLICE_X61Y76         LUT3 (Prop_lut3_I1_O)        0.119    16.708 r  y[1]_i_223/O
                         net (fo=6, routed)           0.864    17.572    y[1]_i_223_n_0
    SLICE_X58Y76         LUT6 (Prop_lut6_I0_O)        0.332    17.904 r  y[5]_i_348/O
                         net (fo=1, routed)           0.541    18.445    y[5]_i_348_n_0
    SLICE_X57Y76         CARRY4 (Prop_carry4_DI[0]_CO[3])
                                                      0.526    18.971 r  y_reg[5]_i_322/CO[3]
                         net (fo=32, routed)          1.206    20.177    y_reg[5]_i_322_n_0
    SLICE_X58Y77         LUT5 (Prop_lut5_I3_O)        0.146    20.323 r  y[5]_i_357/O
                         net (fo=2, routed)           0.792    21.114    y[5]_i_357_n_0
    SLICE_X57Y77         LUT4 (Prop_lut4_I0_O)        0.328    21.442 r  y[5]_i_343/O
                         net (fo=1, routed)           0.000    21.442    y[5]_i_343_n_0
    SLICE_X57Y77         CARRY4 (Prop_carry4_S[1]_CO[3])
                                                      0.550    21.992 r  y_reg[5]_i_320/CO[3]
                         net (fo=16, routed)          1.015    23.007    y_reg[5]_i_320_n_0
    SLICE_X57Y78         LUT5 (Prop_lut5_I1_O)        0.124    23.131 r  y[5]_i_284/O
                         net (fo=6, routed)           1.127    24.257    y[5]_i_284_n_0
    SLICE_X53Y75         LUT6 (Prop_lut6_I1_O)        0.124    24.381 r  y[5]_i_312/O
                         net (fo=1, routed)           0.614    24.995    y[5]_i_312_n_0
    SLICE_X52Y75         CARRY4 (Prop_carry4_DI[2]_CO[3])
                                                      0.398    25.393 r  y_reg[5]_i_283/CO[3]
                         net (fo=32, routed)          1.048    26.441    y_reg[5]_i_283_n_0
    SLICE_X53Y76         LUT5 (Prop_lut5_I3_O)        0.152    26.593 r  y[5]_i_333/O
                         net (fo=2, routed)           0.995    27.588    y[5]_i_333_n_0
    SLICE_X51Y76         LUT4 (Prop_lut4_I0_O)        0.332    27.920 r  y[5]_i_309/O
                         net (fo=1, routed)           0.000    27.920    y[5]_i_309_n_0
    SLICE_X51Y76         CARRY4 (Prop_carry4_S[1]_CO[3])
                                                      0.550    28.470 r  y_reg[5]_i_281/CO[3]
                         net (fo=16, routed)          0.842    29.312    y_reg[5]_i_281_n_0
    SLICE_X50Y76         LUT5 (Prop_lut5_I3_O)        0.117    29.429 f  y[3]_i_201/O
                         net (fo=4, routed)           1.118    30.547    y[3]_i_201_n_0
    SLICE_X56Y77         LUT6 (Prop_lut6_I3_O)        0.348    30.895 r  y[7]_i_1753/O
                         net (fo=1, routed)           0.557    31.453    y[7]_i_1753_n_0
    SLICE_X55Y77         CARRY4 (Prop_carry4_DI[1]_CO[3])
                                                      0.507    31.960 r  y_reg[7]_i_1595/CO[3]
                         net (fo=16, routed)          1.000    32.960    y_reg[7]_i_1595_n_0
    SLICE_X53Y78         LUT5 (Prop_lut5_I3_O)        0.118    33.078 f  y[3]_i_195/O
                         net (fo=4, routed)           0.909    33.986    y[3]_i_195_n_0
    SLICE_X54Y81         LUT6 (Prop_lut6_I3_O)        0.326    34.312 r  y[7]_i_1700/O
                         net (fo=1, routed)           0.568    34.880    y[7]_i_1700_n_0
    SLICE_X55Y81         CARRY4 (Prop_carry4_DI[1]_CO[3])
                                                      0.507    35.387 r  y_reg[7]_i_1538/CO[3]
                         net (fo=16, routed)          0.952    36.339    y_reg[7]_i_1538_n_0
    SLICE_X56Y80         LUT5 (Prop_lut5_I1_O)        0.124    36.463 r  y[5]_i_215/O
                         net (fo=7, routed)           1.092    37.555    y[5]_i_215_n_0
    SLICE_X53Y80         LUT4 (Prop_lut4_I0_O)        0.124    37.679 r  y[7]_i_1534/O
                         net (fo=1, routed)           0.000    37.679    y[7]_i_1534_n_0
    SLICE_X53Y80         CARRY4 (Prop_carry4_S[2]_CO[3])
                                                      0.398    38.077 r  y_reg[7]_i_1335/CO[3]
                         net (fo=36, routed)          1.004    39.081    y_reg[7]_i_1335_n_0
    SLICE_X53Y81         LUT3 (Prop_lut3_I1_O)        0.150    39.231 r  y[7]_i_1720/O
                         net (fo=2, routed)           0.594    39.825    y[7]_i_1720_n_0
    SLICE_X52Y80         LUT6 (Prop_lut6_I4_O)        0.326    40.151 r  y[7]_i_1545/O
                         net (fo=1, routed)           0.619    40.770    y[7]_i_1545_n_0
    SLICE_X51Y80         CARRY4 (Prop_carry4_DI[0]_CO[3])
                                                      0.526    41.296 r  y_reg[7]_i_1337/CO[3]
                         net (fo=16, routed)          0.934    42.230    y_reg[7]_i_1337_n_0
    SLICE_X51Y81         LUT5 (Prop_lut5_I1_O)        0.150    42.380 r  y[1]_i_159/O
                         net (fo=4, routed)           0.602    42.981    y[1]_i_159_n_0
    SLICE_X51Y83         LUT6 (Prop_lut6_I3_O)        0.326    43.307 r  y[7]_i_1379/O
                         net (fo=1, routed)           0.481    43.788    y[7]_i_1379_n_0
    SLICE_X51Y82         CARRY4 (Prop_carry4_DI[0]_CO[3])
                                                      0.526    44.314 r  y_reg[7]_i_1154/CO[3]
                         net (fo=20, routed)          1.197    45.511    y_reg[7]_i_1154_n_0
    SLICE_X51Y83         LUT3 (Prop_lut3_I1_O)        0.152    45.663 r  y[7]_i_1233/O
                         net (fo=5, routed)           1.068    46.731    y[7]_i_1233_n_0
    SLICE_X54Y84         LUT4 (Prop_lut4_I2_O)        0.332    47.063 r  y[7]_i_1149/O
                         net (fo=1, routed)           0.000    47.063    y[7]_i_1149_n_0
    SLICE_X54Y84         CARRY4 (Prop_carry4_S[0]_CO[3])
                                                      0.513    47.576 r  y_reg[7]_i_933/CO[3]
                         net (fo=32, routed)          1.163    48.739    y_reg[7]_i_933_n_0
    SLICE_X54Y85         LUT3 (Prop_lut3_I1_O)        0.153    48.892 r  y[5]_i_138/O
                         net (fo=4, routed)           1.048    49.940    y[5]_i_138_n_0
    SLICE_X50Y86         LUT6 (Prop_lut6_I3_O)        0.331    50.271 r  y[7]_i_1179/O
                         net (fo=1, routed)           0.472    50.743    y[7]_i_1179_n_0
    SLICE_X50Y85         CARRY4 (Prop_carry4_DI[2]_CO[3])
                                                      0.404    51.147 r  y_reg[7]_i_949/CO[3]
                         net (fo=28, routed)          1.732    52.879    y_reg[7]_i_949_n_0
    SLICE_X54Y85         LUT5 (Prop_lut5_I4_O)        0.150    53.029 r  y[7]_i_1012/O
                         net (fo=7, routed)           0.913    53.942    y[7]_i_1012_n_0
    SLICE_X54Y88         LUT4 (Prop_lut4_I2_O)        0.328    54.270 r  y[7]_i_943/O
                         net (fo=1, routed)           0.000    54.270    y[7]_i_943_n_0
    SLICE_X54Y88         CARRY4 (Prop_carry4_S[1]_CO[3])
                                                      0.533    54.803 r  y_reg[7]_i_717/CO[3]
                         net (fo=40, routed)          1.475    56.278    y_reg[7]_i_717_n_0
    SLICE_X53Y89         LUT3 (Prop_lut3_I1_O)        0.154    56.432 r  y[7]_i_582/O
                         net (fo=7, routed)           0.654    57.086    y[7]_i_582_n_0
    SLICE_X53Y88         LUT6 (Prop_lut6_I3_O)        0.327    57.413 r  y[7]_i_787/O
                         net (fo=1, routed)           0.572    57.984    y[7]_i_787_n_0
    SLICE_X52Y88         CARRY4 (Prop_carry4_DI[3]_CO[3])
                                                      0.385    58.369 r  y_reg[7]_i_581/CO[3]
                         net (fo=28, routed)          0.850    59.220    y_reg[7]_i_581_n_0
    SLICE_X53Y88         LUT5 (Prop_lut5_I4_O)        0.118    59.338 f  y[7]_i_785/O
                         net (fo=7, routed)           0.490    59.828    y[7]_i_785_n_0
    SLICE_X50Y87         LUT6 (Prop_lut6_I5_O)        0.326    60.154 r  y[7]_i_798/O
                         net (fo=1, routed)           0.568    60.722    y[7]_i_798_n_0
    SLICE_X50Y88         CARRY4 (Prop_carry4_DI[0]_CO[3])
                                                      0.550    61.272 r  y_reg[7]_i_584/CO[3]
                         net (fo=28, routed)          0.826    62.098    y_reg[7]_i_584_n_0
    SLICE_X50Y89         LUT5 (Prop_lut5_I4_O)        0.124    62.222 r  y[5]_i_67/O
                         net (fo=7, routed)           0.939    63.162    y[5]_i_67_n_0
    SLICE_X49Y88         LUT6 (Prop_lut6_I3_O)        0.124    63.286 r  y[7]_i_573/O
                         net (fo=1, routed)           0.617    63.903    y[7]_i_573_n_0
    SLICE_X48Y88         CARRY4 (Prop_carry4_DI[2]_CO[3])
                                                      0.398    64.301 r  y_reg[7]_i_384/CO[3]
                         net (fo=28, routed)          0.796    65.097    y_reg[7]_i_384_n_0
    SLICE_X48Y89         LUT5 (Prop_lut5_I4_O)        0.124    65.221 f  y[0]_i_81/O
                         net (fo=4, routed)           0.755    65.976    y[0]_i_81_n_0
    SLICE_X42Y90         LUT6 (Prop_lut6_I5_O)        0.124    66.100 r  y[7]_i_588/O
                         net (fo=1, routed)           0.568    66.668    y[7]_i_588_n_0
    SLICE_X43Y90         CARRY4 (Prop_carry4_DI[0]_CO[3])
                                                      0.526    67.194 r  y_reg[7]_i_387/CO[3]
                         net (fo=16, routed)          0.809    68.003    y_reg[7]_i_387_n_0
    SLICE_X44Y90         LUT5 (Prop_lut5_I4_O)        0.124    68.127 r  y[3]_i_44/O
                         net (fo=7, routed)           1.335    69.462    y[3]_i_44_n_0
    SLICE_X39Y90         LUT4 (Prop_lut4_I0_O)        0.124    69.586 r  y[7]_i_381/O
                         net (fo=1, routed)           0.000    69.586    y[7]_i_381_n_0
    SLICE_X39Y90         CARRY4 (Prop_carry4_S[1]_CO[3])
                                                      0.550    70.136 r  y_reg[7]_i_215/CO[3]
                         net (fo=32, routed)          1.144    71.280    y_reg[7]_i_215_n_0
    SLICE_X38Y92         LUT3 (Prop_lut3_I1_O)        0.124    71.404 f  y[0]_i_35/O
                         net (fo=6, routed)           0.693    72.097    y[0]_i_35_n_0
    SLICE_X38Y92         LUT6 (Prop_lut6_I5_O)        0.124    72.221 r  y[7]_i_370/O
                         net (fo=1, routed)           0.473    72.694    y[7]_i_370_n_0
    SLICE_X38Y91         CARRY4 (Prop_carry4_DI[0]_CO[3])
                                                      0.550    73.244 r  y_reg[7]_i_213/CO[3]
                         net (fo=28, routed)          0.998    74.242    y_reg[7]_i_213_n_0
    SLICE_X38Y92         LUT5 (Prop_lut5_I3_O)        0.150    74.392 f  y[1]_i_38/O
                         net (fo=4, routed)           0.853    75.245    y[1]_i_38_n_0
    SLICE_X40Y93         LUT6 (Prop_lut6_I3_O)        0.348    75.593 r  y[7]_i_336/O
                         net (fo=1, routed)           0.618    76.211    y[7]_i_336_n_0
    SLICE_X40Y92         CARRY4 (Prop_carry4_DI[0]_CO[3])
                                                      0.526    76.737 r  y_reg[7]_i_189/CO[3]
                         net (fo=20, routed)          0.992    77.729    y_reg[7]_i_189_n_0
    SLICE_X40Y93         LUT5 (Prop_lut5_I3_O)        0.124    77.853 f  y[1]_i_21/O
                         net (fo=4, routed)           0.853    78.706    y[1]_i_21_n_0
    SLICE_X42Y94         LUT6 (Prop_lut6_I3_O)        0.124    78.830 r  y[7]_i_194/O
                         net (fo=1, routed)           0.632    79.462    y[7]_i_194_n_0
    SLICE_X41Y94         CARRY4 (Prop_carry4_DI[0]_CO[3])
                                                      0.526    79.988 r  y_reg[7]_i_95/CO[3]
                         net (fo=28, routed)          0.980    80.968    y_reg[7]_i_95_n_0
    SLICE_X43Y94         LUT5 (Prop_lut5_I3_O)        0.119    81.087 f  y[1]_i_27/O
                         net (fo=4, routed)           1.165    82.252    y[1]_i_27_n_0
    SLICE_X42Y97         LUT6 (Prop_lut6_I3_O)        0.332    82.584 r  y[7]_i_241/O
                         net (fo=1, routed)           0.473    83.057    y[7]_i_241_n_0
    SLICE_X42Y96         CARRY4 (Prop_carry4_DI[0]_CO[3])
                                                      0.550    83.607 r  y_reg[7]_i_121/CO[3]
                         net (fo=16, routed)          0.949    84.557    y_reg[7]_i_121_n_0
    SLICE_X43Y97         LUT5 (Prop_lut5_I3_O)        0.150    84.707 r  y[3]_i_16/O
                         net (fo=6, routed)           1.336    86.043    y[3]_i_16_n_0
    SLICE_X45Y100        LUT4 (Prop_lut4_I0_O)        0.326    86.369 r  y[7]_i_154/O
                         net (fo=1, routed)           0.000    86.369    y[7]_i_154_n_0
    SLICE_X45Y100        CARRY4 (Prop_carry4_S[1]_CO[3])
                                                      0.550    86.919 r  y_reg[7]_i_62/CO[3]
                         net (fo=16, routed)          1.632    88.551    p_4_in
    SLICE_X43Y100        LUT5 (Prop_lut5_I1_O)        0.152    88.703 r  y[0]_i_7/O
                         net (fo=6, routed)           0.833    89.536    y[0]_i_7_n_0
    SLICE_X41Y100        LUT4 (Prop_lut4_I3_O)        0.326    89.862 r  y[7]_i_81/O
                         net (fo=1, routed)           0.000    89.862    y[7]_i_81_n_0
    SLICE_X41Y100        CARRY4 (Prop_carry4_S[0]_CO[3])
                                                      0.532    90.394 r  y_reg[7]_i_22/CO[3]
                         net (fo=16, routed)          0.801    91.194    y_reg[7]_i_22_n_0
    SLICE_X40Y101        LUT3 (Prop_lut3_I1_O)        0.118    91.312 r  y[1]_i_5/O
                         net (fo=5, routed)           0.859    92.171    y[1]_i_5_n_0
    SLICE_X39Y100        LUT4 (Prop_lut4_I1_O)        0.326    92.497 r  y[7]_i_33/O
                         net (fo=1, routed)           0.000    92.497    y[7]_i_33_n_0
    SLICE_X39Y100        CARRY4 (Prop_carry4_S[0]_CO[3])
                                                      0.532    93.029 r  y_reg[7]_i_6/CO[3]
                         net (fo=8, routed)           1.014    94.043    y_reg[7]_i_6_n_0
    SLICE_X38Y100        LUT6 (Prop_lut6_I0_O)        0.124    94.167 r  y[3]_i_2/O
                         net (fo=3, routed)           0.960    95.127    y[3]_i_2_n_0
    SLICE_X39Y102        LUT4 (Prop_lut4_I0_O)        0.124    95.251 r  y[7]_i_18/O
                         net (fo=1, routed)           0.000    95.251    y[7]_i_18_n_0
    SLICE_X39Y102        CARRY4 (Prop_carry4_S[1]_CO[3])
                                                      0.550    95.801 r  y_reg[7]_i_4/CO[3]
                         net (fo=8, routed)           0.799    96.600    s1
    SLICE_X38Y102        LUT3 (Prop_lut3_I1_O)        0.116    96.716 r  y[1]_i_1/O
                         net (fo=1, routed)           0.000    96.716    y[1]_i_1_n_0
    SLICE_X38Y102        FDRE                                         r  y_reg[1]/D
  -------------------------------------------------------------------    -------------------

                         (clock vclk rise edge)     102.655   102.655 r  <hidden>
                                                      0.000   102.655 r  clk
                         net (fo=167, unset)          0.924   103.579    clk
    SLICE_X38Y102        FDRE                                         r  y_reg[1]/C
                         clock pessimism              0.000   103.579    <hidden>
                         clock uncertainty           -0.035   103.544    <hidden>
    SLICE_X38Y102        FDRE (Setup_fdre_C_D)        0.118   103.662    y_reg[1]
  -------------------------------------------------------------------
                         required time                        103.662    <hidden>
                         arrival time                         -96.716    <hidden>
  -------------------------------------------------------------------
                         slack                                  6.946    <hidden>

Slack (MET) :             6.985ns  (required time - arrival time)
  Source:                 w0_reg[1]/C
                            (rising edge-triggered cell FDRE clocked by vclk  {rise@0.000ns fall@51.327ns period=102.655ns})
  Destination:            y_reg[7]/D
                            (rising edge-triggered cell FDRE clocked by vclk  {rise@0.000ns fall@51.327ns period=102.655ns})
  Path Group:             vclk
  Path Type:              Setup (Max at Slow Process Corner)
  Requirement:            102.655ns  (vclk rise@102.655ns - vclk rise@0.000ns)
  Data Path Delay:        95.704ns  (logic 27.442ns (28.674%)  route 68.262ns (71.326%))
  Logic Levels:           90  (CARRY4=30 LUT3=9 LUT4=12 LUT5=19 LUT6=20)
  Clock Path Skew:        -0.049ns (DCD - SCD + CPR)
    Destination Clock Delay (DCD):    0.924ns = ( 103.579 - 102.655 ) 
    Source Clock Delay      (SCD):    0.973ns
    Clock Pessimism Removal (CPR):    0.000ns
  Clock Uncertainty:      0.035ns  ((TSJ^2 + TIJ^2)^1/2 + DJ) / 2 + PE
    Total System Jitter     (TSJ):    0.071ns
    Total Input Jitter      (TIJ):    0.000ns
    Discrete Jitter          (DJ):    0.000ns
    Phase Error              (PE):    0.000ns

    Location             Delay type                Incr(ns)  Path(ns)    Netlist Resource(s)
  -------------------------------------------------------------------    -------------------
                         (clock vclk rise edge)       0.000     0.000 r  <hidden>
                                                      0.000     0.000 r  clk
                         net (fo=167, unset)          0.973     0.973    clk
    SLICE_X62Y73         FDRE                                         r  w0_reg[1]/C
  -------------------------------------------------------------------    -------------------
    SLICE_X62Y73         FDRE (Prop_fdre_C_Q)         0.518     1.491 r  w0_reg[1]/Q
                         net (fo=11, routed)          1.005     2.496    w0[1]
    SLICE_X64Y74         LUT4 (Prop_lut4_I0_O)        0.124     2.620 r  y[7]_i_2015/O
                         net (fo=1, routed)           0.000     2.620    y[7]_i_2015_n_0
    SLICE_X64Y74         CARRY4 (Prop_carry4_S[0]_CO[3])
                                                      0.532     3.152 r  y_reg[7]_i_1914/CO[3]
                         net (fo=64, routed)          1.284     4.436    y_reg[7]_i_1914_n_0
    SLICE_X62Y71         LUT3 (Prop_lut3_I1_O)        0.150     4.586 r  y[7]_i_2102/O
                         net (fo=1, routed)           0.290     4.876    y[7]_i_2102_n_0
    SLICE_X62Y71         LUT6 (Prop_lut6_I1_O)        0.348     5.224 r  y[7]_i_2018/O
                         net (fo=1, routed)           0.543     5.768    y[7]_i_2018_n_0
    SLICE_X64Y72         CARRY4 (Prop_carry4_DI[1]_CO[3])
                                                      0.507     6.275 r  y_reg[7]_i_1915/CO[3]
                         net (fo=40, routed)          1.399     7.673    y_reg[7]_i_1915_n_0
    SLICE_X63Y74         LUT5 (Prop_lut5_I3_O)        0.152     7.825 f  y[7]_i_2085/O
                         net (fo=1, routed)           0.849     8.674    y[7]_i_2085_n_0
    SLICE_X63Y74         LUT6 (Prop_lut6_I1_O)        0.332     9.006 r  y[7]_i_2000/O
                         net (fo=1, routed)           0.340     9.346    y[7]_i_2000_n_0
    SLICE_X63Y73         CARRY4 (Prop_carry4_DI[3]_CO[3])
                                                      0.385     9.731 r  y_reg[7]_i_1913/CO[3]
                         net (fo=16, routed)          0.816    10.547    y_reg[7]_i_1913_n_0
    SLICE_X62Y74         LUT6 (Prop_lut6_I2_O)        0.124    10.671 r  y[1]_i_225/O
                         net (fo=4, routed)           0.925    11.596    y[1]_i_225_n_0
    SLICE_X61Y74         LUT6 (Prop_lut6_I0_O)        0.124    11.720 r  y[7]_i_2035/O
                         net (fo=1, routed)           0.627    12.346    y[7]_i_2035_n_0
    SLICE_X60Y74         CARRY4 (Prop_carry4_DI[0]_CO[3])
                                                      0.526    12.872 r  y_reg[7]_i_1925/CO[3]
                         net (fo=16, routed)          0.967    13.840    y_reg[7]_i_1925_n_0
    SLICE_X62Y75         LUT5 (Prop_lut5_I3_O)        0.117    13.957 r  y[7]_i_1948/O
                         net (fo=4, routed)           0.975    14.932    y[7]_i_1948_n_0
    SLICE_X61Y77         LUT4 (Prop_lut4_I1_O)        0.348    15.280 r  y[7]_i_2060/O
                         net (fo=1, routed)           0.000    15.280    y[7]_i_2060_n_0
    SLICE_X61Y77         CARRY4 (Prop_carry4_S[3]_CO[3])
                                                      0.401    15.681 r  y_reg[7]_i_1949/CO[3]
                         net (fo=16, routed)          0.909    16.589    y_reg[7]_i_1949_n_0
    SLICE_X61Y76         LUT3 (Prop_lut3_I1_O)        0.119    16.708 r  y[1]_i_223/O
                         net (fo=6, routed)           0.864    17.572    y[1]_i_223_n_0
    SLICE_X58Y76         LUT6 (Prop_lut6_I0_O)        0.332    17.904 r  y[5]_i_348/O
                         net (fo=1, routed)           0.541    18.445    y[5]_i_348_n_0
    SLICE_X57Y76         CARRY4 (Prop_carry4_DI[0]_CO[3])
                                                      0.526    18.971 r  y_reg[5]_i_322/CO[3]
                         net (fo=32, routed)          1.206    20.177    y_reg[5]_i_322_n_0
    SLICE_X58Y77         LUT5 (Prop_lut5_I3_O)        0.146    20.323 r  y[5]_i_357/O
                         net (fo=2, routed)           0.792    21.114    y[5]_i_357_n_0
    SLICE_X57Y77         LUT4 (Prop_lut4_I0_O)        0.328    21.442 r  y[5]_i_343/O
                         net (fo=1, routed)           0.000    21.442    y[5]_i_343_n_0
    SLICE_X57Y77         CARRY4 (Prop_carry4_S[1]_CO[3])
                                                      0.550    21.992 r  y_reg[5]_i_320/CO[3]
                         net (fo=16, routed)          1.015    23.007    y_reg[5]_i_320_n_0
    SLICE_X57Y78         LUT5 (Prop_lut5_I1_O)        0.124    23.131 r  y[5]_i_284/O
                         net (fo=6, routed)           1.127    24.257    y[5]_i_284_n_0
    SLICE_X53Y75         LUT6 (Prop_lut6_I1_O)        0.124    24.381 r  y[5]_i_312/O
                         net (fo=1, routed)           0.614    24.995    y[5]_i_312_n_0
    SLICE_X52Y75         CARRY4 (Prop_carry4_DI[2]_CO[3])
                                                      0.398    25.393 r  y_reg[5]_i_283/CO[3]
                         net (fo=32, routed)          1.048    26.441    y_reg[5]_i_283_n_0
    SLICE_X53Y76         LUT5 (Prop_lut5_I3_O)        0.152    26.593 r  y[5]_i_333/O
                         net (fo=2, routed)           0.995    27.588    y[5]_i_333_n_0
    SLICE_X51Y76         LUT4 (Prop_lut4_I0_O)        0.332    27.920 r  y[5]_i_309/O
                         net (fo=1, routed)           0.000    27.920    y[5]_i_309_n_0
    SLICE_X51Y76         CARRY4 (Prop_carry4_S[1]_CO[3])
                                                      0.550    28.470 r  y_reg[5]_i_281/CO[3]
                         net (fo=16, routed)          0.842    29.312    y_reg[5]_i_281_n_0
    SLICE_X50Y76         LUT5 (Prop_lut5_I3_O)        0.117    29.429 f  y[3]_i_201/O
                         net (fo=4, routed)           1.118    30.547    y[3]_i_201_n_0
    SLICE_X56Y77         LUT6 (Prop_lut6_I3_O)        0.348    30.895 r  y[7]_i_1753/O
                         net (fo=1, routed)           0.557    31.453    y[7]_i_1753_n_0
    SLICE_X55Y77         CARRY4 (Prop_carry4_DI[1]_CO[3])
                                                      0.507    31.960 r  y_reg[7]_i_1595/CO[3]
                         net (fo=16, routed)          1.000    32.960    y_reg[7]_i_1595_n_0
    SLICE_X53Y78         LUT5 (Prop_lut5_I3_O)        0.118    33.078 f  y[3]_i_195/O
                         net (fo=4, routed)           0.909    33.986    y[3]_i_195_n_0
    SLICE_X54Y81         LUT6 (Prop_lut6_I3_O)        0.326    34.312 r  y[7]_i_1700/O
                         net (fo=1, routed)           0.568    34.880    y[7]_i_1700_n_0
    SLICE_X55Y81         CARRY4 (Prop_carry4_DI[1]_CO[3])
                                                      0.507    35.387 r  y_reg[7]_i_1538/CO[3]
                         net (fo=16, routed)          0.952    36.339    y_reg[7]_i_1538_n_0
    SLICE_X56Y80         LUT5 (Prop_lut5_I1_O)        0.124    36.463 r  y[5]_i_215/O
                         net (fo=7, routed)           1.092    37.555    y[5]_i_215_n_0
    SLICE_X53Y80         LUT4 (Prop_lut4_I0_O)        0.124    37.679 r  y[7]_i_1534/O
                         net (fo=1, routed)           0.000    37.679    y[7]_i_1534_n_0
    SLICE_X53Y80         CARRY4 (Prop_carry4_S[2]_CO[3])
                                                      0.398    38.077 r  y_reg[7]_i_1335/CO[3]
                         net (fo=36, routed)          1.004    39.081    y_reg[7]_i_1335_n_0
    SLICE_X53Y81         LUT3 (Prop_lut3_I1_O)        0.150    39.231 r  y[7]_i_1720/O
                         net (fo=2, routed)           0.594    39.825    y[7]_i_1720_n_0
    SLICE_X52Y80         LUT6 (Prop_lut6_I4_O)        0.326    40.151 r  y[7]_i_1545/O
                         net (fo=1, routed)           0.619    40.770    y[7]_i_1545_n_0
    SLICE_X51Y80         CARRY4 (Prop_carry4_DI[0]_CO[3])
                                                      0.526    41.296 r  y_reg[7]_i_1337/CO[3]
                         net (fo=16, routed)          0.934    42.230    y_reg[7]_i_1337_n_0
    SLICE_X51Y81         LUT5 (Prop_lut5_I1_O)        0.150    42.380 r  y[1]_i_159/O
                         net (fo=4, routed)           0.602    42.981    y[1]_i_159_n_0
    SLICE_X51Y83         LUT6 (Prop_lut6_I3_O)        0.326    43.307 r  y[7]_i_1379/O
                         net (fo=1, routed)           0.481    43.788    y[7]_i_1379_n_0
    SLICE_X51Y82         CARRY4 (Prop_carry4_DI[0]_CO[3])
                                                      0.526    44.314 r  y_reg[7]_i_1154/CO[3]
                         net (fo=20, routed)          1.197    45.511    y_reg[7]_i_1154_n_0
    SLICE_X51Y83         LUT3 (Prop_lut3_I1_O)        0.152    45.663 r  y[7]_i_1233/O
                         net (fo=5, routed)           1.068    46.731    y[7]_i_1233_n_0
    SLICE_X54Y84         LUT4 (Prop_lut4_I2_O)        0.332    47.063 r  y[7]_i_1149/O
                         net (fo=1, routed)           0.000    47.063    y[7]_i_1149_n_0
    SLICE_X54Y84         CARRY4 (Prop_carry4_S[0]_CO[3])
                                                      0.513    47.576 r  y_reg[7]_i_933/CO[3]
                         net (fo=32, routed)          1.163    48.739    y_reg[7]_i_933_n_0
    SLICE_X54Y85         LUT3 (Prop_lut3_I1_O)        0.153    48.892 r  y[5]_i_138/O
                         net (fo=4, routed)           1.048    49.940    y[5]_i_138_n_0
    SLICE_X50Y86         LUT6 (Prop_lut6_I3_O)        0.331    50.271 r  y[7]_i_1179/O
                         net (fo=1, routed)           0.472    50.743    y[7]_i_1179_n_0
    SLICE_X50Y85         CARRY4 (Prop_carry4_DI[2]_CO[3])
                                                      0.404    51.147 r  y_reg[7]_i_949/CO[3]
                         net (fo=28, routed)          1.732    52.879    y_reg[7]_i_949_n_0
    SLICE_X54Y85         LUT5 (Prop_lut5_I4_O)        0.150    53.029 r  y[7]_i_1012/O
                         net (fo=7, routed)           0.913    53.942    y[7]_i_1012_n_0
    SLICE_X54Y88         LUT4 (Prop_lut4_I2_O)        0.328    54.270 r  y[7]_i_943/O
                         net (fo=1, routed)           0.000    54.270    y[7]_i_943_n_0
    SLICE_X54Y88         CARRY4 (Prop_carry4_S[1]_CO[3])
                                                      0.533    54.803 r  y_reg[7]_i_717/CO[3]
                         net (fo=40, routed)          1.475    56.278    y_reg[7]_i_717_n_0
    SLICE_X53Y89         LUT3 (Prop_lut3_I1_O)        0.154    56.432 r  y[7]_i_582/O
                         net (fo=7, routed)           0.654    57.086    y[7]_i_582_n_0
    SLICE_X53Y88         LUT6 (Prop_lut6_I3_O)        0.327    57.413 r  y[7]_i_787/O
                         net (fo=1, routed)           0.572    57.984    y[7]_i_787_n_0
    SLICE_X52Y88         CARRY4 (Prop_carry4_DI[3]_CO[3])
                                                      0.385    58.369 r  y_reg[7]_i_581/CO[3]
                         net (fo=28, routed)          0.850    59.220    y_reg[7]_i_581_n_0
    SLICE_X53Y88         LUT5 (Prop_lut5_I4_O)        0.118    59.338 f  y[7]_i_785/O
                         net (fo=7, routed)           0.490    59.828    y[7]_i_785_n_0
    SLICE_X50Y87         LUT6 (Prop_lut6_I5_O)        0.326    60.154 r  y[7]_i_798/O
                         net (fo=1, routed)           0.568    60.722    y[7]_i_798_n_0
    SLICE_X50Y88         CARRY4 (Prop_carry4_DI[0]_CO[3])
                                                      0.550    61.272 r  y_reg[7]_i_584/CO[3]
                         net (fo=28, routed)          0.826    62.098    y_reg[7]_i_584_n_0
    SLICE_X50Y89         LUT5 (Prop_lut5_I4_O)        0.124    62.222 r  y[5]_i_67/O
                         net (fo=7, routed)           0.939    63.162    y[5]_i_67_n_0
    SLICE_X49Y88         LUT6 (Prop_lut6_I3_O)        0.124    63.286 r  y[7]_i_573/O
                         net (fo=1, routed)           0.617    63.903    y[7]_i_573_n_0
    SLICE_X48Y88         CARRY4 (Prop_carry4_DI[2]_CO[3])
                                                      0.398    64.301 r  y_reg[7]_i_384/CO[3]
                         net (fo=28, routed)          0.796    65.097    y_reg[7]_i_384_n_0
    SLICE_X48Y89         LUT5 (Prop_lut5_I4_O)        0.124    65.221 f  y[0]_i_81/O
                         net (fo=4, routed)           0.755    65.976    y[0]_i_81_n_0
    SLICE_X42Y90         LUT6 (Prop_lut6_I5_O)        0.124    66.100 r  y[7]_i_588/O
                         net (fo=1, routed)           0.568    66.668    y[7]_i_588_n_0
    SLICE_X43Y90         CARRY4 (Prop_carry4_DI[0]_CO[3])
                                                      0.526    67.194 r  y_reg[7]_i_387/CO[3]
                         net (fo=16, routed)          0.809    68.003    y_reg[7]_i_387_n_0
    SLICE_X44Y90         LUT5 (Prop_lut5_I4_O)        0.124    68.127 r  y[3]_i_44/O
                         net (fo=7, routed)           1.335    69.462    y[3]_i_44_n_0
    SLICE_X39Y90         LUT4 (Prop_lut4_I0_O)        0.124    69.586 r  y[7]_i_381/O
                         net (fo=1, routed)           0.000    69.586    y[7]_i_381_n_0
    SLICE_X39Y90         CARRY4 (Prop_carry4_S[1]_CO[3])
                                                      0.550    70.136 r  y_reg[7]_i_215/CO[3]
                         net (fo=32, routed)          1.144    71.280    y_reg[7]_i_215_n_0
    SLICE_X38Y92         LUT3 (Prop_lut3_I1_O)        0.124    71.404 f  y[0]_i_35/O
                         net (fo=6, routed)           0.693    72.097    y[0]_i_35_n_0
    SLICE_X38Y92         LUT6 (Prop_lut6_I5_O)        0.124    72.221 r  y[7]_i_370/O
                         net (fo=1, routed)           0.473    72.694    y[7]_i_370_n_0
    SLICE_X38Y91         CARRY4 (Prop_carry4_DI[0]_CO[3])
                                                      0.550    73.244 r  y_reg[7]_i_213/CO[3]
                         net (fo=28, routed)          0.998    74.242    y_reg[7]_i_213_n_0
    SLICE_X38Y92         LUT5 (Prop_lut5_I3_O)        0.150    74.392 f  y[1]_i_38/O
                         net (fo=4, routed)           0.853    75.245    y[1]_i_38_n_0
    SLICE_X40Y93         LUT6 (Prop_lut6_I3_O)        0.348    75.593 r  y[7]_i_336/O
                         net (fo=1, routed)           0.618    76.211    y[7]_i_336_n_0
    SLICE_X40Y92         CARRY4 (Prop_carry4_DI[0]_CO[3])
                                                      0.526    76.737 r  y_reg[7]_i_189/CO[3]
                         net (fo=20, routed)          0.992    77.729    y_reg[7]_i_189_n_0
    SLICE_X40Y93         LUT5 (Prop_lut5_I3_O)        0.124    77.853 f  y[1]_i_21/O
                         net (fo=4, routed)           0.853    78.706    y[1]_i_21_n_0
    SLICE_X42Y94         LUT6 (Prop_lut6_I3_O)        0.124    78.830 r  y[7]_i_194/O
                         net (fo=1, routed)           0.632    79.462    y[7]_i_194_n_0
    SLICE_X41Y94         CARRY4 (Prop_carry4_DI[0]_CO[3])
                                                      0.526    79.988 r  y_reg[7]_i_95/CO[3]
                         net (fo=28, routed)          0.980    80.968    y_reg[7]_i_95_n_0
    SLICE_X43Y94         LUT5 (Prop_lut5_I3_O)        0.119    81.087 f  y[1]_i_27/O
                         net (fo=4, routed)           1.165    82.252    y[1]_i_27_n_0
    SLICE_X42Y97         LUT6 (Prop_lut6_I3_O)        0.332    82.584 r  y[7]_i_241/O
                         net (fo=1, routed)           0.473    83.057    y[7]_i_241_n_0
    SLICE_X42Y96         CARRY4 (Prop_carry4_DI[0]_CO[3])
                                                      0.550    83.607 r  y_reg[7]_i_121/CO[3]
                         net (fo=16, routed)          0.949    84.557    y_reg[7]_i_121_n_0
    SLICE_X43Y97         LUT5 (Prop_lut5_I3_O)        0.150    84.707 r  y[3]_i_16/O
                         net (fo=6, routed)           1.336    86.043    y[3]_i_16_n_0
    SLICE_X45Y100        LUT4 (Prop_lut4_I0_O)        0.326    86.369 r  y[7]_i_154/O
                         net (fo=1, routed)           0.000    86.369    y[7]_i_154_n_0
    SLICE_X45Y100        CARRY4 (Prop_carry4_S[1]_CO[3])
                                                      0.550    86.919 r  y_reg[7]_i_62/CO[3]
                         net (fo=16, routed)          1.632    88.551    p_4_in
    SLICE_X43Y100        LUT5 (Prop_lut5_I1_O)        0.152    88.703 r  y[0]_i_7/O
                         net (fo=6, routed)           0.833    89.536    y[0]_i_7_n_0
    SLICE_X41Y100        LUT4 (Prop_lut4_I3_O)        0.326    89.862 r  y[7]_i_81/O
                         net (fo=1, routed)           0.000    89.862    y[7]_i_81_n_0
    SLICE_X41Y100        CARRY4 (Prop_carry4_S[0]_CO[3])
                                                      0.532    90.394 r  y_reg[7]_i_22/CO[3]
                         net (fo=16, routed)          0.801    91.194    y_reg[7]_i_22_n_0
    SLICE_X40Y101        LUT3 (Prop_lut3_I1_O)        0.118    91.312 r  y[1]_i_5/O
                         net (fo=5, routed)           0.859    92.171    y[1]_i_5_n_0
    SLICE_X39Y100        LUT4 (Prop_lut4_I1_O)        0.326    92.497 r  y[7]_i_33/O
                         net (fo=1, routed)           0.000    92.497    y[7]_i_33_n_0
    SLICE_X39Y100        CARRY4 (Prop_carry4_S[0]_CO[3])
                                                      0.532    93.029 r  y_reg[7]_i_6/CO[3]
                         net (fo=8, routed)           1.014    94.043    y_reg[7]_i_6_n_0
    SLICE_X38Y100        LUT6 (Prop_lut6_I0_O)        0.124    94.167 r  y[3]_i_2/O
                         net (fo=3, routed)           0.960    95.127    y[3]_i_2_n_0
    SLICE_X39Y102        LUT4 (Prop_lut4_I0_O)        0.124    95.251 r  y[7]_i_18/O
                         net (fo=1, routed)           0.000    95.251    y[7]_i_18_n_0
    SLICE_X39Y102        CARRY4 (Prop_carry4_S[1]_CO[3])
                                                      0.550    95.801 r  y_reg[7]_i_4/CO[3]
                         net (fo=8, routed)           0.758    96.558    s1
    SLICE_X38Y102        LUT3 (Prop_lut3_I1_O)        0.119    96.677 r  y[7]_i_2/O
                         net (fo=1, routed)           0.000    96.677    y[7]_i_2_n_0
    SLICE_X38Y102        FDRE                                         r  y_reg[7]/D
  -------------------------------------------------------------------    -------------------

                         (clock vclk rise edge)     102.655   102.655 r  <hidden>
                                                      0.000   102.655 r  clk
                         net (fo=167, unset)          0.924   103.579    clk
    SLICE_X38Y102        FDRE                                         r  y_reg[7]/C
                         clock pessimism              0.000   103.579    <hidden>
                         clock uncertainty           -0.035   103.544    <hidden>
    SLICE_X38Y102        FDRE (Setup_fdre_C_D)        0.118   103.662    y_reg[7]
  -------------------------------------------------------------------
                         required time                        103.662    <hidden>
                         arrival time                         -96.677    <hidden>
  -------------------------------------------------------------------
                         slack                                  6.985    <hidden>

Slack (MET) :             6.991ns  (required time - arrival time)
  Source:                 w0_reg[1]/C
                            (rising edge-triggered cell FDRE clocked by vclk  {rise@0.000ns fall@51.327ns period=102.655ns})
  Destination:            y_reg[5]/D
                            (rising edge-triggered cell FDRE clocked by vclk  {rise@0.000ns fall@51.327ns period=102.655ns})
  Path Group:             vclk
  Path Type:              Setup (Max at Slow Process Corner)
  Requirement:            102.655ns  (vclk rise@102.655ns - vclk rise@0.000ns)
  Data Path Delay:        95.698ns  (logic 27.440ns (28.673%)  route 68.258ns (71.327%))
  Logic Levels:           90  (CARRY4=30 LUT3=9 LUT4=12 LUT5=19 LUT6=20)
  Clock Path Skew:        -0.049ns (DCD - SCD + CPR)
    Destination Clock Delay (DCD):    0.924ns = ( 103.579 - 102.655 ) 
    Source Clock Delay      (SCD):    0.973ns
    Clock Pessimism Removal (CPR):    0.000ns
  Clock Uncertainty:      0.035ns  ((TSJ^2 + TIJ^2)^1/2 + DJ) / 2 + PE
    Total System Jitter     (TSJ):    0.071ns
    Total Input Jitter      (TIJ):    0.000ns
    Discrete Jitter          (DJ):    0.000ns
    Phase Error              (PE):    0.000ns

    Location             Delay type                Incr(ns)  Path(ns)    Netlist Resource(s)
  -------------------------------------------------------------------    -------------------
                         (clock vclk rise edge)       0.000     0.000 r  <hidden>
                                                      0.000     0.000 r  clk
                         net (fo=167, unset)          0.973     0.973    clk
    SLICE_X62Y73         FDRE                                         r  w0_reg[1]/C
  -------------------------------------------------------------------    -------------------
    SLICE_X62Y73         FDRE (Prop_fdre_C_Q)         0.518     1.491 r  w0_reg[1]/Q
                         net (fo=11, routed)          1.005     2.496    w0[1]
    SLICE_X64Y74         LUT4 (Prop_lut4_I0_O)        0.124     2.620 r  y[7]_i_2015/O
                         net (fo=1, routed)           0.000     2.620    y[7]_i_2015_n_0
    SLICE_X64Y74         CARRY4 (Prop_carry4_S[0]_CO[3])
                                                      0.532     3.152 r  y_reg[7]_i_1914/CO[3]
                         net (fo=64, routed)          1.284     4.436    y_reg[7]_i_1914_n_0
    SLICE_X62Y71         LUT3 (Prop_lut3_I1_O)        0.150     4.586 r  y[7]_i_2102/O
                         net (fo=1, routed)           0.290     4.876    y[7]_i_2102_n_0
    SLICE_X62Y71         LUT6 (Prop_lut6_I1_O)        0.348     5.224 r  y[7]_i_2018/O
                         net (fo=1, routed)           0.543     5.768    y[7]_i_2018_n_0
    SLICE_X64Y72         CARRY4 (Prop_carry4_DI[1]_CO[3])
                                                      0.507     6.275 r  y_reg[7]_i_1915/CO[3]
                         net (fo=40, routed)          1.399     7.673    y_reg[7]_i_1915_n_0
    SLICE_X63Y74         LUT5 (Prop_lut5_I3_O)        0.152     7.825 f  y[7]_i_2085/O
                         net (fo=1, routed)           0.849     8.674    y[7]_i_2085_n_0
    SLICE_X63Y74         LUT6 (Prop_lut6_I1_O)        0.332     9.006 r  y[7]_i_2000/O
                         net (fo=1, routed)           0.340     9.346    y[7]_i_2000_n_0
    SLICE_X63Y73         CARRY4 (Prop_carry4_DI[3]_CO[3])
                                                      0.385     9.731 r  y_reg[7]_i_1913/CO[3]
                         net (fo=16, routed)          0.816    10.547    y_reg[7]_i_1913_n_0
    SLICE_X62Y74         LUT6 (Prop_lut6_I2_O)        0.124    10.671 r  y[1]_i_225/O
                         net (fo=4, routed)           0.925    11.596    y[1]_i_225_n_0
    SLICE_X61Y74         LUT6 (Prop_lut6_I0_O)        0.124    11.720 r  y[7]_i_2035/O
                         net (fo=1, routed)           0.627    12.346    y[7]_i_2035_n_0
    SLICE_X60Y74         CARRY4 (Prop_carry4_DI[0]_CO[3])
                                                      0.526    12.872 r  y_reg[7]_i_1925/CO[3]
                         net (fo=16, routed)          0.967    13.840    y_reg[7]_i_1925_n_0
    SLICE_X62Y75         LUT5 (Prop_lut5_I3_O)        0.117    13.957 r  y[7]_i_1948/O
                         net (fo=4, routed)           0.975    14.932    y[7]_i_1948_n_0
    SLICE_X61Y77         LUT4 (Prop_lut4_I1_O)        0.348    15.280 r  y[7]_i_2060/O
                         net (fo=1, routed)           0.000    15.280    y[7]_i_2060_n_0
    SLICE_X61Y77         CARRY4 (Prop_carry4_S[3]_CO[3])
                                                      0.401    15.681 r  y_reg[7]_i_1949/CO[3]
                         net (fo=16, routed)          0.909    16.589    y_reg[7]_i_1949_n_0
    SLICE_X61Y76         LUT3 (Prop_lut3_I1_O)        0.119    16.708 r  y[1]_i_223/O
                         net (fo=6, routed)           0.864    17.572    y[1]_i_223_n_0
    SLICE_X58Y76         LUT6 (Prop_lut6_I0_O)        0.332    17.904 r  y[5]_i_348/O
                         net (fo=1, routed)           0.541    18.445    y[5]_i_348_n_0
    SLICE_X57Y76         CARRY4 (Prop_carry4_DI[0]_CO[3])
                                                      0.526    18.971 r  y_reg[5]_i_322/CO[3]
                         net (fo=32, routed)          1.206    20.177    y_reg[5]_i_322_n_0
    SLICE_X58Y77         LUT5 (Prop_lut5_I3_O)        0.146    20.323 r  y[5]_i_357/O
                         net (fo=2, routed)           0.792    21.114    y[5]_i_357_n_0
    SLICE_X57Y77         LUT4 (Prop_lut4_I0_O)        0.328    21.442 r  y[5]_i_343/O
                         net (fo=1, routed)           0.000    21.442    y[5]_i_343_n_0
    SLICE_X57Y77         CARRY4 (Prop_carry4_S[1]_CO[3])
                                                      0.550    21.992 r  y_reg[5]_i_320/CO[3]
                         net (fo=16, routed)          1.015    23.007    y_reg[5]_i_320_n_0
    SLICE_X57Y78         LUT5 (Prop_lut5_I1_O)        0.124    23.131 r  y[5]_i_284/O
                         net (fo=6, routed)           1.127    24.257    y[5]_i_284_n_0
    SLICE_X53Y75         LUT6 (Prop_lut6_I1_O)        0.124    24.381 r  y[5]_i_312/O
                         net (fo=1, routed)           0.614    24.995    y[5]_i_312_n_0
    SLICE_X52Y75         CARRY4 (Prop_carry4_DI[2]_CO[3])
                                                      0.398    25.393 r  y_reg[5]_i_283/CO[3]
                         net (fo=32, routed)          1.048    26.441    y_reg[5]_i_283_n_0
    SLICE_X53Y76         LUT5 (Prop_lut5_I3_O)        0.152    26.593 r  y[5]_i_333/O
                         net (fo=2, routed)           0.995    27.588    y[5]_i_333_n_0
    SLICE_X51Y76         LUT4 (Prop_lut4_I0_O)        0.332    27.920 r  y[5]_i_309/O
                         net (fo=1, routed)           0.000    27.920    y[5]_i_309_n_0
    SLICE_X51Y76         CARRY4 (Prop_carry4_S[1]_CO[3])
                                                      0.550    28.470 r  y_reg[5]_i_281/CO[3]
                         net (fo=16, routed)          0.842    29.312    y_reg[5]_i_281_n_0
    SLICE_X50Y76         LUT5 (Prop_lut5_I3_O)        0.117    29.429 f  y[3]_i_201/O
                         net (fo=4, routed)           1.118    30.547    y[3]_i_201_n_0
    SLICE_X56Y77         LUT6 (Prop_lut6_I3_O)        0.348    30.895 r  y[7]_i_1753/O
                         net (fo=1, routed)           0.557    31.453    y[7]_i_1753_n_0
    SLICE_X55Y77         CARRY4 (Prop_carry4_DI[1]_CO[3])
                                                      0.507    31.960 r  y_reg[7]_i_1595/CO[3]
                         net (fo=16, routed)          1.000    32.960    y_reg[7]_i_1595_n_0
    SLICE_X53Y78         LUT5 (Prop_lut5_I3_O)        0.118    33.078 f  y[3]_i_195/O
                         net (fo=4, routed)           0.909    33.986    y[3]_i_195_n_0
    SLICE_X54Y81         LUT6 (Prop_lut6_I3_O)        0.326    34.312 r  y[7]_i_1700/O
                         net (fo=1, routed)           0.568    34.880    y[7]_i_1700_n_0
    SLICE_X55Y81         CARRY4 (Prop_carry4_DI[1]_CO[3])
                                                      0.507    35.387 r  y_reg[7]_i_1538/CO[3]
                         net (fo=16, routed)          0.952    36.339    y_reg[7]_i_1538_n_0
    SLICE_X56Y80         LUT5 (Prop_lut5_I1_O)        0.124    36.463 r  y[5]_i_215/O
                         net (fo=7, routed)           1.092    37.555    y[5]_i_215_n_0
    SLICE_X53Y80         LUT4 (Prop_lut4_I0_O)        0.124    37.679 r  y[7]_i_1534/O
                         net (fo=1, routed)           0.000    37.679    y[7]_i_1534_n_0
    SLICE_X53Y80         CARRY4 (Prop_carry4_S[2]_CO[3])
                                                      0.398    38.077 r  y_reg[7]_i_1335/CO[3]
                         net (fo=36, routed)          1.004    39.081    y_reg[7]_i_1335_n_0
    SLICE_X53Y81         LUT3 (Prop_lut3_I1_O)        0.150    39.231 r  y[7]_i_1720/O
                         net (fo=2, routed)           0.594    39.825    y[7]_i_1720_n_0
    SLICE_X52Y80         LUT6 (Prop_lut6_I4_O)        0.326    40.151 r  y[7]_i_1545/O
                         net (fo=1, routed)           0.619    40.770    y[7]_i_1545_n_0
    SLICE_X51Y80         CARRY4 (Prop_carry4_DI[0]_CO[3])
                                                      0.526    41.296 r  y_reg[7]_i_1337/CO[3]
                         net (fo=16, routed)          0.934    42.230    y_reg[7]_i_1337_n_0
    SLICE_X51Y81         LUT5 (Prop_lut5_I1_O)        0.150    42.380 r  y[1]_i_159/O
                         net (fo=4, routed)           0.602    42.981    y[1]_i_159_n_0
    SLICE_X51Y83         LUT6 (Prop_lut6_I3_O)        0.326    43.307 r  y[7]_i_1379/O
                         net (fo=1, routed)           0.481    43.788    y[7]_i_1379_n_0
    SLICE_X51Y82         CARRY4 (Prop_carry4_DI[0]_CO[3])
                                                      0.526    44.314 r  y_reg[7]_i_1154/CO[3]
                         net (fo=20, routed)          1.197    45.511    y_reg[7]_i_1154_n_0
    SLICE_X51Y83         LUT3 (Prop_lut3_I1_O)        0.152    45.663 r  y[7]_i_1233/O
                         net (fo=5, routed)           1.068    46.731    y[7]_i_1233_n_0
    SLICE_X54Y84         LUT4 (Prop_lut4_I2_O)        0.332    47.063 r  y[7]_i_1149/O
                         net (fo=1, routed)           0.000    47.063    y[7]_i_1149_n_0
    SLICE_X54Y84         CARRY4 (Prop_carry4_S[0]_CO[3])
                                                      0.513    47.576 r  y_reg[7]_i_933/CO[3]
                         net (fo=32, routed)          1.163    48.739    y_reg[7]_i_933_n_0
    SLICE_X54Y85         LUT3 (Prop_lut3_I1_O)        0.153    48.892 r  y[5]_i_138/O
                         net (fo=4, routed)           1.048    49.940    y[5]_i_138_n_0
    SLICE_X50Y86         LUT6 (Prop_lut6_I3_O)        0.331    50.271 r  y[7]_i_1179/O
                         net (fo=1, routed)           0.472    50.743    y[7]_i_1179_n_0
    SLICE_X50Y85         CARRY4 (Prop_carry4_DI[2]_CO[3])
                                                      0.404    51.147 r  y_reg[7]_i_949/CO[3]
                         net (fo=28, routed)          1.732    52.879    y_reg[7]_i_949_n_0
    SLICE_X54Y85         LUT5 (Prop_lut5_I4_O)        0.150    53.029 r  y[7]_i_1012/O
                         net (fo=7, routed)           0.913    53.942    y[7]_i_1012_n_0
    SLICE_X54Y88         LUT4 (Prop_lut4_I2_O)        0.328    54.270 r  y[7]_i_943/O
                         net (fo=1, routed)           0.000    54.270    y[7]_i_943_n_0
    SLICE_X54Y88         CARRY4 (Prop_carry4_S[1]_CO[3])
                                                      0.533    54.803 r  y_reg[7]_i_717/CO[3]
                         net (fo=40, routed)          1.475    56.278    y_reg[7]_i_717_n_0
    SLICE_X53Y89         LUT3 (Prop_lut3_I1_O)        0.154    56.432 r  y[7]_i_582/O
                         net (fo=7, routed)           0.654    57.086    y[7]_i_582_n_0
    SLICE_X53Y88         LUT6 (Prop_lut6_I3_O)        0.327    57.413 r  y[7]_i_787/O
                         net (fo=1, routed)           0.572    57.984    y[7]_i_787_n_0
    SLICE_X52Y88         CARRY4 (Prop_carry4_DI[3]_CO[3])
                                                      0.385    58.369 r  y_reg[7]_i_581/CO[3]
                         net (fo=28, routed)          0.850    59.220    y_reg[7]_i_581_n_0
    SLICE_X53Y88         LUT5 (Prop_lut5_I4_O)        0.118    59.338 f  y[7]_i_785/O
                         net (fo=7, routed)           0.490    59.828    y[7]_i_785_n_0
    SLICE_X50Y87         LUT6 (Prop_lut6_I5_O)        0.326    60.154 r  y[7]_i_798/O
                         net (fo=1, routed)           0.568    60.722    y[7]_i_798_n_0
    SLICE_X50Y88         CARRY4 (Prop_carry4_DI[0]_CO[3])
                                                      0.550    61.272 r  y_reg[7]_i_584/CO[3]
                         net (fo=28, routed)          0.826    62.098    y_reg[7]_i_584_n_0
    SLICE_X50Y89         LUT5 (Prop_lut5_I4_O)        0.124    62.222 r  y[5]_i_67/O
                         net (fo=7, routed)           0.939    63.162    y[5]_i_67_n_0
    SLICE_X49Y88         LUT6 (Prop_lut6_I3_O)        0.124    63.286 r  y[7]_i_573/O
                         net (fo=1, routed)           0.617    63.903    y[7]_i_573_n_0
    SLICE_X48Y88         CARRY4 (Prop_carry4_DI[2]_CO[3])
                                                      0.398    64.301 r  y_reg[7]_i_384/CO[3]
                         net (fo=28, routed)          0.796    65.097    y_reg[7]_i_384_n_0
    SLICE_X48Y89         LUT5 (Prop_lut5_I4_O)        0.124    65.221 f  y[0]_i_81/O
                         net (fo=4, routed)           0.755    65.976    y[0]_i_81_n_0
    SLICE_X42Y90         LUT6 (Prop_lut6_I5_O)        0.124    66.100 r  y[7]_i_588/O
                         net (fo=1, routed)           0.568    66.668    y[7]_i_588_n_0
    SLICE_X43Y90         CARRY4 (Prop_carry4_DI[0]_CO[3])
                                                      0.526    67.194 r  y_reg[7]_i_387/CO[3]
                         net (fo=16, routed)          0.809    68.003    y_reg[7]_i_387_n_0
    SLICE_X44Y90         LUT5 (Prop_lut5_I4_O)        0.124    68.127 r  y[3]_i_44/O
                         net (fo=7, routed)           1.335    69.462    y[3]_i_44_n_0
    SLICE_X39Y90         LUT4 (Prop_lut4_I0_O)        0.124    69.586 r  y[7]_i_381/O
                         net (fo=1, routed)           0.000    69.586    y[7]_i_381_n_0
    SLICE_X39Y90         CARRY4 (Prop_carry4_S[1]_CO[3])
                                                      0.550    70.136 r  y_reg[7]_i_215/CO[3]
                         net (fo=32, routed)          1.144    71.280    y_reg[7]_i_215_n_0
    SLICE_X38Y92         LUT3 (Prop_lut3_I1_O)        0.124    71.404 f  y[0]_i_35/O
                         net (fo=6, routed)           0.693    72.097    y[0]_i_35_n_0
    SLICE_X38Y92         LUT6 (Prop_lut6_I5_O)        0.124    72.221 r  y[7]_i_370/O
                         net (fo=1, routed)           0.473    72.694    y[7]_i_370_n_0
    SLICE_X38Y91         CARRY4 (Prop_carry4_DI[0]_CO[3])
                                                      0.550    73.244 r  y_reg[7]_i_213/CO[3]
                         net (fo=28, routed)          0.998    74.242    y_reg[7]_i_213_n_0
    SLICE_X38Y92         LUT5 (Prop_lut5_I3_O)        0.150    74.392 f  y[1]_i_38/O
                         net (fo=4, routed)           0.853    75.245    y[1]_i_38_n_0
    SLICE_X40Y93         LUT6 (Prop_lut6_I3_O)        0.348    75.593 r  y[7]_i_336/O
                         net (fo=1, routed)           0.618    76.211    y[7]_i_336_n_0
    SLICE_X40Y92         CARRY4 (Prop_carry4_DI[0]_CO[3])
                                                      0.526    76.737 r  y_reg[7]_i_189/CO[3]
                         net (fo=20, routed)          0.992    77.729    y_reg[7]_i_189_n_0
    SLICE_X40Y93         LUT5 (Prop_lut5_I3_O)        0.124    77.853 f  y[1]_i_21/O
                         net (fo=4, routed)           0.853    78.706    y[1]_i_21_n_0
    SLICE_X42Y94         LUT6 (Prop_lut6_I3_O)        0.124    78.830 r  y[7]_i_194/O
                         net (fo=1, routed)           0.632    79.462    y[7]_i_194_n_0
    SLICE_X41Y94         CARRY4 (Prop_carry4_DI[0]_CO[3])
                                                      0.526    79.988 r  y_reg[7]_i_95/CO[3]
                         net (fo=28, routed)          0.980    80.968    y_reg[7]_i_95_n_0
    SLICE_X43Y94         LUT5 (Prop_lut5_I3_O)        0.119    81.087 f  y[1]_i_27/O
                         net (fo=4, routed)           1.165    82.252    y[1]_i_27_n_0
    SLICE_X42Y97         LUT6 (Prop_lut6_I3_O)        0.332    82.584 r  y[7]_i_241/O
                         net (fo=1, routed)           0.473    83.057    y[7]_i_241_n_0
    SLICE_X42Y96         CARRY4 (Prop_carry4_DI[0]_CO[3])
                                                      0.550    83.607 r  y_reg[7]_i_121/CO[3]
                         net (fo=16, routed)          0.949    84.557    y_reg[7]_i_121_n_0
    SLICE_X43Y97         LUT5 (Prop_lut5_I3_O)        0.150    84.707 r  y[3]_i_16/O
                         net (fo=6, routed)           1.336    86.043    y[3]_i_16_n_0
    SLICE_X45Y100        LUT4 (Prop_lut4_I0_O)        0.326    86.369 r  y[7]_i_154/O
                         net (fo=1, routed)           0.000    86.369    y[7]_i_154_n_0
    SLICE_X45Y100        CARRY4 (Prop_carry4_S[1]_CO[3])
                                                      0.550    86.919 r  y_reg[7]_i_62/CO[3]
                         net (fo=16, routed)          1.632    88.551    p_4_in
    SLICE_X43Y100        LUT5 (Prop_lut5_I1_O)        0.152    88.703 r  y[0]_i_7/O
                         net (fo=6, routed)           0.833    89.536    y[0]_i_7_n_0
    SLICE_X41Y100        LUT4 (Prop_lut4_I3_O)        0.326    89.862 r  y[7]_i_81/O
                         net (fo=1, routed)           0.000    89.862    y[7]_i_81_n_0
    SLICE_X41Y100        CARRY4 (Prop_carry4_S[0]_CO[3])
                                                      0.532    90.394 r  y_reg[7]_i_22/CO[3]
                         net (fo=16, routed)          0.801    91.194    y_reg[7]_i_22_n_0
    SLICE_X40Y101        LUT3 (Prop_lut3_I1_O)        0.118    91.312 r  y[1]_i_5/O
                         net (fo=5, routed)           0.859    92.171    y[1]_i_5_n_0
    SLICE_X39Y100        LUT4 (Prop_lut4_I1_O)        0.326    92.497 r  y[7]_i_33/O
                         net (fo=1, routed)           0.000    92.497    y[7]_i_33_n_0
    SLICE_X39Y100        CARRY4 (Prop_carry4_S[0]_CO[3])
                                                      0.532    93.029 r  y_reg[7]_i_6/CO[3]
                         net (fo=8, routed)           1.014    94.043    y_reg[7]_i_6_n_0
    SLICE_X38Y100        LUT6 (Prop_lut6_I0_O)        0.124    94.167 r  y[3]_i_2/O
                         net (fo=3, routed)           0.960    95.127    y[3]_i_2_n_0
    SLICE_X39Y102        LUT4 (Prop_lut4_I0_O)        0.124    95.251 r  y[7]_i_18/O
                         net (fo=1, routed)           0.000    95.251    y[7]_i_18_n_0
    SLICE_X39Y102        CARRY4 (Prop_carry4_S[1]_CO[3])
                                                      0.550    95.801 r  y_reg[7]_i_4/CO[3]
                         net (fo=8, routed)           0.754    96.554    s1
    SLICE_X38Y102        LUT3 (Prop_lut3_I1_O)        0.117    96.671 r  y[5]_i_1/O
                         net (fo=1, routed)           0.000    96.671    y[5]_i_1_n_0
    SLICE_X38Y102        FDRE                                         r  y_reg[5]/D
  -------------------------------------------------------------------    -------------------

                         (clock vclk rise edge)     102.655   102.655 r  <hidden>
                                                      0.000   102.655 r  clk
                         net (fo=167, unset)          0.924   103.579    clk
    SLICE_X38Y102        FDRE                                         r  y_reg[5]/C
                         clock pessimism              0.000   103.579    <hidden>
                         clock uncertainty           -0.035   103.544    <hidden>
    SLICE_X38Y102        FDRE (Setup_fdre_C_D)        0.118   103.662    y_reg[5]
  -------------------------------------------------------------------
                         required time                        103.662    <hidden>
                         arrival time                         -96.671    <hidden>
  -------------------------------------------------------------------
                         slack                                  6.991    <hidden>

Slack (MET) :             97.593ns  (required time - arrival time)
  Source:                 rst_n
                            (input port clocked by vclk  {rise@0.000ns fall@51.327ns period=102.655ns})
  Destination:            w1_reg[1]/R
                            (rising edge-triggered cell FDRE clocked by vclk  {rise@0.000ns fall@51.327ns period=102.655ns})
  Path Group:             vclk
  Path Type:              Setup (Max at Slow Process Corner)
  Requirement:            102.655ns  (vclk rise@102.655ns - vclk rise@0.000ns)
  Data Path Delay:        5.427ns  (logic 0.124ns (2.285%)  route 5.303ns (97.715%))
  Logic Levels:           1  (LUT1=1)
  Input Delay:            0.000ns
  Clock Path Skew:        0.924ns (DCD - SCD + CPR)
    Destination Clock Delay (DCD):    0.924ns = ( 103.579 - 102.655 ) 
    Source Clock Delay      (SCD):    0.000ns
    Clock Pessimism Removal (CPR):    0.000ns
  Clock Uncertainty:      0.035ns  ((TSJ^2 + TIJ^2)^1/2 + DJ) / 2 + PE
    Total System Jitter     (TSJ):    0.071ns
    Total Input Jitter      (TIJ):    0.000ns
    Discrete Jitter          (DJ):    0.000ns
    Phase Error              (PE):    0.000ns

    Location             Delay type                Incr(ns)  Path(ns)    Netlist Resource(s)
  -------------------------------------------------------------------    -------------------
                         (clock vclk rise edge)       0.000     0.000 r  <hidden>
                         input delay                  0.000     0.000    <hidden>
                                                      0.000     0.000 f  rst_n
                         net (fo=0)                   0.973     0.973    rst_n
    SLICE_X32Y76         LUT1 (Prop_lut1_I0_O)        0.124     1.097 r  y[7]_i_1/O
                         net (fo=168, routed)         4.330     5.427    y[7]_i_1_n_0
    SLICE_X66Y74         FDRE                                         r  w1_reg[1]/R
  -------------------------------------------------------------------    -------------------

                         (clock vclk rise edge)     102.655   102.655 r  <hidden>
                                                      0.000   102.655 r  clk
                         net (fo=167, unset)          0.924   103.579    clk
    SLICE_X66Y74         FDRE                                         r  w1_reg[1]/C
                         clock pessimism              0.000   103.579    <hidden>
                         clock uncertainty           -0.035   103.544    <hidden>
    SLICE_X66Y74         FDRE (Setup_fdre_C_R)       -0.524   103.020    w1_reg[1]
  -------------------------------------------------------------------
                         required time                        103.020    <hidden>
                         arrival time                          -5.427    <hidden>
  -------------------------------------------------------------------
                         slack                                 97.593    <hidden>

Slack (MET) :             97.593ns  (required time - arrival time)
  Source:                 rst_n
                            (input port clocked by vclk  {rise@0.000ns fall@51.327ns period=102.655ns})
  Destination:            w1_reg[4]/R
                            (rising edge-triggered cell FDRE clocked by vclk  {rise@0.000ns fall@51.327ns period=102.655ns})
  Path Group:             vclk
  Path Type:              Setup (Max at Slow Process Corner)
  Requirement:            102.655ns  (vclk rise@102.655ns - vclk rise@0.000ns)
  Data Path Delay:        5.427ns  (logic 0.124ns (2.285%)  route 5.303ns (97.715%))
  Logic Levels:           1  (LUT1=1)
  Input Delay:            0.000ns
  Clock Path Skew:        0.924ns (DCD - SCD + CPR)
    Destination Clock Delay (DCD):    0.924ns = ( 103.579 - 102.655 ) 
    Source Clock Delay      (SCD):    0.000ns
    Clock Pessimism Removal (CPR):    0.000ns
  Clock Uncertainty:      0.035ns  ((TSJ^2 + TIJ^2)^1/2 + DJ) / 2 + PE
    Total System Jitter     (TSJ):    0.071ns
    Total Input Jitter      (TIJ):    0.000ns
    Discrete Jitter          (DJ):    0.000ns
    Phase Error              (PE):    0.000ns

    Location             Delay type                Incr(ns)  Path(ns)    Netlist Resource(s)
  -------------------------------------------------------------------    -------------------
                         (clock vclk rise edge)       0.000     0.000 r  <hidden>
                         input delay                  0.000     0.000    <hidden>
                                                      0.000     0.000 f  rst_n
                         net (fo=0)                   0.973     0.973    rst_n
    SLICE_X32Y76         LUT1 (Prop_lut1_I0_O)        0.124     1.097 r  y[7]_i_1/O
                         net (fo=168, routed)         4.330     5.427    y[7]_i_1_n_0
    SLICE_X66Y74         FDRE                                         r  w1_reg[4]/R
  -------------------------------------------------------------------    -------------------

                         (clock vclk rise edge)     102.655   102.655 r  <hidden>
                                                      0.000   102.655 r  clk
                         net (fo=167, unset)          0.924   103.579    clk
    SLICE_X66Y74         FDRE                                         r  w1_reg[4]/C
                         clock pessimism              0.000   103.579    <hidden>
                         clock uncertainty           -0.035   103.544    <hidden>
    SLICE_X66Y74         FDRE (Setup_fdre_C_R)       -0.524   103.020    w1_reg[4]
  -------------------------------------------------------------------
                         required time                        103.020    <hidden>
                         arrival time                          -5.427    <hidden>
  -------------------------------------------------------------------
                         slack                                 97.593    <hidden>





Pulse Width Checks
--------------------------------------------------------------------------------------
Clock Name:         vclk
Waveform(ns):       { 0.000 51.327 }
Period(ns):         102.655
Sources:            { clk }

Check Type        Corner  Lib Pin  Reference Pin  Required(ns)  Actual(ns)  Slack(ns)  Location      Pin
Min Period        n/a     FDRE/C   n/a            1.000         102.655     101.655    SLICE_X61Y73  w0_reg[0]/C
Min Period        n/a     FDRE/C   n/a            1.000         102.655     101.655    SLICE_X62Y73  w0_reg[1]/C
Min Period        n/a     FDRE/C   n/a            1.000         102.655     101.655    SLICE_X64Y74  w0_reg[2]/C
Min Period        n/a     FDRE/C   n/a            1.000         102.655     101.655    SLICE_X64Y74  w0_reg[3]/C
Min Period        n/a     FDRE/C   n/a            1.000         102.655     101.655    SLICE_X65Y74  w0_reg[4]/C
Min Period        n/a     FDRE/C   n/a            1.000         102.655     101.655    SLICE_X62Y73  w0_reg[5]/C
Min Period        n/a     FDRE/C   n/a            1.000         102.655     101.655    SLICE_X65Y74  w0_reg[6]/C
Min Period        n/a     FDRE/C   n/a            1.000         102.655     101.655    SLICE_X64Y74  w0_reg[7]/C
Min Period        n/a     FDRE/C   n/a            1.000         102.655     101.655    SLICE_X42Y76  w10_reg[0]/C
Min Period        n/a     FDRE/C   n/a            1.000         102.655     101.655    SLICE_X42Y76  w10_reg[1]/C
Low Pulse Width   Slow    FDRE/C   n/a            0.500         51.328      50.828     SLICE_X61Y73  w0_reg[0]/C
Low Pulse Width   Fast    FDRE/C   n/a            0.500         51.328      50.828     SLICE_X61Y73  w0_reg[0]/C
Low Pulse Width   Slow    FDRE/C   n/a            0.500         51.328      50.828     SLICE_X62Y73  w0_reg[1]/C
Low Pulse Width   Fast    FDRE/C   n/a            0.500         51.328      50.828     SLICE_X62Y73  w0_reg[1]/C
Low Pulse Width   Slow    FDRE/C   n/a            0.500         51.328      50.828     SLICE_X64Y74  w0_reg[2]/C
Low Pulse Width   Fast    FDRE/C   n/a            0.500         51.328      50.828     SLICE_X64Y74  w0_reg[2]/C
Low Pulse Width   Slow    FDRE/C   n/a            0.500         51.328      50.828     SLICE_X64Y74  w0_reg[3]/C
Low Pulse Width   Fast    FDRE/C   n/a            0.500         51.328      50.828     SLICE_X64Y74  w0_reg[3]/C
Low Pulse Width   Slow    FDRE/C   n/a            0.500         51.328      50.828     SLICE_X65Y74  w0_reg[4]/C
Low Pulse Width   Fast    FDRE/C   n/a            0.500         51.328      50.828     SLICE_X65Y74  w0_reg[4]/C
High Pulse Width  Slow    FDRE/C   n/a            0.500         51.328      50.828     SLICE_X61Y73  w0_reg[0]/C
High Pulse Width  Fast    FDRE/C   n/a            0.500         51.328      50.828     SLICE_X61Y73  w0_reg[0]/C
High Pulse Width  Slow    FDRE/C   n/a            0.500         51.328      50.828     SLICE_X62Y73  w0_reg[1]/C
High Pulse Width  Fast    FDRE/C   n/a            0.500         51.328      50.828     SLICE_X62Y73  w0_reg[1]/C
High Pulse Width  Slow    FDRE/C   n/a            0.500         51.328      50.828     SLICE_X64Y74  w0_reg[2]/C
High Pulse Width  Fast    FDRE/C   n/a            0.500         51.328      50.828     SLICE_X64Y74  w0_reg[2]/C
High Pulse Width  Slow    FDRE/C   n/a            0.500         51.328      50.828     SLICE_X64Y74  w0_reg[3]/C
High Pulse Width  Fast    FDRE/C   n/a            0.500         51.328      50.828     SLICE_X64Y74  w0_reg[3]/C
High Pulse Width  Slow    FDRE/C   n/a            0.500         51.328      50.828     SLICE_X65Y74  w0_reg[4]/C
High Pulse Width  Fast    FDRE/C   n/a            0.500         51.328      50.828     SLICE_X65Y74  w0_reg[4]/C



