Copyright 1986-2022 Xilinx, Inc. All Rights Reserved. Copyright 2022-2026 Advanced Micro Devices, Inc. All Rights Reserved.
-----------------------------------------------------------------------------------------------------------------------------------------------------------------------------------------------------------------------------------------------------------------------------------------------
| Tool Version : Vivado v.2026.1 (win64) Build 6511674 Tue Jun 16 11:02:23 MDT 2026
| Date         : Sun Aug 30 23:11:16 2026
| Host         : Amine running 64-bit major release  (build 9200)
| Command      : report_timing_summary -delay_type max -max_paths 10 -report_unconstrained -check_timing_verbose -warn_on_violation -file C:/Users/Amine/mas/fpga-repo/timing_closure_candidate_v7/results/c03_firr_sft_firr20_v6/trial_008_search_p24p627914063_a0/reports/timing_summary.rpt
| Design       : sft__firr20_v6__g1
| Device       : 7z020-clg400
| Speed File   : -1  PRODUCTION 1.12 2019-11-22
| Design State : Routed
-----------------------------------------------------------------------------------------------------------------------------------------------------------------------------------------------------------------------------------------------------------------------------------------------

Timing Summary Report

------------------------------------------------------------------------------------------------
| Timer Settings
| --------------
------------------------------------------------------------------------------------------------

  Enable Multi Corner Analysis               :  Yes
  Enable Pessimism Removal                   :  Yes
  Pessimism Removal Resolution               :  Nearest Common Node
  Enable Input Delay Default Clock           :  No
  Enable Preset / Clear Arcs                 :  No
  Disable Flight Delays                      :  No
  Ignore I/O Paths                           :  No
  Timing Early Launch at Borrowing Latches   :  No
  Borrow Time for Max Delay Exceptions       :  Yes
  Merge Timing Exceptions                    :  Yes
  Inter-SLR Compensation                     :  Conservative

  Corner  Analyze    Analyze    
  Name    Max Paths  Min Paths  
  ------  ---------  ---------  
  Slow    Yes        Yes        
  Fast    Yes        Yes        


------------------------------------------------------------------------------------------------
| Report Methodology
| ------------------
------------------------------------------------------------------------------------------------

No report available as report_methodology has not been run prior. Run report_methodology on the current design for the summary of methodology violations.



check_timing report

Table of Contents
-----------------
1. checking no_clock (0)
2. checking constant_clock (0)
3. checking pulse_width_clock (0)
4. checking unconstrained_internal_endpoints (0)
5. checking no_input_delay (0)
6. checking no_output_delay (0)
7. checking multiple_clock (0)
8. checking generated_clocks (0)
9. checking loops (0)
10. checking partial_input_delay (0)
11. checking partial_output_delay (0)
12. checking latch_loops (0)

1. checking no_clock (0)
------------------------
 There are 0 register/latch pins with no clock.


2. checking constant_clock (0)
------------------------------
 There are 0 register/latch pins with constant_clock.


3. checking pulse_width_clock (0)
---------------------------------
 There are 0 register/latch pins which need pulse_width check


4. checking unconstrained_internal_endpoints (0)
------------------------------------------------
 There are 0 pins that are not constrained for maximum delay.

 There are 0 pins that are not constrained for maximum delay due to constant clock.


5. checking no_input_delay (0)
------------------------------
 There are 0 input ports with no input delay specified.

 There are 0 input ports with no input delay but user has a false path constraint.


6. checking no_output_delay (0)
-------------------------------
 There are 0 ports with no output delay specified.

 There are 0 ports with no output delay but user has a false path constraint

 There are 0 ports with no output delay but with a timing clock defined on it or propagating through it


7. checking multiple_clock (0)
------------------------------
 There are 0 register/latch pins with multiple clocks.


8. checking generated_clocks (0)
--------------------------------
 There are 0 generated clocks that are not connected to a clock source.


9. checking loops (0)
---------------------
 There are 0 combinational loops in the design.


10. checking partial_input_delay (0)
------------------------------------
 There are 0 input ports with partial input delay specified.


11. checking partial_output_delay (0)
-------------------------------------
 There are 0 ports with partial output delay specified.


12. checking latch_loops (0)
----------------------------
 There are 0 combinational latch loops in the design through latch input



------------------------------------------------------------------------------------------------
| Design Timing Summary
| ---------------------
------------------------------------------------------------------------------------------------

    WNS(ns)      TNS(ns)  TNS Failing Endpoints  TNS Total Endpoints     WPWS(ns)     TPWS(ns)  TPWS Failing Endpoints  TPWS Total Endpoints  
    -------      -------  ---------------------  -------------------     --------     --------  ----------------------  --------------------  
     -0.263       -0.416                      2                  362       11.814        0.000                       0                   174  


Timing constraints are not met.


------------------------------------------------------------------------------------------------
| Clock Summary
| -------------
------------------------------------------------------------------------------------------------

Clock  Waveform(ns)       Period(ns)      Frequency(MHz)
-----  ------------       ----------      --------------
vclk   {0.000 12.314}     24.628          40.604          


------------------------------------------------------------------------------------------------
| Intra Clock Table
| -----------------
------------------------------------------------------------------------------------------------

Clock             WNS(ns)      TNS(ns)  TNS Failing Endpoints  TNS Total Endpoints     WPWS(ns)     TPWS(ns)  TPWS Failing Endpoints  TPWS Total Endpoints  
-----             -------      -------  ---------------------  -------------------     --------     --------  ----------------------  --------------------  
vclk               -0.263       -0.416                      2                  362       11.814        0.000                       0                   174  


------------------------------------------------------------------------------------------------
| Inter Clock Table
| -----------------
------------------------------------------------------------------------------------------------

From Clock    To Clock          WNS(ns)      TNS(ns)  TNS Failing Endpoints  TNS Total Endpoints  
----------    --------          -------      -------  ---------------------  -------------------  


------------------------------------------------------------------------------------------------
| Other Path Groups Table
| -----------------------
------------------------------------------------------------------------------------------------

Path Group    From Clock    To Clock          WNS(ns)      TNS(ns)  TNS Failing Endpoints  TNS Total Endpoints  
----------    ----------    --------          -------      -------  ---------------------  -------------------  


------------------------------------------------------------------------------------------------
| User Ignored Path Table
| -----------------------
------------------------------------------------------------------------------------------------

Path Group    From Clock    To Clock    
----------    ----------    --------    


------------------------------------------------------------------------------------------------
| Unconstrained Path Table
| ------------------------
------------------------------------------------------------------------------------------------

Path Group    From Clock    To Clock    
----------    ----------    --------    


------------------------------------------------------------------------------------------------
| Timing Details
| --------------
------------------------------------------------------------------------------------------------


---------------------------------------------------------------------------------------------------
From Clock:  vclk
  To Clock:  vclk

Setup :            2  Failing Endpoints,  Worst Slack       -0.263ns,  Total Violation       -0.416ns
Hold  :           NA  Failing Endpoints,  Worst Slack           NA  ,  Total Violation           NA
PW    :            0  Failing Endpoints,  Worst Slack       11.814ns,  Total Violation        0.000ns
---------------------------------------------------------------------------------------------------


Max Delay Paths
--------------------------------------------------------------------------------------
Slack (VIOLATED) :        -0.263ns  (required time - arrival time)
  Source:                 d18_reg[0]/C
                            (rising edge-triggered cell FDRE clocked by vclk  {rise@0.000ns fall@12.314ns period=24.628ns})
  Destination:            y_reg[15]/D
                            (rising edge-triggered cell FDRE clocked by vclk  {rise@0.000ns fall@12.314ns period=24.628ns})
  Path Group:             vclk
  Path Type:              Setup (Max at Slow Process Corner)
  Requirement:            24.628ns  (vclk rise@24.628ns - vclk rise@0.000ns)
  Data Path Delay:        24.869ns  (logic 14.628ns (58.819%)  route 10.241ns (41.181%))
  Logic Levels:           40  (CARRY4=24 LUT2=16)
  Clock Path Skew:        -0.049ns (DCD - SCD + CPR)
    Destination Clock Delay (DCD):    0.924ns = ( 25.552 - 24.628 ) 
    Source Clock Delay      (SCD):    0.973ns
    Clock Pessimism Removal (CPR):    0.000ns
  Clock Uncertainty:      0.035ns  ((TSJ^2 + TIJ^2)^1/2 + DJ) / 2 + PE
    Total System Jitter     (TSJ):    0.071ns
    Total Input Jitter      (TIJ):    0.000ns
    Discrete Jitter          (DJ):    0.000ns
    Phase Error              (PE):    0.000ns

    Location             Delay type                Incr(ns)  Path(ns)    Netlist Resource(s)
  -------------------------------------------------------------------    -------------------
                         (clock vclk rise edge)       0.000     0.000 r  <hidden>
                                                      0.000     0.000 r  clk
                         net (fo=173, unset)          0.973     0.973    clk
    SLICE_X32Y68         FDRE                                         r  d18_reg[0]/C
  -------------------------------------------------------------------    -------------------
    SLICE_X32Y68         FDRE (Prop_fdre_C_Q)         0.518     1.491 r  d18_reg[0]/Q
                         net (fo=6, routed)           0.497     1.988    d18[0]
    SLICE_X33Y68         CARRY4 (Prop_carry4_S[0]_O[1])
                                                      0.548     2.536 r  y_reg[5]_i_133/O[1]
                         net (fo=2, routed)           0.779     3.315    acc1[3]
    SLICE_X35Y68         LUT2 (Prop_lut2_I0_O)        0.303     3.618 r  y[5]_i_136/O
                         net (fo=1, routed)           0.000     3.618    y[5]_i_136_n_0
    SLICE_X35Y68         CARRY4 (Prop_carry4_S[1]_O[2])
                                                      0.580     4.198 r  y_reg[5]_i_127/O[2]
                         net (fo=1, routed)           0.596     4.794    y_reg[5]_i_127_n_5
    SLICE_X36Y69         LUT2 (Prop_lut2_I1_O)        0.302     5.096 r  y[5]_i_131/O
                         net (fo=1, routed)           0.000     5.096    y[5]_i_131_n_0
    SLICE_X36Y69         CARRY4 (Prop_carry4_S[1]_O[2])
                                                      0.578     5.674 r  y_reg[5]_i_126/O[2]
                         net (fo=1, routed)           0.444     6.118    y_reg[5]_i_126_n_5
    SLICE_X37Y66         LUT2 (Prop_lut2_I1_O)        0.301     6.419 r  y[5]_i_119/O
                         net (fo=1, routed)           0.000     6.419    y[5]_i_119_n_0
    SLICE_X37Y66         CARRY4 (Prop_carry4_S[3]_O[3])
                                                      0.248     6.667 r  y_reg[5]_i_114/O[3]
                         net (fo=1, routed)           0.646     7.313    y_reg[5]_i_114_n_4
    SLICE_X37Y70         CARRY4 (Prop_carry4_S[0]_O[0])
                                                      0.553     7.866 r  y_reg[5]_i_113/O[0]
                         net (fo=1, routed)           0.453     8.319    y_reg[5]_i_113_n_7
    SLICE_X38Y68         LUT2 (Prop_lut2_I1_O)        0.299     8.618 r  y[5]_i_103/O
                         net (fo=1, routed)           0.000     8.618    y[5]_i_103_n_0
    SLICE_X38Y68         CARRY4 (Prop_carry4_S[3]_O[3])
                                                      0.255     8.873 r  y_reg[5]_i_96/O[3]
                         net (fo=1, routed)           0.591     9.463    y_reg[5]_i_96_n_4
    SLICE_X38Y72         LUT2 (Prop_lut2_I1_O)        0.307     9.770 r  y[5]_i_99/O
                         net (fo=1, routed)           0.000     9.770    y[5]_i_99_n_0
    SLICE_X38Y72         CARRY4 (Prop_carry4_S[2]_O[2])
                                                      0.250    10.020 r  y_reg[5]_i_95/O[2]
                         net (fo=1, routed)           0.683    10.704    y_reg[5]_i_95_n_5
    SLICE_X38Y76         LUT2 (Prop_lut2_I1_O)        0.301    11.005 r  y[5]_i_81/O
                         net (fo=1, routed)           0.000    11.005    y[5]_i_81_n_0
    SLICE_X38Y76         CARRY4 (Prop_carry4_S[3]_O[3])
                                                      0.255    11.260 r  y_reg[5]_i_74/O[3]
                         net (fo=1, routed)           0.430    11.689    y_reg[5]_i_74_n_4
    SLICE_X40Y76         LUT2 (Prop_lut2_I1_O)        0.307    11.996 r  y[5]_i_78/O
                         net (fo=1, routed)           0.000    11.996    y[5]_i_78_n_0
    SLICE_X40Y76         CARRY4 (Prop_carry4_S[1]_O[1])
                                                      0.227    12.223 r  y_reg[5]_i_73/O[1]
                         net (fo=1, routed)           0.602    12.825    y_reg[5]_i_73_n_6
    SLICE_X39Y74         LUT2 (Prop_lut2_I1_O)        0.303    13.128 r  y[5]_i_65/O
                         net (fo=1, routed)           0.000    13.128    y[5]_i_65_n_0
    SLICE_X39Y74         CARRY4 (Prop_carry4_S[3]_CO[3])
                                                      0.401    13.529 r  y_reg[5]_i_59/CO[3]
                         net (fo=1, routed)           0.009    13.538    y_reg[5]_i_59_n_0
    SLICE_X39Y75         CARRY4 (Prop_carry4_CI_O[0])
                                                      0.222    13.760 r  y_reg[15]_i_104/O[0]
                         net (fo=1, routed)           0.678    14.438    y_reg[15]_i_104_n_7
    SLICE_X39Y70         LUT2 (Prop_lut2_I1_O)        0.299    14.737 r  y[5]_i_60/O
                         net (fo=1, routed)           0.000    14.737    y[5]_i_60_n_0
    SLICE_X39Y70         CARRY4 (Prop_carry4_S[3]_CO[3])
                                                      0.401    15.138 r  y_reg[5]_i_58/CO[3]
                         net (fo=1, routed)           0.000    15.138    y_reg[5]_i_58_n_0
    SLICE_X39Y71         CARRY4 (Prop_carry4_CI_O[0])
                                                      0.222    15.360 r  y_reg[15]_i_82/O[0]
                         net (fo=1, routed)           0.467    15.827    y_reg[15]_i_82_n_7
    SLICE_X40Y71         LUT2 (Prop_lut2_I1_O)        0.299    16.126 r  y[15]_i_90/O
                         net (fo=1, routed)           0.000    16.126    y[15]_i_90_n_0
    SLICE_X40Y71         CARRY4 (Prop_carry4_S[1]_O[1])
                                                      0.227    16.353 r  y_reg[15]_i_70/O[1]
                         net (fo=1, routed)           0.312    16.666    y_reg[15]_i_70_n_6
    SLICE_X42Y71         LUT2 (Prop_lut2_I1_O)        0.303    16.969 r  y[5]_i_47/O
                         net (fo=1, routed)           0.000    16.969    y[5]_i_47_n_0
    SLICE_X42Y71         CARRY4 (Prop_carry4_S[3]_O[3])
                                                      0.255    17.224 r  y_reg[5]_i_45/O[3]
                         net (fo=1, routed)           0.416    17.640    y_reg[5]_i_45_n_4
    SLICE_X41Y72         LUT2 (Prop_lut2_I1_O)        0.307    17.947 r  y[15]_i_59/O
                         net (fo=1, routed)           0.000    17.947    y[15]_i_59_n_0
    SLICE_X41Y72         CARRY4 (Prop_carry4_S[1]_O[2])
                                                      0.580    18.527 r  y_reg[15]_i_43/O[2]
                         net (fo=1, routed)           0.610    19.136    y_reg[15]_i_43_n_5
    SLICE_X41Y76         LUT2 (Prop_lut2_I1_O)        0.302    19.438 r  y[15]_i_39/O
                         net (fo=1, routed)           0.000    19.438    y[15]_i_39_n_0
    SLICE_X41Y76         CARRY4 (Prop_carry4_S[1]_O[2])
                                                      0.580    20.018 r  y_reg[15]_i_23/O[2]
                         net (fo=1, routed)           0.449    20.468    y_reg[15]_i_23_n_5
    SLICE_X42Y75         LUT2 (Prop_lut2_I1_O)        0.302    20.770 r  y[15]_i_28/O
                         net (fo=1, routed)           0.000    20.770    y[15]_i_28_n_0
    SLICE_X42Y75         CARRY4 (Prop_carry4_S[3]_CO[3])
                                                      0.376    21.146 r  y_reg[15]_i_16/CO[3]
                         net (fo=1, routed)           0.000    21.146    y_reg[15]_i_16_n_0
    SLICE_X42Y76         CARRY4 (Prop_carry4_CI_O[0])
                                                      0.219    21.365 r  y_reg[15]_i_8/O[0]
                         net (fo=1, routed)           0.518    21.883    y_reg[15]_i_8_n_7
    SLICE_X43Y74         LUT2 (Prop_lut2_I1_O)        0.295    22.178 r  y[15]_i_12/O
                         net (fo=1, routed)           0.000    22.178    y[15]_i_12_n_0
    SLICE_X43Y74         CARRY4 (Prop_carry4_S[3]_CO[3])
                                                      0.401    22.579 r  y_reg[15]_i_7/CO[3]
                         net (fo=1, routed)           0.009    22.588    y_reg[15]_i_7_n_0
    SLICE_X43Y75         CARRY4 (Prop_carry4_CI_O[0])
                                                      0.222    22.810 r  y_reg[15]_i_5/O[0]
                         net (fo=1, routed)           0.467    23.277    y_reg[15]_i_5_n_7
    SLICE_X44Y75         LUT2 (Prop_lut2_I1_O)        0.299    23.576 r  y[13]_i_6/O
                         net (fo=1, routed)           0.000    23.576    y[13]_i_6_n_0
    SLICE_X44Y75         CARRY4 (Prop_carry4_S[1]_O[3])
                                                      0.640    24.216 r  y_reg[13]_i_2/O[3]
                         net (fo=1, routed)           0.585    24.801    C[13]
    SLICE_X45Y75         CARRY4 (Prop_carry4_S[3]_CO[3])
                                                      0.707    25.508 r  y_reg[13]_i_1/CO[3]
                         net (fo=1, routed)           0.000    25.508    y_reg[13]_i_1_n_0
    SLICE_X45Y76         CARRY4 (Prop_carry4_CI_O[1])
                                                      0.334    25.842 r  y_reg[15]_i_2/O[1]
                         net (fo=1, routed)           0.000    25.842    acc[15]
    SLICE_X45Y76         FDRE                                         r  y_reg[15]/D
  -------------------------------------------------------------------    -------------------

                         (clock vclk rise edge)      24.628    24.628 r  <hidden>
                                                      0.000    24.628 r  clk
                         net (fo=173, unset)          0.924    25.552    clk
    SLICE_X45Y76         FDRE                                         r  y_reg[15]/C
                         clock pessimism              0.000    25.552    <hidden>
                         clock uncertainty           -0.035    25.517    <hidden>
    SLICE_X45Y76         FDRE (Setup_fdre_C_D)        0.062    25.579    y_reg[15]
  -------------------------------------------------------------------
                         required time                         25.579    <hidden>
                         arrival time                         -25.842    <hidden>
  -------------------------------------------------------------------
                         slack                                 -0.263    <hidden>

Slack (VIOLATED) :        -0.152ns  (required time - arrival time)
  Source:                 d18_reg[0]/C
                            (rising edge-triggered cell FDRE clocked by vclk  {rise@0.000ns fall@12.314ns period=24.628ns})
  Destination:            y_reg[14]/D
                            (rising edge-triggered cell FDRE clocked by vclk  {rise@0.000ns fall@12.314ns period=24.628ns})
  Path Group:             vclk
  Path Type:              Setup (Max at Slow Process Corner)
  Requirement:            24.628ns  (vclk rise@24.628ns - vclk rise@0.000ns)
  Data Path Delay:        24.758ns  (logic 14.517ns (58.635%)  route 10.241ns (41.365%))
  Logic Levels:           40  (CARRY4=24 LUT2=16)
  Clock Path Skew:        -0.049ns (DCD - SCD + CPR)
    Destination Clock Delay (DCD):    0.924ns = ( 25.552 - 24.628 ) 
    Source Clock Delay      (SCD):    0.973ns
    Clock Pessimism Removal (CPR):    0.000ns
  Clock Uncertainty:      0.035ns  ((TSJ^2 + TIJ^2)^1/2 + DJ) / 2 + PE
    Total System Jitter     (TSJ):    0.071ns
    Total Input Jitter      (TIJ):    0.000ns
    Discrete Jitter          (DJ):    0.000ns
    Phase Error              (PE):    0.000ns

    Location             Delay type                Incr(ns)  Path(ns)    Netlist Resource(s)
  -------------------------------------------------------------------    -------------------
                         (clock vclk rise edge)       0.000     0.000 r  <hidden>
                                                      0.000     0.000 r  clk
                         net (fo=173, unset)          0.973     0.973    clk
    SLICE_X32Y68         FDRE                                         r  d18_reg[0]/C
  -------------------------------------------------------------------    -------------------
    SLICE_X32Y68         FDRE (Prop_fdre_C_Q)         0.518     1.491 r  d18_reg[0]/Q
                         net (fo=6, routed)           0.497     1.988    d18[0]
    SLICE_X33Y68         CARRY4 (Prop_carry4_S[0]_O[1])
                                                      0.548     2.536 r  y_reg[5]_i_133/O[1]
                         net (fo=2, routed)           0.779     3.315    acc1[3]
    SLICE_X35Y68         LUT2 (Prop_lut2_I0_O)        0.303     3.618 r  y[5]_i_136/O
                         net (fo=1, routed)           0.000     3.618    y[5]_i_136_n_0
    SLICE_X35Y68         CARRY4 (Prop_carry4_S[1]_O[2])
                                                      0.580     4.198 r  y_reg[5]_i_127/O[2]
                         net (fo=1, routed)           0.596     4.794    y_reg[5]_i_127_n_5
    SLICE_X36Y69         LUT2 (Prop_lut2_I1_O)        0.302     5.096 r  y[5]_i_131/O
                         net (fo=1, routed)           0.000     5.096    y[5]_i_131_n_0
    SLICE_X36Y69         CARRY4 (Prop_carry4_S[1]_O[2])
                                                      0.578     5.674 r  y_reg[5]_i_126/O[2]
                         net (fo=1, routed)           0.444     6.118    y_reg[5]_i_126_n_5
    SLICE_X37Y66         LUT2 (Prop_lut2_I1_O)        0.301     6.419 r  y[5]_i_119/O
                         net (fo=1, routed)           0.000     6.419    y[5]_i_119_n_0
    SLICE_X37Y66         CARRY4 (Prop_carry4_S[3]_O[3])
                                                      0.248     6.667 r  y_reg[5]_i_114/O[3]
                         net (fo=1, routed)           0.646     7.313    y_reg[5]_i_114_n_4
    SLICE_X37Y70         CARRY4 (Prop_carry4_S[0]_O[0])
                                                      0.553     7.866 r  y_reg[5]_i_113/O[0]
                         net (fo=1, routed)           0.453     8.319    y_reg[5]_i_113_n_7
    SLICE_X38Y68         LUT2 (Prop_lut2_I1_O)        0.299     8.618 r  y[5]_i_103/O
                         net (fo=1, routed)           0.000     8.618    y[5]_i_103_n_0
    SLICE_X38Y68         CARRY4 (Prop_carry4_S[3]_O[3])
                                                      0.255     8.873 r  y_reg[5]_i_96/O[3]
                         net (fo=1, routed)           0.591     9.463    y_reg[5]_i_96_n_4
    SLICE_X38Y72         LUT2 (Prop_lut2_I1_O)        0.307     9.770 r  y[5]_i_99/O
                         net (fo=1, routed)           0.000     9.770    y[5]_i_99_n_0
    SLICE_X38Y72         CARRY4 (Prop_carry4_S[2]_O[2])
                                                      0.250    10.020 r  y_reg[5]_i_95/O[2]
                         net (fo=1, routed)           0.683    10.704    y_reg[5]_i_95_n_5
    SLICE_X38Y76         LUT2 (Prop_lut2_I1_O)        0.301    11.005 r  y[5]_i_81/O
                         net (fo=1, routed)           0.000    11.005    y[5]_i_81_n_0
    SLICE_X38Y76         CARRY4 (Prop_carry4_S[3]_O[3])
                                                      0.255    11.260 r  y_reg[5]_i_74/O[3]
                         net (fo=1, routed)           0.430    11.689    y_reg[5]_i_74_n_4
    SLICE_X40Y76         LUT2 (Prop_lut2_I1_O)        0.307    11.996 r  y[5]_i_78/O
                         net (fo=1, routed)           0.000    11.996    y[5]_i_78_n_0
    SLICE_X40Y76         CARRY4 (Prop_carry4_S[1]_O[1])
                                                      0.227    12.223 r  y_reg[5]_i_73/O[1]
                         net (fo=1, routed)           0.602    12.825    y_reg[5]_i_73_n_6
    SLICE_X39Y74         LUT2 (Prop_lut2_I1_O)        0.303    13.128 r  y[5]_i_65/O
                         net (fo=1, routed)           0.000    13.128    y[5]_i_65_n_0
    SLICE_X39Y74         CARRY4 (Prop_carry4_S[3]_CO[3])
                                                      0.401    13.529 r  y_reg[5]_i_59/CO[3]
                         net (fo=1, routed)           0.009    13.538    y_reg[5]_i_59_n_0
    SLICE_X39Y75         CARRY4 (Prop_carry4_CI_O[0])
                                                      0.222    13.760 r  y_reg[15]_i_104/O[0]
                         net (fo=1, routed)           0.678    14.438    y_reg[15]_i_104_n_7
    SLICE_X39Y70         LUT2 (Prop_lut2_I1_O)        0.299    14.737 r  y[5]_i_60/O
                         net (fo=1, routed)           0.000    14.737    y[5]_i_60_n_0
    SLICE_X39Y70         CARRY4 (Prop_carry4_S[3]_CO[3])
                                                      0.401    15.138 r  y_reg[5]_i_58/CO[3]
                         net (fo=1, routed)           0.000    15.138    y_reg[5]_i_58_n_0
    SLICE_X39Y71         CARRY4 (Prop_carry4_CI_O[0])
                                                      0.222    15.360 r  y_reg[15]_i_82/O[0]
                         net (fo=1, routed)           0.467    15.827    y_reg[15]_i_82_n_7
    SLICE_X40Y71         LUT2 (Prop_lut2_I1_O)        0.299    16.126 r  y[15]_i_90/O
                         net (fo=1, routed)           0.000    16.126    y[15]_i_90_n_0
    SLICE_X40Y71         CARRY4 (Prop_carry4_S[1]_O[1])
                                                      0.227    16.353 r  y_reg[15]_i_70/O[1]
                         net (fo=1, routed)           0.312    16.666    y_reg[15]_i_70_n_6
    SLICE_X42Y71         LUT2 (Prop_lut2_I1_O)        0.303    16.969 r  y[5]_i_47/O
                         net (fo=1, routed)           0.000    16.969    y[5]_i_47_n_0
    SLICE_X42Y71         CARRY4 (Prop_carry4_S[3]_O[3])
                                                      0.255    17.224 r  y_reg[5]_i_45/O[3]
                         net (fo=1, routed)           0.416    17.640    y_reg[5]_i_45_n_4
    SLICE_X41Y72         LUT2 (Prop_lut2_I1_O)        0.307    17.947 r  y[15]_i_59/O
                         net (fo=1, routed)           0.000    17.947    y[15]_i_59_n_0
    SLICE_X41Y72         CARRY4 (Prop_carry4_S[1]_O[2])
                                                      0.580    18.527 r  y_reg[15]_i_43/O[2]
                         net (fo=1, routed)           0.610    19.136    y_reg[15]_i_43_n_5
    SLICE_X41Y76         LUT2 (Prop_lut2_I1_O)        0.302    19.438 r  y[15]_i_39/O
                         net (fo=1, routed)           0.000    19.438    y[15]_i_39_n_0
    SLICE_X41Y76         CARRY4 (Prop_carry4_S[1]_O[2])
                                                      0.580    20.018 r  y_reg[15]_i_23/O[2]
                         net (fo=1, routed)           0.449    20.468    y_reg[15]_i_23_n_5
    SLICE_X42Y75         LUT2 (Prop_lut2_I1_O)        0.302    20.770 r  y[15]_i_28/O
                         net (fo=1, routed)           0.000    20.770    y[15]_i_28_n_0
    SLICE_X42Y75         CARRY4 (Prop_carry4_S[3]_CO[3])
                                                      0.376    21.146 r  y_reg[15]_i_16/CO[3]
                         net (fo=1, routed)           0.000    21.146    y_reg[15]_i_16_n_0
    SLICE_X42Y76         CARRY4 (Prop_carry4_CI_O[0])
                                                      0.219    21.365 r  y_reg[15]_i_8/O[0]
                         net (fo=1, routed)           0.518    21.883    y_reg[15]_i_8_n_7
    SLICE_X43Y74         LUT2 (Prop_lut2_I1_O)        0.295    22.178 r  y[15]_i_12/O
                         net (fo=1, routed)           0.000    22.178    y[15]_i_12_n_0
    SLICE_X43Y74         CARRY4 (Prop_carry4_S[3]_CO[3])
                                                      0.401    22.579 r  y_reg[15]_i_7/CO[3]
                         net (fo=1, routed)           0.009    22.588    y_reg[15]_i_7_n_0
    SLICE_X43Y75         CARRY4 (Prop_carry4_CI_O[0])
                                                      0.222    22.810 r  y_reg[15]_i_5/O[0]
                         net (fo=1, routed)           0.467    23.277    y_reg[15]_i_5_n_7
    SLICE_X44Y75         LUT2 (Prop_lut2_I1_O)        0.299    23.576 r  y[13]_i_6/O
                         net (fo=1, routed)           0.000    23.576    y[13]_i_6_n_0
    SLICE_X44Y75         CARRY4 (Prop_carry4_S[1]_O[3])
                                                      0.640    24.216 r  y_reg[13]_i_2/O[3]
                         net (fo=1, routed)           0.585    24.801    C[13]
    SLICE_X45Y75         CARRY4 (Prop_carry4_S[3]_CO[3])
                                                      0.707    25.508 r  y_reg[13]_i_1/CO[3]
                         net (fo=1, routed)           0.000    25.508    y_reg[13]_i_1_n_0
    SLICE_X45Y76         CARRY4 (Prop_carry4_CI_O[0])
                                                      0.223    25.731 r  y_reg[15]_i_2/O[0]
                         net (fo=1, routed)           0.000    25.731    acc[14]
    SLICE_X45Y76         FDRE                                         r  y_reg[14]/D
  -------------------------------------------------------------------    -------------------

                         (clock vclk rise edge)      24.628    24.628 r  <hidden>
                                                      0.000    24.628 r  clk
                         net (fo=173, unset)          0.924    25.552    clk
    SLICE_X45Y76         FDRE                                         r  y_reg[14]/C
                         clock pessimism              0.000    25.552    <hidden>
                         clock uncertainty           -0.035    25.517    <hidden>
    SLICE_X45Y76         FDRE (Setup_fdre_C_D)        0.062    25.579    y_reg[14]
  -------------------------------------------------------------------
                         required time                         25.579    <hidden>
                         arrival time                         -25.731    <hidden>
  -------------------------------------------------------------------
                         slack                                 -0.152    <hidden>

Slack (MET) :             0.224ns  (required time - arrival time)
  Source:                 d18_reg[0]/C
                            (rising edge-triggered cell FDRE clocked by vclk  {rise@0.000ns fall@12.314ns period=24.628ns})
  Destination:            y_reg[13]/D
                            (rising edge-triggered cell FDRE clocked by vclk  {rise@0.000ns fall@12.314ns period=24.628ns})
  Path Group:             vclk
  Path Type:              Setup (Max at Slow Process Corner)
  Requirement:            24.628ns  (vclk rise@24.628ns - vclk rise@0.000ns)
  Data Path Delay:        24.382ns  (logic 14.141ns (57.997%)  route 10.241ns (42.003%))
  Logic Levels:           39  (CARRY4=23 LUT2=16)
  Clock Path Skew:        -0.049ns (DCD - SCD + CPR)
    Destination Clock Delay (DCD):    0.924ns = ( 25.552 - 24.628 ) 
    Source Clock Delay      (SCD):    0.973ns
    Clock Pessimism Removal (CPR):    0.000ns
  Clock Uncertainty:      0.035ns  ((TSJ^2 + TIJ^2)^1/2 + DJ) / 2 + PE
    Total System Jitter     (TSJ):    0.071ns
    Total Input Jitter      (TIJ):    0.000ns
    Discrete Jitter          (DJ):    0.000ns
    Phase Error              (PE):    0.000ns

    Location             Delay type                Incr(ns)  Path(ns)    Netlist Resource(s)
  -------------------------------------------------------------------    -------------------
                         (clock vclk rise edge)       0.000     0.000 r  <hidden>
                                                      0.000     0.000 r  clk
                         net (fo=173, unset)          0.973     0.973    clk
    SLICE_X32Y68         FDRE                                         r  d18_reg[0]/C
  -------------------------------------------------------------------    -------------------
    SLICE_X32Y68         FDRE (Prop_fdre_C_Q)         0.518     1.491 r  d18_reg[0]/Q
                         net (fo=6, routed)           0.497     1.988    d18[0]
    SLICE_X33Y68         CARRY4 (Prop_carry4_S[0]_O[1])
                                                      0.548     2.536 r  y_reg[5]_i_133/O[1]
                         net (fo=2, routed)           0.779     3.315    acc1[3]
    SLICE_X35Y68         LUT2 (Prop_lut2_I0_O)        0.303     3.618 r  y[5]_i_136/O
                         net (fo=1, routed)           0.000     3.618    y[5]_i_136_n_0
    SLICE_X35Y68         CARRY4 (Prop_carry4_S[1]_O[2])
                                                      0.580     4.198 r  y_reg[5]_i_127/O[2]
                         net (fo=1, routed)           0.596     4.794    y_reg[5]_i_127_n_5
    SLICE_X36Y69         LUT2 (Prop_lut2_I1_O)        0.302     5.096 r  y[5]_i_131/O
                         net (fo=1, routed)           0.000     5.096    y[5]_i_131_n_0
    SLICE_X36Y69         CARRY4 (Prop_carry4_S[1]_O[2])
                                                      0.578     5.674 r  y_reg[5]_i_126/O[2]
                         net (fo=1, routed)           0.444     6.118    y_reg[5]_i_126_n_5
    SLICE_X37Y66         LUT2 (Prop_lut2_I1_O)        0.301     6.419 r  y[5]_i_119/O
                         net (fo=1, routed)           0.000     6.419    y[5]_i_119_n_0
    SLICE_X37Y66         CARRY4 (Prop_carry4_S[3]_O[3])
                                                      0.248     6.667 r  y_reg[5]_i_114/O[3]
                         net (fo=1, routed)           0.646     7.313    y_reg[5]_i_114_n_4
    SLICE_X37Y70         CARRY4 (Prop_carry4_S[0]_O[0])
                                                      0.553     7.866 r  y_reg[5]_i_113/O[0]
                         net (fo=1, routed)           0.453     8.319    y_reg[5]_i_113_n_7
    SLICE_X38Y68         LUT2 (Prop_lut2_I1_O)        0.299     8.618 r  y[5]_i_103/O
                         net (fo=1, routed)           0.000     8.618    y[5]_i_103_n_0
    SLICE_X38Y68         CARRY4 (Prop_carry4_S[3]_O[3])
                                                      0.255     8.873 r  y_reg[5]_i_96/O[3]
                         net (fo=1, routed)           0.591     9.463    y_reg[5]_i_96_n_4
    SLICE_X38Y72         LUT2 (Prop_lut2_I1_O)        0.307     9.770 r  y[5]_i_99/O
                         net (fo=1, routed)           0.000     9.770    y[5]_i_99_n_0
    SLICE_X38Y72         CARRY4 (Prop_carry4_S[2]_O[2])
                                                      0.250    10.020 r  y_reg[5]_i_95/O[2]
                         net (fo=1, routed)           0.683    10.704    y_reg[5]_i_95_n_5
    SLICE_X38Y76         LUT2 (Prop_lut2_I1_O)        0.301    11.005 r  y[5]_i_81/O
                         net (fo=1, routed)           0.000    11.005    y[5]_i_81_n_0
    SLICE_X38Y76         CARRY4 (Prop_carry4_S[3]_O[3])
                                                      0.255    11.260 r  y_reg[5]_i_74/O[3]
                         net (fo=1, routed)           0.430    11.689    y_reg[5]_i_74_n_4
    SLICE_X40Y76         LUT2 (Prop_lut2_I1_O)        0.307    11.996 r  y[5]_i_78/O
                         net (fo=1, routed)           0.000    11.996    y[5]_i_78_n_0
    SLICE_X40Y76         CARRY4 (Prop_carry4_S[1]_O[1])
                                                      0.227    12.223 r  y_reg[5]_i_73/O[1]
                         net (fo=1, routed)           0.602    12.825    y_reg[5]_i_73_n_6
    SLICE_X39Y74         LUT2 (Prop_lut2_I1_O)        0.303    13.128 r  y[5]_i_65/O
                         net (fo=1, routed)           0.000    13.128    y[5]_i_65_n_0
    SLICE_X39Y74         CARRY4 (Prop_carry4_S[3]_CO[3])
                                                      0.401    13.529 r  y_reg[5]_i_59/CO[3]
                         net (fo=1, routed)           0.009    13.538    y_reg[5]_i_59_n_0
    SLICE_X39Y75         CARRY4 (Prop_carry4_CI_O[0])
                                                      0.222    13.760 r  y_reg[15]_i_104/O[0]
                         net (fo=1, routed)           0.678    14.438    y_reg[15]_i_104_n_7
    SLICE_X39Y70         LUT2 (Prop_lut2_I1_O)        0.299    14.737 r  y[5]_i_60/O
                         net (fo=1, routed)           0.000    14.737    y[5]_i_60_n_0
    SLICE_X39Y70         CARRY4 (Prop_carry4_S[3]_CO[3])
                                                      0.401    15.138 r  y_reg[5]_i_58/CO[3]
                         net (fo=1, routed)           0.000    15.138    y_reg[5]_i_58_n_0
    SLICE_X39Y71         CARRY4 (Prop_carry4_CI_O[0])
                                                      0.222    15.360 r  y_reg[15]_i_82/O[0]
                         net (fo=1, routed)           0.467    15.827    y_reg[15]_i_82_n_7
    SLICE_X40Y71         LUT2 (Prop_lut2_I1_O)        0.299    16.126 r  y[15]_i_90/O
                         net (fo=1, routed)           0.000    16.126    y[15]_i_90_n_0
    SLICE_X40Y71         CARRY4 (Prop_carry4_S[1]_O[1])
                                                      0.227    16.353 r  y_reg[15]_i_70/O[1]
                         net (fo=1, routed)           0.312    16.666    y_reg[15]_i_70_n_6
    SLICE_X42Y71         LUT2 (Prop_lut2_I1_O)        0.303    16.969 r  y[5]_i_47/O
                         net (fo=1, routed)           0.000    16.969    y[5]_i_47_n_0
    SLICE_X42Y71         CARRY4 (Prop_carry4_S[3]_O[3])
                                                      0.255    17.224 r  y_reg[5]_i_45/O[3]
                         net (fo=1, routed)           0.416    17.640    y_reg[5]_i_45_n_4
    SLICE_X41Y72         LUT2 (Prop_lut2_I1_O)        0.307    17.947 r  y[15]_i_59/O
                         net (fo=1, routed)           0.000    17.947    y[15]_i_59_n_0
    SLICE_X41Y72         CARRY4 (Prop_carry4_S[1]_O[2])
                                                      0.580    18.527 r  y_reg[15]_i_43/O[2]
                         net (fo=1, routed)           0.610    19.136    y_reg[15]_i_43_n_5
    SLICE_X41Y76         LUT2 (Prop_lut2_I1_O)        0.302    19.438 r  y[15]_i_39/O
                         net (fo=1, routed)           0.000    19.438    y[15]_i_39_n_0
    SLICE_X41Y76         CARRY4 (Prop_carry4_S[1]_O[2])
                                                      0.580    20.018 r  y_reg[15]_i_23/O[2]
                         net (fo=1, routed)           0.449    20.468    y_reg[15]_i_23_n_5
    SLICE_X42Y75         LUT2 (Prop_lut2_I1_O)        0.302    20.770 r  y[15]_i_28/O
                         net (fo=1, routed)           0.000    20.770    y[15]_i_28_n_0
    SLICE_X42Y75         CARRY4 (Prop_carry4_S[3]_CO[3])
                                                      0.376    21.146 r  y_reg[15]_i_16/CO[3]
                         net (fo=1, routed)           0.000    21.146    y_reg[15]_i_16_n_0
    SLICE_X42Y76         CARRY4 (Prop_carry4_CI_O[0])
                                                      0.219    21.365 r  y_reg[15]_i_8/O[0]
                         net (fo=1, routed)           0.518    21.883    y_reg[15]_i_8_n_7
    SLICE_X43Y74         LUT2 (Prop_lut2_I1_O)        0.295    22.178 r  y[15]_i_12/O
                         net (fo=1, routed)           0.000    22.178    y[15]_i_12_n_0
    SLICE_X43Y74         CARRY4 (Prop_carry4_S[3]_CO[3])
                                                      0.401    22.579 r  y_reg[15]_i_7/CO[3]
                         net (fo=1, routed)           0.009    22.588    y_reg[15]_i_7_n_0
    SLICE_X43Y75         CARRY4 (Prop_carry4_CI_O[0])
                                                      0.222    22.810 r  y_reg[15]_i_5/O[0]
                         net (fo=1, routed)           0.467    23.277    y_reg[15]_i_5_n_7
    SLICE_X44Y75         LUT2 (Prop_lut2_I1_O)        0.299    23.576 r  y[13]_i_6/O
                         net (fo=1, routed)           0.000    23.576    y[13]_i_6_n_0
    SLICE_X44Y75         CARRY4 (Prop_carry4_S[1]_O[3])
                                                      0.640    24.216 r  y_reg[13]_i_2/O[3]
                         net (fo=1, routed)           0.585    24.801    C[13]
    SLICE_X45Y75         CARRY4 (Prop_carry4_S[3]_O[3])
                                                      0.554    25.355 r  y_reg[13]_i_1/O[3]
                         net (fo=1, routed)           0.000    25.355    acc[13]
    SLICE_X45Y75         FDRE                                         r  y_reg[13]/D
  -------------------------------------------------------------------    -------------------

                         (clock vclk rise edge)      24.628    24.628 r  <hidden>
                                                      0.000    24.628 r  clk
                         net (fo=173, unset)          0.924    25.552    clk
    SLICE_X45Y75         FDRE                                         r  y_reg[13]/C
                         clock pessimism              0.000    25.552    <hidden>
                         clock uncertainty           -0.035    25.517    <hidden>
    SLICE_X45Y75         FDRE (Setup_fdre_C_D)        0.062    25.579    y_reg[13]
  -------------------------------------------------------------------
                         required time                         25.579    <hidden>
                         arrival time                         -25.355    <hidden>
  -------------------------------------------------------------------
                         slack                                  0.224    <hidden>

Slack (MET) :             0.390ns  (required time - arrival time)
  Source:                 d18_reg[0]/C
                            (rising edge-triggered cell FDRE clocked by vclk  {rise@0.000ns fall@12.314ns period=24.628ns})
  Destination:            y_reg[12]/D
                            (rising edge-triggered cell FDRE clocked by vclk  {rise@0.000ns fall@12.314ns period=24.628ns})
  Path Group:             vclk
  Path Type:              Setup (Max at Slow Process Corner)
  Requirement:            24.628ns  (vclk rise@24.628ns - vclk rise@0.000ns)
  Data Path Delay:        24.216ns  (logic 14.077ns (58.131%)  route 10.139ns (41.869%))
  Logic Levels:           39  (CARRY4=23 LUT2=16)
  Clock Path Skew:        -0.049ns (DCD - SCD + CPR)
    Destination Clock Delay (DCD):    0.924ns = ( 25.552 - 24.628 ) 
    Source Clock Delay      (SCD):    0.973ns
    Clock Pessimism Removal (CPR):    0.000ns
  Clock Uncertainty:      0.035ns  ((TSJ^2 + TIJ^2)^1/2 + DJ) / 2 + PE
    Total System Jitter     (TSJ):    0.071ns
    Total Input Jitter      (TIJ):    0.000ns
    Discrete Jitter          (DJ):    0.000ns
    Phase Error              (PE):    0.000ns

    Location             Delay type                Incr(ns)  Path(ns)    Netlist Resource(s)
  -------------------------------------------------------------------    -------------------
                         (clock vclk rise edge)       0.000     0.000 r  <hidden>
                                                      0.000     0.000 r  clk
                         net (fo=173, unset)          0.973     0.973    clk
    SLICE_X32Y68         FDRE                                         r  d18_reg[0]/C
  -------------------------------------------------------------------    -------------------
    SLICE_X32Y68         FDRE (Prop_fdre_C_Q)         0.518     1.491 r  d18_reg[0]/Q
                         net (fo=6, routed)           0.497     1.988    d18[0]
    SLICE_X33Y68         CARRY4 (Prop_carry4_S[0]_O[1])
                                                      0.548     2.536 r  y_reg[5]_i_133/O[1]
                         net (fo=2, routed)           0.779     3.315    acc1[3]
    SLICE_X35Y68         LUT2 (Prop_lut2_I0_O)        0.303     3.618 r  y[5]_i_136/O
                         net (fo=1, routed)           0.000     3.618    y[5]_i_136_n_0
    SLICE_X35Y68         CARRY4 (Prop_carry4_S[1]_O[2])
                                                      0.580     4.198 r  y_reg[5]_i_127/O[2]
                         net (fo=1, routed)           0.596     4.794    y_reg[5]_i_127_n_5
    SLICE_X36Y69         LUT2 (Prop_lut2_I1_O)        0.302     5.096 r  y[5]_i_131/O
                         net (fo=1, routed)           0.000     5.096    y[5]_i_131_n_0
    SLICE_X36Y69         CARRY4 (Prop_carry4_S[1]_O[2])
                                                      0.578     5.674 r  y_reg[5]_i_126/O[2]
                         net (fo=1, routed)           0.444     6.118    y_reg[5]_i_126_n_5
    SLICE_X37Y66         LUT2 (Prop_lut2_I1_O)        0.301     6.419 r  y[5]_i_119/O
                         net (fo=1, routed)           0.000     6.419    y[5]_i_119_n_0
    SLICE_X37Y66         CARRY4 (Prop_carry4_S[3]_O[3])
                                                      0.248     6.667 r  y_reg[5]_i_114/O[3]
                         net (fo=1, routed)           0.646     7.313    y_reg[5]_i_114_n_4
    SLICE_X37Y70         CARRY4 (Prop_carry4_S[0]_O[0])
                                                      0.553     7.866 r  y_reg[5]_i_113/O[0]
                         net (fo=1, routed)           0.453     8.319    y_reg[5]_i_113_n_7
    SLICE_X38Y68         LUT2 (Prop_lut2_I1_O)        0.299     8.618 r  y[5]_i_103/O
                         net (fo=1, routed)           0.000     8.618    y[5]_i_103_n_0
    SLICE_X38Y68         CARRY4 (Prop_carry4_S[3]_O[3])
                                                      0.255     8.873 r  y_reg[5]_i_96/O[3]
                         net (fo=1, routed)           0.591     9.463    y_reg[5]_i_96_n_4
    SLICE_X38Y72         LUT2 (Prop_lut2_I1_O)        0.307     9.770 r  y[5]_i_99/O
                         net (fo=1, routed)           0.000     9.770    y[5]_i_99_n_0
    SLICE_X38Y72         CARRY4 (Prop_carry4_S[2]_O[2])
                                                      0.250    10.020 r  y_reg[5]_i_95/O[2]
                         net (fo=1, routed)           0.683    10.704    y_reg[5]_i_95_n_5
    SLICE_X38Y76         LUT2 (Prop_lut2_I1_O)        0.301    11.005 r  y[5]_i_81/O
                         net (fo=1, routed)           0.000    11.005    y[5]_i_81_n_0
    SLICE_X38Y76         CARRY4 (Prop_carry4_S[3]_O[3])
                                                      0.255    11.260 r  y_reg[5]_i_74/O[3]
                         net (fo=1, routed)           0.430    11.689    y_reg[5]_i_74_n_4
    SLICE_X40Y76         LUT2 (Prop_lut2_I1_O)        0.307    11.996 r  y[5]_i_78/O
                         net (fo=1, routed)           0.000    11.996    y[5]_i_78_n_0
    SLICE_X40Y76         CARRY4 (Prop_carry4_S[1]_O[1])
                                                      0.227    12.223 r  y_reg[5]_i_73/O[1]
                         net (fo=1, routed)           0.602    12.825    y_reg[5]_i_73_n_6
    SLICE_X39Y74         LUT2 (Prop_lut2_I1_O)        0.303    13.128 r  y[5]_i_65/O
                         net (fo=1, routed)           0.000    13.128    y[5]_i_65_n_0
    SLICE_X39Y74         CARRY4 (Prop_carry4_S[3]_CO[3])
                                                      0.401    13.529 r  y_reg[5]_i_59/CO[3]
                         net (fo=1, routed)           0.009    13.538    y_reg[5]_i_59_n_0
    SLICE_X39Y75         CARRY4 (Prop_carry4_CI_O[0])
                                                      0.222    13.760 r  y_reg[15]_i_104/O[0]
                         net (fo=1, routed)           0.678    14.438    y_reg[15]_i_104_n_7
    SLICE_X39Y70         LUT2 (Prop_lut2_I1_O)        0.299    14.737 r  y[5]_i_60/O
                         net (fo=1, routed)           0.000    14.737    y[5]_i_60_n_0
    SLICE_X39Y70         CARRY4 (Prop_carry4_S[3]_CO[3])
                                                      0.401    15.138 r  y_reg[5]_i_58/CO[3]
                         net (fo=1, routed)           0.000    15.138    y_reg[5]_i_58_n_0
    SLICE_X39Y71         CARRY4 (Prop_carry4_CI_O[0])
                                                      0.222    15.360 r  y_reg[15]_i_82/O[0]
                         net (fo=1, routed)           0.467    15.827    y_reg[15]_i_82_n_7
    SLICE_X40Y71         LUT2 (Prop_lut2_I1_O)        0.299    16.126 r  y[15]_i_90/O
                         net (fo=1, routed)           0.000    16.126    y[15]_i_90_n_0
    SLICE_X40Y71         CARRY4 (Prop_carry4_S[1]_O[1])
                                                      0.227    16.353 r  y_reg[15]_i_70/O[1]
                         net (fo=1, routed)           0.312    16.666    y_reg[15]_i_70_n_6
    SLICE_X42Y71         LUT2 (Prop_lut2_I1_O)        0.303    16.969 r  y[5]_i_47/O
                         net (fo=1, routed)           0.000    16.969    y[5]_i_47_n_0
    SLICE_X42Y71         CARRY4 (Prop_carry4_S[3]_O[3])
                                                      0.255    17.224 r  y_reg[5]_i_45/O[3]
                         net (fo=1, routed)           0.416    17.640    y_reg[5]_i_45_n_4
    SLICE_X41Y72         LUT2 (Prop_lut2_I1_O)        0.307    17.947 r  y[15]_i_59/O
                         net (fo=1, routed)           0.000    17.947    y[15]_i_59_n_0
    SLICE_X41Y72         CARRY4 (Prop_carry4_S[1]_O[2])
                                                      0.580    18.527 r  y_reg[15]_i_43/O[2]
                         net (fo=1, routed)           0.610    19.136    y_reg[15]_i_43_n_5
    SLICE_X41Y76         LUT2 (Prop_lut2_I1_O)        0.302    19.438 r  y[15]_i_39/O
                         net (fo=1, routed)           0.000    19.438    y[15]_i_39_n_0
    SLICE_X41Y76         CARRY4 (Prop_carry4_S[1]_O[2])
                                                      0.580    20.018 r  y_reg[15]_i_23/O[2]
                         net (fo=1, routed)           0.449    20.468    y_reg[15]_i_23_n_5
    SLICE_X42Y75         LUT2 (Prop_lut2_I1_O)        0.302    20.770 r  y[15]_i_28/O
                         net (fo=1, routed)           0.000    20.770    y[15]_i_28_n_0
    SLICE_X42Y75         CARRY4 (Prop_carry4_S[3]_CO[3])
                                                      0.376    21.146 r  y_reg[15]_i_16/CO[3]
                         net (fo=1, routed)           0.000    21.146    y_reg[15]_i_16_n_0
    SLICE_X42Y76         CARRY4 (Prop_carry4_CI_O[0])
                                                      0.219    21.365 r  y_reg[15]_i_8/O[0]
                         net (fo=1, routed)           0.518    21.883    y_reg[15]_i_8_n_7
    SLICE_X43Y74         LUT2 (Prop_lut2_I1_O)        0.295    22.178 r  y[15]_i_12/O
                         net (fo=1, routed)           0.000    22.178    y[15]_i_12_n_0
    SLICE_X43Y74         CARRY4 (Prop_carry4_S[3]_CO[3])
                                                      0.401    22.579 r  y_reg[15]_i_7/CO[3]
                         net (fo=1, routed)           0.009    22.588    y_reg[15]_i_7_n_0
    SLICE_X43Y75         CARRY4 (Prop_carry4_CI_O[0])
                                                      0.222    22.810 r  y_reg[15]_i_5/O[0]
                         net (fo=1, routed)           0.467    23.277    y_reg[15]_i_5_n_7
    SLICE_X44Y75         LUT2 (Prop_lut2_I1_O)        0.299    23.576 r  y[13]_i_6/O
                         net (fo=1, routed)           0.000    23.576    y[13]_i_6_n_0
    SLICE_X44Y75         CARRY4 (Prop_carry4_S[1]_O[2])
                                                      0.580    24.156 r  y_reg[13]_i_2/O[2]
                         net (fo=1, routed)           0.483    24.639    C[12]
    SLICE_X45Y75         CARRY4 (Prop_carry4_S[2]_O[2])
                                                      0.550    25.189 r  y_reg[13]_i_1/O[2]
                         net (fo=1, routed)           0.000    25.189    acc[12]
    SLICE_X45Y75         FDRE                                         r  y_reg[12]/D
  -------------------------------------------------------------------    -------------------

                         (clock vclk rise edge)      24.628    24.628 r  <hidden>
                                                      0.000    24.628 r  clk
                         net (fo=173, unset)          0.924    25.552    clk
    SLICE_X45Y75         FDRE                                         r  y_reg[12]/C
                         clock pessimism              0.000    25.552    <hidden>
                         clock uncertainty           -0.035    25.517    <hidden>
    SLICE_X45Y75         FDRE (Setup_fdre_C_D)        0.062    25.579    y_reg[12]
  -------------------------------------------------------------------
                         required time                         25.579    <hidden>
                         arrival time                         -25.189    <hidden>
  -------------------------------------------------------------------
                         slack                                  0.390    <hidden>

Slack (MET) :             0.897ns  (required time - arrival time)
  Source:                 d18_reg[0]/C
                            (rising edge-triggered cell FDRE clocked by vclk  {rise@0.000ns fall@12.314ns period=24.628ns})
  Destination:            y_reg[11]/D
                            (rising edge-triggered cell FDRE clocked by vclk  {rise@0.000ns fall@12.314ns period=24.628ns})
  Path Group:             vclk
  Path Type:              Setup (Max at Slow Process Corner)
  Requirement:            24.628ns  (vclk rise@24.628ns - vclk rise@0.000ns)
  Data Path Delay:        23.709ns  (logic 13.704ns (57.802%)  route 10.005ns (42.198%))
  Logic Levels:           39  (CARRY4=23 LUT2=16)
  Clock Path Skew:        -0.049ns (DCD - SCD + CPR)
    Destination Clock Delay (DCD):    0.924ns = ( 25.552 - 24.628 ) 
    Source Clock Delay      (SCD):    0.973ns
    Clock Pessimism Removal (CPR):    0.000ns
  Clock Uncertainty:      0.035ns  ((TSJ^2 + TIJ^2)^1/2 + DJ) / 2 + PE
    Total System Jitter     (TSJ):    0.071ns
    Total Input Jitter      (TIJ):    0.000ns
    Discrete Jitter          (DJ):    0.000ns
    Phase Error              (PE):    0.000ns

    Location             Delay type                Incr(ns)  Path(ns)    Netlist Resource(s)
  -------------------------------------------------------------------    -------------------
                         (clock vclk rise edge)       0.000     0.000 r  <hidden>
                                                      0.000     0.000 r  clk
                         net (fo=173, unset)          0.973     0.973    clk
    SLICE_X32Y68         FDRE                                         r  d18_reg[0]/C
  -------------------------------------------------------------------    -------------------
    SLICE_X32Y68         FDRE (Prop_fdre_C_Q)         0.518     1.491 r  d18_reg[0]/Q
                         net (fo=6, routed)           0.497     1.988    d18[0]
    SLICE_X33Y68         CARRY4 (Prop_carry4_S[0]_O[1])
                                                      0.548     2.536 r  y_reg[5]_i_133/O[1]
                         net (fo=2, routed)           0.779     3.315    acc1[3]
    SLICE_X35Y68         LUT2 (Prop_lut2_I0_O)        0.303     3.618 r  y[5]_i_136/O
                         net (fo=1, routed)           0.000     3.618    y[5]_i_136_n_0
    SLICE_X35Y68         CARRY4 (Prop_carry4_S[1]_O[2])
                                                      0.580     4.198 r  y_reg[5]_i_127/O[2]
                         net (fo=1, routed)           0.596     4.794    y_reg[5]_i_127_n_5
    SLICE_X36Y69         LUT2 (Prop_lut2_I1_O)        0.302     5.096 r  y[5]_i_131/O
                         net (fo=1, routed)           0.000     5.096    y[5]_i_131_n_0
    SLICE_X36Y69         CARRY4 (Prop_carry4_S[1]_O[2])
                                                      0.578     5.674 r  y_reg[5]_i_126/O[2]
                         net (fo=1, routed)           0.444     6.118    y_reg[5]_i_126_n_5
    SLICE_X37Y66         LUT2 (Prop_lut2_I1_O)        0.301     6.419 r  y[5]_i_119/O
                         net (fo=1, routed)           0.000     6.419    y[5]_i_119_n_0
    SLICE_X37Y66         CARRY4 (Prop_carry4_S[3]_O[3])
                                                      0.248     6.667 r  y_reg[5]_i_114/O[3]
                         net (fo=1, routed)           0.646     7.313    y_reg[5]_i_114_n_4
    SLICE_X37Y70         CARRY4 (Prop_carry4_S[0]_O[0])
                                                      0.553     7.866 r  y_reg[5]_i_113/O[0]
                         net (fo=1, routed)           0.453     8.319    y_reg[5]_i_113_n_7
    SLICE_X38Y68         LUT2 (Prop_lut2_I1_O)        0.299     8.618 r  y[5]_i_103/O
                         net (fo=1, routed)           0.000     8.618    y[5]_i_103_n_0
    SLICE_X38Y68         CARRY4 (Prop_carry4_S[3]_O[3])
                                                      0.255     8.873 r  y_reg[5]_i_96/O[3]
                         net (fo=1, routed)           0.591     9.463    y_reg[5]_i_96_n_4
    SLICE_X38Y72         LUT2 (Prop_lut2_I1_O)        0.307     9.770 r  y[5]_i_99/O
                         net (fo=1, routed)           0.000     9.770    y[5]_i_99_n_0
    SLICE_X38Y72         CARRY4 (Prop_carry4_S[2]_O[2])
                                                      0.250    10.020 r  y_reg[5]_i_95/O[2]
                         net (fo=1, routed)           0.683    10.704    y_reg[5]_i_95_n_5
    SLICE_X38Y76         LUT2 (Prop_lut2_I1_O)        0.301    11.005 r  y[5]_i_81/O
                         net (fo=1, routed)           0.000    11.005    y[5]_i_81_n_0
    SLICE_X38Y76         CARRY4 (Prop_carry4_S[3]_O[3])
                                                      0.255    11.260 r  y_reg[5]_i_74/O[3]
                         net (fo=1, routed)           0.430    11.689    y_reg[5]_i_74_n_4
    SLICE_X40Y76         LUT2 (Prop_lut2_I1_O)        0.307    11.996 r  y[5]_i_78/O
                         net (fo=1, routed)           0.000    11.996    y[5]_i_78_n_0
    SLICE_X40Y76         CARRY4 (Prop_carry4_S[1]_O[1])
                                                      0.227    12.223 r  y_reg[5]_i_73/O[1]
                         net (fo=1, routed)           0.602    12.825    y_reg[5]_i_73_n_6
    SLICE_X39Y74         LUT2 (Prop_lut2_I1_O)        0.303    13.128 r  y[5]_i_65/O
                         net (fo=1, routed)           0.000    13.128    y[5]_i_65_n_0
    SLICE_X39Y74         CARRY4 (Prop_carry4_S[3]_CO[3])
                                                      0.401    13.529 r  y_reg[5]_i_59/CO[3]
                         net (fo=1, routed)           0.009    13.538    y_reg[5]_i_59_n_0
    SLICE_X39Y75         CARRY4 (Prop_carry4_CI_O[0])
                                                      0.222    13.760 r  y_reg[15]_i_104/O[0]
                         net (fo=1, routed)           0.678    14.438    y_reg[15]_i_104_n_7
    SLICE_X39Y70         LUT2 (Prop_lut2_I1_O)        0.299    14.737 r  y[5]_i_60/O
                         net (fo=1, routed)           0.000    14.737    y[5]_i_60_n_0
    SLICE_X39Y70         CARRY4 (Prop_carry4_S[3]_CO[3])
                                                      0.401    15.138 r  y_reg[5]_i_58/CO[3]
                         net (fo=1, routed)           0.000    15.138    y_reg[5]_i_58_n_0
    SLICE_X39Y71         CARRY4 (Prop_carry4_CI_O[0])
                                                      0.222    15.360 r  y_reg[15]_i_82/O[0]
                         net (fo=1, routed)           0.467    15.827    y_reg[15]_i_82_n_7
    SLICE_X40Y71         LUT2 (Prop_lut2_I1_O)        0.299    16.126 r  y[15]_i_90/O
                         net (fo=1, routed)           0.000    16.126    y[15]_i_90_n_0
    SLICE_X40Y71         CARRY4 (Prop_carry4_S[1]_O[1])
                                                      0.227    16.353 r  y_reg[15]_i_70/O[1]
                         net (fo=1, routed)           0.312    16.666    y_reg[15]_i_70_n_6
    SLICE_X42Y71         LUT2 (Prop_lut2_I1_O)        0.303    16.969 r  y[5]_i_47/O
                         net (fo=1, routed)           0.000    16.969    y[5]_i_47_n_0
    SLICE_X42Y71         CARRY4 (Prop_carry4_S[3]_O[3])
                                                      0.255    17.224 r  y_reg[5]_i_45/O[3]
                         net (fo=1, routed)           0.416    17.640    y_reg[5]_i_45_n_4
    SLICE_X41Y72         LUT2 (Prop_lut2_I1_O)        0.307    17.947 r  y[15]_i_59/O
                         net (fo=1, routed)           0.000    17.947    y[15]_i_59_n_0
    SLICE_X41Y72         CARRY4 (Prop_carry4_S[1]_O[2])
                                                      0.580    18.527 r  y_reg[15]_i_43/O[2]
                         net (fo=1, routed)           0.610    19.136    y_reg[15]_i_43_n_5
    SLICE_X41Y76         LUT2 (Prop_lut2_I1_O)        0.302    19.438 r  y[15]_i_39/O
                         net (fo=1, routed)           0.000    19.438    y[15]_i_39_n_0
    SLICE_X41Y76         CARRY4 (Prop_carry4_S[1]_O[2])
                                                      0.580    20.018 r  y_reg[15]_i_23/O[2]
                         net (fo=1, routed)           0.449    20.468    y_reg[15]_i_23_n_5
    SLICE_X42Y75         LUT2 (Prop_lut2_I1_O)        0.302    20.770 r  y[15]_i_28/O
                         net (fo=1, routed)           0.000    20.770    y[15]_i_28_n_0
    SLICE_X42Y75         CARRY4 (Prop_carry4_S[3]_CO[3])
                                                      0.376    21.146 r  y_reg[15]_i_16/CO[3]
                         net (fo=1, routed)           0.000    21.146    y_reg[15]_i_16_n_0
    SLICE_X42Y76         CARRY4 (Prop_carry4_CI_O[0])
                                                      0.219    21.365 r  y_reg[15]_i_8/O[0]
                         net (fo=1, routed)           0.518    21.883    y_reg[15]_i_8_n_7
    SLICE_X43Y74         LUT2 (Prop_lut2_I1_O)        0.295    22.178 r  y[15]_i_12/O
                         net (fo=1, routed)           0.000    22.178    y[15]_i_12_n_0
    SLICE_X43Y74         CARRY4 (Prop_carry4_S[3]_CO[3])
                                                      0.401    22.579 r  y_reg[15]_i_7/CO[3]
                         net (fo=1, routed)           0.009    22.588    y_reg[15]_i_7_n_0
    SLICE_X43Y75         CARRY4 (Prop_carry4_CI_O[0])
                                                      0.222    22.810 r  y_reg[15]_i_5/O[0]
                         net (fo=1, routed)           0.467    23.277    y_reg[15]_i_5_n_7
    SLICE_X44Y75         LUT2 (Prop_lut2_I1_O)        0.299    23.576 r  y[13]_i_6/O
                         net (fo=1, routed)           0.000    23.576    y[13]_i_6_n_0
    SLICE_X44Y75         CARRY4 (Prop_carry4_S[1]_O[1])
                                                      0.227    23.803 r  y_reg[13]_i_2/O[1]
                         net (fo=1, routed)           0.348    24.152    C[11]
    SLICE_X45Y75         CARRY4 (Prop_carry4_S[1]_O[1])
                                                      0.530    24.682 r  y_reg[13]_i_1/O[1]
                         net (fo=1, routed)           0.000    24.682    acc[11]
    SLICE_X45Y75         FDRE                                         r  y_reg[11]/D
  -------------------------------------------------------------------    -------------------

                         (clock vclk rise edge)      24.628    24.628 r  <hidden>
                                                      0.000    24.628 r  clk
                         net (fo=173, unset)          0.924    25.552    clk
    SLICE_X45Y75         FDRE                                         r  y_reg[11]/C
                         clock pessimism              0.000    25.552    <hidden>
                         clock uncertainty           -0.035    25.517    <hidden>
    SLICE_X45Y75         FDRE (Setup_fdre_C_D)        0.062    25.579    y_reg[11]
  -------------------------------------------------------------------
                         required time                         25.579    <hidden>
                         arrival time                         -24.682    <hidden>
  -------------------------------------------------------------------
                         slack                                  0.897    <hidden>

Slack (MET) :             1.087ns  (required time - arrival time)
  Source:                 d18_reg[0]/C
                            (rising edge-triggered cell FDRE clocked by vclk  {rise@0.000ns fall@12.314ns period=24.628ns})
  Destination:            y_reg[10]/D
                            (rising edge-triggered cell FDRE clocked by vclk  {rise@0.000ns fall@12.314ns period=24.628ns})
  Path Group:             vclk
  Path Type:              Setup (Max at Slow Process Corner)
  Requirement:            24.628ns  (vclk rise@24.628ns - vclk rise@0.000ns)
  Data Path Delay:        23.519ns  (logic 13.372ns (56.856%)  route 10.147ns (43.144%))
  Logic Levels:           39  (CARRY4=22 LUT2=17)
  Clock Path Skew:        -0.049ns (DCD - SCD + CPR)
    Destination Clock Delay (DCD):    0.924ns = ( 25.552 - 24.628 ) 
    Source Clock Delay      (SCD):    0.973ns
    Clock Pessimism Removal (CPR):    0.000ns
  Clock Uncertainty:      0.035ns  ((TSJ^2 + TIJ^2)^1/2 + DJ) / 2 + PE
    Total System Jitter     (TSJ):    0.071ns
    Total Input Jitter      (TIJ):    0.000ns
    Discrete Jitter          (DJ):    0.000ns
    Phase Error              (PE):    0.000ns

    Location             Delay type                Incr(ns)  Path(ns)    Netlist Resource(s)
  -------------------------------------------------------------------    -------------------
                         (clock vclk rise edge)       0.000     0.000 r  <hidden>
                                                      0.000     0.000 r  clk
                         net (fo=173, unset)          0.973     0.973    clk
    SLICE_X32Y68         FDRE                                         r  d18_reg[0]/C
  -------------------------------------------------------------------    -------------------
    SLICE_X32Y68         FDRE (Prop_fdre_C_Q)         0.518     1.491 r  d18_reg[0]/Q
                         net (fo=6, routed)           0.497     1.988    d18[0]
    SLICE_X33Y68         CARRY4 (Prop_carry4_S[0]_O[1])
                                                      0.548     2.536 r  y_reg[5]_i_133/O[1]
                         net (fo=2, routed)           0.779     3.315    acc1[3]
    SLICE_X35Y68         LUT2 (Prop_lut2_I0_O)        0.303     3.618 r  y[5]_i_136/O
                         net (fo=1, routed)           0.000     3.618    y[5]_i_136_n_0
    SLICE_X35Y68         CARRY4 (Prop_carry4_S[1]_O[2])
                                                      0.580     4.198 r  y_reg[5]_i_127/O[2]
                         net (fo=1, routed)           0.596     4.794    y_reg[5]_i_127_n_5
    SLICE_X36Y69         LUT2 (Prop_lut2_I1_O)        0.302     5.096 r  y[5]_i_131/O
                         net (fo=1, routed)           0.000     5.096    y[5]_i_131_n_0
    SLICE_X36Y69         CARRY4 (Prop_carry4_S[1]_O[2])
                                                      0.578     5.674 r  y_reg[5]_i_126/O[2]
                         net (fo=1, routed)           0.444     6.118    y_reg[5]_i_126_n_5
    SLICE_X37Y66         LUT2 (Prop_lut2_I1_O)        0.301     6.419 r  y[5]_i_119/O
                         net (fo=1, routed)           0.000     6.419    y[5]_i_119_n_0
    SLICE_X37Y66         CARRY4 (Prop_carry4_S[3]_O[3])
                                                      0.248     6.667 r  y_reg[5]_i_114/O[3]
                         net (fo=1, routed)           0.646     7.313    y_reg[5]_i_114_n_4
    SLICE_X37Y70         CARRY4 (Prop_carry4_S[0]_O[0])
                                                      0.553     7.866 r  y_reg[5]_i_113/O[0]
                         net (fo=1, routed)           0.453     8.319    y_reg[5]_i_113_n_7
    SLICE_X38Y68         LUT2 (Prop_lut2_I1_O)        0.299     8.618 r  y[5]_i_103/O
                         net (fo=1, routed)           0.000     8.618    y[5]_i_103_n_0
    SLICE_X38Y68         CARRY4 (Prop_carry4_S[3]_O[3])
                                                      0.255     8.873 r  y_reg[5]_i_96/O[3]
                         net (fo=1, routed)           0.591     9.463    y_reg[5]_i_96_n_4
    SLICE_X38Y72         LUT2 (Prop_lut2_I1_O)        0.307     9.770 r  y[5]_i_99/O
                         net (fo=1, routed)           0.000     9.770    y[5]_i_99_n_0
    SLICE_X38Y72         CARRY4 (Prop_carry4_S[2]_O[2])
                                                      0.250    10.020 r  y_reg[5]_i_95/O[2]
                         net (fo=1, routed)           0.683    10.704    y_reg[5]_i_95_n_5
    SLICE_X38Y76         LUT2 (Prop_lut2_I1_O)        0.301    11.005 r  y[5]_i_81/O
                         net (fo=1, routed)           0.000    11.005    y[5]_i_81_n_0
    SLICE_X38Y76         CARRY4 (Prop_carry4_S[3]_O[3])
                                                      0.255    11.260 r  y_reg[5]_i_74/O[3]
                         net (fo=1, routed)           0.430    11.689    y_reg[5]_i_74_n_4
    SLICE_X40Y76         LUT2 (Prop_lut2_I1_O)        0.307    11.996 r  y[5]_i_78/O
                         net (fo=1, routed)           0.000    11.996    y[5]_i_78_n_0
    SLICE_X40Y76         CARRY4 (Prop_carry4_S[1]_O[1])
                                                      0.227    12.223 r  y_reg[5]_i_73/O[1]
                         net (fo=1, routed)           0.602    12.825    y_reg[5]_i_73_n_6
    SLICE_X39Y74         LUT2 (Prop_lut2_I1_O)        0.303    13.128 r  y[5]_i_65/O
                         net (fo=1, routed)           0.000    13.128    y[5]_i_65_n_0
    SLICE_X39Y74         CARRY4 (Prop_carry4_S[3]_CO[3])
                                                      0.401    13.529 r  y_reg[5]_i_59/CO[3]
                         net (fo=1, routed)           0.009    13.538    y_reg[5]_i_59_n_0
    SLICE_X39Y75         CARRY4 (Prop_carry4_CI_O[0])
                                                      0.222    13.760 r  y_reg[15]_i_104/O[0]
                         net (fo=1, routed)           0.678    14.438    y_reg[15]_i_104_n_7
    SLICE_X39Y70         LUT2 (Prop_lut2_I1_O)        0.299    14.737 r  y[5]_i_60/O
                         net (fo=1, routed)           0.000    14.737    y[5]_i_60_n_0
    SLICE_X39Y70         CARRY4 (Prop_carry4_S[3]_CO[3])
                                                      0.401    15.138 r  y_reg[5]_i_58/CO[3]
                         net (fo=1, routed)           0.000    15.138    y_reg[5]_i_58_n_0
    SLICE_X39Y71         CARRY4 (Prop_carry4_CI_O[0])
                                                      0.222    15.360 r  y_reg[15]_i_82/O[0]
                         net (fo=1, routed)           0.467    15.827    y_reg[15]_i_82_n_7
    SLICE_X40Y71         LUT2 (Prop_lut2_I1_O)        0.299    16.126 r  y[15]_i_90/O
                         net (fo=1, routed)           0.000    16.126    y[15]_i_90_n_0
    SLICE_X40Y71         CARRY4 (Prop_carry4_S[1]_O[1])
                                                      0.227    16.353 r  y_reg[15]_i_70/O[1]
                         net (fo=1, routed)           0.312    16.666    y_reg[15]_i_70_n_6
    SLICE_X42Y71         LUT2 (Prop_lut2_I1_O)        0.303    16.969 r  y[5]_i_47/O
                         net (fo=1, routed)           0.000    16.969    y[5]_i_47_n_0
    SLICE_X42Y71         CARRY4 (Prop_carry4_S[3]_O[3])
                                                      0.255    17.224 r  y_reg[5]_i_45/O[3]
                         net (fo=1, routed)           0.416    17.640    y_reg[5]_i_45_n_4
    SLICE_X41Y72         LUT2 (Prop_lut2_I1_O)        0.307    17.947 r  y[15]_i_59/O
                         net (fo=1, routed)           0.000    17.947    y[15]_i_59_n_0
    SLICE_X41Y72         CARRY4 (Prop_carry4_S[1]_O[2])
                                                      0.580    18.527 r  y_reg[15]_i_43/O[2]
                         net (fo=1, routed)           0.610    19.136    y_reg[15]_i_43_n_5
    SLICE_X41Y76         LUT2 (Prop_lut2_I1_O)        0.302    19.438 r  y[15]_i_39/O
                         net (fo=1, routed)           0.000    19.438    y[15]_i_39_n_0
    SLICE_X41Y76         CARRY4 (Prop_carry4_S[1]_O[2])
                                                      0.580    20.018 r  y_reg[15]_i_23/O[2]
                         net (fo=1, routed)           0.449    20.468    y_reg[15]_i_23_n_5
    SLICE_X42Y75         LUT2 (Prop_lut2_I1_O)        0.302    20.770 r  y[15]_i_28/O
                         net (fo=1, routed)           0.000    20.770    y[15]_i_28_n_0
    SLICE_X42Y75         CARRY4 (Prop_carry4_S[3]_CO[3])
                                                      0.376    21.146 r  y_reg[15]_i_16/CO[3]
                         net (fo=1, routed)           0.000    21.146    y_reg[15]_i_16_n_0
    SLICE_X42Y76         CARRY4 (Prop_carry4_CI_O[0])
                                                      0.219    21.365 r  y_reg[15]_i_8/O[0]
                         net (fo=1, routed)           0.518    21.883    y_reg[15]_i_8_n_7
    SLICE_X43Y74         LUT2 (Prop_lut2_I1_O)        0.295    22.178 r  y[15]_i_12/O
                         net (fo=1, routed)           0.000    22.178    y[15]_i_12_n_0
    SLICE_X43Y74         CARRY4 (Prop_carry4_S[3]_O[3])
                                                      0.248    22.426 r  y_reg[15]_i_7/O[3]
                         net (fo=1, routed)           0.480    22.906    y_reg[15]_i_7_n_4
    SLICE_X44Y75         LUT2 (Prop_lut2_I1_O)        0.306    23.212 r  y[13]_i_7/O
                         net (fo=1, routed)           0.000    23.212    y[13]_i_7_n_0
    SLICE_X44Y75         CARRY4 (Prop_carry4_S[0]_O[0])
                                                      0.247    23.459 r  y_reg[13]_i_2/O[0]
                         net (fo=1, routed)           0.487    23.946    C[10]
    SLICE_X45Y75         LUT2 (Prop_lut2_I1_O)        0.299    24.245 r  y[13]_i_3/O
                         net (fo=1, routed)           0.000    24.245    y[13]_i_3_n_0
    SLICE_X45Y75         CARRY4 (Prop_carry4_S[0]_O[0])
                                                      0.247    24.492 r  y_reg[13]_i_1/O[0]
                         net (fo=1, routed)           0.000    24.492    acc[10]
    SLICE_X45Y75         FDRE                                         r  y_reg[10]/D
  -------------------------------------------------------------------    -------------------

                         (clock vclk rise edge)      24.628    24.628 r  <hidden>
                                                      0.000    24.628 r  clk
                         net (fo=173, unset)          0.924    25.552    clk
    SLICE_X45Y75         FDRE                                         r  y_reg[10]/C
                         clock pessimism              0.000    25.552    <hidden>
                         clock uncertainty           -0.035    25.517    <hidden>
    SLICE_X45Y75         FDRE (Setup_fdre_C_D)        0.062    25.579    y_reg[10]
  -------------------------------------------------------------------
                         required time                         25.579    <hidden>
                         arrival time                         -24.492    <hidden>
  -------------------------------------------------------------------
                         slack                                  1.087    <hidden>

Slack (MET) :             1.574ns  (required time - arrival time)
  Source:                 d18_reg[0]/C
                            (rising edge-triggered cell FDRE clocked by vclk  {rise@0.000ns fall@12.314ns period=24.628ns})
  Destination:            y_reg[9]/D
                            (rising edge-triggered cell FDRE clocked by vclk  {rise@0.000ns fall@12.314ns period=24.628ns})
  Path Group:             vclk
  Path Type:              Setup (Max at Slow Process Corner)
  Requirement:            24.628ns  (vclk rise@24.628ns - vclk rise@0.000ns)
  Data Path Delay:        23.032ns  (logic 12.771ns (55.448%)  route 10.261ns (44.552%))
  Logic Levels:           38  (CARRY4=21 LUT2=17)
  Clock Path Skew:        -0.049ns (DCD - SCD + CPR)
    Destination Clock Delay (DCD):    0.924ns = ( 25.552 - 24.628 ) 
    Source Clock Delay      (SCD):    0.973ns
    Clock Pessimism Removal (CPR):    0.000ns
  Clock Uncertainty:      0.035ns  ((TSJ^2 + TIJ^2)^1/2 + DJ) / 2 + PE
    Total System Jitter     (TSJ):    0.071ns
    Total Input Jitter      (TIJ):    0.000ns
    Discrete Jitter          (DJ):    0.000ns
    Phase Error              (PE):    0.000ns

    Location             Delay type                Incr(ns)  Path(ns)    Netlist Resource(s)
  -------------------------------------------------------------------    -------------------
                         (clock vclk rise edge)       0.000     0.000 r  <hidden>
                                                      0.000     0.000 r  clk
                         net (fo=173, unset)          0.973     0.973    clk
    SLICE_X32Y68         FDRE                                         r  d18_reg[0]/C
  -------------------------------------------------------------------    -------------------
    SLICE_X32Y68         FDRE (Prop_fdre_C_Q)         0.518     1.491 r  d18_reg[0]/Q
                         net (fo=6, routed)           0.497     1.988    d18[0]
    SLICE_X33Y68         CARRY4 (Prop_carry4_S[0]_O[1])
                                                      0.548     2.536 r  y_reg[5]_i_133/O[1]
                         net (fo=2, routed)           0.779     3.315    acc1[3]
    SLICE_X35Y68         LUT2 (Prop_lut2_I0_O)        0.303     3.618 r  y[5]_i_136/O
                         net (fo=1, routed)           0.000     3.618    y[5]_i_136_n_0
    SLICE_X35Y68         CARRY4 (Prop_carry4_S[1]_O[2])
                                                      0.580     4.198 r  y_reg[5]_i_127/O[2]
                         net (fo=1, routed)           0.596     4.794    y_reg[5]_i_127_n_5
    SLICE_X36Y69         LUT2 (Prop_lut2_I1_O)        0.302     5.096 r  y[5]_i_131/O
                         net (fo=1, routed)           0.000     5.096    y[5]_i_131_n_0
    SLICE_X36Y69         CARRY4 (Prop_carry4_S[1]_O[2])
                                                      0.578     5.674 r  y_reg[5]_i_126/O[2]
                         net (fo=1, routed)           0.444     6.118    y_reg[5]_i_126_n_5
    SLICE_X37Y66         LUT2 (Prop_lut2_I1_O)        0.301     6.419 r  y[5]_i_119/O
                         net (fo=1, routed)           0.000     6.419    y[5]_i_119_n_0
    SLICE_X37Y66         CARRY4 (Prop_carry4_S[3]_O[3])
                                                      0.248     6.667 r  y_reg[5]_i_114/O[3]
                         net (fo=1, routed)           0.646     7.313    y_reg[5]_i_114_n_4
    SLICE_X37Y70         CARRY4 (Prop_carry4_S[0]_O[0])
                                                      0.553     7.866 r  y_reg[5]_i_113/O[0]
                         net (fo=1, routed)           0.453     8.319    y_reg[5]_i_113_n_7
    SLICE_X38Y68         LUT2 (Prop_lut2_I1_O)        0.299     8.618 r  y[5]_i_103/O
                         net (fo=1, routed)           0.000     8.618    y[5]_i_103_n_0
    SLICE_X38Y68         CARRY4 (Prop_carry4_S[3]_O[3])
                                                      0.255     8.873 r  y_reg[5]_i_96/O[3]
                         net (fo=1, routed)           0.591     9.463    y_reg[5]_i_96_n_4
    SLICE_X38Y72         LUT2 (Prop_lut2_I1_O)        0.307     9.770 r  y[5]_i_99/O
                         net (fo=1, routed)           0.000     9.770    y[5]_i_99_n_0
    SLICE_X38Y72         CARRY4 (Prop_carry4_S[2]_O[2])
                                                      0.250    10.020 r  y_reg[5]_i_95/O[2]
                         net (fo=1, routed)           0.683    10.704    y_reg[5]_i_95_n_5
    SLICE_X38Y76         LUT2 (Prop_lut2_I1_O)        0.301    11.005 r  y[5]_i_81/O
                         net (fo=1, routed)           0.000    11.005    y[5]_i_81_n_0
    SLICE_X38Y76         CARRY4 (Prop_carry4_S[3]_O[3])
                                                      0.255    11.260 r  y_reg[5]_i_74/O[3]
                         net (fo=1, routed)           0.430    11.689    y_reg[5]_i_74_n_4
    SLICE_X40Y76         LUT2 (Prop_lut2_I1_O)        0.307    11.996 r  y[5]_i_78/O
                         net (fo=1, routed)           0.000    11.996    y[5]_i_78_n_0
    SLICE_X40Y76         CARRY4 (Prop_carry4_S[1]_O[1])
                                                      0.227    12.223 r  y_reg[5]_i_73/O[1]
                         net (fo=1, routed)           0.602    12.825    y_reg[5]_i_73_n_6
    SLICE_X39Y74         LUT2 (Prop_lut2_I1_O)        0.303    13.128 r  y[5]_i_65/O
                         net (fo=1, routed)           0.000    13.128    y[5]_i_65_n_0
    SLICE_X39Y74         CARRY4 (Prop_carry4_S[3]_CO[3])
                                                      0.401    13.529 r  y_reg[5]_i_59/CO[3]
                         net (fo=1, routed)           0.009    13.538    y_reg[5]_i_59_n_0
    SLICE_X39Y75         CARRY4 (Prop_carry4_CI_O[0])
                                                      0.222    13.760 r  y_reg[15]_i_104/O[0]
                         net (fo=1, routed)           0.678    14.438    y_reg[15]_i_104_n_7
    SLICE_X39Y70         LUT2 (Prop_lut2_I1_O)        0.299    14.737 r  y[5]_i_60/O
                         net (fo=1, routed)           0.000    14.737    y[5]_i_60_n_0
    SLICE_X39Y70         CARRY4 (Prop_carry4_S[3]_O[3])
                                                      0.248    14.985 r  y_reg[5]_i_58/O[3]
                         net (fo=1, routed)           0.453    15.438    y_reg[5]_i_58_n_4
    SLICE_X40Y71         LUT2 (Prop_lut2_I1_O)        0.306    15.744 r  y[15]_i_91/O
                         net (fo=1, routed)           0.000    15.744    y[15]_i_91_n_0
    SLICE_X40Y71         CARRY4 (Prop_carry4_S[0]_O[0])
                                                      0.247    15.991 r  y_reg[15]_i_70/O[0]
                         net (fo=1, routed)           0.418    16.408    y_reg[15]_i_70_n_7
    SLICE_X42Y71         LUT2 (Prop_lut2_I1_O)        0.299    16.707 r  y[5]_i_48/O
                         net (fo=1, routed)           0.000    16.707    y[5]_i_48_n_0
    SLICE_X42Y71         CARRY4 (Prop_carry4_S[2]_O[2])
                                                      0.250    16.957 r  y_reg[5]_i_45/O[2]
                         net (fo=1, routed)           0.446    17.403    y_reg[5]_i_45_n_5
    SLICE_X41Y72         LUT2 (Prop_lut2_I1_O)        0.301    17.704 r  y[15]_i_60/O
                         net (fo=1, routed)           0.000    17.704    y[15]_i_60_n_0
    SLICE_X41Y72         CARRY4 (Prop_carry4_S[0]_O[0])
                                                      0.247    17.951 r  y_reg[15]_i_43/O[0]
                         net (fo=1, routed)           0.468    18.419    y_reg[15]_i_43_n_7
    SLICE_X41Y75         LUT2 (Prop_lut2_I1_O)        0.299    18.718 r  y[5]_i_30/O
                         net (fo=1, routed)           0.000    18.718    y[5]_i_30_n_0
    SLICE_X41Y75         CARRY4 (Prop_carry4_S[3]_O[3])
                                                      0.248    18.966 r  y_reg[5]_i_27/O[3]
                         net (fo=1, routed)           0.437    19.404    y_reg[5]_i_27_n_4
    SLICE_X42Y75         LUT2 (Prop_lut2_I1_O)        0.306    19.710 r  y[15]_i_31/O
                         net (fo=1, routed)           0.000    19.710    y[15]_i_31_n_0
    SLICE_X42Y75         CARRY4 (Prop_carry4_S[0]_O[0])
                                                      0.252    19.962 r  y_reg[15]_i_16/O[0]
                         net (fo=1, routed)           0.518    20.480    y_reg[15]_i_16_n_7
    SLICE_X43Y73         LUT2 (Prop_lut2_I1_O)        0.295    20.775 r  y[5]_i_16/O
                         net (fo=1, routed)           0.000    20.775    y[5]_i_16_n_0
    SLICE_X43Y73         CARRY4 (Prop_carry4_S[3]_CO[3])
                                                      0.401    21.176 r  y_reg[5]_i_14/CO[3]
                         net (fo=1, routed)           0.000    21.176    y_reg[5]_i_14_n_0
    SLICE_X43Y74         CARRY4 (Prop_carry4_CI_O[0])
                                                      0.222    21.398 r  y_reg[15]_i_7/O[0]
                         net (fo=1, routed)           0.526    21.924    y_reg[15]_i_7_n_7
    SLICE_X44Y74         LUT2 (Prop_lut2_I1_O)        0.299    22.223 r  y[13]_i_11/O
                         net (fo=1, routed)           0.000    22.223    y[13]_i_11_n_0
    SLICE_X44Y74         CARRY4 (Prop_carry4_S[1]_O[3])
                                                      0.640    22.863 r  y_reg[13]_i_4/O[3]
                         net (fo=1, routed)           0.588    23.451    C[9]
    SLICE_X45Y74         LUT2 (Prop_lut2_I1_O)        0.306    23.757 r  y[9]_i_2/O
                         net (fo=1, routed)           0.000    23.757    y[9]_i_2_n_0
    SLICE_X45Y74         CARRY4 (Prop_carry4_S[3]_O[3])
                                                      0.248    24.005 r  y_reg[9]_i_1/O[3]
                         net (fo=1, routed)           0.000    24.005    acc[9]
    SLICE_X45Y74         FDRE                                         r  y_reg[9]/D
  -------------------------------------------------------------------    -------------------

                         (clock vclk rise edge)      24.628    24.628 r  <hidden>
                                                      0.000    24.628 r  clk
                         net (fo=173, unset)          0.924    25.552    clk
    SLICE_X45Y74         FDRE                                         r  y_reg[9]/C
                         clock pessimism              0.000    25.552    <hidden>
                         clock uncertainty           -0.035    25.517    <hidden>
    SLICE_X45Y74         FDRE (Setup_fdre_C_D)        0.062    25.579    y_reg[9]
  -------------------------------------------------------------------
                         required time                         25.579    <hidden>
                         arrival time                         -24.005    <hidden>
  -------------------------------------------------------------------
                         slack                                  1.574    <hidden>

Slack (MET) :             1.818ns  (required time - arrival time)
  Source:                 d18_reg[0]/C
                            (rising edge-triggered cell FDRE clocked by vclk  {rise@0.000ns fall@12.314ns period=24.628ns})
  Destination:            y_reg[8]/D
                            (rising edge-triggered cell FDRE clocked by vclk  {rise@0.000ns fall@12.314ns period=24.628ns})
  Path Group:             vclk
  Path Type:              Setup (Max at Slow Process Corner)
  Requirement:            24.628ns  (vclk rise@24.628ns - vclk rise@0.000ns)
  Data Path Delay:        22.788ns  (logic 12.707ns (55.763%)  route 10.081ns (44.237%))
  Logic Levels:           38  (CARRY4=21 LUT2=17)
  Clock Path Skew:        -0.049ns (DCD - SCD + CPR)
    Destination Clock Delay (DCD):    0.924ns = ( 25.552 - 24.628 ) 
    Source Clock Delay      (SCD):    0.973ns
    Clock Pessimism Removal (CPR):    0.000ns
  Clock Uncertainty:      0.035ns  ((TSJ^2 + TIJ^2)^1/2 + DJ) / 2 + PE
    Total System Jitter     (TSJ):    0.071ns
    Total Input Jitter      (TIJ):    0.000ns
    Discrete Jitter          (DJ):    0.000ns
    Phase Error              (PE):    0.000ns

    Location             Delay type                Incr(ns)  Path(ns)    Netlist Resource(s)
  -------------------------------------------------------------------    -------------------
                         (clock vclk rise edge)       0.000     0.000 r  <hidden>
                                                      0.000     0.000 r  clk
                         net (fo=173, unset)          0.973     0.973    clk
    SLICE_X32Y68         FDRE                                         r  d18_reg[0]/C
  -------------------------------------------------------------------    -------------------
    SLICE_X32Y68         FDRE (Prop_fdre_C_Q)         0.518     1.491 r  d18_reg[0]/Q
                         net (fo=6, routed)           0.497     1.988    d18[0]
    SLICE_X33Y68         CARRY4 (Prop_carry4_S[0]_O[1])
                                                      0.548     2.536 r  y_reg[5]_i_133/O[1]
                         net (fo=2, routed)           0.779     3.315    acc1[3]
    SLICE_X35Y68         LUT2 (Prop_lut2_I0_O)        0.303     3.618 r  y[5]_i_136/O
                         net (fo=1, routed)           0.000     3.618    y[5]_i_136_n_0
    SLICE_X35Y68         CARRY4 (Prop_carry4_S[1]_O[2])
                                                      0.580     4.198 r  y_reg[5]_i_127/O[2]
                         net (fo=1, routed)           0.596     4.794    y_reg[5]_i_127_n_5
    SLICE_X36Y69         LUT2 (Prop_lut2_I1_O)        0.302     5.096 r  y[5]_i_131/O
                         net (fo=1, routed)           0.000     5.096    y[5]_i_131_n_0
    SLICE_X36Y69         CARRY4 (Prop_carry4_S[1]_O[2])
                                                      0.578     5.674 r  y_reg[5]_i_126/O[2]
                         net (fo=1, routed)           0.444     6.118    y_reg[5]_i_126_n_5
    SLICE_X37Y66         LUT2 (Prop_lut2_I1_O)        0.301     6.419 r  y[5]_i_119/O
                         net (fo=1, routed)           0.000     6.419    y[5]_i_119_n_0
    SLICE_X37Y66         CARRY4 (Prop_carry4_S[3]_O[3])
                                                      0.248     6.667 r  y_reg[5]_i_114/O[3]
                         net (fo=1, routed)           0.646     7.313    y_reg[5]_i_114_n_4
    SLICE_X37Y70         CARRY4 (Prop_carry4_S[0]_O[0])
                                                      0.553     7.866 r  y_reg[5]_i_113/O[0]
                         net (fo=1, routed)           0.453     8.319    y_reg[5]_i_113_n_7
    SLICE_X38Y68         LUT2 (Prop_lut2_I1_O)        0.299     8.618 r  y[5]_i_103/O
                         net (fo=1, routed)           0.000     8.618    y[5]_i_103_n_0
    SLICE_X38Y68         CARRY4 (Prop_carry4_S[3]_O[3])
                                                      0.255     8.873 r  y_reg[5]_i_96/O[3]
                         net (fo=1, routed)           0.591     9.463    y_reg[5]_i_96_n_4
    SLICE_X38Y72         LUT2 (Prop_lut2_I1_O)        0.307     9.770 r  y[5]_i_99/O
                         net (fo=1, routed)           0.000     9.770    y[5]_i_99_n_0
    SLICE_X38Y72         CARRY4 (Prop_carry4_S[2]_O[2])
                                                      0.250    10.020 r  y_reg[5]_i_95/O[2]
                         net (fo=1, routed)           0.683    10.704    y_reg[5]_i_95_n_5
    SLICE_X38Y76         LUT2 (Prop_lut2_I1_O)        0.301    11.005 r  y[5]_i_81/O
                         net (fo=1, routed)           0.000    11.005    y[5]_i_81_n_0
    SLICE_X38Y76         CARRY4 (Prop_carry4_S[3]_O[3])
                                                      0.255    11.260 r  y_reg[5]_i_74/O[3]
                         net (fo=1, routed)           0.430    11.689    y_reg[5]_i_74_n_4
    SLICE_X40Y76         LUT2 (Prop_lut2_I1_O)        0.307    11.996 r  y[5]_i_78/O
                         net (fo=1, routed)           0.000    11.996    y[5]_i_78_n_0
    SLICE_X40Y76         CARRY4 (Prop_carry4_S[1]_O[1])
                                                      0.227    12.223 r  y_reg[5]_i_73/O[1]
                         net (fo=1, routed)           0.602    12.825    y_reg[5]_i_73_n_6
    SLICE_X39Y74         LUT2 (Prop_lut2_I1_O)        0.303    13.128 r  y[5]_i_65/O
                         net (fo=1, routed)           0.000    13.128    y[5]_i_65_n_0
    SLICE_X39Y74         CARRY4 (Prop_carry4_S[3]_CO[3])
                                                      0.401    13.529 r  y_reg[5]_i_59/CO[3]
                         net (fo=1, routed)           0.009    13.538    y_reg[5]_i_59_n_0
    SLICE_X39Y75         CARRY4 (Prop_carry4_CI_O[0])
                                                      0.222    13.760 r  y_reg[15]_i_104/O[0]
                         net (fo=1, routed)           0.678    14.438    y_reg[15]_i_104_n_7
    SLICE_X39Y70         LUT2 (Prop_lut2_I1_O)        0.299    14.737 r  y[5]_i_60/O
                         net (fo=1, routed)           0.000    14.737    y[5]_i_60_n_0
    SLICE_X39Y70         CARRY4 (Prop_carry4_S[3]_O[3])
                                                      0.248    14.985 r  y_reg[5]_i_58/O[3]
                         net (fo=1, routed)           0.453    15.438    y_reg[5]_i_58_n_4
    SLICE_X40Y71         LUT2 (Prop_lut2_I1_O)        0.306    15.744 r  y[15]_i_91/O
                         net (fo=1, routed)           0.000    15.744    y[15]_i_91_n_0
    SLICE_X40Y71         CARRY4 (Prop_carry4_S[0]_O[0])
                                                      0.247    15.991 r  y_reg[15]_i_70/O[0]
                         net (fo=1, routed)           0.418    16.408    y_reg[15]_i_70_n_7
    SLICE_X42Y71         LUT2 (Prop_lut2_I1_O)        0.299    16.707 r  y[5]_i_48/O
                         net (fo=1, routed)           0.000    16.707    y[5]_i_48_n_0
    SLICE_X42Y71         CARRY4 (Prop_carry4_S[2]_O[2])
                                                      0.250    16.957 r  y_reg[5]_i_45/O[2]
                         net (fo=1, routed)           0.446    17.403    y_reg[5]_i_45_n_5
    SLICE_X41Y72         LUT2 (Prop_lut2_I1_O)        0.301    17.704 r  y[15]_i_60/O
                         net (fo=1, routed)           0.000    17.704    y[15]_i_60_n_0
    SLICE_X41Y72         CARRY4 (Prop_carry4_S[0]_O[0])
                                                      0.247    17.951 r  y_reg[15]_i_43/O[0]
                         net (fo=1, routed)           0.468    18.419    y_reg[15]_i_43_n_7
    SLICE_X41Y75         LUT2 (Prop_lut2_I1_O)        0.299    18.718 r  y[5]_i_30/O
                         net (fo=1, routed)           0.000    18.718    y[5]_i_30_n_0
    SLICE_X41Y75         CARRY4 (Prop_carry4_S[3]_O[3])
                                                      0.248    18.966 r  y_reg[5]_i_27/O[3]
                         net (fo=1, routed)           0.437    19.404    y_reg[5]_i_27_n_4
    SLICE_X42Y75         LUT2 (Prop_lut2_I1_O)        0.306    19.710 r  y[15]_i_31/O
                         net (fo=1, routed)           0.000    19.710    y[15]_i_31_n_0
    SLICE_X42Y75         CARRY4 (Prop_carry4_S[0]_O[0])
                                                      0.252    19.962 r  y_reg[15]_i_16/O[0]
                         net (fo=1, routed)           0.518    20.480    y_reg[15]_i_16_n_7
    SLICE_X43Y73         LUT2 (Prop_lut2_I1_O)        0.295    20.775 r  y[5]_i_16/O
                         net (fo=1, routed)           0.000    20.775    y[5]_i_16_n_0
    SLICE_X43Y73         CARRY4 (Prop_carry4_S[3]_CO[3])
                                                      0.401    21.176 r  y_reg[5]_i_14/CO[3]
                         net (fo=1, routed)           0.000    21.176    y_reg[5]_i_14_n_0
    SLICE_X43Y74         CARRY4 (Prop_carry4_CI_O[0])
                                                      0.222    21.398 r  y_reg[15]_i_7/O[0]
                         net (fo=1, routed)           0.526    21.924    y_reg[15]_i_7_n_7
    SLICE_X44Y74         LUT2 (Prop_lut2_I1_O)        0.299    22.223 r  y[13]_i_11/O
                         net (fo=1, routed)           0.000    22.223    y[13]_i_11_n_0
    SLICE_X44Y74         CARRY4 (Prop_carry4_S[1]_O[2])
                                                      0.580    22.803 r  y_reg[13]_i_4/O[2]
                         net (fo=1, routed)           0.408    23.211    C[8]
    SLICE_X45Y74         LUT2 (Prop_lut2_I1_O)        0.302    23.513 r  y[9]_i_3/O
                         net (fo=1, routed)           0.000    23.513    y[9]_i_3_n_0
    SLICE_X45Y74         CARRY4 (Prop_carry4_S[2]_O[2])
                                                      0.248    23.761 r  y_reg[9]_i_1/O[2]
                         net (fo=1, routed)           0.000    23.761    acc[8]
    SLICE_X45Y74         FDRE                                         r  y_reg[8]/D
  -------------------------------------------------------------------    -------------------

                         (clock vclk rise edge)      24.628    24.628 r  <hidden>
                                                      0.000    24.628 r  clk
                         net (fo=173, unset)          0.924    25.552    clk
    SLICE_X45Y74         FDRE                                         r  y_reg[8]/C
                         clock pessimism              0.000    25.552    <hidden>
                         clock uncertainty           -0.035    25.517    <hidden>
    SLICE_X45Y74         FDRE (Setup_fdre_C_D)        0.062    25.579    y_reg[8]
  -------------------------------------------------------------------
                         required time                         25.579    <hidden>
                         arrival time                         -23.761    <hidden>
  -------------------------------------------------------------------
                         slack                                  1.818    <hidden>

Slack (MET) :             2.202ns  (required time - arrival time)
  Source:                 d18_reg[0]/C
                            (rising edge-triggered cell FDRE clocked by vclk  {rise@0.000ns fall@12.314ns period=24.628ns})
  Destination:            y_reg[7]/D
                            (rising edge-triggered cell FDRE clocked by vclk  {rise@0.000ns fall@12.314ns period=24.628ns})
  Path Group:             vclk
  Path Type:              Setup (Max at Slow Process Corner)
  Requirement:            24.628ns  (vclk rise@24.628ns - vclk rise@0.000ns)
  Data Path Delay:        22.404ns  (logic 12.179ns (54.361%)  route 10.225ns (45.639%))
  Logic Levels:           37  (CARRY4=20 LUT2=17)
  Clock Path Skew:        -0.049ns (DCD - SCD + CPR)
    Destination Clock Delay (DCD):    0.924ns = ( 25.552 - 24.628 ) 
    Source Clock Delay      (SCD):    0.973ns
    Clock Pessimism Removal (CPR):    0.000ns
  Clock Uncertainty:      0.035ns  ((TSJ^2 + TIJ^2)^1/2 + DJ) / 2 + PE
    Total System Jitter     (TSJ):    0.071ns
    Total Input Jitter      (TIJ):    0.000ns
    Discrete Jitter          (DJ):    0.000ns
    Phase Error              (PE):    0.000ns

    Location             Delay type                Incr(ns)  Path(ns)    Netlist Resource(s)
  -------------------------------------------------------------------    -------------------
                         (clock vclk rise edge)       0.000     0.000 r  <hidden>
                                                      0.000     0.000 r  clk
                         net (fo=173, unset)          0.973     0.973    clk
    SLICE_X32Y68         FDRE                                         r  d18_reg[0]/C
  -------------------------------------------------------------------    -------------------
    SLICE_X32Y68         FDRE (Prop_fdre_C_Q)         0.518     1.491 r  d18_reg[0]/Q
                         net (fo=6, routed)           0.497     1.988    d18[0]
    SLICE_X33Y68         CARRY4 (Prop_carry4_S[0]_O[1])
                                                      0.548     2.536 r  y_reg[5]_i_133/O[1]
                         net (fo=2, routed)           0.779     3.315    acc1[3]
    SLICE_X35Y68         LUT2 (Prop_lut2_I0_O)        0.303     3.618 r  y[5]_i_136/O
                         net (fo=1, routed)           0.000     3.618    y[5]_i_136_n_0
    SLICE_X35Y68         CARRY4 (Prop_carry4_S[1]_O[2])
                                                      0.580     4.198 r  y_reg[5]_i_127/O[2]
                         net (fo=1, routed)           0.596     4.794    y_reg[5]_i_127_n_5
    SLICE_X36Y69         LUT2 (Prop_lut2_I1_O)        0.302     5.096 r  y[5]_i_131/O
                         net (fo=1, routed)           0.000     5.096    y[5]_i_131_n_0
    SLICE_X36Y69         CARRY4 (Prop_carry4_S[1]_O[2])
                                                      0.578     5.674 r  y_reg[5]_i_126/O[2]
                         net (fo=1, routed)           0.444     6.118    y_reg[5]_i_126_n_5
    SLICE_X37Y66         LUT2 (Prop_lut2_I1_O)        0.301     6.419 r  y[5]_i_119/O
                         net (fo=1, routed)           0.000     6.419    y[5]_i_119_n_0
    SLICE_X37Y66         CARRY4 (Prop_carry4_S[3]_O[3])
                                                      0.248     6.667 r  y_reg[5]_i_114/O[3]
                         net (fo=1, routed)           0.646     7.313    y_reg[5]_i_114_n_4
    SLICE_X37Y70         CARRY4 (Prop_carry4_S[0]_O[0])
                                                      0.553     7.866 r  y_reg[5]_i_113/O[0]
                         net (fo=1, routed)           0.453     8.319    y_reg[5]_i_113_n_7
    SLICE_X38Y68         LUT2 (Prop_lut2_I1_O)        0.299     8.618 r  y[5]_i_103/O
                         net (fo=1, routed)           0.000     8.618    y[5]_i_103_n_0
    SLICE_X38Y68         CARRY4 (Prop_carry4_S[3]_O[3])
                                                      0.255     8.873 r  y_reg[5]_i_96/O[3]
                         net (fo=1, routed)           0.591     9.463    y_reg[5]_i_96_n_4
    SLICE_X38Y72         LUT2 (Prop_lut2_I1_O)        0.307     9.770 r  y[5]_i_99/O
                         net (fo=1, routed)           0.000     9.770    y[5]_i_99_n_0
    SLICE_X38Y72         CARRY4 (Prop_carry4_S[2]_O[2])
                                                      0.250    10.020 r  y_reg[5]_i_95/O[2]
                         net (fo=1, routed)           0.683    10.704    y_reg[5]_i_95_n_5
    SLICE_X38Y76         LUT2 (Prop_lut2_I1_O)        0.301    11.005 r  y[5]_i_81/O
                         net (fo=1, routed)           0.000    11.005    y[5]_i_81_n_0
    SLICE_X38Y76         CARRY4 (Prop_carry4_S[3]_O[3])
                                                      0.255    11.260 r  y_reg[5]_i_74/O[3]
                         net (fo=1, routed)           0.430    11.689    y_reg[5]_i_74_n_4
    SLICE_X40Y76         LUT2 (Prop_lut2_I1_O)        0.307    11.996 r  y[5]_i_78/O
                         net (fo=1, routed)           0.000    11.996    y[5]_i_78_n_0
    SLICE_X40Y76         CARRY4 (Prop_carry4_S[1]_O[1])
                                                      0.227    12.223 r  y_reg[5]_i_73/O[1]
                         net (fo=1, routed)           0.602    12.825    y_reg[5]_i_73_n_6
    SLICE_X39Y74         LUT2 (Prop_lut2_I1_O)        0.303    13.128 r  y[5]_i_65/O
                         net (fo=1, routed)           0.000    13.128    y[5]_i_65_n_0
    SLICE_X39Y74         CARRY4 (Prop_carry4_S[3]_CO[3])
                                                      0.401    13.529 r  y_reg[5]_i_59/CO[3]
                         net (fo=1, routed)           0.009    13.538    y_reg[5]_i_59_n_0
    SLICE_X39Y75         CARRY4 (Prop_carry4_CI_O[0])
                                                      0.222    13.760 r  y_reg[15]_i_104/O[0]
                         net (fo=1, routed)           0.678    14.438    y_reg[15]_i_104_n_7
    SLICE_X39Y70         LUT2 (Prop_lut2_I1_O)        0.299    14.737 r  y[5]_i_60/O
                         net (fo=1, routed)           0.000    14.737    y[5]_i_60_n_0
    SLICE_X39Y70         CARRY4 (Prop_carry4_S[3]_O[3])
                                                      0.248    14.985 r  y_reg[5]_i_58/O[3]
                         net (fo=1, routed)           0.453    15.438    y_reg[5]_i_58_n_4
    SLICE_X40Y71         LUT2 (Prop_lut2_I1_O)        0.306    15.744 r  y[15]_i_91/O
                         net (fo=1, routed)           0.000    15.744    y[15]_i_91_n_0
    SLICE_X40Y71         CARRY4 (Prop_carry4_S[0]_O[0])
                                                      0.247    15.991 r  y_reg[15]_i_70/O[0]
                         net (fo=1, routed)           0.418    16.408    y_reg[15]_i_70_n_7
    SLICE_X42Y71         LUT2 (Prop_lut2_I1_O)        0.299    16.707 r  y[5]_i_48/O
                         net (fo=1, routed)           0.000    16.707    y[5]_i_48_n_0
    SLICE_X42Y71         CARRY4 (Prop_carry4_S[2]_O[2])
                                                      0.250    16.957 r  y_reg[5]_i_45/O[2]
                         net (fo=1, routed)           0.446    17.403    y_reg[5]_i_45_n_5
    SLICE_X41Y72         LUT2 (Prop_lut2_I1_O)        0.301    17.704 r  y[15]_i_60/O
                         net (fo=1, routed)           0.000    17.704    y[15]_i_60_n_0
    SLICE_X41Y72         CARRY4 (Prop_carry4_S[0]_O[0])
                                                      0.247    17.951 r  y_reg[15]_i_43/O[0]
                         net (fo=1, routed)           0.468    18.419    y_reg[15]_i_43_n_7
    SLICE_X41Y75         LUT2 (Prop_lut2_I1_O)        0.299    18.718 r  y[5]_i_30/O
                         net (fo=1, routed)           0.000    18.718    y[5]_i_30_n_0
    SLICE_X41Y75         CARRY4 (Prop_carry4_S[3]_O[3])
                                                      0.248    18.966 r  y_reg[5]_i_27/O[3]
                         net (fo=1, routed)           0.437    19.404    y_reg[5]_i_27_n_4
    SLICE_X42Y75         LUT2 (Prop_lut2_I1_O)        0.306    19.710 r  y[15]_i_31/O
                         net (fo=1, routed)           0.000    19.710    y[15]_i_31_n_0
    SLICE_X42Y75         CARRY4 (Prop_carry4_S[0]_O[0])
                                                      0.252    19.962 r  y_reg[15]_i_16/O[0]
                         net (fo=1, routed)           0.518    20.480    y_reg[15]_i_16_n_7
    SLICE_X43Y73         LUT2 (Prop_lut2_I1_O)        0.295    20.775 r  y[5]_i_16/O
                         net (fo=1, routed)           0.000    20.775    y[5]_i_16_n_0
    SLICE_X43Y73         CARRY4 (Prop_carry4_S[3]_O[3])
                                                      0.248    21.023 r  y_reg[5]_i_14/O[3]
                         net (fo=1, routed)           0.453    21.475    y_reg[5]_i_14_n_4
    SLICE_X44Y74         LUT2 (Prop_lut2_I1_O)        0.306    21.781 r  y[13]_i_12/O
                         net (fo=1, routed)           0.000    21.781    y[13]_i_12_n_0
    SLICE_X44Y74         CARRY4 (Prop_carry4_S[0]_O[0])
                                                      0.247    22.028 r  y_reg[13]_i_4/O[0]
                         net (fo=1, routed)           0.626    22.654    C[6]
    SLICE_X45Y74         LUT2 (Prop_lut2_I1_O)        0.299    22.953 r  y[9]_i_5/O
                         net (fo=1, routed)           0.000    22.953    y[9]_i_5_n_0
    SLICE_X45Y74         CARRY4 (Prop_carry4_S[0]_O[1])
                                                      0.424    23.377 r  y_reg[9]_i_1/O[1]
                         net (fo=1, routed)           0.000    23.377    acc[7]
    SLICE_X45Y74         FDRE                                         r  y_reg[7]/D
  -------------------------------------------------------------------    -------------------

                         (clock vclk rise edge)      24.628    24.628 r  <hidden>
                                                      0.000    24.628 r  clk
                         net (fo=173, unset)          0.924    25.552    clk
    SLICE_X45Y74         FDRE                                         r  y_reg[7]/C
                         clock pessimism              0.000    25.552    <hidden>
                         clock uncertainty           -0.035    25.517    <hidden>
    SLICE_X45Y74         FDRE (Setup_fdre_C_D)        0.062    25.579    y_reg[7]
  -------------------------------------------------------------------
                         required time                         25.579    <hidden>
                         arrival time                         -23.377    <hidden>
  -------------------------------------------------------------------
                         slack                                  2.202    <hidden>

Slack (MET) :             2.379ns  (required time - arrival time)
  Source:                 d18_reg[0]/C
                            (rising edge-triggered cell FDRE clocked by vclk  {rise@0.000ns fall@12.314ns period=24.628ns})
  Destination:            y_reg[6]/D
                            (rising edge-triggered cell FDRE clocked by vclk  {rise@0.000ns fall@12.314ns period=24.628ns})
  Path Group:             vclk
  Path Type:              Setup (Max at Slow Process Corner)
  Requirement:            24.628ns  (vclk rise@24.628ns - vclk rise@0.000ns)
  Data Path Delay:        22.227ns  (logic 12.002ns (53.997%)  route 10.225ns (46.003%))
  Logic Levels:           37  (CARRY4=20 LUT2=17)
  Clock Path Skew:        -0.049ns (DCD - SCD + CPR)
    Destination Clock Delay (DCD):    0.924ns = ( 25.552 - 24.628 ) 
    Source Clock Delay      (SCD):    0.973ns
    Clock Pessimism Removal (CPR):    0.000ns
  Clock Uncertainty:      0.035ns  ((TSJ^2 + TIJ^2)^1/2 + DJ) / 2 + PE
    Total System Jitter     (TSJ):    0.071ns
    Total Input Jitter      (TIJ):    0.000ns
    Discrete Jitter          (DJ):    0.000ns
    Phase Error              (PE):    0.000ns

    Location             Delay type                Incr(ns)  Path(ns)    Netlist Resource(s)
  -------------------------------------------------------------------    -------------------
                         (clock vclk rise edge)       0.000     0.000 r  <hidden>
                                                      0.000     0.000 r  clk
                         net (fo=173, unset)          0.973     0.973    clk
    SLICE_X32Y68         FDRE                                         r  d18_reg[0]/C
  -------------------------------------------------------------------    -------------------
    SLICE_X32Y68         FDRE (Prop_fdre_C_Q)         0.518     1.491 r  d18_reg[0]/Q
                         net (fo=6, routed)           0.497     1.988    d18[0]
    SLICE_X33Y68         CARRY4 (Prop_carry4_S[0]_O[1])
                                                      0.548     2.536 r  y_reg[5]_i_133/O[1]
                         net (fo=2, routed)           0.779     3.315    acc1[3]
    SLICE_X35Y68         LUT2 (Prop_lut2_I0_O)        0.303     3.618 r  y[5]_i_136/O
                         net (fo=1, routed)           0.000     3.618    y[5]_i_136_n_0
    SLICE_X35Y68         CARRY4 (Prop_carry4_S[1]_O[2])
                                                      0.580     4.198 r  y_reg[5]_i_127/O[2]
                         net (fo=1, routed)           0.596     4.794    y_reg[5]_i_127_n_5
    SLICE_X36Y69         LUT2 (Prop_lut2_I1_O)        0.302     5.096 r  y[5]_i_131/O
                         net (fo=1, routed)           0.000     5.096    y[5]_i_131_n_0
    SLICE_X36Y69         CARRY4 (Prop_carry4_S[1]_O[2])
                                                      0.578     5.674 r  y_reg[5]_i_126/O[2]
                         net (fo=1, routed)           0.444     6.118    y_reg[5]_i_126_n_5
    SLICE_X37Y66         LUT2 (Prop_lut2_I1_O)        0.301     6.419 r  y[5]_i_119/O
                         net (fo=1, routed)           0.000     6.419    y[5]_i_119_n_0
    SLICE_X37Y66         CARRY4 (Prop_carry4_S[3]_O[3])
                                                      0.248     6.667 r  y_reg[5]_i_114/O[3]
                         net (fo=1, routed)           0.646     7.313    y_reg[5]_i_114_n_4
    SLICE_X37Y70         CARRY4 (Prop_carry4_S[0]_O[0])
                                                      0.553     7.866 r  y_reg[5]_i_113/O[0]
                         net (fo=1, routed)           0.453     8.319    y_reg[5]_i_113_n_7
    SLICE_X38Y68         LUT2 (Prop_lut2_I1_O)        0.299     8.618 r  y[5]_i_103/O
                         net (fo=1, routed)           0.000     8.618    y[5]_i_103_n_0
    SLICE_X38Y68         CARRY4 (Prop_carry4_S[3]_O[3])
                                                      0.255     8.873 r  y_reg[5]_i_96/O[3]
                         net (fo=1, routed)           0.591     9.463    y_reg[5]_i_96_n_4
    SLICE_X38Y72         LUT2 (Prop_lut2_I1_O)        0.307     9.770 r  y[5]_i_99/O
                         net (fo=1, routed)           0.000     9.770    y[5]_i_99_n_0
    SLICE_X38Y72         CARRY4 (Prop_carry4_S[2]_O[2])
                                                      0.250    10.020 r  y_reg[5]_i_95/O[2]
                         net (fo=1, routed)           0.683    10.704    y_reg[5]_i_95_n_5
    SLICE_X38Y76         LUT2 (Prop_lut2_I1_O)        0.301    11.005 r  y[5]_i_81/O
                         net (fo=1, routed)           0.000    11.005    y[5]_i_81_n_0
    SLICE_X38Y76         CARRY4 (Prop_carry4_S[3]_O[3])
                                                      0.255    11.260 r  y_reg[5]_i_74/O[3]
                         net (fo=1, routed)           0.430    11.689    y_reg[5]_i_74_n_4
    SLICE_X40Y76         LUT2 (Prop_lut2_I1_O)        0.307    11.996 r  y[5]_i_78/O
                         net (fo=1, routed)           0.000    11.996    y[5]_i_78_n_0
    SLICE_X40Y76         CARRY4 (Prop_carry4_S[1]_O[1])
                                                      0.227    12.223 r  y_reg[5]_i_73/O[1]
                         net (fo=1, routed)           0.602    12.825    y_reg[5]_i_73_n_6
    SLICE_X39Y74         LUT2 (Prop_lut2_I1_O)        0.303    13.128 r  y[5]_i_65/O
                         net (fo=1, routed)           0.000    13.128    y[5]_i_65_n_0
    SLICE_X39Y74         CARRY4 (Prop_carry4_S[3]_CO[3])
                                                      0.401    13.529 r  y_reg[5]_i_59/CO[3]
                         net (fo=1, routed)           0.009    13.538    y_reg[5]_i_59_n_0
    SLICE_X39Y75         CARRY4 (Prop_carry4_CI_O[0])
                                                      0.222    13.760 r  y_reg[15]_i_104/O[0]
                         net (fo=1, routed)           0.678    14.438    y_reg[15]_i_104_n_7
    SLICE_X39Y70         LUT2 (Prop_lut2_I1_O)        0.299    14.737 r  y[5]_i_60/O
                         net (fo=1, routed)           0.000    14.737    y[5]_i_60_n_0
    SLICE_X39Y70         CARRY4 (Prop_carry4_S[3]_O[3])
                                                      0.248    14.985 r  y_reg[5]_i_58/O[3]
                         net (fo=1, routed)           0.453    15.438    y_reg[5]_i_58_n_4
    SLICE_X40Y71         LUT2 (Prop_lut2_I1_O)        0.306    15.744 r  y[15]_i_91/O
                         net (fo=1, routed)           0.000    15.744    y[15]_i_91_n_0
    SLICE_X40Y71         CARRY4 (Prop_carry4_S[0]_O[0])
                                                      0.247    15.991 r  y_reg[15]_i_70/O[0]
                         net (fo=1, routed)           0.418    16.408    y_reg[15]_i_70_n_7
    SLICE_X42Y71         LUT2 (Prop_lut2_I1_O)        0.299    16.707 r  y[5]_i_48/O
                         net (fo=1, routed)           0.000    16.707    y[5]_i_48_n_0
    SLICE_X42Y71         CARRY4 (Prop_carry4_S[2]_O[2])
                                                      0.250    16.957 r  y_reg[5]_i_45/O[2]
                         net (fo=1, routed)           0.446    17.403    y_reg[5]_i_45_n_5
    SLICE_X41Y72         LUT2 (Prop_lut2_I1_O)        0.301    17.704 r  y[15]_i_60/O
                         net (fo=1, routed)           0.000    17.704    y[15]_i_60_n_0
    SLICE_X41Y72         CARRY4 (Prop_carry4_S[0]_O[0])
                                                      0.247    17.951 r  y_reg[15]_i_43/O[0]
                         net (fo=1, routed)           0.468    18.419    y_reg[15]_i_43_n_7
    SLICE_X41Y75         LUT2 (Prop_lut2_I1_O)        0.299    18.718 r  y[5]_i_30/O
                         net (fo=1, routed)           0.000    18.718    y[5]_i_30_n_0
    SLICE_X41Y75         CARRY4 (Prop_carry4_S[3]_O[3])
                                                      0.248    18.966 r  y_reg[5]_i_27/O[3]
                         net (fo=1, routed)           0.437    19.404    y_reg[5]_i_27_n_4
    SLICE_X42Y75         LUT2 (Prop_lut2_I1_O)        0.306    19.710 r  y[15]_i_31/O
                         net (fo=1, routed)           0.000    19.710    y[15]_i_31_n_0
    SLICE_X42Y75         CARRY4 (Prop_carry4_S[0]_O[0])
                                                      0.252    19.962 r  y_reg[15]_i_16/O[0]
                         net (fo=1, routed)           0.518    20.480    y_reg[15]_i_16_n_7
    SLICE_X43Y73         LUT2 (Prop_lut2_I1_O)        0.295    20.775 r  y[5]_i_16/O
                         net (fo=1, routed)           0.000    20.775    y[5]_i_16_n_0
    SLICE_X43Y73         CARRY4 (Prop_carry4_S[3]_O[3])
                                                      0.248    21.023 r  y_reg[5]_i_14/O[3]
                         net (fo=1, routed)           0.453    21.475    y_reg[5]_i_14_n_4
    SLICE_X44Y74         LUT2 (Prop_lut2_I1_O)        0.306    21.781 r  y[13]_i_12/O
                         net (fo=1, routed)           0.000    21.781    y[13]_i_12_n_0
    SLICE_X44Y74         CARRY4 (Prop_carry4_S[0]_O[0])
                                                      0.247    22.028 r  y_reg[13]_i_4/O[0]
                         net (fo=1, routed)           0.626    22.654    C[6]
    SLICE_X45Y74         LUT2 (Prop_lut2_I1_O)        0.299    22.953 r  y[9]_i_5/O
                         net (fo=1, routed)           0.000    22.953    y[9]_i_5_n_0
    SLICE_X45Y74         CARRY4 (Prop_carry4_S[0]_O[0])
                                                      0.247    23.200 r  y_reg[9]_i_1/O[0]
                         net (fo=1, routed)           0.000    23.200    acc[6]
    SLICE_X45Y74         FDRE                                         r  y_reg[6]/D
  -------------------------------------------------------------------    -------------------

                         (clock vclk rise edge)      24.628    24.628 r  <hidden>
                                                      0.000    24.628 r  clk
                         net (fo=173, unset)          0.924    25.552    clk
    SLICE_X45Y74         FDRE                                         r  y_reg[6]/C
                         clock pessimism              0.000    25.552    <hidden>
                         clock uncertainty           -0.035    25.517    <hidden>
    SLICE_X45Y74         FDRE (Setup_fdre_C_D)        0.062    25.579    y_reg[6]
  -------------------------------------------------------------------
                         required time                         25.579    <hidden>
                         arrival time                         -23.200    <hidden>
  -------------------------------------------------------------------
                         slack                                  2.379    <hidden>





Pulse Width Checks
--------------------------------------------------------------------------------------
Clock Name:         vclk
Waveform(ns):       { 0.000 12.314 }
Period(ns):         24.628
Sources:            { clk }

Check Type        Corner  Lib Pin  Reference Pin  Required(ns)  Actual(ns)  Slack(ns)  Location      Pin
Min Period        n/a     FDRE/C   n/a            1.000         24.628      23.628     SLICE_X35Y68  d0_reg[0]/C
Min Period        n/a     FDRE/C   n/a            1.000         24.628      23.628     SLICE_X35Y68  d0_reg[1]/C
Min Period        n/a     FDRE/C   n/a            1.000         24.628      23.628     SLICE_X35Y69  d0_reg[2]/C
Min Period        n/a     FDRE/C   n/a            1.000         24.628      23.628     SLICE_X35Y69  d0_reg[3]/C
Min Period        n/a     FDRE/C   n/a            1.000         24.628      23.628     SLICE_X35Y69  d0_reg[4]/C
Min Period        n/a     FDRE/C   n/a            1.000         24.628      23.628     SLICE_X35Y70  d0_reg[5]/C
Min Period        n/a     FDRE/C   n/a            1.000         24.628      23.628     SLICE_X35Y70  d0_reg[6]/C
Min Period        n/a     FDRE/C   n/a            1.000         24.628      23.628     SLICE_X35Y70  d0_reg[7]/C
Min Period        n/a     FDRE/C   n/a            1.000         24.628      23.628     SLICE_X33Y73  d10_reg[0]/C
Min Period        n/a     FDRE/C   n/a            1.000         24.628      23.628     SLICE_X33Y74  d10_reg[1]/C
Low Pulse Width   Slow    FDRE/C   n/a            0.500         12.314      11.814     SLICE_X35Y68  d0_reg[0]/C
Low Pulse Width   Fast    FDRE/C   n/a            0.500         12.314      11.814     SLICE_X35Y68  d0_reg[0]/C
Low Pulse Width   Slow    FDRE/C   n/a            0.500         12.314      11.814     SLICE_X35Y68  d0_reg[1]/C
Low Pulse Width   Fast    FDRE/C   n/a            0.500         12.314      11.814     SLICE_X35Y68  d0_reg[1]/C
Low Pulse Width   Slow    FDRE/C   n/a            0.500         12.314      11.814     SLICE_X35Y69  d0_reg[2]/C
Low Pulse Width   Fast    FDRE/C   n/a            0.500         12.314      11.814     SLICE_X35Y69  d0_reg[2]/C
Low Pulse Width   Slow    FDRE/C   n/a            0.500         12.314      11.814     SLICE_X35Y69  d0_reg[3]/C
Low Pulse Width   Fast    FDRE/C   n/a            0.500         12.314      11.814     SLICE_X35Y69  d0_reg[3]/C
Low Pulse Width   Slow    FDRE/C   n/a            0.500         12.314      11.814     SLICE_X35Y69  d0_reg[4]/C
Low Pulse Width   Fast    FDRE/C   n/a            0.500         12.314      11.814     SLICE_X35Y69  d0_reg[4]/C
High Pulse Width  Slow    FDRE/C   n/a            0.500         12.314      11.814     SLICE_X35Y68  d0_reg[0]/C
High Pulse Width  Fast    FDRE/C   n/a            0.500         12.314      11.814     SLICE_X35Y68  d0_reg[0]/C
High Pulse Width  Slow    FDRE/C   n/a            0.500         12.314      11.814     SLICE_X35Y68  d0_reg[1]/C
High Pulse Width  Fast    FDRE/C   n/a            0.500         12.314      11.814     SLICE_X35Y68  d0_reg[1]/C
High Pulse Width  Slow    FDRE/C   n/a            0.500         12.314      11.814     SLICE_X35Y69  d0_reg[2]/C
High Pulse Width  Fast    FDRE/C   n/a            0.500         12.314      11.814     SLICE_X35Y69  d0_reg[2]/C
High Pulse Width  Slow    FDRE/C   n/a            0.500         12.314      11.814     SLICE_X35Y69  d0_reg[3]/C
High Pulse Width  Fast    FDRE/C   n/a            0.500         12.314      11.814     SLICE_X35Y69  d0_reg[3]/C
High Pulse Width  Slow    FDRE/C   n/a            0.500         12.314      11.814     SLICE_X35Y69  d0_reg[4]/C
High Pulse Width  Fast    FDRE/C   n/a            0.500         12.314      11.814     SLICE_X35Y69  d0_reg[4]/C



