Copyright 1986-2022 Xilinx, Inc. All Rights Reserved. Copyright 2022-2026 Advanced Micro Devices, Inc. All Rights Reserved.
-------------------------------------------------------------------------------------------------------------------------------------------------------------------------------------------------------------------------------------------------------------------------------------------
| Tool Version : Vivado v.2026.1 (win64) Build 6511674 Tue Jun 16 11:02:23 MDT 2026
| Date         : Sun Aug 30 22:43:39 2026
| Host         : Amine running 64-bit major release  (build 9200)
| Command      : report_timing_summary -delay_type max -max_paths 10 -report_unconstrained -check_timing_verbose -warn_on_violation -file C:/Users/Amine/mas/fpga-repo/timing_closure_candidate_v7/results/c01_fir_sft_fir42_v6_8b/trial_006_search_p47p2905_a0/reports/timing_summary.rpt
| Design       : sft__fir42_v6_8b__g1
| Device       : 7z020-clg400
| Speed File   : -1  PRODUCTION 1.12 2019-11-22
| Design State : Routed
-------------------------------------------------------------------------------------------------------------------------------------------------------------------------------------------------------------------------------------------------------------------------------------------

Timing Summary Report

------------------------------------------------------------------------------------------------
| Timer Settings
| --------------
------------------------------------------------------------------------------------------------

  Enable Multi Corner Analysis               :  Yes
  Enable Pessimism Removal                   :  Yes
  Pessimism Removal Resolution               :  Nearest Common Node
  Enable Input Delay Default Clock           :  No
  Enable Preset / Clear Arcs                 :  No
  Disable Flight Delays                      :  No
  Ignore I/O Paths                           :  No
  Timing Early Launch at Borrowing Latches   :  No
  Borrow Time for Max Delay Exceptions       :  Yes
  Merge Timing Exceptions                    :  Yes
  Inter-SLR Compensation                     :  Conservative

  Corner  Analyze    Analyze    
  Name    Max Paths  Min Paths  
  ------  ---------  ---------  
  Slow    Yes        Yes        
  Fast    Yes        Yes        


------------------------------------------------------------------------------------------------
| Report Methodology
| ------------------
------------------------------------------------------------------------------------------------

No report available as report_methodology has not been run prior. Run report_methodology on the current design for the summary of methodology violations.



check_timing report

Table of Contents
-----------------
1. checking no_clock (0)
2. checking constant_clock (0)
3. checking pulse_width_clock (0)
4. checking unconstrained_internal_endpoints (0)
5. checking no_input_delay (0)
6. checking no_output_delay (0)
7. checking multiple_clock (0)
8. checking generated_clocks (0)
9. checking loops (0)
10. checking partial_input_delay (0)
11. checking partial_output_delay (0)
12. checking latch_loops (0)

1. checking no_clock (0)
------------------------
 There are 0 register/latch pins with no clock.


2. checking constant_clock (0)
------------------------------
 There are 0 register/latch pins with constant_clock.


3. checking pulse_width_clock (0)
---------------------------------
 There are 0 register/latch pins which need pulse_width check


4. checking unconstrained_internal_endpoints (0)
------------------------------------------------
 There are 0 pins that are not constrained for maximum delay.

 There are 0 pins that are not constrained for maximum delay due to constant clock.


5. checking no_input_delay (0)
------------------------------
 There are 0 input ports with no input delay specified.

 There are 0 input ports with no input delay but user has a false path constraint.


6. checking no_output_delay (0)
-------------------------------
 There are 0 ports with no output delay specified.

 There are 0 ports with no output delay but user has a false path constraint

 There are 0 ports with no output delay but with a timing clock defined on it or propagating through it


7. checking multiple_clock (0)
------------------------------
 There are 0 register/latch pins with multiple clocks.


8. checking generated_clocks (0)
--------------------------------
 There are 0 generated clocks that are not connected to a clock source.


9. checking loops (0)
---------------------
 There are 0 combinational loops in the design.


10. checking partial_input_delay (0)
------------------------------------
 There are 0 input ports with partial input delay specified.


11. checking partial_output_delay (0)
-------------------------------------
 There are 0 ports with partial output delay specified.


12. checking latch_loops (0)
----------------------------
 There are 0 combinational latch loops in the design through latch input



------------------------------------------------------------------------------------------------
| Design Timing Summary
| ---------------------
------------------------------------------------------------------------------------------------

    WNS(ns)      TNS(ns)  TNS Failing Endpoints  TNS Total Endpoints     WPWS(ns)     TPWS(ns)  TPWS Failing Endpoints  TPWS Total Endpoints  
    -------      -------  ---------------------  -------------------     --------     --------  ----------------------  --------------------  
     -1.417       -2.767                      4                  720       23.146        0.000                       0                   352  


Timing constraints are not met.


------------------------------------------------------------------------------------------------
| Clock Summary
| -------------
------------------------------------------------------------------------------------------------

Clock  Waveform(ns)       Period(ns)      Frequency(MHz)
-----  ------------       ----------      --------------
vclk   {0.000 23.645}     47.291          21.146          


------------------------------------------------------------------------------------------------
| Intra Clock Table
| -----------------
------------------------------------------------------------------------------------------------

Clock             WNS(ns)      TNS(ns)  TNS Failing Endpoints  TNS Total Endpoints     WPWS(ns)     TPWS(ns)  TPWS Failing Endpoints  TPWS Total Endpoints  
-----             -------      -------  ---------------------  -------------------     --------     --------  ----------------------  --------------------  
vclk               -1.417       -2.767                      4                  720       23.146        0.000                       0                   352  


------------------------------------------------------------------------------------------------
| Inter Clock Table
| -----------------
------------------------------------------------------------------------------------------------

From Clock    To Clock          WNS(ns)      TNS(ns)  TNS Failing Endpoints  TNS Total Endpoints  
----------    --------          -------      -------  ---------------------  -------------------  


------------------------------------------------------------------------------------------------
| Other Path Groups Table
| -----------------------
------------------------------------------------------------------------------------------------

Path Group    From Clock    To Clock          WNS(ns)      TNS(ns)  TNS Failing Endpoints  TNS Total Endpoints  
----------    ----------    --------          -------      -------  ---------------------  -------------------  


------------------------------------------------------------------------------------------------
| User Ignored Path Table
| -----------------------
------------------------------------------------------------------------------------------------

Path Group    From Clock    To Clock    
----------    ----------    --------    


------------------------------------------------------------------------------------------------
| Unconstrained Path Table
| ------------------------
------------------------------------------------------------------------------------------------

Path Group    From Clock    To Clock    
----------    ----------    --------    


------------------------------------------------------------------------------------------------
| Timing Details
| --------------
------------------------------------------------------------------------------------------------


---------------------------------------------------------------------------------------------------
From Clock:  vclk
  To Clock:  vclk

Setup :            4  Failing Endpoints,  Worst Slack       -1.417ns,  Total Violation       -2.767ns
Hold  :           NA  Failing Endpoints,  Worst Slack           NA  ,  Total Violation           NA
PW    :            0  Failing Endpoints,  Worst Slack       23.146ns,  Total Violation        0.000ns
---------------------------------------------------------------------------------------------------


Max Delay Paths
--------------------------------------------------------------------------------------
Slack (VIOLATED) :        -1.417ns  (required time - arrival time)
  Source:                 d41_reg[2]/C
                            (rising edge-triggered cell FDRE clocked by vclk  {rise@0.000ns fall@23.646ns period=47.291ns})
  Destination:            y_reg[15]/D
                            (rising edge-triggered cell FDRE clocked by vclk  {rise@0.000ns fall@23.646ns period=47.291ns})
  Path Group:             vclk
  Path Type:              Setup (Max at Slow Process Corner)
  Requirement:            47.291ns  (vclk rise@47.291ns - vclk rise@0.000ns)
  Data Path Delay:        48.733ns  (logic 26.930ns (55.261%)  route 21.803ns (44.739%))
  Logic Levels:           68  (CARRY4=46 LUT2=22)
  Clock Path Skew:        -0.049ns (DCD - SCD + CPR)
    Destination Clock Delay (DCD):    0.924ns = ( 48.215 - 47.291 ) 
    Source Clock Delay      (SCD):    0.973ns
    Clock Pessimism Removal (CPR):    0.000ns
  Clock Uncertainty:      0.035ns  ((TSJ^2 + TIJ^2)^1/2 + DJ) / 2 + PE
    Total System Jitter     (TSJ):    0.071ns
    Total Input Jitter      (TIJ):    0.000ns
    Discrete Jitter          (DJ):    0.000ns
    Phase Error              (PE):    0.000ns

    Location             Delay type                Incr(ns)  Path(ns)    Netlist Resource(s)
  -------------------------------------------------------------------    -------------------
                         (clock vclk rise edge)       0.000     0.000 r  <hidden>
                                                      0.000     0.000 r  clk
                         net (fo=351, unset)          0.973     0.973    clk
    SLICE_X45Y58         FDRE                                         r  d41_reg[2]/C
  -------------------------------------------------------------------    -------------------
    SLICE_X45Y58         FDRE (Prop_fdre_C_Q)         0.456     1.429 r  d41_reg[2]/Q
                         net (fo=2, routed)           0.419     1.848    d41[2]
    SLICE_X46Y59         CARRY4 (Prop_carry4_S[0]_O[0])
                                                      0.376     2.224 r  y_reg[7]_i_771/O[0]
                         net (fo=2, routed)           0.561     2.785    acc0[2]
    SLICE_X47Y61         LUT2 (Prop_lut2_I0_O)        0.295     3.080 r  y[7]_i_775/O
                         net (fo=1, routed)           0.000     3.080    y[7]_i_775_n_0
    SLICE_X47Y61         CARRY4 (Prop_carry4_S[0]_O[0])
                                                      0.247     3.327 r  y_reg[7]_i_755/O[0]
                         net (fo=1, routed)           0.596     3.923    y_reg[7]_i_755_n_7
    SLICE_X48Y61         LUT2 (Prop_lut2_I1_O)        0.299     4.222 r  y[7]_i_739/O
                         net (fo=1, routed)           0.000     4.222    y[7]_i_739_n_0
    SLICE_X48Y61         CARRY4 (Prop_carry4_S[0]_O[0])
                                                      0.247     4.469 r  y_reg[7]_i_721/O[0]
                         net (fo=1, routed)           0.712     5.181    y_reg[7]_i_721_n_7
    SLICE_X48Y57         LUT2 (Prop_lut2_I1_O)        0.299     5.480 r  y[7]_i_698/O
                         net (fo=1, routed)           0.000     5.480    y[7]_i_698_n_0
    SLICE_X48Y57         CARRY4 (Prop_carry4_S[0]_O[0])
                                                      0.247     5.727 r  y_reg[7]_i_675/O[0]
                         net (fo=1, routed)           0.585     6.312    y_reg[7]_i_675_n_7
    SLICE_X47Y57         LUT2 (Prop_lut2_I1_O)        0.299     6.611 r  y[7]_i_639/O
                         net (fo=1, routed)           0.000     6.611    y[7]_i_639_n_0
    SLICE_X47Y57         CARRY4 (Prop_carry4_S[1]_O[2])
                                                      0.580     7.191 r  y_reg[7]_i_612/O[2]
                         net (fo=1, routed)           0.454     7.646    y_reg[7]_i_612_n_5
    SLICE_X43Y58         LUT2 (Prop_lut2_I1_O)        0.302     7.948 r  y[7]_i_570/O
                         net (fo=1, routed)           0.000     7.948    y[7]_i_570_n_0
    SLICE_X43Y58         CARRY4 (Prop_carry4_S[3]_CO[3])
                                                      0.401     8.349 r  y_reg[7]_i_539/CO[3]
                         net (fo=1, routed)           0.000     8.349    y_reg[7]_i_539_n_0
    SLICE_X43Y59         CARRY4 (Prop_carry4_CI_O[0])
                                                      0.222     8.571 r  y_reg[7]_i_667/O[0]
                         net (fo=1, routed)           0.310     8.880    y_reg[7]_i_667_n_7
    SLICE_X42Y60         LUT2 (Prop_lut2_I1_O)        0.299     9.179 r  y[7]_i_634/O
                         net (fo=1, routed)           0.000     9.179    y[7]_i_634_n_0
    SLICE_X42Y60         CARRY4 (Prop_carry4_S[0]_O[0])
                                                      0.252     9.431 r  y_reg[7]_i_602/O[0]
                         net (fo=1, routed)           0.439     9.870    y_reg[7]_i_602_n_7
    SLICE_X40Y59         LUT2 (Prop_lut2_I1_O)        0.295    10.165 r  y[7]_i_563/O
                         net (fo=1, routed)           0.000    10.165    y[7]_i_563_n_0
    SLICE_X40Y59         CARRY4 (Prop_carry4_S[3]_CO[3])
                                                      0.401    10.566 r  y_reg[7]_i_528/CO[3]
                         net (fo=1, routed)           0.000    10.566    y_reg[7]_i_528_n_0
    SLICE_X40Y60         CARRY4 (Prop_carry4_CI_O[0])
                                                      0.222    10.788 r  y_reg[7]_i_590/O[0]
                         net (fo=1, routed)           0.603    11.391    y_reg[7]_i_590_n_7
    SLICE_X39Y60         LUT2 (Prop_lut2_I1_O)        0.299    11.690 r  y[7]_i_560/O
                         net (fo=1, routed)           0.000    11.690    y[7]_i_560_n_0
    SLICE_X39Y60         CARRY4 (Prop_carry4_S[0]_O[0])
                                                      0.247    11.937 r  y_reg[7]_i_517/O[0]
                         net (fo=1, routed)           0.307    12.244    y_reg[7]_i_517_n_7
    SLICE_X38Y61         LUT2 (Prop_lut2_I1_O)        0.299    12.543 r  y[7]_i_475/O
                         net (fo=1, routed)           0.000    12.543    y[7]_i_475_n_0
    SLICE_X38Y61         CARRY4 (Prop_carry4_S[1]_O[2])
                                                      0.578    13.121 r  y_reg[7]_i_450/O[2]
                         net (fo=1, routed)           0.416    13.536    y_reg[7]_i_450_n_5
    SLICE_X37Y60         LUT2 (Prop_lut2_I1_O)        0.301    13.837 r  y[7]_i_554/O
                         net (fo=1, routed)           0.000    13.837    y[7]_i_554_n_0
    SLICE_X37Y60         CARRY4 (Prop_carry4_S[1]_O[2])
                                                      0.580    14.417 r  y_reg[7]_i_513/O[2]
                         net (fo=1, routed)           0.505    14.922    y_reg[7]_i_513_n_5
    SLICE_X36Y60         LUT2 (Prop_lut2_I1_O)        0.302    15.224 r  y[7]_i_468/O
                         net (fo=1, routed)           0.000    15.224    y[7]_i_468_n_0
    SLICE_X36Y60         CARRY4 (Prop_carry4_S[3]_CO[3])
                                                      0.376    15.600 r  y_reg[7]_i_446/CO[3]
                         net (fo=1, routed)           0.000    15.600    y_reg[7]_i_446_n_0
    SLICE_X36Y61         CARRY4 (Prop_carry4_CI_O[0])
                                                      0.219    15.819 r  y_reg[7]_i_501/O[0]
                         net (fo=1, routed)           0.697    16.517    y_reg[7]_i_501_n_7
    SLICE_X35Y63         LUT2 (Prop_lut2_I1_O)        0.295    16.812 r  y[7]_i_465/O
                         net (fo=1, routed)           0.000    16.812    y[7]_i_465_n_0
    SLICE_X35Y63         CARRY4 (Prop_carry4_S[0]_O[0])
                                                      0.247    17.059 r  y_reg[7]_i_438/O[0]
                         net (fo=1, routed)           0.762    17.821    y_reg[7]_i_438_n_7
    SLICE_X44Y64         LUT2 (Prop_lut2_I1_O)        0.299    18.120 r  y[7]_i_411/O
                         net (fo=1, routed)           0.000    18.120    y[7]_i_411_n_0
    SLICE_X44Y64         CARRY4 (Prop_carry4_S[2]_O[2])
                                                      0.248    18.368 r  y_reg[7]_i_385/O[2]
                         net (fo=1, routed)           0.449    18.817    y_reg[7]_i_385_n_5
    SLICE_X46Y63         LUT2 (Prop_lut2_I1_O)        0.302    19.119 r  y[7]_i_346/O
                         net (fo=1, routed)           0.000    19.119    y[7]_i_346_n_0
    SLICE_X46Y63         CARRY4 (Prop_carry4_S[3]_CO[3])
                                                      0.376    19.495 r  y_reg[7]_i_314/CO[3]
                         net (fo=1, routed)           0.000    19.495    y_reg[7]_i_314_n_0
    SLICE_X46Y64         CARRY4 (Prop_carry4_CI_O[0])
                                                      0.219    19.714 r  y_reg[7]_i_376/O[0]
                         net (fo=1, routed)           0.568    20.282    y_reg[7]_i_376_n_7
    SLICE_X45Y61         LUT2 (Prop_lut2_I1_O)        0.295    20.577 r  y[7]_i_342/O
                         net (fo=1, routed)           0.000    20.577    y[7]_i_342_n_0
    SLICE_X45Y61         CARRY4 (Prop_carry4_S[2]_O[2])
                                                      0.248    20.825 r  y_reg[7]_i_306/O[2]
                         net (fo=1, routed)           0.554    21.378    y_reg[7]_i_306_n_5
    SLICE_X45Y58         LUT2 (Prop_lut2_I1_O)        0.302    21.680 r  y[15]_i_440/O
                         net (fo=1, routed)           0.000    21.680    y[15]_i_440_n_0
    SLICE_X45Y58         CARRY4 (Prop_carry4_S[1]_O[2])
                                                      0.580    22.260 r  y_reg[15]_i_426/O[2]
                         net (fo=1, routed)           0.509    22.769    y_reg[15]_i_426_n_5
    SLICE_X44Y58         LUT2 (Prop_lut2_I1_O)        0.302    23.071 r  y[15]_i_427/O
                         net (fo=1, routed)           0.000    23.071    y[15]_i_427_n_0
    SLICE_X44Y58         CARRY4 (Prop_carry4_S[0]_O[1])
                                                      0.424    23.495 r  y_reg[15]_i_415/O[1]
                         net (fo=1, routed)           0.575    24.070    y_reg[15]_i_415_n_6
    SLICE_X43Y56         LUT2 (Prop_lut2_I1_O)        0.303    24.373 r  y[15]_i_417/O
                         net (fo=1, routed)           0.000    24.373    y[15]_i_417_n_0
    SLICE_X43Y56         CARRY4 (Prop_carry4_S[3]_CO[3])
                                                      0.401    24.774 r  y_reg[15]_i_411/CO[3]
                         net (fo=1, routed)           0.000    24.774    y_reg[15]_i_411_n_0
    SLICE_X43Y57         CARRY4 (Prop_carry4_CI_O[0])
                                                      0.222    24.996 r  y_reg[15]_i_402/O[0]
                         net (fo=1, routed)           0.596    25.592    y_reg[15]_i_402_n_7
    SLICE_X44Y54         CARRY4 (Prop_carry4_S[3]_O[3])
                                                      0.547    26.139 r  y_reg[15]_i_401/O[3]
                         net (fo=1, routed)           0.585    26.724    y_reg[15]_i_401_n_4
    SLICE_X45Y54         LUT2 (Prop_lut2_I1_O)        0.306    27.030 r  y[15]_i_394/O
                         net (fo=1, routed)           0.000    27.030    y[15]_i_394_n_0
    SLICE_X45Y54         CARRY4 (Prop_carry4_S[3]_O[3])
                                                      0.248    27.278 r  y_reg[15]_i_383/O[3]
                         net (fo=1, routed)           0.448    27.726    y_reg[15]_i_383_n_4
    SLICE_X47Y54         CARRY4 (Prop_carry4_S[3]_O[3])
                                                      0.554    28.280 r  y_reg[15]_i_362/O[3]
                         net (fo=1, routed)           0.450    28.730    y_reg[15]_i_362_n_4
    SLICE_X46Y55         CARRY4 (Prop_carry4_S[1]_O[1])
                                                      0.536    29.266 r  y_reg[15]_i_352/O[1]
                         net (fo=1, routed)           0.641    29.906    y_reg[15]_i_352_n_6
    SLICE_X46Y52         CARRY4 (Prop_carry4_S[0]_O[0])
                                                      0.558    30.464 r  y_reg[15]_i_341/O[0]
                         net (fo=1, routed)           0.457    30.921    y_reg[15]_i_341_n_7
    SLICE_X43Y53         LUT2 (Prop_lut2_I1_O)        0.295    31.216 r  y[15]_i_342/O
                         net (fo=1, routed)           0.000    31.216    y[15]_i_342_n_0
    SLICE_X43Y53         CARRY4 (Prop_carry4_S[0]_O[0])
                                                      0.247    31.463 r  y_reg[15]_i_329/O[0]
                         net (fo=1, routed)           0.609    32.072    y_reg[15]_i_329_n_7
    SLICE_X42Y54         LUT2 (Prop_lut2_I1_O)        0.299    32.371 r  y[15]_i_330/O
                         net (fo=1, routed)           0.000    32.371    y[15]_i_330_n_0
    SLICE_X42Y54         CARRY4 (Prop_carry4_S[0]_O[1])
                                                      0.427    32.798 r  y_reg[15]_i_305/O[1]
                         net (fo=1, routed)           0.570    33.368    y_reg[15]_i_305_n_6
    SLICE_X41Y55         LUT2 (Prop_lut2_I1_O)        0.306    33.674 r  y[15]_i_306/O
                         net (fo=1, routed)           0.000    33.674    y[15]_i_306_n_0
    SLICE_X41Y55         CARRY4 (Prop_carry4_S[1]_O[2])
                                                      0.580    34.254 r  y_reg[15]_i_289/O[2]
                         net (fo=1, routed)           0.571    34.825    y_reg[15]_i_289_n_5
    SLICE_X40Y56         CARRY4 (Prop_carry4_S[1]_O[1])
                                                      0.529    35.354 r  y_reg[15]_i_269/O[1]
                         net (fo=1, routed)           0.449    35.803    y_reg[15]_i_269_n_6
    SLICE_X39Y56         CARRY4 (Prop_carry4_S[2]_O[2])
                                                      0.551    36.354 r  y_reg[15]_i_252/O[2]
                         net (fo=1, routed)           0.495    36.848    y_reg[15]_i_252_n_5
    SLICE_X38Y56         CARRY4 (Prop_carry4_S[2]_O[2])
                                                      0.552    37.400 r  y_reg[15]_i_234/O[2]
                         net (fo=1, routed)           0.541    37.941    y_reg[15]_i_234_n_5
    SLICE_X37Y58         CARRY4 (Prop_carry4_S[0]_O[0])
                                                      0.548    38.489 r  y_reg[15]_i_203/O[0]
                         net (fo=1, routed)           0.578    39.067    y_reg[15]_i_203_n_7
    SLICE_X37Y54         CARRY4 (Prop_carry4_S[1]_O[2])
                                                      0.879    39.946 r  y_reg[15]_i_165/O[2]
                         net (fo=1, routed)           0.583    40.529    y_reg[15]_i_165_n_5
    SLICE_X36Y55         CARRY4 (Prop_carry4_S[3]_O[3])
                                                      0.557    41.086 r  y_reg[15]_i_130/O[3]
                         net (fo=1, routed)           0.511    41.597    y_reg[15]_i_130_n_4
    SLICE_X35Y55         CARRY4 (Prop_carry4_S[2]_O[2])
                                                      0.555    42.152 r  y_reg[15]_i_96/O[2]
                         net (fo=1, routed)           0.495    42.647    y_reg[15]_i_96_n_5
    SLICE_X34Y55         CARRY4 (Prop_carry4_S[2]_O[2])
                                                      0.552    43.199 r  y_reg[15]_i_72/O[2]
                         net (fo=1, routed)           0.592    43.791    y_reg[15]_i_72_n_5
    SLICE_X32Y56         CARRY4 (Prop_carry4_S[1]_O[1])
                                                      0.531    44.322 r  y_reg[15]_i_48/O[1]
                         net (fo=1, routed)           0.643    44.965    y_reg[15]_i_48_n_6
    SLICE_X32Y52         CARRY4 (Prop_carry4_S[2]_O[2])
                                                      0.556    45.521 r  y_reg[15]_i_22/O[2]
                         net (fo=1, routed)           0.581    46.102    acc__0[15]
    SLICE_X33Y52         CARRY4 (Prop_carry4_S[3]_O[3])
                                                      0.549    46.651 r  y_reg[15]_i_10/O[3]
                         net (fo=1, routed)           0.437    47.088    y_reg[15]_i_10_n_4
    SLICE_X33Y56         CARRY4 (Prop_carry4_S[2]_O[2])
                                                      0.554    47.642 r  y_reg[15]_i_5/O[2]
                         net (fo=1, routed)           0.496    48.138    y_reg[15]_i_5_n_5
    SLICE_X33Y61         CARRY4 (Prop_carry4_S[3]_O[3])
                                                      0.550    48.688 r  y_reg[15]_i_3/O[3]
                         net (fo=1, routed)           0.457    49.145    p_0_in[15]
    SLICE_X34Y61         CARRY4 (Prop_carry4_S[3]_O[3])
                                                      0.561    49.706 r  y_reg[15]_i_2/O[3]
                         net (fo=1, routed)           0.000    49.706    acc[15]
    SLICE_X34Y61         FDRE                                         r  y_reg[15]/D
  -------------------------------------------------------------------    -------------------

                         (clock vclk rise edge)      47.291    47.291 r  <hidden>
                                                      0.000    47.291 r  clk
                         net (fo=351, unset)          0.924    48.215    clk
    SLICE_X34Y61         FDRE                                         r  y_reg[15]/C
                         clock pessimism              0.000    48.215    <hidden>
                         clock uncertainty           -0.035    48.180    <hidden>
    SLICE_X34Y61         FDRE (Setup_fdre_C_D)        0.109    48.289    y_reg[15]
  -------------------------------------------------------------------
                         required time                         48.289    <hidden>
                         arrival time                         -49.706    <hidden>
  -------------------------------------------------------------------
                         slack                                 -1.417    <hidden>

Slack (VIOLATED) :        -0.738ns  (required time - arrival time)
  Source:                 d41_reg[2]/C
                            (rising edge-triggered cell FDRE clocked by vclk  {rise@0.000ns fall@23.646ns period=47.291ns})
  Destination:            y_reg[14]/D
                            (rising edge-triggered cell FDRE clocked by vclk  {rise@0.000ns fall@23.646ns period=47.291ns})
  Path Group:             vclk
  Path Type:              Setup (Max at Slow Process Corner)
  Requirement:            47.291ns  (vclk rise@47.291ns - vclk rise@0.000ns)
  Data Path Delay:        48.054ns  (logic 26.753ns (55.673%)  route 21.301ns (44.327%))
  Logic Levels:           78  (CARRY4=47 LUT2=31)
  Clock Path Skew:        -0.049ns (DCD - SCD + CPR)
    Destination Clock Delay (DCD):    0.924ns = ( 48.215 - 47.291 ) 
    Source Clock Delay      (SCD):    0.973ns
    Clock Pessimism Removal (CPR):    0.000ns
  Clock Uncertainty:      0.035ns  ((TSJ^2 + TIJ^2)^1/2 + DJ) / 2 + PE
    Total System Jitter     (TSJ):    0.071ns
    Total Input Jitter      (TIJ):    0.000ns
    Discrete Jitter          (DJ):    0.000ns
    Phase Error              (PE):    0.000ns

    Location             Delay type                Incr(ns)  Path(ns)    Netlist Resource(s)
  -------------------------------------------------------------------    -------------------
                         (clock vclk rise edge)       0.000     0.000 r  <hidden>
                                                      0.000     0.000 r  clk
                         net (fo=351, unset)          0.973     0.973    clk
    SLICE_X45Y58         FDRE                                         r  d41_reg[2]/C
  -------------------------------------------------------------------    -------------------
    SLICE_X45Y58         FDRE (Prop_fdre_C_Q)         0.456     1.429 r  d41_reg[2]/Q
                         net (fo=2, routed)           0.419     1.848    d41[2]
    SLICE_X46Y59         CARRY4 (Prop_carry4_S[0]_O[0])
                                                      0.376     2.224 r  y_reg[7]_i_771/O[0]
                         net (fo=2, routed)           0.561     2.785    acc0[2]
    SLICE_X47Y61         LUT2 (Prop_lut2_I0_O)        0.295     3.080 r  y[7]_i_775/O
                         net (fo=1, routed)           0.000     3.080    y[7]_i_775_n_0
    SLICE_X47Y61         CARRY4 (Prop_carry4_S[0]_O[0])
                                                      0.247     3.327 r  y_reg[7]_i_755/O[0]
                         net (fo=1, routed)           0.596     3.923    y_reg[7]_i_755_n_7
    SLICE_X48Y61         LUT2 (Prop_lut2_I1_O)        0.299     4.222 r  y[7]_i_739/O
                         net (fo=1, routed)           0.000     4.222    y[7]_i_739_n_0
    SLICE_X48Y61         CARRY4 (Prop_carry4_S[0]_O[0])
                                                      0.247     4.469 r  y_reg[7]_i_721/O[0]
                         net (fo=1, routed)           0.712     5.181    y_reg[7]_i_721_n_7
    SLICE_X48Y57         LUT2 (Prop_lut2_I1_O)        0.299     5.480 r  y[7]_i_698/O
                         net (fo=1, routed)           0.000     5.480    y[7]_i_698_n_0
    SLICE_X48Y57         CARRY4 (Prop_carry4_S[0]_O[0])
                                                      0.247     5.727 r  y_reg[7]_i_675/O[0]
                         net (fo=1, routed)           0.585     6.312    y_reg[7]_i_675_n_7
    SLICE_X47Y57         LUT2 (Prop_lut2_I1_O)        0.299     6.611 r  y[7]_i_639/O
                         net (fo=1, routed)           0.000     6.611    y[7]_i_639_n_0
    SLICE_X47Y57         CARRY4 (Prop_carry4_S[1]_O[2])
                                                      0.580     7.191 r  y_reg[7]_i_612/O[2]
                         net (fo=1, routed)           0.454     7.646    y_reg[7]_i_612_n_5
    SLICE_X43Y58         LUT2 (Prop_lut2_I1_O)        0.302     7.948 r  y[7]_i_570/O
                         net (fo=1, routed)           0.000     7.948    y[7]_i_570_n_0
    SLICE_X43Y58         CARRY4 (Prop_carry4_S[3]_CO[3])
                                                      0.401     8.349 r  y_reg[7]_i_539/CO[3]
                         net (fo=1, routed)           0.000     8.349    y_reg[7]_i_539_n_0
    SLICE_X43Y59         CARRY4 (Prop_carry4_CI_O[0])
                                                      0.222     8.571 r  y_reg[7]_i_667/O[0]
                         net (fo=1, routed)           0.310     8.880    y_reg[7]_i_667_n_7
    SLICE_X42Y60         LUT2 (Prop_lut2_I1_O)        0.299     9.179 r  y[7]_i_634/O
                         net (fo=1, routed)           0.000     9.179    y[7]_i_634_n_0
    SLICE_X42Y60         CARRY4 (Prop_carry4_S[0]_O[0])
                                                      0.252     9.431 r  y_reg[7]_i_602/O[0]
                         net (fo=1, routed)           0.439     9.870    y_reg[7]_i_602_n_7
    SLICE_X40Y59         LUT2 (Prop_lut2_I1_O)        0.295    10.165 r  y[7]_i_563/O
                         net (fo=1, routed)           0.000    10.165    y[7]_i_563_n_0
    SLICE_X40Y59         CARRY4 (Prop_carry4_S[3]_CO[3])
                                                      0.401    10.566 r  y_reg[7]_i_528/CO[3]
                         net (fo=1, routed)           0.000    10.566    y_reg[7]_i_528_n_0
    SLICE_X40Y60         CARRY4 (Prop_carry4_CI_O[0])
                                                      0.222    10.788 r  y_reg[7]_i_590/O[0]
                         net (fo=1, routed)           0.603    11.391    y_reg[7]_i_590_n_7
    SLICE_X39Y60         LUT2 (Prop_lut2_I1_O)        0.299    11.690 r  y[7]_i_560/O
                         net (fo=1, routed)           0.000    11.690    y[7]_i_560_n_0
    SLICE_X39Y60         CARRY4 (Prop_carry4_S[0]_O[0])
                                                      0.247    11.937 r  y_reg[7]_i_517/O[0]
                         net (fo=1, routed)           0.307    12.244    y_reg[7]_i_517_n_7
    SLICE_X38Y61         LUT2 (Prop_lut2_I1_O)        0.299    12.543 r  y[7]_i_475/O
                         net (fo=1, routed)           0.000    12.543    y[7]_i_475_n_0
    SLICE_X38Y61         CARRY4 (Prop_carry4_S[1]_O[2])
                                                      0.578    13.121 r  y_reg[7]_i_450/O[2]
                         net (fo=1, routed)           0.416    13.536    y_reg[7]_i_450_n_5
    SLICE_X37Y60         LUT2 (Prop_lut2_I1_O)        0.301    13.837 r  y[7]_i_554/O
                         net (fo=1, routed)           0.000    13.837    y[7]_i_554_n_0
    SLICE_X37Y60         CARRY4 (Prop_carry4_S[1]_O[2])
                                                      0.580    14.417 r  y_reg[7]_i_513/O[2]
                         net (fo=1, routed)           0.505    14.922    y_reg[7]_i_513_n_5
    SLICE_X36Y60         LUT2 (Prop_lut2_I1_O)        0.302    15.224 r  y[7]_i_468/O
                         net (fo=1, routed)           0.000    15.224    y[7]_i_468_n_0
    SLICE_X36Y60         CARRY4 (Prop_carry4_S[3]_CO[3])
                                                      0.376    15.600 r  y_reg[7]_i_446/CO[3]
                         net (fo=1, routed)           0.000    15.600    y_reg[7]_i_446_n_0
    SLICE_X36Y61         CARRY4 (Prop_carry4_CI_O[0])
                                                      0.219    15.819 r  y_reg[7]_i_501/O[0]
                         net (fo=1, routed)           0.697    16.517    y_reg[7]_i_501_n_7
    SLICE_X35Y63         LUT2 (Prop_lut2_I1_O)        0.295    16.812 r  y[7]_i_465/O
                         net (fo=1, routed)           0.000    16.812    y[7]_i_465_n_0
    SLICE_X35Y63         CARRY4 (Prop_carry4_S[0]_O[0])
                                                      0.247    17.059 r  y_reg[7]_i_438/O[0]
                         net (fo=1, routed)           0.762    17.821    y_reg[7]_i_438_n_7
    SLICE_X44Y64         LUT2 (Prop_lut2_I1_O)        0.299    18.120 r  y[7]_i_411/O
                         net (fo=1, routed)           0.000    18.120    y[7]_i_411_n_0
    SLICE_X44Y64         CARRY4 (Prop_carry4_S[2]_O[2])
                                                      0.248    18.368 r  y_reg[7]_i_385/O[2]
                         net (fo=1, routed)           0.449    18.817    y_reg[7]_i_385_n_5
    SLICE_X46Y63         LUT2 (Prop_lut2_I1_O)        0.302    19.119 r  y[7]_i_346/O
                         net (fo=1, routed)           0.000    19.119    y[7]_i_346_n_0
    SLICE_X46Y63         CARRY4 (Prop_carry4_S[3]_CO[3])
                                                      0.376    19.495 r  y_reg[7]_i_314/CO[3]
                         net (fo=1, routed)           0.000    19.495    y_reg[7]_i_314_n_0
    SLICE_X46Y64         CARRY4 (Prop_carry4_CI_O[0])
                                                      0.219    19.714 r  y_reg[7]_i_376/O[0]
                         net (fo=1, routed)           0.568    20.282    y_reg[7]_i_376_n_7
    SLICE_X45Y61         LUT2 (Prop_lut2_I1_O)        0.295    20.577 r  y[7]_i_342/O
                         net (fo=1, routed)           0.000    20.577    y[7]_i_342_n_0
    SLICE_X45Y61         CARRY4 (Prop_carry4_S[2]_O[2])
                                                      0.248    20.825 r  y_reg[7]_i_306/O[2]
                         net (fo=1, routed)           0.554    21.378    y_reg[7]_i_306_n_5
    SLICE_X45Y58         LUT2 (Prop_lut2_I1_O)        0.302    21.680 r  y[15]_i_440/O
                         net (fo=1, routed)           0.000    21.680    y[15]_i_440_n_0
    SLICE_X45Y58         CARRY4 (Prop_carry4_S[1]_O[2])
                                                      0.580    22.260 r  y_reg[15]_i_426/O[2]
                         net (fo=1, routed)           0.509    22.769    y_reg[15]_i_426_n_5
    SLICE_X44Y58         LUT2 (Prop_lut2_I1_O)        0.302    23.071 r  y[15]_i_427/O
                         net (fo=1, routed)           0.000    23.071    y[15]_i_427_n_0
    SLICE_X44Y58         CARRY4 (Prop_carry4_S[0]_O[1])
                                                      0.424    23.495 r  y_reg[15]_i_415/O[1]
                         net (fo=1, routed)           0.575    24.070    y_reg[15]_i_415_n_6
    SLICE_X43Y56         LUT2 (Prop_lut2_I1_O)        0.303    24.373 r  y[15]_i_417/O
                         net (fo=1, routed)           0.000    24.373    y[15]_i_417_n_0
    SLICE_X43Y56         CARRY4 (Prop_carry4_S[3]_CO[3])
                                                      0.401    24.774 r  y_reg[15]_i_411/CO[3]
                         net (fo=1, routed)           0.000    24.774    y_reg[15]_i_411_n_0
    SLICE_X43Y57         CARRY4 (Prop_carry4_CI_O[0])
                                                      0.222    24.996 r  y_reg[15]_i_402/O[0]
                         net (fo=1, routed)           0.596    25.592    y_reg[15]_i_402_n_7
    SLICE_X44Y54         CARRY4 (Prop_carry4_S[3]_O[3])
                                                      0.547    26.139 r  y_reg[15]_i_401/O[3]
                         net (fo=1, routed)           0.585    26.724    y_reg[15]_i_401_n_4
    SLICE_X45Y54         LUT2 (Prop_lut2_I1_O)        0.306    27.030 r  y[15]_i_394/O
                         net (fo=1, routed)           0.000    27.030    y[15]_i_394_n_0
    SLICE_X45Y54         CARRY4 (Prop_carry4_S[3]_O[3])
                                                      0.248    27.278 r  y_reg[15]_i_383/O[3]
                         net (fo=1, routed)           0.448    27.726    y_reg[15]_i_383_n_4
    SLICE_X47Y54         CARRY4 (Prop_carry4_S[3]_O[3])
                                                      0.554    28.280 r  y_reg[15]_i_362/O[3]
                         net (fo=1, routed)           0.450    28.730    y_reg[15]_i_362_n_4
    SLICE_X46Y55         CARRY4 (Prop_carry4_S[1]_O[1])
                                                      0.536    29.266 r  y_reg[15]_i_352/O[1]
                         net (fo=1, routed)           0.641    29.906    y_reg[15]_i_352_n_6
    SLICE_X46Y52         CARRY4 (Prop_carry4_S[0]_O[0])
                                                      0.558    30.464 r  y_reg[15]_i_341/O[0]
                         net (fo=1, routed)           0.457    30.921    y_reg[15]_i_341_n_7
    SLICE_X43Y53         LUT2 (Prop_lut2_I1_O)        0.295    31.216 r  y[15]_i_342/O
                         net (fo=1, routed)           0.000    31.216    y[15]_i_342_n_0
    SLICE_X43Y53         CARRY4 (Prop_carry4_S[0]_O[0])
                                                      0.247    31.463 r  y_reg[15]_i_329/O[0]
                         net (fo=1, routed)           0.609    32.072    y_reg[15]_i_329_n_7
    SLICE_X42Y54         LUT2 (Prop_lut2_I1_O)        0.299    32.371 r  y[15]_i_330/O
                         net (fo=1, routed)           0.000    32.371    y[15]_i_330_n_0
    SLICE_X42Y54         CARRY4 (Prop_carry4_S[0]_O[0])
                                                      0.252    32.623 r  y_reg[15]_i_305/O[0]
                         net (fo=1, routed)           0.537    33.160    y_reg[15]_i_305_n_7
    SLICE_X41Y55         LUT2 (Prop_lut2_I1_O)        0.295    33.455 r  y[15]_i_307/O
                         net (fo=1, routed)           0.000    33.455    y[15]_i_307_n_0
    SLICE_X41Y55         CARRY4 (Prop_carry4_S[0]_O[0])
                                                      0.247    33.702 r  y_reg[15]_i_289/O[0]
                         net (fo=1, routed)           0.354    34.056    y_reg[15]_i_289_n_7
    SLICE_X40Y55         LUT2 (Prop_lut2_I1_O)        0.299    34.355 r  y[15]_i_296/O
                         net (fo=1, routed)           0.000    34.355    y[15]_i_296_n_0
    SLICE_X40Y55         CARRY4 (Prop_carry4_S[3]_O[3])
                                                      0.248    34.603 r  y_reg[15]_i_287/O[3]
                         net (fo=1, routed)           0.430    35.034    y_reg[15]_i_287_n_4
    SLICE_X39Y56         LUT2 (Prop_lut2_I1_O)        0.306    35.340 r  y[15]_i_270/O
                         net (fo=1, routed)           0.000    35.340    y[15]_i_270_n_0
    SLICE_X39Y56         CARRY4 (Prop_carry4_S[0]_O[0])
                                                      0.247    35.587 r  y_reg[15]_i_252/O[0]
                         net (fo=1, routed)           0.429    36.015    y_reg[15]_i_252_n_7
    SLICE_X38Y56         LUT2 (Prop_lut2_I1_O)        0.299    36.314 r  y[15]_i_253/O
                         net (fo=1, routed)           0.000    36.314    y[15]_i_253_n_0
    SLICE_X38Y56         CARRY4 (Prop_carry4_S[0]_O[0])
                                                      0.252    36.566 r  y_reg[15]_i_234/O[0]
                         net (fo=1, routed)           0.425    36.992    y_reg[15]_i_234_n_7
    SLICE_X37Y57         CARRY4 (Prop_carry4_S[2]_O[2])
                                                      0.543    37.535 r  y_reg[15]_i_204/O[2]
                         net (fo=1, routed)           0.585    38.120    y_reg[15]_i_204_n_5
    SLICE_X37Y53         CARRY4 (Prop_carry4_S[3]_O[3])
                                                      0.550    38.670 r  y_reg[15]_i_202/O[3]
                         net (fo=1, routed)           0.560    39.230    y_reg[15]_i_202_n_4
    SLICE_X36Y55         LUT2 (Prop_lut2_I1_O)        0.306    39.536 r  y[15]_i_167/O
                         net (fo=1, routed)           0.000    39.536    y[15]_i_167_n_0
    SLICE_X36Y55         CARRY4 (Prop_carry4_S[0]_O[0])
                                                      0.252    39.788 r  y_reg[15]_i_130/O[0]
                         net (fo=1, routed)           0.458    40.245    y_reg[15]_i_130_n_7
    SLICE_X35Y54         LUT2 (Prop_lut2_I1_O)        0.295    40.540 r  y[15]_i_156/O
                         net (fo=1, routed)           0.000    40.540    y[15]_i_156_n_0
    SLICE_X35Y54         CARRY4 (Prop_carry4_S[3]_O[3])
                                                      0.248    40.788 r  y_reg[15]_i_128/O[3]
                         net (fo=1, routed)           0.430    41.218    y_reg[15]_i_128_n_4
    SLICE_X34Y54         LUT2 (Prop_lut2_I1_O)        0.306    41.524 r  y[15]_i_120/O
                         net (fo=1, routed)           0.000    41.524    y[15]_i_120_n_0
    SLICE_X34Y54         CARRY4 (Prop_carry4_S[3]_O[3])
                                                      0.255    41.779 r  y_reg[15]_i_94/O[3]
                         net (fo=1, routed)           0.455    42.234    y_reg[15]_i_94_n_4
    SLICE_X32Y55         LUT2 (Prop_lut2_I1_O)        0.307    42.541 r  y[15]_i_91/O
                         net (fo=1, routed)           0.000    42.541    y[15]_i_91_n_0
    SLICE_X32Y55         CARRY4 (Prop_carry4_S[2]_O[2])
                                                      0.250    42.791 r  y_reg[15]_i_71/O[2]
                         net (fo=1, routed)           0.602    43.393    y_reg[15]_i_71_n_5
    SLICE_X32Y51         LUT2 (Prop_lut2_I1_O)        0.301    43.694 r  y[15]_i_65/O
                         net (fo=1, routed)           0.000    43.694    y[15]_i_65_n_0
    SLICE_X32Y51         CARRY4 (Prop_carry4_S[3]_CO[3])
                                                      0.376    44.070 r  y_reg[15]_i_46/CO[3]
                         net (fo=1, routed)           0.000    44.070    y_reg[15]_i_46_n_0
    SLICE_X32Y52         CARRY4 (Prop_carry4_CI_O[0])
                                                      0.219    44.289 r  y_reg[15]_i_22/O[0]
                         net (fo=1, routed)           0.578    44.867    acc__0[13]
    SLICE_X33Y52         LUT2 (Prop_lut2_I1_O)        0.295    45.162 r  y[15]_i_23/O
                         net (fo=1, routed)           0.000    45.162    y[15]_i_23_n_0
    SLICE_X33Y52         CARRY4 (Prop_carry4_S[1]_O[2])
                                                      0.580    45.742 r  y_reg[15]_i_10/O[2]
                         net (fo=1, routed)           0.695    46.436    y_reg[15]_i_10_n_5
    SLICE_X33Y56         CARRY4 (Prop_carry4_S[1]_O[1])
                                                      0.529    46.965 r  y_reg[15]_i_5/O[1]
                         net (fo=1, routed)           0.645    47.610    y_reg[15]_i_5_n_6
    SLICE_X33Y61         CARRY4 (Prop_carry4_S[2]_O[2])
                                                      0.551    48.161 r  y_reg[15]_i_3/O[2]
                         net (fo=1, routed)           0.313    48.475    p_0_in[14]
    SLICE_X34Y61         CARRY4 (Prop_carry4_S[2]_O[2])
                                                      0.552    49.027 r  y_reg[15]_i_2/O[2]
                         net (fo=1, routed)           0.000    49.027    acc[14]
    SLICE_X34Y61         FDRE                                         r  y_reg[14]/D
  -------------------------------------------------------------------    -------------------

                         (clock vclk rise edge)      47.291    47.291 r  <hidden>
                                                      0.000    47.291 r  clk
                         net (fo=351, unset)          0.924    48.215    clk
    SLICE_X34Y61         FDRE                                         r  y_reg[14]/C
                         clock pessimism              0.000    48.215    <hidden>
                         clock uncertainty           -0.035    48.180    <hidden>
    SLICE_X34Y61         FDRE (Setup_fdre_C_D)        0.109    48.289    y_reg[14]
  -------------------------------------------------------------------
                         required time                         48.289    <hidden>
                         arrival time                         -49.027    <hidden>
  -------------------------------------------------------------------
                         slack                                 -0.738    <hidden>

Slack (VIOLATED) :        -0.394ns  (required time - arrival time)
  Source:                 d41_reg[2]/C
                            (rising edge-triggered cell FDRE clocked by vclk  {rise@0.000ns fall@23.646ns period=47.291ns})
  Destination:            y_reg[13]/D
                            (rising edge-triggered cell FDRE clocked by vclk  {rise@0.000ns fall@23.646ns period=47.291ns})
  Path Group:             vclk
  Path Type:              Setup (Max at Slow Process Corner)
  Requirement:            47.291ns  (vclk rise@47.291ns - vclk rise@0.000ns)
  Data Path Delay:        47.710ns  (logic 26.286ns (55.096%)  route 21.424ns (44.904%))
  Logic Levels:           79  (CARRY4=46 LUT2=33)
  Clock Path Skew:        -0.049ns (DCD - SCD + CPR)
    Destination Clock Delay (DCD):    0.924ns = ( 48.215 - 47.291 ) 
    Source Clock Delay      (SCD):    0.973ns
    Clock Pessimism Removal (CPR):    0.000ns
  Clock Uncertainty:      0.035ns  ((TSJ^2 + TIJ^2)^1/2 + DJ) / 2 + PE
    Total System Jitter     (TSJ):    0.071ns
    Total Input Jitter      (TIJ):    0.000ns
    Discrete Jitter          (DJ):    0.000ns
    Phase Error              (PE):    0.000ns

    Location             Delay type                Incr(ns)  Path(ns)    Netlist Resource(s)
  -------------------------------------------------------------------    -------------------
                         (clock vclk rise edge)       0.000     0.000 r  <hidden>
                                                      0.000     0.000 r  clk
                         net (fo=351, unset)          0.973     0.973    clk
    SLICE_X45Y58         FDRE                                         r  d41_reg[2]/C
  -------------------------------------------------------------------    -------------------
    SLICE_X45Y58         FDRE (Prop_fdre_C_Q)         0.456     1.429 r  d41_reg[2]/Q
                         net (fo=2, routed)           0.419     1.848    d41[2]
    SLICE_X46Y59         CARRY4 (Prop_carry4_S[0]_O[0])
                                                      0.376     2.224 r  y_reg[7]_i_771/O[0]
                         net (fo=2, routed)           0.561     2.785    acc0[2]
    SLICE_X47Y61         LUT2 (Prop_lut2_I0_O)        0.295     3.080 r  y[7]_i_775/O
                         net (fo=1, routed)           0.000     3.080    y[7]_i_775_n_0
    SLICE_X47Y61         CARRY4 (Prop_carry4_S[0]_O[0])
                                                      0.247     3.327 r  y_reg[7]_i_755/O[0]
                         net (fo=1, routed)           0.596     3.923    y_reg[7]_i_755_n_7
    SLICE_X48Y61         LUT2 (Prop_lut2_I1_O)        0.299     4.222 r  y[7]_i_739/O
                         net (fo=1, routed)           0.000     4.222    y[7]_i_739_n_0
    SLICE_X48Y61         CARRY4 (Prop_carry4_S[0]_O[0])
                                                      0.247     4.469 r  y_reg[7]_i_721/O[0]
                         net (fo=1, routed)           0.712     5.181    y_reg[7]_i_721_n_7
    SLICE_X48Y57         LUT2 (Prop_lut2_I1_O)        0.299     5.480 r  y[7]_i_698/O
                         net (fo=1, routed)           0.000     5.480    y[7]_i_698_n_0
    SLICE_X48Y57         CARRY4 (Prop_carry4_S[0]_O[0])
                                                      0.247     5.727 r  y_reg[7]_i_675/O[0]
                         net (fo=1, routed)           0.585     6.312    y_reg[7]_i_675_n_7
    SLICE_X47Y57         LUT2 (Prop_lut2_I1_O)        0.299     6.611 r  y[7]_i_639/O
                         net (fo=1, routed)           0.000     6.611    y[7]_i_639_n_0
    SLICE_X47Y57         CARRY4 (Prop_carry4_S[1]_O[2])
                                                      0.580     7.191 r  y_reg[7]_i_612/O[2]
                         net (fo=1, routed)           0.454     7.646    y_reg[7]_i_612_n_5
    SLICE_X43Y58         LUT2 (Prop_lut2_I1_O)        0.302     7.948 r  y[7]_i_570/O
                         net (fo=1, routed)           0.000     7.948    y[7]_i_570_n_0
    SLICE_X43Y58         CARRY4 (Prop_carry4_S[3]_CO[3])
                                                      0.401     8.349 r  y_reg[7]_i_539/CO[3]
                         net (fo=1, routed)           0.000     8.349    y_reg[7]_i_539_n_0
    SLICE_X43Y59         CARRY4 (Prop_carry4_CI_O[0])
                                                      0.222     8.571 r  y_reg[7]_i_667/O[0]
                         net (fo=1, routed)           0.310     8.880    y_reg[7]_i_667_n_7
    SLICE_X42Y60         LUT2 (Prop_lut2_I1_O)        0.299     9.179 r  y[7]_i_634/O
                         net (fo=1, routed)           0.000     9.179    y[7]_i_634_n_0
    SLICE_X42Y60         CARRY4 (Prop_carry4_S[0]_O[0])
                                                      0.252     9.431 r  y_reg[7]_i_602/O[0]
                         net (fo=1, routed)           0.439     9.870    y_reg[7]_i_602_n_7
    SLICE_X40Y59         LUT2 (Prop_lut2_I1_O)        0.295    10.165 r  y[7]_i_563/O
                         net (fo=1, routed)           0.000    10.165    y[7]_i_563_n_0
    SLICE_X40Y59         CARRY4 (Prop_carry4_S[3]_CO[3])
                                                      0.401    10.566 r  y_reg[7]_i_528/CO[3]
                         net (fo=1, routed)           0.000    10.566    y_reg[7]_i_528_n_0
    SLICE_X40Y60         CARRY4 (Prop_carry4_CI_O[0])
                                                      0.222    10.788 r  y_reg[7]_i_590/O[0]
                         net (fo=1, routed)           0.603    11.391    y_reg[7]_i_590_n_7
    SLICE_X39Y60         LUT2 (Prop_lut2_I1_O)        0.299    11.690 r  y[7]_i_560/O
                         net (fo=1, routed)           0.000    11.690    y[7]_i_560_n_0
    SLICE_X39Y60         CARRY4 (Prop_carry4_S[0]_O[0])
                                                      0.247    11.937 r  y_reg[7]_i_517/O[0]
                         net (fo=1, routed)           0.307    12.244    y_reg[7]_i_517_n_7
    SLICE_X38Y61         LUT2 (Prop_lut2_I1_O)        0.299    12.543 r  y[7]_i_475/O
                         net (fo=1, routed)           0.000    12.543    y[7]_i_475_n_0
    SLICE_X38Y61         CARRY4 (Prop_carry4_S[1]_O[2])
                                                      0.578    13.121 r  y_reg[7]_i_450/O[2]
                         net (fo=1, routed)           0.416    13.536    y_reg[7]_i_450_n_5
    SLICE_X37Y60         LUT2 (Prop_lut2_I1_O)        0.301    13.837 r  y[7]_i_554/O
                         net (fo=1, routed)           0.000    13.837    y[7]_i_554_n_0
    SLICE_X37Y60         CARRY4 (Prop_carry4_S[1]_O[2])
                                                      0.580    14.417 r  y_reg[7]_i_513/O[2]
                         net (fo=1, routed)           0.505    14.922    y_reg[7]_i_513_n_5
    SLICE_X36Y60         LUT2 (Prop_lut2_I1_O)        0.302    15.224 r  y[7]_i_468/O
                         net (fo=1, routed)           0.000    15.224    y[7]_i_468_n_0
    SLICE_X36Y60         CARRY4 (Prop_carry4_S[3]_CO[3])
                                                      0.376    15.600 r  y_reg[7]_i_446/CO[3]
                         net (fo=1, routed)           0.000    15.600    y_reg[7]_i_446_n_0
    SLICE_X36Y61         CARRY4 (Prop_carry4_CI_O[0])
                                                      0.219    15.819 r  y_reg[7]_i_501/O[0]
                         net (fo=1, routed)           0.697    16.517    y_reg[7]_i_501_n_7
    SLICE_X35Y63         LUT2 (Prop_lut2_I1_O)        0.295    16.812 r  y[7]_i_465/O
                         net (fo=1, routed)           0.000    16.812    y[7]_i_465_n_0
    SLICE_X35Y63         CARRY4 (Prop_carry4_S[0]_O[0])
                                                      0.247    17.059 r  y_reg[7]_i_438/O[0]
                         net (fo=1, routed)           0.762    17.821    y_reg[7]_i_438_n_7
    SLICE_X44Y64         LUT2 (Prop_lut2_I1_O)        0.299    18.120 r  y[7]_i_411/O
                         net (fo=1, routed)           0.000    18.120    y[7]_i_411_n_0
    SLICE_X44Y64         CARRY4 (Prop_carry4_S[2]_O[2])
                                                      0.248    18.368 r  y_reg[7]_i_385/O[2]
                         net (fo=1, routed)           0.449    18.817    y_reg[7]_i_385_n_5
    SLICE_X46Y63         LUT2 (Prop_lut2_I1_O)        0.302    19.119 r  y[7]_i_346/O
                         net (fo=1, routed)           0.000    19.119    y[7]_i_346_n_0
    SLICE_X46Y63         CARRY4 (Prop_carry4_S[3]_CO[3])
                                                      0.376    19.495 r  y_reg[7]_i_314/CO[3]
                         net (fo=1, routed)           0.000    19.495    y_reg[7]_i_314_n_0
    SLICE_X46Y64         CARRY4 (Prop_carry4_CI_O[0])
                                                      0.219    19.714 r  y_reg[7]_i_376/O[0]
                         net (fo=1, routed)           0.568    20.282    y_reg[7]_i_376_n_7
    SLICE_X45Y61         LUT2 (Prop_lut2_I1_O)        0.295    20.577 r  y[7]_i_342/O
                         net (fo=1, routed)           0.000    20.577    y[7]_i_342_n_0
    SLICE_X45Y61         CARRY4 (Prop_carry4_S[2]_O[2])
                                                      0.248    20.825 r  y_reg[7]_i_306/O[2]
                         net (fo=1, routed)           0.554    21.378    y_reg[7]_i_306_n_5
    SLICE_X45Y58         LUT2 (Prop_lut2_I1_O)        0.302    21.680 r  y[15]_i_440/O
                         net (fo=1, routed)           0.000    21.680    y[15]_i_440_n_0
    SLICE_X45Y58         CARRY4 (Prop_carry4_S[1]_O[2])
                                                      0.580    22.260 r  y_reg[15]_i_426/O[2]
                         net (fo=1, routed)           0.509    22.769    y_reg[15]_i_426_n_5
    SLICE_X44Y58         LUT2 (Prop_lut2_I1_O)        0.302    23.071 r  y[15]_i_427/O
                         net (fo=1, routed)           0.000    23.071    y[15]_i_427_n_0
    SLICE_X44Y58         CARRY4 (Prop_carry4_S[0]_O[1])
                                                      0.424    23.495 r  y_reg[15]_i_415/O[1]
                         net (fo=1, routed)           0.575    24.070    y_reg[15]_i_415_n_6
    SLICE_X43Y56         LUT2 (Prop_lut2_I1_O)        0.303    24.373 r  y[15]_i_417/O
                         net (fo=1, routed)           0.000    24.373    y[15]_i_417_n_0
    SLICE_X43Y56         CARRY4 (Prop_carry4_S[3]_CO[3])
                                                      0.401    24.774 r  y_reg[15]_i_411/CO[3]
                         net (fo=1, routed)           0.000    24.774    y_reg[15]_i_411_n_0
    SLICE_X43Y57         CARRY4 (Prop_carry4_CI_O[0])
                                                      0.222    24.996 r  y_reg[15]_i_402/O[0]
                         net (fo=1, routed)           0.596    25.592    y_reg[15]_i_402_n_7
    SLICE_X44Y54         CARRY4 (Prop_carry4_S[3]_O[3])
                                                      0.547    26.139 r  y_reg[15]_i_401/O[3]
                         net (fo=1, routed)           0.585    26.724    y_reg[15]_i_401_n_4
    SLICE_X45Y54         LUT2 (Prop_lut2_I1_O)        0.306    27.030 r  y[15]_i_394/O
                         net (fo=1, routed)           0.000    27.030    y[15]_i_394_n_0
    SLICE_X45Y54         CARRY4 (Prop_carry4_S[3]_O[3])
                                                      0.248    27.278 r  y_reg[15]_i_383/O[3]
                         net (fo=1, routed)           0.448    27.726    y_reg[15]_i_383_n_4
    SLICE_X47Y54         CARRY4 (Prop_carry4_S[3]_O[3])
                                                      0.554    28.280 r  y_reg[15]_i_362/O[3]
                         net (fo=1, routed)           0.450    28.730    y_reg[15]_i_362_n_4
    SLICE_X46Y55         CARRY4 (Prop_carry4_S[1]_O[1])
                                                      0.536    29.266 r  y_reg[15]_i_352/O[1]
                         net (fo=1, routed)           0.641    29.906    y_reg[15]_i_352_n_6
    SLICE_X46Y52         CARRY4 (Prop_carry4_S[0]_O[0])
                                                      0.558    30.464 r  y_reg[15]_i_341/O[0]
                         net (fo=1, routed)           0.457    30.921    y_reg[15]_i_341_n_7
    SLICE_X43Y53         LUT2 (Prop_lut2_I1_O)        0.295    31.216 r  y[15]_i_342/O
                         net (fo=1, routed)           0.000    31.216    y[15]_i_342_n_0
    SLICE_X43Y53         CARRY4 (Prop_carry4_S[0]_O[0])
                                                      0.247    31.463 r  y_reg[15]_i_329/O[0]
                         net (fo=1, routed)           0.609    32.072    y_reg[15]_i_329_n_7
    SLICE_X42Y54         LUT2 (Prop_lut2_I1_O)        0.299    32.371 r  y[15]_i_330/O
                         net (fo=1, routed)           0.000    32.371    y[15]_i_330_n_0
    SLICE_X42Y54         CARRY4 (Prop_carry4_S[0]_O[0])
                                                      0.252    32.623 r  y_reg[15]_i_305/O[0]
                         net (fo=1, routed)           0.537    33.160    y_reg[15]_i_305_n_7
    SLICE_X41Y55         LUT2 (Prop_lut2_I1_O)        0.295    33.455 r  y[15]_i_307/O
                         net (fo=1, routed)           0.000    33.455    y[15]_i_307_n_0
    SLICE_X41Y55         CARRY4 (Prop_carry4_S[0]_O[0])
                                                      0.247    33.702 r  y_reg[15]_i_289/O[0]
                         net (fo=1, routed)           0.354    34.056    y_reg[15]_i_289_n_7
    SLICE_X40Y55         LUT2 (Prop_lut2_I1_O)        0.299    34.355 r  y[15]_i_296/O
                         net (fo=1, routed)           0.000    34.355    y[15]_i_296_n_0
    SLICE_X40Y55         CARRY4 (Prop_carry4_S[3]_O[3])
                                                      0.248    34.603 r  y_reg[15]_i_287/O[3]
                         net (fo=1, routed)           0.430    35.034    y_reg[15]_i_287_n_4
    SLICE_X39Y56         LUT2 (Prop_lut2_I1_O)        0.306    35.340 r  y[15]_i_270/O
                         net (fo=1, routed)           0.000    35.340    y[15]_i_270_n_0
    SLICE_X39Y56         CARRY4 (Prop_carry4_S[0]_O[0])
                                                      0.247    35.587 r  y_reg[15]_i_252/O[0]
                         net (fo=1, routed)           0.429    36.015    y_reg[15]_i_252_n_7
    SLICE_X38Y56         LUT2 (Prop_lut2_I1_O)        0.299    36.314 r  y[15]_i_253/O
                         net (fo=1, routed)           0.000    36.314    y[15]_i_253_n_0
    SLICE_X38Y56         CARRY4 (Prop_carry4_S[0]_O[0])
                                                      0.252    36.566 r  y_reg[15]_i_234/O[0]
                         net (fo=1, routed)           0.425    36.992    y_reg[15]_i_234_n_7
    SLICE_X37Y57         CARRY4 (Prop_carry4_S[2]_O[2])
                                                      0.543    37.535 r  y_reg[15]_i_204/O[2]
                         net (fo=1, routed)           0.585    38.120    y_reg[15]_i_204_n_5
    SLICE_X37Y53         CARRY4 (Prop_carry4_S[3]_O[3])
                                                      0.550    38.670 r  y_reg[15]_i_202/O[3]
                         net (fo=1, routed)           0.560    39.230    y_reg[15]_i_202_n_4
    SLICE_X36Y55         LUT2 (Prop_lut2_I1_O)        0.306    39.536 r  y[15]_i_167/O
                         net (fo=1, routed)           0.000    39.536    y[15]_i_167_n_0
    SLICE_X36Y55         CARRY4 (Prop_carry4_S[0]_O[0])
                                                      0.252    39.788 r  y_reg[15]_i_130/O[0]
                         net (fo=1, routed)           0.458    40.245    y_reg[15]_i_130_n_7
    SLICE_X35Y54         LUT2 (Prop_lut2_I1_O)        0.295    40.540 r  y[15]_i_156/O
                         net (fo=1, routed)           0.000    40.540    y[15]_i_156_n_0
    SLICE_X35Y54         CARRY4 (Prop_carry4_S[3]_O[3])
                                                      0.248    40.788 r  y_reg[15]_i_128/O[3]
                         net (fo=1, routed)           0.430    41.218    y_reg[15]_i_128_n_4
    SLICE_X34Y54         LUT2 (Prop_lut2_I1_O)        0.306    41.524 r  y[15]_i_120/O
                         net (fo=1, routed)           0.000    41.524    y[15]_i_120_n_0
    SLICE_X34Y54         CARRY4 (Prop_carry4_S[3]_O[3])
                                                      0.255    41.779 r  y_reg[15]_i_94/O[3]
                         net (fo=1, routed)           0.455    42.234    y_reg[15]_i_94_n_4
    SLICE_X32Y55         LUT2 (Prop_lut2_I1_O)        0.307    42.541 r  y[15]_i_91/O
                         net (fo=1, routed)           0.000    42.541    y[15]_i_91_n_0
    SLICE_X32Y55         CARRY4 (Prop_carry4_S[2]_O[2])
                                                      0.250    42.791 r  y_reg[15]_i_71/O[2]
                         net (fo=1, routed)           0.602    43.393    y_reg[15]_i_71_n_5
    SLICE_X32Y51         LUT2 (Prop_lut2_I1_O)        0.301    43.694 r  y[15]_i_65/O
                         net (fo=1, routed)           0.000    43.694    y[15]_i_65_n_0
    SLICE_X32Y51         CARRY4 (Prop_carry4_S[3]_O[3])
                                                      0.255    43.949 r  y_reg[15]_i_46/O[3]
                         net (fo=1, routed)           0.439    44.388    acc__0[12]
    SLICE_X33Y52         LUT2 (Prop_lut2_I1_O)        0.307    44.695 r  y[15]_i_24/O
                         net (fo=1, routed)           0.000    44.695    y[15]_i_24_n_0
    SLICE_X33Y52         CARRY4 (Prop_carry4_S[0]_O[0])
                                                      0.247    44.942 r  y_reg[15]_i_10/O[0]
                         net (fo=1, routed)           0.691    45.633    y_reg[15]_i_10_n_7
    SLICE_X33Y55         LUT2 (Prop_lut2_I1_O)        0.299    45.932 r  y[15]_i_13/O
                         net (fo=1, routed)           0.000    45.932    y[15]_i_13_n_0
    SLICE_X33Y55         CARRY4 (Prop_carry4_S[3]_O[3])
                                                      0.248    46.180 r  y_reg[15]_i_8/O[3]
                         net (fo=1, routed)           0.752    46.932    y_reg[15]_i_8_n_4
    SLICE_X33Y61         LUT2 (Prop_lut2_I1_O)        0.306    47.238 r  y[15]_i_7/O
                         net (fo=1, routed)           0.000    47.238    y[15]_i_7_n_0
    SLICE_X33Y61         CARRY4 (Prop_carry4_S[0]_O[0])
                                                      0.247    47.485 r  y_reg[15]_i_3/O[0]
                         net (fo=1, routed)           0.472    47.957    p_0_in[12]
    SLICE_X34Y61         CARRY4 (Prop_carry4_S[0]_O[1])
                                                      0.726    48.683 r  y_reg[15]_i_2/O[1]
                         net (fo=1, routed)           0.000    48.683    acc[13]
    SLICE_X34Y61         FDRE                                         r  y_reg[13]/D
  -------------------------------------------------------------------    -------------------

                         (clock vclk rise edge)      47.291    47.291 r  <hidden>
                                                      0.000    47.291 r  clk
                         net (fo=351, unset)          0.924    48.215    clk
    SLICE_X34Y61         FDRE                                         r  y_reg[13]/C
                         clock pessimism              0.000    48.215    <hidden>
                         clock uncertainty           -0.035    48.180    <hidden>
    SLICE_X34Y61         FDRE (Setup_fdre_C_D)        0.109    48.289    y_reg[13]
  -------------------------------------------------------------------
                         required time                         48.289    <hidden>
                         arrival time                         -48.683    <hidden>
  -------------------------------------------------------------------
                         slack                                 -0.394    <hidden>

Slack (VIOLATED) :        -0.219ns  (required time - arrival time)
  Source:                 d41_reg[2]/C
                            (rising edge-triggered cell FDRE clocked by vclk  {rise@0.000ns fall@23.646ns period=47.291ns})
  Destination:            y_reg[12]/D
                            (rising edge-triggered cell FDRE clocked by vclk  {rise@0.000ns fall@23.646ns period=47.291ns})
  Path Group:             vclk
  Path Type:              Setup (Max at Slow Process Corner)
  Requirement:            47.291ns  (vclk rise@47.291ns - vclk rise@0.000ns)
  Data Path Delay:        47.535ns  (logic 26.111ns (54.930%)  route 21.424ns (45.070%))
  Logic Levels:           79  (CARRY4=46 LUT2=33)
  Clock Path Skew:        -0.049ns (DCD - SCD + CPR)
    Destination Clock Delay (DCD):    0.924ns = ( 48.215 - 47.291 ) 
    Source Clock Delay      (SCD):    0.973ns
    Clock Pessimism Removal (CPR):    0.000ns
  Clock Uncertainty:      0.035ns  ((TSJ^2 + TIJ^2)^1/2 + DJ) / 2 + PE
    Total System Jitter     (TSJ):    0.071ns
    Total Input Jitter      (TIJ):    0.000ns
    Discrete Jitter          (DJ):    0.000ns
    Phase Error              (PE):    0.000ns

    Location             Delay type                Incr(ns)  Path(ns)    Netlist Resource(s)
  -------------------------------------------------------------------    -------------------
                         (clock vclk rise edge)       0.000     0.000 r  <hidden>
                                                      0.000     0.000 r  clk
                         net (fo=351, unset)          0.973     0.973    clk
    SLICE_X45Y58         FDRE                                         r  d41_reg[2]/C
  -------------------------------------------------------------------    -------------------
    SLICE_X45Y58         FDRE (Prop_fdre_C_Q)         0.456     1.429 r  d41_reg[2]/Q
                         net (fo=2, routed)           0.419     1.848    d41[2]
    SLICE_X46Y59         CARRY4 (Prop_carry4_S[0]_O[0])
                                                      0.376     2.224 r  y_reg[7]_i_771/O[0]
                         net (fo=2, routed)           0.561     2.785    acc0[2]
    SLICE_X47Y61         LUT2 (Prop_lut2_I0_O)        0.295     3.080 r  y[7]_i_775/O
                         net (fo=1, routed)           0.000     3.080    y[7]_i_775_n_0
    SLICE_X47Y61         CARRY4 (Prop_carry4_S[0]_O[0])
                                                      0.247     3.327 r  y_reg[7]_i_755/O[0]
                         net (fo=1, routed)           0.596     3.923    y_reg[7]_i_755_n_7
    SLICE_X48Y61         LUT2 (Prop_lut2_I1_O)        0.299     4.222 r  y[7]_i_739/O
                         net (fo=1, routed)           0.000     4.222    y[7]_i_739_n_0
    SLICE_X48Y61         CARRY4 (Prop_carry4_S[0]_O[0])
                                                      0.247     4.469 r  y_reg[7]_i_721/O[0]
                         net (fo=1, routed)           0.712     5.181    y_reg[7]_i_721_n_7
    SLICE_X48Y57         LUT2 (Prop_lut2_I1_O)        0.299     5.480 r  y[7]_i_698/O
                         net (fo=1, routed)           0.000     5.480    y[7]_i_698_n_0
    SLICE_X48Y57         CARRY4 (Prop_carry4_S[0]_O[0])
                                                      0.247     5.727 r  y_reg[7]_i_675/O[0]
                         net (fo=1, routed)           0.585     6.312    y_reg[7]_i_675_n_7
    SLICE_X47Y57         LUT2 (Prop_lut2_I1_O)        0.299     6.611 r  y[7]_i_639/O
                         net (fo=1, routed)           0.000     6.611    y[7]_i_639_n_0
    SLICE_X47Y57         CARRY4 (Prop_carry4_S[1]_O[2])
                                                      0.580     7.191 r  y_reg[7]_i_612/O[2]
                         net (fo=1, routed)           0.454     7.646    y_reg[7]_i_612_n_5
    SLICE_X43Y58         LUT2 (Prop_lut2_I1_O)        0.302     7.948 r  y[7]_i_570/O
                         net (fo=1, routed)           0.000     7.948    y[7]_i_570_n_0
    SLICE_X43Y58         CARRY4 (Prop_carry4_S[3]_CO[3])
                                                      0.401     8.349 r  y_reg[7]_i_539/CO[3]
                         net (fo=1, routed)           0.000     8.349    y_reg[7]_i_539_n_0
    SLICE_X43Y59         CARRY4 (Prop_carry4_CI_O[0])
                                                      0.222     8.571 r  y_reg[7]_i_667/O[0]
                         net (fo=1, routed)           0.310     8.880    y_reg[7]_i_667_n_7
    SLICE_X42Y60         LUT2 (Prop_lut2_I1_O)        0.299     9.179 r  y[7]_i_634/O
                         net (fo=1, routed)           0.000     9.179    y[7]_i_634_n_0
    SLICE_X42Y60         CARRY4 (Prop_carry4_S[0]_O[0])
                                                      0.252     9.431 r  y_reg[7]_i_602/O[0]
                         net (fo=1, routed)           0.439     9.870    y_reg[7]_i_602_n_7
    SLICE_X40Y59         LUT2 (Prop_lut2_I1_O)        0.295    10.165 r  y[7]_i_563/O
                         net (fo=1, routed)           0.000    10.165    y[7]_i_563_n_0
    SLICE_X40Y59         CARRY4 (Prop_carry4_S[3]_CO[3])
                                                      0.401    10.566 r  y_reg[7]_i_528/CO[3]
                         net (fo=1, routed)           0.000    10.566    y_reg[7]_i_528_n_0
    SLICE_X40Y60         CARRY4 (Prop_carry4_CI_O[0])
                                                      0.222    10.788 r  y_reg[7]_i_590/O[0]
                         net (fo=1, routed)           0.603    11.391    y_reg[7]_i_590_n_7
    SLICE_X39Y60         LUT2 (Prop_lut2_I1_O)        0.299    11.690 r  y[7]_i_560/O
                         net (fo=1, routed)           0.000    11.690    y[7]_i_560_n_0
    SLICE_X39Y60         CARRY4 (Prop_carry4_S[0]_O[0])
                                                      0.247    11.937 r  y_reg[7]_i_517/O[0]
                         net (fo=1, routed)           0.307    12.244    y_reg[7]_i_517_n_7
    SLICE_X38Y61         LUT2 (Prop_lut2_I1_O)        0.299    12.543 r  y[7]_i_475/O
                         net (fo=1, routed)           0.000    12.543    y[7]_i_475_n_0
    SLICE_X38Y61         CARRY4 (Prop_carry4_S[1]_O[2])
                                                      0.578    13.121 r  y_reg[7]_i_450/O[2]
                         net (fo=1, routed)           0.416    13.536    y_reg[7]_i_450_n_5
    SLICE_X37Y60         LUT2 (Prop_lut2_I1_O)        0.301    13.837 r  y[7]_i_554/O
                         net (fo=1, routed)           0.000    13.837    y[7]_i_554_n_0
    SLICE_X37Y60         CARRY4 (Prop_carry4_S[1]_O[2])
                                                      0.580    14.417 r  y_reg[7]_i_513/O[2]
                         net (fo=1, routed)           0.505    14.922    y_reg[7]_i_513_n_5
    SLICE_X36Y60         LUT2 (Prop_lut2_I1_O)        0.302    15.224 r  y[7]_i_468/O
                         net (fo=1, routed)           0.000    15.224    y[7]_i_468_n_0
    SLICE_X36Y60         CARRY4 (Prop_carry4_S[3]_CO[3])
                                                      0.376    15.600 r  y_reg[7]_i_446/CO[3]
                         net (fo=1, routed)           0.000    15.600    y_reg[7]_i_446_n_0
    SLICE_X36Y61         CARRY4 (Prop_carry4_CI_O[0])
                                                      0.219    15.819 r  y_reg[7]_i_501/O[0]
                         net (fo=1, routed)           0.697    16.517    y_reg[7]_i_501_n_7
    SLICE_X35Y63         LUT2 (Prop_lut2_I1_O)        0.295    16.812 r  y[7]_i_465/O
                         net (fo=1, routed)           0.000    16.812    y[7]_i_465_n_0
    SLICE_X35Y63         CARRY4 (Prop_carry4_S[0]_O[0])
                                                      0.247    17.059 r  y_reg[7]_i_438/O[0]
                         net (fo=1, routed)           0.762    17.821    y_reg[7]_i_438_n_7
    SLICE_X44Y64         LUT2 (Prop_lut2_I1_O)        0.299    18.120 r  y[7]_i_411/O
                         net (fo=1, routed)           0.000    18.120    y[7]_i_411_n_0
    SLICE_X44Y64         CARRY4 (Prop_carry4_S[2]_O[2])
                                                      0.248    18.368 r  y_reg[7]_i_385/O[2]
                         net (fo=1, routed)           0.449    18.817    y_reg[7]_i_385_n_5
    SLICE_X46Y63         LUT2 (Prop_lut2_I1_O)        0.302    19.119 r  y[7]_i_346/O
                         net (fo=1, routed)           0.000    19.119    y[7]_i_346_n_0
    SLICE_X46Y63         CARRY4 (Prop_carry4_S[3]_CO[3])
                                                      0.376    19.495 r  y_reg[7]_i_314/CO[3]
                         net (fo=1, routed)           0.000    19.495    y_reg[7]_i_314_n_0
    SLICE_X46Y64         CARRY4 (Prop_carry4_CI_O[0])
                                                      0.219    19.714 r  y_reg[7]_i_376/O[0]
                         net (fo=1, routed)           0.568    20.282    y_reg[7]_i_376_n_7
    SLICE_X45Y61         LUT2 (Prop_lut2_I1_O)        0.295    20.577 r  y[7]_i_342/O
                         net (fo=1, routed)           0.000    20.577    y[7]_i_342_n_0
    SLICE_X45Y61         CARRY4 (Prop_carry4_S[2]_O[2])
                                                      0.248    20.825 r  y_reg[7]_i_306/O[2]
                         net (fo=1, routed)           0.554    21.378    y_reg[7]_i_306_n_5
    SLICE_X45Y58         LUT2 (Prop_lut2_I1_O)        0.302    21.680 r  y[15]_i_440/O
                         net (fo=1, routed)           0.000    21.680    y[15]_i_440_n_0
    SLICE_X45Y58         CARRY4 (Prop_carry4_S[1]_O[2])
                                                      0.580    22.260 r  y_reg[15]_i_426/O[2]
                         net (fo=1, routed)           0.509    22.769    y_reg[15]_i_426_n_5
    SLICE_X44Y58         LUT2 (Prop_lut2_I1_O)        0.302    23.071 r  y[15]_i_427/O
                         net (fo=1, routed)           0.000    23.071    y[15]_i_427_n_0
    SLICE_X44Y58         CARRY4 (Prop_carry4_S[0]_O[1])
                                                      0.424    23.495 r  y_reg[15]_i_415/O[1]
                         net (fo=1, routed)           0.575    24.070    y_reg[15]_i_415_n_6
    SLICE_X43Y56         LUT2 (Prop_lut2_I1_O)        0.303    24.373 r  y[15]_i_417/O
                         net (fo=1, routed)           0.000    24.373    y[15]_i_417_n_0
    SLICE_X43Y56         CARRY4 (Prop_carry4_S[3]_CO[3])
                                                      0.401    24.774 r  y_reg[15]_i_411/CO[3]
                         net (fo=1, routed)           0.000    24.774    y_reg[15]_i_411_n_0
    SLICE_X43Y57         CARRY4 (Prop_carry4_CI_O[0])
                                                      0.222    24.996 r  y_reg[15]_i_402/O[0]
                         net (fo=1, routed)           0.596    25.592    y_reg[15]_i_402_n_7
    SLICE_X44Y54         CARRY4 (Prop_carry4_S[3]_O[3])
                                                      0.547    26.139 r  y_reg[15]_i_401/O[3]
                         net (fo=1, routed)           0.585    26.724    y_reg[15]_i_401_n_4
    SLICE_X45Y54         LUT2 (Prop_lut2_I1_O)        0.306    27.030 r  y[15]_i_394/O
                         net (fo=1, routed)           0.000    27.030    y[15]_i_394_n_0
    SLICE_X45Y54         CARRY4 (Prop_carry4_S[3]_O[3])
                                                      0.248    27.278 r  y_reg[15]_i_383/O[3]
                         net (fo=1, routed)           0.448    27.726    y_reg[15]_i_383_n_4
    SLICE_X47Y54         CARRY4 (Prop_carry4_S[3]_O[3])
                                                      0.554    28.280 r  y_reg[15]_i_362/O[3]
                         net (fo=1, routed)           0.450    28.730    y_reg[15]_i_362_n_4
    SLICE_X46Y55         CARRY4 (Prop_carry4_S[1]_O[1])
                                                      0.536    29.266 r  y_reg[15]_i_352/O[1]
                         net (fo=1, routed)           0.641    29.906    y_reg[15]_i_352_n_6
    SLICE_X46Y52         CARRY4 (Prop_carry4_S[0]_O[0])
                                                      0.558    30.464 r  y_reg[15]_i_341/O[0]
                         net (fo=1, routed)           0.457    30.921    y_reg[15]_i_341_n_7
    SLICE_X43Y53         LUT2 (Prop_lut2_I1_O)        0.295    31.216 r  y[15]_i_342/O
                         net (fo=1, routed)           0.000    31.216    y[15]_i_342_n_0
    SLICE_X43Y53         CARRY4 (Prop_carry4_S[0]_O[0])
                                                      0.247    31.463 r  y_reg[15]_i_329/O[0]
                         net (fo=1, routed)           0.609    32.072    y_reg[15]_i_329_n_7
    SLICE_X42Y54         LUT2 (Prop_lut2_I1_O)        0.299    32.371 r  y[15]_i_330/O
                         net (fo=1, routed)           0.000    32.371    y[15]_i_330_n_0
    SLICE_X42Y54         CARRY4 (Prop_carry4_S[0]_O[0])
                                                      0.252    32.623 r  y_reg[15]_i_305/O[0]
                         net (fo=1, routed)           0.537    33.160    y_reg[15]_i_305_n_7
    SLICE_X41Y55         LUT2 (Prop_lut2_I1_O)        0.295    33.455 r  y[15]_i_307/O
                         net (fo=1, routed)           0.000    33.455    y[15]_i_307_n_0
    SLICE_X41Y55         CARRY4 (Prop_carry4_S[0]_O[0])
                                                      0.247    33.702 r  y_reg[15]_i_289/O[0]
                         net (fo=1, routed)           0.354    34.056    y_reg[15]_i_289_n_7
    SLICE_X40Y55         LUT2 (Prop_lut2_I1_O)        0.299    34.355 r  y[15]_i_296/O
                         net (fo=1, routed)           0.000    34.355    y[15]_i_296_n_0
    SLICE_X40Y55         CARRY4 (Prop_carry4_S[3]_O[3])
                                                      0.248    34.603 r  y_reg[15]_i_287/O[3]
                         net (fo=1, routed)           0.430    35.034    y_reg[15]_i_287_n_4
    SLICE_X39Y56         LUT2 (Prop_lut2_I1_O)        0.306    35.340 r  y[15]_i_270/O
                         net (fo=1, routed)           0.000    35.340    y[15]_i_270_n_0
    SLICE_X39Y56         CARRY4 (Prop_carry4_S[0]_O[0])
                                                      0.247    35.587 r  y_reg[15]_i_252/O[0]
                         net (fo=1, routed)           0.429    36.015    y_reg[15]_i_252_n_7
    SLICE_X38Y56         LUT2 (Prop_lut2_I1_O)        0.299    36.314 r  y[15]_i_253/O
                         net (fo=1, routed)           0.000    36.314    y[15]_i_253_n_0
    SLICE_X38Y56         CARRY4 (Prop_carry4_S[0]_O[0])
                                                      0.252    36.566 r  y_reg[15]_i_234/O[0]
                         net (fo=1, routed)           0.425    36.992    y_reg[15]_i_234_n_7
    SLICE_X37Y57         CARRY4 (Prop_carry4_S[2]_O[2])
                                                      0.543    37.535 r  y_reg[15]_i_204/O[2]
                         net (fo=1, routed)           0.585    38.120    y_reg[15]_i_204_n_5
    SLICE_X37Y53         CARRY4 (Prop_carry4_S[3]_O[3])
                                                      0.550    38.670 r  y_reg[15]_i_202/O[3]
                         net (fo=1, routed)           0.560    39.230    y_reg[15]_i_202_n_4
    SLICE_X36Y55         LUT2 (Prop_lut2_I1_O)        0.306    39.536 r  y[15]_i_167/O
                         net (fo=1, routed)           0.000    39.536    y[15]_i_167_n_0
    SLICE_X36Y55         CARRY4 (Prop_carry4_S[0]_O[0])
                                                      0.252    39.788 r  y_reg[15]_i_130/O[0]
                         net (fo=1, routed)           0.458    40.245    y_reg[15]_i_130_n_7
    SLICE_X35Y54         LUT2 (Prop_lut2_I1_O)        0.295    40.540 r  y[15]_i_156/O
                         net (fo=1, routed)           0.000    40.540    y[15]_i_156_n_0
    SLICE_X35Y54         CARRY4 (Prop_carry4_S[3]_O[3])
                                                      0.248    40.788 r  y_reg[15]_i_128/O[3]
                         net (fo=1, routed)           0.430    41.218    y_reg[15]_i_128_n_4
    SLICE_X34Y54         LUT2 (Prop_lut2_I1_O)        0.306    41.524 r  y[15]_i_120/O
                         net (fo=1, routed)           0.000    41.524    y[15]_i_120_n_0
    SLICE_X34Y54         CARRY4 (Prop_carry4_S[3]_O[3])
                                                      0.255    41.779 r  y_reg[15]_i_94/O[3]
                         net (fo=1, routed)           0.455    42.234    y_reg[15]_i_94_n_4
    SLICE_X32Y55         LUT2 (Prop_lut2_I1_O)        0.307    42.541 r  y[15]_i_91/O
                         net (fo=1, routed)           0.000    42.541    y[15]_i_91_n_0
    SLICE_X32Y55         CARRY4 (Prop_carry4_S[2]_O[2])
                                                      0.250    42.791 r  y_reg[15]_i_71/O[2]
                         net (fo=1, routed)           0.602    43.393    y_reg[15]_i_71_n_5
    SLICE_X32Y51         LUT2 (Prop_lut2_I1_O)        0.301    43.694 r  y[15]_i_65/O
                         net (fo=1, routed)           0.000    43.694    y[15]_i_65_n_0
    SLICE_X32Y51         CARRY4 (Prop_carry4_S[3]_O[3])
                                                      0.255    43.949 r  y_reg[15]_i_46/O[3]
                         net (fo=1, routed)           0.439    44.388    acc__0[12]
    SLICE_X33Y52         LUT2 (Prop_lut2_I1_O)        0.307    44.695 r  y[15]_i_24/O
                         net (fo=1, routed)           0.000    44.695    y[15]_i_24_n_0
    SLICE_X33Y52         CARRY4 (Prop_carry4_S[0]_O[0])
                                                      0.247    44.942 r  y_reg[15]_i_10/O[0]
                         net (fo=1, routed)           0.691    45.633    y_reg[15]_i_10_n_7
    SLICE_X33Y55         LUT2 (Prop_lut2_I1_O)        0.299    45.932 r  y[15]_i_13/O
                         net (fo=1, routed)           0.000    45.932    y[15]_i_13_n_0
    SLICE_X33Y55         CARRY4 (Prop_carry4_S[3]_O[3])
                                                      0.248    46.180 r  y_reg[15]_i_8/O[3]
                         net (fo=1, routed)           0.752    46.932    y_reg[15]_i_8_n_4
    SLICE_X33Y61         LUT2 (Prop_lut2_I1_O)        0.306    47.238 r  y[15]_i_7/O
                         net (fo=1, routed)           0.000    47.238    y[15]_i_7_n_0
    SLICE_X33Y61         CARRY4 (Prop_carry4_S[0]_O[0])
                                                      0.247    47.485 r  y_reg[15]_i_3/O[0]
                         net (fo=1, routed)           0.472    47.957    p_0_in[12]
    SLICE_X34Y61         CARRY4 (Prop_carry4_S[0]_O[0])
                                                      0.551    48.508 r  y_reg[15]_i_2/O[0]
                         net (fo=1, routed)           0.000    48.508    acc[12]
    SLICE_X34Y61         FDRE                                         r  y_reg[12]/D
  -------------------------------------------------------------------    -------------------

                         (clock vclk rise edge)      47.291    47.291 r  <hidden>
                                                      0.000    47.291 r  clk
                         net (fo=351, unset)          0.924    48.215    clk
    SLICE_X34Y61         FDRE                                         r  y_reg[12]/C
                         clock pessimism              0.000    48.215    <hidden>
                         clock uncertainty           -0.035    48.180    <hidden>
    SLICE_X34Y61         FDRE (Setup_fdre_C_D)        0.109    48.289    y_reg[12]
  -------------------------------------------------------------------
                         required time                         48.289    <hidden>
                         arrival time                         -48.508    <hidden>
  -------------------------------------------------------------------
                         slack                                 -0.219    <hidden>

Slack (MET) :             0.667ns  (required time - arrival time)
  Source:                 d41_reg[2]/C
                            (rising edge-triggered cell FDRE clocked by vclk  {rise@0.000ns fall@23.646ns period=47.291ns})
  Destination:            y_reg[11]/D
                            (rising edge-triggered cell FDRE clocked by vclk  {rise@0.000ns fall@23.646ns period=47.291ns})
  Path Group:             vclk
  Path Type:              Setup (Max at Slow Process Corner)
  Requirement:            47.291ns  (vclk rise@47.291ns - vclk rise@0.000ns)
  Data Path Delay:        46.649ns  (logic 25.713ns (55.120%)  route 20.936ns (44.880%))
  Logic Levels:           85  (CARRY4=46 LUT2=39)
  Clock Path Skew:        -0.049ns (DCD - SCD + CPR)
    Destination Clock Delay (DCD):    0.924ns = ( 48.215 - 47.291 ) 
    Source Clock Delay      (SCD):    0.973ns
    Clock Pessimism Removal (CPR):    0.000ns
  Clock Uncertainty:      0.035ns  ((TSJ^2 + TIJ^2)^1/2 + DJ) / 2 + PE
    Total System Jitter     (TSJ):    0.071ns
    Total Input Jitter      (TIJ):    0.000ns
    Discrete Jitter          (DJ):    0.000ns
    Phase Error              (PE):    0.000ns

    Location             Delay type                Incr(ns)  Path(ns)    Netlist Resource(s)
  -------------------------------------------------------------------    -------------------
                         (clock vclk rise edge)       0.000     0.000 r  <hidden>
                                                      0.000     0.000 r  clk
                         net (fo=351, unset)          0.973     0.973    clk
    SLICE_X45Y58         FDRE                                         r  d41_reg[2]/C
  -------------------------------------------------------------------    -------------------
    SLICE_X45Y58         FDRE (Prop_fdre_C_Q)         0.456     1.429 r  d41_reg[2]/Q
                         net (fo=2, routed)           0.419     1.848    d41[2]
    SLICE_X46Y59         CARRY4 (Prop_carry4_S[0]_O[0])
                                                      0.376     2.224 r  y_reg[7]_i_771/O[0]
                         net (fo=2, routed)           0.561     2.785    acc0[2]
    SLICE_X47Y61         LUT2 (Prop_lut2_I0_O)        0.295     3.080 r  y[7]_i_775/O
                         net (fo=1, routed)           0.000     3.080    y[7]_i_775_n_0
    SLICE_X47Y61         CARRY4 (Prop_carry4_S[0]_O[0])
                                                      0.247     3.327 r  y_reg[7]_i_755/O[0]
                         net (fo=1, routed)           0.596     3.923    y_reg[7]_i_755_n_7
    SLICE_X48Y61         LUT2 (Prop_lut2_I1_O)        0.299     4.222 r  y[7]_i_739/O
                         net (fo=1, routed)           0.000     4.222    y[7]_i_739_n_0
    SLICE_X48Y61         CARRY4 (Prop_carry4_S[0]_O[0])
                                                      0.247     4.469 r  y_reg[7]_i_721/O[0]
                         net (fo=1, routed)           0.712     5.181    y_reg[7]_i_721_n_7
    SLICE_X48Y57         LUT2 (Prop_lut2_I1_O)        0.299     5.480 r  y[7]_i_698/O
                         net (fo=1, routed)           0.000     5.480    y[7]_i_698_n_0
    SLICE_X48Y57         CARRY4 (Prop_carry4_S[0]_O[0])
                                                      0.247     5.727 r  y_reg[7]_i_675/O[0]
                         net (fo=1, routed)           0.585     6.312    y_reg[7]_i_675_n_7
    SLICE_X47Y57         LUT2 (Prop_lut2_I1_O)        0.299     6.611 r  y[7]_i_639/O
                         net (fo=1, routed)           0.000     6.611    y[7]_i_639_n_0
    SLICE_X47Y57         CARRY4 (Prop_carry4_S[1]_O[2])
                                                      0.580     7.191 r  y_reg[7]_i_612/O[2]
                         net (fo=1, routed)           0.454     7.646    y_reg[7]_i_612_n_5
    SLICE_X43Y58         LUT2 (Prop_lut2_I1_O)        0.302     7.948 r  y[7]_i_570/O
                         net (fo=1, routed)           0.000     7.948    y[7]_i_570_n_0
    SLICE_X43Y58         CARRY4 (Prop_carry4_S[3]_CO[3])
                                                      0.401     8.349 r  y_reg[7]_i_539/CO[3]
                         net (fo=1, routed)           0.000     8.349    y_reg[7]_i_539_n_0
    SLICE_X43Y59         CARRY4 (Prop_carry4_CI_O[0])
                                                      0.222     8.571 r  y_reg[7]_i_667/O[0]
                         net (fo=1, routed)           0.310     8.880    y_reg[7]_i_667_n_7
    SLICE_X42Y60         LUT2 (Prop_lut2_I1_O)        0.299     9.179 r  y[7]_i_634/O
                         net (fo=1, routed)           0.000     9.179    y[7]_i_634_n_0
    SLICE_X42Y60         CARRY4 (Prop_carry4_S[0]_O[0])
                                                      0.252     9.431 r  y_reg[7]_i_602/O[0]
                         net (fo=1, routed)           0.439     9.870    y_reg[7]_i_602_n_7
    SLICE_X40Y59         LUT2 (Prop_lut2_I1_O)        0.295    10.165 r  y[7]_i_563/O
                         net (fo=1, routed)           0.000    10.165    y[7]_i_563_n_0
    SLICE_X40Y59         CARRY4 (Prop_carry4_S[3]_O[3])
                                                      0.248    10.413 r  y_reg[7]_i_528/O[3]
                         net (fo=1, routed)           0.458    10.871    y_reg[7]_i_528_n_4
    SLICE_X39Y59         LUT2 (Prop_lut2_I1_O)        0.306    11.177 r  y[7]_i_479/O
                         net (fo=1, routed)           0.000    11.177    y[7]_i_479_n_0
    SLICE_X39Y59         CARRY4 (Prop_carry4_S[3]_O[3])
                                                      0.248    11.425 r  y_reg[7]_i_454/O[3]
                         net (fo=1, routed)           0.560    11.986    y_reg[7]_i_454_n_4
    SLICE_X38Y61         LUT2 (Prop_lut2_I1_O)        0.306    12.292 r  y[7]_i_476/O
                         net (fo=1, routed)           0.000    12.292    y[7]_i_476_n_0
    SLICE_X38Y61         CARRY4 (Prop_carry4_S[0]_O[0])
                                                      0.252    12.544 r  y_reg[7]_i_450/O[0]
                         net (fo=1, routed)           0.432    12.976    y_reg[7]_i_450_n_7
    SLICE_X37Y59         LUT2 (Prop_lut2_I1_O)        0.295    13.271 r  y[7]_i_420/O
                         net (fo=1, routed)           0.000    13.271    y[7]_i_420_n_0
    SLICE_X37Y59         CARRY4 (Prop_carry4_S[3]_O[3])
                                                      0.248    13.519 r  y_reg[7]_i_401/O[3]
                         net (fo=1, routed)           0.419    13.937    y_reg[7]_i_401_n_4
    SLICE_X36Y60         LUT2 (Prop_lut2_I1_O)        0.306    14.243 r  y[7]_i_471/O
                         net (fo=1, routed)           0.000    14.243    y[7]_i_471_n_0
    SLICE_X36Y60         CARRY4 (Prop_carry4_S[0]_O[0])
                                                      0.252    14.495 r  y_reg[7]_i_446/O[0]
                         net (fo=1, routed)           0.592    15.087    y_reg[7]_i_446_n_7
    SLICE_X35Y62         LUT2 (Prop_lut2_I1_O)        0.295    15.382 r  y[7]_i_418/O
                         net (fo=1, routed)           0.000    15.382    y[7]_i_418_n_0
    SLICE_X35Y62         CARRY4 (Prop_carry4_S[0]_O[0])
                                                      0.247    15.629 r  y_reg[7]_i_393/O[0]
                         net (fo=1, routed)           0.762    16.391    y_reg[7]_i_393_n_7
    SLICE_X44Y63         LUT2 (Prop_lut2_I1_O)        0.299    16.690 r  y[7]_i_353/O
                         net (fo=1, routed)           0.000    16.690    y[7]_i_353_n_0
    SLICE_X44Y63         CARRY4 (Prop_carry4_S[2]_O[2])
                                                      0.248    16.938 r  y_reg[7]_i_325/O[2]
                         net (fo=1, routed)           0.449    17.387    y_reg[7]_i_325_n_5
    SLICE_X46Y62         LUT2 (Prop_lut2_I1_O)        0.302    17.689 r  y[7]_i_287/O
                         net (fo=1, routed)           0.000    17.689    y[7]_i_287_n_0
    SLICE_X46Y62         CARRY4 (Prop_carry4_S[3]_CO[3])
                                                      0.376    18.065 r  y_reg[7]_i_265/CO[3]
                         net (fo=1, routed)           0.000    18.065    y_reg[7]_i_265_n_0
    SLICE_X46Y63         CARRY4 (Prop_carry4_CI_O[1])
                                                      0.323    18.388 r  y_reg[7]_i_314/O[1]
                         net (fo=1, routed)           0.555    18.943    y_reg[7]_i_314_n_6
    SLICE_X45Y60         LUT2 (Prop_lut2_I1_O)        0.306    19.249 r  y[7]_i_281/O
                         net (fo=1, routed)           0.000    19.249    y[7]_i_281_n_0
    SLICE_X45Y60         CARRY4 (Prop_carry4_S[3]_CO[3])
                                                      0.401    19.650 r  y_reg[7]_i_264/CO[3]
                         net (fo=1, routed)           0.000    19.650    y_reg[7]_i_264_n_0
    SLICE_X45Y61         CARRY4 (Prop_carry4_CI_O[0])
                                                      0.222    19.872 r  y_reg[7]_i_306/O[0]
                         net (fo=1, routed)           0.644    20.516    y_reg[7]_i_306_n_7
    SLICE_X45Y57         LUT2 (Prop_lut2_I1_O)        0.299    20.815 r  y[7]_i_275/O
                         net (fo=1, routed)           0.000    20.815    y[7]_i_275_n_0
    SLICE_X45Y57         CARRY4 (Prop_carry4_S[3]_O[3])
                                                      0.248    21.063 r  y_reg[7]_i_253/O[3]
                         net (fo=1, routed)           0.472    21.535    y_reg[7]_i_253_n_4
    SLICE_X44Y57         LUT2 (Prop_lut2_I1_O)        0.306    21.841 r  y[15]_i_436/O
                         net (fo=1, routed)           0.000    21.841    y[15]_i_436_n_0
    SLICE_X44Y57         CARRY4 (Prop_carry4_S[1]_O[1])
                                                      0.227    22.068 r  y_reg[15]_i_425/O[1]
                         net (fo=1, routed)           0.575    22.642    y_reg[15]_i_425_n_6
    SLICE_X43Y55         LUT2 (Prop_lut2_I1_O)        0.303    22.945 r  y[7]_i_335/O
                         net (fo=1, routed)           0.000    22.945    y[7]_i_335_n_0
    SLICE_X43Y55         CARRY4 (Prop_carry4_S[3]_CO[3])
                                                      0.401    23.346 r  y_reg[7]_i_297/CO[3]
                         net (fo=1, routed)           0.000    23.346    y_reg[7]_i_297_n_0
    SLICE_X43Y56         CARRY4 (Prop_carry4_CI_O[0])
                                                      0.222    23.568 r  y_reg[15]_i_411/O[0]
                         net (fo=1, routed)           0.596    24.165    y_reg[15]_i_411_n_7
    SLICE_X44Y53         LUT2 (Prop_lut2_I1_O)        0.299    24.464 r  y[7]_i_330/O
                         net (fo=1, routed)           0.000    24.464    y[7]_i_330_n_0
    SLICE_X44Y53         CARRY4 (Prop_carry4_S[3]_O[3])
                                                      0.248    24.712 r  y_reg[7]_i_296/O[3]
                         net (fo=1, routed)           0.585    25.297    y_reg[7]_i_296_n_4
    SLICE_X45Y53         LUT2 (Prop_lut2_I1_O)        0.306    25.603 r  y[7]_i_267/O
                         net (fo=1, routed)           0.000    25.603    y[7]_i_267_n_0
    SLICE_X45Y53         CARRY4 (Prop_carry4_S[3]_O[3])
                                                      0.248    25.851 r  y_reg[7]_i_241/O[3]
                         net (fo=1, routed)           0.448    26.298    y_reg[7]_i_241_n_4
    SLICE_X47Y53         LUT2 (Prop_lut2_I1_O)        0.306    26.604 r  y[7]_i_218/O
                         net (fo=1, routed)           0.000    26.604    y[7]_i_218_n_0
    SLICE_X47Y53         CARRY4 (Prop_carry4_S[3]_O[3])
                                                      0.248    26.852 r  y_reg[7]_i_196/O[3]
                         net (fo=1, routed)           0.430    27.282    y_reg[7]_i_196_n_4
    SLICE_X46Y54         LUT2 (Prop_lut2_I1_O)        0.306    27.588 r  y[15]_i_380/O
                         net (fo=1, routed)           0.000    27.588    y[15]_i_380_n_0
    SLICE_X46Y54         CARRY4 (Prop_carry4_S[1]_O[1])
                                                      0.230    27.818 r  y_reg[15]_i_361/O[1]
                         net (fo=1, routed)           0.562    28.380    y_reg[15]_i_361_n_6
    SLICE_X46Y51         LUT2 (Prop_lut2_I1_O)        0.306    28.686 r  y[15]_i_359/O
                         net (fo=1, routed)           0.000    28.686    y[15]_i_359_n_0
    SLICE_X46Y51         CARRY4 (Prop_carry4_S[0]_O[0])
                                                      0.252    28.938 r  y_reg[15]_i_350/O[0]
                         net (fo=1, routed)           0.457    29.394    y_reg[15]_i_350_n_7
    SLICE_X43Y52         LUT2 (Prop_lut2_I1_O)        0.295    29.689 r  y[15]_i_346/O
                         net (fo=1, routed)           0.000    29.689    y[15]_i_346_n_0
    SLICE_X43Y52         CARRY4 (Prop_carry4_S[0]_O[0])
                                                      0.247    29.936 r  y_reg[15]_i_339/O[0]
                         net (fo=1, routed)           0.310    30.246    y_reg[15]_i_339_n_7
    SLICE_X42Y53         LUT2 (Prop_lut2_I1_O)        0.299    30.545 r  y[15]_i_338/O
                         net (fo=1, routed)           0.000    30.545    y[15]_i_338_n_0
    SLICE_X42Y53         CARRY4 (Prop_carry4_S[0]_O[0])
                                                      0.252    30.797 r  y_reg[15]_i_327/O[0]
                         net (fo=1, routed)           0.430    31.227    y_reg[15]_i_327_n_7
    SLICE_X41Y54         LUT2 (Prop_lut2_I1_O)        0.295    31.522 r  y[15]_i_324/O
                         net (fo=1, routed)           0.000    31.522    y[15]_i_324_n_0
    SLICE_X41Y54         CARRY4 (Prop_carry4_S[0]_O[0])
                                                      0.247    31.769 r  y_reg[15]_i_303/O[0]
                         net (fo=1, routed)           0.354    32.123    y_reg[15]_i_303_n_7
    SLICE_X40Y54         LUT2 (Prop_lut2_I1_O)        0.299    32.422 r  y[15]_i_308/O
                         net (fo=1, routed)           0.000    32.422    y[15]_i_308_n_0
    SLICE_X40Y54         CARRY4 (Prop_carry4_S[3]_O[3])
                                                      0.248    32.670 r  y_reg[15]_i_294/O[3]
                         net (fo=1, routed)           0.430    33.101    y_reg[15]_i_294_n_4
    SLICE_X39Y55         LUT2 (Prop_lut2_I1_O)        0.306    33.407 r  y[15]_i_286/O
                         net (fo=1, routed)           0.000    33.407    y[15]_i_286_n_0
    SLICE_X39Y55         CARRY4 (Prop_carry4_S[0]_O[0])
                                                      0.247    33.654 r  y_reg[15]_i_268/O[0]
                         net (fo=1, routed)           0.429    34.082    y_reg[15]_i_268_n_7
    SLICE_X38Y55         LUT2 (Prop_lut2_I1_O)        0.299    34.381 r  y[15]_i_265/O
                         net (fo=1, routed)           0.000    34.381    y[15]_i_265_n_0
    SLICE_X38Y55         CARRY4 (Prop_carry4_S[0]_O[0])
                                                      0.252    34.633 r  y_reg[15]_i_250/O[0]
                         net (fo=1, routed)           0.540    35.174    y_reg[15]_i_250_n_7
    SLICE_X37Y56         LUT2 (Prop_lut2_I1_O)        0.295    35.469 r  y[15]_i_256/O
                         net (fo=1, routed)           0.000    35.469    y[15]_i_256_n_0
    SLICE_X37Y56         CARRY4 (Prop_carry4_S[2]_O[2])
                                                      0.248    35.717 r  y_reg[15]_i_235/O[2]
                         net (fo=1, routed)           0.585    36.301    y_reg[15]_i_235_n_5
    SLICE_X37Y52         LUT2 (Prop_lut2_I1_O)        0.302    36.603 r  y[15]_i_246/O
                         net (fo=1, routed)           0.000    36.603    y[15]_i_246_n_0
    SLICE_X37Y52         CARRY4 (Prop_carry4_S[3]_O[3])
                                                      0.248    36.851 r  y_reg[15]_i_232/O[3]
                         net (fo=1, routed)           0.560    37.412    y_reg[15]_i_232_n_4
    SLICE_X36Y54         LUT2 (Prop_lut2_I1_O)        0.306    37.718 r  y[15]_i_198/O
                         net (fo=1, routed)           0.000    37.718    y[15]_i_198_n_0
    SLICE_X36Y54         CARRY4 (Prop_carry4_S[0]_O[0])
                                                      0.252    37.970 r  y_reg[15]_i_163/O[0]
                         net (fo=1, routed)           0.458    38.427    y_reg[15]_i_163_n_7
    SLICE_X35Y53         LUT2 (Prop_lut2_I1_O)        0.295    38.722 r  y[15]_i_180/O
                         net (fo=1, routed)           0.000    38.722    y[15]_i_180_n_0
    SLICE_X35Y53         CARRY4 (Prop_carry4_S[3]_O[3])
                                                      0.248    38.970 r  y_reg[15]_i_154/O[3]
                         net (fo=1, routed)           0.430    39.400    y_reg[15]_i_154_n_4
    SLICE_X34Y53         LUT2 (Prop_lut2_I1_O)        0.306    39.706 r  y[15]_i_142/O
                         net (fo=1, routed)           0.000    39.706    y[15]_i_142_n_0
    SLICE_X34Y53         CARRY4 (Prop_carry4_S[3]_O[3])
                                                      0.255    39.961 r  y_reg[15]_i_118/O[3]
                         net (fo=1, routed)           0.589    40.550    y_reg[15]_i_118_n_4
    SLICE_X32Y54         LUT2 (Prop_lut2_I1_O)        0.307    40.857 r  y[15]_i_108/O
                         net (fo=1, routed)           0.000    40.857    y[15]_i_108_n_0
    SLICE_X32Y54         CARRY4 (Prop_carry4_S[2]_O[2])
                                                      0.250    41.107 r  y_reg[15]_i_86/O[2]
                         net (fo=1, routed)           0.602    41.709    y_reg[15]_i_86_n_5
    SLICE_X32Y50         LUT2 (Prop_lut2_I1_O)        0.301    42.010 r  y[15]_i_75/O
                         net (fo=1, routed)           0.000    42.010    y[15]_i_75_n_0
    SLICE_X32Y50         CARRY4 (Prop_carry4_S[3]_CO[3])
                                                      0.376    42.386 r  y_reg[15]_i_62/CO[3]
                         net (fo=1, routed)           0.000    42.386    y_reg[15]_i_62_n_0
    SLICE_X32Y51         CARRY4 (Prop_carry4_CI_O[0])
                                                      0.219    42.605 r  y_reg[15]_i_46/O[0]
                         net (fo=1, routed)           0.484    43.088    acc__0[9]
    SLICE_X33Y51         LUT2 (Prop_lut2_I1_O)        0.295    43.383 r  y[15]_i_37/O
                         net (fo=1, routed)           0.000    43.383    y[15]_i_37_n_0
    SLICE_X33Y51         CARRY4 (Prop_carry4_S[1]_O[2])
                                                      0.580    43.963 r  y_reg[15]_i_20/O[2]
                         net (fo=1, routed)           0.695    44.658    y_reg[15]_i_20_n_5
    SLICE_X33Y55         LUT2 (Prop_lut2_I1_O)        0.302    44.960 r  y[15]_i_15/O
                         net (fo=1, routed)           0.000    44.960    y[15]_i_15_n_0
    SLICE_X33Y55         CARRY4 (Prop_carry4_S[1]_O[2])
                                                      0.580    45.540 r  y_reg[15]_i_8/O[2]
                         net (fo=1, routed)           0.496    46.036    y_reg[15]_i_8_n_5
    SLICE_X33Y60         LUT2 (Prop_lut2_I1_O)        0.302    46.338 r  y[11]_i_6/O
                         net (fo=1, routed)           0.000    46.338    y[11]_i_6_n_0
    SLICE_X33Y60         CARRY4 (Prop_carry4_S[3]_O[3])
                                                      0.248    46.586 r  y_reg[11]_i_2/O[3]
                         net (fo=1, routed)           0.475    47.061    p_0_in[11]
    SLICE_X34Y60         CARRY4 (Prop_carry4_S[3]_O[3])
                                                      0.561    47.622 r  y_reg[11]_i_1/O[3]
                         net (fo=1, routed)           0.000    47.622    acc[11]
    SLICE_X34Y60         FDRE                                         r  y_reg[11]/D
  -------------------------------------------------------------------    -------------------

                         (clock vclk rise edge)      47.291    47.291 r  <hidden>
                                                      0.000    47.291 r  clk
                         net (fo=351, unset)          0.924    48.215    clk
    SLICE_X34Y60         FDRE                                         r  y_reg[11]/C
                         clock pessimism              0.000    48.215    <hidden>
                         clock uncertainty           -0.035    48.180    <hidden>
    SLICE_X34Y60         FDRE (Setup_fdre_C_D)        0.109    48.289    y_reg[11]
  -------------------------------------------------------------------
                         required time                         48.289    <hidden>
                         arrival time                         -47.622    <hidden>
  -------------------------------------------------------------------
                         slack                                  0.667    <hidden>

Slack (MET) :             0.937ns  (required time - arrival time)
  Source:                 d41_reg[2]/C
                            (rising edge-triggered cell FDRE clocked by vclk  {rise@0.000ns fall@23.646ns period=47.291ns})
  Destination:            y_reg[10]/D
                            (rising edge-triggered cell FDRE clocked by vclk  {rise@0.000ns fall@23.646ns period=47.291ns})
  Path Group:             vclk
  Path Type:              Setup (Max at Slow Process Corner)
  Requirement:            47.291ns  (vclk rise@47.291ns - vclk rise@0.000ns)
  Data Path Delay:        46.379ns  (logic 25.412ns (54.792%)  route 20.967ns (45.208%))
  Logic Levels:           85  (CARRY4=46 LUT2=39)
  Clock Path Skew:        -0.049ns (DCD - SCD + CPR)
    Destination Clock Delay (DCD):    0.924ns = ( 48.215 - 47.291 ) 
    Source Clock Delay      (SCD):    0.973ns
    Clock Pessimism Removal (CPR):    0.000ns
  Clock Uncertainty:      0.035ns  ((TSJ^2 + TIJ^2)^1/2 + DJ) / 2 + PE
    Total System Jitter     (TSJ):    0.071ns
    Total Input Jitter      (TIJ):    0.000ns
    Discrete Jitter          (DJ):    0.000ns
    Phase Error              (PE):    0.000ns

    Location             Delay type                Incr(ns)  Path(ns)    Netlist Resource(s)
  -------------------------------------------------------------------    -------------------
                         (clock vclk rise edge)       0.000     0.000 r  <hidden>
                                                      0.000     0.000 r  clk
                         net (fo=351, unset)          0.973     0.973    clk
    SLICE_X45Y58         FDRE                                         r  d41_reg[2]/C
  -------------------------------------------------------------------    -------------------
    SLICE_X45Y58         FDRE (Prop_fdre_C_Q)         0.456     1.429 r  d41_reg[2]/Q
                         net (fo=2, routed)           0.419     1.848    d41[2]
    SLICE_X46Y59         CARRY4 (Prop_carry4_S[0]_O[0])
                                                      0.376     2.224 r  y_reg[7]_i_771/O[0]
                         net (fo=2, routed)           0.561     2.785    acc0[2]
    SLICE_X47Y61         LUT2 (Prop_lut2_I0_O)        0.295     3.080 r  y[7]_i_775/O
                         net (fo=1, routed)           0.000     3.080    y[7]_i_775_n_0
    SLICE_X47Y61         CARRY4 (Prop_carry4_S[0]_O[0])
                                                      0.247     3.327 r  y_reg[7]_i_755/O[0]
                         net (fo=1, routed)           0.596     3.923    y_reg[7]_i_755_n_7
    SLICE_X48Y61         LUT2 (Prop_lut2_I1_O)        0.299     4.222 r  y[7]_i_739/O
                         net (fo=1, routed)           0.000     4.222    y[7]_i_739_n_0
    SLICE_X48Y61         CARRY4 (Prop_carry4_S[0]_O[0])
                                                      0.247     4.469 r  y_reg[7]_i_721/O[0]
                         net (fo=1, routed)           0.712     5.181    y_reg[7]_i_721_n_7
    SLICE_X48Y57         LUT2 (Prop_lut2_I1_O)        0.299     5.480 r  y[7]_i_698/O
                         net (fo=1, routed)           0.000     5.480    y[7]_i_698_n_0
    SLICE_X48Y57         CARRY4 (Prop_carry4_S[0]_O[0])
                                                      0.247     5.727 r  y_reg[7]_i_675/O[0]
                         net (fo=1, routed)           0.585     6.312    y_reg[7]_i_675_n_7
    SLICE_X47Y57         LUT2 (Prop_lut2_I1_O)        0.299     6.611 r  y[7]_i_639/O
                         net (fo=1, routed)           0.000     6.611    y[7]_i_639_n_0
    SLICE_X47Y57         CARRY4 (Prop_carry4_S[1]_O[2])
                                                      0.580     7.191 r  y_reg[7]_i_612/O[2]
                         net (fo=1, routed)           0.454     7.646    y_reg[7]_i_612_n_5
    SLICE_X43Y58         LUT2 (Prop_lut2_I1_O)        0.302     7.948 r  y[7]_i_570/O
                         net (fo=1, routed)           0.000     7.948    y[7]_i_570_n_0
    SLICE_X43Y58         CARRY4 (Prop_carry4_S[3]_CO[3])
                                                      0.401     8.349 r  y_reg[7]_i_539/CO[3]
                         net (fo=1, routed)           0.000     8.349    y_reg[7]_i_539_n_0
    SLICE_X43Y59         CARRY4 (Prop_carry4_CI_O[0])
                                                      0.222     8.571 r  y_reg[7]_i_667/O[0]
                         net (fo=1, routed)           0.310     8.880    y_reg[7]_i_667_n_7
    SLICE_X42Y60         LUT2 (Prop_lut2_I1_O)        0.299     9.179 r  y[7]_i_634/O
                         net (fo=1, routed)           0.000     9.179    y[7]_i_634_n_0
    SLICE_X42Y60         CARRY4 (Prop_carry4_S[0]_O[0])
                                                      0.252     9.431 r  y_reg[7]_i_602/O[0]
                         net (fo=1, routed)           0.439     9.870    y_reg[7]_i_602_n_7
    SLICE_X40Y59         LUT2 (Prop_lut2_I1_O)        0.295    10.165 r  y[7]_i_563/O
                         net (fo=1, routed)           0.000    10.165    y[7]_i_563_n_0
    SLICE_X40Y59         CARRY4 (Prop_carry4_S[3]_O[3])
                                                      0.248    10.413 r  y_reg[7]_i_528/O[3]
                         net (fo=1, routed)           0.458    10.871    y_reg[7]_i_528_n_4
    SLICE_X39Y59         LUT2 (Prop_lut2_I1_O)        0.306    11.177 r  y[7]_i_479/O
                         net (fo=1, routed)           0.000    11.177    y[7]_i_479_n_0
    SLICE_X39Y59         CARRY4 (Prop_carry4_S[3]_O[3])
                                                      0.248    11.425 r  y_reg[7]_i_454/O[3]
                         net (fo=1, routed)           0.560    11.986    y_reg[7]_i_454_n_4
    SLICE_X38Y61         LUT2 (Prop_lut2_I1_O)        0.306    12.292 r  y[7]_i_476/O
                         net (fo=1, routed)           0.000    12.292    y[7]_i_476_n_0
    SLICE_X38Y61         CARRY4 (Prop_carry4_S[0]_O[0])
                                                      0.252    12.544 r  y_reg[7]_i_450/O[0]
                         net (fo=1, routed)           0.432    12.976    y_reg[7]_i_450_n_7
    SLICE_X37Y59         LUT2 (Prop_lut2_I1_O)        0.295    13.271 r  y[7]_i_420/O
                         net (fo=1, routed)           0.000    13.271    y[7]_i_420_n_0
    SLICE_X37Y59         CARRY4 (Prop_carry4_S[3]_O[3])
                                                      0.248    13.519 r  y_reg[7]_i_401/O[3]
                         net (fo=1, routed)           0.419    13.937    y_reg[7]_i_401_n_4
    SLICE_X36Y60         LUT2 (Prop_lut2_I1_O)        0.306    14.243 r  y[7]_i_471/O
                         net (fo=1, routed)           0.000    14.243    y[7]_i_471_n_0
    SLICE_X36Y60         CARRY4 (Prop_carry4_S[0]_O[0])
                                                      0.252    14.495 r  y_reg[7]_i_446/O[0]
                         net (fo=1, routed)           0.592    15.087    y_reg[7]_i_446_n_7
    SLICE_X35Y62         LUT2 (Prop_lut2_I1_O)        0.295    15.382 r  y[7]_i_418/O
                         net (fo=1, routed)           0.000    15.382    y[7]_i_418_n_0
    SLICE_X35Y62         CARRY4 (Prop_carry4_S[0]_O[0])
                                                      0.247    15.629 r  y_reg[7]_i_393/O[0]
                         net (fo=1, routed)           0.762    16.391    y_reg[7]_i_393_n_7
    SLICE_X44Y63         LUT2 (Prop_lut2_I1_O)        0.299    16.690 r  y[7]_i_353/O
                         net (fo=1, routed)           0.000    16.690    y[7]_i_353_n_0
    SLICE_X44Y63         CARRY4 (Prop_carry4_S[2]_O[2])
                                                      0.248    16.938 r  y_reg[7]_i_325/O[2]
                         net (fo=1, routed)           0.449    17.387    y_reg[7]_i_325_n_5
    SLICE_X46Y62         LUT2 (Prop_lut2_I1_O)        0.302    17.689 r  y[7]_i_287/O
                         net (fo=1, routed)           0.000    17.689    y[7]_i_287_n_0
    SLICE_X46Y62         CARRY4 (Prop_carry4_S[3]_CO[3])
                                                      0.376    18.065 r  y_reg[7]_i_265/CO[3]
                         net (fo=1, routed)           0.000    18.065    y_reg[7]_i_265_n_0
    SLICE_X46Y63         CARRY4 (Prop_carry4_CI_O[1])
                                                      0.323    18.388 r  y_reg[7]_i_314/O[1]
                         net (fo=1, routed)           0.555    18.943    y_reg[7]_i_314_n_6
    SLICE_X45Y60         LUT2 (Prop_lut2_I1_O)        0.306    19.249 r  y[7]_i_281/O
                         net (fo=1, routed)           0.000    19.249    y[7]_i_281_n_0
    SLICE_X45Y60         CARRY4 (Prop_carry4_S[3]_CO[3])
                                                      0.401    19.650 r  y_reg[7]_i_264/CO[3]
                         net (fo=1, routed)           0.000    19.650    y_reg[7]_i_264_n_0
    SLICE_X45Y61         CARRY4 (Prop_carry4_CI_O[0])
                                                      0.222    19.872 r  y_reg[7]_i_306/O[0]
                         net (fo=1, routed)           0.644    20.516    y_reg[7]_i_306_n_7
    SLICE_X45Y57         LUT2 (Prop_lut2_I1_O)        0.299    20.815 r  y[7]_i_275/O
                         net (fo=1, routed)           0.000    20.815    y[7]_i_275_n_0
    SLICE_X45Y57         CARRY4 (Prop_carry4_S[3]_O[3])
                                                      0.248    21.063 r  y_reg[7]_i_253/O[3]
                         net (fo=1, routed)           0.472    21.535    y_reg[7]_i_253_n_4
    SLICE_X44Y57         LUT2 (Prop_lut2_I1_O)        0.306    21.841 r  y[15]_i_436/O
                         net (fo=1, routed)           0.000    21.841    y[15]_i_436_n_0
    SLICE_X44Y57         CARRY4 (Prop_carry4_S[1]_O[1])
                                                      0.227    22.068 r  y_reg[15]_i_425/O[1]
                         net (fo=1, routed)           0.575    22.642    y_reg[15]_i_425_n_6
    SLICE_X43Y55         LUT2 (Prop_lut2_I1_O)        0.303    22.945 r  y[7]_i_335/O
                         net (fo=1, routed)           0.000    22.945    y[7]_i_335_n_0
    SLICE_X43Y55         CARRY4 (Prop_carry4_S[3]_CO[3])
                                                      0.401    23.346 r  y_reg[7]_i_297/CO[3]
                         net (fo=1, routed)           0.000    23.346    y_reg[7]_i_297_n_0
    SLICE_X43Y56         CARRY4 (Prop_carry4_CI_O[0])
                                                      0.222    23.568 r  y_reg[15]_i_411/O[0]
                         net (fo=1, routed)           0.596    24.165    y_reg[15]_i_411_n_7
    SLICE_X44Y53         LUT2 (Prop_lut2_I1_O)        0.299    24.464 r  y[7]_i_330/O
                         net (fo=1, routed)           0.000    24.464    y[7]_i_330_n_0
    SLICE_X44Y53         CARRY4 (Prop_carry4_S[3]_O[3])
                                                      0.248    24.712 r  y_reg[7]_i_296/O[3]
                         net (fo=1, routed)           0.585    25.297    y_reg[7]_i_296_n_4
    SLICE_X45Y53         LUT2 (Prop_lut2_I1_O)        0.306    25.603 r  y[7]_i_267/O
                         net (fo=1, routed)           0.000    25.603    y[7]_i_267_n_0
    SLICE_X45Y53         CARRY4 (Prop_carry4_S[3]_O[3])
                                                      0.248    25.851 r  y_reg[7]_i_241/O[3]
                         net (fo=1, routed)           0.448    26.298    y_reg[7]_i_241_n_4
    SLICE_X47Y53         LUT2 (Prop_lut2_I1_O)        0.306    26.604 r  y[7]_i_218/O
                         net (fo=1, routed)           0.000    26.604    y[7]_i_218_n_0
    SLICE_X47Y53         CARRY4 (Prop_carry4_S[3]_O[3])
                                                      0.248    26.852 r  y_reg[7]_i_196/O[3]
                         net (fo=1, routed)           0.430    27.282    y_reg[7]_i_196_n_4
    SLICE_X46Y54         LUT2 (Prop_lut2_I1_O)        0.306    27.588 r  y[15]_i_380/O
                         net (fo=1, routed)           0.000    27.588    y[15]_i_380_n_0
    SLICE_X46Y54         CARRY4 (Prop_carry4_S[1]_O[1])
                                                      0.230    27.818 r  y_reg[15]_i_361/O[1]
                         net (fo=1, routed)           0.562    28.380    y_reg[15]_i_361_n_6
    SLICE_X46Y51         LUT2 (Prop_lut2_I1_O)        0.306    28.686 r  y[15]_i_359/O
                         net (fo=1, routed)           0.000    28.686    y[15]_i_359_n_0
    SLICE_X46Y51         CARRY4 (Prop_carry4_S[0]_O[0])
                                                      0.252    28.938 r  y_reg[15]_i_350/O[0]
                         net (fo=1, routed)           0.457    29.394    y_reg[15]_i_350_n_7
    SLICE_X43Y52         LUT2 (Prop_lut2_I1_O)        0.295    29.689 r  y[15]_i_346/O
                         net (fo=1, routed)           0.000    29.689    y[15]_i_346_n_0
    SLICE_X43Y52         CARRY4 (Prop_carry4_S[0]_O[0])
                                                      0.247    29.936 r  y_reg[15]_i_339/O[0]
                         net (fo=1, routed)           0.310    30.246    y_reg[15]_i_339_n_7
    SLICE_X42Y53         LUT2 (Prop_lut2_I1_O)        0.299    30.545 r  y[15]_i_338/O
                         net (fo=1, routed)           0.000    30.545    y[15]_i_338_n_0
    SLICE_X42Y53         CARRY4 (Prop_carry4_S[0]_O[0])
                                                      0.252    30.797 r  y_reg[15]_i_327/O[0]
                         net (fo=1, routed)           0.430    31.227    y_reg[15]_i_327_n_7
    SLICE_X41Y54         LUT2 (Prop_lut2_I1_O)        0.295    31.522 r  y[15]_i_324/O
                         net (fo=1, routed)           0.000    31.522    y[15]_i_324_n_0
    SLICE_X41Y54         CARRY4 (Prop_carry4_S[0]_O[0])
                                                      0.247    31.769 r  y_reg[15]_i_303/O[0]
                         net (fo=1, routed)           0.354    32.123    y_reg[15]_i_303_n_7
    SLICE_X40Y54         LUT2 (Prop_lut2_I1_O)        0.299    32.422 r  y[15]_i_308/O
                         net (fo=1, routed)           0.000    32.422    y[15]_i_308_n_0
    SLICE_X40Y54         CARRY4 (Prop_carry4_S[3]_O[3])
                                                      0.248    32.670 r  y_reg[15]_i_294/O[3]
                         net (fo=1, routed)           0.430    33.101    y_reg[15]_i_294_n_4
    SLICE_X39Y55         LUT2 (Prop_lut2_I1_O)        0.306    33.407 r  y[15]_i_286/O
                         net (fo=1, routed)           0.000    33.407    y[15]_i_286_n_0
    SLICE_X39Y55         CARRY4 (Prop_carry4_S[0]_O[0])
                                                      0.247    33.654 r  y_reg[15]_i_268/O[0]
                         net (fo=1, routed)           0.429    34.082    y_reg[15]_i_268_n_7
    SLICE_X38Y55         LUT2 (Prop_lut2_I1_O)        0.299    34.381 r  y[15]_i_265/O
                         net (fo=1, routed)           0.000    34.381    y[15]_i_265_n_0
    SLICE_X38Y55         CARRY4 (Prop_carry4_S[0]_O[0])
                                                      0.252    34.633 r  y_reg[15]_i_250/O[0]
                         net (fo=1, routed)           0.540    35.174    y_reg[15]_i_250_n_7
    SLICE_X37Y56         LUT2 (Prop_lut2_I1_O)        0.295    35.469 r  y[15]_i_256/O
                         net (fo=1, routed)           0.000    35.469    y[15]_i_256_n_0
    SLICE_X37Y56         CARRY4 (Prop_carry4_S[2]_O[2])
                                                      0.248    35.717 r  y_reg[15]_i_235/O[2]
                         net (fo=1, routed)           0.585    36.301    y_reg[15]_i_235_n_5
    SLICE_X37Y52         LUT2 (Prop_lut2_I1_O)        0.302    36.603 r  y[15]_i_246/O
                         net (fo=1, routed)           0.000    36.603    y[15]_i_246_n_0
    SLICE_X37Y52         CARRY4 (Prop_carry4_S[3]_O[3])
                                                      0.248    36.851 r  y_reg[15]_i_232/O[3]
                         net (fo=1, routed)           0.560    37.412    y_reg[15]_i_232_n_4
    SLICE_X36Y54         LUT2 (Prop_lut2_I1_O)        0.306    37.718 r  y[15]_i_198/O
                         net (fo=1, routed)           0.000    37.718    y[15]_i_198_n_0
    SLICE_X36Y54         CARRY4 (Prop_carry4_S[0]_O[0])
                                                      0.252    37.970 r  y_reg[15]_i_163/O[0]
                         net (fo=1, routed)           0.458    38.427    y_reg[15]_i_163_n_7
    SLICE_X35Y53         LUT2 (Prop_lut2_I1_O)        0.295    38.722 r  y[15]_i_180/O
                         net (fo=1, routed)           0.000    38.722    y[15]_i_180_n_0
    SLICE_X35Y53         CARRY4 (Prop_carry4_S[3]_O[3])
                                                      0.248    38.970 r  y_reg[15]_i_154/O[3]
                         net (fo=1, routed)           0.430    39.400    y_reg[15]_i_154_n_4
    SLICE_X34Y53         LUT2 (Prop_lut2_I1_O)        0.306    39.706 r  y[15]_i_142/O
                         net (fo=1, routed)           0.000    39.706    y[15]_i_142_n_0
    SLICE_X34Y53         CARRY4 (Prop_carry4_S[3]_O[3])
                                                      0.255    39.961 r  y_reg[15]_i_118/O[3]
                         net (fo=1, routed)           0.589    40.550    y_reg[15]_i_118_n_4
    SLICE_X32Y54         LUT2 (Prop_lut2_I1_O)        0.307    40.857 r  y[15]_i_108/O
                         net (fo=1, routed)           0.000    40.857    y[15]_i_108_n_0
    SLICE_X32Y54         CARRY4 (Prop_carry4_S[2]_O[2])
                                                      0.250    41.107 r  y_reg[15]_i_86/O[2]
                         net (fo=1, routed)           0.602    41.709    y_reg[15]_i_86_n_5
    SLICE_X32Y50         LUT2 (Prop_lut2_I1_O)        0.301    42.010 r  y[15]_i_75/O
                         net (fo=1, routed)           0.000    42.010    y[15]_i_75_n_0
    SLICE_X32Y50         CARRY4 (Prop_carry4_S[3]_O[3])
                                                      0.255    42.265 r  y_reg[15]_i_62/O[3]
                         net (fo=1, routed)           0.482    42.747    acc__0[8]
    SLICE_X33Y51         LUT2 (Prop_lut2_I1_O)        0.307    43.054 r  y[15]_i_38/O
                         net (fo=1, routed)           0.000    43.054    y[15]_i_38_n_0
    SLICE_X33Y51         CARRY4 (Prop_carry4_S[0]_O[0])
                                                      0.247    43.301 r  y_reg[15]_i_20/O[0]
                         net (fo=1, routed)           0.691    43.992    y_reg[15]_i_20_n_7
    SLICE_X33Y54         LUT2 (Prop_lut2_I1_O)        0.299    44.291 r  y[11]_i_26/O
                         net (fo=1, routed)           0.000    44.291    y[11]_i_26_n_0
    SLICE_X33Y54         CARRY4 (Prop_carry4_S[3]_CO[3])
                                                      0.401    44.692 r  y_reg[11]_i_18/CO[3]
                         net (fo=1, routed)           0.000    44.692    y_reg[11]_i_18_n_0
    SLICE_X33Y55         CARRY4 (Prop_carry4_CI_O[0])
                                                      0.222    44.914 r  y_reg[15]_i_8/O[0]
                         net (fo=1, routed)           0.694    45.608    y_reg[15]_i_8_n_7
    SLICE_X33Y60         LUT2 (Prop_lut2_I1_O)        0.299    45.907 r  y[11]_i_8/O
                         net (fo=1, routed)           0.000    45.907    y[11]_i_8_n_0
    SLICE_X33Y60         CARRY4 (Prop_carry4_S[1]_O[2])
                                                      0.580    46.487 r  y_reg[11]_i_2/O[2]
                         net (fo=1, routed)           0.313    46.800    p_0_in[10]
    SLICE_X34Y60         CARRY4 (Prop_carry4_S[2]_O[2])
                                                      0.552    47.352 r  y_reg[11]_i_1/O[2]
                         net (fo=1, routed)           0.000    47.352    acc[10]
    SLICE_X34Y60         FDRE                                         r  y_reg[10]/D
  -------------------------------------------------------------------    -------------------

                         (clock vclk rise edge)      47.291    47.291 r  <hidden>
                                                      0.000    47.291 r  clk
                         net (fo=351, unset)          0.924    48.215    clk
    SLICE_X34Y60         FDRE                                         r  y_reg[10]/C
                         clock pessimism              0.000    48.215    <hidden>
                         clock uncertainty           -0.035    48.180    <hidden>
    SLICE_X34Y60         FDRE (Setup_fdre_C_D)        0.109    48.289    y_reg[10]
  -------------------------------------------------------------------
                         required time                         48.289    <hidden>
                         arrival time                         -47.352    <hidden>
  -------------------------------------------------------------------
                         slack                                  0.937    <hidden>

Slack (MET) :             1.231ns  (required time - arrival time)
  Source:                 d41_reg[2]/C
                            (rising edge-triggered cell FDRE clocked by vclk  {rise@0.000ns fall@23.646ns period=47.291ns})
  Destination:            y_reg[9]/D
                            (rising edge-triggered cell FDRE clocked by vclk  {rise@0.000ns fall@23.646ns period=47.291ns})
  Path Group:             vclk
  Path Type:              Setup (Max at Slow Process Corner)
  Requirement:            47.291ns  (vclk rise@47.291ns - vclk rise@0.000ns)
  Data Path Delay:        46.085ns  (logic 24.885ns (53.998%)  route 21.200ns (46.002%))
  Logic Levels:           85  (CARRY4=45 LUT2=39 LUT4=1)
  Clock Path Skew:        -0.049ns (DCD - SCD + CPR)
    Destination Clock Delay (DCD):    0.924ns = ( 48.215 - 47.291 ) 
    Source Clock Delay      (SCD):    0.973ns
    Clock Pessimism Removal (CPR):    0.000ns
  Clock Uncertainty:      0.035ns  ((TSJ^2 + TIJ^2)^1/2 + DJ) / 2 + PE
    Total System Jitter     (TSJ):    0.071ns
    Total Input Jitter      (TIJ):    0.000ns
    Discrete Jitter          (DJ):    0.000ns
    Phase Error              (PE):    0.000ns

    Location             Delay type                Incr(ns)  Path(ns)    Netlist Resource(s)
  -------------------------------------------------------------------    -------------------
                         (clock vclk rise edge)       0.000     0.000 r  <hidden>
                                                      0.000     0.000 r  clk
                         net (fo=351, unset)          0.973     0.973    clk
    SLICE_X45Y58         FDRE                                         r  d41_reg[2]/C
  -------------------------------------------------------------------    -------------------
    SLICE_X45Y58         FDRE (Prop_fdre_C_Q)         0.456     1.429 r  d41_reg[2]/Q
                         net (fo=2, routed)           0.419     1.848    d41[2]
    SLICE_X46Y59         CARRY4 (Prop_carry4_S[0]_O[0])
                                                      0.376     2.224 r  y_reg[7]_i_771/O[0]
                         net (fo=2, routed)           0.561     2.785    acc0[2]
    SLICE_X47Y61         LUT2 (Prop_lut2_I0_O)        0.295     3.080 r  y[7]_i_775/O
                         net (fo=1, routed)           0.000     3.080    y[7]_i_775_n_0
    SLICE_X47Y61         CARRY4 (Prop_carry4_S[0]_O[0])
                                                      0.247     3.327 r  y_reg[7]_i_755/O[0]
                         net (fo=1, routed)           0.596     3.923    y_reg[7]_i_755_n_7
    SLICE_X48Y61         LUT2 (Prop_lut2_I1_O)        0.299     4.222 r  y[7]_i_739/O
                         net (fo=1, routed)           0.000     4.222    y[7]_i_739_n_0
    SLICE_X48Y61         CARRY4 (Prop_carry4_S[0]_O[0])
                                                      0.247     4.469 r  y_reg[7]_i_721/O[0]
                         net (fo=1, routed)           0.712     5.181    y_reg[7]_i_721_n_7
    SLICE_X48Y57         LUT2 (Prop_lut2_I1_O)        0.299     5.480 r  y[7]_i_698/O
                         net (fo=1, routed)           0.000     5.480    y[7]_i_698_n_0
    SLICE_X48Y57         CARRY4 (Prop_carry4_S[0]_O[0])
                                                      0.247     5.727 r  y_reg[7]_i_675/O[0]
                         net (fo=1, routed)           0.585     6.312    y_reg[7]_i_675_n_7
    SLICE_X47Y57         LUT2 (Prop_lut2_I1_O)        0.299     6.611 r  y[7]_i_639/O
                         net (fo=1, routed)           0.000     6.611    y[7]_i_639_n_0
    SLICE_X47Y57         CARRY4 (Prop_carry4_S[1]_O[2])
                                                      0.580     7.191 r  y_reg[7]_i_612/O[2]
                         net (fo=1, routed)           0.454     7.646    y_reg[7]_i_612_n_5
    SLICE_X43Y58         LUT2 (Prop_lut2_I1_O)        0.302     7.948 r  y[7]_i_570/O
                         net (fo=1, routed)           0.000     7.948    y[7]_i_570_n_0
    SLICE_X43Y58         CARRY4 (Prop_carry4_S[3]_CO[3])
                                                      0.401     8.349 r  y_reg[7]_i_539/CO[3]
                         net (fo=1, routed)           0.000     8.349    y_reg[7]_i_539_n_0
    SLICE_X43Y59         CARRY4 (Prop_carry4_CI_O[0])
                                                      0.222     8.571 r  y_reg[7]_i_667/O[0]
                         net (fo=1, routed)           0.310     8.880    y_reg[7]_i_667_n_7
    SLICE_X42Y60         LUT2 (Prop_lut2_I1_O)        0.299     9.179 r  y[7]_i_634/O
                         net (fo=1, routed)           0.000     9.179    y[7]_i_634_n_0
    SLICE_X42Y60         CARRY4 (Prop_carry4_S[0]_O[0])
                                                      0.252     9.431 r  y_reg[7]_i_602/O[0]
                         net (fo=1, routed)           0.439     9.870    y_reg[7]_i_602_n_7
    SLICE_X40Y59         LUT2 (Prop_lut2_I1_O)        0.295    10.165 r  y[7]_i_563/O
                         net (fo=1, routed)           0.000    10.165    y[7]_i_563_n_0
    SLICE_X40Y59         CARRY4 (Prop_carry4_S[3]_O[3])
                                                      0.248    10.413 r  y_reg[7]_i_528/O[3]
                         net (fo=1, routed)           0.458    10.871    y_reg[7]_i_528_n_4
    SLICE_X39Y59         LUT2 (Prop_lut2_I1_O)        0.306    11.177 r  y[7]_i_479/O
                         net (fo=1, routed)           0.000    11.177    y[7]_i_479_n_0
    SLICE_X39Y59         CARRY4 (Prop_carry4_S[3]_O[3])
                                                      0.248    11.425 r  y_reg[7]_i_454/O[3]
                         net (fo=1, routed)           0.560    11.986    y_reg[7]_i_454_n_4
    SLICE_X38Y61         LUT2 (Prop_lut2_I1_O)        0.306    12.292 r  y[7]_i_476/O
                         net (fo=1, routed)           0.000    12.292    y[7]_i_476_n_0
    SLICE_X38Y61         CARRY4 (Prop_carry4_S[0]_O[0])
                                                      0.252    12.544 r  y_reg[7]_i_450/O[0]
                         net (fo=1, routed)           0.432    12.976    y_reg[7]_i_450_n_7
    SLICE_X37Y59         LUT2 (Prop_lut2_I1_O)        0.295    13.271 r  y[7]_i_420/O
                         net (fo=1, routed)           0.000    13.271    y[7]_i_420_n_0
    SLICE_X37Y59         CARRY4 (Prop_carry4_S[3]_O[3])
                                                      0.248    13.519 r  y_reg[7]_i_401/O[3]
                         net (fo=1, routed)           0.419    13.937    y_reg[7]_i_401_n_4
    SLICE_X36Y60         LUT2 (Prop_lut2_I1_O)        0.306    14.243 r  y[7]_i_471/O
                         net (fo=1, routed)           0.000    14.243    y[7]_i_471_n_0
    SLICE_X36Y60         CARRY4 (Prop_carry4_S[0]_O[0])
                                                      0.252    14.495 r  y_reg[7]_i_446/O[0]
                         net (fo=1, routed)           0.592    15.087    y_reg[7]_i_446_n_7
    SLICE_X35Y62         LUT2 (Prop_lut2_I1_O)        0.295    15.382 r  y[7]_i_418/O
                         net (fo=1, routed)           0.000    15.382    y[7]_i_418_n_0
    SLICE_X35Y62         CARRY4 (Prop_carry4_S[0]_O[0])
                                                      0.247    15.629 r  y_reg[7]_i_393/O[0]
                         net (fo=1, routed)           0.762    16.391    y_reg[7]_i_393_n_7
    SLICE_X44Y63         LUT2 (Prop_lut2_I1_O)        0.299    16.690 r  y[7]_i_353/O
                         net (fo=1, routed)           0.000    16.690    y[7]_i_353_n_0
    SLICE_X44Y63         CARRY4 (Prop_carry4_S[2]_O[2])
                                                      0.248    16.938 r  y_reg[7]_i_325/O[2]
                         net (fo=1, routed)           0.449    17.387    y_reg[7]_i_325_n_5
    SLICE_X46Y62         LUT2 (Prop_lut2_I1_O)        0.302    17.689 r  y[7]_i_287/O
                         net (fo=1, routed)           0.000    17.689    y[7]_i_287_n_0
    SLICE_X46Y62         CARRY4 (Prop_carry4_S[3]_CO[3])
                                                      0.376    18.065 r  y_reg[7]_i_265/CO[3]
                         net (fo=1, routed)           0.000    18.065    y_reg[7]_i_265_n_0
    SLICE_X46Y63         CARRY4 (Prop_carry4_CI_O[1])
                                                      0.323    18.388 r  y_reg[7]_i_314/O[1]
                         net (fo=1, routed)           0.555    18.943    y_reg[7]_i_314_n_6
    SLICE_X45Y60         LUT2 (Prop_lut2_I1_O)        0.306    19.249 r  y[7]_i_281/O
                         net (fo=1, routed)           0.000    19.249    y[7]_i_281_n_0
    SLICE_X45Y60         CARRY4 (Prop_carry4_S[3]_CO[3])
                                                      0.401    19.650 r  y_reg[7]_i_264/CO[3]
                         net (fo=1, routed)           0.000    19.650    y_reg[7]_i_264_n_0
    SLICE_X45Y61         CARRY4 (Prop_carry4_CI_O[0])
                                                      0.222    19.872 r  y_reg[7]_i_306/O[0]
                         net (fo=1, routed)           0.644    20.516    y_reg[7]_i_306_n_7
    SLICE_X45Y57         LUT2 (Prop_lut2_I1_O)        0.299    20.815 r  y[7]_i_275/O
                         net (fo=1, routed)           0.000    20.815    y[7]_i_275_n_0
    SLICE_X45Y57         CARRY4 (Prop_carry4_S[3]_O[3])
                                                      0.248    21.063 r  y_reg[7]_i_253/O[3]
                         net (fo=1, routed)           0.472    21.535    y_reg[7]_i_253_n_4
    SLICE_X44Y57         LUT2 (Prop_lut2_I1_O)        0.306    21.841 r  y[15]_i_436/O
                         net (fo=1, routed)           0.000    21.841    y[15]_i_436_n_0
    SLICE_X44Y57         CARRY4 (Prop_carry4_S[1]_O[1])
                                                      0.227    22.068 r  y_reg[15]_i_425/O[1]
                         net (fo=1, routed)           0.575    22.642    y_reg[15]_i_425_n_6
    SLICE_X43Y55         LUT2 (Prop_lut2_I1_O)        0.303    22.945 r  y[7]_i_335/O
                         net (fo=1, routed)           0.000    22.945    y[7]_i_335_n_0
    SLICE_X43Y55         CARRY4 (Prop_carry4_S[3]_CO[3])
                                                      0.401    23.346 r  y_reg[7]_i_297/CO[3]
                         net (fo=1, routed)           0.000    23.346    y_reg[7]_i_297_n_0
    SLICE_X43Y56         CARRY4 (Prop_carry4_CI_O[0])
                                                      0.222    23.568 r  y_reg[15]_i_411/O[0]
                         net (fo=1, routed)           0.596    24.165    y_reg[15]_i_411_n_7
    SLICE_X44Y53         LUT2 (Prop_lut2_I1_O)        0.299    24.464 r  y[7]_i_330/O
                         net (fo=1, routed)           0.000    24.464    y[7]_i_330_n_0
    SLICE_X44Y53         CARRY4 (Prop_carry4_S[3]_O[3])
                                                      0.248    24.712 r  y_reg[7]_i_296/O[3]
                         net (fo=1, routed)           0.585    25.297    y_reg[7]_i_296_n_4
    SLICE_X45Y53         LUT2 (Prop_lut2_I1_O)        0.306    25.603 r  y[7]_i_267/O
                         net (fo=1, routed)           0.000    25.603    y[7]_i_267_n_0
    SLICE_X45Y53         CARRY4 (Prop_carry4_S[3]_O[3])
                                                      0.248    25.851 r  y_reg[7]_i_241/O[3]
                         net (fo=1, routed)           0.448    26.298    y_reg[7]_i_241_n_4
    SLICE_X47Y53         LUT2 (Prop_lut2_I1_O)        0.306    26.604 r  y[7]_i_218/O
                         net (fo=1, routed)           0.000    26.604    y[7]_i_218_n_0
    SLICE_X47Y53         CARRY4 (Prop_carry4_S[3]_O[3])
                                                      0.248    26.852 r  y_reg[7]_i_196/O[3]
                         net (fo=1, routed)           0.430    27.282    y_reg[7]_i_196_n_4
    SLICE_X46Y54         LUT2 (Prop_lut2_I1_O)        0.306    27.588 r  y[15]_i_380/O
                         net (fo=1, routed)           0.000    27.588    y[15]_i_380_n_0
    SLICE_X46Y54         CARRY4 (Prop_carry4_S[1]_O[1])
                                                      0.230    27.818 r  y_reg[15]_i_361/O[1]
                         net (fo=1, routed)           0.562    28.380    y_reg[15]_i_361_n_6
    SLICE_X46Y51         LUT2 (Prop_lut2_I1_O)        0.306    28.686 r  y[15]_i_359/O
                         net (fo=1, routed)           0.000    28.686    y[15]_i_359_n_0
    SLICE_X46Y51         CARRY4 (Prop_carry4_S[0]_O[0])
                                                      0.252    28.938 r  y_reg[15]_i_350/O[0]
                         net (fo=1, routed)           0.457    29.394    y_reg[15]_i_350_n_7
    SLICE_X43Y52         LUT2 (Prop_lut2_I1_O)        0.295    29.689 r  y[15]_i_346/O
                         net (fo=1, routed)           0.000    29.689    y[15]_i_346_n_0
    SLICE_X43Y52         CARRY4 (Prop_carry4_S[0]_O[0])
                                                      0.247    29.936 r  y_reg[15]_i_339/O[0]
                         net (fo=1, routed)           0.310    30.246    y_reg[15]_i_339_n_7
    SLICE_X42Y53         LUT2 (Prop_lut2_I1_O)        0.299    30.545 r  y[15]_i_338/O
                         net (fo=1, routed)           0.000    30.545    y[15]_i_338_n_0
    SLICE_X42Y53         CARRY4 (Prop_carry4_S[0]_O[0])
                                                      0.252    30.797 r  y_reg[15]_i_327/O[0]
                         net (fo=1, routed)           0.430    31.227    y_reg[15]_i_327_n_7
    SLICE_X41Y54         LUT2 (Prop_lut2_I1_O)        0.295    31.522 r  y[15]_i_324/O
                         net (fo=1, routed)           0.000    31.522    y[15]_i_324_n_0
    SLICE_X41Y54         CARRY4 (Prop_carry4_S[0]_O[0])
                                                      0.247    31.769 r  y_reg[15]_i_303/O[0]
                         net (fo=1, routed)           0.354    32.123    y_reg[15]_i_303_n_7
    SLICE_X40Y54         LUT2 (Prop_lut2_I1_O)        0.299    32.422 r  y[15]_i_308/O
                         net (fo=1, routed)           0.000    32.422    y[15]_i_308_n_0
    SLICE_X40Y54         CARRY4 (Prop_carry4_S[3]_O[3])
                                                      0.248    32.670 r  y_reg[15]_i_294/O[3]
                         net (fo=1, routed)           0.430    33.101    y_reg[15]_i_294_n_4
    SLICE_X39Y55         LUT2 (Prop_lut2_I1_O)        0.306    33.407 r  y[15]_i_286/O
                         net (fo=1, routed)           0.000    33.407    y[15]_i_286_n_0
    SLICE_X39Y55         CARRY4 (Prop_carry4_S[0]_O[0])
                                                      0.247    33.654 r  y_reg[15]_i_268/O[0]
                         net (fo=1, routed)           0.429    34.082    y_reg[15]_i_268_n_7
    SLICE_X38Y55         LUT2 (Prop_lut2_I1_O)        0.299    34.381 r  y[15]_i_265/O
                         net (fo=1, routed)           0.000    34.381    y[15]_i_265_n_0
    SLICE_X38Y55         CARRY4 (Prop_carry4_S[0]_O[0])
                                                      0.252    34.633 r  y_reg[15]_i_250/O[0]
                         net (fo=1, routed)           0.540    35.174    y_reg[15]_i_250_n_7
    SLICE_X37Y56         LUT2 (Prop_lut2_I1_O)        0.295    35.469 r  y[15]_i_256/O
                         net (fo=1, routed)           0.000    35.469    y[15]_i_256_n_0
    SLICE_X37Y56         CARRY4 (Prop_carry4_S[2]_O[2])
                                                      0.248    35.717 r  y_reg[15]_i_235/O[2]
                         net (fo=1, routed)           0.585    36.301    y_reg[15]_i_235_n_5
    SLICE_X37Y52         LUT2 (Prop_lut2_I1_O)        0.302    36.603 r  y[15]_i_246/O
                         net (fo=1, routed)           0.000    36.603    y[15]_i_246_n_0
    SLICE_X37Y52         CARRY4 (Prop_carry4_S[3]_O[3])
                                                      0.248    36.851 r  y_reg[15]_i_232/O[3]
                         net (fo=1, routed)           0.560    37.412    y_reg[15]_i_232_n_4
    SLICE_X36Y54         LUT2 (Prop_lut2_I1_O)        0.306    37.718 r  y[15]_i_198/O
                         net (fo=1, routed)           0.000    37.718    y[15]_i_198_n_0
    SLICE_X36Y54         CARRY4 (Prop_carry4_S[0]_O[0])
                                                      0.252    37.970 r  y_reg[15]_i_163/O[0]
                         net (fo=1, routed)           0.458    38.427    y_reg[15]_i_163_n_7
    SLICE_X35Y53         LUT2 (Prop_lut2_I1_O)        0.295    38.722 r  y[15]_i_180/O
                         net (fo=1, routed)           0.000    38.722    y[15]_i_180_n_0
    SLICE_X35Y53         CARRY4 (Prop_carry4_S[3]_O[3])
                                                      0.248    38.970 r  y_reg[15]_i_154/O[3]
                         net (fo=1, routed)           0.430    39.400    y_reg[15]_i_154_n_4
    SLICE_X34Y53         LUT2 (Prop_lut2_I1_O)        0.306    39.706 r  y[15]_i_142/O
                         net (fo=1, routed)           0.000    39.706    y[15]_i_142_n_0
    SLICE_X34Y53         CARRY4 (Prop_carry4_S[3]_O[3])
                                                      0.255    39.961 r  y_reg[15]_i_118/O[3]
                         net (fo=1, routed)           0.589    40.550    y_reg[15]_i_118_n_4
    SLICE_X32Y54         LUT2 (Prop_lut2_I1_O)        0.307    40.857 r  y[15]_i_108/O
                         net (fo=1, routed)           0.000    40.857    y[15]_i_108_n_0
    SLICE_X32Y54         CARRY4 (Prop_carry4_S[2]_O[2])
                                                      0.250    41.107 r  y_reg[15]_i_86/O[2]
                         net (fo=1, routed)           0.602    41.709    y_reg[15]_i_86_n_5
    SLICE_X32Y50         LUT2 (Prop_lut2_I1_O)        0.301    42.010 r  y[15]_i_75/O
                         net (fo=1, routed)           0.000    42.010    y[15]_i_75_n_0
    SLICE_X32Y50         CARRY4 (Prop_carry4_S[3]_O[3])
                                                      0.255    42.265 r  y_reg[15]_i_62/O[3]
                         net (fo=1, routed)           0.482    42.747    acc__0[8]
    SLICE_X33Y51         LUT2 (Prop_lut2_I1_O)        0.307    43.054 r  y[15]_i_38/O
                         net (fo=1, routed)           0.000    43.054    y[15]_i_38_n_0
    SLICE_X33Y51         CARRY4 (Prop_carry4_S[0]_O[0])
                                                      0.247    43.301 r  y_reg[15]_i_20/O[0]
                         net (fo=1, routed)           0.691    43.992    y_reg[15]_i_20_n_7
    SLICE_X33Y54         LUT2 (Prop_lut2_I1_O)        0.299    44.291 r  y[11]_i_26/O
                         net (fo=1, routed)           0.000    44.291    y[11]_i_26_n_0
    SLICE_X33Y54         CARRY4 (Prop_carry4_S[3]_O[3])
                                                      0.248    44.539 r  y_reg[11]_i_18/O[3]
                         net (fo=1, routed)           0.752    45.291    y_reg[11]_i_18_n_4
    SLICE_X33Y60         LUT2 (Prop_lut2_I1_O)        0.306    45.597 r  y[11]_i_9/O
                         net (fo=1, routed)           0.000    45.597    y[11]_i_9_n_0
    SLICE_X33Y60         CARRY4 (Prop_carry4_S[0]_O[0])
                                                      0.247    45.844 r  y_reg[11]_i_2/O[0]
                         net (fo=2, routed)           0.488    46.332    p_0_in[8]
    SLICE_X34Y60         LUT4 (Prop_lut4_I3_O)        0.299    46.631 r  y[11]_i_3/O
                         net (fo=1, routed)           0.000    46.631    y[11]_i_3_n_0
    SLICE_X34Y60         CARRY4 (Prop_carry4_S[0]_O[1])
                                                      0.427    47.058 r  y_reg[11]_i_1/O[1]
                         net (fo=1, routed)           0.000    47.058    acc[9]
    SLICE_X34Y60         FDRE                                         r  y_reg[9]/D
  -------------------------------------------------------------------    -------------------

                         (clock vclk rise edge)      47.291    47.291 r  <hidden>
                                                      0.000    47.291 r  clk
                         net (fo=351, unset)          0.924    48.215    clk
    SLICE_X34Y60         FDRE                                         r  y_reg[9]/C
                         clock pessimism              0.000    48.215    <hidden>
                         clock uncertainty           -0.035    48.180    <hidden>
    SLICE_X34Y60         FDRE (Setup_fdre_C_D)        0.109    48.289    y_reg[9]
  -------------------------------------------------------------------
                         required time                         48.289    <hidden>
                         arrival time                         -47.058    <hidden>
  -------------------------------------------------------------------
                         slack                                  1.231    <hidden>

Slack (MET) :             1.336ns  (required time - arrival time)
  Source:                 d41_reg[2]/C
                            (rising edge-triggered cell FDRE clocked by vclk  {rise@0.000ns fall@23.646ns period=47.291ns})
  Destination:            y_reg[8]/D
                            (rising edge-triggered cell FDRE clocked by vclk  {rise@0.000ns fall@23.646ns period=47.291ns})
  Path Group:             vclk
  Path Type:              Setup (Max at Slow Process Corner)
  Requirement:            47.291ns  (vclk rise@47.291ns - vclk rise@0.000ns)
  Data Path Delay:        45.980ns  (logic 24.505ns (53.295%)  route 21.475ns (46.705%))
  Logic Levels:           83  (CARRY4=44 LUT2=38 LUT3=1)
  Clock Path Skew:        -0.049ns (DCD - SCD + CPR)
    Destination Clock Delay (DCD):    0.924ns = ( 48.215 - 47.291 ) 
    Source Clock Delay      (SCD):    0.973ns
    Clock Pessimism Removal (CPR):    0.000ns
  Clock Uncertainty:      0.035ns  ((TSJ^2 + TIJ^2)^1/2 + DJ) / 2 + PE
    Total System Jitter     (TSJ):    0.071ns
    Total Input Jitter      (TIJ):    0.000ns
    Discrete Jitter          (DJ):    0.000ns
    Phase Error              (PE):    0.000ns

    Location             Delay type                Incr(ns)  Path(ns)    Netlist Resource(s)
  -------------------------------------------------------------------    -------------------
                         (clock vclk rise edge)       0.000     0.000 r  <hidden>
                                                      0.000     0.000 r  clk
                         net (fo=351, unset)          0.973     0.973    clk
    SLICE_X45Y58         FDRE                                         r  d41_reg[2]/C
  -------------------------------------------------------------------    -------------------
    SLICE_X45Y58         FDRE (Prop_fdre_C_Q)         0.456     1.429 r  d41_reg[2]/Q
                         net (fo=2, routed)           0.419     1.848    d41[2]
    SLICE_X46Y59         CARRY4 (Prop_carry4_S[0]_O[0])
                                                      0.376     2.224 r  y_reg[7]_i_771/O[0]
                         net (fo=2, routed)           0.561     2.785    acc0[2]
    SLICE_X47Y61         LUT2 (Prop_lut2_I0_O)        0.295     3.080 r  y[7]_i_775/O
                         net (fo=1, routed)           0.000     3.080    y[7]_i_775_n_0
    SLICE_X47Y61         CARRY4 (Prop_carry4_S[0]_O[0])
                                                      0.247     3.327 r  y_reg[7]_i_755/O[0]
                         net (fo=1, routed)           0.596     3.923    y_reg[7]_i_755_n_7
    SLICE_X48Y61         LUT2 (Prop_lut2_I1_O)        0.299     4.222 r  y[7]_i_739/O
                         net (fo=1, routed)           0.000     4.222    y[7]_i_739_n_0
    SLICE_X48Y61         CARRY4 (Prop_carry4_S[0]_O[0])
                                                      0.247     4.469 r  y_reg[7]_i_721/O[0]
                         net (fo=1, routed)           0.712     5.181    y_reg[7]_i_721_n_7
    SLICE_X48Y57         LUT2 (Prop_lut2_I1_O)        0.299     5.480 r  y[7]_i_698/O
                         net (fo=1, routed)           0.000     5.480    y[7]_i_698_n_0
    SLICE_X48Y57         CARRY4 (Prop_carry4_S[0]_O[0])
                                                      0.247     5.727 r  y_reg[7]_i_675/O[0]
                         net (fo=1, routed)           0.585     6.312    y_reg[7]_i_675_n_7
    SLICE_X47Y57         LUT2 (Prop_lut2_I1_O)        0.299     6.611 r  y[7]_i_639/O
                         net (fo=1, routed)           0.000     6.611    y[7]_i_639_n_0
    SLICE_X47Y57         CARRY4 (Prop_carry4_S[1]_O[1])
                                                      0.227     6.838 r  y_reg[7]_i_612/O[1]
                         net (fo=1, routed)           0.452     7.290    y_reg[7]_i_612_n_6
    SLICE_X43Y58         LUT2 (Prop_lut2_I1_O)        0.303     7.593 r  y[7]_i_571/O
                         net (fo=1, routed)           0.000     7.593    y[7]_i_571_n_0
    SLICE_X43Y58         CARRY4 (Prop_carry4_S[2]_O[2])
                                                      0.248     7.841 r  y_reg[7]_i_539/O[2]
                         net (fo=1, routed)           0.428     8.269    y_reg[7]_i_539_n_5
    SLICE_X42Y59         LUT2 (Prop_lut2_I1_O)        0.302     8.571 r  y[7]_i_486/O
                         net (fo=1, routed)           0.000     8.571    y[7]_i_486_n_0
    SLICE_X42Y59         CARRY4 (Prop_carry4_S[2]_O[2])
                                                      0.250     8.821 r  y_reg[7]_i_455/O[2]
                         net (fo=1, routed)           0.571     9.391    y_reg[7]_i_455_n_5
    SLICE_X40Y59         LUT2 (Prop_lut2_I1_O)        0.301     9.692 r  y[7]_i_565/O
                         net (fo=1, routed)           0.000     9.692    y[7]_i_565_n_0
    SLICE_X40Y59         CARRY4 (Prop_carry4_S[1]_O[2])
                                                      0.580    10.272 r  y_reg[7]_i_528/O[2]
                         net (fo=1, routed)           0.302    10.574    y_reg[7]_i_528_n_5
    SLICE_X39Y59         LUT2 (Prop_lut2_I1_O)        0.302    10.876 r  y[7]_i_480/O
                         net (fo=1, routed)           0.000    10.876    y[7]_i_480_n_0
    SLICE_X39Y59         CARRY4 (Prop_carry4_S[2]_O[2])
                                                      0.248    11.124 r  y_reg[7]_i_454/O[2]
                         net (fo=1, routed)           0.432    11.556    y_reg[7]_i_454_n_5
    SLICE_X38Y60         LUT2 (Prop_lut2_I1_O)        0.302    11.858 r  y[7]_i_425/O
                         net (fo=1, routed)           0.000    11.858    y[7]_i_425_n_0
    SLICE_X38Y60         CARRY4 (Prop_carry4_S[3]_O[3])
                                                      0.255    12.113 r  y_reg[7]_i_402/O[3]
                         net (fo=1, routed)           0.295    12.408    y_reg[7]_i_402_n_4
    SLICE_X37Y59         LUT2 (Prop_lut2_I1_O)        0.307    12.715 r  y[7]_i_421/O
                         net (fo=1, routed)           0.000    12.715    y[7]_i_421_n_0
    SLICE_X37Y59         CARRY4 (Prop_carry4_S[2]_O[2])
                                                      0.248    12.963 r  y_reg[7]_i_401/O[2]
                         net (fo=1, routed)           0.505    13.468    y_reg[7]_i_401_n_5
    SLICE_X36Y59         LUT2 (Prop_lut2_I1_O)        0.302    13.770 r  y[7]_i_357/O
                         net (fo=1, routed)           0.000    13.770    y[7]_i_357_n_0
    SLICE_X36Y59         CARRY4 (Prop_carry4_S[3]_O[3])
                                                      0.255    14.025 r  y_reg[7]_i_329/O[3]
                         net (fo=1, routed)           0.477    14.502    y_reg[7]_i_329_n_4
    SLICE_X35Y61         LUT2 (Prop_lut2_I1_O)        0.307    14.809 r  y[7]_i_292/O
                         net (fo=1, routed)           0.000    14.809    y[7]_i_292_n_0
    SLICE_X35Y61         CARRY4 (Prop_carry4_S[3]_O[3])
                                                      0.248    15.057 r  y_reg[7]_i_266/O[3]
                         net (fo=1, routed)           0.696    15.753    y_reg[7]_i_266_n_4
    SLICE_X44Y63         LUT2 (Prop_lut2_I1_O)        0.306    16.059 r  y[7]_i_354/O
                         net (fo=1, routed)           0.000    16.059    y[7]_i_354_n_0
    SLICE_X44Y63         CARRY4 (Prop_carry4_S[1]_O[1])
                                                      0.227    16.286 r  y_reg[7]_i_325/O[1]
                         net (fo=1, routed)           0.439    16.725    y_reg[7]_i_325_n_6
    SLICE_X46Y62         LUT2 (Prop_lut2_I1_O)        0.303    17.028 r  y[7]_i_288/O
                         net (fo=1, routed)           0.000    17.028    y[7]_i_288_n_0
    SLICE_X46Y62         CARRY4 (Prop_carry4_S[2]_O[2])
                                                      0.250    17.278 r  y_reg[7]_i_265/O[2]
                         net (fo=1, routed)           0.494    17.772    y_reg[7]_i_265_n_5
    SLICE_X45Y60         LUT2 (Prop_lut2_I1_O)        0.301    18.073 r  y[7]_i_284/O
                         net (fo=1, routed)           0.000    18.073    y[7]_i_284_n_0
    SLICE_X45Y60         CARRY4 (Prop_carry4_S[0]_O[0])
                                                      0.247    18.320 r  y_reg[7]_i_264/O[0]
                         net (fo=1, routed)           0.644    18.964    y_reg[7]_i_264_n_7
    SLICE_X45Y56         LUT2 (Prop_lut2_I1_O)        0.299    19.263 r  y[7]_i_233/O
                         net (fo=1, routed)           0.000    19.263    y[7]_i_233_n_0
    SLICE_X45Y56         CARRY4 (Prop_carry4_S[3]_O[3])
                                                      0.248    19.511 r  y_reg[7]_i_212/O[3]
                         net (fo=1, routed)           0.472    19.983    y_reg[7]_i_212_n_4
    SLICE_X44Y56         LUT2 (Prop_lut2_I1_O)        0.306    20.289 r  y[7]_i_230/O
                         net (fo=1, routed)           0.000    20.289    y[7]_i_230_n_0
    SLICE_X44Y56         CARRY4 (Prop_carry4_S[1]_O[1])
                                                      0.227    20.516 r  y_reg[7]_i_211/O[1]
                         net (fo=1, routed)           0.575    21.091    y_reg[7]_i_211_n_6
    SLICE_X43Y54         LUT2 (Prop_lut2_I1_O)        0.303    21.394 r  y[7]_i_183/O
                         net (fo=1, routed)           0.000    21.394    y[7]_i_183_n_0
    SLICE_X43Y54         CARRY4 (Prop_carry4_S[3]_CO[3])
                                                      0.401    21.795 r  y_reg[7]_i_167/CO[3]
                         net (fo=1, routed)           0.000    21.795    y_reg[7]_i_167_n_0
    SLICE_X43Y55         CARRY4 (Prop_carry4_CI_O[0])
                                                      0.222    22.017 r  y_reg[7]_i_297/O[0]
                         net (fo=1, routed)           0.658    22.674    y_reg[7]_i_297_n_7
    SLICE_X44Y52         LUT2 (Prop_lut2_I1_O)        0.299    22.973 r  y[7]_i_271/O
                         net (fo=1, routed)           0.000    22.973    y[7]_i_271_n_0
    SLICE_X44Y52         CARRY4 (Prop_carry4_S[3]_O[3])
                                                      0.248    23.221 r  y_reg[7]_i_249/O[3]
                         net (fo=1, routed)           0.499    23.721    y_reg[7]_i_249_n_4
    SLICE_X45Y52         LUT2 (Prop_lut2_I1_O)        0.306    24.027 r  y[7]_i_223/O
                         net (fo=1, routed)           0.000    24.027    y[7]_i_223_n_0
    SLICE_X45Y52         CARRY4 (Prop_carry4_S[3]_O[3])
                                                      0.248    24.275 r  y_reg[7]_i_200/O[3]
                         net (fo=1, routed)           0.448    24.723    y_reg[7]_i_200_n_4
    SLICE_X47Y52         LUT2 (Prop_lut2_I1_O)        0.306    25.029 r  y[7]_i_177/O
                         net (fo=1, routed)           0.000    25.029    y[7]_i_177_n_0
    SLICE_X47Y52         CARRY4 (Prop_carry4_S[3]_O[3])
                                                      0.248    25.277 r  y_reg[7]_i_166/O[3]
                         net (fo=1, routed)           0.430    25.706    y_reg[7]_i_166_n_4
    SLICE_X46Y53         LUT2 (Prop_lut2_I1_O)        0.306    26.012 r  y[7]_i_175/O
                         net (fo=1, routed)           0.000    26.012    y[7]_i_175_n_0
    SLICE_X46Y53         CARRY4 (Prop_carry4_S[1]_O[1])
                                                      0.230    26.242 r  y_reg[7]_i_165/O[1]
                         net (fo=1, routed)           0.564    26.806    y_reg[7]_i_165_n_6
    SLICE_X46Y50         LUT2 (Prop_lut2_I1_O)        0.306    27.112 r  y[7]_i_216/O
                         net (fo=1, routed)           0.000    27.112    y[7]_i_216_n_0
    SLICE_X46Y50         CARRY4 (Prop_carry4_S[0]_O[0])
                                                      0.252    27.364 r  y_reg[7]_i_195/O[0]
                         net (fo=1, routed)           0.457    27.821    y_reg[7]_i_195_n_7
    SLICE_X43Y51         LUT2 (Prop_lut2_I1_O)        0.295    28.116 r  y[7]_i_172/O
                         net (fo=1, routed)           0.000    28.116    y[7]_i_172_n_0
    SLICE_X43Y51         CARRY4 (Prop_carry4_S[0]_O[0])
                                                      0.247    28.363 r  y_reg[7]_i_153/O[0]
                         net (fo=1, routed)           0.310    28.673    y_reg[7]_i_153_n_7
    SLICE_X42Y52         LUT2 (Prop_lut2_I1_O)        0.299    28.972 r  y[7]_i_145/O
                         net (fo=1, routed)           0.000    28.972    y[7]_i_145_n_0
    SLICE_X42Y52         CARRY4 (Prop_carry4_S[0]_O[0])
                                                      0.252    29.224 r  y_reg[7]_i_129/O[0]
                         net (fo=1, routed)           0.430    29.654    y_reg[7]_i_129_n_7
    SLICE_X41Y53         LUT2 (Prop_lut2_I1_O)        0.295    29.949 r  y[7]_i_119/O
                         net (fo=1, routed)           0.000    29.949    y[7]_i_119_n_0
    SLICE_X41Y53         CARRY4 (Prop_carry4_S[0]_O[0])
                                                      0.247    30.196 r  y_reg[7]_i_106/O[0]
                         net (fo=1, routed)           0.354    30.550    y_reg[7]_i_106_n_7
    SLICE_X40Y53         LUT2 (Prop_lut2_I1_O)        0.299    30.849 r  y[7]_i_82/O
                         net (fo=1, routed)           0.000    30.849    y[7]_i_82_n_0
    SLICE_X40Y53         CARRY4 (Prop_carry4_S[3]_O[3])
                                                      0.248    31.097 r  y_reg[7]_i_73/O[3]
                         net (fo=1, routed)           0.586    31.683    y_reg[7]_i_73_n_4
    SLICE_X39Y54         CARRY4 (Prop_carry4_S[0]_O[0])
                                                      0.553    32.236 r  y_reg[15]_i_282/O[0]
                         net (fo=1, routed)           0.429    32.665    y_reg[15]_i_282_n_7
    SLICE_X38Y54         LUT2 (Prop_lut2_I1_O)        0.299    32.964 r  y[7]_i_114/O
                         net (fo=1, routed)           0.000    32.964    y[7]_i_114_n_0
    SLICE_X38Y54         CARRY4 (Prop_carry4_S[0]_O[0])
                                                      0.252    33.216 r  y_reg[7]_i_94/O[0]
                         net (fo=1, routed)           0.425    33.641    y_reg[7]_i_94_n_7
    SLICE_X37Y55         LUT2 (Prop_lut2_I1_O)        0.295    33.936 r  y[7]_i_77/O
                         net (fo=1, routed)           0.000    33.936    y[7]_i_77_n_0
    SLICE_X37Y55         CARRY4 (Prop_carry4_S[2]_O[2])
                                                      0.248    34.184 r  y_reg[7]_i_66/O[2]
                         net (fo=1, routed)           0.585    34.769    y_reg[7]_i_66_n_5
    SLICE_X37Y51         LUT2 (Prop_lut2_I1_O)        0.302    35.071 r  y[7]_i_57/O
                         net (fo=1, routed)           0.000    35.071    y[7]_i_57_n_0
    SLICE_X37Y51         CARRY4 (Prop_carry4_S[3]_O[3])
                                                      0.248    35.319 r  y_reg[7]_i_51/O[3]
                         net (fo=1, routed)           0.560    35.879    y_reg[7]_i_51_n_4
    SLICE_X36Y53         LUT2 (Prop_lut2_I1_O)        0.306    36.185 r  y[15]_i_223/O
                         net (fo=1, routed)           0.000    36.185    y[15]_i_223_n_0
    SLICE_X36Y53         CARRY4 (Prop_carry4_S[0]_O[0])
                                                      0.252    36.437 r  y_reg[15]_i_193/O[0]
                         net (fo=1, routed)           0.458    36.895    y_reg[15]_i_193_n_7
    SLICE_X35Y52         LUT2 (Prop_lut2_I1_O)        0.295    37.190 r  y[15]_i_206/O
                         net (fo=1, routed)           0.000    37.190    y[15]_i_206_n_0
    SLICE_X35Y52         CARRY4 (Prop_carry4_S[3]_O[3])
                                                      0.248    37.438 r  y_reg[15]_i_178/O[3]
                         net (fo=1, routed)           0.430    37.868    y_reg[15]_i_178_n_4
    SLICE_X34Y52         LUT2 (Prop_lut2_I1_O)        0.306    38.174 r  y[7]_i_53/O
                         net (fo=1, routed)           0.000    38.174    y[7]_i_53_n_0
    SLICE_X34Y52         CARRY4 (Prop_carry4_S[3]_O[3])
                                                      0.255    38.429 r  y_reg[7]_i_47/O[3]
                         net (fo=1, routed)           0.455    38.884    y_reg[7]_i_47_n_4
    SLICE_X32Y53         LUT2 (Prop_lut2_I1_O)        0.307    39.191 r  y[15]_i_134/O
                         net (fo=1, routed)           0.000    39.191    y[15]_i_134_n_0
    SLICE_X32Y53         CARRY4 (Prop_carry4_S[2]_O[2])
                                                      0.250    39.441 r  y_reg[15]_i_105/O[2]
                         net (fo=1, routed)           0.603    40.044    y_reg[15]_i_105_n_5
    SLICE_X32Y49         LUT2 (Prop_lut2_I1_O)        0.301    40.345 r  y[7]_i_35/O
                         net (fo=1, routed)           0.000    40.345    y[7]_i_35_n_0
    SLICE_X32Y49         CARRY4 (Prop_carry4_S[3]_CO[3])
                                                      0.376    40.721 r  y_reg[7]_i_32/CO[3]
                         net (fo=1, routed)           0.001    40.721    y_reg[7]_i_32_n_0
    SLICE_X32Y50         CARRY4 (Prop_carry4_CI_O[0])
                                                      0.219    40.940 r  y_reg[15]_i_62/O[0]
                         net (fo=1, routed)           0.484    41.424    acc__0[5]
    SLICE_X33Y50         LUT2 (Prop_lut2_I1_O)        0.295    41.719 r  y[15]_i_52/O
                         net (fo=1, routed)           0.000    41.719    y[15]_i_52_n_0
    SLICE_X33Y50         CARRY4 (Prop_carry4_S[1]_O[2])
                                                      0.580    42.299 r  y_reg[15]_i_33/O[2]
                         net (fo=1, routed)           0.831    43.130    y_reg[15]_i_33_n_5
    SLICE_X33Y54         LUT2 (Prop_lut2_I1_O)        0.302    43.432 r  y[11]_i_28/O
                         net (fo=1, routed)           0.000    43.432    y[11]_i_28_n_0
    SLICE_X33Y54         CARRY4 (Prop_carry4_S[1]_O[1])
                                                      0.227    43.659 r  y_reg[11]_i_18/O[1]
                         net (fo=1, routed)           0.630    44.289    y_reg[11]_i_18_n_6
    SLICE_X33Y59         LUT2 (Prop_lut2_I1_O)        0.303    44.592 r  y[11]_i_12/O
                         net (fo=1, routed)           0.000    44.592    y[11]_i_12_n_0
    SLICE_X33Y59         CARRY4 (Prop_carry4_S[2]_O[2])
                                                      0.248    44.840 r  y_reg[11]_i_4/O[2]
                         net (fo=2, routed)           0.567    45.407    p_0_in[6]
    SLICE_X35Y59         LUT3 (Prop_lut3_I1_O)        0.302    45.709 r  y[7]_i_2/O
                         net (fo=2, routed)           0.629    46.338    y[7]_i_2_n_0
    SLICE_X34Y59         CARRY4 (Prop_carry4_DI[3]_CO[3])
                                                      0.396    46.734 r  y_reg[7]_i_1/CO[3]
                         net (fo=1, routed)           0.000    46.734    y_reg[7]_i_1_n_0
    SLICE_X34Y60         CARRY4 (Prop_carry4_CI_O[0])
                                                      0.219    46.953 r  y_reg[11]_i_1/O[0]
                         net (fo=1, routed)           0.000    46.953    acc[8]
    SLICE_X34Y60         FDRE                                         r  y_reg[8]/D
  -------------------------------------------------------------------    -------------------

                         (clock vclk rise edge)      47.291    47.291 r  <hidden>
                                                      0.000    47.291 r  clk
                         net (fo=351, unset)          0.924    48.215    clk
    SLICE_X34Y60         FDRE                                         r  y_reg[8]/C
                         clock pessimism              0.000    48.215    <hidden>
                         clock uncertainty           -0.035    48.180    <hidden>
    SLICE_X34Y60         FDRE (Setup_fdre_C_D)        0.109    48.289    y_reg[8]
  -------------------------------------------------------------------
                         required time                         48.289    <hidden>
                         arrival time                         -46.953    <hidden>
  -------------------------------------------------------------------
                         slack                                  1.336    <hidden>

Slack (MET) :             1.763ns  (required time - arrival time)
  Source:                 d41_reg[2]/C
                            (rising edge-triggered cell FDRE clocked by vclk  {rise@0.000ns fall@23.646ns period=47.291ns})
  Destination:            y_reg[7]/D
                            (rising edge-triggered cell FDRE clocked by vclk  {rise@0.000ns fall@23.646ns period=47.291ns})
  Path Group:             vclk
  Path Type:              Setup (Max at Slow Process Corner)
  Requirement:            47.291ns  (vclk rise@47.291ns - vclk rise@0.000ns)
  Data Path Delay:        45.553ns  (logic 24.269ns (53.277%)  route 21.284ns (46.723%))
  Logic Levels:           83  (CARRY4=43 LUT2=38 LUT3=1 LUT4=1)
  Clock Path Skew:        -0.049ns (DCD - SCD + CPR)
    Destination Clock Delay (DCD):    0.924ns = ( 48.215 - 47.291 ) 
    Source Clock Delay      (SCD):    0.973ns
    Clock Pessimism Removal (CPR):    0.000ns
  Clock Uncertainty:      0.035ns  ((TSJ^2 + TIJ^2)^1/2 + DJ) / 2 + PE
    Total System Jitter     (TSJ):    0.071ns
    Total Input Jitter      (TIJ):    0.000ns
    Discrete Jitter          (DJ):    0.000ns
    Phase Error              (PE):    0.000ns

    Location             Delay type                Incr(ns)  Path(ns)    Netlist Resource(s)
  -------------------------------------------------------------------    -------------------
                         (clock vclk rise edge)       0.000     0.000 r  <hidden>
                                                      0.000     0.000 r  clk
                         net (fo=351, unset)          0.973     0.973    clk
    SLICE_X45Y58         FDRE                                         r  d41_reg[2]/C
  -------------------------------------------------------------------    -------------------
    SLICE_X45Y58         FDRE (Prop_fdre_C_Q)         0.456     1.429 r  d41_reg[2]/Q
                         net (fo=2, routed)           0.419     1.848    d41[2]
    SLICE_X46Y59         CARRY4 (Prop_carry4_S[0]_O[0])
                                                      0.376     2.224 r  y_reg[7]_i_771/O[0]
                         net (fo=2, routed)           0.561     2.785    acc0[2]
    SLICE_X47Y61         LUT2 (Prop_lut2_I0_O)        0.295     3.080 r  y[7]_i_775/O
                         net (fo=1, routed)           0.000     3.080    y[7]_i_775_n_0
    SLICE_X47Y61         CARRY4 (Prop_carry4_S[0]_O[0])
                                                      0.247     3.327 r  y_reg[7]_i_755/O[0]
                         net (fo=1, routed)           0.596     3.923    y_reg[7]_i_755_n_7
    SLICE_X48Y61         LUT2 (Prop_lut2_I1_O)        0.299     4.222 r  y[7]_i_739/O
                         net (fo=1, routed)           0.000     4.222    y[7]_i_739_n_0
    SLICE_X48Y61         CARRY4 (Prop_carry4_S[0]_O[0])
                                                      0.247     4.469 r  y_reg[7]_i_721/O[0]
                         net (fo=1, routed)           0.712     5.181    y_reg[7]_i_721_n_7
    SLICE_X48Y57         LUT2 (Prop_lut2_I1_O)        0.299     5.480 r  y[7]_i_698/O
                         net (fo=1, routed)           0.000     5.480    y[7]_i_698_n_0
    SLICE_X48Y57         CARRY4 (Prop_carry4_S[0]_O[0])
                                                      0.247     5.727 r  y_reg[7]_i_675/O[0]
                         net (fo=1, routed)           0.585     6.312    y_reg[7]_i_675_n_7
    SLICE_X47Y57         LUT2 (Prop_lut2_I1_O)        0.299     6.611 r  y[7]_i_639/O
                         net (fo=1, routed)           0.000     6.611    y[7]_i_639_n_0
    SLICE_X47Y57         CARRY4 (Prop_carry4_S[1]_O[1])
                                                      0.227     6.838 r  y_reg[7]_i_612/O[1]
                         net (fo=1, routed)           0.452     7.290    y_reg[7]_i_612_n_6
    SLICE_X43Y58         LUT2 (Prop_lut2_I1_O)        0.303     7.593 r  y[7]_i_571/O
                         net (fo=1, routed)           0.000     7.593    y[7]_i_571_n_0
    SLICE_X43Y58         CARRY4 (Prop_carry4_S[2]_O[2])
                                                      0.248     7.841 r  y_reg[7]_i_539/O[2]
                         net (fo=1, routed)           0.428     8.269    y_reg[7]_i_539_n_5
    SLICE_X42Y59         LUT2 (Prop_lut2_I1_O)        0.302     8.571 r  y[7]_i_486/O
                         net (fo=1, routed)           0.000     8.571    y[7]_i_486_n_0
    SLICE_X42Y59         CARRY4 (Prop_carry4_S[2]_O[2])
                                                      0.250     8.821 r  y_reg[7]_i_455/O[2]
                         net (fo=1, routed)           0.571     9.391    y_reg[7]_i_455_n_5
    SLICE_X40Y59         LUT2 (Prop_lut2_I1_O)        0.301     9.692 r  y[7]_i_565/O
                         net (fo=1, routed)           0.000     9.692    y[7]_i_565_n_0
    SLICE_X40Y59         CARRY4 (Prop_carry4_S[1]_O[2])
                                                      0.580    10.272 r  y_reg[7]_i_528/O[2]
                         net (fo=1, routed)           0.302    10.574    y_reg[7]_i_528_n_5
    SLICE_X39Y59         LUT2 (Prop_lut2_I1_O)        0.302    10.876 r  y[7]_i_480/O
                         net (fo=1, routed)           0.000    10.876    y[7]_i_480_n_0
    SLICE_X39Y59         CARRY4 (Prop_carry4_S[2]_O[2])
                                                      0.248    11.124 r  y_reg[7]_i_454/O[2]
                         net (fo=1, routed)           0.432    11.556    y_reg[7]_i_454_n_5
    SLICE_X38Y60         LUT2 (Prop_lut2_I1_O)        0.302    11.858 r  y[7]_i_425/O
                         net (fo=1, routed)           0.000    11.858    y[7]_i_425_n_0
    SLICE_X38Y60         CARRY4 (Prop_carry4_S[3]_O[3])
                                                      0.255    12.113 r  y_reg[7]_i_402/O[3]
                         net (fo=1, routed)           0.295    12.408    y_reg[7]_i_402_n_4
    SLICE_X37Y59         LUT2 (Prop_lut2_I1_O)        0.307    12.715 r  y[7]_i_421/O
                         net (fo=1, routed)           0.000    12.715    y[7]_i_421_n_0
    SLICE_X37Y59         CARRY4 (Prop_carry4_S[2]_O[2])
                                                      0.248    12.963 r  y_reg[7]_i_401/O[2]
                         net (fo=1, routed)           0.505    13.468    y_reg[7]_i_401_n_5
    SLICE_X36Y59         LUT2 (Prop_lut2_I1_O)        0.302    13.770 r  y[7]_i_357/O
                         net (fo=1, routed)           0.000    13.770    y[7]_i_357_n_0
    SLICE_X36Y59         CARRY4 (Prop_carry4_S[3]_O[3])
                                                      0.255    14.025 r  y_reg[7]_i_329/O[3]
                         net (fo=1, routed)           0.477    14.502    y_reg[7]_i_329_n_4
    SLICE_X35Y61         LUT2 (Prop_lut2_I1_O)        0.307    14.809 r  y[7]_i_292/O
                         net (fo=1, routed)           0.000    14.809    y[7]_i_292_n_0
    SLICE_X35Y61         CARRY4 (Prop_carry4_S[3]_O[3])
                                                      0.248    15.057 r  y_reg[7]_i_266/O[3]
                         net (fo=1, routed)           0.696    15.753    y_reg[7]_i_266_n_4
    SLICE_X44Y63         LUT2 (Prop_lut2_I1_O)        0.306    16.059 r  y[7]_i_354/O
                         net (fo=1, routed)           0.000    16.059    y[7]_i_354_n_0
    SLICE_X44Y63         CARRY4 (Prop_carry4_S[1]_O[1])
                                                      0.227    16.286 r  y_reg[7]_i_325/O[1]
                         net (fo=1, routed)           0.439    16.725    y_reg[7]_i_325_n_6
    SLICE_X46Y62         LUT2 (Prop_lut2_I1_O)        0.303    17.028 r  y[7]_i_288/O
                         net (fo=1, routed)           0.000    17.028    y[7]_i_288_n_0
    SLICE_X46Y62         CARRY4 (Prop_carry4_S[2]_O[2])
                                                      0.250    17.278 r  y_reg[7]_i_265/O[2]
                         net (fo=1, routed)           0.494    17.772    y_reg[7]_i_265_n_5
    SLICE_X45Y60         LUT2 (Prop_lut2_I1_O)        0.301    18.073 r  y[7]_i_284/O
                         net (fo=1, routed)           0.000    18.073    y[7]_i_284_n_0
    SLICE_X45Y60         CARRY4 (Prop_carry4_S[0]_O[0])
                                                      0.247    18.320 r  y_reg[7]_i_264/O[0]
                         net (fo=1, routed)           0.644    18.964    y_reg[7]_i_264_n_7
    SLICE_X45Y56         LUT2 (Prop_lut2_I1_O)        0.299    19.263 r  y[7]_i_233/O
                         net (fo=1, routed)           0.000    19.263    y[7]_i_233_n_0
    SLICE_X45Y56         CARRY4 (Prop_carry4_S[3]_O[3])
                                                      0.248    19.511 r  y_reg[7]_i_212/O[3]
                         net (fo=1, routed)           0.472    19.983    y_reg[7]_i_212_n_4
    SLICE_X44Y56         LUT2 (Prop_lut2_I1_O)        0.306    20.289 r  y[7]_i_230/O
                         net (fo=1, routed)           0.000    20.289    y[7]_i_230_n_0
    SLICE_X44Y56         CARRY4 (Prop_carry4_S[1]_O[1])
                                                      0.227    20.516 r  y_reg[7]_i_211/O[1]
                         net (fo=1, routed)           0.575    21.091    y_reg[7]_i_211_n_6
    SLICE_X43Y54         LUT2 (Prop_lut2_I1_O)        0.303    21.394 r  y[7]_i_183/O
                         net (fo=1, routed)           0.000    21.394    y[7]_i_183_n_0
    SLICE_X43Y54         CARRY4 (Prop_carry4_S[3]_CO[3])
                                                      0.401    21.795 r  y_reg[7]_i_167/CO[3]
                         net (fo=1, routed)           0.000    21.795    y_reg[7]_i_167_n_0
    SLICE_X43Y55         CARRY4 (Prop_carry4_CI_O[0])
                                                      0.222    22.017 r  y_reg[7]_i_297/O[0]
                         net (fo=1, routed)           0.658    22.674    y_reg[7]_i_297_n_7
    SLICE_X44Y52         LUT2 (Prop_lut2_I1_O)        0.299    22.973 r  y[7]_i_271/O
                         net (fo=1, routed)           0.000    22.973    y[7]_i_271_n_0
    SLICE_X44Y52         CARRY4 (Prop_carry4_S[3]_O[3])
                                                      0.248    23.221 r  y_reg[7]_i_249/O[3]
                         net (fo=1, routed)           0.499    23.721    y_reg[7]_i_249_n_4
    SLICE_X45Y52         LUT2 (Prop_lut2_I1_O)        0.306    24.027 r  y[7]_i_223/O
                         net (fo=1, routed)           0.000    24.027    y[7]_i_223_n_0
    SLICE_X45Y52         CARRY4 (Prop_carry4_S[3]_O[3])
                                                      0.248    24.275 r  y_reg[7]_i_200/O[3]
                         net (fo=1, routed)           0.448    24.723    y_reg[7]_i_200_n_4
    SLICE_X47Y52         LUT2 (Prop_lut2_I1_O)        0.306    25.029 r  y[7]_i_177/O
                         net (fo=1, routed)           0.000    25.029    y[7]_i_177_n_0
    SLICE_X47Y52         CARRY4 (Prop_carry4_S[3]_O[3])
                                                      0.248    25.277 r  y_reg[7]_i_166/O[3]
                         net (fo=1, routed)           0.430    25.706    y_reg[7]_i_166_n_4
    SLICE_X46Y53         LUT2 (Prop_lut2_I1_O)        0.306    26.012 r  y[7]_i_175/O
                         net (fo=1, routed)           0.000    26.012    y[7]_i_175_n_0
    SLICE_X46Y53         CARRY4 (Prop_carry4_S[1]_O[1])
                                                      0.230    26.242 r  y_reg[7]_i_165/O[1]
                         net (fo=1, routed)           0.564    26.806    y_reg[7]_i_165_n_6
    SLICE_X46Y50         LUT2 (Prop_lut2_I1_O)        0.306    27.112 r  y[7]_i_216/O
                         net (fo=1, routed)           0.000    27.112    y[7]_i_216_n_0
    SLICE_X46Y50         CARRY4 (Prop_carry4_S[0]_O[0])
                                                      0.252    27.364 r  y_reg[7]_i_195/O[0]
                         net (fo=1, routed)           0.457    27.821    y_reg[7]_i_195_n_7
    SLICE_X43Y51         LUT2 (Prop_lut2_I1_O)        0.295    28.116 r  y[7]_i_172/O
                         net (fo=1, routed)           0.000    28.116    y[7]_i_172_n_0
    SLICE_X43Y51         CARRY4 (Prop_carry4_S[0]_O[0])
                                                      0.247    28.363 r  y_reg[7]_i_153/O[0]
                         net (fo=1, routed)           0.310    28.673    y_reg[7]_i_153_n_7
    SLICE_X42Y52         LUT2 (Prop_lut2_I1_O)        0.299    28.972 r  y[7]_i_145/O
                         net (fo=1, routed)           0.000    28.972    y[7]_i_145_n_0
    SLICE_X42Y52         CARRY4 (Prop_carry4_S[0]_O[0])
                                                      0.252    29.224 r  y_reg[7]_i_129/O[0]
                         net (fo=1, routed)           0.430    29.654    y_reg[7]_i_129_n_7
    SLICE_X41Y53         LUT2 (Prop_lut2_I1_O)        0.295    29.949 r  y[7]_i_119/O
                         net (fo=1, routed)           0.000    29.949    y[7]_i_119_n_0
    SLICE_X41Y53         CARRY4 (Prop_carry4_S[0]_O[0])
                                                      0.247    30.196 r  y_reg[7]_i_106/O[0]
                         net (fo=1, routed)           0.354    30.550    y_reg[7]_i_106_n_7
    SLICE_X40Y53         LUT2 (Prop_lut2_I1_O)        0.299    30.849 r  y[7]_i_82/O
                         net (fo=1, routed)           0.000    30.849    y[7]_i_82_n_0
    SLICE_X40Y53         CARRY4 (Prop_carry4_S[3]_O[3])
                                                      0.248    31.097 r  y_reg[7]_i_73/O[3]
                         net (fo=1, routed)           0.586    31.683    y_reg[7]_i_73_n_4
    SLICE_X39Y54         CARRY4 (Prop_carry4_S[0]_O[0])
                                                      0.553    32.236 r  y_reg[15]_i_282/O[0]
                         net (fo=1, routed)           0.429    32.665    y_reg[15]_i_282_n_7
    SLICE_X38Y54         LUT2 (Prop_lut2_I1_O)        0.299    32.964 r  y[7]_i_114/O
                         net (fo=1, routed)           0.000    32.964    y[7]_i_114_n_0
    SLICE_X38Y54         CARRY4 (Prop_carry4_S[0]_O[0])
                                                      0.252    33.216 r  y_reg[7]_i_94/O[0]
                         net (fo=1, routed)           0.425    33.641    y_reg[7]_i_94_n_7
    SLICE_X37Y55         LUT2 (Prop_lut2_I1_O)        0.295    33.936 r  y[7]_i_77/O
                         net (fo=1, routed)           0.000    33.936    y[7]_i_77_n_0
    SLICE_X37Y55         CARRY4 (Prop_carry4_S[2]_O[2])
                                                      0.248    34.184 r  y_reg[7]_i_66/O[2]
                         net (fo=1, routed)           0.585    34.769    y_reg[7]_i_66_n_5
    SLICE_X37Y51         LUT2 (Prop_lut2_I1_O)        0.302    35.071 r  y[7]_i_57/O
                         net (fo=1, routed)           0.000    35.071    y[7]_i_57_n_0
    SLICE_X37Y51         CARRY4 (Prop_carry4_S[3]_O[3])
                                                      0.248    35.319 r  y_reg[7]_i_51/O[3]
                         net (fo=1, routed)           0.560    35.879    y_reg[7]_i_51_n_4
    SLICE_X36Y53         LUT2 (Prop_lut2_I1_O)        0.306    36.185 r  y[15]_i_223/O
                         net (fo=1, routed)           0.000    36.185    y[15]_i_223_n_0
    SLICE_X36Y53         CARRY4 (Prop_carry4_S[0]_O[0])
                                                      0.252    36.437 r  y_reg[15]_i_193/O[0]
                         net (fo=1, routed)           0.458    36.895    y_reg[15]_i_193_n_7
    SLICE_X35Y52         LUT2 (Prop_lut2_I1_O)        0.295    37.190 r  y[15]_i_206/O
                         net (fo=1, routed)           0.000    37.190    y[15]_i_206_n_0
    SLICE_X35Y52         CARRY4 (Prop_carry4_S[3]_O[3])
                                                      0.248    37.438 r  y_reg[15]_i_178/O[3]
                         net (fo=1, routed)           0.430    37.868    y_reg[15]_i_178_n_4
    SLICE_X34Y52         LUT2 (Prop_lut2_I1_O)        0.306    38.174 r  y[7]_i_53/O
                         net (fo=1, routed)           0.000    38.174    y[7]_i_53_n_0
    SLICE_X34Y52         CARRY4 (Prop_carry4_S[3]_O[3])
                                                      0.255    38.429 r  y_reg[7]_i_47/O[3]
                         net (fo=1, routed)           0.455    38.884    y_reg[7]_i_47_n_4
    SLICE_X32Y53         LUT2 (Prop_lut2_I1_O)        0.307    39.191 r  y[15]_i_134/O
                         net (fo=1, routed)           0.000    39.191    y[15]_i_134_n_0
    SLICE_X32Y53         CARRY4 (Prop_carry4_S[2]_O[2])
                                                      0.250    39.441 r  y_reg[15]_i_105/O[2]
                         net (fo=1, routed)           0.603    40.044    y_reg[15]_i_105_n_5
    SLICE_X32Y49         LUT2 (Prop_lut2_I1_O)        0.301    40.345 r  y[7]_i_35/O
                         net (fo=1, routed)           0.000    40.345    y[7]_i_35_n_0
    SLICE_X32Y49         CARRY4 (Prop_carry4_S[3]_CO[3])
                                                      0.376    40.721 r  y_reg[7]_i_32/CO[3]
                         net (fo=1, routed)           0.001    40.721    y_reg[7]_i_32_n_0
    SLICE_X32Y50         CARRY4 (Prop_carry4_CI_O[0])
                                                      0.219    40.940 r  y_reg[15]_i_62/O[0]
                         net (fo=1, routed)           0.484    41.424    acc__0[5]
    SLICE_X33Y50         LUT2 (Prop_lut2_I1_O)        0.295    41.719 r  y[15]_i_52/O
                         net (fo=1, routed)           0.000    41.719    y[15]_i_52_n_0
    SLICE_X33Y50         CARRY4 (Prop_carry4_S[1]_O[2])
                                                      0.580    42.299 r  y_reg[15]_i_33/O[2]
                         net (fo=1, routed)           0.831    43.130    y_reg[15]_i_33_n_5
    SLICE_X33Y54         LUT2 (Prop_lut2_I1_O)        0.302    43.432 r  y[11]_i_28/O
                         net (fo=1, routed)           0.000    43.432    y[11]_i_28_n_0
    SLICE_X33Y54         CARRY4 (Prop_carry4_S[1]_O[1])
                                                      0.227    43.659 r  y_reg[11]_i_18/O[1]
                         net (fo=1, routed)           0.630    44.289    y_reg[11]_i_18_n_6
    SLICE_X33Y59         LUT2 (Prop_lut2_I1_O)        0.303    44.592 r  y[11]_i_12/O
                         net (fo=1, routed)           0.000    44.592    y[11]_i_12_n_0
    SLICE_X33Y59         CARRY4 (Prop_carry4_S[2]_O[2])
                                                      0.248    44.840 r  y_reg[11]_i_4/O[2]
                         net (fo=2, routed)           0.567    45.407    p_0_in[6]
    SLICE_X35Y59         LUT3 (Prop_lut3_I1_O)        0.302    45.709 r  y[7]_i_2/O
                         net (fo=2, routed)           0.438    46.147    y[7]_i_2_n_0
    SLICE_X34Y59         LUT4 (Prop_lut4_I0_O)        0.124    46.271 r  y[7]_i_6/O
                         net (fo=1, routed)           0.000    46.271    y[7]_i_6_n_0
    SLICE_X34Y59         CARRY4 (Prop_carry4_S[3]_O[3])
                                                      0.255    46.526 r  y_reg[7]_i_1/O[3]
                         net (fo=1, routed)           0.000    46.526    acc[7]
    SLICE_X34Y59         FDRE                                         r  y_reg[7]/D
  -------------------------------------------------------------------    -------------------

                         (clock vclk rise edge)      47.291    47.291 r  <hidden>
                                                      0.000    47.291 r  clk
                         net (fo=351, unset)          0.924    48.215    clk
    SLICE_X34Y59         FDRE                                         r  y_reg[7]/C
                         clock pessimism              0.000    48.215    <hidden>
                         clock uncertainty           -0.035    48.180    <hidden>
    SLICE_X34Y59         FDRE (Setup_fdre_C_D)        0.109    48.289    y_reg[7]
  -------------------------------------------------------------------
                         required time                         48.289    <hidden>
                         arrival time                         -46.526    <hidden>
  -------------------------------------------------------------------
                         slack                                  1.763    <hidden>

Slack (MET) :             2.262ns  (required time - arrival time)
  Source:                 d41_reg[2]/C
                            (rising edge-triggered cell FDRE clocked by vclk  {rise@0.000ns fall@23.646ns period=47.291ns})
  Destination:            y_reg[6]/D
                            (rising edge-triggered cell FDRE clocked by vclk  {rise@0.000ns fall@23.646ns period=47.291ns})
  Path Group:             vclk
  Path Type:              Setup (Max at Slow Process Corner)
  Requirement:            47.291ns  (vclk rise@47.291ns - vclk rise@0.000ns)
  Data Path Delay:        45.054ns  (logic 23.908ns (53.065%)  route 21.146ns (46.935%))
  Logic Levels:           83  (CARRY4=43 LUT2=38 LUT3=1 LUT4=1)
  Clock Path Skew:        -0.049ns (DCD - SCD + CPR)
    Destination Clock Delay (DCD):    0.924ns = ( 48.215 - 47.291 ) 
    Source Clock Delay      (SCD):    0.973ns
    Clock Pessimism Removal (CPR):    0.000ns
  Clock Uncertainty:      0.035ns  ((TSJ^2 + TIJ^2)^1/2 + DJ) / 2 + PE
    Total System Jitter     (TSJ):    0.071ns
    Total Input Jitter      (TIJ):    0.000ns
    Discrete Jitter          (DJ):    0.000ns
    Phase Error              (PE):    0.000ns

    Location             Delay type                Incr(ns)  Path(ns)    Netlist Resource(s)
  -------------------------------------------------------------------    -------------------
                         (clock vclk rise edge)       0.000     0.000 r  <hidden>
                                                      0.000     0.000 r  clk
                         net (fo=351, unset)          0.973     0.973    clk
    SLICE_X45Y58         FDRE                                         r  d41_reg[2]/C
  -------------------------------------------------------------------    -------------------
    SLICE_X45Y58         FDRE (Prop_fdre_C_Q)         0.456     1.429 r  d41_reg[2]/Q
                         net (fo=2, routed)           0.419     1.848    d41[2]
    SLICE_X46Y59         CARRY4 (Prop_carry4_S[0]_O[0])
                                                      0.376     2.224 r  y_reg[7]_i_771/O[0]
                         net (fo=2, routed)           0.561     2.785    acc0[2]
    SLICE_X47Y61         LUT2 (Prop_lut2_I0_O)        0.295     3.080 r  y[7]_i_775/O
                         net (fo=1, routed)           0.000     3.080    y[7]_i_775_n_0
    SLICE_X47Y61         CARRY4 (Prop_carry4_S[0]_O[0])
                                                      0.247     3.327 r  y_reg[7]_i_755/O[0]
                         net (fo=1, routed)           0.596     3.923    y_reg[7]_i_755_n_7
    SLICE_X48Y61         LUT2 (Prop_lut2_I1_O)        0.299     4.222 r  y[7]_i_739/O
                         net (fo=1, routed)           0.000     4.222    y[7]_i_739_n_0
    SLICE_X48Y61         CARRY4 (Prop_carry4_S[0]_O[0])
                                                      0.247     4.469 r  y_reg[7]_i_721/O[0]
                         net (fo=1, routed)           0.712     5.181    y_reg[7]_i_721_n_7
    SLICE_X48Y57         LUT2 (Prop_lut2_I1_O)        0.299     5.480 r  y[7]_i_698/O
                         net (fo=1, routed)           0.000     5.480    y[7]_i_698_n_0
    SLICE_X48Y57         CARRY4 (Prop_carry4_S[0]_O[0])
                                                      0.247     5.727 r  y_reg[7]_i_675/O[0]
                         net (fo=1, routed)           0.585     6.312    y_reg[7]_i_675_n_7
    SLICE_X47Y57         LUT2 (Prop_lut2_I1_O)        0.299     6.611 r  y[7]_i_639/O
                         net (fo=1, routed)           0.000     6.611    y[7]_i_639_n_0
    SLICE_X47Y57         CARRY4 (Prop_carry4_S[1]_O[1])
                                                      0.227     6.838 r  y_reg[7]_i_612/O[1]
                         net (fo=1, routed)           0.452     7.290    y_reg[7]_i_612_n_6
    SLICE_X43Y58         LUT2 (Prop_lut2_I1_O)        0.303     7.593 r  y[7]_i_571/O
                         net (fo=1, routed)           0.000     7.593    y[7]_i_571_n_0
    SLICE_X43Y58         CARRY4 (Prop_carry4_S[2]_O[2])
                                                      0.248     7.841 r  y_reg[7]_i_539/O[2]
                         net (fo=1, routed)           0.428     8.269    y_reg[7]_i_539_n_5
    SLICE_X42Y59         LUT2 (Prop_lut2_I1_O)        0.302     8.571 r  y[7]_i_486/O
                         net (fo=1, routed)           0.000     8.571    y[7]_i_486_n_0
    SLICE_X42Y59         CARRY4 (Prop_carry4_S[2]_O[2])
                                                      0.250     8.821 r  y_reg[7]_i_455/O[2]
                         net (fo=1, routed)           0.571     9.391    y_reg[7]_i_455_n_5
    SLICE_X40Y59         LUT2 (Prop_lut2_I1_O)        0.301     9.692 r  y[7]_i_565/O
                         net (fo=1, routed)           0.000     9.692    y[7]_i_565_n_0
    SLICE_X40Y59         CARRY4 (Prop_carry4_S[1]_O[2])
                                                      0.580    10.272 r  y_reg[7]_i_528/O[2]
                         net (fo=1, routed)           0.302    10.574    y_reg[7]_i_528_n_5
    SLICE_X39Y59         LUT2 (Prop_lut2_I1_O)        0.302    10.876 r  y[7]_i_480/O
                         net (fo=1, routed)           0.000    10.876    y[7]_i_480_n_0
    SLICE_X39Y59         CARRY4 (Prop_carry4_S[2]_O[2])
                                                      0.248    11.124 r  y_reg[7]_i_454/O[2]
                         net (fo=1, routed)           0.432    11.556    y_reg[7]_i_454_n_5
    SLICE_X38Y60         LUT2 (Prop_lut2_I1_O)        0.302    11.858 r  y[7]_i_425/O
                         net (fo=1, routed)           0.000    11.858    y[7]_i_425_n_0
    SLICE_X38Y60         CARRY4 (Prop_carry4_S[3]_O[3])
                                                      0.255    12.113 r  y_reg[7]_i_402/O[3]
                         net (fo=1, routed)           0.295    12.408    y_reg[7]_i_402_n_4
    SLICE_X37Y59         LUT2 (Prop_lut2_I1_O)        0.307    12.715 r  y[7]_i_421/O
                         net (fo=1, routed)           0.000    12.715    y[7]_i_421_n_0
    SLICE_X37Y59         CARRY4 (Prop_carry4_S[2]_O[2])
                                                      0.248    12.963 r  y_reg[7]_i_401/O[2]
                         net (fo=1, routed)           0.505    13.468    y_reg[7]_i_401_n_5
    SLICE_X36Y59         LUT2 (Prop_lut2_I1_O)        0.302    13.770 r  y[7]_i_357/O
                         net (fo=1, routed)           0.000    13.770    y[7]_i_357_n_0
    SLICE_X36Y59         CARRY4 (Prop_carry4_S[3]_O[3])
                                                      0.255    14.025 r  y_reg[7]_i_329/O[3]
                         net (fo=1, routed)           0.477    14.502    y_reg[7]_i_329_n_4
    SLICE_X35Y61         LUT2 (Prop_lut2_I1_O)        0.307    14.809 r  y[7]_i_292/O
                         net (fo=1, routed)           0.000    14.809    y[7]_i_292_n_0
    SLICE_X35Y61         CARRY4 (Prop_carry4_S[3]_O[3])
                                                      0.248    15.057 r  y_reg[7]_i_266/O[3]
                         net (fo=1, routed)           0.696    15.753    y_reg[7]_i_266_n_4
    SLICE_X44Y63         LUT2 (Prop_lut2_I1_O)        0.306    16.059 r  y[7]_i_354/O
                         net (fo=1, routed)           0.000    16.059    y[7]_i_354_n_0
    SLICE_X44Y63         CARRY4 (Prop_carry4_S[1]_O[1])
                                                      0.227    16.286 r  y_reg[7]_i_325/O[1]
                         net (fo=1, routed)           0.439    16.725    y_reg[7]_i_325_n_6
    SLICE_X46Y62         LUT2 (Prop_lut2_I1_O)        0.303    17.028 r  y[7]_i_288/O
                         net (fo=1, routed)           0.000    17.028    y[7]_i_288_n_0
    SLICE_X46Y62         CARRY4 (Prop_carry4_S[2]_O[2])
                                                      0.250    17.278 r  y_reg[7]_i_265/O[2]
                         net (fo=1, routed)           0.494    17.772    y_reg[7]_i_265_n_5
    SLICE_X45Y60         LUT2 (Prop_lut2_I1_O)        0.301    18.073 r  y[7]_i_284/O
                         net (fo=1, routed)           0.000    18.073    y[7]_i_284_n_0
    SLICE_X45Y60         CARRY4 (Prop_carry4_S[0]_O[0])
                                                      0.247    18.320 r  y_reg[7]_i_264/O[0]
                         net (fo=1, routed)           0.644    18.964    y_reg[7]_i_264_n_7
    SLICE_X45Y56         LUT2 (Prop_lut2_I1_O)        0.299    19.263 r  y[7]_i_233/O
                         net (fo=1, routed)           0.000    19.263    y[7]_i_233_n_0
    SLICE_X45Y56         CARRY4 (Prop_carry4_S[3]_O[3])
                                                      0.248    19.511 r  y_reg[7]_i_212/O[3]
                         net (fo=1, routed)           0.472    19.983    y_reg[7]_i_212_n_4
    SLICE_X44Y56         LUT2 (Prop_lut2_I1_O)        0.306    20.289 r  y[7]_i_230/O
                         net (fo=1, routed)           0.000    20.289    y[7]_i_230_n_0
    SLICE_X44Y56         CARRY4 (Prop_carry4_S[1]_O[1])
                                                      0.227    20.516 r  y_reg[7]_i_211/O[1]
                         net (fo=1, routed)           0.575    21.091    y_reg[7]_i_211_n_6
    SLICE_X43Y54         LUT2 (Prop_lut2_I1_O)        0.303    21.394 r  y[7]_i_183/O
                         net (fo=1, routed)           0.000    21.394    y[7]_i_183_n_0
    SLICE_X43Y54         CARRY4 (Prop_carry4_S[3]_CO[3])
                                                      0.401    21.795 r  y_reg[7]_i_167/CO[3]
                         net (fo=1, routed)           0.000    21.795    y_reg[7]_i_167_n_0
    SLICE_X43Y55         CARRY4 (Prop_carry4_CI_O[0])
                                                      0.222    22.017 r  y_reg[7]_i_297/O[0]
                         net (fo=1, routed)           0.658    22.674    y_reg[7]_i_297_n_7
    SLICE_X44Y52         LUT2 (Prop_lut2_I1_O)        0.299    22.973 r  y[7]_i_271/O
                         net (fo=1, routed)           0.000    22.973    y[7]_i_271_n_0
    SLICE_X44Y52         CARRY4 (Prop_carry4_S[3]_O[3])
                                                      0.248    23.221 r  y_reg[7]_i_249/O[3]
                         net (fo=1, routed)           0.499    23.721    y_reg[7]_i_249_n_4
    SLICE_X45Y52         LUT2 (Prop_lut2_I1_O)        0.306    24.027 r  y[7]_i_223/O
                         net (fo=1, routed)           0.000    24.027    y[7]_i_223_n_0
    SLICE_X45Y52         CARRY4 (Prop_carry4_S[3]_O[3])
                                                      0.248    24.275 r  y_reg[7]_i_200/O[3]
                         net (fo=1, routed)           0.448    24.723    y_reg[7]_i_200_n_4
    SLICE_X47Y52         LUT2 (Prop_lut2_I1_O)        0.306    25.029 r  y[7]_i_177/O
                         net (fo=1, routed)           0.000    25.029    y[7]_i_177_n_0
    SLICE_X47Y52         CARRY4 (Prop_carry4_S[3]_O[3])
                                                      0.248    25.277 r  y_reg[7]_i_166/O[3]
                         net (fo=1, routed)           0.430    25.706    y_reg[7]_i_166_n_4
    SLICE_X46Y53         LUT2 (Prop_lut2_I1_O)        0.306    26.012 r  y[7]_i_175/O
                         net (fo=1, routed)           0.000    26.012    y[7]_i_175_n_0
    SLICE_X46Y53         CARRY4 (Prop_carry4_S[1]_O[1])
                                                      0.230    26.242 r  y_reg[7]_i_165/O[1]
                         net (fo=1, routed)           0.564    26.806    y_reg[7]_i_165_n_6
    SLICE_X46Y50         LUT2 (Prop_lut2_I1_O)        0.306    27.112 r  y[7]_i_216/O
                         net (fo=1, routed)           0.000    27.112    y[7]_i_216_n_0
    SLICE_X46Y50         CARRY4 (Prop_carry4_S[0]_O[0])
                                                      0.252    27.364 r  y_reg[7]_i_195/O[0]
                         net (fo=1, routed)           0.457    27.821    y_reg[7]_i_195_n_7
    SLICE_X43Y51         LUT2 (Prop_lut2_I1_O)        0.295    28.116 r  y[7]_i_172/O
                         net (fo=1, routed)           0.000    28.116    y[7]_i_172_n_0
    SLICE_X43Y51         CARRY4 (Prop_carry4_S[0]_O[0])
                                                      0.247    28.363 r  y_reg[7]_i_153/O[0]
                         net (fo=1, routed)           0.310    28.673    y_reg[7]_i_153_n_7
    SLICE_X42Y52         LUT2 (Prop_lut2_I1_O)        0.299    28.972 r  y[7]_i_145/O
                         net (fo=1, routed)           0.000    28.972    y[7]_i_145_n_0
    SLICE_X42Y52         CARRY4 (Prop_carry4_S[0]_O[0])
                                                      0.252    29.224 r  y_reg[7]_i_129/O[0]
                         net (fo=1, routed)           0.430    29.654    y_reg[7]_i_129_n_7
    SLICE_X41Y53         LUT2 (Prop_lut2_I1_O)        0.295    29.949 r  y[7]_i_119/O
                         net (fo=1, routed)           0.000    29.949    y[7]_i_119_n_0
    SLICE_X41Y53         CARRY4 (Prop_carry4_S[0]_O[0])
                                                      0.247    30.196 r  y_reg[7]_i_106/O[0]
                         net (fo=1, routed)           0.354    30.550    y_reg[7]_i_106_n_7
    SLICE_X40Y53         LUT2 (Prop_lut2_I1_O)        0.299    30.849 r  y[7]_i_82/O
                         net (fo=1, routed)           0.000    30.849    y[7]_i_82_n_0
    SLICE_X40Y53         CARRY4 (Prop_carry4_S[3]_O[3])
                                                      0.248    31.097 r  y_reg[7]_i_73/O[3]
                         net (fo=1, routed)           0.586    31.683    y_reg[7]_i_73_n_4
    SLICE_X39Y54         CARRY4 (Prop_carry4_S[0]_O[0])
                                                      0.553    32.236 r  y_reg[15]_i_282/O[0]
                         net (fo=1, routed)           0.429    32.665    y_reg[15]_i_282_n_7
    SLICE_X38Y54         LUT2 (Prop_lut2_I1_O)        0.299    32.964 r  y[7]_i_114/O
                         net (fo=1, routed)           0.000    32.964    y[7]_i_114_n_0
    SLICE_X38Y54         CARRY4 (Prop_carry4_S[0]_O[0])
                                                      0.252    33.216 r  y_reg[7]_i_94/O[0]
                         net (fo=1, routed)           0.425    33.641    y_reg[7]_i_94_n_7
    SLICE_X37Y55         LUT2 (Prop_lut2_I1_O)        0.295    33.936 r  y[7]_i_77/O
                         net (fo=1, routed)           0.000    33.936    y[7]_i_77_n_0
    SLICE_X37Y55         CARRY4 (Prop_carry4_S[2]_O[2])
                                                      0.248    34.184 r  y_reg[7]_i_66/O[2]
                         net (fo=1, routed)           0.585    34.769    y_reg[7]_i_66_n_5
    SLICE_X37Y51         LUT2 (Prop_lut2_I1_O)        0.302    35.071 r  y[7]_i_57/O
                         net (fo=1, routed)           0.000    35.071    y[7]_i_57_n_0
    SLICE_X37Y51         CARRY4 (Prop_carry4_S[3]_O[3])
                                                      0.248    35.319 r  y_reg[7]_i_51/O[3]
                         net (fo=1, routed)           0.560    35.879    y_reg[7]_i_51_n_4
    SLICE_X36Y53         LUT2 (Prop_lut2_I1_O)        0.306    36.185 r  y[15]_i_223/O
                         net (fo=1, routed)           0.000    36.185    y[15]_i_223_n_0
    SLICE_X36Y53         CARRY4 (Prop_carry4_S[0]_O[0])
                                                      0.252    36.437 r  y_reg[15]_i_193/O[0]
                         net (fo=1, routed)           0.458    36.895    y_reg[15]_i_193_n_7
    SLICE_X35Y52         LUT2 (Prop_lut2_I1_O)        0.295    37.190 r  y[15]_i_206/O
                         net (fo=1, routed)           0.000    37.190    y[15]_i_206_n_0
    SLICE_X35Y52         CARRY4 (Prop_carry4_S[3]_O[3])
                                                      0.248    37.438 r  y_reg[15]_i_178/O[3]
                         net (fo=1, routed)           0.430    37.868    y_reg[15]_i_178_n_4
    SLICE_X34Y52         LUT2 (Prop_lut2_I1_O)        0.306    38.174 r  y[7]_i_53/O
                         net (fo=1, routed)           0.000    38.174    y[7]_i_53_n_0
    SLICE_X34Y52         CARRY4 (Prop_carry4_S[3]_O[3])
                                                      0.255    38.429 r  y_reg[7]_i_47/O[3]
                         net (fo=1, routed)           0.455    38.884    y_reg[7]_i_47_n_4
    SLICE_X32Y53         LUT2 (Prop_lut2_I1_O)        0.307    39.191 r  y[15]_i_134/O
                         net (fo=1, routed)           0.000    39.191    y[15]_i_134_n_0
    SLICE_X32Y53         CARRY4 (Prop_carry4_S[2]_O[2])
                                                      0.250    39.441 r  y_reg[15]_i_105/O[2]
                         net (fo=1, routed)           0.603    40.044    y_reg[15]_i_105_n_5
    SLICE_X32Y49         LUT2 (Prop_lut2_I1_O)        0.301    40.345 r  y[7]_i_35/O
                         net (fo=1, routed)           0.000    40.345    y[7]_i_35_n_0
    SLICE_X32Y49         CARRY4 (Prop_carry4_S[3]_CO[3])
                                                      0.376    40.721 r  y_reg[7]_i_32/CO[3]
                         net (fo=1, routed)           0.001    40.721    y_reg[7]_i_32_n_0
    SLICE_X32Y50         CARRY4 (Prop_carry4_CI_O[0])
                                                      0.219    40.940 r  y_reg[15]_i_62/O[0]
                         net (fo=1, routed)           0.484    41.424    acc__0[5]
    SLICE_X33Y50         LUT2 (Prop_lut2_I1_O)        0.295    41.719 r  y[15]_i_52/O
                         net (fo=1, routed)           0.000    41.719    y[15]_i_52_n_0
    SLICE_X33Y50         CARRY4 (Prop_carry4_S[1]_O[1])
                                                      0.227    41.946 r  y_reg[15]_i_33/O[1]
                         net (fo=1, routed)           0.685    42.631    y_reg[15]_i_33_n_6
    SLICE_X33Y54         LUT2 (Prop_lut2_I1_O)        0.303    42.934 r  y[11]_i_29/O
                         net (fo=1, routed)           0.000    42.934    y[11]_i_29_n_0
    SLICE_X33Y54         CARRY4 (Prop_carry4_S[0]_O[0])
                                                      0.247    43.181 r  y_reg[11]_i_18/O[0]
                         net (fo=1, routed)           0.695    43.876    y_reg[11]_i_18_n_7
    SLICE_X33Y59         LUT2 (Prop_lut2_I1_O)        0.299    44.175 r  y[11]_i_13/O
                         net (fo=1, routed)           0.000    44.175    y[11]_i_13_n_0
    SLICE_X33Y59         CARRY4 (Prop_carry4_S[1]_O[1])
                                                      0.227    44.402 r  y_reg[11]_i_4/O[1]
                         net (fo=2, routed)           0.586    44.988    p_0_in[5]
    SLICE_X35Y59         LUT3 (Prop_lut3_I1_O)        0.303    45.291 r  y[7]_i_3/O
                         net (fo=2, routed)           0.362    45.653    y[7]_i_3_n_0
    SLICE_X34Y59         LUT4 (Prop_lut4_I3_O)        0.124    45.777 r  y[7]_i_7/O
                         net (fo=1, routed)           0.000    45.777    y[7]_i_7_n_0
    SLICE_X34Y59         CARRY4 (Prop_carry4_S[2]_O[2])
                                                      0.250    46.027 r  y_reg[7]_i_1/O[2]
                         net (fo=1, routed)           0.000    46.027    acc[6]
    SLICE_X34Y59         FDRE                                         r  y_reg[6]/D
  -------------------------------------------------------------------    -------------------

                         (clock vclk rise edge)      47.291    47.291 r  <hidden>
                                                      0.000    47.291 r  clk
                         net (fo=351, unset)          0.924    48.215    clk
    SLICE_X34Y59         FDRE                                         r  y_reg[6]/C
                         clock pessimism              0.000    48.215    <hidden>
                         clock uncertainty           -0.035    48.180    <hidden>
    SLICE_X34Y59         FDRE (Setup_fdre_C_D)        0.109    48.289    y_reg[6]
  -------------------------------------------------------------------
                         required time                         48.289    <hidden>
                         arrival time                         -46.027    <hidden>
  -------------------------------------------------------------------
                         slack                                  2.262    <hidden>





Pulse Width Checks
--------------------------------------------------------------------------------------
Clock Name:         vclk
Waveform(ns):       { 0.000 23.646 }
Period(ns):         47.291
Sources:            { clk }

Check Type        Corner  Lib Pin  Reference Pin  Required(ns)  Actual(ns)  Slack(ns)  Location      Pin
Min Period        n/a     FDRE/C   n/a            1.000         47.291      46.291     SLICE_X41Y62  d0_reg[0]/C
Min Period        n/a     FDRE/C   n/a            1.000         47.291      46.291     SLICE_X42Y62  d0_reg[1]/C
Min Period        n/a     FDRE/C   n/a            1.000         47.291      46.291     SLICE_X41Y62  d0_reg[2]/C
Min Period        n/a     FDRE/C   n/a            1.000         47.291      46.291     SLICE_X42Y62  d0_reg[3]/C
Min Period        n/a     FDRE/C   n/a            1.000         47.291      46.291     SLICE_X43Y62  d0_reg[4]/C
Min Period        n/a     FDRE/C   n/a            1.000         47.291      46.291     SLICE_X42Y62  d0_reg[5]/C
Min Period        n/a     FDRE/C   n/a            1.000         47.291      46.291     SLICE_X43Y65  d0_reg[6]/C
Min Period        n/a     FDRE/C   n/a            1.000         47.291      46.291     SLICE_X42Y64  d0_reg[7]/C
Min Period        n/a     FDRE/C   n/a            1.000         47.291      46.291     SLICE_X33Y53  d10_reg[0]/C
Min Period        n/a     FDRE/C   n/a            1.000         47.291      46.291     SLICE_X33Y53  d10_reg[1]/C
Low Pulse Width   Slow    FDRE/C   n/a            0.500         23.645      23.145     SLICE_X41Y62  d0_reg[0]/C
Low Pulse Width   Fast    FDRE/C   n/a            0.500         23.645      23.145     SLICE_X41Y62  d0_reg[0]/C
Low Pulse Width   Slow    FDRE/C   n/a            0.500         23.645      23.145     SLICE_X42Y62  d0_reg[1]/C
Low Pulse Width   Fast    FDRE/C   n/a            0.500         23.645      23.145     SLICE_X42Y62  d0_reg[1]/C
Low Pulse Width   Slow    FDRE/C   n/a            0.500         23.645      23.145     SLICE_X41Y62  d0_reg[2]/C
Low Pulse Width   Fast    FDRE/C   n/a            0.500         23.645      23.145     SLICE_X41Y62  d0_reg[2]/C
Low Pulse Width   Slow    FDRE/C   n/a            0.500         23.645      23.145     SLICE_X42Y62  d0_reg[3]/C
Low Pulse Width   Fast    FDRE/C   n/a            0.500         23.645      23.145     SLICE_X42Y62  d0_reg[3]/C
Low Pulse Width   Slow    FDRE/C   n/a            0.500         23.645      23.145     SLICE_X43Y62  d0_reg[4]/C
Low Pulse Width   Fast    FDRE/C   n/a            0.500         23.645      23.145     SLICE_X43Y62  d0_reg[4]/C
High Pulse Width  Slow    FDRE/C   n/a            0.500         23.645      23.145     SLICE_X41Y62  d0_reg[0]/C
High Pulse Width  Fast    FDRE/C   n/a            0.500         23.645      23.145     SLICE_X41Y62  d0_reg[0]/C
High Pulse Width  Slow    FDRE/C   n/a            0.500         23.645      23.145     SLICE_X42Y62  d0_reg[1]/C
High Pulse Width  Fast    FDRE/C   n/a            0.500         23.645      23.145     SLICE_X42Y62  d0_reg[1]/C
High Pulse Width  Slow    FDRE/C   n/a            0.500         23.645      23.145     SLICE_X41Y62  d0_reg[2]/C
High Pulse Width  Fast    FDRE/C   n/a            0.500         23.645      23.145     SLICE_X41Y62  d0_reg[2]/C
High Pulse Width  Slow    FDRE/C   n/a            0.500         23.645      23.145     SLICE_X42Y62  d0_reg[3]/C
High Pulse Width  Fast    FDRE/C   n/a            0.500         23.645      23.145     SLICE_X42Y62  d0_reg[3]/C
High Pulse Width  Slow    FDRE/C   n/a            0.500         23.645      23.145     SLICE_X43Y62  d0_reg[4]/C
High Pulse Width  Fast    FDRE/C   n/a            0.500         23.645      23.145     SLICE_X43Y62  d0_reg[4]/C



