Copyright 1986-2022 Xilinx, Inc. All Rights Reserved. Copyright 2022-2026 Advanced Micro Devices, Inc. All Rights Reserved.
------------------------------------------------------------------------------------------------------------------------------------------------------------------------------------------------------------------------------------------------------------------------------------------
| Tool Version : Vivado v.2026.1 (win64) Build 6511674 Tue Jun 16 11:02:23 MDT 2026
| Date         : Sun Aug 30 22:42:16 2026
| Host         : Amine running 64-bit major release  (build 9200)
| Command      : report_timing_summary -delay_type max -max_paths 10 -report_unconstrained -check_timing_verbose -warn_on_violation -file C:/Users/Amine/mas/fpga-repo/timing_closure_candidate_v7/results/c01_fir_sft_fir42_v6_8b/trial_005_search_p45p765_a0/reports/timing_summary.rpt
| Design       : sft__fir42_v6_8b__g1
| Device       : 7z020-clg400
| Speed File   : -1  PRODUCTION 1.12 2019-11-22
| Design State : Routed
------------------------------------------------------------------------------------------------------------------------------------------------------------------------------------------------------------------------------------------------------------------------------------------

Timing Summary Report

------------------------------------------------------------------------------------------------
| Timer Settings
| --------------
------------------------------------------------------------------------------------------------

  Enable Multi Corner Analysis               :  Yes
  Enable Pessimism Removal                   :  Yes
  Pessimism Removal Resolution               :  Nearest Common Node
  Enable Input Delay Default Clock           :  No
  Enable Preset / Clear Arcs                 :  No
  Disable Flight Delays                      :  No
  Ignore I/O Paths                           :  No
  Timing Early Launch at Borrowing Latches   :  No
  Borrow Time for Max Delay Exceptions       :  Yes
  Merge Timing Exceptions                    :  Yes
  Inter-SLR Compensation                     :  Conservative

  Corner  Analyze    Analyze    
  Name    Max Paths  Min Paths  
  ------  ---------  ---------  
  Slow    Yes        Yes        
  Fast    Yes        Yes        


------------------------------------------------------------------------------------------------
| Report Methodology
| ------------------
------------------------------------------------------------------------------------------------

No report available as report_methodology has not been run prior. Run report_methodology on the current design for the summary of methodology violations.



check_timing report

Table of Contents
-----------------
1. checking no_clock (0)
2. checking constant_clock (0)
3. checking pulse_width_clock (0)
4. checking unconstrained_internal_endpoints (0)
5. checking no_input_delay (0)
6. checking no_output_delay (0)
7. checking multiple_clock (0)
8. checking generated_clocks (0)
9. checking loops (0)
10. checking partial_input_delay (0)
11. checking partial_output_delay (0)
12. checking latch_loops (0)

1. checking no_clock (0)
------------------------
 There are 0 register/latch pins with no clock.


2. checking constant_clock (0)
------------------------------
 There are 0 register/latch pins with constant_clock.


3. checking pulse_width_clock (0)
---------------------------------
 There are 0 register/latch pins which need pulse_width check


4. checking unconstrained_internal_endpoints (0)
------------------------------------------------
 There are 0 pins that are not constrained for maximum delay.

 There are 0 pins that are not constrained for maximum delay due to constant clock.


5. checking no_input_delay (0)
------------------------------
 There are 0 input ports with no input delay specified.

 There are 0 input ports with no input delay but user has a false path constraint.


6. checking no_output_delay (0)
-------------------------------
 There are 0 ports with no output delay specified.

 There are 0 ports with no output delay but user has a false path constraint

 There are 0 ports with no output delay but with a timing clock defined on it or propagating through it


7. checking multiple_clock (0)
------------------------------
 There are 0 register/latch pins with multiple clocks.


8. checking generated_clocks (0)
--------------------------------
 There are 0 generated clocks that are not connected to a clock source.


9. checking loops (0)
---------------------
 There are 0 combinational loops in the design.


10. checking partial_input_delay (0)
------------------------------------
 There are 0 input ports with partial input delay specified.


11. checking partial_output_delay (0)
-------------------------------------
 There are 0 ports with partial output delay specified.


12. checking latch_loops (0)
----------------------------
 There are 0 combinational latch loops in the design through latch input



------------------------------------------------------------------------------------------------
| Design Timing Summary
| ---------------------
------------------------------------------------------------------------------------------------

    WNS(ns)      TNS(ns)  TNS Failing Endpoints  TNS Total Endpoints     WPWS(ns)     TPWS(ns)  TPWS Failing Endpoints  TPWS Total Endpoints  
    -------      -------  ---------------------  -------------------     --------     --------  ----------------------  --------------------  
     -2.978      -10.466                      6                  720       22.382        0.000                       0                   352  


Timing constraints are not met.


------------------------------------------------------------------------------------------------
| Clock Summary
| -------------
------------------------------------------------------------------------------------------------

Clock  Waveform(ns)       Period(ns)      Frequency(MHz)
-----  ------------       ----------      --------------
vclk   {0.000 22.882}     45.765          21.851          


------------------------------------------------------------------------------------------------
| Intra Clock Table
| -----------------
------------------------------------------------------------------------------------------------

Clock             WNS(ns)      TNS(ns)  TNS Failing Endpoints  TNS Total Endpoints     WPWS(ns)     TPWS(ns)  TPWS Failing Endpoints  TPWS Total Endpoints  
-----             -------      -------  ---------------------  -------------------     --------     --------  ----------------------  --------------------  
vclk               -2.978      -10.466                      6                  720       22.382        0.000                       0                   352  


------------------------------------------------------------------------------------------------
| Inter Clock Table
| -----------------
------------------------------------------------------------------------------------------------

From Clock    To Clock          WNS(ns)      TNS(ns)  TNS Failing Endpoints  TNS Total Endpoints  
----------    --------          -------      -------  ---------------------  -------------------  


------------------------------------------------------------------------------------------------
| Other Path Groups Table
| -----------------------
------------------------------------------------------------------------------------------------

Path Group    From Clock    To Clock          WNS(ns)      TNS(ns)  TNS Failing Endpoints  TNS Total Endpoints  
----------    ----------    --------          -------      -------  ---------------------  -------------------  


------------------------------------------------------------------------------------------------
| User Ignored Path Table
| -----------------------
------------------------------------------------------------------------------------------------

Path Group    From Clock    To Clock    
----------    ----------    --------    


------------------------------------------------------------------------------------------------
| Unconstrained Path Table
| ------------------------
------------------------------------------------------------------------------------------------

Path Group    From Clock    To Clock    
----------    ----------    --------    


------------------------------------------------------------------------------------------------
| Timing Details
| --------------
------------------------------------------------------------------------------------------------


---------------------------------------------------------------------------------------------------
From Clock:  vclk
  To Clock:  vclk

Setup :            6  Failing Endpoints,  Worst Slack       -2.978ns,  Total Violation      -10.466ns
Hold  :           NA  Failing Endpoints,  Worst Slack           NA  ,  Total Violation           NA
PW    :            0  Failing Endpoints,  Worst Slack       22.382ns,  Total Violation        0.000ns
---------------------------------------------------------------------------------------------------


Max Delay Paths
--------------------------------------------------------------------------------------
Slack (VIOLATED) :        -2.978ns  (required time - arrival time)
  Source:                 d41_reg[2]/C
                            (rising edge-triggered cell FDRE clocked by vclk  {rise@0.000ns fall@22.882ns period=45.765ns})
  Destination:            y_reg[15]/D
                            (rising edge-triggered cell FDRE clocked by vclk  {rise@0.000ns fall@22.882ns period=45.765ns})
  Path Group:             vclk
  Path Type:              Setup (Max at Slow Process Corner)
  Requirement:            45.765ns  (vclk rise@45.765ns - vclk rise@0.000ns)
  Data Path Delay:        48.768ns  (logic 27.196ns (55.766%)  route 21.572ns (44.234%))
  Logic Levels:           75  (CARRY4=48 LUT2=27)
  Clock Path Skew:        -0.049ns (DCD - SCD + CPR)
    Destination Clock Delay (DCD):    0.924ns = ( 46.689 - 45.765 ) 
    Source Clock Delay      (SCD):    0.973ns
    Clock Pessimism Removal (CPR):    0.000ns
  Clock Uncertainty:      0.035ns  ((TSJ^2 + TIJ^2)^1/2 + DJ) / 2 + PE
    Total System Jitter     (TSJ):    0.071ns
    Total Input Jitter      (TIJ):    0.000ns
    Discrete Jitter          (DJ):    0.000ns
    Phase Error              (PE):    0.000ns

    Location             Delay type                Incr(ns)  Path(ns)    Netlist Resource(s)
  -------------------------------------------------------------------    -------------------
                         (clock vclk rise edge)       0.000     0.000 r  <hidden>
                                                      0.000     0.000 r  clk
                         net (fo=351, unset)          0.973     0.973    clk
    SLICE_X45Y58         FDRE                                         r  d41_reg[2]/C
  -------------------------------------------------------------------    -------------------
    SLICE_X45Y58         FDRE (Prop_fdre_C_Q)         0.456     1.429 r  d41_reg[2]/Q
                         net (fo=2, routed)           0.421     1.850    d41[2]
    SLICE_X46Y58         CARRY4 (Prop_carry4_S[0]_O[0])
                                                      0.376     2.226 r  y_reg[7]_i_771/O[0]
                         net (fo=2, routed)           0.463     2.689    acc0[2]
    SLICE_X46Y61         LUT2 (Prop_lut2_I0_O)        0.295     2.984 r  y[7]_i_775/O
                         net (fo=1, routed)           0.000     2.984    y[7]_i_775_n_0
    SLICE_X46Y61         CARRY4 (Prop_carry4_S[0]_O[0])
                                                      0.252     3.236 r  y_reg[7]_i_755/O[0]
                         net (fo=1, routed)           0.596     3.832    y_reg[7]_i_755_n_7
    SLICE_X48Y61         LUT2 (Prop_lut2_I1_O)        0.295     4.127 r  y[7]_i_739/O
                         net (fo=1, routed)           0.000     4.127    y[7]_i_739_n_0
    SLICE_X48Y61         CARRY4 (Prop_carry4_S[0]_O[0])
                                                      0.247     4.374 r  y_reg[7]_i_721/O[0]
                         net (fo=1, routed)           0.712     5.086    y_reg[7]_i_721_n_7
    SLICE_X48Y57         LUT2 (Prop_lut2_I1_O)        0.299     5.385 r  y[7]_i_698/O
                         net (fo=1, routed)           0.000     5.385    y[7]_i_698_n_0
    SLICE_X48Y57         CARRY4 (Prop_carry4_S[0]_O[0])
                                                      0.247     5.632 r  y_reg[7]_i_675/O[0]
                         net (fo=1, routed)           0.473     6.105    y_reg[7]_i_675_n_7
    SLICE_X47Y57         LUT2 (Prop_lut2_I1_O)        0.299     6.404 r  y[7]_i_639/O
                         net (fo=1, routed)           0.000     6.404    y[7]_i_639_n_0
    SLICE_X47Y57         CARRY4 (Prop_carry4_S[1]_O[2])
                                                      0.580     6.984 r  y_reg[7]_i_612/O[2]
                         net (fo=1, routed)           0.426     7.409    y_reg[7]_i_612_n_5
    SLICE_X44Y57         LUT2 (Prop_lut2_I1_O)        0.302     7.711 r  y[7]_i_570/O
                         net (fo=1, routed)           0.000     7.711    y[7]_i_570_n_0
    SLICE_X44Y57         CARRY4 (Prop_carry4_S[3]_CO[3])
                                                      0.401     8.112 r  y_reg[7]_i_539/CO[3]
                         net (fo=1, routed)           0.000     8.112    y_reg[7]_i_539_n_0
    SLICE_X44Y58         CARRY4 (Prop_carry4_CI_O[0])
                                                      0.222     8.334 r  y_reg[7]_i_667/O[0]
                         net (fo=1, routed)           0.460     8.795    y_reg[7]_i_667_n_7
    SLICE_X42Y60         LUT2 (Prop_lut2_I1_O)        0.299     9.094 r  y[7]_i_634/O
                         net (fo=1, routed)           0.000     9.094    y[7]_i_634_n_0
    SLICE_X42Y60         CARRY4 (Prop_carry4_S[0]_O[0])
                                                      0.252     9.346 r  y_reg[7]_i_602/O[0]
                         net (fo=1, routed)           0.439     9.785    y_reg[7]_i_602_n_7
    SLICE_X40Y59         LUT2 (Prop_lut2_I1_O)        0.295    10.080 r  y[7]_i_563/O
                         net (fo=1, routed)           0.000    10.080    y[7]_i_563_n_0
    SLICE_X40Y59         CARRY4 (Prop_carry4_S[3]_CO[3])
                                                      0.401    10.481 r  y_reg[7]_i_528/CO[3]
                         net (fo=1, routed)           0.000    10.481    y_reg[7]_i_528_n_0
    SLICE_X40Y60         CARRY4 (Prop_carry4_CI_O[0])
                                                      0.222    10.703 r  y_reg[7]_i_590/O[0]
                         net (fo=1, routed)           0.474    11.177    y_reg[7]_i_590_n_7
    SLICE_X39Y60         LUT2 (Prop_lut2_I1_O)        0.299    11.476 r  y[7]_i_560/O
                         net (fo=1, routed)           0.000    11.476    y[7]_i_560_n_0
    SLICE_X39Y60         CARRY4 (Prop_carry4_S[0]_O[0])
                                                      0.247    11.723 r  y_reg[7]_i_517/O[0]
                         net (fo=1, routed)           0.568    12.290    y_reg[7]_i_517_n_7
    SLICE_X37Y60         LUT2 (Prop_lut2_I1_O)        0.299    12.589 r  y[7]_i_475/O
                         net (fo=1, routed)           0.000    12.589    y[7]_i_475_n_0
    SLICE_X37Y60         CARRY4 (Prop_carry4_S[1]_O[2])
                                                      0.580    13.169 r  y_reg[7]_i_450/O[2]
                         net (fo=1, routed)           0.434    13.603    y_reg[7]_i_450_n_5
    SLICE_X38Y61         LUT2 (Prop_lut2_I1_O)        0.302    13.905 r  y[7]_i_554/O
                         net (fo=1, routed)           0.000    13.905    y[7]_i_554_n_0
    SLICE_X38Y61         CARRY4 (Prop_carry4_S[1]_O[2])
                                                      0.578    14.483 r  y_reg[7]_i_513/O[2]
                         net (fo=1, routed)           0.437    14.920    y_reg[7]_i_513_n_5
    SLICE_X36Y61         LUT2 (Prop_lut2_I1_O)        0.301    15.221 r  y[7]_i_468/O
                         net (fo=1, routed)           0.000    15.221    y[7]_i_468_n_0
    SLICE_X36Y61         CARRY4 (Prop_carry4_S[3]_O[3])
                                                      0.255    15.476 r  y_reg[7]_i_446/O[3]
                         net (fo=1, routed)           0.690    16.166    y_reg[7]_i_446_n_4
    SLICE_X37Y64         LUT2 (Prop_lut2_I1_O)        0.307    16.473 r  y[7]_i_415/O
                         net (fo=1, routed)           0.000    16.473    y[7]_i_415_n_0
    SLICE_X37Y64         CARRY4 (Prop_carry4_S[3]_CO[3])
                                                      0.401    16.874 r  y_reg[7]_i_393/CO[3]
                         net (fo=1, routed)           0.000    16.874    y_reg[7]_i_393_n_0
    SLICE_X37Y65         CARRY4 (Prop_carry4_CI_O[0])
                                                      0.222    17.096 r  y_reg[7]_i_438/O[0]
                         net (fo=1, routed)           0.645    17.741    y_reg[7]_i_438_n_7
    SLICE_X44Y63         LUT2 (Prop_lut2_I1_O)        0.299    18.040 r  y[7]_i_411/O
                         net (fo=1, routed)           0.000    18.040    y[7]_i_411_n_0
    SLICE_X44Y63         CARRY4 (Prop_carry4_S[2]_O[2])
                                                      0.248    18.288 r  y_reg[7]_i_385/O[2]
                         net (fo=1, routed)           0.454    18.742    y_reg[7]_i_385_n_5
    SLICE_X45Y62         LUT2 (Prop_lut2_I1_O)        0.302    19.044 r  y[7]_i_346/O
                         net (fo=1, routed)           0.000    19.044    y[7]_i_346_n_0
    SLICE_X45Y62         CARRY4 (Prop_carry4_S[3]_CO[3])
                                                      0.401    19.445 r  y_reg[7]_i_314/CO[3]
                         net (fo=1, routed)           0.000    19.445    y_reg[7]_i_314_n_0
    SLICE_X45Y63         CARRY4 (Prop_carry4_CI_O[0])
                                                      0.222    19.667 r  y_reg[7]_i_376/O[0]
                         net (fo=1, routed)           0.428    20.095    y_reg[7]_i_376_n_7
    SLICE_X47Y62         LUT2 (Prop_lut2_I1_O)        0.299    20.394 r  y[7]_i_342/O
                         net (fo=1, routed)           0.000    20.394    y[7]_i_342_n_0
    SLICE_X47Y62         CARRY4 (Prop_carry4_S[2]_O[2])
                                                      0.248    20.642 r  y_reg[7]_i_306/O[2]
                         net (fo=1, routed)           0.560    21.202    y_reg[7]_i_306_n_5
    SLICE_X45Y59         LUT2 (Prop_lut2_I1_O)        0.302    21.504 r  y[15]_i_440/O
                         net (fo=1, routed)           0.000    21.504    y[15]_i_440_n_0
    SLICE_X45Y59         CARRY4 (Prop_carry4_S[1]_O[1])
                                                      0.227    21.731 r  y_reg[15]_i_426/O[1]
                         net (fo=1, routed)           0.594    22.325    y_reg[15]_i_426_n_6
    SLICE_X42Y56         LUT2 (Prop_lut2_I1_O)        0.303    22.628 r  y[15]_i_434/O
                         net (fo=1, routed)           0.000    22.628    y[15]_i_434_n_0
    SLICE_X42Y56         CARRY4 (Prop_carry4_S[3]_O[3])
                                                      0.255    22.883 r  y_reg[15]_i_425/O[3]
                         net (fo=1, routed)           0.577    23.460    y_reg[15]_i_425_n_4
    SLICE_X43Y57         LUT2 (Prop_lut2_I1_O)        0.307    23.767 r  y[15]_i_419/O
                         net (fo=1, routed)           0.000    23.767    y[15]_i_419_n_0
    SLICE_X43Y57         CARRY4 (Prop_carry4_S[1]_O[1])
                                                      0.227    23.994 r  y_reg[15]_i_411/O[1]
                         net (fo=1, routed)           0.583    24.577    y_reg[15]_i_411_n_6
    SLICE_X44Y55         LUT2 (Prop_lut2_I1_O)        0.303    24.880 r  y[15]_i_412/O
                         net (fo=1, routed)           0.000    24.880    y[15]_i_412_n_0
    SLICE_X44Y55         CARRY4 (Prop_carry4_S[0]_O[0])
                                                      0.247    25.127 r  y_reg[15]_i_401/O[0]
                         net (fo=1, routed)           0.458    25.585    y_reg[15]_i_401_n_7
    SLICE_X46Y55         LUT2 (Prop_lut2_I1_O)        0.299    25.884 r  y[15]_i_397/O
                         net (fo=1, routed)           0.000    25.884    y[15]_i_397_n_0
    SLICE_X46Y55         CARRY4 (Prop_carry4_S[0]_O[1])
                                                      0.427    26.311 r  y_reg[15]_i_383/O[1]
                         net (fo=1, routed)           0.471    26.781    y_reg[15]_i_383_n_6
    SLICE_X47Y54         LUT2 (Prop_lut2_I1_O)        0.306    27.087 r  y[15]_i_385/O
                         net (fo=1, routed)           0.000    27.087    y[15]_i_385_n_0
    SLICE_X47Y54         CARRY4 (Prop_carry4_S[1]_O[1])
                                                      0.227    27.314 r  y_reg[15]_i_362/O[1]
                         net (fo=1, routed)           0.554    27.868    y_reg[15]_i_362_n_6
    SLICE_X45Y52         LUT2 (Prop_lut2_I1_O)        0.303    28.171 r  y[15]_i_378/O
                         net (fo=1, routed)           0.000    28.171    y[15]_i_378_n_0
    SLICE_X45Y52         CARRY4 (Prop_carry4_S[3]_CO[3])
                                                      0.401    28.572 r  y_reg[15]_i_361/CO[3]
                         net (fo=1, routed)           0.000    28.572    y_reg[15]_i_361_n_0
    SLICE_X45Y53         CARRY4 (Prop_carry4_CI_O[0])
                                                      0.222    28.794 r  y_reg[15]_i_352/O[0]
                         net (fo=1, routed)           0.496    29.290    y_reg[15]_i_352_n_7
    SLICE_X44Y51         LUT2 (Prop_lut2_I1_O)        0.299    29.589 r  y[15]_i_356/O
                         net (fo=1, routed)           0.000    29.589    y[15]_i_356_n_0
    SLICE_X44Y51         CARRY4 (Prop_carry4_S[3]_O[3])
                                                      0.248    29.837 r  y_reg[15]_i_350/O[3]
                         net (fo=1, routed)           0.451    30.288    y_reg[15]_i_350_n_4
    SLICE_X43Y53         LUT2 (Prop_lut2_I1_O)        0.306    30.594 r  y[15]_i_343/O
                         net (fo=1, routed)           0.000    30.594    y[15]_i_343_n_0
    SLICE_X43Y53         CARRY4 (Prop_carry4_S[3]_CO[3])
                                                      0.401    30.995 r  y_reg[15]_i_339/CO[3]
                         net (fo=1, routed)           0.000    30.995    y_reg[15]_i_339_n_0
    SLICE_X43Y54         CARRY4 (Prop_carry4_CI_O[0])
                                                      0.222    31.217 r  y_reg[15]_i_329/O[0]
                         net (fo=1, routed)           0.429    31.646    y_reg[15]_i_329_n_7
    SLICE_X42Y54         LUT2 (Prop_lut2_I1_O)        0.299    31.945 r  y[15]_i_330/O
                         net (fo=1, routed)           0.000    31.945    y[15]_i_330_n_0
    SLICE_X42Y54         CARRY4 (Prop_carry4_S[0]_O[0])
                                                      0.252    32.197 r  y_reg[15]_i_305/O[0]
                         net (fo=1, routed)           0.430    32.627    y_reg[15]_i_305_n_7
    SLICE_X41Y55         LUT2 (Prop_lut2_I1_O)        0.295    32.922 r  y[15]_i_307/O
                         net (fo=1, routed)           0.000    32.922    y[15]_i_307_n_0
    SLICE_X41Y55         CARRY4 (Prop_carry4_S[0]_O[0])
                                                      0.247    33.169 r  y_reg[15]_i_289/O[0]
                         net (fo=1, routed)           0.495    33.665    y_reg[15]_i_289_n_7
    SLICE_X40Y56         LUT2 (Prop_lut2_I1_O)        0.299    33.964 r  y[15]_i_296/O
                         net (fo=1, routed)           0.000    33.964    y[15]_i_296_n_0
    SLICE_X40Y56         CARRY4 (Prop_carry4_S[3]_CO[3])
                                                      0.401    34.365 r  y_reg[15]_i_287/CO[3]
                         net (fo=1, routed)           0.000    34.365    y_reg[15]_i_287_n_0
    SLICE_X40Y57         CARRY4 (Prop_carry4_CI_O[0])
                                                      0.222    34.587 r  y_reg[15]_i_269/O[0]
                         net (fo=1, routed)           0.492    35.079    y_reg[15]_i_269_n_7
    SLICE_X39Y57         CARRY4 (Prop_carry4_S[1]_O[1])
                                                      0.526    35.605 r  y_reg[15]_i_252/O[1]
                         net (fo=1, routed)           0.496    36.101    y_reg[15]_i_252_n_6
    SLICE_X38Y56         CARRY4 (Prop_carry4_S[1]_O[2])
                                                      0.881    36.982 r  y_reg[15]_i_234/O[2]
                         net (fo=1, routed)           0.541    37.523    y_reg[15]_i_234_n_5
    SLICE_X37Y58         CARRY4 (Prop_carry4_S[0]_O[0])
                                                      0.548    38.071 r  y_reg[15]_i_203/O[0]
                         net (fo=1, routed)           0.746    38.817    y_reg[15]_i_203_n_7
    SLICE_X37Y54         CARRY4 (Prop_carry4_S[1]_O[2])
                                                      0.879    39.696 r  y_reg[15]_i_165/O[2]
                         net (fo=1, routed)           0.456    40.152    y_reg[15]_i_165_n_5
    SLICE_X36Y55         CARRY4 (Prop_carry4_S[3]_O[3])
                                                      0.557    40.709 r  y_reg[15]_i_130/O[3]
                         net (fo=1, routed)           0.558    41.267    y_reg[15]_i_130_n_4
    SLICE_X35Y55         CARRY4 (Prop_carry4_S[2]_O[2])
                                                      0.555    41.822 r  y_reg[15]_i_96/O[2]
                         net (fo=1, routed)           0.447    42.269    y_reg[15]_i_96_n_5
    SLICE_X34Y53         CARRY4 (Prop_carry4_S[2]_O[2])
                                                      0.552    42.821 r  y_reg[15]_i_72/O[2]
                         net (fo=1, routed)           0.581    43.403    y_reg[15]_i_72_n_5
    SLICE_X32Y55         CARRY4 (Prop_carry4_S[1]_O[1])
                                                      0.531    43.934 r  y_reg[15]_i_48/O[1]
                         net (fo=1, routed)           0.643    44.577    y_reg[15]_i_48_n_6
    SLICE_X32Y51         CARRY4 (Prop_carry4_S[2]_O[2])
                                                      0.556    45.133 r  y_reg[15]_i_22/O[2]
                         net (fo=1, routed)           0.581    45.713    acc__0[15]
    SLICE_X33Y51         CARRY4 (Prop_carry4_S[3]_O[3])
                                                      0.549    46.262 r  y_reg[15]_i_10/O[3]
                         net (fo=1, routed)           0.740    47.003    y_reg[15]_i_10_n_4
    SLICE_X33Y55         CARRY4 (Prop_carry4_S[2]_O[2])
                                                      0.554    47.557 r  y_reg[15]_i_5/O[2]
                         net (fo=1, routed)           0.496    48.052    y_reg[15]_i_5_n_5
    SLICE_X33Y60         CARRY4 (Prop_carry4_S[3]_O[3])
                                                      0.550    48.602 r  y_reg[15]_i_3/O[3]
                         net (fo=1, routed)           0.577    49.180    p_0_in[15]
    SLICE_X34Y60         CARRY4 (Prop_carry4_S[3]_O[3])
                                                      0.561    49.741 r  y_reg[15]_i_2/O[3]
                         net (fo=1, routed)           0.000    49.741    acc[15]
    SLICE_X34Y60         FDRE                                         r  y_reg[15]/D
  -------------------------------------------------------------------    -------------------

                         (clock vclk rise edge)      45.765    45.765 r  <hidden>
                                                      0.000    45.765 r  clk
                         net (fo=351, unset)          0.924    46.689    clk
    SLICE_X34Y60         FDRE                                         r  y_reg[15]/C
                         clock pessimism              0.000    46.689    <hidden>
                         clock uncertainty           -0.035    46.654    <hidden>
    SLICE_X34Y60         FDRE (Setup_fdre_C_D)        0.109    46.763    y_reg[15]
  -------------------------------------------------------------------
                         required time                         46.763    <hidden>
                         arrival time                         -49.741    <hidden>
  -------------------------------------------------------------------
                         slack                                 -2.978    <hidden>

Slack (VIOLATED) :        -2.466ns  (required time - arrival time)
  Source:                 d41_reg[2]/C
                            (rising edge-triggered cell FDRE clocked by vclk  {rise@0.000ns fall@22.882ns period=45.765ns})
  Destination:            y_reg[14]/D
                            (rising edge-triggered cell FDRE clocked by vclk  {rise@0.000ns fall@22.882ns period=45.765ns})
  Path Group:             vclk
  Path Type:              Setup (Max at Slow Process Corner)
  Requirement:            45.765ns  (vclk rise@45.765ns - vclk rise@0.000ns)
  Data Path Delay:        48.256ns  (logic 26.877ns (55.697%)  route 21.379ns (44.303%))
  Logic Levels:           85  (CARRY4=48 LUT2=37)
  Clock Path Skew:        -0.049ns (DCD - SCD + CPR)
    Destination Clock Delay (DCD):    0.924ns = ( 46.689 - 45.765 ) 
    Source Clock Delay      (SCD):    0.973ns
    Clock Pessimism Removal (CPR):    0.000ns
  Clock Uncertainty:      0.035ns  ((TSJ^2 + TIJ^2)^1/2 + DJ) / 2 + PE
    Total System Jitter     (TSJ):    0.071ns
    Total Input Jitter      (TIJ):    0.000ns
    Discrete Jitter          (DJ):    0.000ns
    Phase Error              (PE):    0.000ns

    Location             Delay type                Incr(ns)  Path(ns)    Netlist Resource(s)
  -------------------------------------------------------------------    -------------------
                         (clock vclk rise edge)       0.000     0.000 r  <hidden>
                                                      0.000     0.000 r  clk
                         net (fo=351, unset)          0.973     0.973    clk
    SLICE_X45Y58         FDRE                                         r  d41_reg[2]/C
  -------------------------------------------------------------------    -------------------
    SLICE_X45Y58         FDRE (Prop_fdre_C_Q)         0.456     1.429 r  d41_reg[2]/Q
                         net (fo=2, routed)           0.421     1.850    d41[2]
    SLICE_X46Y58         CARRY4 (Prop_carry4_S[0]_O[0])
                                                      0.376     2.226 r  y_reg[7]_i_771/O[0]
                         net (fo=2, routed)           0.463     2.689    acc0[2]
    SLICE_X46Y61         LUT2 (Prop_lut2_I0_O)        0.295     2.984 r  y[7]_i_775/O
                         net (fo=1, routed)           0.000     2.984    y[7]_i_775_n_0
    SLICE_X46Y61         CARRY4 (Prop_carry4_S[0]_O[0])
                                                      0.252     3.236 r  y_reg[7]_i_755/O[0]
                         net (fo=1, routed)           0.596     3.832    y_reg[7]_i_755_n_7
    SLICE_X48Y61         LUT2 (Prop_lut2_I1_O)        0.295     4.127 r  y[7]_i_739/O
                         net (fo=1, routed)           0.000     4.127    y[7]_i_739_n_0
    SLICE_X48Y61         CARRY4 (Prop_carry4_S[0]_O[0])
                                                      0.247     4.374 r  y_reg[7]_i_721/O[0]
                         net (fo=1, routed)           0.712     5.086    y_reg[7]_i_721_n_7
    SLICE_X48Y57         LUT2 (Prop_lut2_I1_O)        0.299     5.385 r  y[7]_i_698/O
                         net (fo=1, routed)           0.000     5.385    y[7]_i_698_n_0
    SLICE_X48Y57         CARRY4 (Prop_carry4_S[0]_O[0])
                                                      0.247     5.632 r  y_reg[7]_i_675/O[0]
                         net (fo=1, routed)           0.473     6.105    y_reg[7]_i_675_n_7
    SLICE_X47Y57         LUT2 (Prop_lut2_I1_O)        0.299     6.404 r  y[7]_i_639/O
                         net (fo=1, routed)           0.000     6.404    y[7]_i_639_n_0
    SLICE_X47Y57         CARRY4 (Prop_carry4_S[1]_O[2])
                                                      0.580     6.984 r  y_reg[7]_i_612/O[2]
                         net (fo=1, routed)           0.426     7.409    y_reg[7]_i_612_n_5
    SLICE_X44Y57         LUT2 (Prop_lut2_I1_O)        0.302     7.711 r  y[7]_i_570/O
                         net (fo=1, routed)           0.000     7.711    y[7]_i_570_n_0
    SLICE_X44Y57         CARRY4 (Prop_carry4_S[3]_CO[3])
                                                      0.401     8.112 r  y_reg[7]_i_539/CO[3]
                         net (fo=1, routed)           0.000     8.112    y_reg[7]_i_539_n_0
    SLICE_X44Y58         CARRY4 (Prop_carry4_CI_O[0])
                                                      0.222     8.334 r  y_reg[7]_i_667/O[0]
                         net (fo=1, routed)           0.460     8.795    y_reg[7]_i_667_n_7
    SLICE_X42Y60         LUT2 (Prop_lut2_I1_O)        0.299     9.094 r  y[7]_i_634/O
                         net (fo=1, routed)           0.000     9.094    y[7]_i_634_n_0
    SLICE_X42Y60         CARRY4 (Prop_carry4_S[0]_O[0])
                                                      0.252     9.346 r  y_reg[7]_i_602/O[0]
                         net (fo=1, routed)           0.439     9.785    y_reg[7]_i_602_n_7
    SLICE_X40Y59         LUT2 (Prop_lut2_I1_O)        0.295    10.080 r  y[7]_i_563/O
                         net (fo=1, routed)           0.000    10.080    y[7]_i_563_n_0
    SLICE_X40Y59         CARRY4 (Prop_carry4_S[3]_CO[3])
                                                      0.401    10.481 r  y_reg[7]_i_528/CO[3]
                         net (fo=1, routed)           0.000    10.481    y_reg[7]_i_528_n_0
    SLICE_X40Y60         CARRY4 (Prop_carry4_CI_O[0])
                                                      0.222    10.703 r  y_reg[7]_i_590/O[0]
                         net (fo=1, routed)           0.474    11.177    y_reg[7]_i_590_n_7
    SLICE_X39Y60         LUT2 (Prop_lut2_I1_O)        0.299    11.476 r  y[7]_i_560/O
                         net (fo=1, routed)           0.000    11.476    y[7]_i_560_n_0
    SLICE_X39Y60         CARRY4 (Prop_carry4_S[0]_O[0])
                                                      0.247    11.723 r  y_reg[7]_i_517/O[0]
                         net (fo=1, routed)           0.568    12.290    y_reg[7]_i_517_n_7
    SLICE_X37Y60         LUT2 (Prop_lut2_I1_O)        0.299    12.589 r  y[7]_i_475/O
                         net (fo=1, routed)           0.000    12.589    y[7]_i_475_n_0
    SLICE_X37Y60         CARRY4 (Prop_carry4_S[1]_O[2])
                                                      0.580    13.169 r  y_reg[7]_i_450/O[2]
                         net (fo=1, routed)           0.434    13.603    y_reg[7]_i_450_n_5
    SLICE_X38Y61         LUT2 (Prop_lut2_I1_O)        0.302    13.905 r  y[7]_i_554/O
                         net (fo=1, routed)           0.000    13.905    y[7]_i_554_n_0
    SLICE_X38Y61         CARRY4 (Prop_carry4_S[1]_O[2])
                                                      0.578    14.483 r  y_reg[7]_i_513/O[2]
                         net (fo=1, routed)           0.437    14.920    y_reg[7]_i_513_n_5
    SLICE_X36Y61         LUT2 (Prop_lut2_I1_O)        0.301    15.221 r  y[7]_i_468/O
                         net (fo=1, routed)           0.000    15.221    y[7]_i_468_n_0
    SLICE_X36Y61         CARRY4 (Prop_carry4_S[3]_O[3])
                                                      0.255    15.476 r  y_reg[7]_i_446/O[3]
                         net (fo=1, routed)           0.690    16.166    y_reg[7]_i_446_n_4
    SLICE_X37Y64         LUT2 (Prop_lut2_I1_O)        0.307    16.473 r  y[7]_i_415/O
                         net (fo=1, routed)           0.000    16.473    y[7]_i_415_n_0
    SLICE_X37Y64         CARRY4 (Prop_carry4_S[3]_CO[3])
                                                      0.401    16.874 r  y_reg[7]_i_393/CO[3]
                         net (fo=1, routed)           0.000    16.874    y_reg[7]_i_393_n_0
    SLICE_X37Y65         CARRY4 (Prop_carry4_CI_O[0])
                                                      0.222    17.096 r  y_reg[7]_i_438/O[0]
                         net (fo=1, routed)           0.645    17.741    y_reg[7]_i_438_n_7
    SLICE_X44Y63         LUT2 (Prop_lut2_I1_O)        0.299    18.040 r  y[7]_i_411/O
                         net (fo=1, routed)           0.000    18.040    y[7]_i_411_n_0
    SLICE_X44Y63         CARRY4 (Prop_carry4_S[2]_O[2])
                                                      0.248    18.288 r  y_reg[7]_i_385/O[2]
                         net (fo=1, routed)           0.454    18.742    y_reg[7]_i_385_n_5
    SLICE_X45Y62         LUT2 (Prop_lut2_I1_O)        0.302    19.044 r  y[7]_i_346/O
                         net (fo=1, routed)           0.000    19.044    y[7]_i_346_n_0
    SLICE_X45Y62         CARRY4 (Prop_carry4_S[3]_CO[3])
                                                      0.401    19.445 r  y_reg[7]_i_314/CO[3]
                         net (fo=1, routed)           0.000    19.445    y_reg[7]_i_314_n_0
    SLICE_X45Y63         CARRY4 (Prop_carry4_CI_O[0])
                                                      0.222    19.667 r  y_reg[7]_i_376/O[0]
                         net (fo=1, routed)           0.428    20.095    y_reg[7]_i_376_n_7
    SLICE_X47Y62         LUT2 (Prop_lut2_I1_O)        0.299    20.394 r  y[7]_i_342/O
                         net (fo=1, routed)           0.000    20.394    y[7]_i_342_n_0
    SLICE_X47Y62         CARRY4 (Prop_carry4_S[2]_O[2])
                                                      0.248    20.642 r  y_reg[7]_i_306/O[2]
                         net (fo=1, routed)           0.560    21.202    y_reg[7]_i_306_n_5
    SLICE_X45Y59         LUT2 (Prop_lut2_I1_O)        0.302    21.504 r  y[15]_i_440/O
                         net (fo=1, routed)           0.000    21.504    y[15]_i_440_n_0
    SLICE_X45Y59         CARRY4 (Prop_carry4_S[1]_O[1])
                                                      0.227    21.731 r  y_reg[15]_i_426/O[1]
                         net (fo=1, routed)           0.594    22.325    y_reg[15]_i_426_n_6
    SLICE_X42Y56         LUT2 (Prop_lut2_I1_O)        0.303    22.628 r  y[15]_i_434/O
                         net (fo=1, routed)           0.000    22.628    y[15]_i_434_n_0
    SLICE_X42Y56         CARRY4 (Prop_carry4_S[3]_O[3])
                                                      0.255    22.883 r  y_reg[15]_i_425/O[3]
                         net (fo=1, routed)           0.577    23.460    y_reg[15]_i_425_n_4
    SLICE_X43Y57         LUT2 (Prop_lut2_I1_O)        0.307    23.767 r  y[15]_i_419/O
                         net (fo=1, routed)           0.000    23.767    y[15]_i_419_n_0
    SLICE_X43Y57         CARRY4 (Prop_carry4_S[1]_O[1])
                                                      0.227    23.994 r  y_reg[15]_i_411/O[1]
                         net (fo=1, routed)           0.583    24.577    y_reg[15]_i_411_n_6
    SLICE_X44Y55         LUT2 (Prop_lut2_I1_O)        0.303    24.880 r  y[15]_i_412/O
                         net (fo=1, routed)           0.000    24.880    y[15]_i_412_n_0
    SLICE_X44Y55         CARRY4 (Prop_carry4_S[0]_O[0])
                                                      0.247    25.127 r  y_reg[15]_i_401/O[0]
                         net (fo=1, routed)           0.458    25.585    y_reg[15]_i_401_n_7
    SLICE_X46Y55         LUT2 (Prop_lut2_I1_O)        0.299    25.884 r  y[15]_i_397/O
                         net (fo=1, routed)           0.000    25.884    y[15]_i_397_n_0
    SLICE_X46Y55         CARRY4 (Prop_carry4_S[0]_O[1])
                                                      0.427    26.311 r  y_reg[15]_i_383/O[1]
                         net (fo=1, routed)           0.471    26.781    y_reg[15]_i_383_n_6
    SLICE_X47Y54         LUT2 (Prop_lut2_I1_O)        0.306    27.087 r  y[15]_i_385/O
                         net (fo=1, routed)           0.000    27.087    y[15]_i_385_n_0
    SLICE_X47Y54         CARRY4 (Prop_carry4_S[1]_O[1])
                                                      0.227    27.314 r  y_reg[15]_i_362/O[1]
                         net (fo=1, routed)           0.554    27.868    y_reg[15]_i_362_n_6
    SLICE_X45Y52         LUT2 (Prop_lut2_I1_O)        0.303    28.171 r  y[15]_i_378/O
                         net (fo=1, routed)           0.000    28.171    y[15]_i_378_n_0
    SLICE_X45Y52         CARRY4 (Prop_carry4_S[3]_CO[3])
                                                      0.401    28.572 r  y_reg[15]_i_361/CO[3]
                         net (fo=1, routed)           0.000    28.572    y_reg[15]_i_361_n_0
    SLICE_X45Y53         CARRY4 (Prop_carry4_CI_O[0])
                                                      0.222    28.794 r  y_reg[15]_i_352/O[0]
                         net (fo=1, routed)           0.496    29.290    y_reg[15]_i_352_n_7
    SLICE_X44Y51         LUT2 (Prop_lut2_I1_O)        0.299    29.589 r  y[15]_i_356/O
                         net (fo=1, routed)           0.000    29.589    y[15]_i_356_n_0
    SLICE_X44Y51         CARRY4 (Prop_carry4_S[3]_O[3])
                                                      0.248    29.837 r  y_reg[15]_i_350/O[3]
                         net (fo=1, routed)           0.451    30.288    y_reg[15]_i_350_n_4
    SLICE_X43Y53         LUT2 (Prop_lut2_I1_O)        0.306    30.594 r  y[15]_i_343/O
                         net (fo=1, routed)           0.000    30.594    y[15]_i_343_n_0
    SLICE_X43Y53         CARRY4 (Prop_carry4_S[3]_CO[3])
                                                      0.401    30.995 r  y_reg[15]_i_339/CO[3]
                         net (fo=1, routed)           0.000    30.995    y_reg[15]_i_339_n_0
    SLICE_X43Y54         CARRY4 (Prop_carry4_CI_O[0])
                                                      0.222    31.217 r  y_reg[15]_i_329/O[0]
                         net (fo=1, routed)           0.429    31.646    y_reg[15]_i_329_n_7
    SLICE_X42Y54         LUT2 (Prop_lut2_I1_O)        0.299    31.945 r  y[15]_i_330/O
                         net (fo=1, routed)           0.000    31.945    y[15]_i_330_n_0
    SLICE_X42Y54         CARRY4 (Prop_carry4_S[0]_O[0])
                                                      0.252    32.197 r  y_reg[15]_i_305/O[0]
                         net (fo=1, routed)           0.430    32.627    y_reg[15]_i_305_n_7
    SLICE_X41Y55         LUT2 (Prop_lut2_I1_O)        0.295    32.922 r  y[15]_i_307/O
                         net (fo=1, routed)           0.000    32.922    y[15]_i_307_n_0
    SLICE_X41Y55         CARRY4 (Prop_carry4_S[0]_O[0])
                                                      0.247    33.169 r  y_reg[15]_i_289/O[0]
                         net (fo=1, routed)           0.495    33.665    y_reg[15]_i_289_n_7
    SLICE_X40Y56         LUT2 (Prop_lut2_I1_O)        0.299    33.964 r  y[15]_i_296/O
                         net (fo=1, routed)           0.000    33.964    y[15]_i_296_n_0
    SLICE_X40Y56         CARRY4 (Prop_carry4_S[3]_O[3])
                                                      0.248    34.212 r  y_reg[15]_i_287/O[3]
                         net (fo=1, routed)           0.430    34.642    y_reg[15]_i_287_n_4
    SLICE_X39Y57         LUT2 (Prop_lut2_I1_O)        0.306    34.948 r  y[15]_i_270/O
                         net (fo=1, routed)           0.000    34.948    y[15]_i_270_n_0
    SLICE_X39Y57         CARRY4 (Prop_carry4_S[0]_O[0])
                                                      0.247    35.195 r  y_reg[15]_i_252/O[0]
                         net (fo=1, routed)           0.310    35.505    y_reg[15]_i_252_n_7
    SLICE_X38Y56         LUT2 (Prop_lut2_I1_O)        0.299    35.804 r  y[15]_i_253/O
                         net (fo=1, routed)           0.000    35.804    y[15]_i_253_n_0
    SLICE_X38Y56         CARRY4 (Prop_carry4_S[0]_O[0])
                                                      0.252    36.056 r  y_reg[15]_i_234/O[0]
                         net (fo=1, routed)           0.540    36.596    y_reg[15]_i_234_n_7
    SLICE_X37Y57         CARRY4 (Prop_carry4_S[2]_O[2])
                                                      0.543    37.139 r  y_reg[15]_i_204/O[2]
                         net (fo=1, routed)           0.661    37.800    y_reg[15]_i_204_n_5
    SLICE_X37Y53         CARRY4 (Prop_carry4_S[3]_O[3])
                                                      0.550    38.350 r  y_reg[15]_i_202/O[3]
                         net (fo=1, routed)           0.560    38.911    y_reg[15]_i_202_n_4
    SLICE_X36Y55         LUT2 (Prop_lut2_I1_O)        0.306    39.217 r  y[15]_i_167/O
                         net (fo=1, routed)           0.000    39.217    y[15]_i_167_n_0
    SLICE_X36Y55         CARRY4 (Prop_carry4_S[0]_O[0])
                                                      0.252    39.469 r  y_reg[15]_i_130/O[0]
                         net (fo=1, routed)           0.574    40.043    y_reg[15]_i_130_n_7
    SLICE_X35Y54         LUT2 (Prop_lut2_I1_O)        0.295    40.338 r  y[15]_i_156/O
                         net (fo=1, routed)           0.000    40.338    y[15]_i_156_n_0
    SLICE_X35Y54         CARRY4 (Prop_carry4_S[3]_O[3])
                                                      0.248    40.586 r  y_reg[15]_i_128/O[3]
                         net (fo=1, routed)           0.319    40.905    y_reg[15]_i_128_n_4
    SLICE_X34Y52         LUT2 (Prop_lut2_I1_O)        0.306    41.211 r  y[15]_i_120/O
                         net (fo=1, routed)           0.000    41.211    y[15]_i_120_n_0
    SLICE_X34Y52         CARRY4 (Prop_carry4_S[3]_O[3])
                                                      0.255    41.466 r  y_reg[15]_i_94/O[3]
                         net (fo=1, routed)           0.744    42.210    y_reg[15]_i_94_n_4
    SLICE_X32Y54         LUT2 (Prop_lut2_I1_O)        0.307    42.517 r  y[15]_i_91/O
                         net (fo=1, routed)           0.000    42.517    y[15]_i_91_n_0
    SLICE_X32Y54         CARRY4 (Prop_carry4_S[2]_O[2])
                                                      0.250    42.767 r  y_reg[15]_i_71/O[2]
                         net (fo=1, routed)           0.602    43.368    y_reg[15]_i_71_n_5
    SLICE_X32Y50         LUT2 (Prop_lut2_I1_O)        0.301    43.669 r  y[15]_i_65/O
                         net (fo=1, routed)           0.000    43.669    y[15]_i_65_n_0
    SLICE_X32Y50         CARRY4 (Prop_carry4_S[3]_O[3])
                                                      0.255    43.924 r  y_reg[15]_i_46/O[3]
                         net (fo=1, routed)           0.439    44.363    acc__0[12]
    SLICE_X33Y51         LUT2 (Prop_lut2_I1_O)        0.307    44.670 r  y[15]_i_24/O
                         net (fo=1, routed)           0.000    44.670    y[15]_i_24_n_0
    SLICE_X33Y51         CARRY4 (Prop_carry4_S[0]_O[0])
                                                      0.247    44.917 r  y_reg[15]_i_10/O[0]
                         net (fo=1, routed)           0.691    45.608    y_reg[15]_i_10_n_7
    SLICE_X33Y54         LUT2 (Prop_lut2_I1_O)        0.299    45.907 r  y[15]_i_13/O
                         net (fo=1, routed)           0.000    45.907    y[15]_i_13_n_0
    SLICE_X33Y54         CARRY4 (Prop_carry4_S[3]_CO[3])
                                                      0.401    46.308 r  y_reg[15]_i_8/CO[3]
                         net (fo=1, routed)           0.000    46.308    y_reg[15]_i_8_n_0
    SLICE_X33Y55         CARRY4 (Prop_carry4_CI_O[0])
                                                      0.222    46.530 r  y_reg[15]_i_5/O[0]
                         net (fo=1, routed)           0.694    47.224    y_reg[15]_i_5_n_7
    SLICE_X33Y60         LUT2 (Prop_lut2_I1_O)        0.299    47.523 r  y[15]_i_6/O
                         net (fo=1, routed)           0.000    47.523    y[15]_i_6_n_0
    SLICE_X33Y60         CARRY4 (Prop_carry4_S[1]_O[1])
                                                      0.227    47.750 r  y_reg[15]_i_3/O[1]
                         net (fo=1, routed)           0.598    48.348    p_0_in[13]
    SLICE_X34Y60         CARRY4 (Prop_carry4_S[1]_O[2])
                                                      0.881    49.229 r  y_reg[15]_i_2/O[2]
                         net (fo=1, routed)           0.000    49.229    acc[14]
    SLICE_X34Y60         FDRE                                         r  y_reg[14]/D
  -------------------------------------------------------------------    -------------------

                         (clock vclk rise edge)      45.765    45.765 r  <hidden>
                                                      0.000    45.765 r  clk
                         net (fo=351, unset)          0.924    46.689    clk
    SLICE_X34Y60         FDRE                                         r  y_reg[14]/C
                         clock pessimism              0.000    46.689    <hidden>
                         clock uncertainty           -0.035    46.654    <hidden>
    SLICE_X34Y60         FDRE (Setup_fdre_C_D)        0.109    46.763    y_reg[14]
  -------------------------------------------------------------------
                         required time                         46.763    <hidden>
                         arrival time                         -49.229    <hidden>
  -------------------------------------------------------------------
                         slack                                 -2.466    <hidden>

Slack (VIOLATED) :        -2.118ns  (required time - arrival time)
  Source:                 d41_reg[2]/C
                            (rising edge-triggered cell FDRE clocked by vclk  {rise@0.000ns fall@22.882ns period=45.765ns})
  Destination:            y_reg[13]/D
                            (rising edge-triggered cell FDRE clocked by vclk  {rise@0.000ns fall@22.882ns period=45.765ns})
  Path Group:             vclk
  Path Type:              Setup (Max at Slow Process Corner)
  Requirement:            45.765ns  (vclk rise@45.765ns - vclk rise@0.000ns)
  Data Path Delay:        47.908ns  (logic 26.529ns (55.375%)  route 21.379ns (44.625%))
  Logic Levels:           85  (CARRY4=48 LUT2=37)
  Clock Path Skew:        -0.049ns (DCD - SCD + CPR)
    Destination Clock Delay (DCD):    0.924ns = ( 46.689 - 45.765 ) 
    Source Clock Delay      (SCD):    0.973ns
    Clock Pessimism Removal (CPR):    0.000ns
  Clock Uncertainty:      0.035ns  ((TSJ^2 + TIJ^2)^1/2 + DJ) / 2 + PE
    Total System Jitter     (TSJ):    0.071ns
    Total Input Jitter      (TIJ):    0.000ns
    Discrete Jitter          (DJ):    0.000ns
    Phase Error              (PE):    0.000ns

    Location             Delay type                Incr(ns)  Path(ns)    Netlist Resource(s)
  -------------------------------------------------------------------    -------------------
                         (clock vclk rise edge)       0.000     0.000 r  <hidden>
                                                      0.000     0.000 r  clk
                         net (fo=351, unset)          0.973     0.973    clk
    SLICE_X45Y58         FDRE                                         r  d41_reg[2]/C
  -------------------------------------------------------------------    -------------------
    SLICE_X45Y58         FDRE (Prop_fdre_C_Q)         0.456     1.429 r  d41_reg[2]/Q
                         net (fo=2, routed)           0.421     1.850    d41[2]
    SLICE_X46Y58         CARRY4 (Prop_carry4_S[0]_O[0])
                                                      0.376     2.226 r  y_reg[7]_i_771/O[0]
                         net (fo=2, routed)           0.463     2.689    acc0[2]
    SLICE_X46Y61         LUT2 (Prop_lut2_I0_O)        0.295     2.984 r  y[7]_i_775/O
                         net (fo=1, routed)           0.000     2.984    y[7]_i_775_n_0
    SLICE_X46Y61         CARRY4 (Prop_carry4_S[0]_O[0])
                                                      0.252     3.236 r  y_reg[7]_i_755/O[0]
                         net (fo=1, routed)           0.596     3.832    y_reg[7]_i_755_n_7
    SLICE_X48Y61         LUT2 (Prop_lut2_I1_O)        0.295     4.127 r  y[7]_i_739/O
                         net (fo=1, routed)           0.000     4.127    y[7]_i_739_n_0
    SLICE_X48Y61         CARRY4 (Prop_carry4_S[0]_O[0])
                                                      0.247     4.374 r  y_reg[7]_i_721/O[0]
                         net (fo=1, routed)           0.712     5.086    y_reg[7]_i_721_n_7
    SLICE_X48Y57         LUT2 (Prop_lut2_I1_O)        0.299     5.385 r  y[7]_i_698/O
                         net (fo=1, routed)           0.000     5.385    y[7]_i_698_n_0
    SLICE_X48Y57         CARRY4 (Prop_carry4_S[0]_O[0])
                                                      0.247     5.632 r  y_reg[7]_i_675/O[0]
                         net (fo=1, routed)           0.473     6.105    y_reg[7]_i_675_n_7
    SLICE_X47Y57         LUT2 (Prop_lut2_I1_O)        0.299     6.404 r  y[7]_i_639/O
                         net (fo=1, routed)           0.000     6.404    y[7]_i_639_n_0
    SLICE_X47Y57         CARRY4 (Prop_carry4_S[1]_O[2])
                                                      0.580     6.984 r  y_reg[7]_i_612/O[2]
                         net (fo=1, routed)           0.426     7.409    y_reg[7]_i_612_n_5
    SLICE_X44Y57         LUT2 (Prop_lut2_I1_O)        0.302     7.711 r  y[7]_i_570/O
                         net (fo=1, routed)           0.000     7.711    y[7]_i_570_n_0
    SLICE_X44Y57         CARRY4 (Prop_carry4_S[3]_CO[3])
                                                      0.401     8.112 r  y_reg[7]_i_539/CO[3]
                         net (fo=1, routed)           0.000     8.112    y_reg[7]_i_539_n_0
    SLICE_X44Y58         CARRY4 (Prop_carry4_CI_O[0])
                                                      0.222     8.334 r  y_reg[7]_i_667/O[0]
                         net (fo=1, routed)           0.460     8.795    y_reg[7]_i_667_n_7
    SLICE_X42Y60         LUT2 (Prop_lut2_I1_O)        0.299     9.094 r  y[7]_i_634/O
                         net (fo=1, routed)           0.000     9.094    y[7]_i_634_n_0
    SLICE_X42Y60         CARRY4 (Prop_carry4_S[0]_O[0])
                                                      0.252     9.346 r  y_reg[7]_i_602/O[0]
                         net (fo=1, routed)           0.439     9.785    y_reg[7]_i_602_n_7
    SLICE_X40Y59         LUT2 (Prop_lut2_I1_O)        0.295    10.080 r  y[7]_i_563/O
                         net (fo=1, routed)           0.000    10.080    y[7]_i_563_n_0
    SLICE_X40Y59         CARRY4 (Prop_carry4_S[3]_CO[3])
                                                      0.401    10.481 r  y_reg[7]_i_528/CO[3]
                         net (fo=1, routed)           0.000    10.481    y_reg[7]_i_528_n_0
    SLICE_X40Y60         CARRY4 (Prop_carry4_CI_O[0])
                                                      0.222    10.703 r  y_reg[7]_i_590/O[0]
                         net (fo=1, routed)           0.474    11.177    y_reg[7]_i_590_n_7
    SLICE_X39Y60         LUT2 (Prop_lut2_I1_O)        0.299    11.476 r  y[7]_i_560/O
                         net (fo=1, routed)           0.000    11.476    y[7]_i_560_n_0
    SLICE_X39Y60         CARRY4 (Prop_carry4_S[0]_O[0])
                                                      0.247    11.723 r  y_reg[7]_i_517/O[0]
                         net (fo=1, routed)           0.568    12.290    y_reg[7]_i_517_n_7
    SLICE_X37Y60         LUT2 (Prop_lut2_I1_O)        0.299    12.589 r  y[7]_i_475/O
                         net (fo=1, routed)           0.000    12.589    y[7]_i_475_n_0
    SLICE_X37Y60         CARRY4 (Prop_carry4_S[1]_O[2])
                                                      0.580    13.169 r  y_reg[7]_i_450/O[2]
                         net (fo=1, routed)           0.434    13.603    y_reg[7]_i_450_n_5
    SLICE_X38Y61         LUT2 (Prop_lut2_I1_O)        0.302    13.905 r  y[7]_i_554/O
                         net (fo=1, routed)           0.000    13.905    y[7]_i_554_n_0
    SLICE_X38Y61         CARRY4 (Prop_carry4_S[1]_O[2])
                                                      0.578    14.483 r  y_reg[7]_i_513/O[2]
                         net (fo=1, routed)           0.437    14.920    y_reg[7]_i_513_n_5
    SLICE_X36Y61         LUT2 (Prop_lut2_I1_O)        0.301    15.221 r  y[7]_i_468/O
                         net (fo=1, routed)           0.000    15.221    y[7]_i_468_n_0
    SLICE_X36Y61         CARRY4 (Prop_carry4_S[3]_O[3])
                                                      0.255    15.476 r  y_reg[7]_i_446/O[3]
                         net (fo=1, routed)           0.690    16.166    y_reg[7]_i_446_n_4
    SLICE_X37Y64         LUT2 (Prop_lut2_I1_O)        0.307    16.473 r  y[7]_i_415/O
                         net (fo=1, routed)           0.000    16.473    y[7]_i_415_n_0
    SLICE_X37Y64         CARRY4 (Prop_carry4_S[3]_CO[3])
                                                      0.401    16.874 r  y_reg[7]_i_393/CO[3]
                         net (fo=1, routed)           0.000    16.874    y_reg[7]_i_393_n_0
    SLICE_X37Y65         CARRY4 (Prop_carry4_CI_O[0])
                                                      0.222    17.096 r  y_reg[7]_i_438/O[0]
                         net (fo=1, routed)           0.645    17.741    y_reg[7]_i_438_n_7
    SLICE_X44Y63         LUT2 (Prop_lut2_I1_O)        0.299    18.040 r  y[7]_i_411/O
                         net (fo=1, routed)           0.000    18.040    y[7]_i_411_n_0
    SLICE_X44Y63         CARRY4 (Prop_carry4_S[2]_O[2])
                                                      0.248    18.288 r  y_reg[7]_i_385/O[2]
                         net (fo=1, routed)           0.454    18.742    y_reg[7]_i_385_n_5
    SLICE_X45Y62         LUT2 (Prop_lut2_I1_O)        0.302    19.044 r  y[7]_i_346/O
                         net (fo=1, routed)           0.000    19.044    y[7]_i_346_n_0
    SLICE_X45Y62         CARRY4 (Prop_carry4_S[3]_CO[3])
                                                      0.401    19.445 r  y_reg[7]_i_314/CO[3]
                         net (fo=1, routed)           0.000    19.445    y_reg[7]_i_314_n_0
    SLICE_X45Y63         CARRY4 (Prop_carry4_CI_O[0])
                                                      0.222    19.667 r  y_reg[7]_i_376/O[0]
                         net (fo=1, routed)           0.428    20.095    y_reg[7]_i_376_n_7
    SLICE_X47Y62         LUT2 (Prop_lut2_I1_O)        0.299    20.394 r  y[7]_i_342/O
                         net (fo=1, routed)           0.000    20.394    y[7]_i_342_n_0
    SLICE_X47Y62         CARRY4 (Prop_carry4_S[2]_O[2])
                                                      0.248    20.642 r  y_reg[7]_i_306/O[2]
                         net (fo=1, routed)           0.560    21.202    y_reg[7]_i_306_n_5
    SLICE_X45Y59         LUT2 (Prop_lut2_I1_O)        0.302    21.504 r  y[15]_i_440/O
                         net (fo=1, routed)           0.000    21.504    y[15]_i_440_n_0
    SLICE_X45Y59         CARRY4 (Prop_carry4_S[1]_O[1])
                                                      0.227    21.731 r  y_reg[15]_i_426/O[1]
                         net (fo=1, routed)           0.594    22.325    y_reg[15]_i_426_n_6
    SLICE_X42Y56         LUT2 (Prop_lut2_I1_O)        0.303    22.628 r  y[15]_i_434/O
                         net (fo=1, routed)           0.000    22.628    y[15]_i_434_n_0
    SLICE_X42Y56         CARRY4 (Prop_carry4_S[3]_O[3])
                                                      0.255    22.883 r  y_reg[15]_i_425/O[3]
                         net (fo=1, routed)           0.577    23.460    y_reg[15]_i_425_n_4
    SLICE_X43Y57         LUT2 (Prop_lut2_I1_O)        0.307    23.767 r  y[15]_i_419/O
                         net (fo=1, routed)           0.000    23.767    y[15]_i_419_n_0
    SLICE_X43Y57         CARRY4 (Prop_carry4_S[1]_O[1])
                                                      0.227    23.994 r  y_reg[15]_i_411/O[1]
                         net (fo=1, routed)           0.583    24.577    y_reg[15]_i_411_n_6
    SLICE_X44Y55         LUT2 (Prop_lut2_I1_O)        0.303    24.880 r  y[15]_i_412/O
                         net (fo=1, routed)           0.000    24.880    y[15]_i_412_n_0
    SLICE_X44Y55         CARRY4 (Prop_carry4_S[0]_O[0])
                                                      0.247    25.127 r  y_reg[15]_i_401/O[0]
                         net (fo=1, routed)           0.458    25.585    y_reg[15]_i_401_n_7
    SLICE_X46Y55         LUT2 (Prop_lut2_I1_O)        0.299    25.884 r  y[15]_i_397/O
                         net (fo=1, routed)           0.000    25.884    y[15]_i_397_n_0
    SLICE_X46Y55         CARRY4 (Prop_carry4_S[0]_O[1])
                                                      0.427    26.311 r  y_reg[15]_i_383/O[1]
                         net (fo=1, routed)           0.471    26.781    y_reg[15]_i_383_n_6
    SLICE_X47Y54         LUT2 (Prop_lut2_I1_O)        0.306    27.087 r  y[15]_i_385/O
                         net (fo=1, routed)           0.000    27.087    y[15]_i_385_n_0
    SLICE_X47Y54         CARRY4 (Prop_carry4_S[1]_O[1])
                                                      0.227    27.314 r  y_reg[15]_i_362/O[1]
                         net (fo=1, routed)           0.554    27.868    y_reg[15]_i_362_n_6
    SLICE_X45Y52         LUT2 (Prop_lut2_I1_O)        0.303    28.171 r  y[15]_i_378/O
                         net (fo=1, routed)           0.000    28.171    y[15]_i_378_n_0
    SLICE_X45Y52         CARRY4 (Prop_carry4_S[3]_CO[3])
                                                      0.401    28.572 r  y_reg[15]_i_361/CO[3]
                         net (fo=1, routed)           0.000    28.572    y_reg[15]_i_361_n_0
    SLICE_X45Y53         CARRY4 (Prop_carry4_CI_O[0])
                                                      0.222    28.794 r  y_reg[15]_i_352/O[0]
                         net (fo=1, routed)           0.496    29.290    y_reg[15]_i_352_n_7
    SLICE_X44Y51         LUT2 (Prop_lut2_I1_O)        0.299    29.589 r  y[15]_i_356/O
                         net (fo=1, routed)           0.000    29.589    y[15]_i_356_n_0
    SLICE_X44Y51         CARRY4 (Prop_carry4_S[3]_O[3])
                                                      0.248    29.837 r  y_reg[15]_i_350/O[3]
                         net (fo=1, routed)           0.451    30.288    y_reg[15]_i_350_n_4
    SLICE_X43Y53         LUT2 (Prop_lut2_I1_O)        0.306    30.594 r  y[15]_i_343/O
                         net (fo=1, routed)           0.000    30.594    y[15]_i_343_n_0
    SLICE_X43Y53         CARRY4 (Prop_carry4_S[3]_CO[3])
                                                      0.401    30.995 r  y_reg[15]_i_339/CO[3]
                         net (fo=1, routed)           0.000    30.995    y_reg[15]_i_339_n_0
    SLICE_X43Y54         CARRY4 (Prop_carry4_CI_O[0])
                                                      0.222    31.217 r  y_reg[15]_i_329/O[0]
                         net (fo=1, routed)           0.429    31.646    y_reg[15]_i_329_n_7
    SLICE_X42Y54         LUT2 (Prop_lut2_I1_O)        0.299    31.945 r  y[15]_i_330/O
                         net (fo=1, routed)           0.000    31.945    y[15]_i_330_n_0
    SLICE_X42Y54         CARRY4 (Prop_carry4_S[0]_O[0])
                                                      0.252    32.197 r  y_reg[15]_i_305/O[0]
                         net (fo=1, routed)           0.430    32.627    y_reg[15]_i_305_n_7
    SLICE_X41Y55         LUT2 (Prop_lut2_I1_O)        0.295    32.922 r  y[15]_i_307/O
                         net (fo=1, routed)           0.000    32.922    y[15]_i_307_n_0
    SLICE_X41Y55         CARRY4 (Prop_carry4_S[0]_O[0])
                                                      0.247    33.169 r  y_reg[15]_i_289/O[0]
                         net (fo=1, routed)           0.495    33.665    y_reg[15]_i_289_n_7
    SLICE_X40Y56         LUT2 (Prop_lut2_I1_O)        0.299    33.964 r  y[15]_i_296/O
                         net (fo=1, routed)           0.000    33.964    y[15]_i_296_n_0
    SLICE_X40Y56         CARRY4 (Prop_carry4_S[3]_O[3])
                                                      0.248    34.212 r  y_reg[15]_i_287/O[3]
                         net (fo=1, routed)           0.430    34.642    y_reg[15]_i_287_n_4
    SLICE_X39Y57         LUT2 (Prop_lut2_I1_O)        0.306    34.948 r  y[15]_i_270/O
                         net (fo=1, routed)           0.000    34.948    y[15]_i_270_n_0
    SLICE_X39Y57         CARRY4 (Prop_carry4_S[0]_O[0])
                                                      0.247    35.195 r  y_reg[15]_i_252/O[0]
                         net (fo=1, routed)           0.310    35.505    y_reg[15]_i_252_n_7
    SLICE_X38Y56         LUT2 (Prop_lut2_I1_O)        0.299    35.804 r  y[15]_i_253/O
                         net (fo=1, routed)           0.000    35.804    y[15]_i_253_n_0
    SLICE_X38Y56         CARRY4 (Prop_carry4_S[0]_O[0])
                                                      0.252    36.056 r  y_reg[15]_i_234/O[0]
                         net (fo=1, routed)           0.540    36.596    y_reg[15]_i_234_n_7
    SLICE_X37Y57         CARRY4 (Prop_carry4_S[2]_O[2])
                                                      0.543    37.139 r  y_reg[15]_i_204/O[2]
                         net (fo=1, routed)           0.661    37.800    y_reg[15]_i_204_n_5
    SLICE_X37Y53         CARRY4 (Prop_carry4_S[3]_O[3])
                                                      0.550    38.350 r  y_reg[15]_i_202/O[3]
                         net (fo=1, routed)           0.560    38.911    y_reg[15]_i_202_n_4
    SLICE_X36Y55         LUT2 (Prop_lut2_I1_O)        0.306    39.217 r  y[15]_i_167/O
                         net (fo=1, routed)           0.000    39.217    y[15]_i_167_n_0
    SLICE_X36Y55         CARRY4 (Prop_carry4_S[0]_O[0])
                                                      0.252    39.469 r  y_reg[15]_i_130/O[0]
                         net (fo=1, routed)           0.574    40.043    y_reg[15]_i_130_n_7
    SLICE_X35Y54         LUT2 (Prop_lut2_I1_O)        0.295    40.338 r  y[15]_i_156/O
                         net (fo=1, routed)           0.000    40.338    y[15]_i_156_n_0
    SLICE_X35Y54         CARRY4 (Prop_carry4_S[3]_O[3])
                                                      0.248    40.586 r  y_reg[15]_i_128/O[3]
                         net (fo=1, routed)           0.319    40.905    y_reg[15]_i_128_n_4
    SLICE_X34Y52         LUT2 (Prop_lut2_I1_O)        0.306    41.211 r  y[15]_i_120/O
                         net (fo=1, routed)           0.000    41.211    y[15]_i_120_n_0
    SLICE_X34Y52         CARRY4 (Prop_carry4_S[3]_O[3])
                                                      0.255    41.466 r  y_reg[15]_i_94/O[3]
                         net (fo=1, routed)           0.744    42.210    y_reg[15]_i_94_n_4
    SLICE_X32Y54         LUT2 (Prop_lut2_I1_O)        0.307    42.517 r  y[15]_i_91/O
                         net (fo=1, routed)           0.000    42.517    y[15]_i_91_n_0
    SLICE_X32Y54         CARRY4 (Prop_carry4_S[2]_O[2])
                                                      0.250    42.767 r  y_reg[15]_i_71/O[2]
                         net (fo=1, routed)           0.602    43.368    y_reg[15]_i_71_n_5
    SLICE_X32Y50         LUT2 (Prop_lut2_I1_O)        0.301    43.669 r  y[15]_i_65/O
                         net (fo=1, routed)           0.000    43.669    y[15]_i_65_n_0
    SLICE_X32Y50         CARRY4 (Prop_carry4_S[3]_O[3])
                                                      0.255    43.924 r  y_reg[15]_i_46/O[3]
                         net (fo=1, routed)           0.439    44.363    acc__0[12]
    SLICE_X33Y51         LUT2 (Prop_lut2_I1_O)        0.307    44.670 r  y[15]_i_24/O
                         net (fo=1, routed)           0.000    44.670    y[15]_i_24_n_0
    SLICE_X33Y51         CARRY4 (Prop_carry4_S[0]_O[0])
                                                      0.247    44.917 r  y_reg[15]_i_10/O[0]
                         net (fo=1, routed)           0.691    45.608    y_reg[15]_i_10_n_7
    SLICE_X33Y54         LUT2 (Prop_lut2_I1_O)        0.299    45.907 r  y[15]_i_13/O
                         net (fo=1, routed)           0.000    45.907    y[15]_i_13_n_0
    SLICE_X33Y54         CARRY4 (Prop_carry4_S[3]_CO[3])
                                                      0.401    46.308 r  y_reg[15]_i_8/CO[3]
                         net (fo=1, routed)           0.000    46.308    y_reg[15]_i_8_n_0
    SLICE_X33Y55         CARRY4 (Prop_carry4_CI_O[0])
                                                      0.222    46.530 r  y_reg[15]_i_5/O[0]
                         net (fo=1, routed)           0.694    47.224    y_reg[15]_i_5_n_7
    SLICE_X33Y60         LUT2 (Prop_lut2_I1_O)        0.299    47.523 r  y[15]_i_6/O
                         net (fo=1, routed)           0.000    47.523    y[15]_i_6_n_0
    SLICE_X33Y60         CARRY4 (Prop_carry4_S[1]_O[1])
                                                      0.227    47.750 r  y_reg[15]_i_3/O[1]
                         net (fo=1, routed)           0.598    48.348    p_0_in[13]
    SLICE_X34Y60         CARRY4 (Prop_carry4_S[1]_O[1])
                                                      0.533    48.881 r  y_reg[15]_i_2/O[1]
                         net (fo=1, routed)           0.000    48.881    acc[13]
    SLICE_X34Y60         FDRE                                         r  y_reg[13]/D
  -------------------------------------------------------------------    -------------------

                         (clock vclk rise edge)      45.765    45.765 r  <hidden>
                                                      0.000    45.765 r  clk
                         net (fo=351, unset)          0.924    46.689    clk
    SLICE_X34Y60         FDRE                                         r  y_reg[13]/C
                         clock pessimism              0.000    46.689    <hidden>
                         clock uncertainty           -0.035    46.654    <hidden>
    SLICE_X34Y60         FDRE (Setup_fdre_C_D)        0.109    46.763    y_reg[13]
  -------------------------------------------------------------------
                         required time                         46.763    <hidden>
                         arrival time                         -48.881    <hidden>
  -------------------------------------------------------------------
                         slack                                 -2.118    <hidden>

Slack (VIOLATED) :        -1.815ns  (required time - arrival time)
  Source:                 d41_reg[2]/C
                            (rising edge-triggered cell FDRE clocked by vclk  {rise@0.000ns fall@22.882ns period=45.765ns})
  Destination:            y_reg[12]/D
                            (rising edge-triggered cell FDRE clocked by vclk  {rise@0.000ns fall@22.882ns period=45.765ns})
  Path Group:             vclk
  Path Type:              Setup (Max at Slow Process Corner)
  Requirement:            45.765ns  (vclk rise@45.765ns - vclk rise@0.000ns)
  Data Path Delay:        47.605ns  (logic 26.199ns (55.035%)  route 21.406ns (44.965%))
  Logic Levels:           84  (CARRY4=47 LUT2=37)
  Clock Path Skew:        -0.049ns (DCD - SCD + CPR)
    Destination Clock Delay (DCD):    0.924ns = ( 46.689 - 45.765 ) 
    Source Clock Delay      (SCD):    0.973ns
    Clock Pessimism Removal (CPR):    0.000ns
  Clock Uncertainty:      0.035ns  ((TSJ^2 + TIJ^2)^1/2 + DJ) / 2 + PE
    Total System Jitter     (TSJ):    0.071ns
    Total Input Jitter      (TIJ):    0.000ns
    Discrete Jitter          (DJ):    0.000ns
    Phase Error              (PE):    0.000ns

    Location             Delay type                Incr(ns)  Path(ns)    Netlist Resource(s)
  -------------------------------------------------------------------    -------------------
                         (clock vclk rise edge)       0.000     0.000 r  <hidden>
                                                      0.000     0.000 r  clk
                         net (fo=351, unset)          0.973     0.973    clk
    SLICE_X45Y58         FDRE                                         r  d41_reg[2]/C
  -------------------------------------------------------------------    -------------------
    SLICE_X45Y58         FDRE (Prop_fdre_C_Q)         0.456     1.429 r  d41_reg[2]/Q
                         net (fo=2, routed)           0.421     1.850    d41[2]
    SLICE_X46Y58         CARRY4 (Prop_carry4_S[0]_O[0])
                                                      0.376     2.226 r  y_reg[7]_i_771/O[0]
                         net (fo=2, routed)           0.463     2.689    acc0[2]
    SLICE_X46Y61         LUT2 (Prop_lut2_I0_O)        0.295     2.984 r  y[7]_i_775/O
                         net (fo=1, routed)           0.000     2.984    y[7]_i_775_n_0
    SLICE_X46Y61         CARRY4 (Prop_carry4_S[0]_O[0])
                                                      0.252     3.236 r  y_reg[7]_i_755/O[0]
                         net (fo=1, routed)           0.596     3.832    y_reg[7]_i_755_n_7
    SLICE_X48Y61         LUT2 (Prop_lut2_I1_O)        0.295     4.127 r  y[7]_i_739/O
                         net (fo=1, routed)           0.000     4.127    y[7]_i_739_n_0
    SLICE_X48Y61         CARRY4 (Prop_carry4_S[0]_O[0])
                                                      0.247     4.374 r  y_reg[7]_i_721/O[0]
                         net (fo=1, routed)           0.712     5.086    y_reg[7]_i_721_n_7
    SLICE_X48Y57         LUT2 (Prop_lut2_I1_O)        0.299     5.385 r  y[7]_i_698/O
                         net (fo=1, routed)           0.000     5.385    y[7]_i_698_n_0
    SLICE_X48Y57         CARRY4 (Prop_carry4_S[0]_O[0])
                                                      0.247     5.632 r  y_reg[7]_i_675/O[0]
                         net (fo=1, routed)           0.473     6.105    y_reg[7]_i_675_n_7
    SLICE_X47Y57         LUT2 (Prop_lut2_I1_O)        0.299     6.404 r  y[7]_i_639/O
                         net (fo=1, routed)           0.000     6.404    y[7]_i_639_n_0
    SLICE_X47Y57         CARRY4 (Prop_carry4_S[1]_O[2])
                                                      0.580     6.984 r  y_reg[7]_i_612/O[2]
                         net (fo=1, routed)           0.426     7.409    y_reg[7]_i_612_n_5
    SLICE_X44Y57         LUT2 (Prop_lut2_I1_O)        0.302     7.711 r  y[7]_i_570/O
                         net (fo=1, routed)           0.000     7.711    y[7]_i_570_n_0
    SLICE_X44Y57         CARRY4 (Prop_carry4_S[3]_CO[3])
                                                      0.401     8.112 r  y_reg[7]_i_539/CO[3]
                         net (fo=1, routed)           0.000     8.112    y_reg[7]_i_539_n_0
    SLICE_X44Y58         CARRY4 (Prop_carry4_CI_O[0])
                                                      0.222     8.334 r  y_reg[7]_i_667/O[0]
                         net (fo=1, routed)           0.460     8.795    y_reg[7]_i_667_n_7
    SLICE_X42Y60         LUT2 (Prop_lut2_I1_O)        0.299     9.094 r  y[7]_i_634/O
                         net (fo=1, routed)           0.000     9.094    y[7]_i_634_n_0
    SLICE_X42Y60         CARRY4 (Prop_carry4_S[0]_O[0])
                                                      0.252     9.346 r  y_reg[7]_i_602/O[0]
                         net (fo=1, routed)           0.439     9.785    y_reg[7]_i_602_n_7
    SLICE_X40Y59         LUT2 (Prop_lut2_I1_O)        0.295    10.080 r  y[7]_i_563/O
                         net (fo=1, routed)           0.000    10.080    y[7]_i_563_n_0
    SLICE_X40Y59         CARRY4 (Prop_carry4_S[3]_CO[3])
                                                      0.401    10.481 r  y_reg[7]_i_528/CO[3]
                         net (fo=1, routed)           0.000    10.481    y_reg[7]_i_528_n_0
    SLICE_X40Y60         CARRY4 (Prop_carry4_CI_O[0])
                                                      0.222    10.703 r  y_reg[7]_i_590/O[0]
                         net (fo=1, routed)           0.474    11.177    y_reg[7]_i_590_n_7
    SLICE_X39Y60         LUT2 (Prop_lut2_I1_O)        0.299    11.476 r  y[7]_i_560/O
                         net (fo=1, routed)           0.000    11.476    y[7]_i_560_n_0
    SLICE_X39Y60         CARRY4 (Prop_carry4_S[0]_O[0])
                                                      0.247    11.723 r  y_reg[7]_i_517/O[0]
                         net (fo=1, routed)           0.568    12.290    y_reg[7]_i_517_n_7
    SLICE_X37Y60         LUT2 (Prop_lut2_I1_O)        0.299    12.589 r  y[7]_i_475/O
                         net (fo=1, routed)           0.000    12.589    y[7]_i_475_n_0
    SLICE_X37Y60         CARRY4 (Prop_carry4_S[1]_O[2])
                                                      0.580    13.169 r  y_reg[7]_i_450/O[2]
                         net (fo=1, routed)           0.434    13.603    y_reg[7]_i_450_n_5
    SLICE_X38Y61         LUT2 (Prop_lut2_I1_O)        0.302    13.905 r  y[7]_i_554/O
                         net (fo=1, routed)           0.000    13.905    y[7]_i_554_n_0
    SLICE_X38Y61         CARRY4 (Prop_carry4_S[1]_O[2])
                                                      0.578    14.483 r  y_reg[7]_i_513/O[2]
                         net (fo=1, routed)           0.437    14.920    y_reg[7]_i_513_n_5
    SLICE_X36Y61         LUT2 (Prop_lut2_I1_O)        0.301    15.221 r  y[7]_i_468/O
                         net (fo=1, routed)           0.000    15.221    y[7]_i_468_n_0
    SLICE_X36Y61         CARRY4 (Prop_carry4_S[3]_O[3])
                                                      0.255    15.476 r  y_reg[7]_i_446/O[3]
                         net (fo=1, routed)           0.690    16.166    y_reg[7]_i_446_n_4
    SLICE_X37Y64         LUT2 (Prop_lut2_I1_O)        0.307    16.473 r  y[7]_i_415/O
                         net (fo=1, routed)           0.000    16.473    y[7]_i_415_n_0
    SLICE_X37Y64         CARRY4 (Prop_carry4_S[3]_CO[3])
                                                      0.401    16.874 r  y_reg[7]_i_393/CO[3]
                         net (fo=1, routed)           0.000    16.874    y_reg[7]_i_393_n_0
    SLICE_X37Y65         CARRY4 (Prop_carry4_CI_O[0])
                                                      0.222    17.096 r  y_reg[7]_i_438/O[0]
                         net (fo=1, routed)           0.645    17.741    y_reg[7]_i_438_n_7
    SLICE_X44Y63         LUT2 (Prop_lut2_I1_O)        0.299    18.040 r  y[7]_i_411/O
                         net (fo=1, routed)           0.000    18.040    y[7]_i_411_n_0
    SLICE_X44Y63         CARRY4 (Prop_carry4_S[2]_O[2])
                                                      0.248    18.288 r  y_reg[7]_i_385/O[2]
                         net (fo=1, routed)           0.454    18.742    y_reg[7]_i_385_n_5
    SLICE_X45Y62         LUT2 (Prop_lut2_I1_O)        0.302    19.044 r  y[7]_i_346/O
                         net (fo=1, routed)           0.000    19.044    y[7]_i_346_n_0
    SLICE_X45Y62         CARRY4 (Prop_carry4_S[3]_CO[3])
                                                      0.401    19.445 r  y_reg[7]_i_314/CO[3]
                         net (fo=1, routed)           0.000    19.445    y_reg[7]_i_314_n_0
    SLICE_X45Y63         CARRY4 (Prop_carry4_CI_O[0])
                                                      0.222    19.667 r  y_reg[7]_i_376/O[0]
                         net (fo=1, routed)           0.428    20.095    y_reg[7]_i_376_n_7
    SLICE_X47Y62         LUT2 (Prop_lut2_I1_O)        0.299    20.394 r  y[7]_i_342/O
                         net (fo=1, routed)           0.000    20.394    y[7]_i_342_n_0
    SLICE_X47Y62         CARRY4 (Prop_carry4_S[2]_O[2])
                                                      0.248    20.642 r  y_reg[7]_i_306/O[2]
                         net (fo=1, routed)           0.560    21.202    y_reg[7]_i_306_n_5
    SLICE_X45Y59         LUT2 (Prop_lut2_I1_O)        0.302    21.504 r  y[15]_i_440/O
                         net (fo=1, routed)           0.000    21.504    y[15]_i_440_n_0
    SLICE_X45Y59         CARRY4 (Prop_carry4_S[1]_O[1])
                                                      0.227    21.731 r  y_reg[15]_i_426/O[1]
                         net (fo=1, routed)           0.594    22.325    y_reg[15]_i_426_n_6
    SLICE_X42Y56         LUT2 (Prop_lut2_I1_O)        0.303    22.628 r  y[15]_i_434/O
                         net (fo=1, routed)           0.000    22.628    y[15]_i_434_n_0
    SLICE_X42Y56         CARRY4 (Prop_carry4_S[3]_O[3])
                                                      0.255    22.883 r  y_reg[15]_i_425/O[3]
                         net (fo=1, routed)           0.577    23.460    y_reg[15]_i_425_n_4
    SLICE_X43Y57         LUT2 (Prop_lut2_I1_O)        0.307    23.767 r  y[15]_i_419/O
                         net (fo=1, routed)           0.000    23.767    y[15]_i_419_n_0
    SLICE_X43Y57         CARRY4 (Prop_carry4_S[1]_O[1])
                                                      0.227    23.994 r  y_reg[15]_i_411/O[1]
                         net (fo=1, routed)           0.583    24.577    y_reg[15]_i_411_n_6
    SLICE_X44Y55         LUT2 (Prop_lut2_I1_O)        0.303    24.880 r  y[15]_i_412/O
                         net (fo=1, routed)           0.000    24.880    y[15]_i_412_n_0
    SLICE_X44Y55         CARRY4 (Prop_carry4_S[0]_O[0])
                                                      0.247    25.127 r  y_reg[15]_i_401/O[0]
                         net (fo=1, routed)           0.458    25.585    y_reg[15]_i_401_n_7
    SLICE_X46Y55         LUT2 (Prop_lut2_I1_O)        0.299    25.884 r  y[15]_i_397/O
                         net (fo=1, routed)           0.000    25.884    y[15]_i_397_n_0
    SLICE_X46Y55         CARRY4 (Prop_carry4_S[0]_O[1])
                                                      0.427    26.311 r  y_reg[15]_i_383/O[1]
                         net (fo=1, routed)           0.471    26.781    y_reg[15]_i_383_n_6
    SLICE_X47Y54         LUT2 (Prop_lut2_I1_O)        0.306    27.087 r  y[15]_i_385/O
                         net (fo=1, routed)           0.000    27.087    y[15]_i_385_n_0
    SLICE_X47Y54         CARRY4 (Prop_carry4_S[1]_O[1])
                                                      0.227    27.314 r  y_reg[15]_i_362/O[1]
                         net (fo=1, routed)           0.554    27.868    y_reg[15]_i_362_n_6
    SLICE_X45Y52         LUT2 (Prop_lut2_I1_O)        0.303    28.171 r  y[15]_i_378/O
                         net (fo=1, routed)           0.000    28.171    y[15]_i_378_n_0
    SLICE_X45Y52         CARRY4 (Prop_carry4_S[3]_CO[3])
                                                      0.401    28.572 r  y_reg[15]_i_361/CO[3]
                         net (fo=1, routed)           0.000    28.572    y_reg[15]_i_361_n_0
    SLICE_X45Y53         CARRY4 (Prop_carry4_CI_O[0])
                                                      0.222    28.794 r  y_reg[15]_i_352/O[0]
                         net (fo=1, routed)           0.496    29.290    y_reg[15]_i_352_n_7
    SLICE_X44Y51         LUT2 (Prop_lut2_I1_O)        0.299    29.589 r  y[15]_i_356/O
                         net (fo=1, routed)           0.000    29.589    y[15]_i_356_n_0
    SLICE_X44Y51         CARRY4 (Prop_carry4_S[3]_O[3])
                                                      0.248    29.837 r  y_reg[15]_i_350/O[3]
                         net (fo=1, routed)           0.451    30.288    y_reg[15]_i_350_n_4
    SLICE_X43Y53         LUT2 (Prop_lut2_I1_O)        0.306    30.594 r  y[15]_i_343/O
                         net (fo=1, routed)           0.000    30.594    y[15]_i_343_n_0
    SLICE_X43Y53         CARRY4 (Prop_carry4_S[3]_CO[3])
                                                      0.401    30.995 r  y_reg[15]_i_339/CO[3]
                         net (fo=1, routed)           0.000    30.995    y_reg[15]_i_339_n_0
    SLICE_X43Y54         CARRY4 (Prop_carry4_CI_O[0])
                                                      0.222    31.217 r  y_reg[15]_i_329/O[0]
                         net (fo=1, routed)           0.429    31.646    y_reg[15]_i_329_n_7
    SLICE_X42Y54         LUT2 (Prop_lut2_I1_O)        0.299    31.945 r  y[15]_i_330/O
                         net (fo=1, routed)           0.000    31.945    y[15]_i_330_n_0
    SLICE_X42Y54         CARRY4 (Prop_carry4_S[0]_O[0])
                                                      0.252    32.197 r  y_reg[15]_i_305/O[0]
                         net (fo=1, routed)           0.430    32.627    y_reg[15]_i_305_n_7
    SLICE_X41Y55         LUT2 (Prop_lut2_I1_O)        0.295    32.922 r  y[15]_i_307/O
                         net (fo=1, routed)           0.000    32.922    y[15]_i_307_n_0
    SLICE_X41Y55         CARRY4 (Prop_carry4_S[0]_O[0])
                                                      0.247    33.169 r  y_reg[15]_i_289/O[0]
                         net (fo=1, routed)           0.495    33.665    y_reg[15]_i_289_n_7
    SLICE_X40Y56         LUT2 (Prop_lut2_I1_O)        0.299    33.964 r  y[15]_i_296/O
                         net (fo=1, routed)           0.000    33.964    y[15]_i_296_n_0
    SLICE_X40Y56         CARRY4 (Prop_carry4_S[3]_O[3])
                                                      0.248    34.212 r  y_reg[15]_i_287/O[3]
                         net (fo=1, routed)           0.430    34.642    y_reg[15]_i_287_n_4
    SLICE_X39Y57         LUT2 (Prop_lut2_I1_O)        0.306    34.948 r  y[15]_i_270/O
                         net (fo=1, routed)           0.000    34.948    y[15]_i_270_n_0
    SLICE_X39Y57         CARRY4 (Prop_carry4_S[0]_O[0])
                                                      0.247    35.195 r  y_reg[15]_i_252/O[0]
                         net (fo=1, routed)           0.310    35.505    y_reg[15]_i_252_n_7
    SLICE_X38Y56         LUT2 (Prop_lut2_I1_O)        0.299    35.804 r  y[15]_i_253/O
                         net (fo=1, routed)           0.000    35.804    y[15]_i_253_n_0
    SLICE_X38Y56         CARRY4 (Prop_carry4_S[0]_O[0])
                                                      0.252    36.056 r  y_reg[15]_i_234/O[0]
                         net (fo=1, routed)           0.540    36.596    y_reg[15]_i_234_n_7
    SLICE_X37Y57         CARRY4 (Prop_carry4_S[2]_O[2])
                                                      0.543    37.139 r  y_reg[15]_i_204/O[2]
                         net (fo=1, routed)           0.661    37.800    y_reg[15]_i_204_n_5
    SLICE_X37Y53         CARRY4 (Prop_carry4_S[3]_O[3])
                                                      0.550    38.350 r  y_reg[15]_i_202/O[3]
                         net (fo=1, routed)           0.560    38.911    y_reg[15]_i_202_n_4
    SLICE_X36Y55         LUT2 (Prop_lut2_I1_O)        0.306    39.217 r  y[15]_i_167/O
                         net (fo=1, routed)           0.000    39.217    y[15]_i_167_n_0
    SLICE_X36Y55         CARRY4 (Prop_carry4_S[0]_O[0])
                                                      0.252    39.469 r  y_reg[15]_i_130/O[0]
                         net (fo=1, routed)           0.574    40.043    y_reg[15]_i_130_n_7
    SLICE_X35Y54         LUT2 (Prop_lut2_I1_O)        0.295    40.338 r  y[15]_i_156/O
                         net (fo=1, routed)           0.000    40.338    y[15]_i_156_n_0
    SLICE_X35Y54         CARRY4 (Prop_carry4_S[3]_O[3])
                                                      0.248    40.586 r  y_reg[15]_i_128/O[3]
                         net (fo=1, routed)           0.319    40.905    y_reg[15]_i_128_n_4
    SLICE_X34Y52         LUT2 (Prop_lut2_I1_O)        0.306    41.211 r  y[15]_i_120/O
                         net (fo=1, routed)           0.000    41.211    y[15]_i_120_n_0
    SLICE_X34Y52         CARRY4 (Prop_carry4_S[3]_O[3])
                                                      0.255    41.466 r  y_reg[15]_i_94/O[3]
                         net (fo=1, routed)           0.744    42.210    y_reg[15]_i_94_n_4
    SLICE_X32Y54         LUT2 (Prop_lut2_I1_O)        0.307    42.517 r  y[15]_i_91/O
                         net (fo=1, routed)           0.000    42.517    y[15]_i_91_n_0
    SLICE_X32Y54         CARRY4 (Prop_carry4_S[2]_O[2])
                                                      0.250    42.767 r  y_reg[15]_i_71/O[2]
                         net (fo=1, routed)           0.602    43.368    y_reg[15]_i_71_n_5
    SLICE_X32Y50         LUT2 (Prop_lut2_I1_O)        0.301    43.669 r  y[15]_i_65/O
                         net (fo=1, routed)           0.000    43.669    y[15]_i_65_n_0
    SLICE_X32Y50         CARRY4 (Prop_carry4_S[3]_O[3])
                                                      0.255    43.924 r  y_reg[15]_i_46/O[3]
                         net (fo=1, routed)           0.439    44.363    acc__0[12]
    SLICE_X33Y51         LUT2 (Prop_lut2_I1_O)        0.307    44.670 r  y[15]_i_24/O
                         net (fo=1, routed)           0.000    44.670    y[15]_i_24_n_0
    SLICE_X33Y51         CARRY4 (Prop_carry4_S[0]_O[0])
                                                      0.247    44.917 r  y_reg[15]_i_10/O[0]
                         net (fo=1, routed)           0.691    45.608    y_reg[15]_i_10_n_7
    SLICE_X33Y54         LUT2 (Prop_lut2_I1_O)        0.299    45.907 r  y[15]_i_13/O
                         net (fo=1, routed)           0.000    45.907    y[15]_i_13_n_0
    SLICE_X33Y54         CARRY4 (Prop_carry4_S[3]_O[3])
                                                      0.248    46.155 r  y_reg[15]_i_8/O[3]
                         net (fo=1, routed)           0.752    46.907    y_reg[15]_i_8_n_4
    SLICE_X33Y60         LUT2 (Prop_lut2_I1_O)        0.306    47.213 r  y[15]_i_7/O
                         net (fo=1, routed)           0.000    47.213    y[15]_i_7_n_0
    SLICE_X33Y60         CARRY4 (Prop_carry4_S[0]_O[0])
                                                      0.247    47.460 r  y_reg[15]_i_3/O[0]
                         net (fo=1, routed)           0.567    48.027    p_0_in[12]
    SLICE_X34Y60         CARRY4 (Prop_carry4_S[0]_O[0])
                                                      0.551    48.578 r  y_reg[15]_i_2/O[0]
                         net (fo=1, routed)           0.000    48.578    acc[12]
    SLICE_X34Y60         FDRE                                         r  y_reg[12]/D
  -------------------------------------------------------------------    -------------------

                         (clock vclk rise edge)      45.765    45.765 r  <hidden>
                                                      0.000    45.765 r  clk
                         net (fo=351, unset)          0.924    46.689    clk
    SLICE_X34Y60         FDRE                                         r  y_reg[12]/C
                         clock pessimism              0.000    46.689    <hidden>
                         clock uncertainty           -0.035    46.654    <hidden>
    SLICE_X34Y60         FDRE (Setup_fdre_C_D)        0.109    46.763    y_reg[12]
  -------------------------------------------------------------------
                         required time                         46.763    <hidden>
                         arrival time                         -48.578    <hidden>
  -------------------------------------------------------------------
                         slack                                 -1.815    <hidden>

Slack (VIOLATED) :        -0.865ns  (required time - arrival time)
  Source:                 d41_reg[2]/C
                            (rising edge-triggered cell FDRE clocked by vclk  {rise@0.000ns fall@22.882ns period=45.765ns})
  Destination:            y_reg[11]/D
                            (rising edge-triggered cell FDRE clocked by vclk  {rise@0.000ns fall@22.882ns period=45.765ns})
  Path Group:             vclk
  Path Type:              Setup (Max at Slow Process Corner)
  Requirement:            45.765ns  (vclk rise@45.765ns - vclk rise@0.000ns)
  Data Path Delay:        46.655ns  (logic 25.571ns (54.809%)  route 21.084ns (45.191%))
  Logic Levels:           84  (CARRY4=46 LUT2=38)
  Clock Path Skew:        -0.049ns (DCD - SCD + CPR)
    Destination Clock Delay (DCD):    0.924ns = ( 46.689 - 45.765 ) 
    Source Clock Delay      (SCD):    0.973ns
    Clock Pessimism Removal (CPR):    0.000ns
  Clock Uncertainty:      0.035ns  ((TSJ^2 + TIJ^2)^1/2 + DJ) / 2 + PE
    Total System Jitter     (TSJ):    0.071ns
    Total Input Jitter      (TIJ):    0.000ns
    Discrete Jitter          (DJ):    0.000ns
    Phase Error              (PE):    0.000ns

    Location             Delay type                Incr(ns)  Path(ns)    Netlist Resource(s)
  -------------------------------------------------------------------    -------------------
                         (clock vclk rise edge)       0.000     0.000 r  <hidden>
                                                      0.000     0.000 r  clk
                         net (fo=351, unset)          0.973     0.973    clk
    SLICE_X45Y58         FDRE                                         r  d41_reg[2]/C
  -------------------------------------------------------------------    -------------------
    SLICE_X45Y58         FDRE (Prop_fdre_C_Q)         0.456     1.429 r  d41_reg[2]/Q
                         net (fo=2, routed)           0.421     1.850    d41[2]
    SLICE_X46Y58         CARRY4 (Prop_carry4_S[0]_O[0])
                                                      0.376     2.226 r  y_reg[7]_i_771/O[0]
                         net (fo=2, routed)           0.463     2.689    acc0[2]
    SLICE_X46Y61         LUT2 (Prop_lut2_I0_O)        0.295     2.984 r  y[7]_i_775/O
                         net (fo=1, routed)           0.000     2.984    y[7]_i_775_n_0
    SLICE_X46Y61         CARRY4 (Prop_carry4_S[0]_O[0])
                                                      0.252     3.236 r  y_reg[7]_i_755/O[0]
                         net (fo=1, routed)           0.596     3.832    y_reg[7]_i_755_n_7
    SLICE_X48Y61         LUT2 (Prop_lut2_I1_O)        0.295     4.127 r  y[7]_i_739/O
                         net (fo=1, routed)           0.000     4.127    y[7]_i_739_n_0
    SLICE_X48Y61         CARRY4 (Prop_carry4_S[0]_O[0])
                                                      0.247     4.374 r  y_reg[7]_i_721/O[0]
                         net (fo=1, routed)           0.712     5.086    y_reg[7]_i_721_n_7
    SLICE_X48Y57         LUT2 (Prop_lut2_I1_O)        0.299     5.385 r  y[7]_i_698/O
                         net (fo=1, routed)           0.000     5.385    y[7]_i_698_n_0
    SLICE_X48Y57         CARRY4 (Prop_carry4_S[0]_O[0])
                                                      0.247     5.632 r  y_reg[7]_i_675/O[0]
                         net (fo=1, routed)           0.473     6.105    y_reg[7]_i_675_n_7
    SLICE_X47Y57         LUT2 (Prop_lut2_I1_O)        0.299     6.404 r  y[7]_i_639/O
                         net (fo=1, routed)           0.000     6.404    y[7]_i_639_n_0
    SLICE_X47Y57         CARRY4 (Prop_carry4_S[1]_O[2])
                                                      0.580     6.984 r  y_reg[7]_i_612/O[2]
                         net (fo=1, routed)           0.426     7.409    y_reg[7]_i_612_n_5
    SLICE_X44Y57         LUT2 (Prop_lut2_I1_O)        0.302     7.711 r  y[7]_i_570/O
                         net (fo=1, routed)           0.000     7.711    y[7]_i_570_n_0
    SLICE_X44Y57         CARRY4 (Prop_carry4_S[3]_CO[3])
                                                      0.401     8.112 r  y_reg[7]_i_539/CO[3]
                         net (fo=1, routed)           0.000     8.112    y_reg[7]_i_539_n_0
    SLICE_X44Y58         CARRY4 (Prop_carry4_CI_O[0])
                                                      0.222     8.334 r  y_reg[7]_i_667/O[0]
                         net (fo=1, routed)           0.460     8.795    y_reg[7]_i_667_n_7
    SLICE_X42Y60         LUT2 (Prop_lut2_I1_O)        0.299     9.094 r  y[7]_i_634/O
                         net (fo=1, routed)           0.000     9.094    y[7]_i_634_n_0
    SLICE_X42Y60         CARRY4 (Prop_carry4_S[0]_O[0])
                                                      0.252     9.346 r  y_reg[7]_i_602/O[0]
                         net (fo=1, routed)           0.439     9.785    y_reg[7]_i_602_n_7
    SLICE_X40Y59         LUT2 (Prop_lut2_I1_O)        0.295    10.080 r  y[7]_i_563/O
                         net (fo=1, routed)           0.000    10.080    y[7]_i_563_n_0
    SLICE_X40Y59         CARRY4 (Prop_carry4_S[3]_CO[3])
                                                      0.401    10.481 r  y_reg[7]_i_528/CO[3]
                         net (fo=1, routed)           0.000    10.481    y_reg[7]_i_528_n_0
    SLICE_X40Y60         CARRY4 (Prop_carry4_CI_O[0])
                                                      0.222    10.703 r  y_reg[7]_i_590/O[0]
                         net (fo=1, routed)           0.474    11.177    y_reg[7]_i_590_n_7
    SLICE_X39Y60         LUT2 (Prop_lut2_I1_O)        0.299    11.476 r  y[7]_i_560/O
                         net (fo=1, routed)           0.000    11.476    y[7]_i_560_n_0
    SLICE_X39Y60         CARRY4 (Prop_carry4_S[0]_O[0])
                                                      0.247    11.723 r  y_reg[7]_i_517/O[0]
                         net (fo=1, routed)           0.568    12.290    y_reg[7]_i_517_n_7
    SLICE_X37Y60         LUT2 (Prop_lut2_I1_O)        0.299    12.589 r  y[7]_i_475/O
                         net (fo=1, routed)           0.000    12.589    y[7]_i_475_n_0
    SLICE_X37Y60         CARRY4 (Prop_carry4_S[1]_O[1])
                                                      0.227    12.816 r  y_reg[7]_i_450/O[1]
                         net (fo=1, routed)           0.572    13.389    y_reg[7]_i_450_n_6
    SLICE_X38Y61         LUT2 (Prop_lut2_I1_O)        0.303    13.692 r  y[7]_i_555/O
                         net (fo=1, routed)           0.000    13.692    y[7]_i_555_n_0
    SLICE_X38Y61         CARRY4 (Prop_carry4_S[0]_O[0])
                                                      0.252    13.944 r  y_reg[7]_i_513/O[0]
                         net (fo=1, routed)           0.454    14.398    y_reg[7]_i_513_n_7
    SLICE_X36Y61         LUT2 (Prop_lut2_I1_O)        0.295    14.693 r  y[7]_i_470/O
                         net (fo=1, routed)           0.000    14.693    y[7]_i_470_n_0
    SLICE_X36Y61         CARRY4 (Prop_carry4_S[1]_O[1])
                                                      0.230    14.923 r  y_reg[7]_i_446/O[1]
                         net (fo=1, routed)           0.744    15.667    y_reg[7]_i_446_n_6
    SLICE_X37Y64         LUT2 (Prop_lut2_I1_O)        0.306    15.973 r  y[7]_i_417/O
                         net (fo=1, routed)           0.000    15.973    y[7]_i_417_n_0
    SLICE_X37Y64         CARRY4 (Prop_carry4_S[1]_O[1])
                                                      0.227    16.200 r  y_reg[7]_i_393/O[1]
                         net (fo=1, routed)           0.599    16.799    y_reg[7]_i_393_n_6
    SLICE_X44Y62         LUT2 (Prop_lut2_I1_O)        0.303    17.102 r  y[7]_i_352/O
                         net (fo=1, routed)           0.000    17.102    y[7]_i_352_n_0
    SLICE_X44Y62         CARRY4 (Prop_carry4_S[3]_O[3])
                                                      0.248    17.350 r  y_reg[7]_i_325/O[3]
                         net (fo=1, routed)           0.456    17.806    y_reg[7]_i_325_n_4
    SLICE_X45Y62         LUT2 (Prop_lut2_I1_O)        0.306    18.112 r  y[7]_i_349/O
                         net (fo=1, routed)           0.000    18.112    y[7]_i_349_n_0
    SLICE_X45Y62         CARRY4 (Prop_carry4_S[0]_O[0])
                                                      0.247    18.359 r  y_reg[7]_i_314/O[0]
                         net (fo=1, routed)           0.428    18.787    y_reg[7]_i_314_n_7
    SLICE_X47Y61         LUT2 (Prop_lut2_I1_O)        0.299    19.086 r  y[7]_i_282/O
                         net (fo=1, routed)           0.000    19.086    y[7]_i_282_n_0
    SLICE_X47Y61         CARRY4 (Prop_carry4_S[2]_O[2])
                                                      0.248    19.334 r  y_reg[7]_i_264/O[2]
                         net (fo=1, routed)           0.560    19.894    y_reg[7]_i_264_n_5
    SLICE_X45Y58         LUT2 (Prop_lut2_I1_O)        0.302    20.196 r  y[7]_i_277/O
                         net (fo=1, routed)           0.000    20.196    y[7]_i_277_n_0
    SLICE_X45Y58         CARRY4 (Prop_carry4_S[1]_O[1])
                                                      0.227    20.423 r  y_reg[7]_i_253/O[1]
                         net (fo=1, routed)           0.594    21.017    y_reg[7]_i_253_n_6
    SLICE_X42Y55         LUT2 (Prop_lut2_I1_O)        0.303    21.320 r  y[7]_i_228/O
                         net (fo=1, routed)           0.000    21.320    y[7]_i_228_n_0
    SLICE_X42Y55         CARRY4 (Prop_carry4_S[3]_O[3])
                                                      0.255    21.575 r  y_reg[7]_i_211/O[3]
                         net (fo=1, routed)           0.436    22.011    y_reg[7]_i_211_n_4
    SLICE_X43Y56         LUT2 (Prop_lut2_I1_O)        0.307    22.318 r  y[7]_i_337/O
                         net (fo=1, routed)           0.000    22.318    y[7]_i_337_n_0
    SLICE_X43Y56         CARRY4 (Prop_carry4_S[1]_O[1])
                                                      0.227    22.545 r  y_reg[7]_i_297/O[1]
                         net (fo=1, routed)           0.583    23.128    y_reg[7]_i_297_n_6
    SLICE_X44Y54         LUT2 (Prop_lut2_I1_O)        0.303    23.431 r  y[7]_i_333/O
                         net (fo=1, routed)           0.000    23.431    y[7]_i_333_n_0
    SLICE_X44Y54         CARRY4 (Prop_carry4_S[0]_O[0])
                                                      0.247    23.678 r  y_reg[7]_i_296/O[0]
                         net (fo=1, routed)           0.458    24.136    y_reg[7]_i_296_n_7
    SLICE_X46Y54         LUT2 (Prop_lut2_I1_O)        0.299    24.435 r  y[7]_i_270/O
                         net (fo=1, routed)           0.000    24.435    y[7]_i_270_n_0
    SLICE_X46Y54         CARRY4 (Prop_carry4_S[0]_O[1])
                                                      0.427    24.862 r  y_reg[7]_i_241/O[1]
                         net (fo=1, routed)           0.471    25.332    y_reg[7]_i_241_n_6
    SLICE_X47Y53         LUT2 (Prop_lut2_I1_O)        0.306    25.638 r  y[7]_i_220/O
                         net (fo=1, routed)           0.000    25.638    y[7]_i_220_n_0
    SLICE_X47Y53         CARRY4 (Prop_carry4_S[1]_O[1])
                                                      0.227    25.865 r  y_reg[7]_i_196/O[1]
                         net (fo=1, routed)           0.554    26.419    y_reg[7]_i_196_n_6
    SLICE_X45Y51         LUT2 (Prop_lut2_I1_O)        0.303    26.722 r  y[7]_i_173/O
                         net (fo=1, routed)           0.000    26.722    y[7]_i_173_n_0
    SLICE_X45Y51         CARRY4 (Prop_carry4_S[3]_CO[3])
                                                      0.401    27.123 r  y_reg[7]_i_165/CO[3]
                         net (fo=1, routed)           0.000    27.123    y_reg[7]_i_165_n_0
    SLICE_X45Y52         CARRY4 (Prop_carry4_CI_O[0])
                                                      0.222    27.345 r  y_reg[15]_i_361/O[0]
                         net (fo=1, routed)           0.496    27.841    y_reg[15]_i_361_n_7
    SLICE_X44Y50         LUT2 (Prop_lut2_I1_O)        0.299    28.140 r  y[7]_i_213/O
                         net (fo=1, routed)           0.000    28.140    y[7]_i_213_n_0
    SLICE_X44Y50         CARRY4 (Prop_carry4_S[3]_O[3])
                                                      0.248    28.388 r  y_reg[7]_i_195/O[3]
                         net (fo=1, routed)           0.451    28.839    y_reg[7]_i_195_n_4
    SLICE_X43Y52         LUT2 (Prop_lut2_I1_O)        0.306    29.145 r  y[7]_i_169/O
                         net (fo=1, routed)           0.000    29.145    y[7]_i_169_n_0
    SLICE_X43Y52         CARRY4 (Prop_carry4_S[3]_CO[3])
                                                      0.401    29.546 r  y_reg[7]_i_153/CO[3]
                         net (fo=1, routed)           0.000    29.546    y_reg[7]_i_153_n_0
    SLICE_X43Y53         CARRY4 (Prop_carry4_CI_O[0])
                                                      0.222    29.768 r  y_reg[15]_i_339/O[0]
                         net (fo=1, routed)           0.429    30.197    y_reg[15]_i_339_n_7
    SLICE_X42Y53         LUT2 (Prop_lut2_I1_O)        0.299    30.496 r  y[15]_i_338/O
                         net (fo=1, routed)           0.000    30.496    y[15]_i_338_n_0
    SLICE_X42Y53         CARRY4 (Prop_carry4_S[0]_O[0])
                                                      0.252    30.748 r  y_reg[15]_i_327/O[0]
                         net (fo=1, routed)           0.430    31.178    y_reg[15]_i_327_n_7
    SLICE_X41Y54         LUT2 (Prop_lut2_I1_O)        0.295    31.473 r  y[15]_i_324/O
                         net (fo=1, routed)           0.000    31.473    y[15]_i_324_n_0
    SLICE_X41Y54         CARRY4 (Prop_carry4_S[0]_O[0])
                                                      0.247    31.720 r  y_reg[15]_i_303/O[0]
                         net (fo=1, routed)           0.495    32.216    y_reg[15]_i_303_n_7
    SLICE_X40Y55         LUT2 (Prop_lut2_I1_O)        0.299    32.515 r  y[15]_i_308/O
                         net (fo=1, routed)           0.000    32.515    y[15]_i_308_n_0
    SLICE_X40Y55         CARRY4 (Prop_carry4_S[3]_CO[3])
                                                      0.401    32.916 r  y_reg[15]_i_294/CO[3]
                         net (fo=1, routed)           0.000    32.916    y_reg[15]_i_294_n_0
    SLICE_X40Y56         CARRY4 (Prop_carry4_CI_O[0])
                                                      0.222    33.138 r  y_reg[15]_i_287/O[0]
                         net (fo=1, routed)           0.471    33.609    y_reg[15]_i_287_n_7
    SLICE_X39Y56         LUT2 (Prop_lut2_I1_O)        0.299    33.908 r  y[15]_i_285/O
                         net (fo=1, routed)           0.000    33.908    y[15]_i_285_n_0
    SLICE_X39Y56         CARRY4 (Prop_carry4_S[1]_O[1])
                                                      0.227    34.135 r  y_reg[15]_i_268/O[1]
                         net (fo=1, routed)           0.496    34.631    y_reg[15]_i_268_n_6
    SLICE_X38Y55         LUT2 (Prop_lut2_I1_O)        0.303    34.934 r  y[15]_i_264/O
                         net (fo=1, routed)           0.000    34.934    y[15]_i_264_n_0
    SLICE_X38Y55         CARRY4 (Prop_carry4_S[1]_O[2])
                                                      0.578    35.512 r  y_reg[15]_i_250/O[2]
                         net (fo=1, routed)           0.541    36.052    y_reg[15]_i_250_n_5
    SLICE_X37Y57         LUT2 (Prop_lut2_I1_O)        0.301    36.353 r  y[15]_i_238/O
                         net (fo=1, routed)           0.000    36.353    y[15]_i_238_n_0
    SLICE_X37Y57         CARRY4 (Prop_carry4_S[0]_O[1])
                                                      0.424    36.777 r  y_reg[15]_i_204/O[1]
                         net (fo=1, routed)           0.634    37.412    y_reg[15]_i_204_n_6
    SLICE_X37Y53         CARRY4 (Prop_carry4_S[2]_O[2])
                                                      0.551    37.963 r  y_reg[15]_i_202/O[2]
                         net (fo=1, routed)           0.432    38.395    y_reg[15]_i_202_n_5
    SLICE_X36Y54         LUT2 (Prop_lut2_I1_O)        0.302    38.697 r  y[15]_i_195/O
                         net (fo=1, routed)           0.000    38.697    y[15]_i_195_n_0
    SLICE_X36Y54         CARRY4 (Prop_carry4_S[3]_O[3])
                                                      0.255    38.952 r  y_reg[15]_i_163/O[3]
                         net (fo=1, routed)           0.558    39.509    y_reg[15]_i_163_n_4
    SLICE_X35Y54         LUT2 (Prop_lut2_I1_O)        0.307    39.816 r  y[15]_i_157/O
                         net (fo=1, routed)           0.000    39.816    y[15]_i_157_n_0
    SLICE_X35Y54         CARRY4 (Prop_carry4_S[2]_O[2])
                                                      0.248    40.064 r  y_reg[15]_i_128/O[2]
                         net (fo=1, routed)           0.447    40.512    y_reg[15]_i_128_n_5
    SLICE_X34Y52         LUT2 (Prop_lut2_I1_O)        0.302    40.814 r  y[15]_i_121/O
                         net (fo=1, routed)           0.000    40.814    y[15]_i_121_n_0
    SLICE_X34Y52         CARRY4 (Prop_carry4_S[2]_O[2])
                                                      0.250    41.064 r  y_reg[15]_i_94/O[2]
                         net (fo=1, routed)           0.595    41.659    y_reg[15]_i_94_n_5
    SLICE_X32Y54         LUT2 (Prop_lut2_I1_O)        0.301    41.960 r  y[15]_i_92/O
                         net (fo=1, routed)           0.000    41.960    y[15]_i_92_n_0
    SLICE_X32Y54         CARRY4 (Prop_carry4_S[1]_O[1])
                                                      0.230    42.190 r  y_reg[15]_i_71/O[1]
                         net (fo=1, routed)           0.569    42.758    y_reg[15]_i_71_n_6
    SLICE_X32Y50         LUT2 (Prop_lut2_I1_O)        0.306    43.064 r  y[15]_i_66/O
                         net (fo=1, routed)           0.000    43.064    y[15]_i_66_n_0
    SLICE_X32Y50         CARRY4 (Prop_carry4_S[2]_O[2])
                                                      0.250    43.314 r  y_reg[15]_i_46/O[2]
                         net (fo=1, routed)           0.407    43.721    acc__0[11]
    SLICE_X33Y50         LUT2 (Prop_lut2_I1_O)        0.301    44.022 r  y[15]_i_35/O
                         net (fo=1, routed)           0.000    44.022    y[15]_i_35_n_0
    SLICE_X33Y50         CARRY4 (Prop_carry4_S[3]_O[3])
                                                      0.248    44.270 r  y_reg[15]_i_20/O[3]
                         net (fo=1, routed)           0.740    45.010    y_reg[15]_i_20_n_4
    SLICE_X33Y54         LUT2 (Prop_lut2_I1_O)        0.306    45.316 r  y[15]_i_14/O
                         net (fo=1, routed)           0.000    45.316    y[15]_i_14_n_0
    SLICE_X33Y54         CARRY4 (Prop_carry4_S[2]_O[2])
                                                      0.248    45.564 r  y_reg[15]_i_8/O[2]
                         net (fo=1, routed)           0.496    46.060    y_reg[15]_i_8_n_5
    SLICE_X33Y59         LUT2 (Prop_lut2_I1_O)        0.302    46.362 r  y[11]_i_6/O
                         net (fo=1, routed)           0.000    46.362    y[11]_i_6_n_0
    SLICE_X33Y59         CARRY4 (Prop_carry4_S[3]_O[3])
                                                      0.248    46.610 r  y_reg[11]_i_2/O[3]
                         net (fo=1, routed)           0.457    47.067    p_0_in[11]
    SLICE_X34Y59         CARRY4 (Prop_carry4_S[3]_O[3])
                                                      0.561    47.628 r  y_reg[11]_i_1/O[3]
                         net (fo=1, routed)           0.000    47.628    acc[11]
    SLICE_X34Y59         FDRE                                         r  y_reg[11]/D
  -------------------------------------------------------------------    -------------------

                         (clock vclk rise edge)      45.765    45.765 r  <hidden>
                                                      0.000    45.765 r  clk
                         net (fo=351, unset)          0.924    46.689    clk
    SLICE_X34Y59         FDRE                                         r  y_reg[11]/C
                         clock pessimism              0.000    46.689    <hidden>
                         clock uncertainty           -0.035    46.654    <hidden>
    SLICE_X34Y59         FDRE (Setup_fdre_C_D)        0.109    46.763    y_reg[11]
  -------------------------------------------------------------------
                         required time                         46.763    <hidden>
                         arrival time                         -47.628    <hidden>
  -------------------------------------------------------------------
                         slack                                 -0.865    <hidden>

Slack (VIOLATED) :        -0.225ns  (required time - arrival time)
  Source:                 d41_reg[2]/C
                            (rising edge-triggered cell FDRE clocked by vclk  {rise@0.000ns fall@22.882ns period=45.765ns})
  Destination:            y_reg[10]/D
                            (rising edge-triggered cell FDRE clocked by vclk  {rise@0.000ns fall@22.882ns period=45.765ns})
  Path Group:             vclk
  Path Type:              Setup (Max at Slow Process Corner)
  Requirement:            45.765ns  (vclk rise@45.765ns - vclk rise@0.000ns)
  Data Path Delay:        46.015ns  (logic 25.367ns (55.127%)  route 20.648ns (44.873%))
  Logic Levels:           85  (CARRY4=46 LUT2=39)
  Clock Path Skew:        -0.049ns (DCD - SCD + CPR)
    Destination Clock Delay (DCD):    0.924ns = ( 46.689 - 45.765 ) 
    Source Clock Delay      (SCD):    0.973ns
    Clock Pessimism Removal (CPR):    0.000ns
  Clock Uncertainty:      0.035ns  ((TSJ^2 + TIJ^2)^1/2 + DJ) / 2 + PE
    Total System Jitter     (TSJ):    0.071ns
    Total Input Jitter      (TIJ):    0.000ns
    Discrete Jitter          (DJ):    0.000ns
    Phase Error              (PE):    0.000ns

    Location             Delay type                Incr(ns)  Path(ns)    Netlist Resource(s)
  -------------------------------------------------------------------    -------------------
                         (clock vclk rise edge)       0.000     0.000 r  <hidden>
                                                      0.000     0.000 r  clk
                         net (fo=351, unset)          0.973     0.973    clk
    SLICE_X45Y58         FDRE                                         r  d41_reg[2]/C
  -------------------------------------------------------------------    -------------------
    SLICE_X45Y58         FDRE (Prop_fdre_C_Q)         0.456     1.429 r  d41_reg[2]/Q
                         net (fo=2, routed)           0.421     1.850    d41[2]
    SLICE_X46Y58         CARRY4 (Prop_carry4_S[0]_O[0])
                                                      0.376     2.226 r  y_reg[7]_i_771/O[0]
                         net (fo=2, routed)           0.463     2.689    acc0[2]
    SLICE_X46Y61         LUT2 (Prop_lut2_I0_O)        0.295     2.984 r  y[7]_i_775/O
                         net (fo=1, routed)           0.000     2.984    y[7]_i_775_n_0
    SLICE_X46Y61         CARRY4 (Prop_carry4_S[0]_O[0])
                                                      0.252     3.236 r  y_reg[7]_i_755/O[0]
                         net (fo=1, routed)           0.596     3.832    y_reg[7]_i_755_n_7
    SLICE_X48Y61         LUT2 (Prop_lut2_I1_O)        0.295     4.127 r  y[7]_i_739/O
                         net (fo=1, routed)           0.000     4.127    y[7]_i_739_n_0
    SLICE_X48Y61         CARRY4 (Prop_carry4_S[0]_O[0])
                                                      0.247     4.374 r  y_reg[7]_i_721/O[0]
                         net (fo=1, routed)           0.712     5.086    y_reg[7]_i_721_n_7
    SLICE_X48Y57         LUT2 (Prop_lut2_I1_O)        0.299     5.385 r  y[7]_i_698/O
                         net (fo=1, routed)           0.000     5.385    y[7]_i_698_n_0
    SLICE_X48Y57         CARRY4 (Prop_carry4_S[0]_O[0])
                                                      0.247     5.632 r  y_reg[7]_i_675/O[0]
                         net (fo=1, routed)           0.473     6.105    y_reg[7]_i_675_n_7
    SLICE_X47Y57         LUT2 (Prop_lut2_I1_O)        0.299     6.404 r  y[7]_i_639/O
                         net (fo=1, routed)           0.000     6.404    y[7]_i_639_n_0
    SLICE_X47Y57         CARRY4 (Prop_carry4_S[1]_O[2])
                                                      0.580     6.984 r  y_reg[7]_i_612/O[2]
                         net (fo=1, routed)           0.426     7.409    y_reg[7]_i_612_n_5
    SLICE_X44Y57         LUT2 (Prop_lut2_I1_O)        0.302     7.711 r  y[7]_i_570/O
                         net (fo=1, routed)           0.000     7.711    y[7]_i_570_n_0
    SLICE_X44Y57         CARRY4 (Prop_carry4_S[3]_CO[3])
                                                      0.401     8.112 r  y_reg[7]_i_539/CO[3]
                         net (fo=1, routed)           0.000     8.112    y_reg[7]_i_539_n_0
    SLICE_X44Y58         CARRY4 (Prop_carry4_CI_O[0])
                                                      0.222     8.334 r  y_reg[7]_i_667/O[0]
                         net (fo=1, routed)           0.460     8.795    y_reg[7]_i_667_n_7
    SLICE_X42Y60         LUT2 (Prop_lut2_I1_O)        0.299     9.094 r  y[7]_i_634/O
                         net (fo=1, routed)           0.000     9.094    y[7]_i_634_n_0
    SLICE_X42Y60         CARRY4 (Prop_carry4_S[0]_O[0])
                                                      0.252     9.346 r  y_reg[7]_i_602/O[0]
                         net (fo=1, routed)           0.439     9.785    y_reg[7]_i_602_n_7
    SLICE_X40Y59         LUT2 (Prop_lut2_I1_O)        0.295    10.080 r  y[7]_i_563/O
                         net (fo=1, routed)           0.000    10.080    y[7]_i_563_n_0
    SLICE_X40Y59         CARRY4 (Prop_carry4_S[3]_CO[3])
                                                      0.401    10.481 r  y_reg[7]_i_528/CO[3]
                         net (fo=1, routed)           0.000    10.481    y_reg[7]_i_528_n_0
    SLICE_X40Y60         CARRY4 (Prop_carry4_CI_O[0])
                                                      0.222    10.703 r  y_reg[7]_i_590/O[0]
                         net (fo=1, routed)           0.474    11.177    y_reg[7]_i_590_n_7
    SLICE_X39Y60         LUT2 (Prop_lut2_I1_O)        0.299    11.476 r  y[7]_i_560/O
                         net (fo=1, routed)           0.000    11.476    y[7]_i_560_n_0
    SLICE_X39Y60         CARRY4 (Prop_carry4_S[0]_O[0])
                                                      0.247    11.723 r  y_reg[7]_i_517/O[0]
                         net (fo=1, routed)           0.568    12.290    y_reg[7]_i_517_n_7
    SLICE_X37Y60         LUT2 (Prop_lut2_I1_O)        0.299    12.589 r  y[7]_i_475/O
                         net (fo=1, routed)           0.000    12.589    y[7]_i_475_n_0
    SLICE_X37Y60         CARRY4 (Prop_carry4_S[1]_O[1])
                                                      0.227    12.816 r  y_reg[7]_i_450/O[1]
                         net (fo=1, routed)           0.572    13.389    y_reg[7]_i_450_n_6
    SLICE_X38Y61         LUT2 (Prop_lut2_I1_O)        0.303    13.692 r  y[7]_i_555/O
                         net (fo=1, routed)           0.000    13.692    y[7]_i_555_n_0
    SLICE_X38Y61         CARRY4 (Prop_carry4_S[0]_O[0])
                                                      0.252    13.944 r  y_reg[7]_i_513/O[0]
                         net (fo=1, routed)           0.454    14.398    y_reg[7]_i_513_n_7
    SLICE_X36Y61         LUT2 (Prop_lut2_I1_O)        0.295    14.693 r  y[7]_i_470/O
                         net (fo=1, routed)           0.000    14.693    y[7]_i_470_n_0
    SLICE_X36Y61         CARRY4 (Prop_carry4_S[1]_O[1])
                                                      0.230    14.923 r  y_reg[7]_i_446/O[1]
                         net (fo=1, routed)           0.744    15.667    y_reg[7]_i_446_n_6
    SLICE_X37Y64         LUT2 (Prop_lut2_I1_O)        0.306    15.973 r  y[7]_i_417/O
                         net (fo=1, routed)           0.000    15.973    y[7]_i_417_n_0
    SLICE_X37Y64         CARRY4 (Prop_carry4_S[1]_O[1])
                                                      0.227    16.200 r  y_reg[7]_i_393/O[1]
                         net (fo=1, routed)           0.599    16.799    y_reg[7]_i_393_n_6
    SLICE_X44Y62         LUT2 (Prop_lut2_I1_O)        0.303    17.102 r  y[7]_i_352/O
                         net (fo=1, routed)           0.000    17.102    y[7]_i_352_n_0
    SLICE_X44Y62         CARRY4 (Prop_carry4_S[3]_O[3])
                                                      0.248    17.350 r  y_reg[7]_i_325/O[3]
                         net (fo=1, routed)           0.456    17.806    y_reg[7]_i_325_n_4
    SLICE_X45Y62         LUT2 (Prop_lut2_I1_O)        0.306    18.112 r  y[7]_i_349/O
                         net (fo=1, routed)           0.000    18.112    y[7]_i_349_n_0
    SLICE_X45Y62         CARRY4 (Prop_carry4_S[0]_O[0])
                                                      0.247    18.359 r  y_reg[7]_i_314/O[0]
                         net (fo=1, routed)           0.428    18.787    y_reg[7]_i_314_n_7
    SLICE_X47Y61         LUT2 (Prop_lut2_I1_O)        0.299    19.086 r  y[7]_i_282/O
                         net (fo=1, routed)           0.000    19.086    y[7]_i_282_n_0
    SLICE_X47Y61         CARRY4 (Prop_carry4_S[2]_O[2])
                                                      0.248    19.334 r  y_reg[7]_i_264/O[2]
                         net (fo=1, routed)           0.560    19.894    y_reg[7]_i_264_n_5
    SLICE_X45Y58         LUT2 (Prop_lut2_I1_O)        0.302    20.196 r  y[7]_i_277/O
                         net (fo=1, routed)           0.000    20.196    y[7]_i_277_n_0
    SLICE_X45Y58         CARRY4 (Prop_carry4_S[1]_O[1])
                                                      0.227    20.423 r  y_reg[7]_i_253/O[1]
                         net (fo=1, routed)           0.594    21.017    y_reg[7]_i_253_n_6
    SLICE_X42Y55         LUT2 (Prop_lut2_I1_O)        0.303    21.320 r  y[7]_i_228/O
                         net (fo=1, routed)           0.000    21.320    y[7]_i_228_n_0
    SLICE_X42Y55         CARRY4 (Prop_carry4_S[3]_O[3])
                                                      0.255    21.575 r  y_reg[7]_i_211/O[3]
                         net (fo=1, routed)           0.436    22.011    y_reg[7]_i_211_n_4
    SLICE_X43Y56         LUT2 (Prop_lut2_I1_O)        0.307    22.318 r  y[7]_i_337/O
                         net (fo=1, routed)           0.000    22.318    y[7]_i_337_n_0
    SLICE_X43Y56         CARRY4 (Prop_carry4_S[1]_O[1])
                                                      0.227    22.545 r  y_reg[7]_i_297/O[1]
                         net (fo=1, routed)           0.583    23.128    y_reg[7]_i_297_n_6
    SLICE_X44Y54         LUT2 (Prop_lut2_I1_O)        0.303    23.431 r  y[7]_i_333/O
                         net (fo=1, routed)           0.000    23.431    y[7]_i_333_n_0
    SLICE_X44Y54         CARRY4 (Prop_carry4_S[0]_O[0])
                                                      0.247    23.678 r  y_reg[7]_i_296/O[0]
                         net (fo=1, routed)           0.458    24.136    y_reg[7]_i_296_n_7
    SLICE_X46Y54         LUT2 (Prop_lut2_I1_O)        0.299    24.435 r  y[7]_i_270/O
                         net (fo=1, routed)           0.000    24.435    y[7]_i_270_n_0
    SLICE_X46Y54         CARRY4 (Prop_carry4_S[0]_O[1])
                                                      0.427    24.862 r  y_reg[7]_i_241/O[1]
                         net (fo=1, routed)           0.471    25.332    y_reg[7]_i_241_n_6
    SLICE_X47Y53         LUT2 (Prop_lut2_I1_O)        0.306    25.638 r  y[7]_i_220/O
                         net (fo=1, routed)           0.000    25.638    y[7]_i_220_n_0
    SLICE_X47Y53         CARRY4 (Prop_carry4_S[1]_O[1])
                                                      0.227    25.865 r  y_reg[7]_i_196/O[1]
                         net (fo=1, routed)           0.554    26.419    y_reg[7]_i_196_n_6
    SLICE_X45Y51         LUT2 (Prop_lut2_I1_O)        0.303    26.722 r  y[7]_i_173/O
                         net (fo=1, routed)           0.000    26.722    y[7]_i_173_n_0
    SLICE_X45Y51         CARRY4 (Prop_carry4_S[3]_CO[3])
                                                      0.401    27.123 r  y_reg[7]_i_165/CO[3]
                         net (fo=1, routed)           0.000    27.123    y_reg[7]_i_165_n_0
    SLICE_X45Y52         CARRY4 (Prop_carry4_CI_O[0])
                                                      0.222    27.345 r  y_reg[15]_i_361/O[0]
                         net (fo=1, routed)           0.496    27.841    y_reg[15]_i_361_n_7
    SLICE_X44Y50         LUT2 (Prop_lut2_I1_O)        0.299    28.140 r  y[7]_i_213/O
                         net (fo=1, routed)           0.000    28.140    y[7]_i_213_n_0
    SLICE_X44Y50         CARRY4 (Prop_carry4_S[3]_O[3])
                                                      0.248    28.388 r  y_reg[7]_i_195/O[3]
                         net (fo=1, routed)           0.451    28.839    y_reg[7]_i_195_n_4
    SLICE_X43Y52         LUT2 (Prop_lut2_I1_O)        0.306    29.145 r  y[7]_i_169/O
                         net (fo=1, routed)           0.000    29.145    y[7]_i_169_n_0
    SLICE_X43Y52         CARRY4 (Prop_carry4_S[3]_CO[3])
                                                      0.401    29.546 r  y_reg[7]_i_153/CO[3]
                         net (fo=1, routed)           0.000    29.546    y_reg[7]_i_153_n_0
    SLICE_X43Y53         CARRY4 (Prop_carry4_CI_O[0])
                                                      0.222    29.768 r  y_reg[15]_i_339/O[0]
                         net (fo=1, routed)           0.429    30.197    y_reg[15]_i_339_n_7
    SLICE_X42Y53         LUT2 (Prop_lut2_I1_O)        0.299    30.496 r  y[15]_i_338/O
                         net (fo=1, routed)           0.000    30.496    y[15]_i_338_n_0
    SLICE_X42Y53         CARRY4 (Prop_carry4_S[0]_O[0])
                                                      0.252    30.748 r  y_reg[15]_i_327/O[0]
                         net (fo=1, routed)           0.430    31.178    y_reg[15]_i_327_n_7
    SLICE_X41Y54         LUT2 (Prop_lut2_I1_O)        0.295    31.473 r  y[15]_i_324/O
                         net (fo=1, routed)           0.000    31.473    y[15]_i_324_n_0
    SLICE_X41Y54         CARRY4 (Prop_carry4_S[0]_O[0])
                                                      0.247    31.720 r  y_reg[15]_i_303/O[0]
                         net (fo=1, routed)           0.495    32.216    y_reg[15]_i_303_n_7
    SLICE_X40Y55         LUT2 (Prop_lut2_I1_O)        0.299    32.515 r  y[15]_i_308/O
                         net (fo=1, routed)           0.000    32.515    y[15]_i_308_n_0
    SLICE_X40Y55         CARRY4 (Prop_carry4_S[3]_O[3])
                                                      0.248    32.763 r  y_reg[15]_i_294/O[3]
                         net (fo=1, routed)           0.430    33.193    y_reg[15]_i_294_n_4
    SLICE_X39Y56         LUT2 (Prop_lut2_I1_O)        0.306    33.499 r  y[15]_i_286/O
                         net (fo=1, routed)           0.000    33.499    y[15]_i_286_n_0
    SLICE_X39Y56         CARRY4 (Prop_carry4_S[0]_O[0])
                                                      0.247    33.746 r  y_reg[15]_i_268/O[0]
                         net (fo=1, routed)           0.310    34.056    y_reg[15]_i_268_n_7
    SLICE_X38Y55         LUT2 (Prop_lut2_I1_O)        0.299    34.355 r  y[15]_i_265/O
                         net (fo=1, routed)           0.000    34.355    y[15]_i_265_n_0
    SLICE_X38Y55         CARRY4 (Prop_carry4_S[0]_O[0])
                                                      0.252    34.607 r  y_reg[15]_i_250/O[0]
                         net (fo=1, routed)           0.425    35.032    y_reg[15]_i_250_n_7
    SLICE_X37Y56         LUT2 (Prop_lut2_I1_O)        0.295    35.327 r  y[15]_i_256/O
                         net (fo=1, routed)           0.000    35.327    y[15]_i_256_n_0
    SLICE_X37Y56         CARRY4 (Prop_carry4_S[2]_O[2])
                                                      0.248    35.575 r  y_reg[15]_i_235/O[2]
                         net (fo=1, routed)           0.585    36.160    y_reg[15]_i_235_n_5
    SLICE_X37Y52         LUT2 (Prop_lut2_I1_O)        0.302    36.462 r  y[15]_i_246/O
                         net (fo=1, routed)           0.000    36.462    y[15]_i_246_n_0
    SLICE_X37Y52         CARRY4 (Prop_carry4_S[3]_O[3])
                                                      0.248    36.710 r  y_reg[15]_i_232/O[3]
                         net (fo=1, routed)           0.560    37.270    y_reg[15]_i_232_n_4
    SLICE_X36Y54         LUT2 (Prop_lut2_I1_O)        0.306    37.576 r  y[15]_i_198/O
                         net (fo=1, routed)           0.000    37.576    y[15]_i_198_n_0
    SLICE_X36Y54         CARRY4 (Prop_carry4_S[0]_O[0])
                                                      0.252    37.828 r  y_reg[15]_i_163/O[0]
                         net (fo=1, routed)           0.458    38.286    y_reg[15]_i_163_n_7
    SLICE_X35Y53         LUT2 (Prop_lut2_I1_O)        0.295    38.581 r  y[15]_i_180/O
                         net (fo=1, routed)           0.000    38.581    y[15]_i_180_n_0
    SLICE_X35Y53         CARRY4 (Prop_carry4_S[3]_O[3])
                                                      0.248    38.829 r  y_reg[15]_i_154/O[3]
                         net (fo=1, routed)           0.319    39.147    y_reg[15]_i_154_n_4
    SLICE_X34Y51         LUT2 (Prop_lut2_I1_O)        0.306    39.453 r  y[15]_i_142/O
                         net (fo=1, routed)           0.000    39.453    y[15]_i_142_n_0
    SLICE_X34Y51         CARRY4 (Prop_carry4_S[3]_O[3])
                                                      0.255    39.708 r  y_reg[15]_i_118/O[3]
                         net (fo=1, routed)           0.456    40.164    y_reg[15]_i_118_n_4
    SLICE_X32Y53         LUT2 (Prop_lut2_I1_O)        0.307    40.471 r  y[15]_i_108/O
                         net (fo=1, routed)           0.000    40.471    y[15]_i_108_n_0
    SLICE_X32Y53         CARRY4 (Prop_carry4_S[2]_O[2])
                                                      0.250    40.721 r  y_reg[15]_i_86/O[2]
                         net (fo=1, routed)           0.742    41.463    y_reg[15]_i_86_n_5
    SLICE_X32Y49         LUT2 (Prop_lut2_I1_O)        0.301    41.764 r  y[15]_i_75/O
                         net (fo=1, routed)           0.000    41.764    y[15]_i_75_n_0
    SLICE_X32Y49         CARRY4 (Prop_carry4_S[3]_CO[3])
                                                      0.376    42.140 r  y_reg[15]_i_62/CO[3]
                         net (fo=1, routed)           0.001    42.141    y_reg[15]_i_62_n_0
    SLICE_X32Y50         CARRY4 (Prop_carry4_CI_O[0])
                                                      0.219    42.360 r  y_reg[15]_i_46/O[0]
                         net (fo=1, routed)           0.484    42.844    acc__0[9]
    SLICE_X33Y50         LUT2 (Prop_lut2_I1_O)        0.295    43.139 r  y[15]_i_37/O
                         net (fo=1, routed)           0.000    43.139    y[15]_i_37_n_0
    SLICE_X33Y50         CARRY4 (Prop_carry4_S[1]_O[2])
                                                      0.580    43.719 r  y_reg[15]_i_20/O[2]
                         net (fo=1, routed)           0.695    44.413    y_reg[15]_i_20_n_5
    SLICE_X33Y54         LUT2 (Prop_lut2_I1_O)        0.302    44.715 r  y[15]_i_15/O
                         net (fo=1, routed)           0.000    44.715    y[15]_i_15_n_0
    SLICE_X33Y54         CARRY4 (Prop_carry4_S[1]_O[1])
                                                      0.227    44.942 r  y_reg[15]_i_8/O[1]
                         net (fo=1, routed)           0.630    45.572    y_reg[15]_i_8_n_6
    SLICE_X33Y59         LUT2 (Prop_lut2_I1_O)        0.303    45.875 r  y[11]_i_7/O
                         net (fo=1, routed)           0.000    45.875    y[11]_i_7_n_0
    SLICE_X33Y59         CARRY4 (Prop_carry4_S[2]_O[2])
                                                      0.248    46.123 r  y_reg[11]_i_2/O[2]
                         net (fo=1, routed)           0.313    46.436    p_0_in[10]
    SLICE_X34Y59         CARRY4 (Prop_carry4_S[2]_O[2])
                                                      0.552    46.988 r  y_reg[11]_i_1/O[2]
                         net (fo=1, routed)           0.000    46.988    acc[10]
    SLICE_X34Y59         FDRE                                         r  y_reg[10]/D
  -------------------------------------------------------------------    -------------------

                         (clock vclk rise edge)      45.765    45.765 r  <hidden>
                                                      0.000    45.765 r  clk
                         net (fo=351, unset)          0.924    46.689    clk
    SLICE_X34Y59         FDRE                                         r  y_reg[10]/C
                         clock pessimism              0.000    46.689    <hidden>
                         clock uncertainty           -0.035    46.654    <hidden>
    SLICE_X34Y59         FDRE (Setup_fdre_C_D)        0.109    46.763    y_reg[10]
  -------------------------------------------------------------------
                         required time                         46.763    <hidden>
                         arrival time                         -46.988    <hidden>
  -------------------------------------------------------------------
                         slack                                 -0.225    <hidden>

Slack (MET) :             0.285ns  (required time - arrival time)
  Source:                 d41_reg[2]/C
                            (rising edge-triggered cell FDRE clocked by vclk  {rise@0.000ns fall@22.882ns period=45.765ns})
  Destination:            y_reg[9]/D
                            (rising edge-triggered cell FDRE clocked by vclk  {rise@0.000ns fall@22.882ns period=45.765ns})
  Path Group:             vclk
  Path Type:              Setup (Max at Slow Process Corner)
  Requirement:            45.765ns  (vclk rise@45.765ns - vclk rise@0.000ns)
  Data Path Delay:        45.505ns  (logic 24.900ns (54.720%)  route 20.605ns (45.280%))
  Logic Levels:           85  (CARRY4=45 LUT2=39 LUT4=1)
  Clock Path Skew:        -0.049ns (DCD - SCD + CPR)
    Destination Clock Delay (DCD):    0.924ns = ( 46.689 - 45.765 ) 
    Source Clock Delay      (SCD):    0.973ns
    Clock Pessimism Removal (CPR):    0.000ns
  Clock Uncertainty:      0.035ns  ((TSJ^2 + TIJ^2)^1/2 + DJ) / 2 + PE
    Total System Jitter     (TSJ):    0.071ns
    Total Input Jitter      (TIJ):    0.000ns
    Discrete Jitter          (DJ):    0.000ns
    Phase Error              (PE):    0.000ns

    Location             Delay type                Incr(ns)  Path(ns)    Netlist Resource(s)
  -------------------------------------------------------------------    -------------------
                         (clock vclk rise edge)       0.000     0.000 r  <hidden>
                                                      0.000     0.000 r  clk
                         net (fo=351, unset)          0.973     0.973    clk
    SLICE_X45Y58         FDRE                                         r  d41_reg[2]/C
  -------------------------------------------------------------------    -------------------
    SLICE_X45Y58         FDRE (Prop_fdre_C_Q)         0.456     1.429 r  d41_reg[2]/Q
                         net (fo=2, routed)           0.421     1.850    d41[2]
    SLICE_X46Y58         CARRY4 (Prop_carry4_S[0]_O[0])
                                                      0.376     2.226 r  y_reg[7]_i_771/O[0]
                         net (fo=2, routed)           0.463     2.689    acc0[2]
    SLICE_X46Y61         LUT2 (Prop_lut2_I0_O)        0.295     2.984 r  y[7]_i_775/O
                         net (fo=1, routed)           0.000     2.984    y[7]_i_775_n_0
    SLICE_X46Y61         CARRY4 (Prop_carry4_S[0]_O[0])
                                                      0.252     3.236 r  y_reg[7]_i_755/O[0]
                         net (fo=1, routed)           0.596     3.832    y_reg[7]_i_755_n_7
    SLICE_X48Y61         LUT2 (Prop_lut2_I1_O)        0.295     4.127 r  y[7]_i_739/O
                         net (fo=1, routed)           0.000     4.127    y[7]_i_739_n_0
    SLICE_X48Y61         CARRY4 (Prop_carry4_S[0]_O[0])
                                                      0.247     4.374 r  y_reg[7]_i_721/O[0]
                         net (fo=1, routed)           0.712     5.086    y_reg[7]_i_721_n_7
    SLICE_X48Y57         LUT2 (Prop_lut2_I1_O)        0.299     5.385 r  y[7]_i_698/O
                         net (fo=1, routed)           0.000     5.385    y[7]_i_698_n_0
    SLICE_X48Y57         CARRY4 (Prop_carry4_S[0]_O[0])
                                                      0.247     5.632 r  y_reg[7]_i_675/O[0]
                         net (fo=1, routed)           0.473     6.105    y_reg[7]_i_675_n_7
    SLICE_X47Y57         LUT2 (Prop_lut2_I1_O)        0.299     6.404 r  y[7]_i_639/O
                         net (fo=1, routed)           0.000     6.404    y[7]_i_639_n_0
    SLICE_X47Y57         CARRY4 (Prop_carry4_S[1]_O[2])
                                                      0.580     6.984 r  y_reg[7]_i_612/O[2]
                         net (fo=1, routed)           0.426     7.409    y_reg[7]_i_612_n_5
    SLICE_X44Y57         LUT2 (Prop_lut2_I1_O)        0.302     7.711 r  y[7]_i_570/O
                         net (fo=1, routed)           0.000     7.711    y[7]_i_570_n_0
    SLICE_X44Y57         CARRY4 (Prop_carry4_S[3]_CO[3])
                                                      0.401     8.112 r  y_reg[7]_i_539/CO[3]
                         net (fo=1, routed)           0.000     8.112    y_reg[7]_i_539_n_0
    SLICE_X44Y58         CARRY4 (Prop_carry4_CI_O[0])
                                                      0.222     8.334 r  y_reg[7]_i_667/O[0]
                         net (fo=1, routed)           0.460     8.795    y_reg[7]_i_667_n_7
    SLICE_X42Y60         LUT2 (Prop_lut2_I1_O)        0.299     9.094 r  y[7]_i_634/O
                         net (fo=1, routed)           0.000     9.094    y[7]_i_634_n_0
    SLICE_X42Y60         CARRY4 (Prop_carry4_S[0]_O[0])
                                                      0.252     9.346 r  y_reg[7]_i_602/O[0]
                         net (fo=1, routed)           0.439     9.785    y_reg[7]_i_602_n_7
    SLICE_X40Y59         LUT2 (Prop_lut2_I1_O)        0.295    10.080 r  y[7]_i_563/O
                         net (fo=1, routed)           0.000    10.080    y[7]_i_563_n_0
    SLICE_X40Y59         CARRY4 (Prop_carry4_S[3]_CO[3])
                                                      0.401    10.481 r  y_reg[7]_i_528/CO[3]
                         net (fo=1, routed)           0.000    10.481    y_reg[7]_i_528_n_0
    SLICE_X40Y60         CARRY4 (Prop_carry4_CI_O[0])
                                                      0.222    10.703 r  y_reg[7]_i_590/O[0]
                         net (fo=1, routed)           0.474    11.177    y_reg[7]_i_590_n_7
    SLICE_X39Y60         LUT2 (Prop_lut2_I1_O)        0.299    11.476 r  y[7]_i_560/O
                         net (fo=1, routed)           0.000    11.476    y[7]_i_560_n_0
    SLICE_X39Y60         CARRY4 (Prop_carry4_S[0]_O[0])
                                                      0.247    11.723 r  y_reg[7]_i_517/O[0]
                         net (fo=1, routed)           0.568    12.290    y_reg[7]_i_517_n_7
    SLICE_X37Y60         LUT2 (Prop_lut2_I1_O)        0.299    12.589 r  y[7]_i_475/O
                         net (fo=1, routed)           0.000    12.589    y[7]_i_475_n_0
    SLICE_X37Y60         CARRY4 (Prop_carry4_S[1]_O[1])
                                                      0.227    12.816 r  y_reg[7]_i_450/O[1]
                         net (fo=1, routed)           0.572    13.389    y_reg[7]_i_450_n_6
    SLICE_X38Y61         LUT2 (Prop_lut2_I1_O)        0.303    13.692 r  y[7]_i_555/O
                         net (fo=1, routed)           0.000    13.692    y[7]_i_555_n_0
    SLICE_X38Y61         CARRY4 (Prop_carry4_S[0]_O[0])
                                                      0.252    13.944 r  y_reg[7]_i_513/O[0]
                         net (fo=1, routed)           0.454    14.398    y_reg[7]_i_513_n_7
    SLICE_X36Y61         LUT2 (Prop_lut2_I1_O)        0.295    14.693 r  y[7]_i_470/O
                         net (fo=1, routed)           0.000    14.693    y[7]_i_470_n_0
    SLICE_X36Y61         CARRY4 (Prop_carry4_S[1]_O[1])
                                                      0.230    14.923 r  y_reg[7]_i_446/O[1]
                         net (fo=1, routed)           0.744    15.667    y_reg[7]_i_446_n_6
    SLICE_X37Y64         LUT2 (Prop_lut2_I1_O)        0.306    15.973 r  y[7]_i_417/O
                         net (fo=1, routed)           0.000    15.973    y[7]_i_417_n_0
    SLICE_X37Y64         CARRY4 (Prop_carry4_S[1]_O[1])
                                                      0.227    16.200 r  y_reg[7]_i_393/O[1]
                         net (fo=1, routed)           0.599    16.799    y_reg[7]_i_393_n_6
    SLICE_X44Y62         LUT2 (Prop_lut2_I1_O)        0.303    17.102 r  y[7]_i_352/O
                         net (fo=1, routed)           0.000    17.102    y[7]_i_352_n_0
    SLICE_X44Y62         CARRY4 (Prop_carry4_S[3]_O[3])
                                                      0.248    17.350 r  y_reg[7]_i_325/O[3]
                         net (fo=1, routed)           0.456    17.806    y_reg[7]_i_325_n_4
    SLICE_X45Y62         LUT2 (Prop_lut2_I1_O)        0.306    18.112 r  y[7]_i_349/O
                         net (fo=1, routed)           0.000    18.112    y[7]_i_349_n_0
    SLICE_X45Y62         CARRY4 (Prop_carry4_S[0]_O[0])
                                                      0.247    18.359 r  y_reg[7]_i_314/O[0]
                         net (fo=1, routed)           0.428    18.787    y_reg[7]_i_314_n_7
    SLICE_X47Y61         LUT2 (Prop_lut2_I1_O)        0.299    19.086 r  y[7]_i_282/O
                         net (fo=1, routed)           0.000    19.086    y[7]_i_282_n_0
    SLICE_X47Y61         CARRY4 (Prop_carry4_S[2]_O[2])
                                                      0.248    19.334 r  y_reg[7]_i_264/O[2]
                         net (fo=1, routed)           0.560    19.894    y_reg[7]_i_264_n_5
    SLICE_X45Y58         LUT2 (Prop_lut2_I1_O)        0.302    20.196 r  y[7]_i_277/O
                         net (fo=1, routed)           0.000    20.196    y[7]_i_277_n_0
    SLICE_X45Y58         CARRY4 (Prop_carry4_S[1]_O[1])
                                                      0.227    20.423 r  y_reg[7]_i_253/O[1]
                         net (fo=1, routed)           0.594    21.017    y_reg[7]_i_253_n_6
    SLICE_X42Y55         LUT2 (Prop_lut2_I1_O)        0.303    21.320 r  y[7]_i_228/O
                         net (fo=1, routed)           0.000    21.320    y[7]_i_228_n_0
    SLICE_X42Y55         CARRY4 (Prop_carry4_S[3]_O[3])
                                                      0.255    21.575 r  y_reg[7]_i_211/O[3]
                         net (fo=1, routed)           0.436    22.011    y_reg[7]_i_211_n_4
    SLICE_X43Y56         LUT2 (Prop_lut2_I1_O)        0.307    22.318 r  y[7]_i_337/O
                         net (fo=1, routed)           0.000    22.318    y[7]_i_337_n_0
    SLICE_X43Y56         CARRY4 (Prop_carry4_S[1]_O[1])
                                                      0.227    22.545 r  y_reg[7]_i_297/O[1]
                         net (fo=1, routed)           0.583    23.128    y_reg[7]_i_297_n_6
    SLICE_X44Y54         LUT2 (Prop_lut2_I1_O)        0.303    23.431 r  y[7]_i_333/O
                         net (fo=1, routed)           0.000    23.431    y[7]_i_333_n_0
    SLICE_X44Y54         CARRY4 (Prop_carry4_S[0]_O[0])
                                                      0.247    23.678 r  y_reg[7]_i_296/O[0]
                         net (fo=1, routed)           0.458    24.136    y_reg[7]_i_296_n_7
    SLICE_X46Y54         LUT2 (Prop_lut2_I1_O)        0.299    24.435 r  y[7]_i_270/O
                         net (fo=1, routed)           0.000    24.435    y[7]_i_270_n_0
    SLICE_X46Y54         CARRY4 (Prop_carry4_S[0]_O[1])
                                                      0.427    24.862 r  y_reg[7]_i_241/O[1]
                         net (fo=1, routed)           0.471    25.332    y_reg[7]_i_241_n_6
    SLICE_X47Y53         LUT2 (Prop_lut2_I1_O)        0.306    25.638 r  y[7]_i_220/O
                         net (fo=1, routed)           0.000    25.638    y[7]_i_220_n_0
    SLICE_X47Y53         CARRY4 (Prop_carry4_S[1]_O[1])
                                                      0.227    25.865 r  y_reg[7]_i_196/O[1]
                         net (fo=1, routed)           0.554    26.419    y_reg[7]_i_196_n_6
    SLICE_X45Y51         LUT2 (Prop_lut2_I1_O)        0.303    26.722 r  y[7]_i_173/O
                         net (fo=1, routed)           0.000    26.722    y[7]_i_173_n_0
    SLICE_X45Y51         CARRY4 (Prop_carry4_S[3]_CO[3])
                                                      0.401    27.123 r  y_reg[7]_i_165/CO[3]
                         net (fo=1, routed)           0.000    27.123    y_reg[7]_i_165_n_0
    SLICE_X45Y52         CARRY4 (Prop_carry4_CI_O[0])
                                                      0.222    27.345 r  y_reg[15]_i_361/O[0]
                         net (fo=1, routed)           0.496    27.841    y_reg[15]_i_361_n_7
    SLICE_X44Y50         LUT2 (Prop_lut2_I1_O)        0.299    28.140 r  y[7]_i_213/O
                         net (fo=1, routed)           0.000    28.140    y[7]_i_213_n_0
    SLICE_X44Y50         CARRY4 (Prop_carry4_S[3]_O[3])
                                                      0.248    28.388 r  y_reg[7]_i_195/O[3]
                         net (fo=1, routed)           0.451    28.839    y_reg[7]_i_195_n_4
    SLICE_X43Y52         LUT2 (Prop_lut2_I1_O)        0.306    29.145 r  y[7]_i_169/O
                         net (fo=1, routed)           0.000    29.145    y[7]_i_169_n_0
    SLICE_X43Y52         CARRY4 (Prop_carry4_S[3]_CO[3])
                                                      0.401    29.546 r  y_reg[7]_i_153/CO[3]
                         net (fo=1, routed)           0.000    29.546    y_reg[7]_i_153_n_0
    SLICE_X43Y53         CARRY4 (Prop_carry4_CI_O[0])
                                                      0.222    29.768 r  y_reg[15]_i_339/O[0]
                         net (fo=1, routed)           0.429    30.197    y_reg[15]_i_339_n_7
    SLICE_X42Y53         LUT2 (Prop_lut2_I1_O)        0.299    30.496 r  y[15]_i_338/O
                         net (fo=1, routed)           0.000    30.496    y[15]_i_338_n_0
    SLICE_X42Y53         CARRY4 (Prop_carry4_S[0]_O[0])
                                                      0.252    30.748 r  y_reg[15]_i_327/O[0]
                         net (fo=1, routed)           0.430    31.178    y_reg[15]_i_327_n_7
    SLICE_X41Y54         LUT2 (Prop_lut2_I1_O)        0.295    31.473 r  y[15]_i_324/O
                         net (fo=1, routed)           0.000    31.473    y[15]_i_324_n_0
    SLICE_X41Y54         CARRY4 (Prop_carry4_S[0]_O[0])
                                                      0.247    31.720 r  y_reg[15]_i_303/O[0]
                         net (fo=1, routed)           0.495    32.216    y_reg[15]_i_303_n_7
    SLICE_X40Y55         LUT2 (Prop_lut2_I1_O)        0.299    32.515 r  y[15]_i_308/O
                         net (fo=1, routed)           0.000    32.515    y[15]_i_308_n_0
    SLICE_X40Y55         CARRY4 (Prop_carry4_S[3]_O[3])
                                                      0.248    32.763 r  y_reg[15]_i_294/O[3]
                         net (fo=1, routed)           0.430    33.193    y_reg[15]_i_294_n_4
    SLICE_X39Y56         LUT2 (Prop_lut2_I1_O)        0.306    33.499 r  y[15]_i_286/O
                         net (fo=1, routed)           0.000    33.499    y[15]_i_286_n_0
    SLICE_X39Y56         CARRY4 (Prop_carry4_S[0]_O[0])
                                                      0.247    33.746 r  y_reg[15]_i_268/O[0]
                         net (fo=1, routed)           0.310    34.056    y_reg[15]_i_268_n_7
    SLICE_X38Y55         LUT2 (Prop_lut2_I1_O)        0.299    34.355 r  y[15]_i_265/O
                         net (fo=1, routed)           0.000    34.355    y[15]_i_265_n_0
    SLICE_X38Y55         CARRY4 (Prop_carry4_S[0]_O[0])
                                                      0.252    34.607 r  y_reg[15]_i_250/O[0]
                         net (fo=1, routed)           0.425    35.032    y_reg[15]_i_250_n_7
    SLICE_X37Y56         LUT2 (Prop_lut2_I1_O)        0.295    35.327 r  y[15]_i_256/O
                         net (fo=1, routed)           0.000    35.327    y[15]_i_256_n_0
    SLICE_X37Y56         CARRY4 (Prop_carry4_S[2]_O[2])
                                                      0.248    35.575 r  y_reg[15]_i_235/O[2]
                         net (fo=1, routed)           0.585    36.160    y_reg[15]_i_235_n_5
    SLICE_X37Y52         LUT2 (Prop_lut2_I1_O)        0.302    36.462 r  y[15]_i_246/O
                         net (fo=1, routed)           0.000    36.462    y[15]_i_246_n_0
    SLICE_X37Y52         CARRY4 (Prop_carry4_S[3]_O[3])
                                                      0.248    36.710 r  y_reg[15]_i_232/O[3]
                         net (fo=1, routed)           0.560    37.270    y_reg[15]_i_232_n_4
    SLICE_X36Y54         LUT2 (Prop_lut2_I1_O)        0.306    37.576 r  y[15]_i_198/O
                         net (fo=1, routed)           0.000    37.576    y[15]_i_198_n_0
    SLICE_X36Y54         CARRY4 (Prop_carry4_S[0]_O[0])
                                                      0.252    37.828 r  y_reg[15]_i_163/O[0]
                         net (fo=1, routed)           0.458    38.286    y_reg[15]_i_163_n_7
    SLICE_X35Y53         LUT2 (Prop_lut2_I1_O)        0.295    38.581 r  y[15]_i_180/O
                         net (fo=1, routed)           0.000    38.581    y[15]_i_180_n_0
    SLICE_X35Y53         CARRY4 (Prop_carry4_S[3]_O[3])
                                                      0.248    38.829 r  y_reg[15]_i_154/O[3]
                         net (fo=1, routed)           0.319    39.147    y_reg[15]_i_154_n_4
    SLICE_X34Y51         LUT2 (Prop_lut2_I1_O)        0.306    39.453 r  y[15]_i_142/O
                         net (fo=1, routed)           0.000    39.453    y[15]_i_142_n_0
    SLICE_X34Y51         CARRY4 (Prop_carry4_S[3]_O[3])
                                                      0.255    39.708 r  y_reg[15]_i_118/O[3]
                         net (fo=1, routed)           0.456    40.164    y_reg[15]_i_118_n_4
    SLICE_X32Y53         LUT2 (Prop_lut2_I1_O)        0.307    40.471 r  y[15]_i_108/O
                         net (fo=1, routed)           0.000    40.471    y[15]_i_108_n_0
    SLICE_X32Y53         CARRY4 (Prop_carry4_S[2]_O[2])
                                                      0.250    40.721 r  y_reg[15]_i_86/O[2]
                         net (fo=1, routed)           0.742    41.463    y_reg[15]_i_86_n_5
    SLICE_X32Y49         LUT2 (Prop_lut2_I1_O)        0.301    41.764 r  y[15]_i_75/O
                         net (fo=1, routed)           0.000    41.764    y[15]_i_75_n_0
    SLICE_X32Y49         CARRY4 (Prop_carry4_S[3]_O[3])
                                                      0.255    42.019 r  y_reg[15]_i_62/O[3]
                         net (fo=1, routed)           0.467    42.486    acc__0[8]
    SLICE_X33Y50         LUT2 (Prop_lut2_I1_O)        0.307    42.793 r  y[15]_i_38/O
                         net (fo=1, routed)           0.000    42.793    y[15]_i_38_n_0
    SLICE_X33Y50         CARRY4 (Prop_carry4_S[0]_O[0])
                                                      0.247    43.040 r  y_reg[15]_i_20/O[0]
                         net (fo=1, routed)           0.441    43.481    y_reg[15]_i_20_n_7
    SLICE_X33Y53         LUT2 (Prop_lut2_I1_O)        0.299    43.780 r  y[11]_i_26/O
                         net (fo=1, routed)           0.000    43.780    y[11]_i_26_n_0
    SLICE_X33Y53         CARRY4 (Prop_carry4_S[3]_O[3])
                                                      0.248    44.028 r  y_reg[11]_i_18/O[3]
                         net (fo=1, routed)           0.683    44.711    y_reg[11]_i_18_n_4
    SLICE_X33Y59         LUT2 (Prop_lut2_I1_O)        0.306    45.017 r  y[11]_i_9/O
                         net (fo=1, routed)           0.000    45.017    y[11]_i_9_n_0
    SLICE_X33Y59         CARRY4 (Prop_carry4_S[0]_O[0])
                                                      0.247    45.264 r  y_reg[11]_i_2/O[0]
                         net (fo=2, routed)           0.488    45.752    p_0_in[8]
    SLICE_X34Y59         LUT4 (Prop_lut4_I3_O)        0.299    46.051 r  y[11]_i_3/O
                         net (fo=1, routed)           0.000    46.051    y[11]_i_3_n_0
    SLICE_X34Y59         CARRY4 (Prop_carry4_S[0]_O[1])
                                                      0.427    46.478 r  y_reg[11]_i_1/O[1]
                         net (fo=1, routed)           0.000    46.478    acc[9]
    SLICE_X34Y59         FDRE                                         r  y_reg[9]/D
  -------------------------------------------------------------------    -------------------

                         (clock vclk rise edge)      45.765    45.765 r  <hidden>
                                                      0.000    45.765 r  clk
                         net (fo=351, unset)          0.924    46.689    clk
    SLICE_X34Y59         FDRE                                         r  y_reg[9]/C
                         clock pessimism              0.000    46.689    <hidden>
                         clock uncertainty           -0.035    46.654    <hidden>
    SLICE_X34Y59         FDRE (Setup_fdre_C_D)        0.109    46.763    y_reg[9]
  -------------------------------------------------------------------
                         required time                         46.763    <hidden>
                         arrival time                         -46.478    <hidden>
  -------------------------------------------------------------------
                         slack                                  0.285    <hidden>

Slack (MET) :             0.460ns  (required time - arrival time)
  Source:                 d41_reg[2]/C
                            (rising edge-triggered cell FDRE clocked by vclk  {rise@0.000ns fall@22.882ns period=45.765ns})
  Destination:            y_reg[8]/D
                            (rising edge-triggered cell FDRE clocked by vclk  {rise@0.000ns fall@22.882ns period=45.765ns})
  Path Group:             vclk
  Path Type:              Setup (Max at Slow Process Corner)
  Requirement:            45.765ns  (vclk rise@45.765ns - vclk rise@0.000ns)
  Data Path Delay:        45.330ns  (logic 24.725ns (54.545%)  route 20.605ns (45.455%))
  Logic Levels:           85  (CARRY4=45 LUT2=39 LUT4=1)
  Clock Path Skew:        -0.049ns (DCD - SCD + CPR)
    Destination Clock Delay (DCD):    0.924ns = ( 46.689 - 45.765 ) 
    Source Clock Delay      (SCD):    0.973ns
    Clock Pessimism Removal (CPR):    0.000ns
  Clock Uncertainty:      0.035ns  ((TSJ^2 + TIJ^2)^1/2 + DJ) / 2 + PE
    Total System Jitter     (TSJ):    0.071ns
    Total Input Jitter      (TIJ):    0.000ns
    Discrete Jitter          (DJ):    0.000ns
    Phase Error              (PE):    0.000ns

    Location             Delay type                Incr(ns)  Path(ns)    Netlist Resource(s)
  -------------------------------------------------------------------    -------------------
                         (clock vclk rise edge)       0.000     0.000 r  <hidden>
                                                      0.000     0.000 r  clk
                         net (fo=351, unset)          0.973     0.973    clk
    SLICE_X45Y58         FDRE                                         r  d41_reg[2]/C
  -------------------------------------------------------------------    -------------------
    SLICE_X45Y58         FDRE (Prop_fdre_C_Q)         0.456     1.429 r  d41_reg[2]/Q
                         net (fo=2, routed)           0.421     1.850    d41[2]
    SLICE_X46Y58         CARRY4 (Prop_carry4_S[0]_O[0])
                                                      0.376     2.226 r  y_reg[7]_i_771/O[0]
                         net (fo=2, routed)           0.463     2.689    acc0[2]
    SLICE_X46Y61         LUT2 (Prop_lut2_I0_O)        0.295     2.984 r  y[7]_i_775/O
                         net (fo=1, routed)           0.000     2.984    y[7]_i_775_n_0
    SLICE_X46Y61         CARRY4 (Prop_carry4_S[0]_O[0])
                                                      0.252     3.236 r  y_reg[7]_i_755/O[0]
                         net (fo=1, routed)           0.596     3.832    y_reg[7]_i_755_n_7
    SLICE_X48Y61         LUT2 (Prop_lut2_I1_O)        0.295     4.127 r  y[7]_i_739/O
                         net (fo=1, routed)           0.000     4.127    y[7]_i_739_n_0
    SLICE_X48Y61         CARRY4 (Prop_carry4_S[0]_O[0])
                                                      0.247     4.374 r  y_reg[7]_i_721/O[0]
                         net (fo=1, routed)           0.712     5.086    y_reg[7]_i_721_n_7
    SLICE_X48Y57         LUT2 (Prop_lut2_I1_O)        0.299     5.385 r  y[7]_i_698/O
                         net (fo=1, routed)           0.000     5.385    y[7]_i_698_n_0
    SLICE_X48Y57         CARRY4 (Prop_carry4_S[0]_O[0])
                                                      0.247     5.632 r  y_reg[7]_i_675/O[0]
                         net (fo=1, routed)           0.473     6.105    y_reg[7]_i_675_n_7
    SLICE_X47Y57         LUT2 (Prop_lut2_I1_O)        0.299     6.404 r  y[7]_i_639/O
                         net (fo=1, routed)           0.000     6.404    y[7]_i_639_n_0
    SLICE_X47Y57         CARRY4 (Prop_carry4_S[1]_O[2])
                                                      0.580     6.984 r  y_reg[7]_i_612/O[2]
                         net (fo=1, routed)           0.426     7.409    y_reg[7]_i_612_n_5
    SLICE_X44Y57         LUT2 (Prop_lut2_I1_O)        0.302     7.711 r  y[7]_i_570/O
                         net (fo=1, routed)           0.000     7.711    y[7]_i_570_n_0
    SLICE_X44Y57         CARRY4 (Prop_carry4_S[3]_CO[3])
                                                      0.401     8.112 r  y_reg[7]_i_539/CO[3]
                         net (fo=1, routed)           0.000     8.112    y_reg[7]_i_539_n_0
    SLICE_X44Y58         CARRY4 (Prop_carry4_CI_O[0])
                                                      0.222     8.334 r  y_reg[7]_i_667/O[0]
                         net (fo=1, routed)           0.460     8.795    y_reg[7]_i_667_n_7
    SLICE_X42Y60         LUT2 (Prop_lut2_I1_O)        0.299     9.094 r  y[7]_i_634/O
                         net (fo=1, routed)           0.000     9.094    y[7]_i_634_n_0
    SLICE_X42Y60         CARRY4 (Prop_carry4_S[0]_O[0])
                                                      0.252     9.346 r  y_reg[7]_i_602/O[0]
                         net (fo=1, routed)           0.439     9.785    y_reg[7]_i_602_n_7
    SLICE_X40Y59         LUT2 (Prop_lut2_I1_O)        0.295    10.080 r  y[7]_i_563/O
                         net (fo=1, routed)           0.000    10.080    y[7]_i_563_n_0
    SLICE_X40Y59         CARRY4 (Prop_carry4_S[3]_CO[3])
                                                      0.401    10.481 r  y_reg[7]_i_528/CO[3]
                         net (fo=1, routed)           0.000    10.481    y_reg[7]_i_528_n_0
    SLICE_X40Y60         CARRY4 (Prop_carry4_CI_O[0])
                                                      0.222    10.703 r  y_reg[7]_i_590/O[0]
                         net (fo=1, routed)           0.474    11.177    y_reg[7]_i_590_n_7
    SLICE_X39Y60         LUT2 (Prop_lut2_I1_O)        0.299    11.476 r  y[7]_i_560/O
                         net (fo=1, routed)           0.000    11.476    y[7]_i_560_n_0
    SLICE_X39Y60         CARRY4 (Prop_carry4_S[0]_O[0])
                                                      0.247    11.723 r  y_reg[7]_i_517/O[0]
                         net (fo=1, routed)           0.568    12.290    y_reg[7]_i_517_n_7
    SLICE_X37Y60         LUT2 (Prop_lut2_I1_O)        0.299    12.589 r  y[7]_i_475/O
                         net (fo=1, routed)           0.000    12.589    y[7]_i_475_n_0
    SLICE_X37Y60         CARRY4 (Prop_carry4_S[1]_O[1])
                                                      0.227    12.816 r  y_reg[7]_i_450/O[1]
                         net (fo=1, routed)           0.572    13.389    y_reg[7]_i_450_n_6
    SLICE_X38Y61         LUT2 (Prop_lut2_I1_O)        0.303    13.692 r  y[7]_i_555/O
                         net (fo=1, routed)           0.000    13.692    y[7]_i_555_n_0
    SLICE_X38Y61         CARRY4 (Prop_carry4_S[0]_O[0])
                                                      0.252    13.944 r  y_reg[7]_i_513/O[0]
                         net (fo=1, routed)           0.454    14.398    y_reg[7]_i_513_n_7
    SLICE_X36Y61         LUT2 (Prop_lut2_I1_O)        0.295    14.693 r  y[7]_i_470/O
                         net (fo=1, routed)           0.000    14.693    y[7]_i_470_n_0
    SLICE_X36Y61         CARRY4 (Prop_carry4_S[1]_O[1])
                                                      0.230    14.923 r  y_reg[7]_i_446/O[1]
                         net (fo=1, routed)           0.744    15.667    y_reg[7]_i_446_n_6
    SLICE_X37Y64         LUT2 (Prop_lut2_I1_O)        0.306    15.973 r  y[7]_i_417/O
                         net (fo=1, routed)           0.000    15.973    y[7]_i_417_n_0
    SLICE_X37Y64         CARRY4 (Prop_carry4_S[1]_O[1])
                                                      0.227    16.200 r  y_reg[7]_i_393/O[1]
                         net (fo=1, routed)           0.599    16.799    y_reg[7]_i_393_n_6
    SLICE_X44Y62         LUT2 (Prop_lut2_I1_O)        0.303    17.102 r  y[7]_i_352/O
                         net (fo=1, routed)           0.000    17.102    y[7]_i_352_n_0
    SLICE_X44Y62         CARRY4 (Prop_carry4_S[3]_O[3])
                                                      0.248    17.350 r  y_reg[7]_i_325/O[3]
                         net (fo=1, routed)           0.456    17.806    y_reg[7]_i_325_n_4
    SLICE_X45Y62         LUT2 (Prop_lut2_I1_O)        0.306    18.112 r  y[7]_i_349/O
                         net (fo=1, routed)           0.000    18.112    y[7]_i_349_n_0
    SLICE_X45Y62         CARRY4 (Prop_carry4_S[0]_O[0])
                                                      0.247    18.359 r  y_reg[7]_i_314/O[0]
                         net (fo=1, routed)           0.428    18.787    y_reg[7]_i_314_n_7
    SLICE_X47Y61         LUT2 (Prop_lut2_I1_O)        0.299    19.086 r  y[7]_i_282/O
                         net (fo=1, routed)           0.000    19.086    y[7]_i_282_n_0
    SLICE_X47Y61         CARRY4 (Prop_carry4_S[2]_O[2])
                                                      0.248    19.334 r  y_reg[7]_i_264/O[2]
                         net (fo=1, routed)           0.560    19.894    y_reg[7]_i_264_n_5
    SLICE_X45Y58         LUT2 (Prop_lut2_I1_O)        0.302    20.196 r  y[7]_i_277/O
                         net (fo=1, routed)           0.000    20.196    y[7]_i_277_n_0
    SLICE_X45Y58         CARRY4 (Prop_carry4_S[1]_O[1])
                                                      0.227    20.423 r  y_reg[7]_i_253/O[1]
                         net (fo=1, routed)           0.594    21.017    y_reg[7]_i_253_n_6
    SLICE_X42Y55         LUT2 (Prop_lut2_I1_O)        0.303    21.320 r  y[7]_i_228/O
                         net (fo=1, routed)           0.000    21.320    y[7]_i_228_n_0
    SLICE_X42Y55         CARRY4 (Prop_carry4_S[3]_O[3])
                                                      0.255    21.575 r  y_reg[7]_i_211/O[3]
                         net (fo=1, routed)           0.436    22.011    y_reg[7]_i_211_n_4
    SLICE_X43Y56         LUT2 (Prop_lut2_I1_O)        0.307    22.318 r  y[7]_i_337/O
                         net (fo=1, routed)           0.000    22.318    y[7]_i_337_n_0
    SLICE_X43Y56         CARRY4 (Prop_carry4_S[1]_O[1])
                                                      0.227    22.545 r  y_reg[7]_i_297/O[1]
                         net (fo=1, routed)           0.583    23.128    y_reg[7]_i_297_n_6
    SLICE_X44Y54         LUT2 (Prop_lut2_I1_O)        0.303    23.431 r  y[7]_i_333/O
                         net (fo=1, routed)           0.000    23.431    y[7]_i_333_n_0
    SLICE_X44Y54         CARRY4 (Prop_carry4_S[0]_O[0])
                                                      0.247    23.678 r  y_reg[7]_i_296/O[0]
                         net (fo=1, routed)           0.458    24.136    y_reg[7]_i_296_n_7
    SLICE_X46Y54         LUT2 (Prop_lut2_I1_O)        0.299    24.435 r  y[7]_i_270/O
                         net (fo=1, routed)           0.000    24.435    y[7]_i_270_n_0
    SLICE_X46Y54         CARRY4 (Prop_carry4_S[0]_O[1])
                                                      0.427    24.862 r  y_reg[7]_i_241/O[1]
                         net (fo=1, routed)           0.471    25.332    y_reg[7]_i_241_n_6
    SLICE_X47Y53         LUT2 (Prop_lut2_I1_O)        0.306    25.638 r  y[7]_i_220/O
                         net (fo=1, routed)           0.000    25.638    y[7]_i_220_n_0
    SLICE_X47Y53         CARRY4 (Prop_carry4_S[1]_O[1])
                                                      0.227    25.865 r  y_reg[7]_i_196/O[1]
                         net (fo=1, routed)           0.554    26.419    y_reg[7]_i_196_n_6
    SLICE_X45Y51         LUT2 (Prop_lut2_I1_O)        0.303    26.722 r  y[7]_i_173/O
                         net (fo=1, routed)           0.000    26.722    y[7]_i_173_n_0
    SLICE_X45Y51         CARRY4 (Prop_carry4_S[3]_CO[3])
                                                      0.401    27.123 r  y_reg[7]_i_165/CO[3]
                         net (fo=1, routed)           0.000    27.123    y_reg[7]_i_165_n_0
    SLICE_X45Y52         CARRY4 (Prop_carry4_CI_O[0])
                                                      0.222    27.345 r  y_reg[15]_i_361/O[0]
                         net (fo=1, routed)           0.496    27.841    y_reg[15]_i_361_n_7
    SLICE_X44Y50         LUT2 (Prop_lut2_I1_O)        0.299    28.140 r  y[7]_i_213/O
                         net (fo=1, routed)           0.000    28.140    y[7]_i_213_n_0
    SLICE_X44Y50         CARRY4 (Prop_carry4_S[3]_O[3])
                                                      0.248    28.388 r  y_reg[7]_i_195/O[3]
                         net (fo=1, routed)           0.451    28.839    y_reg[7]_i_195_n_4
    SLICE_X43Y52         LUT2 (Prop_lut2_I1_O)        0.306    29.145 r  y[7]_i_169/O
                         net (fo=1, routed)           0.000    29.145    y[7]_i_169_n_0
    SLICE_X43Y52         CARRY4 (Prop_carry4_S[3]_CO[3])
                                                      0.401    29.546 r  y_reg[7]_i_153/CO[3]
                         net (fo=1, routed)           0.000    29.546    y_reg[7]_i_153_n_0
    SLICE_X43Y53         CARRY4 (Prop_carry4_CI_O[0])
                                                      0.222    29.768 r  y_reg[15]_i_339/O[0]
                         net (fo=1, routed)           0.429    30.197    y_reg[15]_i_339_n_7
    SLICE_X42Y53         LUT2 (Prop_lut2_I1_O)        0.299    30.496 r  y[15]_i_338/O
                         net (fo=1, routed)           0.000    30.496    y[15]_i_338_n_0
    SLICE_X42Y53         CARRY4 (Prop_carry4_S[0]_O[0])
                                                      0.252    30.748 r  y_reg[15]_i_327/O[0]
                         net (fo=1, routed)           0.430    31.178    y_reg[15]_i_327_n_7
    SLICE_X41Y54         LUT2 (Prop_lut2_I1_O)        0.295    31.473 r  y[15]_i_324/O
                         net (fo=1, routed)           0.000    31.473    y[15]_i_324_n_0
    SLICE_X41Y54         CARRY4 (Prop_carry4_S[0]_O[0])
                                                      0.247    31.720 r  y_reg[15]_i_303/O[0]
                         net (fo=1, routed)           0.495    32.216    y_reg[15]_i_303_n_7
    SLICE_X40Y55         LUT2 (Prop_lut2_I1_O)        0.299    32.515 r  y[15]_i_308/O
                         net (fo=1, routed)           0.000    32.515    y[15]_i_308_n_0
    SLICE_X40Y55         CARRY4 (Prop_carry4_S[3]_O[3])
                                                      0.248    32.763 r  y_reg[15]_i_294/O[3]
                         net (fo=1, routed)           0.430    33.193    y_reg[15]_i_294_n_4
    SLICE_X39Y56         LUT2 (Prop_lut2_I1_O)        0.306    33.499 r  y[15]_i_286/O
                         net (fo=1, routed)           0.000    33.499    y[15]_i_286_n_0
    SLICE_X39Y56         CARRY4 (Prop_carry4_S[0]_O[0])
                                                      0.247    33.746 r  y_reg[15]_i_268/O[0]
                         net (fo=1, routed)           0.310    34.056    y_reg[15]_i_268_n_7
    SLICE_X38Y55         LUT2 (Prop_lut2_I1_O)        0.299    34.355 r  y[15]_i_265/O
                         net (fo=1, routed)           0.000    34.355    y[15]_i_265_n_0
    SLICE_X38Y55         CARRY4 (Prop_carry4_S[0]_O[0])
                                                      0.252    34.607 r  y_reg[15]_i_250/O[0]
                         net (fo=1, routed)           0.425    35.032    y_reg[15]_i_250_n_7
    SLICE_X37Y56         LUT2 (Prop_lut2_I1_O)        0.295    35.327 r  y[15]_i_256/O
                         net (fo=1, routed)           0.000    35.327    y[15]_i_256_n_0
    SLICE_X37Y56         CARRY4 (Prop_carry4_S[2]_O[2])
                                                      0.248    35.575 r  y_reg[15]_i_235/O[2]
                         net (fo=1, routed)           0.585    36.160    y_reg[15]_i_235_n_5
    SLICE_X37Y52         LUT2 (Prop_lut2_I1_O)        0.302    36.462 r  y[15]_i_246/O
                         net (fo=1, routed)           0.000    36.462    y[15]_i_246_n_0
    SLICE_X37Y52         CARRY4 (Prop_carry4_S[3]_O[3])
                                                      0.248    36.710 r  y_reg[15]_i_232/O[3]
                         net (fo=1, routed)           0.560    37.270    y_reg[15]_i_232_n_4
    SLICE_X36Y54         LUT2 (Prop_lut2_I1_O)        0.306    37.576 r  y[15]_i_198/O
                         net (fo=1, routed)           0.000    37.576    y[15]_i_198_n_0
    SLICE_X36Y54         CARRY4 (Prop_carry4_S[0]_O[0])
                                                      0.252    37.828 r  y_reg[15]_i_163/O[0]
                         net (fo=1, routed)           0.458    38.286    y_reg[15]_i_163_n_7
    SLICE_X35Y53         LUT2 (Prop_lut2_I1_O)        0.295    38.581 r  y[15]_i_180/O
                         net (fo=1, routed)           0.000    38.581    y[15]_i_180_n_0
    SLICE_X35Y53         CARRY4 (Prop_carry4_S[3]_O[3])
                                                      0.248    38.829 r  y_reg[15]_i_154/O[3]
                         net (fo=1, routed)           0.319    39.147    y_reg[15]_i_154_n_4
    SLICE_X34Y51         LUT2 (Prop_lut2_I1_O)        0.306    39.453 r  y[15]_i_142/O
                         net (fo=1, routed)           0.000    39.453    y[15]_i_142_n_0
    SLICE_X34Y51         CARRY4 (Prop_carry4_S[3]_O[3])
                                                      0.255    39.708 r  y_reg[15]_i_118/O[3]
                         net (fo=1, routed)           0.456    40.164    y_reg[15]_i_118_n_4
    SLICE_X32Y53         LUT2 (Prop_lut2_I1_O)        0.307    40.471 r  y[15]_i_108/O
                         net (fo=1, routed)           0.000    40.471    y[15]_i_108_n_0
    SLICE_X32Y53         CARRY4 (Prop_carry4_S[2]_O[2])
                                                      0.250    40.721 r  y_reg[15]_i_86/O[2]
                         net (fo=1, routed)           0.742    41.463    y_reg[15]_i_86_n_5
    SLICE_X32Y49         LUT2 (Prop_lut2_I1_O)        0.301    41.764 r  y[15]_i_75/O
                         net (fo=1, routed)           0.000    41.764    y[15]_i_75_n_0
    SLICE_X32Y49         CARRY4 (Prop_carry4_S[3]_O[3])
                                                      0.255    42.019 r  y_reg[15]_i_62/O[3]
                         net (fo=1, routed)           0.467    42.486    acc__0[8]
    SLICE_X33Y50         LUT2 (Prop_lut2_I1_O)        0.307    42.793 r  y[15]_i_38/O
                         net (fo=1, routed)           0.000    42.793    y[15]_i_38_n_0
    SLICE_X33Y50         CARRY4 (Prop_carry4_S[0]_O[0])
                                                      0.247    43.040 r  y_reg[15]_i_20/O[0]
                         net (fo=1, routed)           0.441    43.481    y_reg[15]_i_20_n_7
    SLICE_X33Y53         LUT2 (Prop_lut2_I1_O)        0.299    43.780 r  y[11]_i_26/O
                         net (fo=1, routed)           0.000    43.780    y[11]_i_26_n_0
    SLICE_X33Y53         CARRY4 (Prop_carry4_S[3]_O[3])
                                                      0.248    44.028 r  y_reg[11]_i_18/O[3]
                         net (fo=1, routed)           0.683    44.711    y_reg[11]_i_18_n_4
    SLICE_X33Y59         LUT2 (Prop_lut2_I1_O)        0.306    45.017 r  y[11]_i_9/O
                         net (fo=1, routed)           0.000    45.017    y[11]_i_9_n_0
    SLICE_X33Y59         CARRY4 (Prop_carry4_S[0]_O[0])
                                                      0.247    45.264 r  y_reg[11]_i_2/O[0]
                         net (fo=2, routed)           0.488    45.752    p_0_in[8]
    SLICE_X34Y59         LUT4 (Prop_lut4_I3_O)        0.299    46.051 r  y[11]_i_3/O
                         net (fo=1, routed)           0.000    46.051    y[11]_i_3_n_0
    SLICE_X34Y59         CARRY4 (Prop_carry4_S[0]_O[0])
                                                      0.252    46.303 r  y_reg[11]_i_1/O[0]
                         net (fo=1, routed)           0.000    46.303    acc[8]
    SLICE_X34Y59         FDRE                                         r  y_reg[8]/D
  -------------------------------------------------------------------    -------------------

                         (clock vclk rise edge)      45.765    45.765 r  <hidden>
                                                      0.000    45.765 r  clk
                         net (fo=351, unset)          0.924    46.689    clk
    SLICE_X34Y59         FDRE                                         r  y_reg[8]/C
                         clock pessimism              0.000    46.689    <hidden>
                         clock uncertainty           -0.035    46.654    <hidden>
    SLICE_X34Y59         FDRE (Setup_fdre_C_D)        0.109    46.763    y_reg[8]
  -------------------------------------------------------------------
                         required time                         46.763    <hidden>
                         arrival time                         -46.303    <hidden>
  -------------------------------------------------------------------
                         slack                                  0.460    <hidden>

Slack (MET) :             1.251ns  (required time - arrival time)
  Source:                 d41_reg[2]/C
                            (rising edge-triggered cell FDRE clocked by vclk  {rise@0.000ns fall@22.882ns period=45.765ns})
  Destination:            y_reg[7]/D
                            (rising edge-triggered cell FDRE clocked by vclk  {rise@0.000ns fall@22.882ns period=45.765ns})
  Path Group:             vclk
  Path Type:              Setup (Max at Slow Process Corner)
  Requirement:            45.765ns  (vclk rise@45.765ns - vclk rise@0.000ns)
  Data Path Delay:        44.539ns  (logic 24.286ns (54.527%)  route 20.253ns (45.473%))
  Logic Levels:           83  (CARRY4=43 LUT2=39 LUT4=1)
  Clock Path Skew:        -0.049ns (DCD - SCD + CPR)
    Destination Clock Delay (DCD):    0.924ns = ( 46.689 - 45.765 ) 
    Source Clock Delay      (SCD):    0.973ns
    Clock Pessimism Removal (CPR):    0.000ns
  Clock Uncertainty:      0.035ns  ((TSJ^2 + TIJ^2)^1/2 + DJ) / 2 + PE
    Total System Jitter     (TSJ):    0.071ns
    Total Input Jitter      (TIJ):    0.000ns
    Discrete Jitter          (DJ):    0.000ns
    Phase Error              (PE):    0.000ns

    Location             Delay type                Incr(ns)  Path(ns)    Netlist Resource(s)
  -------------------------------------------------------------------    -------------------
                         (clock vclk rise edge)       0.000     0.000 r  <hidden>
                                                      0.000     0.000 r  clk
                         net (fo=351, unset)          0.973     0.973    clk
    SLICE_X45Y58         FDRE                                         r  d41_reg[2]/C
  -------------------------------------------------------------------    -------------------
    SLICE_X45Y58         FDRE (Prop_fdre_C_Q)         0.456     1.429 r  d41_reg[2]/Q
                         net (fo=2, routed)           0.421     1.850    d41[2]
    SLICE_X46Y58         CARRY4 (Prop_carry4_S[0]_O[0])
                                                      0.376     2.226 r  y_reg[7]_i_771/O[0]
                         net (fo=2, routed)           0.463     2.689    acc0[2]
    SLICE_X46Y61         LUT2 (Prop_lut2_I0_O)        0.295     2.984 r  y[7]_i_775/O
                         net (fo=1, routed)           0.000     2.984    y[7]_i_775_n_0
    SLICE_X46Y61         CARRY4 (Prop_carry4_S[0]_O[0])
                                                      0.252     3.236 r  y_reg[7]_i_755/O[0]
                         net (fo=1, routed)           0.596     3.832    y_reg[7]_i_755_n_7
    SLICE_X48Y61         LUT2 (Prop_lut2_I1_O)        0.295     4.127 r  y[7]_i_739/O
                         net (fo=1, routed)           0.000     4.127    y[7]_i_739_n_0
    SLICE_X48Y61         CARRY4 (Prop_carry4_S[0]_O[0])
                                                      0.247     4.374 r  y_reg[7]_i_721/O[0]
                         net (fo=1, routed)           0.712     5.086    y_reg[7]_i_721_n_7
    SLICE_X48Y57         LUT2 (Prop_lut2_I1_O)        0.299     5.385 r  y[7]_i_698/O
                         net (fo=1, routed)           0.000     5.385    y[7]_i_698_n_0
    SLICE_X48Y57         CARRY4 (Prop_carry4_S[0]_O[0])
                                                      0.247     5.632 r  y_reg[7]_i_675/O[0]
                         net (fo=1, routed)           0.473     6.105    y_reg[7]_i_675_n_7
    SLICE_X47Y57         LUT2 (Prop_lut2_I1_O)        0.299     6.404 r  y[7]_i_639/O
                         net (fo=1, routed)           0.000     6.404    y[7]_i_639_n_0
    SLICE_X47Y57         CARRY4 (Prop_carry4_S[1]_O[2])
                                                      0.580     6.984 r  y_reg[7]_i_612/O[2]
                         net (fo=1, routed)           0.426     7.409    y_reg[7]_i_612_n_5
    SLICE_X44Y57         LUT2 (Prop_lut2_I1_O)        0.302     7.711 r  y[7]_i_570/O
                         net (fo=1, routed)           0.000     7.711    y[7]_i_570_n_0
    SLICE_X44Y57         CARRY4 (Prop_carry4_S[3]_CO[3])
                                                      0.401     8.112 r  y_reg[7]_i_539/CO[3]
                         net (fo=1, routed)           0.000     8.112    y_reg[7]_i_539_n_0
    SLICE_X44Y58         CARRY4 (Prop_carry4_CI_O[0])
                                                      0.222     8.334 r  y_reg[7]_i_667/O[0]
                         net (fo=1, routed)           0.460     8.795    y_reg[7]_i_667_n_7
    SLICE_X42Y60         LUT2 (Prop_lut2_I1_O)        0.299     9.094 r  y[7]_i_634/O
                         net (fo=1, routed)           0.000     9.094    y[7]_i_634_n_0
    SLICE_X42Y60         CARRY4 (Prop_carry4_S[0]_O[0])
                                                      0.252     9.346 r  y_reg[7]_i_602/O[0]
                         net (fo=1, routed)           0.439     9.785    y_reg[7]_i_602_n_7
    SLICE_X40Y59         LUT2 (Prop_lut2_I1_O)        0.295    10.080 r  y[7]_i_563/O
                         net (fo=1, routed)           0.000    10.080    y[7]_i_563_n_0
    SLICE_X40Y59         CARRY4 (Prop_carry4_S[3]_CO[3])
                                                      0.401    10.481 r  y_reg[7]_i_528/CO[3]
                         net (fo=1, routed)           0.000    10.481    y_reg[7]_i_528_n_0
    SLICE_X40Y60         CARRY4 (Prop_carry4_CI_O[0])
                                                      0.222    10.703 r  y_reg[7]_i_590/O[0]
                         net (fo=1, routed)           0.474    11.177    y_reg[7]_i_590_n_7
    SLICE_X39Y60         LUT2 (Prop_lut2_I1_O)        0.299    11.476 r  y[7]_i_560/O
                         net (fo=1, routed)           0.000    11.476    y[7]_i_560_n_0
    SLICE_X39Y60         CARRY4 (Prop_carry4_S[0]_O[0])
                                                      0.247    11.723 r  y_reg[7]_i_517/O[0]
                         net (fo=1, routed)           0.568    12.290    y_reg[7]_i_517_n_7
    SLICE_X37Y60         LUT2 (Prop_lut2_I1_O)        0.299    12.589 r  y[7]_i_475/O
                         net (fo=1, routed)           0.000    12.589    y[7]_i_475_n_0
    SLICE_X37Y60         CARRY4 (Prop_carry4_S[1]_O[1])
                                                      0.227    12.816 r  y_reg[7]_i_450/O[1]
                         net (fo=1, routed)           0.572    13.389    y_reg[7]_i_450_n_6
    SLICE_X38Y61         LUT2 (Prop_lut2_I1_O)        0.303    13.692 r  y[7]_i_555/O
                         net (fo=1, routed)           0.000    13.692    y[7]_i_555_n_0
    SLICE_X38Y61         CARRY4 (Prop_carry4_S[0]_O[0])
                                                      0.252    13.944 r  y_reg[7]_i_513/O[0]
                         net (fo=1, routed)           0.454    14.398    y_reg[7]_i_513_n_7
    SLICE_X36Y61         LUT2 (Prop_lut2_I1_O)        0.295    14.693 r  y[7]_i_470/O
                         net (fo=1, routed)           0.000    14.693    y[7]_i_470_n_0
    SLICE_X36Y61         CARRY4 (Prop_carry4_S[1]_O[1])
                                                      0.230    14.923 r  y_reg[7]_i_446/O[1]
                         net (fo=1, routed)           0.744    15.667    y_reg[7]_i_446_n_6
    SLICE_X37Y64         LUT2 (Prop_lut2_I1_O)        0.306    15.973 r  y[7]_i_417/O
                         net (fo=1, routed)           0.000    15.973    y[7]_i_417_n_0
    SLICE_X37Y64         CARRY4 (Prop_carry4_S[1]_O[1])
                                                      0.227    16.200 r  y_reg[7]_i_393/O[1]
                         net (fo=1, routed)           0.599    16.799    y_reg[7]_i_393_n_6
    SLICE_X44Y62         LUT2 (Prop_lut2_I1_O)        0.303    17.102 r  y[7]_i_352/O
                         net (fo=1, routed)           0.000    17.102    y[7]_i_352_n_0
    SLICE_X44Y62         CARRY4 (Prop_carry4_S[3]_O[3])
                                                      0.248    17.350 r  y_reg[7]_i_325/O[3]
                         net (fo=1, routed)           0.456    17.806    y_reg[7]_i_325_n_4
    SLICE_X45Y62         LUT2 (Prop_lut2_I1_O)        0.306    18.112 r  y[7]_i_349/O
                         net (fo=1, routed)           0.000    18.112    y[7]_i_349_n_0
    SLICE_X45Y62         CARRY4 (Prop_carry4_S[0]_O[0])
                                                      0.247    18.359 r  y_reg[7]_i_314/O[0]
                         net (fo=1, routed)           0.428    18.787    y_reg[7]_i_314_n_7
    SLICE_X47Y61         LUT2 (Prop_lut2_I1_O)        0.299    19.086 r  y[7]_i_282/O
                         net (fo=1, routed)           0.000    19.086    y[7]_i_282_n_0
    SLICE_X47Y61         CARRY4 (Prop_carry4_S[2]_O[2])
                                                      0.248    19.334 r  y_reg[7]_i_264/O[2]
                         net (fo=1, routed)           0.560    19.894    y_reg[7]_i_264_n_5
    SLICE_X45Y58         LUT2 (Prop_lut2_I1_O)        0.302    20.196 r  y[7]_i_277/O
                         net (fo=1, routed)           0.000    20.196    y[7]_i_277_n_0
    SLICE_X45Y58         CARRY4 (Prop_carry4_S[1]_O[1])
                                                      0.227    20.423 r  y_reg[7]_i_253/O[1]
                         net (fo=1, routed)           0.594    21.017    y_reg[7]_i_253_n_6
    SLICE_X42Y55         LUT2 (Prop_lut2_I1_O)        0.303    21.320 r  y[7]_i_228/O
                         net (fo=1, routed)           0.000    21.320    y[7]_i_228_n_0
    SLICE_X42Y55         CARRY4 (Prop_carry4_S[3]_O[3])
                                                      0.255    21.575 r  y_reg[7]_i_211/O[3]
                         net (fo=1, routed)           0.436    22.011    y_reg[7]_i_211_n_4
    SLICE_X43Y56         LUT2 (Prop_lut2_I1_O)        0.307    22.318 r  y[7]_i_337/O
                         net (fo=1, routed)           0.000    22.318    y[7]_i_337_n_0
    SLICE_X43Y56         CARRY4 (Prop_carry4_S[1]_O[1])
                                                      0.227    22.545 r  y_reg[7]_i_297/O[1]
                         net (fo=1, routed)           0.583    23.128    y_reg[7]_i_297_n_6
    SLICE_X44Y54         LUT2 (Prop_lut2_I1_O)        0.303    23.431 r  y[7]_i_333/O
                         net (fo=1, routed)           0.000    23.431    y[7]_i_333_n_0
    SLICE_X44Y54         CARRY4 (Prop_carry4_S[0]_O[0])
                                                      0.247    23.678 r  y_reg[7]_i_296/O[0]
                         net (fo=1, routed)           0.458    24.136    y_reg[7]_i_296_n_7
    SLICE_X46Y54         LUT2 (Prop_lut2_I1_O)        0.299    24.435 r  y[7]_i_270/O
                         net (fo=1, routed)           0.000    24.435    y[7]_i_270_n_0
    SLICE_X46Y54         CARRY4 (Prop_carry4_S[0]_O[1])
                                                      0.427    24.862 r  y_reg[7]_i_241/O[1]
                         net (fo=1, routed)           0.471    25.332    y_reg[7]_i_241_n_6
    SLICE_X47Y53         LUT2 (Prop_lut2_I1_O)        0.306    25.638 r  y[7]_i_220/O
                         net (fo=1, routed)           0.000    25.638    y[7]_i_220_n_0
    SLICE_X47Y53         CARRY4 (Prop_carry4_S[1]_O[1])
                                                      0.227    25.865 r  y_reg[7]_i_196/O[1]
                         net (fo=1, routed)           0.554    26.419    y_reg[7]_i_196_n_6
    SLICE_X45Y51         LUT2 (Prop_lut2_I1_O)        0.303    26.722 r  y[7]_i_173/O
                         net (fo=1, routed)           0.000    26.722    y[7]_i_173_n_0
    SLICE_X45Y51         CARRY4 (Prop_carry4_S[3]_O[3])
                                                      0.248    26.970 r  y_reg[7]_i_165/O[3]
                         net (fo=1, routed)           0.303    27.273    y_reg[7]_i_165_n_4
    SLICE_X44Y50         LUT2 (Prop_lut2_I1_O)        0.306    27.579 r  y[7]_i_214/O
                         net (fo=1, routed)           0.000    27.579    y[7]_i_214_n_0
    SLICE_X44Y50         CARRY4 (Prop_carry4_S[2]_O[2])
                                                      0.248    27.827 r  y_reg[7]_i_195/O[2]
                         net (fo=1, routed)           0.444    28.271    y_reg[7]_i_195_n_5
    SLICE_X43Y52         LUT2 (Prop_lut2_I1_O)        0.302    28.573 r  y[7]_i_170/O
                         net (fo=1, routed)           0.000    28.573    y[7]_i_170_n_0
    SLICE_X43Y52         CARRY4 (Prop_carry4_S[2]_O[2])
                                                      0.248    28.821 r  y_reg[7]_i_153/O[2]
                         net (fo=1, routed)           0.495    29.316    y_reg[7]_i_153_n_5
    SLICE_X42Y52         LUT2 (Prop_lut2_I1_O)        0.302    29.618 r  y[7]_i_143/O
                         net (fo=1, routed)           0.000    29.618    y[7]_i_143_n_0
    SLICE_X42Y52         CARRY4 (Prop_carry4_S[2]_O[2])
                                                      0.250    29.868 r  y_reg[7]_i_129/O[2]
                         net (fo=1, routed)           0.428    30.297    y_reg[7]_i_129_n_5
    SLICE_X41Y53         LUT2 (Prop_lut2_I1_O)        0.301    30.598 r  y[7]_i_117/O
                         net (fo=1, routed)           0.000    30.598    y[7]_i_117_n_0
    SLICE_X41Y53         CARRY4 (Prop_carry4_S[2]_O[2])
                                                      0.248    30.846 r  y_reg[7]_i_106/O[2]
                         net (fo=1, routed)           0.426    31.271    y_reg[7]_i_106_n_5
    SLICE_X40Y55         LUT2 (Prop_lut2_I1_O)        0.302    31.573 r  y[15]_i_310/O
                         net (fo=1, routed)           0.000    31.573    y[15]_i_310_n_0
    SLICE_X40Y55         CARRY4 (Prop_carry4_S[1]_O[1])
                                                      0.227    31.800 r  y_reg[15]_i_294/O[1]
                         net (fo=1, routed)           0.449    32.249    y_reg[15]_i_294_n_6
    SLICE_X39Y55         LUT2 (Prop_lut2_I1_O)        0.303    32.552 r  y[15]_i_292/O
                         net (fo=1, routed)           0.000    32.552    y[15]_i_292_n_0
    SLICE_X39Y55         CARRY4 (Prop_carry4_S[2]_O[2])
                                                      0.248    32.800 r  y_reg[15]_i_282/O[2]
                         net (fo=1, routed)           0.307    33.107    y_reg[15]_i_282_n_5
    SLICE_X38Y54         LUT2 (Prop_lut2_I1_O)        0.302    33.409 r  y[7]_i_112/O
                         net (fo=1, routed)           0.000    33.409    y[7]_i_112_n_0
    SLICE_X38Y54         CARRY4 (Prop_carry4_S[2]_O[2])
                                                      0.250    33.659 r  y_reg[7]_i_94/O[2]
                         net (fo=1, routed)           0.541    34.199    y_reg[7]_i_94_n_5
    SLICE_X37Y56         LUT2 (Prop_lut2_I1_O)        0.301    34.500 r  y[15]_i_258/O
                         net (fo=1, routed)           0.000    34.500    y[15]_i_258_n_0
    SLICE_X37Y56         CARRY4 (Prop_carry4_S[0]_O[0])
                                                      0.247    34.747 r  y_reg[15]_i_235/O[0]
                         net (fo=1, routed)           0.437    35.185    y_reg[15]_i_235_n_7
    SLICE_X37Y52         LUT2 (Prop_lut2_I1_O)        0.299    35.484 r  y[15]_i_248/O
                         net (fo=1, routed)           0.000    35.484    y[15]_i_248_n_0
    SLICE_X37Y52         CARRY4 (Prop_carry4_S[1]_O[2])
                                                      0.580    36.064 r  y_reg[15]_i_232/O[2]
                         net (fo=1, routed)           0.432    36.495    y_reg[15]_i_232_n_5
    SLICE_X36Y53         LUT2 (Prop_lut2_I1_O)        0.302    36.797 r  y[15]_i_220/O
                         net (fo=1, routed)           0.000    36.797    y[15]_i_220_n_0
    SLICE_X36Y53         CARRY4 (Prop_carry4_S[3]_O[3])
                                                      0.255    37.052 r  y_reg[15]_i_193/O[3]
                         net (fo=1, routed)           0.511    37.564    y_reg[15]_i_193_n_4
    SLICE_X35Y53         LUT2 (Prop_lut2_I1_O)        0.307    37.871 r  y[15]_i_181/O
                         net (fo=1, routed)           0.000    37.871    y[15]_i_181_n_0
    SLICE_X35Y53         CARRY4 (Prop_carry4_S[2]_O[2])
                                                      0.248    38.119 r  y_reg[15]_i_154/O[2]
                         net (fo=1, routed)           0.447    38.566    y_reg[15]_i_154_n_5
    SLICE_X34Y51         LUT2 (Prop_lut2_I1_O)        0.302    38.868 r  y[15]_i_143/O
                         net (fo=1, routed)           0.000    38.868    y[15]_i_143_n_0
    SLICE_X34Y51         CARRY4 (Prop_carry4_S[2]_O[2])
                                                      0.250    39.118 r  y_reg[15]_i_118/O[2]
                         net (fo=1, routed)           0.595    39.713    y_reg[15]_i_118_n_5
    SLICE_X32Y53         LUT2 (Prop_lut2_I1_O)        0.301    40.014 r  y[15]_i_109/O
                         net (fo=1, routed)           0.000    40.014    y[15]_i_109_n_0
    SLICE_X32Y53         CARRY4 (Prop_carry4_S[1]_O[1])
                                                      0.230    40.244 r  y_reg[15]_i_86/O[1]
                         net (fo=1, routed)           0.571    40.815    y_reg[15]_i_86_n_6
    SLICE_X32Y49         LUT2 (Prop_lut2_I1_O)        0.306    41.121 r  y[15]_i_76/O
                         net (fo=1, routed)           0.000    41.121    y[15]_i_76_n_0
    SLICE_X32Y49         CARRY4 (Prop_carry4_S[2]_O[2])
                                                      0.250    41.371 r  y_reg[15]_i_62/O[2]
                         net (fo=1, routed)           0.407    41.777    acc__0[7]
    SLICE_X33Y49         LUT2 (Prop_lut2_I1_O)        0.301    42.078 r  y[15]_i_50/O
                         net (fo=1, routed)           0.000    42.078    y[15]_i_50_n_0
    SLICE_X33Y49         CARRY4 (Prop_carry4_S[3]_O[3])
                                                      0.248    42.326 r  y_reg[15]_i_33/O[3]
                         net (fo=1, routed)           0.438    42.764    y_reg[15]_i_33_n_4
    SLICE_X33Y53         LUT2 (Prop_lut2_I1_O)        0.306    43.070 r  y[11]_i_27/O
                         net (fo=1, routed)           0.000    43.070    y[11]_i_27_n_0
    SLICE_X33Y53         CARRY4 (Prop_carry4_S[2]_O[2])
                                                      0.248    43.318 r  y_reg[11]_i_18/O[2]
                         net (fo=1, routed)           0.496    43.814    y_reg[11]_i_18_n_5
    SLICE_X33Y58         LUT2 (Prop_lut2_I1_O)        0.302    44.116 r  y[11]_i_11/O
                         net (fo=1, routed)           0.000    44.116    y[11]_i_11_n_0
    SLICE_X33Y58         CARRY4 (Prop_carry4_S[3]_O[3])
                                                      0.248    44.364 r  y_reg[11]_i_4/O[3]
                         net (fo=2, routed)           0.587    44.951    p_0_in[7]
    SLICE_X34Y58         LUT4 (Prop_lut4_I1_O)        0.306    45.257 r  y[7]_i_6/O
                         net (fo=1, routed)           0.000    45.257    y[7]_i_6_n_0
    SLICE_X34Y58         CARRY4 (Prop_carry4_S[3]_O[3])
                                                      0.255    45.512 r  y_reg[7]_i_1/O[3]
                         net (fo=1, routed)           0.000    45.512    acc[7]
    SLICE_X34Y58         FDRE                                         r  y_reg[7]/D
  -------------------------------------------------------------------    -------------------

                         (clock vclk rise edge)      45.765    45.765 r  <hidden>
                                                      0.000    45.765 r  clk
                         net (fo=351, unset)          0.924    46.689    clk
    SLICE_X34Y58         FDRE                                         r  y_reg[7]/C
                         clock pessimism              0.000    46.689    <hidden>
                         clock uncertainty           -0.035    46.654    <hidden>
    SLICE_X34Y58         FDRE (Setup_fdre_C_D)        0.109    46.763    y_reg[7]
  -------------------------------------------------------------------
                         required time                         46.763    <hidden>
                         arrival time                         -45.512    <hidden>
  -------------------------------------------------------------------
                         slack                                  1.251    <hidden>

Slack (MET) :             1.455ns  (required time - arrival time)
  Source:                 d41_reg[2]/C
                            (rising edge-triggered cell FDRE clocked by vclk  {rise@0.000ns fall@22.882ns period=45.765ns})
  Destination:            y_reg[6]/D
                            (rising edge-triggered cell FDRE clocked by vclk  {rise@0.000ns fall@22.882ns period=45.765ns})
  Path Group:             vclk
  Path Type:              Setup (Max at Slow Process Corner)
  Requirement:            45.765ns  (vclk rise@45.765ns - vclk rise@0.000ns)
  Data Path Delay:        44.335ns  (logic 23.963ns (54.050%)  route 20.372ns (45.950%))
  Logic Levels:           82  (CARRY4=42 LUT2=38 LUT3=1 LUT4=1)
  Clock Path Skew:        -0.049ns (DCD - SCD + CPR)
    Destination Clock Delay (DCD):    0.924ns = ( 46.689 - 45.765 ) 
    Source Clock Delay      (SCD):    0.973ns
    Clock Pessimism Removal (CPR):    0.000ns
  Clock Uncertainty:      0.035ns  ((TSJ^2 + TIJ^2)^1/2 + DJ) / 2 + PE
    Total System Jitter     (TSJ):    0.071ns
    Total Input Jitter      (TIJ):    0.000ns
    Discrete Jitter          (DJ):    0.000ns
    Phase Error              (PE):    0.000ns

    Location             Delay type                Incr(ns)  Path(ns)    Netlist Resource(s)
  -------------------------------------------------------------------    -------------------
                         (clock vclk rise edge)       0.000     0.000 r  <hidden>
                                                      0.000     0.000 r  clk
                         net (fo=351, unset)          0.973     0.973    clk
    SLICE_X45Y58         FDRE                                         r  d41_reg[2]/C
  -------------------------------------------------------------------    -------------------
    SLICE_X45Y58         FDRE (Prop_fdre_C_Q)         0.456     1.429 r  d41_reg[2]/Q
                         net (fo=2, routed)           0.421     1.850    d41[2]
    SLICE_X46Y58         CARRY4 (Prop_carry4_S[0]_O[0])
                                                      0.376     2.226 r  y_reg[7]_i_771/O[0]
                         net (fo=2, routed)           0.463     2.689    acc0[2]
    SLICE_X46Y61         LUT2 (Prop_lut2_I0_O)        0.295     2.984 r  y[7]_i_775/O
                         net (fo=1, routed)           0.000     2.984    y[7]_i_775_n_0
    SLICE_X46Y61         CARRY4 (Prop_carry4_S[0]_O[0])
                                                      0.252     3.236 r  y_reg[7]_i_755/O[0]
                         net (fo=1, routed)           0.596     3.832    y_reg[7]_i_755_n_7
    SLICE_X48Y61         LUT2 (Prop_lut2_I1_O)        0.295     4.127 r  y[7]_i_739/O
                         net (fo=1, routed)           0.000     4.127    y[7]_i_739_n_0
    SLICE_X48Y61         CARRY4 (Prop_carry4_S[0]_O[0])
                                                      0.247     4.374 r  y_reg[7]_i_721/O[0]
                         net (fo=1, routed)           0.712     5.086    y_reg[7]_i_721_n_7
    SLICE_X48Y57         LUT2 (Prop_lut2_I1_O)        0.299     5.385 r  y[7]_i_698/O
                         net (fo=1, routed)           0.000     5.385    y[7]_i_698_n_0
    SLICE_X48Y57         CARRY4 (Prop_carry4_S[0]_O[0])
                                                      0.247     5.632 r  y_reg[7]_i_675/O[0]
                         net (fo=1, routed)           0.473     6.105    y_reg[7]_i_675_n_7
    SLICE_X47Y57         LUT2 (Prop_lut2_I1_O)        0.299     6.404 r  y[7]_i_639/O
                         net (fo=1, routed)           0.000     6.404    y[7]_i_639_n_0
    SLICE_X47Y57         CARRY4 (Prop_carry4_S[1]_O[2])
                                                      0.580     6.984 r  y_reg[7]_i_612/O[2]
                         net (fo=1, routed)           0.426     7.409    y_reg[7]_i_612_n_5
    SLICE_X44Y57         LUT2 (Prop_lut2_I1_O)        0.302     7.711 r  y[7]_i_570/O
                         net (fo=1, routed)           0.000     7.711    y[7]_i_570_n_0
    SLICE_X44Y57         CARRY4 (Prop_carry4_S[3]_CO[3])
                                                      0.401     8.112 r  y_reg[7]_i_539/CO[3]
                         net (fo=1, routed)           0.000     8.112    y_reg[7]_i_539_n_0
    SLICE_X44Y58         CARRY4 (Prop_carry4_CI_O[0])
                                                      0.222     8.334 r  y_reg[7]_i_667/O[0]
                         net (fo=1, routed)           0.460     8.795    y_reg[7]_i_667_n_7
    SLICE_X42Y60         LUT2 (Prop_lut2_I1_O)        0.299     9.094 r  y[7]_i_634/O
                         net (fo=1, routed)           0.000     9.094    y[7]_i_634_n_0
    SLICE_X42Y60         CARRY4 (Prop_carry4_S[0]_O[0])
                                                      0.252     9.346 r  y_reg[7]_i_602/O[0]
                         net (fo=1, routed)           0.439     9.785    y_reg[7]_i_602_n_7
    SLICE_X40Y59         LUT2 (Prop_lut2_I1_O)        0.295    10.080 r  y[7]_i_563/O
                         net (fo=1, routed)           0.000    10.080    y[7]_i_563_n_0
    SLICE_X40Y59         CARRY4 (Prop_carry4_S[3]_O[3])
                                                      0.248    10.328 r  y_reg[7]_i_528/O[3]
                         net (fo=1, routed)           0.458    10.786    y_reg[7]_i_528_n_4
    SLICE_X39Y59         LUT2 (Prop_lut2_I1_O)        0.306    11.092 r  y[7]_i_479/O
                         net (fo=1, routed)           0.000    11.092    y[7]_i_479_n_0
    SLICE_X39Y59         CARRY4 (Prop_carry4_S[3]_O[3])
                                                      0.248    11.340 r  y_reg[7]_i_454/O[3]
                         net (fo=1, routed)           0.412    11.752    y_reg[7]_i_454_n_4
    SLICE_X37Y60         LUT2 (Prop_lut2_I1_O)        0.306    12.058 r  y[7]_i_476/O
                         net (fo=1, routed)           0.000    12.058    y[7]_i_476_n_0
    SLICE_X37Y60         CARRY4 (Prop_carry4_S[0]_O[0])
                                                      0.247    12.305 r  y_reg[7]_i_450/O[0]
                         net (fo=1, routed)           0.422    12.727    y_reg[7]_i_450_n_7
    SLICE_X38Y60         LUT2 (Prop_lut2_I1_O)        0.299    13.026 r  y[7]_i_420/O
                         net (fo=1, routed)           0.000    13.026    y[7]_i_420_n_0
    SLICE_X38Y60         CARRY4 (Prop_carry4_S[3]_O[3])
                                                      0.255    13.281 r  y_reg[7]_i_401/O[3]
                         net (fo=1, routed)           0.552    13.832    y_reg[7]_i_401_n_4
    SLICE_X36Y61         LUT2 (Prop_lut2_I1_O)        0.307    14.139 r  y[7]_i_471/O
                         net (fo=1, routed)           0.000    14.139    y[7]_i_471_n_0
    SLICE_X36Y61         CARRY4 (Prop_carry4_S[0]_O[0])
                                                      0.252    14.391 r  y_reg[7]_i_446/O[0]
                         net (fo=1, routed)           0.548    14.939    y_reg[7]_i_446_n_7
    SLICE_X37Y64         LUT2 (Prop_lut2_I1_O)        0.295    15.234 r  y[7]_i_418/O
                         net (fo=1, routed)           0.000    15.234    y[7]_i_418_n_0
    SLICE_X37Y64         CARRY4 (Prop_carry4_S[0]_O[0])
                                                      0.247    15.481 r  y_reg[7]_i_393/O[0]
                         net (fo=1, routed)           0.645    16.126    y_reg[7]_i_393_n_7
    SLICE_X44Y62         LUT2 (Prop_lut2_I1_O)        0.299    16.425 r  y[7]_i_353/O
                         net (fo=1, routed)           0.000    16.425    y[7]_i_353_n_0
    SLICE_X44Y62         CARRY4 (Prop_carry4_S[2]_O[2])
                                                      0.248    16.673 r  y_reg[7]_i_325/O[2]
                         net (fo=1, routed)           0.454    17.127    y_reg[7]_i_325_n_5
    SLICE_X45Y61         LUT2 (Prop_lut2_I1_O)        0.302    17.429 r  y[7]_i_287/O
                         net (fo=1, routed)           0.000    17.429    y[7]_i_287_n_0
    SLICE_X45Y61         CARRY4 (Prop_carry4_S[3]_O[3])
                                                      0.248    17.677 r  y_reg[7]_i_265/O[3]
                         net (fo=1, routed)           0.287    17.964    y_reg[7]_i_265_n_4
    SLICE_X47Y61         LUT2 (Prop_lut2_I1_O)        0.306    18.270 r  y[7]_i_283/O
                         net (fo=1, routed)           0.000    18.270    y[7]_i_283_n_0
    SLICE_X47Y61         CARRY4 (Prop_carry4_S[1]_O[1])
                                                      0.227    18.497 r  y_reg[7]_i_264/O[1]
                         net (fo=1, routed)           0.574    19.071    y_reg[7]_i_264_n_6
    SLICE_X45Y58         LUT2 (Prop_lut2_I1_O)        0.303    19.374 r  y[7]_i_278/O
                         net (fo=1, routed)           0.000    19.374    y[7]_i_278_n_0
    SLICE_X45Y58         CARRY4 (Prop_carry4_S[0]_O[0])
                                                      0.247    19.621 r  y_reg[7]_i_253/O[0]
                         net (fo=1, routed)           0.595    20.216    y_reg[7]_i_253_n_7
    SLICE_X42Y55         LUT2 (Prop_lut2_I1_O)        0.299    20.515 r  y[7]_i_229/O
                         net (fo=1, routed)           0.000    20.515    y[7]_i_229_n_0
    SLICE_X42Y55         CARRY4 (Prop_carry4_S[2]_O[2])
                                                      0.250    20.765 r  y_reg[7]_i_211/O[2]
                         net (fo=1, routed)           0.407    21.172    y_reg[7]_i_211_n_5
    SLICE_X43Y56         LUT2 (Prop_lut2_I1_O)        0.301    21.473 r  y[7]_i_338/O
                         net (fo=1, routed)           0.000    21.473    y[7]_i_338_n_0
    SLICE_X43Y56         CARRY4 (Prop_carry4_S[0]_O[0])
                                                      0.247    21.720 r  y_reg[7]_i_297/O[0]
                         net (fo=1, routed)           0.596    22.316    y_reg[7]_i_297_n_7
    SLICE_X44Y53         LUT2 (Prop_lut2_I1_O)        0.299    22.615 r  y[7]_i_271/O
                         net (fo=1, routed)           0.000    22.615    y[7]_i_271_n_0
    SLICE_X44Y53         CARRY4 (Prop_carry4_S[3]_O[3])
                                                      0.248    22.863 r  y_reg[7]_i_249/O[3]
                         net (fo=1, routed)           0.467    23.330    y_reg[7]_i_249_n_4
    SLICE_X46Y53         LUT2 (Prop_lut2_I1_O)        0.306    23.636 r  y[7]_i_223/O
                         net (fo=1, routed)           0.000    23.636    y[7]_i_223_n_0
    SLICE_X46Y53         CARRY4 (Prop_carry4_S[3]_O[3])
                                                      0.255    23.891 r  y_reg[7]_i_200/O[3]
                         net (fo=1, routed)           0.299    24.190    y_reg[7]_i_200_n_4
    SLICE_X47Y52         LUT2 (Prop_lut2_I1_O)        0.307    24.497 r  y[7]_i_177/O
                         net (fo=1, routed)           0.000    24.497    y[7]_i_177_n_0
    SLICE_X47Y52         CARRY4 (Prop_carry4_S[3]_O[3])
                                                      0.248    24.745 r  y_reg[7]_i_166/O[3]
                         net (fo=1, routed)           0.437    25.182    y_reg[7]_i_166_n_4
    SLICE_X45Y51         LUT2 (Prop_lut2_I1_O)        0.306    25.488 r  y[7]_i_175/O
                         net (fo=1, routed)           0.000    25.488    y[7]_i_175_n_0
    SLICE_X45Y51         CARRY4 (Prop_carry4_S[1]_O[1])
                                                      0.227    25.715 r  y_reg[7]_i_165/O[1]
                         net (fo=1, routed)           0.423    26.139    y_reg[7]_i_165_n_6
    SLICE_X44Y50         LUT2 (Prop_lut2_I1_O)        0.303    26.442 r  y[7]_i_216/O
                         net (fo=1, routed)           0.000    26.442    y[7]_i_216_n_0
    SLICE_X44Y50         CARRY4 (Prop_carry4_S[0]_O[0])
                                                      0.247    26.689 r  y_reg[7]_i_195/O[0]
                         net (fo=1, routed)           0.449    27.138    y_reg[7]_i_195_n_7
    SLICE_X43Y52         LUT2 (Prop_lut2_I1_O)        0.299    27.437 r  y[7]_i_172/O
                         net (fo=1, routed)           0.000    27.437    y[7]_i_172_n_0
    SLICE_X43Y52         CARRY4 (Prop_carry4_S[0]_O[0])
                                                      0.247    27.684 r  y_reg[7]_i_153/O[0]
                         net (fo=1, routed)           0.429    28.113    y_reg[7]_i_153_n_7
    SLICE_X42Y52         LUT2 (Prop_lut2_I1_O)        0.299    28.412 r  y[7]_i_145/O
                         net (fo=1, routed)           0.000    28.412    y[7]_i_145_n_0
    SLICE_X42Y52         CARRY4 (Prop_carry4_S[0]_O[0])
                                                      0.252    28.664 r  y_reg[7]_i_129/O[0]
                         net (fo=1, routed)           0.430    29.094    y_reg[7]_i_129_n_7
    SLICE_X41Y53         LUT2 (Prop_lut2_I1_O)        0.295    29.389 r  y[7]_i_119/O
                         net (fo=1, routed)           0.000    29.389    y[7]_i_119_n_0
    SLICE_X41Y53         CARRY4 (Prop_carry4_S[0]_O[0])
                                                      0.247    29.636 r  y_reg[7]_i_106/O[0]
                         net (fo=1, routed)           0.495    30.132    y_reg[7]_i_106_n_7
    SLICE_X40Y54         LUT2 (Prop_lut2_I1_O)        0.299    30.431 r  y[7]_i_82/O
                         net (fo=1, routed)           0.000    30.431    y[7]_i_82_n_0
    SLICE_X40Y54         CARRY4 (Prop_carry4_S[3]_O[3])
                                                      0.248    30.679 r  y_reg[7]_i_73/O[3]
                         net (fo=1, routed)           0.589    31.268    y_reg[7]_i_73_n_4
    SLICE_X39Y55         CARRY4 (Prop_carry4_S[0]_O[0])
                                                      0.553    31.821 r  y_reg[15]_i_282/O[0]
                         net (fo=1, routed)           0.310    32.131    y_reg[15]_i_282_n_7
    SLICE_X38Y54         LUT2 (Prop_lut2_I1_O)        0.299    32.430 r  y[7]_i_114/O
                         net (fo=1, routed)           0.000    32.430    y[7]_i_114_n_0
    SLICE_X38Y54         CARRY4 (Prop_carry4_S[0]_O[0])
                                                      0.252    32.682 r  y_reg[7]_i_94/O[0]
                         net (fo=1, routed)           0.425    33.107    y_reg[7]_i_94_n_7
    SLICE_X37Y55         LUT2 (Prop_lut2_I1_O)        0.295    33.402 r  y[7]_i_77/O
                         net (fo=1, routed)           0.000    33.402    y[7]_i_77_n_0
    SLICE_X37Y55         CARRY4 (Prop_carry4_S[2]_O[2])
                                                      0.248    33.650 r  y_reg[7]_i_66/O[2]
                         net (fo=1, routed)           0.585    34.235    y_reg[7]_i_66_n_5
    SLICE_X37Y51         LUT2 (Prop_lut2_I1_O)        0.302    34.537 r  y[7]_i_57/O
                         net (fo=1, routed)           0.000    34.537    y[7]_i_57_n_0
    SLICE_X37Y51         CARRY4 (Prop_carry4_S[3]_O[3])
                                                      0.248    34.785 r  y_reg[7]_i_51/O[3]
                         net (fo=1, routed)           0.560    35.345    y_reg[7]_i_51_n_4
    SLICE_X36Y53         LUT2 (Prop_lut2_I1_O)        0.306    35.651 r  y[15]_i_223/O
                         net (fo=1, routed)           0.000    35.651    y[15]_i_223_n_0
    SLICE_X36Y53         CARRY4 (Prop_carry4_S[0]_O[0])
                                                      0.252    35.903 r  y_reg[15]_i_193/O[0]
                         net (fo=1, routed)           0.458    36.361    y_reg[15]_i_193_n_7
    SLICE_X35Y52         LUT2 (Prop_lut2_I1_O)        0.295    36.656 r  y[15]_i_206/O
                         net (fo=1, routed)           0.000    36.656    y[15]_i_206_n_0
    SLICE_X35Y52         CARRY4 (Prop_carry4_S[3]_O[3])
                                                      0.248    36.904 r  y_reg[15]_i_178/O[3]
                         net (fo=1, routed)           0.319    37.223    y_reg[15]_i_178_n_4
    SLICE_X34Y50         LUT2 (Prop_lut2_I1_O)        0.306    37.529 r  y[7]_i_53/O
                         net (fo=1, routed)           0.000    37.529    y[7]_i_53_n_0
    SLICE_X34Y50         CARRY4 (Prop_carry4_S[3]_O[3])
                                                      0.255    37.784 r  y_reg[7]_i_47/O[3]
                         net (fo=1, routed)           0.456    38.239    y_reg[7]_i_47_n_4
    SLICE_X32Y52         LUT2 (Prop_lut2_I1_O)        0.307    38.546 r  y[15]_i_134/O
                         net (fo=1, routed)           0.000    38.546    y[15]_i_134_n_0
    SLICE_X32Y52         CARRY4 (Prop_carry4_S[2]_O[2])
                                                      0.250    38.796 r  y_reg[15]_i_105/O[2]
                         net (fo=1, routed)           0.603    39.399    y_reg[15]_i_105_n_5
    SLICE_X32Y48         LUT2 (Prop_lut2_I1_O)        0.301    39.700 r  y[7]_i_35/O
                         net (fo=1, routed)           0.000    39.700    y[7]_i_35_n_0
    SLICE_X32Y48         CARRY4 (Prop_carry4_S[3]_O[3])
                                                      0.255    39.955 r  y_reg[7]_i_32/O[3]
                         net (fo=1, routed)           0.482    40.437    acc__0[4]
    SLICE_X33Y49         LUT2 (Prop_lut2_I1_O)        0.307    40.744 r  y[15]_i_53/O
                         net (fo=1, routed)           0.000    40.744    y[15]_i_53_n_0
    SLICE_X33Y49         CARRY4 (Prop_carry4_S[0]_O[0])
                                                      0.247    40.991 r  y_reg[15]_i_33/O[0]
                         net (fo=1, routed)           0.586    41.578    y_reg[15]_i_33_n_7
    SLICE_X33Y52         LUT2 (Prop_lut2_I1_O)        0.299    41.877 r  y[11]_i_30/O
                         net (fo=1, routed)           0.000    41.877    y[11]_i_30_n_0
    SLICE_X33Y52         CARRY4 (Prop_carry4_S[3]_O[3])
                                                      0.248    42.125 r  y_reg[11]_i_22/O[3]
                         net (fo=1, routed)           0.762    42.887    y_reg[11]_i_22_n_4
    SLICE_X33Y58         LUT2 (Prop_lut2_I1_O)        0.306    43.193 r  y[11]_i_14/O
                         net (fo=1, routed)           0.000    43.193    y[11]_i_14_n_0
    SLICE_X33Y58         CARRY4 (Prop_carry4_S[0]_O[0])
                                                      0.247    43.440 r  y_reg[11]_i_4/O[0]
                         net (fo=2, routed)           0.369    43.810    p_0_in[4]
    SLICE_X32Y58         LUT3 (Prop_lut3_I1_O)        0.299    44.109 r  y[7]_i_4/O
                         net (fo=2, routed)           0.497    44.606    y[7]_i_4_n_0
    SLICE_X34Y58         LUT4 (Prop_lut4_I3_O)        0.124    44.730 r  y[7]_i_8/O
                         net (fo=1, routed)           0.000    44.730    y[7]_i_8_n_0
    SLICE_X34Y58         CARRY4 (Prop_carry4_S[1]_O[2])
                                                      0.578    45.308 r  y_reg[7]_i_1/O[2]
                         net (fo=1, routed)           0.000    45.308    acc[6]
    SLICE_X34Y58         FDRE                                         r  y_reg[6]/D
  -------------------------------------------------------------------    -------------------

                         (clock vclk rise edge)      45.765    45.765 r  <hidden>
                                                      0.000    45.765 r  clk
                         net (fo=351, unset)          0.924    46.689    clk
    SLICE_X34Y58         FDRE                                         r  y_reg[6]/C
                         clock pessimism              0.000    46.689    <hidden>
                         clock uncertainty           -0.035    46.654    <hidden>
    SLICE_X34Y58         FDRE (Setup_fdre_C_D)        0.109    46.763    y_reg[6]
  -------------------------------------------------------------------
                         required time                         46.763    <hidden>
                         arrival time                         -45.308    <hidden>
  -------------------------------------------------------------------
                         slack                                  1.455    <hidden>





Pulse Width Checks
--------------------------------------------------------------------------------------
Clock Name:         vclk
Waveform(ns):       { 0.000 22.882 }
Period(ns):         45.765
Sources:            { clk }

Check Type        Corner  Lib Pin  Reference Pin  Required(ns)  Actual(ns)  Slack(ns)  Location      Pin
Min Period        n/a     FDRE/C   n/a            1.000         45.765      44.765     SLICE_X43Y61  d0_reg[0]/C
Min Period        n/a     FDRE/C   n/a            1.000         45.765      44.765     SLICE_X42Y62  d0_reg[1]/C
Min Period        n/a     FDRE/C   n/a            1.000         45.765      44.765     SLICE_X41Y62  d0_reg[2]/C
Min Period        n/a     FDRE/C   n/a            1.000         45.765      44.765     SLICE_X41Y62  d0_reg[3]/C
Min Period        n/a     FDRE/C   n/a            1.000         45.765      44.765     SLICE_X43Y62  d0_reg[4]/C
Min Period        n/a     FDRE/C   n/a            1.000         45.765      44.765     SLICE_X42Y62  d0_reg[5]/C
Min Period        n/a     FDRE/C   n/a            1.000         45.765      44.765     SLICE_X41Y63  d0_reg[6]/C
Min Period        n/a     FDRE/C   n/a            1.000         45.765      44.765     SLICE_X45Y63  d0_reg[7]/C
Min Period        n/a     FDRE/C   n/a            1.000         45.765      44.765     SLICE_X36Y51  d10_reg[0]/C
Min Period        n/a     FDRE/C   n/a            1.000         45.765      44.765     SLICE_X34Y54  d10_reg[1]/C
Low Pulse Width   Slow    FDRE/C   n/a            0.500         22.882      22.382     SLICE_X43Y61  d0_reg[0]/C
Low Pulse Width   Fast    FDRE/C   n/a            0.500         22.882      22.382     SLICE_X43Y61  d0_reg[0]/C
Low Pulse Width   Slow    FDRE/C   n/a            0.500         22.882      22.382     SLICE_X42Y62  d0_reg[1]/C
Low Pulse Width   Fast    FDRE/C   n/a            0.500         22.882      22.382     SLICE_X42Y62  d0_reg[1]/C
Low Pulse Width   Slow    FDRE/C   n/a            0.500         22.882      22.382     SLICE_X41Y62  d0_reg[2]/C
Low Pulse Width   Fast    FDRE/C   n/a            0.500         22.882      22.382     SLICE_X41Y62  d0_reg[2]/C
Low Pulse Width   Slow    FDRE/C   n/a            0.500         22.882      22.382     SLICE_X41Y62  d0_reg[3]/C
Low Pulse Width   Fast    FDRE/C   n/a            0.500         22.882      22.382     SLICE_X41Y62  d0_reg[3]/C
Low Pulse Width   Slow    FDRE/C   n/a            0.500         22.882      22.382     SLICE_X43Y62  d0_reg[4]/C
Low Pulse Width   Fast    FDRE/C   n/a            0.500         22.882      22.382     SLICE_X43Y62  d0_reg[4]/C
High Pulse Width  Slow    FDRE/C   n/a            0.500         22.882      22.382     SLICE_X43Y61  d0_reg[0]/C
High Pulse Width  Fast    FDRE/C   n/a            0.500         22.882      22.382     SLICE_X43Y61  d0_reg[0]/C
High Pulse Width  Slow    FDRE/C   n/a            0.500         22.882      22.382     SLICE_X42Y62  d0_reg[1]/C
High Pulse Width  Fast    FDRE/C   n/a            0.500         22.882      22.382     SLICE_X42Y62  d0_reg[1]/C
High Pulse Width  Slow    FDRE/C   n/a            0.500         22.882      22.382     SLICE_X41Y62  d0_reg[2]/C
High Pulse Width  Fast    FDRE/C   n/a            0.500         22.882      22.382     SLICE_X41Y62  d0_reg[2]/C
High Pulse Width  Slow    FDRE/C   n/a            0.500         22.882      22.382     SLICE_X41Y62  d0_reg[3]/C
High Pulse Width  Fast    FDRE/C   n/a            0.500         22.882      22.382     SLICE_X41Y62  d0_reg[3]/C
High Pulse Width  Slow    FDRE/C   n/a            0.500         22.882      22.382     SLICE_X43Y62  d0_reg[4]/C
High Pulse Width  Fast    FDRE/C   n/a            0.500         22.882      22.382     SLICE_X43Y62  d0_reg[4]/C



