Copyright 1986-2022 Xilinx, Inc. All Rights Reserved. Copyright 2022-2023 Advanced Micro Devices, Inc. All Rights Reserved.
--------------------------------------------------------------------------------------------------------------------------------------------------------------
| Tool Version : Vivado v.2023.1 (win64) Build 3865809 Sun May  7 15:05:29 MDT 2023
| Date         : Wed Aug 26 16:35:52 2026
| Host         : Amine running 64-bit major release  (build 9200)
| Command      : report_timing_summary -delay_type max -max_paths 20 -file C:/Users/Amine/mas/fpga-repo/rtl/sealed_study2_board/out/timing_summary_routed.rpt
| Design       : system_wrapper
| Device       : 7z020-clg400
| Speed File   : -1  PRODUCTION 1.12 2019-11-22
| Design State : Routed
--------------------------------------------------------------------------------------------------------------------------------------------------------------

Timing Summary Report

------------------------------------------------------------------------------------------------
| Timer Settings
| --------------
------------------------------------------------------------------------------------------------

  Enable Multi Corner Analysis               :  Yes
  Enable Pessimism Removal                   :  Yes
  Pessimism Removal Resolution               :  Nearest Common Node
  Enable Input Delay Default Clock           :  No
  Enable Preset / Clear Arcs                 :  No
  Disable Flight Delays                      :  No
  Ignore I/O Paths                           :  No
  Timing Early Launch at Borrowing Latches   :  No
  Borrow Time for Max Delay Exceptions       :  Yes
  Merge Timing Exceptions                    :  Yes

  Corner  Analyze    Analyze    
  Name    Max Paths  Min Paths  
  ------  ---------  ---------  
  Slow    Yes        Yes        
  Fast    Yes        Yes        


------------------------------------------------------------------------------------------------
| Report Methodology
| ------------------
------------------------------------------------------------------------------------------------

No report available as report_methodology has not been run prior. Run report_methodology on the current design for the summary of methodology violations.



check_timing report

Table of Contents
-----------------
1. checking no_clock (0)
2. checking constant_clock (0)
3. checking pulse_width_clock (0)
4. checking unconstrained_internal_endpoints (0)
5. checking no_input_delay (0)
6. checking no_output_delay (0)
7. checking multiple_clock (0)
8. checking generated_clocks (0)
9. checking loops (0)
10. checking partial_input_delay (0)
11. checking partial_output_delay (0)
12. checking latch_loops (0)

1. checking no_clock (0)
------------------------
 There are 0 register/latch pins with no clock.


2. checking constant_clock (0)
------------------------------
 There are 0 register/latch pins with constant_clock.


3. checking pulse_width_clock (0)
---------------------------------
 There are 0 register/latch pins which need pulse_width check


4. checking unconstrained_internal_endpoints (0)
------------------------------------------------
 There are 0 pins that are not constrained for maximum delay.

 There are 0 pins that are not constrained for maximum delay due to constant clock.


5. checking no_input_delay (0)
------------------------------
 There are 0 input ports with no input delay specified.

 There are 0 input ports with no input delay but user has a false path constraint.


6. checking no_output_delay (0)
-------------------------------
 There are 0 ports with no output delay specified.

 There are 0 ports with no output delay but user has a false path constraint

 There are 0 ports with no output delay but with a timing clock defined on it or propagating through it


7. checking multiple_clock (0)
------------------------------
 There are 0 register/latch pins with multiple clocks.


8. checking generated_clocks (0)
--------------------------------
 There are 0 generated clocks that are not connected to a clock source.


9. checking loops (0)
---------------------
 There are 0 combinational loops in the design.


10. checking partial_input_delay (0)
------------------------------------
 There are 0 input ports with partial input delay specified.


11. checking partial_output_delay (0)
-------------------------------------
 There are 0 ports with partial output delay specified.


12. checking latch_loops (0)
----------------------------
 There are 0 combinational latch loops in the design through latch input



------------------------------------------------------------------------------------------------
| Design Timing Summary
| ---------------------
------------------------------------------------------------------------------------------------

    WNS(ns)      TNS(ns)  TNS Failing Endpoints  TNS Total Endpoints     WPWS(ns)     TPWS(ns)  TPWS Failing Endpoints  TPWS Total Endpoints  
    -------      -------  ---------------------  -------------------     --------     --------  ----------------------  --------------------  
    -75.292   -10475.970                   4182                10049        1.116        0.000                       0                  2792  


Timing constraints are not met.


------------------------------------------------------------------------------------------------
| Clock Summary
| -------------
------------------------------------------------------------------------------------------------

Clock       Waveform(ns)         Period(ns)      Frequency(MHz)
-----       ------------         ----------      --------------
clk_fpga_0  {0.000 2.500}        5.000           200.000         


------------------------------------------------------------------------------------------------
| Intra Clock Table
| -----------------
------------------------------------------------------------------------------------------------

Clock             WNS(ns)      TNS(ns)  TNS Failing Endpoints  TNS Total Endpoints     WPWS(ns)     TPWS(ns)  TPWS Failing Endpoints  TPWS Total Endpoints  
-----             -------      -------  ---------------------  -------------------     --------     --------  ----------------------  --------------------  
clk_fpga_0        -75.292   -10475.970                   4182                10049        1.116        0.000                       0                  2792  


------------------------------------------------------------------------------------------------
| Inter Clock Table
| -----------------
------------------------------------------------------------------------------------------------

From Clock    To Clock          WNS(ns)      TNS(ns)  TNS Failing Endpoints  TNS Total Endpoints  
----------    --------          -------      -------  ---------------------  -------------------  


------------------------------------------------------------------------------------------------
| Other Path Groups Table
| -----------------------
------------------------------------------------------------------------------------------------

Path Group    From Clock    To Clock          WNS(ns)      TNS(ns)  TNS Failing Endpoints  TNS Total Endpoints  
----------    ----------    --------          -------      -------  ---------------------  -------------------  


------------------------------------------------------------------------------------------------
| Timing Details
| --------------
------------------------------------------------------------------------------------------------


---------------------------------------------------------------------------------------------------
From Clock:  clk_fpga_0
  To Clock:  clk_fpga_0

Setup :         4182  Failing Endpoints,  Worst Slack      -75.292ns,  Total Violation   -10475.970ns
Hold  :           NA  Failing Endpoints,  Worst Slack           NA  ,  Total Violation           NA
PW    :            0  Failing Endpoints,  Worst Slack        1.116ns,  Total Violation        0.000ns
---------------------------------------------------------------------------------------------------


Max Delay Paths
--------------------------------------------------------------------------------------
Slack (VIOLATED) :        -75.292ns  (required time - arrival time)
  Source:                 system_i/dut0/inst/u9/w0_reg[1]/C
                            (rising edge-triggered cell FDRE clocked by clk_fpga_0  {rise@0.000ns fall@2.500ns period=5.000ns})
  Destination:            system_i/dut0/inst/u8/y_reg[3]/D
                            (rising edge-triggered cell FDRE clocked by clk_fpga_0  {rise@0.000ns fall@2.500ns period=5.000ns})
  Path Group:             clk_fpga_0
  Path Type:              Setup (Max at Slow Process Corner)
  Requirement:            5.000ns  (clk_fpga_0 rise@5.000ns - clk_fpga_0 rise@0.000ns)
  Data Path Delay:        80.094ns  (logic 23.398ns (29.213%)  route 56.696ns (70.787%))
  Logic Levels:           89  (CARRY4=35 LUT3=6 LUT4=15 LUT5=10 LUT6=22 MUXF7=1)
  Clock Path Skew:        -0.146ns (DCD - SCD + CPR)
    Destination Clock Delay (DCD):    2.719ns = ( 7.719 - 5.000 ) 
    Source Clock Delay      (SCD):    2.994ns
    Clock Pessimism Removal (CPR):    0.129ns
  Clock Uncertainty:      0.083ns  ((TSJ^2 + TIJ^2)^1/2 + DJ) / 2 + PE
    Total System Jitter     (TSJ):    0.071ns
    Total Input Jitter      (TIJ):    0.150ns
    Discrete Jitter          (DJ):    0.000ns
    Phase Error              (PE):    0.000ns

    Location             Delay type                Incr(ns)  Path(ns)    Netlist Resource(s)
  -------------------------------------------------------------------    -------------------
                         (clock clk_fpga_0 rise edge)
                                                      0.000     0.000 r  
    PS7_X0Y0             PS7                          0.000     0.000 r  system_i/ps7/inst/PS7_i/FCLKCLK[0]
                         net (fo=1, routed)           1.193     1.193    system_i/ps7/inst/FCLK_CLK_unbuffered[0]
    BUFGCTRL_X0Y16       BUFG (Prop_bufg_I_O)         0.101     1.294 r  system_i/ps7/inst/buffer_fclk_clk_0.FCLK_CLK_0_BUFG/O
                         net (fo=2812, routed)        1.700     2.994    system_i/dut0/inst/u9/clk
    SLICE_X28Y52         FDRE                                         r  system_i/dut0/inst/u9/w0_reg[1]/C
  -------------------------------------------------------------------    -------------------
    SLICE_X28Y52         FDRE (Prop_fdre_C_Q)         0.456     3.450 r  system_i/dut0/inst/u9/w0_reg[1]/Q
                         net (fo=25, routed)          0.959     4.409    system_i/dut0/inst/u9/w0[1]
    SLICE_X27Y51         LUT4 (Prop_lut4_I0_O)        0.124     4.533 r  system_i/dut0/inst/u9/y[7]_i_1676/O
                         net (fo=1, routed)           0.000     4.533    system_i/dut0/inst/u9/y[7]_i_1676_n_0
    SLICE_X27Y51         CARRY4 (Prop_carry4_S[0]_CO[3])
                                                      0.532     5.065 r  system_i/dut0/inst/u9/y_reg[7]_i_1541/CO[3]
                         net (fo=64, routed)          0.971     6.036    system_i/dut0/inst/u9/y_reg[7]_i_1541_n_0
    SLICE_X26Y51         LUT3 (Prop_lut3_I1_O)        0.124     6.160 r  system_i/dut0/inst/u9/y[7]_i_1785/O
                         net (fo=1, routed)           0.773     6.933    system_i/dut0/inst/u9/y[7]_i_1785_n_0
    SLICE_X26Y50         LUT6 (Prop_lut6_I1_O)        0.124     7.057 r  system_i/dut0/inst/u9/y[7]_i_1680/O
                         net (fo=1, routed)           0.628     7.685    system_i/dut0/inst/u9/y[7]_i_1680_n_0
    SLICE_X28Y50         CARRY4 (Prop_carry4_DI[0]_CO[3])
                                                      0.526     8.211 r  system_i/dut0/inst/u9/y_reg[7]_i_1542/CO[3]
                         net (fo=40, routed)          1.255     9.466    system_i/dut0/inst/u9/y_reg[7]_i_1542_n_0
    SLICE_X26Y53         LUT5 (Prop_lut5_I3_O)        0.124     9.590 f  system_i/dut0/inst/u9/y[7]_i_1777/O
                         net (fo=1, routed)           0.541    10.131    system_i/dut0/inst/u9/y[7]_i_1777_n_0
    SLICE_X26Y53         LUT6 (Prop_lut6_I5_O)        0.124    10.255 r  system_i/dut0/inst/u9/y[7]_i_1664/O
                         net (fo=1, routed)           0.483    10.737    system_i/dut0/inst/u9/y[7]_i_1664_n_0
    SLICE_X27Y53         CARRY4 (Prop_carry4_DI[0]_CO[3])
                                                      0.526    11.263 r  system_i/dut0/inst/u9/y_reg[7]_i_1540/CO[3]
                         net (fo=16, routed)          1.141    12.404    system_i/dut0/inst/u9/y_reg[7]_i_1540_n_0
    SLICE_X26Y57         LUT6 (Prop_lut6_I2_O)        0.124    12.528 r  system_i/dut0/inst/u9/y[3]_i_183/O
                         net (fo=4, routed)           0.656    13.184    system_i/dut0/inst/u9/y[3]_i_183_n_0
    SLICE_X27Y57         LUT6 (Prop_lut6_I0_O)        0.124    13.308 r  system_i/dut0/inst/u9/y[7]_i_1695/O
                         net (fo=1, routed)           0.331    13.639    system_i/dut0/inst/u9/y[7]_i_1695_n_0
    SLICE_X27Y56         CARRY4 (Prop_carry4_DI[1]_CO[3])
                                                      0.507    14.146 r  system_i/dut0/inst/u9/y_reg[7]_i_1552/CO[3]
                         net (fo=16, routed)          1.200    15.346    system_i/dut0/inst/u9/y_reg[7]_i_1552_n_0
    SLICE_X31Y59         LUT5 (Prop_lut5_I3_O)        0.124    15.470 r  system_i/dut0/inst/u9/y[7]_i_1575/O
                         net (fo=4, routed)           0.833    16.303    system_i/dut0/inst/u8/y_reg[7]_i_1576_5
    SLICE_X30Y59         LUT4 (Prop_lut4_I1_O)        0.124    16.427 r  system_i/dut0/inst/u8/y[7]_i_1721/O
                         net (fo=1, routed)           0.000    16.427    system_i/dut0/inst/u9/y[1]_i_184_0[3]
    SLICE_X30Y59         CARRY4 (Prop_carry4_S[3]_CO[3])
                                                      0.376    16.803 r  system_i/dut0/inst/u9/y_reg[7]_i_1576/CO[3]
                         net (fo=16, routed)          1.008    17.811    system_i/dut0/inst/u9/y_reg[7]_i_1576_n_0
    SLICE_X32Y59         LUT3 (Prop_lut3_I1_O)        0.124    17.935 r  system_i/dut0/inst/u9/y[1]_i_184/O
                         net (fo=6, routed)           0.911    18.846    system_i/dut0/inst/u8/y_reg[7]_i_1526_0
    SLICE_X31Y59         LUT6 (Prop_lut6_I0_O)        0.124    18.970 r  system_i/dut0/inst/u8/y[7]_i_1656/O
                         net (fo=1, routed)           0.748    19.718    system_i/dut0/inst/u8/y[7]_i_1656_n_0
    SLICE_X36Y59         CARRY4 (Prop_carry4_DI[0]_CO[3])
                                                      0.550    20.268 r  system_i/dut0/inst/u8/y_reg[7]_i_1526/CO[3]
                         net (fo=32, routed)          1.421    21.689    system_i/dut0/inst/u8/y_reg[7]_i_1526_n_0
    SLICE_X43Y65         LUT5 (Prop_lut5_I1_O)        0.124    21.813 r  system_i/dut0/inst/u8/y[5]_i_179/O
                         net (fo=10, routed)          1.496    23.310    system_i/dut0/inst/u8/w4_reg[5]_0
    SLICE_X43Y82         LUT4 (Prop_lut4_I0_O)        0.124    23.434 r  system_i/dut0/inst/u8/y[7]_i_1591/O
                         net (fo=1, routed)           0.000    23.434    system_i/dut0/inst/u9/y[7]_i_1621[2]
    SLICE_X43Y82         CARRY4 (Prop_carry4_S[2]_CO[3])
                                                      0.398    23.832 r  system_i/dut0/inst/u9/y_reg[7]_i_1404/CO[3]
                         net (fo=56, routed)          1.612    25.444    system_i/dut0/inst/u8/y_reg[7]_i_1474_0[0]
    SLICE_X44Y77         LUT6 (Prop_lut6_I1_O)        0.124    25.568 r  system_i/dut0/inst/u8/y[7]_i_1624/O
                         net (fo=1, routed)           0.526    26.094    system_i/dut0/inst/u8/y[7]_i_1624_n_0
    SLICE_X44Y78         CARRY4 (Prop_carry4_DI[0]_CO[3])
                                                      0.526    26.620 r  system_i/dut0/inst/u8/y_reg[7]_i_1474/CO[3]
                         net (fo=16, routed)          0.931    27.551    system_i/dut0/inst/u8/y_reg[7]_i_1474_n_0
    SLICE_X44Y80         LUT5 (Prop_lut5_I1_O)        0.124    27.675 r  system_i/dut0/inst/u8/y[3]_i_166/O
                         net (fo=7, routed)           1.061    28.737    system_i/dut0/inst/u8/y[3]_i_166_n_0
    SLICE_X48Y79         LUT4 (Prop_lut4_I0_O)        0.124    28.861 r  system_i/dut0/inst/u8/y[7]_i_1471/O
                         net (fo=1, routed)           0.000    28.861    system_i/dut0/inst/u8/y[7]_i_1471_n_0
    SLICE_X48Y79         CARRY4 (Prop_carry4_S[1]_CO[3])
                                                      0.550    29.411 r  system_i/dut0/inst/u8/y_reg[7]_i_1270/CO[3]
                         net (fo=36, routed)          0.799    30.209    system_i/dut0/inst/u8/y_reg[7]_i_1270_n_0
    SLICE_X48Y78         LUT3 (Prop_lut3_I1_O)        0.124    30.333 r  system_i/dut0/inst/u8/y[7]_i_1618/O
                         net (fo=2, routed)           0.963    31.296    system_i/dut0/inst/u8/y[7]_i_1618_n_0
    SLICE_X52Y78         LUT6 (Prop_lut6_I4_O)        0.124    31.420 r  system_i/dut0/inst/u8/y[7]_i_1458/O
                         net (fo=1, routed)           0.464    31.884    system_i/dut0/inst/u8/y[7]_i_1458_n_0
    SLICE_X50Y78         CARRY4 (Prop_carry4_DI[2]_CO[3])
                                                      0.404    32.288 r  system_i/dut0/inst/u8/y_reg[7]_i_1268/CO[3]
                         net (fo=16, routed)          1.215    33.502    system_i/dut0/inst/u8/y_reg[7]_i_1268_n_0
    SLICE_X50Y85         LUT5 (Prop_lut5_I3_O)        0.124    33.626 f  system_i/dut0/inst/u8/y[0]_i_147/O
                         net (fo=4, routed)           0.930    34.556    system_i/dut0/inst/u8/y[0]_i_147_n_0
    SLICE_X49Y89         LUT6 (Prop_lut6_I5_O)        0.124    34.680 r  system_i/dut0/inst/u8/y[7]_i_1287__0/O
                         net (fo=1, routed)           0.404    35.084    system_i/dut0/inst/u8/y[7]_i_1287__0_n_0
    SLICE_X48Y89         CARRY4 (Prop_carry4_DI[0]_CO[3])
                                                      0.526    35.610 r  system_i/dut0/inst/u8/y_reg[7]_i_1084/CO[3]
                         net (fo=16, routed)          1.011    36.621    system_i/dut0/inst/u8/y_reg[7]_i_1084_n_0
    SLICE_X48Y91         LUT5 (Prop_lut5_I3_O)        0.124    36.745 f  system_i/dut0/inst/u8/y[5]_i_156/O
                         net (fo=4, routed)           1.026    37.771    system_i/dut0/inst/u9/y_reg[7]_i_1128_4
    SLICE_X46Y94         LUT6 (Prop_lut6_I3_O)        0.124    37.895 r  system_i/dut0/inst/u9/y[7]_i_1338__0/O
                         net (fo=1, routed)           0.568    38.463    system_i/dut0/inst/u9/y[7]_i_1338__0_n_0
    SLICE_X47Y94         CARRY4 (Prop_carry4_DI[2]_CO[3])
                                                      0.398    38.861 r  system_i/dut0/inst/u9/y_reg[7]_i_1128/CO[3]
                         net (fo=16, routed)          1.017    39.878    system_i/dut0/inst/u9/y_reg[7]_i_1128_n_0
    SLICE_X49Y93         LUT5 (Prop_lut5_I1_O)        0.124    40.002 r  system_i/dut0/inst/u9/y[7]_i_888/O
                         net (fo=7, routed)           1.114    41.116    system_i/dut0/inst/u9/y[7]_i_1131_0
    SLICE_X50Y90         LUT4 (Prop_lut4_I0_O)        0.124    41.240 r  system_i/dut0/inst/u9/y[7]_i_1136/O
                         net (fo=1, routed)           0.000    41.240    system_i/dut0/inst/u9/y[7]_i_1136_n_0
    SLICE_X50Y90         CARRY4 (Prop_carry4_S[3]_CO[3])
                                                      0.376    41.616 r  system_i/dut0/inst/u9/y_reg[7]_i_889/CO[3]
                         net (fo=36, routed)          1.098    42.715    system_i/dut0/inst/u9/y[7]_i_1139_0[0]
    SLICE_X51Y90         LUT3 (Prop_lut3_I1_O)        0.124    42.839 r  system_i/dut0/inst/u9/y[7]_i_1333/O
                         net (fo=2, routed)           0.748    43.586    system_i/dut0/inst/u8/y_reg[7]_i_887_8
    SLICE_X50Y89         LUT6 (Prop_lut6_I4_O)        0.124    43.710 r  system_i/dut0/inst/u8/y[7]_i_1119/O
                         net (fo=1, routed)           0.521    44.231    system_i/dut0/inst/u8/y[7]_i_1119_n_0
    SLICE_X51Y89         CARRY4 (Prop_carry4_DI[3]_CO[3])
                                                      0.385    44.616 r  system_i/dut0/inst/u8/y_reg[7]_i_887/CO[3]
                         net (fo=16, routed)          0.966    45.582    system_i/dut0/inst/u8/y_reg[7]_i_887_n_0
    SLICE_X50Y92         LUT5 (Prop_lut5_I3_O)        0.124    45.706 f  system_i/dut0/inst/u8/y[7]_i_763/O
                         net (fo=4, routed)           0.911    46.617    system_i/dut0/inst/u9/y_reg[7]_i_764_6
    SLICE_X50Y95         LUT6 (Prop_lut6_I3_O)        0.124    46.741 r  system_i/dut0/inst/u9/y[7]_i_975__0/O
                         net (fo=1, routed)           0.612    47.353    system_i/dut0/inst/u9/y[7]_i_975__0_n_0
    SLICE_X48Y95         CARRY4 (Prop_carry4_DI[3]_CO[3])
                                                      0.385    47.738 r  system_i/dut0/inst/u9/y_reg[7]_i_764/CO[3]
                         net (fo=16, routed)          1.145    48.882    system_i/dut0/inst/u9/y_reg[7]_i_764_n_0
    SLICE_X48Y100        LUT5 (Prop_lut5_I3_O)        0.124    49.006 r  system_i/dut0/inst/u9/y[1]_i_93/O
                         net (fo=4, routed)           0.842    49.849    system_i/dut0/inst/u9/y[1]_i_93_n_0
    SLICE_X49Y101        LUT6 (Prop_lut6_I3_O)        0.124    49.973 r  system_i/dut0/inst/u9/y[7]_i_806/O
                         net (fo=1, routed)           0.000    49.973    system_i/dut0/inst/u9/y[7]_i_806_n_0
    SLICE_X49Y101        CARRY4 (Prop_carry4_S[0]_CO[3])
                                                      0.532    50.505 r  system_i/dut0/inst/u9/y_reg[7]_i_597/CO[3]
                         net (fo=16, routed)          0.881    51.386    system_i/dut0/inst/u9/y_reg[7]_i_597_n_0
    SLICE_X50Y102        LUT5 (Prop_lut5_I3_O)        0.124    51.510 r  system_i/dut0/inst/u9/y[7]_i_814/O
                         net (fo=4, routed)           0.843    52.353    system_i/dut0/inst/u9/y[7]_i_814_n_0
    SLICE_X50Y103        LUT4 (Prop_lut4_I2_O)        0.124    52.477 r  system_i/dut0/inst/u9/y[7]_i_606/O
                         net (fo=1, routed)           0.000    52.477    system_i/dut0/inst/u9/y[7]_i_606_n_0
    SLICE_X50Y103        CARRY4 (Prop_carry4_S[0]_CO[3])
                                                      0.513    52.990 r  system_i/dut0/inst/u9/y_reg[7]_i_391/CO[3]
                         net (fo=28, routed)          1.001    53.991    system_i/dut0/inst/u9/y_reg[7]_i_391_n_0
    SLICE_X54Y103        LUT3 (Prop_lut3_I1_O)        0.124    54.115 f  system_i/dut0/inst/u9/y[3]_i_140/O
                         net (fo=5, routed)           0.746    54.860    system_i/dut0/inst/u9/y[3]_i_140_n_0
    SLICE_X55Y106        LUT6 (Prop_lut6_I3_O)        0.124    54.984 r  system_i/dut0/inst/u9/y[7]_i_1236/O
                         net (fo=1, routed)           0.338    55.323    system_i/dut0/inst/u9/y[7]_i_1236_n_0
    SLICE_X56Y106        CARRY4 (Prop_carry4_DI[1]_CO[3])
                                                      0.507    55.830 r  system_i/dut0/inst/u9/y_reg[7]_i_1047/CO[3]
                         net (fo=24, routed)          1.341    57.170    system_i/dut0/inst/u9/y_reg[7]_i_1047_n_0
    SLICE_X59Y104        LUT3 (Prop_lut3_I1_O)        0.124    57.294 r  system_i/dut0/inst/u9/y[6]_i_125/O
                         net (fo=9, routed)           0.802    58.097    system_i/dut0/inst/u9/y[6]_i_125_n_0
    SLICE_X61Y104        LUT4 (Prop_lut4_I2_O)        0.124    58.221 r  system_i/dut0/inst/u9/y[7]_i_1251/O
                         net (fo=1, routed)           0.000    58.221    system_i/dut0/inst/u9/y[7]_i_1251_n_0
    SLICE_X61Y104        CARRY4 (Prop_carry4_S[3]_CO[3])
                                                      0.401    58.622 r  system_i/dut0/inst/u9/y_reg[7]_i_1058/CO[3]
                         net (fo=40, routed)          1.181    59.802    system_i/dut0/inst/u9/y_reg[7]_i_1058_n_0
    SLICE_X55Y104        LUT6 (Prop_lut6_I3_O)        0.124    59.926 r  system_i/dut0/inst/u9/y[7]_i_1597/O
                         net (fo=4, routed)           0.658    60.584    system_i/dut0/inst/u9/y[7]_i_1597_n_0
    SLICE_X56Y103        LUT4 (Prop_lut4_I1_O)        0.124    60.708 r  system_i/dut0/inst/u9/y[7]_i_1435/O
                         net (fo=1, routed)           0.000    60.708    system_i/dut0/inst/u9/y[7]_i_1435_n_0
    SLICE_X56Y103        CARRY4 (Prop_carry4_S[2]_CO[3])
                                                      0.398    61.106 r  system_i/dut0/inst/u9/y_reg[7]_i_1255/CO[3]
                         net (fo=1, routed)           0.000    61.106    system_i/dut0/inst/u9/y_reg[7]_i_1255_n_0
    SLICE_X56Y104        CARRY4 (Prop_carry4_CI_O[0])
                                                      0.222    61.328 r  system_i/dut0/inst/u9/y_reg[7]_i_1060/O[0]
                         net (fo=16, routed)          0.517    61.845    system_i/dut0/inst/u9/y_reg[7]_i_1060_n_7
    SLICE_X55Y103        LUT6 (Prop_lut6_I4_O)        0.299    62.144 r  system_i/dut0/inst/u9/y[3]_i_118/O
                         net (fo=1, routed)           0.000    62.144    system_i/dut0/inst/u9/y[3]_i_118_n_0
    SLICE_X55Y103        MUXF7 (Prop_muxf7_I0_O)      0.212    62.356 r  system_i/dut0/inst/u9/y_reg[3]_i_95/O
                         net (fo=4, routed)           1.102    63.459    system_i/dut0/inst/u9/y_reg[3]_i_95_n_0
    SLICE_X58Y101        LUT4 (Prop_lut4_I0_O)        0.327    63.786 r  system_i/dut0/inst/u9/y[7]_i_1050/O
                         net (fo=1, routed)           0.000    63.786    system_i/dut0/inst/u9/y[7]_i_1050_n_0
    SLICE_X58Y101        CARRY4 (Prop_carry4_DI[1]_CO[3])
                                                      0.454    64.240 r  system_i/dut0/inst/u9/y_reg[7]_i_848/CO[3]
                         net (fo=1, routed)           0.000    64.240    system_i/dut0/inst/u9/y_reg[7]_i_848_n_0
    SLICE_X58Y102        CARRY4 (Prop_carry4_CI_O[0])
                                                      0.219    64.459 r  system_i/dut0/inst/u9/y_reg[7]_i_641/O[0]
                         net (fo=12, routed)          0.787    65.246    system_i/dut0/inst/u9/y_reg[7]_i_641_n_7
    SLICE_X56Y100        LUT6 (Prop_lut6_I0_O)        0.295    65.541 r  system_i/dut0/inst/u9/y[0]_i_61/O
                         net (fo=5, routed)           0.764    66.305    system_i/dut0/inst/u9/y[0]_i_82_0
    SLICE_X60Y99         LUT4 (Prop_lut4_I3_O)        0.124    66.429 r  system_i/dut0/inst/u9/y[7]_i_847__0/O
                         net (fo=1, routed)           0.000    66.429    system_i/dut0/inst/u9/y[7]_i_847__0_n_0
    SLICE_X60Y99         CARRY4 (Prop_carry4_S[0]_CO[3])
                                                      0.532    66.961 r  system_i/dut0/inst/u9/y_reg[7]_i_640/CO[3]
                         net (fo=1, routed)           0.001    66.961    system_i/dut0/inst/u9/y_reg[7]_i_640_n_0
    SLICE_X60Y100        CARRY4 (Prop_carry4_CI_O[0])
                                                      0.222    67.183 r  system_i/dut0/inst/u9/y_reg[7]_i_423/O[0]
                         net (fo=12, routed)          1.183    68.367    system_i/dut0/inst/u9/y_reg[7]_i_423_n_7
    SLICE_X62Y99         LUT6 (Prop_lut6_I0_O)        0.299    68.666 r  system_i/dut0/inst/u9/y[3]_i_45/O
                         net (fo=5, routed)           0.799    69.464    system_i/dut0/inst/u8/y_reg[7]_i_427_1
    SLICE_X61Y99         LUT4 (Prop_lut4_I1_O)        0.124    69.588 r  system_i/dut0/inst/u8/y[7]_i_638/O
                         net (fo=1, routed)           0.000    69.588    system_i/dut0/inst/u9/S[1]
    SLICE_X61Y99         CARRY4 (Prop_carry4_S[1]_CO[3])
                                                      0.550    70.138 r  system_i/dut0/inst/u9/y_reg[7]_i_422/CO[3]
                         net (fo=1, routed)           0.001    70.139    system_i/dut0/inst/u9/y_reg[7]_i_422_n_0
    SLICE_X61Y100        CARRY4 (Prop_carry4_CI_O[0])
                                                      0.222    70.361 r  system_i/dut0/inst/u9/y_reg[7]_i_259/O[0]
                         net (fo=12, routed)          0.997    71.358    system_i/dut0/inst/u8/O[0]
    SLICE_X64Y101        LUT6 (Prop_lut6_I0_O)        0.299    71.657 r  system_i/dut0/inst/u8/y[2]_i_26/O
                         net (fo=3, routed)           0.846    72.503    system_i/dut0/inst/u8/y[2]_i_26_n_0
    SLICE_X65Y99         LUT4 (Prop_lut4_I2_O)        0.152    72.655 r  system_i/dut0/inst/u8/y[7]_i_416/O
                         net (fo=1, routed)           0.000    72.655    system_i/dut0/inst/u8/y[7]_i_416_n_0
    SLICE_X65Y99         CARRY4 (Prop_carry4_DI[1]_CO[3])
                                                      0.470    73.125 r  system_i/dut0/inst/u8/y_reg[7]_i_258/CO[3]
                         net (fo=1, routed)           0.001    73.126    system_i/dut0/inst/u8/y_reg[7]_i_258_n_0
    SLICE_X65Y100        CARRY4 (Prop_carry4_CI_O[0])
                                                      0.222    73.348 r  system_i/dut0/inst/u8/y_reg[7]_i_148/O[0]
                         net (fo=12, routed)          0.863    74.211    system_i/dut0/inst/u8/y_reg[7]_i_148_n_7
    SLICE_X66Y98         LUT6 (Prop_lut6_I0_O)        0.299    74.510 r  system_i/dut0/inst/u8/y[3]_i_16/O
                         net (fo=5, routed)           1.007    75.517    system_i/dut0/inst/u8/y[3]_i_16_n_0
    SLICE_X66Y96         LUT4 (Prop_lut4_I1_O)        0.124    75.641 r  system_i/dut0/inst/u8/y[7]_i_256/O
                         net (fo=1, routed)           0.000    75.641    system_i/dut0/inst/u8/y[7]_i_256_n_0
    SLICE_X66Y96         CARRY4 (Prop_carry4_S[1]_CO[3])
                                                      0.533    76.174 r  system_i/dut0/inst/u8/y_reg[7]_i_147/CO[3]
                         net (fo=1, routed)           0.000    76.174    system_i/dut0/inst/u8/y_reg[7]_i_147_n_0
    SLICE_X66Y97         CARRY4 (Prop_carry4_CI_O[0])
                                                      0.219    76.393 r  system_i/dut0/inst/u8/y_reg[7]_i_56/O[0]
                         net (fo=12, routed)          0.784    77.177    system_i/dut0/inst/u8/y_reg[7]_i_56_n_7
    SLICE_X64Y97         LUT6 (Prop_lut6_I0_O)        0.295    77.472 r  system_i/dut0/inst/u8/y[7]_i_217/O
                         net (fo=3, routed)           0.879    78.351    system_i/dut0/inst/u8/y[7]_i_217_n_0
    SLICE_X65Y94         LUT4 (Prop_lut4_I3_O)        0.124    78.475 r  system_i/dut0/inst/u8/y[7]_i_146/O
                         net (fo=1, routed)           0.000    78.475    system_i/dut0/inst/u8/y[7]_i_146_n_0
    SLICE_X65Y94         CARRY4 (Prop_carry4_S[0]_CO[3])
                                                      0.532    79.007 r  system_i/dut0/inst/u8/y_reg[7]_i_55/CO[3]
                         net (fo=1, routed)           0.000    79.007    system_i/dut0/inst/u8/y_reg[7]_i_55_n_0
    SLICE_X65Y95         CARRY4 (Prop_carry4_CI_O[0])
                                                      0.222    79.229 r  system_i/dut0/inst/u8/y_reg[7]_i_21/O[0]
                         net (fo=12, routed)          1.045    80.274    system_i/dut0/inst/u8/y_reg[7]_i_21_n_7
    SLICE_X63Y92         LUT6 (Prop_lut6_I0_O)        0.299    80.573 r  system_i/dut0/inst/u8/y[6]_i_3/O
                         net (fo=2, routed)           0.827    81.401    system_i/dut0/inst/u8/y[6]_i_3_n_0
    SLICE_X64Y92         LUT4 (Prop_lut4_I2_O)        0.149    81.550 r  system_i/dut0/inst/u8/y[7]_i_31/O
                         net (fo=1, routed)           0.000    81.550    system_i/dut0/inst/u8/y[7]_i_31_n_0
    SLICE_X64Y92         CARRY4 (Prop_carry4_DI[3]_CO[3])
                                                      0.353    81.903 r  system_i/dut0/inst/u8/y_reg[7]_i_9/CO[3]
                         net (fo=1, routed)           0.000    81.903    system_i/dut0/inst/u8/y_reg[7]_i_9_n_0
    SLICE_X64Y93         CARRY4 (Prop_carry4_CI_O[0])
                                                      0.222    82.125 r  system_i/dut0/inst/u8/y_reg[7]_i_3/O[0]
                         net (fo=8, routed)           0.664    82.789    system_i/dut0/inst/u8/y_reg[7]_i_3_n_7
    SLICE_X63Y93         LUT6 (Prop_lut6_I0_O)        0.299    83.088 r  system_i/dut0/inst/u8/y[3]_i_1/O
                         net (fo=1, routed)           0.000    83.088    system_i/dut0/inst/u8/s[3]
    SLICE_X63Y93         FDRE                                         r  system_i/dut0/inst/u8/y_reg[3]/D
  -------------------------------------------------------------------    -------------------

                         (clock clk_fpga_0 rise edge)
                                                      5.000     5.000 r  
    PS7_X0Y0             PS7                          0.000     5.000 r  system_i/ps7/inst/PS7_i/FCLKCLK[0]
                         net (fo=1, routed)           1.088     6.088    system_i/ps7/inst/FCLK_CLK_unbuffered[0]
    BUFGCTRL_X0Y16       BUFG (Prop_bufg_I_O)         0.091     6.179 r  system_i/ps7/inst/buffer_fclk_clk_0.FCLK_CLK_0_BUFG/O
                         net (fo=2812, routed)        1.540     7.719    system_i/dut0/inst/u8/clk
    SLICE_X63Y93         FDRE                                         r  system_i/dut0/inst/u8/y_reg[3]/C
                         clock pessimism              0.129     7.848    
                         clock uncertainty           -0.083     7.765    
    SLICE_X63Y93         FDRE (Setup_fdre_C_D)        0.031     7.796    system_i/dut0/inst/u8/y_reg[3]
  -------------------------------------------------------------------
                         required time                          7.796    
                         arrival time                         -83.088    
  -------------------------------------------------------------------
                         slack                                -75.292    

Slack (VIOLATED) :        -75.290ns  (required time - arrival time)
  Source:                 system_i/dut0/inst/u9/w0_reg[1]/C
                            (rising edge-triggered cell FDRE clocked by clk_fpga_0  {rise@0.000ns fall@2.500ns period=5.000ns})
  Destination:            system_i/dut0/inst/u8/y_reg[2]/D
                            (rising edge-triggered cell FDRE clocked by clk_fpga_0  {rise@0.000ns fall@2.500ns period=5.000ns})
  Path Group:             clk_fpga_0
  Path Type:              Setup (Max at Slow Process Corner)
  Requirement:            5.000ns  (clk_fpga_0 rise@5.000ns - clk_fpga_0 rise@0.000ns)
  Data Path Delay:        80.090ns  (logic 23.398ns (29.215%)  route 56.692ns (70.785%))
  Logic Levels:           89  (CARRY4=35 LUT3=6 LUT4=15 LUT5=10 LUT6=22 MUXF7=1)
  Clock Path Skew:        -0.146ns (DCD - SCD + CPR)
    Destination Clock Delay (DCD):    2.719ns = ( 7.719 - 5.000 ) 
    Source Clock Delay      (SCD):    2.994ns
    Clock Pessimism Removal (CPR):    0.129ns
  Clock Uncertainty:      0.083ns  ((TSJ^2 + TIJ^2)^1/2 + DJ) / 2 + PE
    Total System Jitter     (TSJ):    0.071ns
    Total Input Jitter      (TIJ):    0.150ns
    Discrete Jitter          (DJ):    0.000ns
    Phase Error              (PE):    0.000ns

    Location             Delay type                Incr(ns)  Path(ns)    Netlist Resource(s)
  -------------------------------------------------------------------    -------------------
                         (clock clk_fpga_0 rise edge)
                                                      0.000     0.000 r  
    PS7_X0Y0             PS7                          0.000     0.000 r  system_i/ps7/inst/PS7_i/FCLKCLK[0]
                         net (fo=1, routed)           1.193     1.193    system_i/ps7/inst/FCLK_CLK_unbuffered[0]
    BUFGCTRL_X0Y16       BUFG (Prop_bufg_I_O)         0.101     1.294 r  system_i/ps7/inst/buffer_fclk_clk_0.FCLK_CLK_0_BUFG/O
                         net (fo=2812, routed)        1.700     2.994    system_i/dut0/inst/u9/clk
    SLICE_X28Y52         FDRE                                         r  system_i/dut0/inst/u9/w0_reg[1]/C
  -------------------------------------------------------------------    -------------------
    SLICE_X28Y52         FDRE (Prop_fdre_C_Q)         0.456     3.450 r  system_i/dut0/inst/u9/w0_reg[1]/Q
                         net (fo=25, routed)          0.959     4.409    system_i/dut0/inst/u9/w0[1]
    SLICE_X27Y51         LUT4 (Prop_lut4_I0_O)        0.124     4.533 r  system_i/dut0/inst/u9/y[7]_i_1676/O
                         net (fo=1, routed)           0.000     4.533    system_i/dut0/inst/u9/y[7]_i_1676_n_0
    SLICE_X27Y51         CARRY4 (Prop_carry4_S[0]_CO[3])
                                                      0.532     5.065 r  system_i/dut0/inst/u9/y_reg[7]_i_1541/CO[3]
                         net (fo=64, routed)          0.971     6.036    system_i/dut0/inst/u9/y_reg[7]_i_1541_n_0
    SLICE_X26Y51         LUT3 (Prop_lut3_I1_O)        0.124     6.160 r  system_i/dut0/inst/u9/y[7]_i_1785/O
                         net (fo=1, routed)           0.773     6.933    system_i/dut0/inst/u9/y[7]_i_1785_n_0
    SLICE_X26Y50         LUT6 (Prop_lut6_I1_O)        0.124     7.057 r  system_i/dut0/inst/u9/y[7]_i_1680/O
                         net (fo=1, routed)           0.628     7.685    system_i/dut0/inst/u9/y[7]_i_1680_n_0
    SLICE_X28Y50         CARRY4 (Prop_carry4_DI[0]_CO[3])
                                                      0.526     8.211 r  system_i/dut0/inst/u9/y_reg[7]_i_1542/CO[3]
                         net (fo=40, routed)          1.255     9.466    system_i/dut0/inst/u9/y_reg[7]_i_1542_n_0
    SLICE_X26Y53         LUT5 (Prop_lut5_I3_O)        0.124     9.590 f  system_i/dut0/inst/u9/y[7]_i_1777/O
                         net (fo=1, routed)           0.541    10.131    system_i/dut0/inst/u9/y[7]_i_1777_n_0
    SLICE_X26Y53         LUT6 (Prop_lut6_I5_O)        0.124    10.255 r  system_i/dut0/inst/u9/y[7]_i_1664/O
                         net (fo=1, routed)           0.483    10.737    system_i/dut0/inst/u9/y[7]_i_1664_n_0
    SLICE_X27Y53         CARRY4 (Prop_carry4_DI[0]_CO[3])
                                                      0.526    11.263 r  system_i/dut0/inst/u9/y_reg[7]_i_1540/CO[3]
                         net (fo=16, routed)          1.141    12.404    system_i/dut0/inst/u9/y_reg[7]_i_1540_n_0
    SLICE_X26Y57         LUT6 (Prop_lut6_I2_O)        0.124    12.528 r  system_i/dut0/inst/u9/y[3]_i_183/O
                         net (fo=4, routed)           0.656    13.184    system_i/dut0/inst/u9/y[3]_i_183_n_0
    SLICE_X27Y57         LUT6 (Prop_lut6_I0_O)        0.124    13.308 r  system_i/dut0/inst/u9/y[7]_i_1695/O
                         net (fo=1, routed)           0.331    13.639    system_i/dut0/inst/u9/y[7]_i_1695_n_0
    SLICE_X27Y56         CARRY4 (Prop_carry4_DI[1]_CO[3])
                                                      0.507    14.146 r  system_i/dut0/inst/u9/y_reg[7]_i_1552/CO[3]
                         net (fo=16, routed)          1.200    15.346    system_i/dut0/inst/u9/y_reg[7]_i_1552_n_0
    SLICE_X31Y59         LUT5 (Prop_lut5_I3_O)        0.124    15.470 r  system_i/dut0/inst/u9/y[7]_i_1575/O
                         net (fo=4, routed)           0.833    16.303    system_i/dut0/inst/u8/y_reg[7]_i_1576_5
    SLICE_X30Y59         LUT4 (Prop_lut4_I1_O)        0.124    16.427 r  system_i/dut0/inst/u8/y[7]_i_1721/O
                         net (fo=1, routed)           0.000    16.427    system_i/dut0/inst/u9/y[1]_i_184_0[3]
    SLICE_X30Y59         CARRY4 (Prop_carry4_S[3]_CO[3])
                                                      0.376    16.803 r  system_i/dut0/inst/u9/y_reg[7]_i_1576/CO[3]
                         net (fo=16, routed)          1.008    17.811    system_i/dut0/inst/u9/y_reg[7]_i_1576_n_0
    SLICE_X32Y59         LUT3 (Prop_lut3_I1_O)        0.124    17.935 r  system_i/dut0/inst/u9/y[1]_i_184/O
                         net (fo=6, routed)           0.911    18.846    system_i/dut0/inst/u8/y_reg[7]_i_1526_0
    SLICE_X31Y59         LUT6 (Prop_lut6_I0_O)        0.124    18.970 r  system_i/dut0/inst/u8/y[7]_i_1656/O
                         net (fo=1, routed)           0.748    19.718    system_i/dut0/inst/u8/y[7]_i_1656_n_0
    SLICE_X36Y59         CARRY4 (Prop_carry4_DI[0]_CO[3])
                                                      0.550    20.268 r  system_i/dut0/inst/u8/y_reg[7]_i_1526/CO[3]
                         net (fo=32, routed)          1.421    21.689    system_i/dut0/inst/u8/y_reg[7]_i_1526_n_0
    SLICE_X43Y65         LUT5 (Prop_lut5_I1_O)        0.124    21.813 r  system_i/dut0/inst/u8/y[5]_i_179/O
                         net (fo=10, routed)          1.496    23.310    system_i/dut0/inst/u8/w4_reg[5]_0
    SLICE_X43Y82         LUT4 (Prop_lut4_I0_O)        0.124    23.434 r  system_i/dut0/inst/u8/y[7]_i_1591/O
                         net (fo=1, routed)           0.000    23.434    system_i/dut0/inst/u9/y[7]_i_1621[2]
    SLICE_X43Y82         CARRY4 (Prop_carry4_S[2]_CO[3])
                                                      0.398    23.832 r  system_i/dut0/inst/u9/y_reg[7]_i_1404/CO[3]
                         net (fo=56, routed)          1.612    25.444    system_i/dut0/inst/u8/y_reg[7]_i_1474_0[0]
    SLICE_X44Y77         LUT6 (Prop_lut6_I1_O)        0.124    25.568 r  system_i/dut0/inst/u8/y[7]_i_1624/O
                         net (fo=1, routed)           0.526    26.094    system_i/dut0/inst/u8/y[7]_i_1624_n_0
    SLICE_X44Y78         CARRY4 (Prop_carry4_DI[0]_CO[3])
                                                      0.526    26.620 r  system_i/dut0/inst/u8/y_reg[7]_i_1474/CO[3]
                         net (fo=16, routed)          0.931    27.551    system_i/dut0/inst/u8/y_reg[7]_i_1474_n_0
    SLICE_X44Y80         LUT5 (Prop_lut5_I1_O)        0.124    27.675 r  system_i/dut0/inst/u8/y[3]_i_166/O
                         net (fo=7, routed)           1.061    28.737    system_i/dut0/inst/u8/y[3]_i_166_n_0
    SLICE_X48Y79         LUT4 (Prop_lut4_I0_O)        0.124    28.861 r  system_i/dut0/inst/u8/y[7]_i_1471/O
                         net (fo=1, routed)           0.000    28.861    system_i/dut0/inst/u8/y[7]_i_1471_n_0
    SLICE_X48Y79         CARRY4 (Prop_carry4_S[1]_CO[3])
                                                      0.550    29.411 r  system_i/dut0/inst/u8/y_reg[7]_i_1270/CO[3]
                         net (fo=36, routed)          0.799    30.209    system_i/dut0/inst/u8/y_reg[7]_i_1270_n_0
    SLICE_X48Y78         LUT3 (Prop_lut3_I1_O)        0.124    30.333 r  system_i/dut0/inst/u8/y[7]_i_1618/O
                         net (fo=2, routed)           0.963    31.296    system_i/dut0/inst/u8/y[7]_i_1618_n_0
    SLICE_X52Y78         LUT6 (Prop_lut6_I4_O)        0.124    31.420 r  system_i/dut0/inst/u8/y[7]_i_1458/O
                         net (fo=1, routed)           0.464    31.884    system_i/dut0/inst/u8/y[7]_i_1458_n_0
    SLICE_X50Y78         CARRY4 (Prop_carry4_DI[2]_CO[3])
                                                      0.404    32.288 r  system_i/dut0/inst/u8/y_reg[7]_i_1268/CO[3]
                         net (fo=16, routed)          1.215    33.502    system_i/dut0/inst/u8/y_reg[7]_i_1268_n_0
    SLICE_X50Y85         LUT5 (Prop_lut5_I3_O)        0.124    33.626 f  system_i/dut0/inst/u8/y[0]_i_147/O
                         net (fo=4, routed)           0.930    34.556    system_i/dut0/inst/u8/y[0]_i_147_n_0
    SLICE_X49Y89         LUT6 (Prop_lut6_I5_O)        0.124    34.680 r  system_i/dut0/inst/u8/y[7]_i_1287__0/O
                         net (fo=1, routed)           0.404    35.084    system_i/dut0/inst/u8/y[7]_i_1287__0_n_0
    SLICE_X48Y89         CARRY4 (Prop_carry4_DI[0]_CO[3])
                                                      0.526    35.610 r  system_i/dut0/inst/u8/y_reg[7]_i_1084/CO[3]
                         net (fo=16, routed)          1.011    36.621    system_i/dut0/inst/u8/y_reg[7]_i_1084_n_0
    SLICE_X48Y91         LUT5 (Prop_lut5_I3_O)        0.124    36.745 f  system_i/dut0/inst/u8/y[5]_i_156/O
                         net (fo=4, routed)           1.026    37.771    system_i/dut0/inst/u9/y_reg[7]_i_1128_4
    SLICE_X46Y94         LUT6 (Prop_lut6_I3_O)        0.124    37.895 r  system_i/dut0/inst/u9/y[7]_i_1338__0/O
                         net (fo=1, routed)           0.568    38.463    system_i/dut0/inst/u9/y[7]_i_1338__0_n_0
    SLICE_X47Y94         CARRY4 (Prop_carry4_DI[2]_CO[3])
                                                      0.398    38.861 r  system_i/dut0/inst/u9/y_reg[7]_i_1128/CO[3]
                         net (fo=16, routed)          1.017    39.878    system_i/dut0/inst/u9/y_reg[7]_i_1128_n_0
    SLICE_X49Y93         LUT5 (Prop_lut5_I1_O)        0.124    40.002 r  system_i/dut0/inst/u9/y[7]_i_888/O
                         net (fo=7, routed)           1.114    41.116    system_i/dut0/inst/u9/y[7]_i_1131_0
    SLICE_X50Y90         LUT4 (Prop_lut4_I0_O)        0.124    41.240 r  system_i/dut0/inst/u9/y[7]_i_1136/O
                         net (fo=1, routed)           0.000    41.240    system_i/dut0/inst/u9/y[7]_i_1136_n_0
    SLICE_X50Y90         CARRY4 (Prop_carry4_S[3]_CO[3])
                                                      0.376    41.616 r  system_i/dut0/inst/u9/y_reg[7]_i_889/CO[3]
                         net (fo=36, routed)          1.098    42.715    system_i/dut0/inst/u9/y[7]_i_1139_0[0]
    SLICE_X51Y90         LUT3 (Prop_lut3_I1_O)        0.124    42.839 r  system_i/dut0/inst/u9/y[7]_i_1333/O
                         net (fo=2, routed)           0.748    43.586    system_i/dut0/inst/u8/y_reg[7]_i_887_8
    SLICE_X50Y89         LUT6 (Prop_lut6_I4_O)        0.124    43.710 r  system_i/dut0/inst/u8/y[7]_i_1119/O
                         net (fo=1, routed)           0.521    44.231    system_i/dut0/inst/u8/y[7]_i_1119_n_0
    SLICE_X51Y89         CARRY4 (Prop_carry4_DI[3]_CO[3])
                                                      0.385    44.616 r  system_i/dut0/inst/u8/y_reg[7]_i_887/CO[3]
                         net (fo=16, routed)          0.966    45.582    system_i/dut0/inst/u8/y_reg[7]_i_887_n_0
    SLICE_X50Y92         LUT5 (Prop_lut5_I3_O)        0.124    45.706 f  system_i/dut0/inst/u8/y[7]_i_763/O
                         net (fo=4, routed)           0.911    46.617    system_i/dut0/inst/u9/y_reg[7]_i_764_6
    SLICE_X50Y95         LUT6 (Prop_lut6_I3_O)        0.124    46.741 r  system_i/dut0/inst/u9/y[7]_i_975__0/O
                         net (fo=1, routed)           0.612    47.353    system_i/dut0/inst/u9/y[7]_i_975__0_n_0
    SLICE_X48Y95         CARRY4 (Prop_carry4_DI[3]_CO[3])
                                                      0.385    47.738 r  system_i/dut0/inst/u9/y_reg[7]_i_764/CO[3]
                         net (fo=16, routed)          1.145    48.882    system_i/dut0/inst/u9/y_reg[7]_i_764_n_0
    SLICE_X48Y100        LUT5 (Prop_lut5_I3_O)        0.124    49.006 r  system_i/dut0/inst/u9/y[1]_i_93/O
                         net (fo=4, routed)           0.842    49.849    system_i/dut0/inst/u9/y[1]_i_93_n_0
    SLICE_X49Y101        LUT6 (Prop_lut6_I3_O)        0.124    49.973 r  system_i/dut0/inst/u9/y[7]_i_806/O
                         net (fo=1, routed)           0.000    49.973    system_i/dut0/inst/u9/y[7]_i_806_n_0
    SLICE_X49Y101        CARRY4 (Prop_carry4_S[0]_CO[3])
                                                      0.532    50.505 r  system_i/dut0/inst/u9/y_reg[7]_i_597/CO[3]
                         net (fo=16, routed)          0.881    51.386    system_i/dut0/inst/u9/y_reg[7]_i_597_n_0
    SLICE_X50Y102        LUT5 (Prop_lut5_I3_O)        0.124    51.510 r  system_i/dut0/inst/u9/y[7]_i_814/O
                         net (fo=4, routed)           0.843    52.353    system_i/dut0/inst/u9/y[7]_i_814_n_0
    SLICE_X50Y103        LUT4 (Prop_lut4_I2_O)        0.124    52.477 r  system_i/dut0/inst/u9/y[7]_i_606/O
                         net (fo=1, routed)           0.000    52.477    system_i/dut0/inst/u9/y[7]_i_606_n_0
    SLICE_X50Y103        CARRY4 (Prop_carry4_S[0]_CO[3])
                                                      0.513    52.990 r  system_i/dut0/inst/u9/y_reg[7]_i_391/CO[3]
                         net (fo=28, routed)          1.001    53.991    system_i/dut0/inst/u9/y_reg[7]_i_391_n_0
    SLICE_X54Y103        LUT3 (Prop_lut3_I1_O)        0.124    54.115 f  system_i/dut0/inst/u9/y[3]_i_140/O
                         net (fo=5, routed)           0.746    54.860    system_i/dut0/inst/u9/y[3]_i_140_n_0
    SLICE_X55Y106        LUT6 (Prop_lut6_I3_O)        0.124    54.984 r  system_i/dut0/inst/u9/y[7]_i_1236/O
                         net (fo=1, routed)           0.338    55.323    system_i/dut0/inst/u9/y[7]_i_1236_n_0
    SLICE_X56Y106        CARRY4 (Prop_carry4_DI[1]_CO[3])
                                                      0.507    55.830 r  system_i/dut0/inst/u9/y_reg[7]_i_1047/CO[3]
                         net (fo=24, routed)          1.341    57.170    system_i/dut0/inst/u9/y_reg[7]_i_1047_n_0
    SLICE_X59Y104        LUT3 (Prop_lut3_I1_O)        0.124    57.294 r  system_i/dut0/inst/u9/y[6]_i_125/O
                         net (fo=9, routed)           0.802    58.097    system_i/dut0/inst/u9/y[6]_i_125_n_0
    SLICE_X61Y104        LUT4 (Prop_lut4_I2_O)        0.124    58.221 r  system_i/dut0/inst/u9/y[7]_i_1251/O
                         net (fo=1, routed)           0.000    58.221    system_i/dut0/inst/u9/y[7]_i_1251_n_0
    SLICE_X61Y104        CARRY4 (Prop_carry4_S[3]_CO[3])
                                                      0.401    58.622 r  system_i/dut0/inst/u9/y_reg[7]_i_1058/CO[3]
                         net (fo=40, routed)          1.181    59.802    system_i/dut0/inst/u9/y_reg[7]_i_1058_n_0
    SLICE_X55Y104        LUT6 (Prop_lut6_I3_O)        0.124    59.926 r  system_i/dut0/inst/u9/y[7]_i_1597/O
                         net (fo=4, routed)           0.658    60.584    system_i/dut0/inst/u9/y[7]_i_1597_n_0
    SLICE_X56Y103        LUT4 (Prop_lut4_I1_O)        0.124    60.708 r  system_i/dut0/inst/u9/y[7]_i_1435/O
                         net (fo=1, routed)           0.000    60.708    system_i/dut0/inst/u9/y[7]_i_1435_n_0
    SLICE_X56Y103        CARRY4 (Prop_carry4_S[2]_CO[3])
                                                      0.398    61.106 r  system_i/dut0/inst/u9/y_reg[7]_i_1255/CO[3]
                         net (fo=1, routed)           0.000    61.106    system_i/dut0/inst/u9/y_reg[7]_i_1255_n_0
    SLICE_X56Y104        CARRY4 (Prop_carry4_CI_O[0])
                                                      0.222    61.328 r  system_i/dut0/inst/u9/y_reg[7]_i_1060/O[0]
                         net (fo=16, routed)          0.517    61.845    system_i/dut0/inst/u9/y_reg[7]_i_1060_n_7
    SLICE_X55Y103        LUT6 (Prop_lut6_I4_O)        0.299    62.144 r  system_i/dut0/inst/u9/y[3]_i_118/O
                         net (fo=1, routed)           0.000    62.144    system_i/dut0/inst/u9/y[3]_i_118_n_0
    SLICE_X55Y103        MUXF7 (Prop_muxf7_I0_O)      0.212    62.356 r  system_i/dut0/inst/u9/y_reg[3]_i_95/O
                         net (fo=4, routed)           1.102    63.459    system_i/dut0/inst/u9/y_reg[3]_i_95_n_0
    SLICE_X58Y101        LUT4 (Prop_lut4_I0_O)        0.327    63.786 r  system_i/dut0/inst/u9/y[7]_i_1050/O
                         net (fo=1, routed)           0.000    63.786    system_i/dut0/inst/u9/y[7]_i_1050_n_0
    SLICE_X58Y101        CARRY4 (Prop_carry4_DI[1]_CO[3])
                                                      0.454    64.240 r  system_i/dut0/inst/u9/y_reg[7]_i_848/CO[3]
                         net (fo=1, routed)           0.000    64.240    system_i/dut0/inst/u9/y_reg[7]_i_848_n_0
    SLICE_X58Y102        CARRY4 (Prop_carry4_CI_O[0])
                                                      0.219    64.459 r  system_i/dut0/inst/u9/y_reg[7]_i_641/O[0]
                         net (fo=12, routed)          0.787    65.246    system_i/dut0/inst/u9/y_reg[7]_i_641_n_7
    SLICE_X56Y100        LUT6 (Prop_lut6_I0_O)        0.295    65.541 r  system_i/dut0/inst/u9/y[0]_i_61/O
                         net (fo=5, routed)           0.764    66.305    system_i/dut0/inst/u9/y[0]_i_82_0
    SLICE_X60Y99         LUT4 (Prop_lut4_I3_O)        0.124    66.429 r  system_i/dut0/inst/u9/y[7]_i_847__0/O
                         net (fo=1, routed)           0.000    66.429    system_i/dut0/inst/u9/y[7]_i_847__0_n_0
    SLICE_X60Y99         CARRY4 (Prop_carry4_S[0]_CO[3])
                                                      0.532    66.961 r  system_i/dut0/inst/u9/y_reg[7]_i_640/CO[3]
                         net (fo=1, routed)           0.001    66.961    system_i/dut0/inst/u9/y_reg[7]_i_640_n_0
    SLICE_X60Y100        CARRY4 (Prop_carry4_CI_O[0])
                                                      0.222    67.183 r  system_i/dut0/inst/u9/y_reg[7]_i_423/O[0]
                         net (fo=12, routed)          1.183    68.367    system_i/dut0/inst/u9/y_reg[7]_i_423_n_7
    SLICE_X62Y99         LUT6 (Prop_lut6_I0_O)        0.299    68.666 r  system_i/dut0/inst/u9/y[3]_i_45/O
                         net (fo=5, routed)           0.799    69.464    system_i/dut0/inst/u8/y_reg[7]_i_427_1
    SLICE_X61Y99         LUT4 (Prop_lut4_I1_O)        0.124    69.588 r  system_i/dut0/inst/u8/y[7]_i_638/O
                         net (fo=1, routed)           0.000    69.588    system_i/dut0/inst/u9/S[1]
    SLICE_X61Y99         CARRY4 (Prop_carry4_S[1]_CO[3])
                                                      0.550    70.138 r  system_i/dut0/inst/u9/y_reg[7]_i_422/CO[3]
                         net (fo=1, routed)           0.001    70.139    system_i/dut0/inst/u9/y_reg[7]_i_422_n_0
    SLICE_X61Y100        CARRY4 (Prop_carry4_CI_O[0])
                                                      0.222    70.361 r  system_i/dut0/inst/u9/y_reg[7]_i_259/O[0]
                         net (fo=12, routed)          0.997    71.358    system_i/dut0/inst/u8/O[0]
    SLICE_X64Y101        LUT6 (Prop_lut6_I0_O)        0.299    71.657 r  system_i/dut0/inst/u8/y[2]_i_26/O
                         net (fo=3, routed)           0.846    72.503    system_i/dut0/inst/u8/y[2]_i_26_n_0
    SLICE_X65Y99         LUT4 (Prop_lut4_I2_O)        0.152    72.655 r  system_i/dut0/inst/u8/y[7]_i_416/O
                         net (fo=1, routed)           0.000    72.655    system_i/dut0/inst/u8/y[7]_i_416_n_0
    SLICE_X65Y99         CARRY4 (Prop_carry4_DI[1]_CO[3])
                                                      0.470    73.125 r  system_i/dut0/inst/u8/y_reg[7]_i_258/CO[3]
                         net (fo=1, routed)           0.001    73.126    system_i/dut0/inst/u8/y_reg[7]_i_258_n_0
    SLICE_X65Y100        CARRY4 (Prop_carry4_CI_O[0])
                                                      0.222    73.348 r  system_i/dut0/inst/u8/y_reg[7]_i_148/O[0]
                         net (fo=12, routed)          0.863    74.211    system_i/dut0/inst/u8/y_reg[7]_i_148_n_7
    SLICE_X66Y98         LUT6 (Prop_lut6_I0_O)        0.299    74.510 r  system_i/dut0/inst/u8/y[3]_i_16/O
                         net (fo=5, routed)           1.007    75.517    system_i/dut0/inst/u8/y[3]_i_16_n_0
    SLICE_X66Y96         LUT4 (Prop_lut4_I1_O)        0.124    75.641 r  system_i/dut0/inst/u8/y[7]_i_256/O
                         net (fo=1, routed)           0.000    75.641    system_i/dut0/inst/u8/y[7]_i_256_n_0
    SLICE_X66Y96         CARRY4 (Prop_carry4_S[1]_CO[3])
                                                      0.533    76.174 r  system_i/dut0/inst/u8/y_reg[7]_i_147/CO[3]
                         net (fo=1, routed)           0.000    76.174    system_i/dut0/inst/u8/y_reg[7]_i_147_n_0
    SLICE_X66Y97         CARRY4 (Prop_carry4_CI_O[0])
                                                      0.219    76.393 r  system_i/dut0/inst/u8/y_reg[7]_i_56/O[0]
                         net (fo=12, routed)          0.784    77.177    system_i/dut0/inst/u8/y_reg[7]_i_56_n_7
    SLICE_X64Y97         LUT6 (Prop_lut6_I0_O)        0.295    77.472 r  system_i/dut0/inst/u8/y[7]_i_217/O
                         net (fo=3, routed)           0.879    78.351    system_i/dut0/inst/u8/y[7]_i_217_n_0
    SLICE_X65Y94         LUT4 (Prop_lut4_I3_O)        0.124    78.475 r  system_i/dut0/inst/u8/y[7]_i_146/O
                         net (fo=1, routed)           0.000    78.475    system_i/dut0/inst/u8/y[7]_i_146_n_0
    SLICE_X65Y94         CARRY4 (Prop_carry4_S[0]_CO[3])
                                                      0.532    79.007 r  system_i/dut0/inst/u8/y_reg[7]_i_55/CO[3]
                         net (fo=1, routed)           0.000    79.007    system_i/dut0/inst/u8/y_reg[7]_i_55_n_0
    SLICE_X65Y95         CARRY4 (Prop_carry4_CI_O[0])
                                                      0.222    79.229 r  system_i/dut0/inst/u8/y_reg[7]_i_21/O[0]
                         net (fo=12, routed)          1.045    80.274    system_i/dut0/inst/u8/y_reg[7]_i_21_n_7
    SLICE_X63Y92         LUT6 (Prop_lut6_I0_O)        0.299    80.573 r  system_i/dut0/inst/u8/y[6]_i_3/O
                         net (fo=2, routed)           0.827    81.401    system_i/dut0/inst/u8/y[6]_i_3_n_0
    SLICE_X64Y92         LUT4 (Prop_lut4_I2_O)        0.149    81.550 r  system_i/dut0/inst/u8/y[7]_i_31/O
                         net (fo=1, routed)           0.000    81.550    system_i/dut0/inst/u8/y[7]_i_31_n_0
    SLICE_X64Y92         CARRY4 (Prop_carry4_DI[3]_CO[3])
                                                      0.353    81.903 r  system_i/dut0/inst/u8/y_reg[7]_i_9/CO[3]
                         net (fo=1, routed)           0.000    81.903    system_i/dut0/inst/u8/y_reg[7]_i_9_n_0
    SLICE_X64Y93         CARRY4 (Prop_carry4_CI_O[0])
                                                      0.222    82.125 r  system_i/dut0/inst/u8/y_reg[7]_i_3/O[0]
                         net (fo=8, routed)           0.660    82.785    system_i/dut0/inst/u8/y_reg[7]_i_3_n_7
    SLICE_X63Y93         LUT6 (Prop_lut6_I0_O)        0.299    83.084 r  system_i/dut0/inst/u8/y[2]_i_1/O
                         net (fo=1, routed)           0.000    83.084    system_i/dut0/inst/u8/s[2]
    SLICE_X63Y93         FDRE                                         r  system_i/dut0/inst/u8/y_reg[2]/D
  -------------------------------------------------------------------    -------------------

                         (clock clk_fpga_0 rise edge)
                                                      5.000     5.000 r  
    PS7_X0Y0             PS7                          0.000     5.000 r  system_i/ps7/inst/PS7_i/FCLKCLK[0]
                         net (fo=1, routed)           1.088     6.088    system_i/ps7/inst/FCLK_CLK_unbuffered[0]
    BUFGCTRL_X0Y16       BUFG (Prop_bufg_I_O)         0.091     6.179 r  system_i/ps7/inst/buffer_fclk_clk_0.FCLK_CLK_0_BUFG/O
                         net (fo=2812, routed)        1.540     7.719    system_i/dut0/inst/u8/clk
    SLICE_X63Y93         FDRE                                         r  system_i/dut0/inst/u8/y_reg[2]/C
                         clock pessimism              0.129     7.848    
                         clock uncertainty           -0.083     7.765    
    SLICE_X63Y93         FDRE (Setup_fdre_C_D)        0.029     7.794    system_i/dut0/inst/u8/y_reg[2]
  -------------------------------------------------------------------
                         required time                          7.794    
                         arrival time                         -83.084    
  -------------------------------------------------------------------
                         slack                                -75.290    

Slack (VIOLATED) :        -75.241ns  (required time - arrival time)
  Source:                 system_i/dut0/inst/u9/w0_reg[1]/C
                            (rising edge-triggered cell FDRE clocked by clk_fpga_0  {rise@0.000ns fall@2.500ns period=5.000ns})
  Destination:            system_i/dut0/inst/u8/y_reg[1]/D
                            (rising edge-triggered cell FDRE clocked by clk_fpga_0  {rise@0.000ns fall@2.500ns period=5.000ns})
  Path Group:             clk_fpga_0
  Path Type:              Setup (Max at Slow Process Corner)
  Requirement:            5.000ns  (clk_fpga_0 rise@5.000ns - clk_fpga_0 rise@0.000ns)
  Data Path Delay:        80.090ns  (logic 23.398ns (29.215%)  route 56.692ns (70.785%))
  Logic Levels:           89  (CARRY4=35 LUT3=6 LUT4=15 LUT5=10 LUT6=22 MUXF7=1)
  Clock Path Skew:        -0.145ns (DCD - SCD + CPR)
    Destination Clock Delay (DCD):    2.720ns = ( 7.720 - 5.000 ) 
    Source Clock Delay      (SCD):    2.994ns
    Clock Pessimism Removal (CPR):    0.129ns
  Clock Uncertainty:      0.083ns  ((TSJ^2 + TIJ^2)^1/2 + DJ) / 2 + PE
    Total System Jitter     (TSJ):    0.071ns
    Total Input Jitter      (TIJ):    0.150ns
    Discrete Jitter          (DJ):    0.000ns
    Phase Error              (PE):    0.000ns

    Location             Delay type                Incr(ns)  Path(ns)    Netlist Resource(s)
  -------------------------------------------------------------------    -------------------
                         (clock clk_fpga_0 rise edge)
                                                      0.000     0.000 r  
    PS7_X0Y0             PS7                          0.000     0.000 r  system_i/ps7/inst/PS7_i/FCLKCLK[0]
                         net (fo=1, routed)           1.193     1.193    system_i/ps7/inst/FCLK_CLK_unbuffered[0]
    BUFGCTRL_X0Y16       BUFG (Prop_bufg_I_O)         0.101     1.294 r  system_i/ps7/inst/buffer_fclk_clk_0.FCLK_CLK_0_BUFG/O
                         net (fo=2812, routed)        1.700     2.994    system_i/dut0/inst/u9/clk
    SLICE_X28Y52         FDRE                                         r  system_i/dut0/inst/u9/w0_reg[1]/C
  -------------------------------------------------------------------    -------------------
    SLICE_X28Y52         FDRE (Prop_fdre_C_Q)         0.456     3.450 r  system_i/dut0/inst/u9/w0_reg[1]/Q
                         net (fo=25, routed)          0.959     4.409    system_i/dut0/inst/u9/w0[1]
    SLICE_X27Y51         LUT4 (Prop_lut4_I0_O)        0.124     4.533 r  system_i/dut0/inst/u9/y[7]_i_1676/O
                         net (fo=1, routed)           0.000     4.533    system_i/dut0/inst/u9/y[7]_i_1676_n_0
    SLICE_X27Y51         CARRY4 (Prop_carry4_S[0]_CO[3])
                                                      0.532     5.065 r  system_i/dut0/inst/u9/y_reg[7]_i_1541/CO[3]
                         net (fo=64, routed)          0.971     6.036    system_i/dut0/inst/u9/y_reg[7]_i_1541_n_0
    SLICE_X26Y51         LUT3 (Prop_lut3_I1_O)        0.124     6.160 r  system_i/dut0/inst/u9/y[7]_i_1785/O
                         net (fo=1, routed)           0.773     6.933    system_i/dut0/inst/u9/y[7]_i_1785_n_0
    SLICE_X26Y50         LUT6 (Prop_lut6_I1_O)        0.124     7.057 r  system_i/dut0/inst/u9/y[7]_i_1680/O
                         net (fo=1, routed)           0.628     7.685    system_i/dut0/inst/u9/y[7]_i_1680_n_0
    SLICE_X28Y50         CARRY4 (Prop_carry4_DI[0]_CO[3])
                                                      0.526     8.211 r  system_i/dut0/inst/u9/y_reg[7]_i_1542/CO[3]
                         net (fo=40, routed)          1.255     9.466    system_i/dut0/inst/u9/y_reg[7]_i_1542_n_0
    SLICE_X26Y53         LUT5 (Prop_lut5_I3_O)        0.124     9.590 f  system_i/dut0/inst/u9/y[7]_i_1777/O
                         net (fo=1, routed)           0.541    10.131    system_i/dut0/inst/u9/y[7]_i_1777_n_0
    SLICE_X26Y53         LUT6 (Prop_lut6_I5_O)        0.124    10.255 r  system_i/dut0/inst/u9/y[7]_i_1664/O
                         net (fo=1, routed)           0.483    10.737    system_i/dut0/inst/u9/y[7]_i_1664_n_0
    SLICE_X27Y53         CARRY4 (Prop_carry4_DI[0]_CO[3])
                                                      0.526    11.263 r  system_i/dut0/inst/u9/y_reg[7]_i_1540/CO[3]
                         net (fo=16, routed)          1.141    12.404    system_i/dut0/inst/u9/y_reg[7]_i_1540_n_0
    SLICE_X26Y57         LUT6 (Prop_lut6_I2_O)        0.124    12.528 r  system_i/dut0/inst/u9/y[3]_i_183/O
                         net (fo=4, routed)           0.656    13.184    system_i/dut0/inst/u9/y[3]_i_183_n_0
    SLICE_X27Y57         LUT6 (Prop_lut6_I0_O)        0.124    13.308 r  system_i/dut0/inst/u9/y[7]_i_1695/O
                         net (fo=1, routed)           0.331    13.639    system_i/dut0/inst/u9/y[7]_i_1695_n_0
    SLICE_X27Y56         CARRY4 (Prop_carry4_DI[1]_CO[3])
                                                      0.507    14.146 r  system_i/dut0/inst/u9/y_reg[7]_i_1552/CO[3]
                         net (fo=16, routed)          1.200    15.346    system_i/dut0/inst/u9/y_reg[7]_i_1552_n_0
    SLICE_X31Y59         LUT5 (Prop_lut5_I3_O)        0.124    15.470 r  system_i/dut0/inst/u9/y[7]_i_1575/O
                         net (fo=4, routed)           0.833    16.303    system_i/dut0/inst/u8/y_reg[7]_i_1576_5
    SLICE_X30Y59         LUT4 (Prop_lut4_I1_O)        0.124    16.427 r  system_i/dut0/inst/u8/y[7]_i_1721/O
                         net (fo=1, routed)           0.000    16.427    system_i/dut0/inst/u9/y[1]_i_184_0[3]
    SLICE_X30Y59         CARRY4 (Prop_carry4_S[3]_CO[3])
                                                      0.376    16.803 r  system_i/dut0/inst/u9/y_reg[7]_i_1576/CO[3]
                         net (fo=16, routed)          1.008    17.811    system_i/dut0/inst/u9/y_reg[7]_i_1576_n_0
    SLICE_X32Y59         LUT3 (Prop_lut3_I1_O)        0.124    17.935 r  system_i/dut0/inst/u9/y[1]_i_184/O
                         net (fo=6, routed)           0.911    18.846    system_i/dut0/inst/u8/y_reg[7]_i_1526_0
    SLICE_X31Y59         LUT6 (Prop_lut6_I0_O)        0.124    18.970 r  system_i/dut0/inst/u8/y[7]_i_1656/O
                         net (fo=1, routed)           0.748    19.718    system_i/dut0/inst/u8/y[7]_i_1656_n_0
    SLICE_X36Y59         CARRY4 (Prop_carry4_DI[0]_CO[3])
                                                      0.550    20.268 r  system_i/dut0/inst/u8/y_reg[7]_i_1526/CO[3]
                         net (fo=32, routed)          1.421    21.689    system_i/dut0/inst/u8/y_reg[7]_i_1526_n_0
    SLICE_X43Y65         LUT5 (Prop_lut5_I1_O)        0.124    21.813 r  system_i/dut0/inst/u8/y[5]_i_179/O
                         net (fo=10, routed)          1.496    23.310    system_i/dut0/inst/u8/w4_reg[5]_0
    SLICE_X43Y82         LUT4 (Prop_lut4_I0_O)        0.124    23.434 r  system_i/dut0/inst/u8/y[7]_i_1591/O
                         net (fo=1, routed)           0.000    23.434    system_i/dut0/inst/u9/y[7]_i_1621[2]
    SLICE_X43Y82         CARRY4 (Prop_carry4_S[2]_CO[3])
                                                      0.398    23.832 r  system_i/dut0/inst/u9/y_reg[7]_i_1404/CO[3]
                         net (fo=56, routed)          1.612    25.444    system_i/dut0/inst/u8/y_reg[7]_i_1474_0[0]
    SLICE_X44Y77         LUT6 (Prop_lut6_I1_O)        0.124    25.568 r  system_i/dut0/inst/u8/y[7]_i_1624/O
                         net (fo=1, routed)           0.526    26.094    system_i/dut0/inst/u8/y[7]_i_1624_n_0
    SLICE_X44Y78         CARRY4 (Prop_carry4_DI[0]_CO[3])
                                                      0.526    26.620 r  system_i/dut0/inst/u8/y_reg[7]_i_1474/CO[3]
                         net (fo=16, routed)          0.931    27.551    system_i/dut0/inst/u8/y_reg[7]_i_1474_n_0
    SLICE_X44Y80         LUT5 (Prop_lut5_I1_O)        0.124    27.675 r  system_i/dut0/inst/u8/y[3]_i_166/O
                         net (fo=7, routed)           1.061    28.737    system_i/dut0/inst/u8/y[3]_i_166_n_0
    SLICE_X48Y79         LUT4 (Prop_lut4_I0_O)        0.124    28.861 r  system_i/dut0/inst/u8/y[7]_i_1471/O
                         net (fo=1, routed)           0.000    28.861    system_i/dut0/inst/u8/y[7]_i_1471_n_0
    SLICE_X48Y79         CARRY4 (Prop_carry4_S[1]_CO[3])
                                                      0.550    29.411 r  system_i/dut0/inst/u8/y_reg[7]_i_1270/CO[3]
                         net (fo=36, routed)          0.799    30.209    system_i/dut0/inst/u8/y_reg[7]_i_1270_n_0
    SLICE_X48Y78         LUT3 (Prop_lut3_I1_O)        0.124    30.333 r  system_i/dut0/inst/u8/y[7]_i_1618/O
                         net (fo=2, routed)           0.963    31.296    system_i/dut0/inst/u8/y[7]_i_1618_n_0
    SLICE_X52Y78         LUT6 (Prop_lut6_I4_O)        0.124    31.420 r  system_i/dut0/inst/u8/y[7]_i_1458/O
                         net (fo=1, routed)           0.464    31.884    system_i/dut0/inst/u8/y[7]_i_1458_n_0
    SLICE_X50Y78         CARRY4 (Prop_carry4_DI[2]_CO[3])
                                                      0.404    32.288 r  system_i/dut0/inst/u8/y_reg[7]_i_1268/CO[3]
                         net (fo=16, routed)          1.215    33.502    system_i/dut0/inst/u8/y_reg[7]_i_1268_n_0
    SLICE_X50Y85         LUT5 (Prop_lut5_I3_O)        0.124    33.626 f  system_i/dut0/inst/u8/y[0]_i_147/O
                         net (fo=4, routed)           0.930    34.556    system_i/dut0/inst/u8/y[0]_i_147_n_0
    SLICE_X49Y89         LUT6 (Prop_lut6_I5_O)        0.124    34.680 r  system_i/dut0/inst/u8/y[7]_i_1287__0/O
                         net (fo=1, routed)           0.404    35.084    system_i/dut0/inst/u8/y[7]_i_1287__0_n_0
    SLICE_X48Y89         CARRY4 (Prop_carry4_DI[0]_CO[3])
                                                      0.526    35.610 r  system_i/dut0/inst/u8/y_reg[7]_i_1084/CO[3]
                         net (fo=16, routed)          1.011    36.621    system_i/dut0/inst/u8/y_reg[7]_i_1084_n_0
    SLICE_X48Y91         LUT5 (Prop_lut5_I3_O)        0.124    36.745 f  system_i/dut0/inst/u8/y[5]_i_156/O
                         net (fo=4, routed)           1.026    37.771    system_i/dut0/inst/u9/y_reg[7]_i_1128_4
    SLICE_X46Y94         LUT6 (Prop_lut6_I3_O)        0.124    37.895 r  system_i/dut0/inst/u9/y[7]_i_1338__0/O
                         net (fo=1, routed)           0.568    38.463    system_i/dut0/inst/u9/y[7]_i_1338__0_n_0
    SLICE_X47Y94         CARRY4 (Prop_carry4_DI[2]_CO[3])
                                                      0.398    38.861 r  system_i/dut0/inst/u9/y_reg[7]_i_1128/CO[3]
                         net (fo=16, routed)          1.017    39.878    system_i/dut0/inst/u9/y_reg[7]_i_1128_n_0
    SLICE_X49Y93         LUT5 (Prop_lut5_I1_O)        0.124    40.002 r  system_i/dut0/inst/u9/y[7]_i_888/O
                         net (fo=7, routed)           1.114    41.116    system_i/dut0/inst/u9/y[7]_i_1131_0
    SLICE_X50Y90         LUT4 (Prop_lut4_I0_O)        0.124    41.240 r  system_i/dut0/inst/u9/y[7]_i_1136/O
                         net (fo=1, routed)           0.000    41.240    system_i/dut0/inst/u9/y[7]_i_1136_n_0
    SLICE_X50Y90         CARRY4 (Prop_carry4_S[3]_CO[3])
                                                      0.376    41.616 r  system_i/dut0/inst/u9/y_reg[7]_i_889/CO[3]
                         net (fo=36, routed)          1.098    42.715    system_i/dut0/inst/u9/y[7]_i_1139_0[0]
    SLICE_X51Y90         LUT3 (Prop_lut3_I1_O)        0.124    42.839 r  system_i/dut0/inst/u9/y[7]_i_1333/O
                         net (fo=2, routed)           0.748    43.586    system_i/dut0/inst/u8/y_reg[7]_i_887_8
    SLICE_X50Y89         LUT6 (Prop_lut6_I4_O)        0.124    43.710 r  system_i/dut0/inst/u8/y[7]_i_1119/O
                         net (fo=1, routed)           0.521    44.231    system_i/dut0/inst/u8/y[7]_i_1119_n_0
    SLICE_X51Y89         CARRY4 (Prop_carry4_DI[3]_CO[3])
                                                      0.385    44.616 r  system_i/dut0/inst/u8/y_reg[7]_i_887/CO[3]
                         net (fo=16, routed)          0.966    45.582    system_i/dut0/inst/u8/y_reg[7]_i_887_n_0
    SLICE_X50Y92         LUT5 (Prop_lut5_I3_O)        0.124    45.706 f  system_i/dut0/inst/u8/y[7]_i_763/O
                         net (fo=4, routed)           0.911    46.617    system_i/dut0/inst/u9/y_reg[7]_i_764_6
    SLICE_X50Y95         LUT6 (Prop_lut6_I3_O)        0.124    46.741 r  system_i/dut0/inst/u9/y[7]_i_975__0/O
                         net (fo=1, routed)           0.612    47.353    system_i/dut0/inst/u9/y[7]_i_975__0_n_0
    SLICE_X48Y95         CARRY4 (Prop_carry4_DI[3]_CO[3])
                                                      0.385    47.738 r  system_i/dut0/inst/u9/y_reg[7]_i_764/CO[3]
                         net (fo=16, routed)          1.145    48.882    system_i/dut0/inst/u9/y_reg[7]_i_764_n_0
    SLICE_X48Y100        LUT5 (Prop_lut5_I3_O)        0.124    49.006 r  system_i/dut0/inst/u9/y[1]_i_93/O
                         net (fo=4, routed)           0.842    49.849    system_i/dut0/inst/u9/y[1]_i_93_n_0
    SLICE_X49Y101        LUT6 (Prop_lut6_I3_O)        0.124    49.973 r  system_i/dut0/inst/u9/y[7]_i_806/O
                         net (fo=1, routed)           0.000    49.973    system_i/dut0/inst/u9/y[7]_i_806_n_0
    SLICE_X49Y101        CARRY4 (Prop_carry4_S[0]_CO[3])
                                                      0.532    50.505 r  system_i/dut0/inst/u9/y_reg[7]_i_597/CO[3]
                         net (fo=16, routed)          0.881    51.386    system_i/dut0/inst/u9/y_reg[7]_i_597_n_0
    SLICE_X50Y102        LUT5 (Prop_lut5_I3_O)        0.124    51.510 r  system_i/dut0/inst/u9/y[7]_i_814/O
                         net (fo=4, routed)           0.843    52.353    system_i/dut0/inst/u9/y[7]_i_814_n_0
    SLICE_X50Y103        LUT4 (Prop_lut4_I2_O)        0.124    52.477 r  system_i/dut0/inst/u9/y[7]_i_606/O
                         net (fo=1, routed)           0.000    52.477    system_i/dut0/inst/u9/y[7]_i_606_n_0
    SLICE_X50Y103        CARRY4 (Prop_carry4_S[0]_CO[3])
                                                      0.513    52.990 r  system_i/dut0/inst/u9/y_reg[7]_i_391/CO[3]
                         net (fo=28, routed)          1.001    53.991    system_i/dut0/inst/u9/y_reg[7]_i_391_n_0
    SLICE_X54Y103        LUT3 (Prop_lut3_I1_O)        0.124    54.115 f  system_i/dut0/inst/u9/y[3]_i_140/O
                         net (fo=5, routed)           0.746    54.860    system_i/dut0/inst/u9/y[3]_i_140_n_0
    SLICE_X55Y106        LUT6 (Prop_lut6_I3_O)        0.124    54.984 r  system_i/dut0/inst/u9/y[7]_i_1236/O
                         net (fo=1, routed)           0.338    55.323    system_i/dut0/inst/u9/y[7]_i_1236_n_0
    SLICE_X56Y106        CARRY4 (Prop_carry4_DI[1]_CO[3])
                                                      0.507    55.830 r  system_i/dut0/inst/u9/y_reg[7]_i_1047/CO[3]
                         net (fo=24, routed)          1.341    57.170    system_i/dut0/inst/u9/y_reg[7]_i_1047_n_0
    SLICE_X59Y104        LUT3 (Prop_lut3_I1_O)        0.124    57.294 r  system_i/dut0/inst/u9/y[6]_i_125/O
                         net (fo=9, routed)           0.802    58.097    system_i/dut0/inst/u9/y[6]_i_125_n_0
    SLICE_X61Y104        LUT4 (Prop_lut4_I2_O)        0.124    58.221 r  system_i/dut0/inst/u9/y[7]_i_1251/O
                         net (fo=1, routed)           0.000    58.221    system_i/dut0/inst/u9/y[7]_i_1251_n_0
    SLICE_X61Y104        CARRY4 (Prop_carry4_S[3]_CO[3])
                                                      0.401    58.622 r  system_i/dut0/inst/u9/y_reg[7]_i_1058/CO[3]
                         net (fo=40, routed)          1.181    59.802    system_i/dut0/inst/u9/y_reg[7]_i_1058_n_0
    SLICE_X55Y104        LUT6 (Prop_lut6_I3_O)        0.124    59.926 r  system_i/dut0/inst/u9/y[7]_i_1597/O
                         net (fo=4, routed)           0.658    60.584    system_i/dut0/inst/u9/y[7]_i_1597_n_0
    SLICE_X56Y103        LUT4 (Prop_lut4_I1_O)        0.124    60.708 r  system_i/dut0/inst/u9/y[7]_i_1435/O
                         net (fo=1, routed)           0.000    60.708    system_i/dut0/inst/u9/y[7]_i_1435_n_0
    SLICE_X56Y103        CARRY4 (Prop_carry4_S[2]_CO[3])
                                                      0.398    61.106 r  system_i/dut0/inst/u9/y_reg[7]_i_1255/CO[3]
                         net (fo=1, routed)           0.000    61.106    system_i/dut0/inst/u9/y_reg[7]_i_1255_n_0
    SLICE_X56Y104        CARRY4 (Prop_carry4_CI_O[0])
                                                      0.222    61.328 r  system_i/dut0/inst/u9/y_reg[7]_i_1060/O[0]
                         net (fo=16, routed)          0.517    61.845    system_i/dut0/inst/u9/y_reg[7]_i_1060_n_7
    SLICE_X55Y103        LUT6 (Prop_lut6_I4_O)        0.299    62.144 r  system_i/dut0/inst/u9/y[3]_i_118/O
                         net (fo=1, routed)           0.000    62.144    system_i/dut0/inst/u9/y[3]_i_118_n_0
    SLICE_X55Y103        MUXF7 (Prop_muxf7_I0_O)      0.212    62.356 r  system_i/dut0/inst/u9/y_reg[3]_i_95/O
                         net (fo=4, routed)           1.102    63.459    system_i/dut0/inst/u9/y_reg[3]_i_95_n_0
    SLICE_X58Y101        LUT4 (Prop_lut4_I0_O)        0.327    63.786 r  system_i/dut0/inst/u9/y[7]_i_1050/O
                         net (fo=1, routed)           0.000    63.786    system_i/dut0/inst/u9/y[7]_i_1050_n_0
    SLICE_X58Y101        CARRY4 (Prop_carry4_DI[1]_CO[3])
                                                      0.454    64.240 r  system_i/dut0/inst/u9/y_reg[7]_i_848/CO[3]
                         net (fo=1, routed)           0.000    64.240    system_i/dut0/inst/u9/y_reg[7]_i_848_n_0
    SLICE_X58Y102        CARRY4 (Prop_carry4_CI_O[0])
                                                      0.219    64.459 r  system_i/dut0/inst/u9/y_reg[7]_i_641/O[0]
                         net (fo=12, routed)          0.787    65.246    system_i/dut0/inst/u9/y_reg[7]_i_641_n_7
    SLICE_X56Y100        LUT6 (Prop_lut6_I0_O)        0.295    65.541 r  system_i/dut0/inst/u9/y[0]_i_61/O
                         net (fo=5, routed)           0.764    66.305    system_i/dut0/inst/u9/y[0]_i_82_0
    SLICE_X60Y99         LUT4 (Prop_lut4_I3_O)        0.124    66.429 r  system_i/dut0/inst/u9/y[7]_i_847__0/O
                         net (fo=1, routed)           0.000    66.429    system_i/dut0/inst/u9/y[7]_i_847__0_n_0
    SLICE_X60Y99         CARRY4 (Prop_carry4_S[0]_CO[3])
                                                      0.532    66.961 r  system_i/dut0/inst/u9/y_reg[7]_i_640/CO[3]
                         net (fo=1, routed)           0.001    66.961    system_i/dut0/inst/u9/y_reg[7]_i_640_n_0
    SLICE_X60Y100        CARRY4 (Prop_carry4_CI_O[0])
                                                      0.222    67.183 r  system_i/dut0/inst/u9/y_reg[7]_i_423/O[0]
                         net (fo=12, routed)          1.183    68.367    system_i/dut0/inst/u9/y_reg[7]_i_423_n_7
    SLICE_X62Y99         LUT6 (Prop_lut6_I0_O)        0.299    68.666 r  system_i/dut0/inst/u9/y[3]_i_45/O
                         net (fo=5, routed)           0.799    69.464    system_i/dut0/inst/u8/y_reg[7]_i_427_1
    SLICE_X61Y99         LUT4 (Prop_lut4_I1_O)        0.124    69.588 r  system_i/dut0/inst/u8/y[7]_i_638/O
                         net (fo=1, routed)           0.000    69.588    system_i/dut0/inst/u9/S[1]
    SLICE_X61Y99         CARRY4 (Prop_carry4_S[1]_CO[3])
                                                      0.550    70.138 r  system_i/dut0/inst/u9/y_reg[7]_i_422/CO[3]
                         net (fo=1, routed)           0.001    70.139    system_i/dut0/inst/u9/y_reg[7]_i_422_n_0
    SLICE_X61Y100        CARRY4 (Prop_carry4_CI_O[0])
                                                      0.222    70.361 r  system_i/dut0/inst/u9/y_reg[7]_i_259/O[0]
                         net (fo=12, routed)          0.997    71.358    system_i/dut0/inst/u8/O[0]
    SLICE_X64Y101        LUT6 (Prop_lut6_I0_O)        0.299    71.657 r  system_i/dut0/inst/u8/y[2]_i_26/O
                         net (fo=3, routed)           0.846    72.503    system_i/dut0/inst/u8/y[2]_i_26_n_0
    SLICE_X65Y99         LUT4 (Prop_lut4_I2_O)        0.152    72.655 r  system_i/dut0/inst/u8/y[7]_i_416/O
                         net (fo=1, routed)           0.000    72.655    system_i/dut0/inst/u8/y[7]_i_416_n_0
    SLICE_X65Y99         CARRY4 (Prop_carry4_DI[1]_CO[3])
                                                      0.470    73.125 r  system_i/dut0/inst/u8/y_reg[7]_i_258/CO[3]
                         net (fo=1, routed)           0.001    73.126    system_i/dut0/inst/u8/y_reg[7]_i_258_n_0
    SLICE_X65Y100        CARRY4 (Prop_carry4_CI_O[0])
                                                      0.222    73.348 r  system_i/dut0/inst/u8/y_reg[7]_i_148/O[0]
                         net (fo=12, routed)          0.863    74.211    system_i/dut0/inst/u8/y_reg[7]_i_148_n_7
    SLICE_X66Y98         LUT6 (Prop_lut6_I0_O)        0.299    74.510 r  system_i/dut0/inst/u8/y[3]_i_16/O
                         net (fo=5, routed)           1.007    75.517    system_i/dut0/inst/u8/y[3]_i_16_n_0
    SLICE_X66Y96         LUT4 (Prop_lut4_I1_O)        0.124    75.641 r  system_i/dut0/inst/u8/y[7]_i_256/O
                         net (fo=1, routed)           0.000    75.641    system_i/dut0/inst/u8/y[7]_i_256_n_0
    SLICE_X66Y96         CARRY4 (Prop_carry4_S[1]_CO[3])
                                                      0.533    76.174 r  system_i/dut0/inst/u8/y_reg[7]_i_147/CO[3]
                         net (fo=1, routed)           0.000    76.174    system_i/dut0/inst/u8/y_reg[7]_i_147_n_0
    SLICE_X66Y97         CARRY4 (Prop_carry4_CI_O[0])
                                                      0.219    76.393 r  system_i/dut0/inst/u8/y_reg[7]_i_56/O[0]
                         net (fo=12, routed)          0.784    77.177    system_i/dut0/inst/u8/y_reg[7]_i_56_n_7
    SLICE_X64Y97         LUT6 (Prop_lut6_I0_O)        0.295    77.472 r  system_i/dut0/inst/u8/y[7]_i_217/O
                         net (fo=3, routed)           0.879    78.351    system_i/dut0/inst/u8/y[7]_i_217_n_0
    SLICE_X65Y94         LUT4 (Prop_lut4_I3_O)        0.124    78.475 r  system_i/dut0/inst/u8/y[7]_i_146/O
                         net (fo=1, routed)           0.000    78.475    system_i/dut0/inst/u8/y[7]_i_146_n_0
    SLICE_X65Y94         CARRY4 (Prop_carry4_S[0]_CO[3])
                                                      0.532    79.007 r  system_i/dut0/inst/u8/y_reg[7]_i_55/CO[3]
                         net (fo=1, routed)           0.000    79.007    system_i/dut0/inst/u8/y_reg[7]_i_55_n_0
    SLICE_X65Y95         CARRY4 (Prop_carry4_CI_O[0])
                                                      0.222    79.229 r  system_i/dut0/inst/u8/y_reg[7]_i_21/O[0]
                         net (fo=12, routed)          1.045    80.274    system_i/dut0/inst/u8/y_reg[7]_i_21_n_7
    SLICE_X63Y92         LUT6 (Prop_lut6_I0_O)        0.299    80.573 r  system_i/dut0/inst/u8/y[6]_i_3/O
                         net (fo=2, routed)           0.827    81.401    system_i/dut0/inst/u8/y[6]_i_3_n_0
    SLICE_X64Y92         LUT4 (Prop_lut4_I2_O)        0.149    81.550 r  system_i/dut0/inst/u8/y[7]_i_31/O
                         net (fo=1, routed)           0.000    81.550    system_i/dut0/inst/u8/y[7]_i_31_n_0
    SLICE_X64Y92         CARRY4 (Prop_carry4_DI[3]_CO[3])
                                                      0.353    81.903 r  system_i/dut0/inst/u8/y_reg[7]_i_9/CO[3]
                         net (fo=1, routed)           0.000    81.903    system_i/dut0/inst/u8/y_reg[7]_i_9_n_0
    SLICE_X64Y93         CARRY4 (Prop_carry4_CI_O[0])
                                                      0.222    82.125 r  system_i/dut0/inst/u8/y_reg[7]_i_3/O[0]
                         net (fo=8, routed)           0.660    82.785    system_i/dut0/inst/u8/y_reg[7]_i_3_n_7
    SLICE_X66Y93         LUT6 (Prop_lut6_I0_O)        0.299    83.084 r  system_i/dut0/inst/u8/y[1]_i_1/O
                         net (fo=1, routed)           0.000    83.084    system_i/dut0/inst/u8/s[1]
    SLICE_X66Y93         FDRE                                         r  system_i/dut0/inst/u8/y_reg[1]/D
  -------------------------------------------------------------------    -------------------

                         (clock clk_fpga_0 rise edge)
                                                      5.000     5.000 r  
    PS7_X0Y0             PS7                          0.000     5.000 r  system_i/ps7/inst/PS7_i/FCLKCLK[0]
                         net (fo=1, routed)           1.088     6.088    system_i/ps7/inst/FCLK_CLK_unbuffered[0]
    BUFGCTRL_X0Y16       BUFG (Prop_bufg_I_O)         0.091     6.179 r  system_i/ps7/inst/buffer_fclk_clk_0.FCLK_CLK_0_BUFG/O
                         net (fo=2812, routed)        1.541     7.720    system_i/dut0/inst/u8/clk
    SLICE_X66Y93         FDRE                                         r  system_i/dut0/inst/u8/y_reg[1]/C
                         clock pessimism              0.129     7.849    
                         clock uncertainty           -0.083     7.766    
    SLICE_X66Y93         FDRE (Setup_fdre_C_D)        0.077     7.843    system_i/dut0/inst/u8/y_reg[1]
  -------------------------------------------------------------------
                         required time                          7.843    
                         arrival time                         -83.084    
  -------------------------------------------------------------------
                         slack                                -75.241    

Slack (VIOLATED) :        -75.139ns  (required time - arrival time)
  Source:                 system_i/dut0/inst/u9/w0_reg[1]/C
                            (rising edge-triggered cell FDRE clocked by clk_fpga_0  {rise@0.000ns fall@2.500ns period=5.000ns})
  Destination:            system_i/dut0/inst/u8/y_reg[5]/D
                            (rising edge-triggered cell FDRE clocked by clk_fpga_0  {rise@0.000ns fall@2.500ns period=5.000ns})
  Path Group:             clk_fpga_0
  Path Type:              Setup (Max at Slow Process Corner)
  Requirement:            5.000ns  (clk_fpga_0 rise@5.000ns - clk_fpga_0 rise@0.000ns)
  Data Path Delay:        79.991ns  (logic 23.570ns (29.466%)  route 56.421ns (70.534%))
  Logic Levels:           89  (CARRY4=35 LUT3=6 LUT4=15 LUT5=10 LUT6=22 MUXF7=1)
  Clock Path Skew:        -0.145ns (DCD - SCD + CPR)
    Destination Clock Delay (DCD):    2.720ns = ( 7.720 - 5.000 ) 
    Source Clock Delay      (SCD):    2.994ns
    Clock Pessimism Removal (CPR):    0.129ns
  Clock Uncertainty:      0.083ns  ((TSJ^2 + TIJ^2)^1/2 + DJ) / 2 + PE
    Total System Jitter     (TSJ):    0.071ns
    Total Input Jitter      (TIJ):    0.150ns
    Discrete Jitter          (DJ):    0.000ns
    Phase Error              (PE):    0.000ns

    Location             Delay type                Incr(ns)  Path(ns)    Netlist Resource(s)
  -------------------------------------------------------------------    -------------------
                         (clock clk_fpga_0 rise edge)
                                                      0.000     0.000 r  
    PS7_X0Y0             PS7                          0.000     0.000 r  system_i/ps7/inst/PS7_i/FCLKCLK[0]
                         net (fo=1, routed)           1.193     1.193    system_i/ps7/inst/FCLK_CLK_unbuffered[0]
    BUFGCTRL_X0Y16       BUFG (Prop_bufg_I_O)         0.101     1.294 r  system_i/ps7/inst/buffer_fclk_clk_0.FCLK_CLK_0_BUFG/O
                         net (fo=2812, routed)        1.700     2.994    system_i/dut0/inst/u9/clk
    SLICE_X28Y52         FDRE                                         r  system_i/dut0/inst/u9/w0_reg[1]/C
  -------------------------------------------------------------------    -------------------
    SLICE_X28Y52         FDRE (Prop_fdre_C_Q)         0.456     3.450 r  system_i/dut0/inst/u9/w0_reg[1]/Q
                         net (fo=25, routed)          0.959     4.409    system_i/dut0/inst/u9/w0[1]
    SLICE_X27Y51         LUT4 (Prop_lut4_I0_O)        0.124     4.533 r  system_i/dut0/inst/u9/y[7]_i_1676/O
                         net (fo=1, routed)           0.000     4.533    system_i/dut0/inst/u9/y[7]_i_1676_n_0
    SLICE_X27Y51         CARRY4 (Prop_carry4_S[0]_CO[3])
                                                      0.532     5.065 r  system_i/dut0/inst/u9/y_reg[7]_i_1541/CO[3]
                         net (fo=64, routed)          0.971     6.036    system_i/dut0/inst/u9/y_reg[7]_i_1541_n_0
    SLICE_X26Y51         LUT3 (Prop_lut3_I1_O)        0.124     6.160 r  system_i/dut0/inst/u9/y[7]_i_1785/O
                         net (fo=1, routed)           0.773     6.933    system_i/dut0/inst/u9/y[7]_i_1785_n_0
    SLICE_X26Y50         LUT6 (Prop_lut6_I1_O)        0.124     7.057 r  system_i/dut0/inst/u9/y[7]_i_1680/O
                         net (fo=1, routed)           0.628     7.685    system_i/dut0/inst/u9/y[7]_i_1680_n_0
    SLICE_X28Y50         CARRY4 (Prop_carry4_DI[0]_CO[3])
                                                      0.526     8.211 r  system_i/dut0/inst/u9/y_reg[7]_i_1542/CO[3]
                         net (fo=40, routed)          1.255     9.466    system_i/dut0/inst/u9/y_reg[7]_i_1542_n_0
    SLICE_X26Y53         LUT5 (Prop_lut5_I3_O)        0.124     9.590 f  system_i/dut0/inst/u9/y[7]_i_1777/O
                         net (fo=1, routed)           0.541    10.131    system_i/dut0/inst/u9/y[7]_i_1777_n_0
    SLICE_X26Y53         LUT6 (Prop_lut6_I5_O)        0.124    10.255 r  system_i/dut0/inst/u9/y[7]_i_1664/O
                         net (fo=1, routed)           0.483    10.737    system_i/dut0/inst/u9/y[7]_i_1664_n_0
    SLICE_X27Y53         CARRY4 (Prop_carry4_DI[0]_CO[3])
                                                      0.526    11.263 r  system_i/dut0/inst/u9/y_reg[7]_i_1540/CO[3]
                         net (fo=16, routed)          1.141    12.404    system_i/dut0/inst/u9/y_reg[7]_i_1540_n_0
    SLICE_X26Y57         LUT6 (Prop_lut6_I2_O)        0.124    12.528 r  system_i/dut0/inst/u9/y[3]_i_183/O
                         net (fo=4, routed)           0.656    13.184    system_i/dut0/inst/u9/y[3]_i_183_n_0
    SLICE_X27Y57         LUT6 (Prop_lut6_I0_O)        0.124    13.308 r  system_i/dut0/inst/u9/y[7]_i_1695/O
                         net (fo=1, routed)           0.331    13.639    system_i/dut0/inst/u9/y[7]_i_1695_n_0
    SLICE_X27Y56         CARRY4 (Prop_carry4_DI[1]_CO[3])
                                                      0.507    14.146 r  system_i/dut0/inst/u9/y_reg[7]_i_1552/CO[3]
                         net (fo=16, routed)          1.200    15.346    system_i/dut0/inst/u9/y_reg[7]_i_1552_n_0
    SLICE_X31Y59         LUT5 (Prop_lut5_I3_O)        0.124    15.470 r  system_i/dut0/inst/u9/y[7]_i_1575/O
                         net (fo=4, routed)           0.833    16.303    system_i/dut0/inst/u8/y_reg[7]_i_1576_5
    SLICE_X30Y59         LUT4 (Prop_lut4_I1_O)        0.124    16.427 r  system_i/dut0/inst/u8/y[7]_i_1721/O
                         net (fo=1, routed)           0.000    16.427    system_i/dut0/inst/u9/y[1]_i_184_0[3]
    SLICE_X30Y59         CARRY4 (Prop_carry4_S[3]_CO[3])
                                                      0.376    16.803 r  system_i/dut0/inst/u9/y_reg[7]_i_1576/CO[3]
                         net (fo=16, routed)          1.008    17.811    system_i/dut0/inst/u9/y_reg[7]_i_1576_n_0
    SLICE_X32Y59         LUT3 (Prop_lut3_I1_O)        0.124    17.935 r  system_i/dut0/inst/u9/y[1]_i_184/O
                         net (fo=6, routed)           0.911    18.846    system_i/dut0/inst/u8/y_reg[7]_i_1526_0
    SLICE_X31Y59         LUT6 (Prop_lut6_I0_O)        0.124    18.970 r  system_i/dut0/inst/u8/y[7]_i_1656/O
                         net (fo=1, routed)           0.748    19.718    system_i/dut0/inst/u8/y[7]_i_1656_n_0
    SLICE_X36Y59         CARRY4 (Prop_carry4_DI[0]_CO[3])
                                                      0.550    20.268 r  system_i/dut0/inst/u8/y_reg[7]_i_1526/CO[3]
                         net (fo=32, routed)          1.421    21.689    system_i/dut0/inst/u8/y_reg[7]_i_1526_n_0
    SLICE_X43Y65         LUT5 (Prop_lut5_I1_O)        0.124    21.813 r  system_i/dut0/inst/u8/y[5]_i_179/O
                         net (fo=10, routed)          1.496    23.310    system_i/dut0/inst/u8/w4_reg[5]_0
    SLICE_X43Y82         LUT4 (Prop_lut4_I0_O)        0.124    23.434 r  system_i/dut0/inst/u8/y[7]_i_1591/O
                         net (fo=1, routed)           0.000    23.434    system_i/dut0/inst/u9/y[7]_i_1621[2]
    SLICE_X43Y82         CARRY4 (Prop_carry4_S[2]_CO[3])
                                                      0.398    23.832 r  system_i/dut0/inst/u9/y_reg[7]_i_1404/CO[3]
                         net (fo=56, routed)          1.612    25.444    system_i/dut0/inst/u8/y_reg[7]_i_1474_0[0]
    SLICE_X44Y77         LUT6 (Prop_lut6_I1_O)        0.124    25.568 r  system_i/dut0/inst/u8/y[7]_i_1624/O
                         net (fo=1, routed)           0.526    26.094    system_i/dut0/inst/u8/y[7]_i_1624_n_0
    SLICE_X44Y78         CARRY4 (Prop_carry4_DI[0]_CO[3])
                                                      0.526    26.620 r  system_i/dut0/inst/u8/y_reg[7]_i_1474/CO[3]
                         net (fo=16, routed)          0.931    27.551    system_i/dut0/inst/u8/y_reg[7]_i_1474_n_0
    SLICE_X44Y80         LUT5 (Prop_lut5_I1_O)        0.124    27.675 r  system_i/dut0/inst/u8/y[3]_i_166/O
                         net (fo=7, routed)           1.061    28.737    system_i/dut0/inst/u8/y[3]_i_166_n_0
    SLICE_X48Y79         LUT4 (Prop_lut4_I0_O)        0.124    28.861 r  system_i/dut0/inst/u8/y[7]_i_1471/O
                         net (fo=1, routed)           0.000    28.861    system_i/dut0/inst/u8/y[7]_i_1471_n_0
    SLICE_X48Y79         CARRY4 (Prop_carry4_S[1]_CO[3])
                                                      0.550    29.411 r  system_i/dut0/inst/u8/y_reg[7]_i_1270/CO[3]
                         net (fo=36, routed)          0.799    30.209    system_i/dut0/inst/u8/y_reg[7]_i_1270_n_0
    SLICE_X48Y78         LUT3 (Prop_lut3_I1_O)        0.124    30.333 r  system_i/dut0/inst/u8/y[7]_i_1618/O
                         net (fo=2, routed)           0.963    31.296    system_i/dut0/inst/u8/y[7]_i_1618_n_0
    SLICE_X52Y78         LUT6 (Prop_lut6_I4_O)        0.124    31.420 r  system_i/dut0/inst/u8/y[7]_i_1458/O
                         net (fo=1, routed)           0.464    31.884    system_i/dut0/inst/u8/y[7]_i_1458_n_0
    SLICE_X50Y78         CARRY4 (Prop_carry4_DI[2]_CO[3])
                                                      0.404    32.288 r  system_i/dut0/inst/u8/y_reg[7]_i_1268/CO[3]
                         net (fo=16, routed)          1.215    33.502    system_i/dut0/inst/u8/y_reg[7]_i_1268_n_0
    SLICE_X50Y85         LUT5 (Prop_lut5_I3_O)        0.124    33.626 f  system_i/dut0/inst/u8/y[0]_i_147/O
                         net (fo=4, routed)           0.930    34.556    system_i/dut0/inst/u8/y[0]_i_147_n_0
    SLICE_X49Y89         LUT6 (Prop_lut6_I5_O)        0.124    34.680 r  system_i/dut0/inst/u8/y[7]_i_1287__0/O
                         net (fo=1, routed)           0.404    35.084    system_i/dut0/inst/u8/y[7]_i_1287__0_n_0
    SLICE_X48Y89         CARRY4 (Prop_carry4_DI[0]_CO[3])
                                                      0.526    35.610 r  system_i/dut0/inst/u8/y_reg[7]_i_1084/CO[3]
                         net (fo=16, routed)          1.011    36.621    system_i/dut0/inst/u8/y_reg[7]_i_1084_n_0
    SLICE_X48Y91         LUT5 (Prop_lut5_I3_O)        0.124    36.745 f  system_i/dut0/inst/u8/y[5]_i_156/O
                         net (fo=4, routed)           1.026    37.771    system_i/dut0/inst/u9/y_reg[7]_i_1128_4
    SLICE_X46Y94         LUT6 (Prop_lut6_I3_O)        0.124    37.895 r  system_i/dut0/inst/u9/y[7]_i_1338__0/O
                         net (fo=1, routed)           0.568    38.463    system_i/dut0/inst/u9/y[7]_i_1338__0_n_0
    SLICE_X47Y94         CARRY4 (Prop_carry4_DI[2]_CO[3])
                                                      0.398    38.861 r  system_i/dut0/inst/u9/y_reg[7]_i_1128/CO[3]
                         net (fo=16, routed)          1.017    39.878    system_i/dut0/inst/u9/y_reg[7]_i_1128_n_0
    SLICE_X49Y93         LUT5 (Prop_lut5_I1_O)        0.124    40.002 r  system_i/dut0/inst/u9/y[7]_i_888/O
                         net (fo=7, routed)           1.114    41.116    system_i/dut0/inst/u9/y[7]_i_1131_0
    SLICE_X50Y90         LUT4 (Prop_lut4_I0_O)        0.124    41.240 r  system_i/dut0/inst/u9/y[7]_i_1136/O
                         net (fo=1, routed)           0.000    41.240    system_i/dut0/inst/u9/y[7]_i_1136_n_0
    SLICE_X50Y90         CARRY4 (Prop_carry4_S[3]_CO[3])
                                                      0.376    41.616 r  system_i/dut0/inst/u9/y_reg[7]_i_889/CO[3]
                         net (fo=36, routed)          1.098    42.715    system_i/dut0/inst/u9/y[7]_i_1139_0[0]
    SLICE_X51Y90         LUT3 (Prop_lut3_I1_O)        0.124    42.839 r  system_i/dut0/inst/u9/y[7]_i_1333/O
                         net (fo=2, routed)           0.748    43.586    system_i/dut0/inst/u8/y_reg[7]_i_887_8
    SLICE_X50Y89         LUT6 (Prop_lut6_I4_O)        0.124    43.710 r  system_i/dut0/inst/u8/y[7]_i_1119/O
                         net (fo=1, routed)           0.521    44.231    system_i/dut0/inst/u8/y[7]_i_1119_n_0
    SLICE_X51Y89         CARRY4 (Prop_carry4_DI[3]_CO[3])
                                                      0.385    44.616 r  system_i/dut0/inst/u8/y_reg[7]_i_887/CO[3]
                         net (fo=16, routed)          0.966    45.582    system_i/dut0/inst/u8/y_reg[7]_i_887_n_0
    SLICE_X50Y92         LUT5 (Prop_lut5_I3_O)        0.124    45.706 f  system_i/dut0/inst/u8/y[7]_i_763/O
                         net (fo=4, routed)           0.911    46.617    system_i/dut0/inst/u9/y_reg[7]_i_764_6
    SLICE_X50Y95         LUT6 (Prop_lut6_I3_O)        0.124    46.741 r  system_i/dut0/inst/u9/y[7]_i_975__0/O
                         net (fo=1, routed)           0.612    47.353    system_i/dut0/inst/u9/y[7]_i_975__0_n_0
    SLICE_X48Y95         CARRY4 (Prop_carry4_DI[3]_CO[3])
                                                      0.385    47.738 r  system_i/dut0/inst/u9/y_reg[7]_i_764/CO[3]
                         net (fo=16, routed)          1.145    48.882    system_i/dut0/inst/u9/y_reg[7]_i_764_n_0
    SLICE_X48Y100        LUT5 (Prop_lut5_I3_O)        0.124    49.006 r  system_i/dut0/inst/u9/y[1]_i_93/O
                         net (fo=4, routed)           0.842    49.849    system_i/dut0/inst/u9/y[1]_i_93_n_0
    SLICE_X49Y101        LUT6 (Prop_lut6_I3_O)        0.124    49.973 r  system_i/dut0/inst/u9/y[7]_i_806/O
                         net (fo=1, routed)           0.000    49.973    system_i/dut0/inst/u9/y[7]_i_806_n_0
    SLICE_X49Y101        CARRY4 (Prop_carry4_S[0]_CO[3])
                                                      0.532    50.505 r  system_i/dut0/inst/u9/y_reg[7]_i_597/CO[3]
                         net (fo=16, routed)          0.881    51.386    system_i/dut0/inst/u9/y_reg[7]_i_597_n_0
    SLICE_X50Y102        LUT5 (Prop_lut5_I3_O)        0.124    51.510 r  system_i/dut0/inst/u9/y[7]_i_814/O
                         net (fo=4, routed)           0.843    52.353    system_i/dut0/inst/u9/y[7]_i_814_n_0
    SLICE_X50Y103        LUT4 (Prop_lut4_I2_O)        0.124    52.477 r  system_i/dut0/inst/u9/y[7]_i_606/O
                         net (fo=1, routed)           0.000    52.477    system_i/dut0/inst/u9/y[7]_i_606_n_0
    SLICE_X50Y103        CARRY4 (Prop_carry4_S[0]_CO[3])
                                                      0.513    52.990 r  system_i/dut0/inst/u9/y_reg[7]_i_391/CO[3]
                         net (fo=28, routed)          1.001    53.991    system_i/dut0/inst/u9/y_reg[7]_i_391_n_0
    SLICE_X54Y103        LUT3 (Prop_lut3_I1_O)        0.124    54.115 f  system_i/dut0/inst/u9/y[3]_i_140/O
                         net (fo=5, routed)           0.746    54.860    system_i/dut0/inst/u9/y[3]_i_140_n_0
    SLICE_X55Y106        LUT6 (Prop_lut6_I3_O)        0.124    54.984 r  system_i/dut0/inst/u9/y[7]_i_1236/O
                         net (fo=1, routed)           0.338    55.323    system_i/dut0/inst/u9/y[7]_i_1236_n_0
    SLICE_X56Y106        CARRY4 (Prop_carry4_DI[1]_CO[3])
                                                      0.507    55.830 r  system_i/dut0/inst/u9/y_reg[7]_i_1047/CO[3]
                         net (fo=24, routed)          1.341    57.170    system_i/dut0/inst/u9/y_reg[7]_i_1047_n_0
    SLICE_X59Y104        LUT3 (Prop_lut3_I1_O)        0.124    57.294 r  system_i/dut0/inst/u9/y[6]_i_125/O
                         net (fo=9, routed)           0.802    58.097    system_i/dut0/inst/u9/y[6]_i_125_n_0
    SLICE_X61Y104        LUT4 (Prop_lut4_I2_O)        0.124    58.221 r  system_i/dut0/inst/u9/y[7]_i_1251/O
                         net (fo=1, routed)           0.000    58.221    system_i/dut0/inst/u9/y[7]_i_1251_n_0
    SLICE_X61Y104        CARRY4 (Prop_carry4_S[3]_CO[3])
                                                      0.401    58.622 r  system_i/dut0/inst/u9/y_reg[7]_i_1058/CO[3]
                         net (fo=40, routed)          1.181    59.802    system_i/dut0/inst/u9/y_reg[7]_i_1058_n_0
    SLICE_X55Y104        LUT6 (Prop_lut6_I3_O)        0.124    59.926 r  system_i/dut0/inst/u9/y[7]_i_1597/O
                         net (fo=4, routed)           0.658    60.584    system_i/dut0/inst/u9/y[7]_i_1597_n_0
    SLICE_X56Y103        LUT4 (Prop_lut4_I1_O)        0.124    60.708 r  system_i/dut0/inst/u9/y[7]_i_1435/O
                         net (fo=1, routed)           0.000    60.708    system_i/dut0/inst/u9/y[7]_i_1435_n_0
    SLICE_X56Y103        CARRY4 (Prop_carry4_S[2]_CO[3])
                                                      0.398    61.106 r  system_i/dut0/inst/u9/y_reg[7]_i_1255/CO[3]
                         net (fo=1, routed)           0.000    61.106    system_i/dut0/inst/u9/y_reg[7]_i_1255_n_0
    SLICE_X56Y104        CARRY4 (Prop_carry4_CI_O[0])
                                                      0.222    61.328 r  system_i/dut0/inst/u9/y_reg[7]_i_1060/O[0]
                         net (fo=16, routed)          0.517    61.845    system_i/dut0/inst/u9/y_reg[7]_i_1060_n_7
    SLICE_X55Y103        LUT6 (Prop_lut6_I4_O)        0.299    62.144 r  system_i/dut0/inst/u9/y[3]_i_118/O
                         net (fo=1, routed)           0.000    62.144    system_i/dut0/inst/u9/y[3]_i_118_n_0
    SLICE_X55Y103        MUXF7 (Prop_muxf7_I0_O)      0.212    62.356 r  system_i/dut0/inst/u9/y_reg[3]_i_95/O
                         net (fo=4, routed)           1.102    63.459    system_i/dut0/inst/u9/y_reg[3]_i_95_n_0
    SLICE_X58Y101        LUT4 (Prop_lut4_I0_O)        0.327    63.786 r  system_i/dut0/inst/u9/y[7]_i_1050/O
                         net (fo=1, routed)           0.000    63.786    system_i/dut0/inst/u9/y[7]_i_1050_n_0
    SLICE_X58Y101        CARRY4 (Prop_carry4_DI[1]_CO[3])
                                                      0.454    64.240 r  system_i/dut0/inst/u9/y_reg[7]_i_848/CO[3]
                         net (fo=1, routed)           0.000    64.240    system_i/dut0/inst/u9/y_reg[7]_i_848_n_0
    SLICE_X58Y102        CARRY4 (Prop_carry4_CI_O[0])
                                                      0.219    64.459 r  system_i/dut0/inst/u9/y_reg[7]_i_641/O[0]
                         net (fo=12, routed)          0.787    65.246    system_i/dut0/inst/u9/y_reg[7]_i_641_n_7
    SLICE_X56Y100        LUT6 (Prop_lut6_I0_O)        0.295    65.541 r  system_i/dut0/inst/u9/y[0]_i_61/O
                         net (fo=5, routed)           0.764    66.305    system_i/dut0/inst/u9/y[0]_i_82_0
    SLICE_X60Y99         LUT4 (Prop_lut4_I3_O)        0.124    66.429 r  system_i/dut0/inst/u9/y[7]_i_847__0/O
                         net (fo=1, routed)           0.000    66.429    system_i/dut0/inst/u9/y[7]_i_847__0_n_0
    SLICE_X60Y99         CARRY4 (Prop_carry4_S[0]_CO[3])
                                                      0.532    66.961 r  system_i/dut0/inst/u9/y_reg[7]_i_640/CO[3]
                         net (fo=1, routed)           0.001    66.961    system_i/dut0/inst/u9/y_reg[7]_i_640_n_0
    SLICE_X60Y100        CARRY4 (Prop_carry4_CI_O[0])
                                                      0.222    67.183 r  system_i/dut0/inst/u9/y_reg[7]_i_423/O[0]
                         net (fo=12, routed)          1.183    68.367    system_i/dut0/inst/u9/y_reg[7]_i_423_n_7
    SLICE_X62Y99         LUT6 (Prop_lut6_I0_O)        0.299    68.666 r  system_i/dut0/inst/u9/y[3]_i_45/O
                         net (fo=5, routed)           0.799    69.464    system_i/dut0/inst/u8/y_reg[7]_i_427_1
    SLICE_X61Y99         LUT4 (Prop_lut4_I1_O)        0.124    69.588 r  system_i/dut0/inst/u8/y[7]_i_638/O
                         net (fo=1, routed)           0.000    69.588    system_i/dut0/inst/u9/S[1]
    SLICE_X61Y99         CARRY4 (Prop_carry4_S[1]_CO[3])
                                                      0.550    70.138 r  system_i/dut0/inst/u9/y_reg[7]_i_422/CO[3]
                         net (fo=1, routed)           0.001    70.139    system_i/dut0/inst/u9/y_reg[7]_i_422_n_0
    SLICE_X61Y100        CARRY4 (Prop_carry4_CI_O[0])
                                                      0.222    70.361 r  system_i/dut0/inst/u9/y_reg[7]_i_259/O[0]
                         net (fo=12, routed)          0.997    71.358    system_i/dut0/inst/u8/O[0]
    SLICE_X64Y101        LUT6 (Prop_lut6_I0_O)        0.299    71.657 r  system_i/dut0/inst/u8/y[2]_i_26/O
                         net (fo=3, routed)           0.846    72.503    system_i/dut0/inst/u8/y[2]_i_26_n_0
    SLICE_X65Y99         LUT4 (Prop_lut4_I2_O)        0.152    72.655 r  system_i/dut0/inst/u8/y[7]_i_416/O
                         net (fo=1, routed)           0.000    72.655    system_i/dut0/inst/u8/y[7]_i_416_n_0
    SLICE_X65Y99         CARRY4 (Prop_carry4_DI[1]_CO[3])
                                                      0.470    73.125 r  system_i/dut0/inst/u8/y_reg[7]_i_258/CO[3]
                         net (fo=1, routed)           0.001    73.126    system_i/dut0/inst/u8/y_reg[7]_i_258_n_0
    SLICE_X65Y100        CARRY4 (Prop_carry4_CI_O[0])
                                                      0.222    73.348 r  system_i/dut0/inst/u8/y_reg[7]_i_148/O[0]
                         net (fo=12, routed)          0.863    74.211    system_i/dut0/inst/u8/y_reg[7]_i_148_n_7
    SLICE_X66Y98         LUT6 (Prop_lut6_I0_O)        0.299    74.510 r  system_i/dut0/inst/u8/y[3]_i_16/O
                         net (fo=5, routed)           1.007    75.517    system_i/dut0/inst/u8/y[3]_i_16_n_0
    SLICE_X66Y96         LUT4 (Prop_lut4_I1_O)        0.124    75.641 r  system_i/dut0/inst/u8/y[7]_i_256/O
                         net (fo=1, routed)           0.000    75.641    system_i/dut0/inst/u8/y[7]_i_256_n_0
    SLICE_X66Y96         CARRY4 (Prop_carry4_S[1]_CO[3])
                                                      0.533    76.174 r  system_i/dut0/inst/u8/y_reg[7]_i_147/CO[3]
                         net (fo=1, routed)           0.000    76.174    system_i/dut0/inst/u8/y_reg[7]_i_147_n_0
    SLICE_X66Y97         CARRY4 (Prop_carry4_CI_O[0])
                                                      0.219    76.393 r  system_i/dut0/inst/u8/y_reg[7]_i_56/O[0]
                         net (fo=12, routed)          0.784    77.177    system_i/dut0/inst/u8/y_reg[7]_i_56_n_7
    SLICE_X64Y97         LUT6 (Prop_lut6_I0_O)        0.295    77.472 r  system_i/dut0/inst/u8/y[7]_i_217/O
                         net (fo=3, routed)           0.879    78.351    system_i/dut0/inst/u8/y[7]_i_217_n_0
    SLICE_X65Y94         LUT4 (Prop_lut4_I3_O)        0.124    78.475 r  system_i/dut0/inst/u8/y[7]_i_146/O
                         net (fo=1, routed)           0.000    78.475    system_i/dut0/inst/u8/y[7]_i_146_n_0
    SLICE_X65Y94         CARRY4 (Prop_carry4_S[0]_CO[3])
                                                      0.532    79.007 r  system_i/dut0/inst/u8/y_reg[7]_i_55/CO[3]
                         net (fo=1, routed)           0.000    79.007    system_i/dut0/inst/u8/y_reg[7]_i_55_n_0
    SLICE_X65Y95         CARRY4 (Prop_carry4_CI_O[0])
                                                      0.222    79.229 r  system_i/dut0/inst/u8/y_reg[7]_i_21/O[0]
                         net (fo=12, routed)          0.812    80.040    system_i/dut0/inst/u8/y_reg[7]_i_21_n_7
    SLICE_X64Y94         LUT6 (Prop_lut6_I0_O)        0.299    80.339 r  system_i/dut0/inst/u8/y[3]_i_3/O
                         net (fo=5, routed)           0.830    81.169    system_i/dut0/inst/u8/y[3]_i_3_n_0
    SLICE_X65Y92         LUT4 (Prop_lut4_I1_O)        0.124    81.293 r  system_i/dut0/inst/u8/y[7]_i_66/O
                         net (fo=1, routed)           0.000    81.293    system_i/dut0/inst/u8/y[7]_i_66_n_0
    SLICE_X65Y92         CARRY4 (Prop_carry4_S[1]_CO[3])
                                                      0.550    81.843 r  system_i/dut0/inst/u8/y_reg[7]_i_24/CO[3]
                         net (fo=1, routed)           0.000    81.843    system_i/dut0/inst/u8/y_reg[7]_i_24_n_0
    SLICE_X65Y93         CARRY4 (Prop_carry4_CI_O[0])
                                                      0.222    82.065 r  system_i/dut0/inst/u8/y_reg[7]_i_7/O[0]
                         net (fo=8, routed)           0.621    82.686    system_i/dut0/inst/u8/y_reg[7]_i_7_n_7
    SLICE_X66Y93         LUT6 (Prop_lut6_I4_O)        0.299    82.985 r  system_i/dut0/inst/u8/y[5]_i_1/O
                         net (fo=1, routed)           0.000    82.985    system_i/dut0/inst/u8/s[5]
    SLICE_X66Y93         FDRE                                         r  system_i/dut0/inst/u8/y_reg[5]/D
  -------------------------------------------------------------------    -------------------

                         (clock clk_fpga_0 rise edge)
                                                      5.000     5.000 r  
    PS7_X0Y0             PS7                          0.000     5.000 r  system_i/ps7/inst/PS7_i/FCLKCLK[0]
                         net (fo=1, routed)           1.088     6.088    system_i/ps7/inst/FCLK_CLK_unbuffered[0]
    BUFGCTRL_X0Y16       BUFG (Prop_bufg_I_O)         0.091     6.179 r  system_i/ps7/inst/buffer_fclk_clk_0.FCLK_CLK_0_BUFG/O
                         net (fo=2812, routed)        1.541     7.720    system_i/dut0/inst/u8/clk
    SLICE_X66Y93         FDRE                                         r  system_i/dut0/inst/u8/y_reg[5]/C
                         clock pessimism              0.129     7.849    
                         clock uncertainty           -0.083     7.766    
    SLICE_X66Y93         FDRE (Setup_fdre_C_D)        0.081     7.847    system_i/dut0/inst/u8/y_reg[5]
  -------------------------------------------------------------------
                         required time                          7.847    
                         arrival time                         -82.985    
  -------------------------------------------------------------------
                         slack                                -75.139    

Slack (VIOLATED) :        -75.125ns  (required time - arrival time)
  Source:                 system_i/dut0/inst/u9/w0_reg[1]/C
                            (rising edge-triggered cell FDRE clocked by clk_fpga_0  {rise@0.000ns fall@2.500ns period=5.000ns})
  Destination:            system_i/dut0/inst/u8/y_reg[7]/D
                            (rising edge-triggered cell FDRE clocked by clk_fpga_0  {rise@0.000ns fall@2.500ns period=5.000ns})
  Path Group:             clk_fpga_0
  Path Type:              Setup (Max at Slow Process Corner)
  Requirement:            5.000ns  (clk_fpga_0 rise@5.000ns - clk_fpga_0 rise@0.000ns)
  Data Path Delay:        79.976ns  (logic 23.398ns (29.256%)  route 56.578ns (70.744%))
  Logic Levels:           89  (CARRY4=35 LUT3=6 LUT4=15 LUT5=10 LUT6=22 MUXF7=1)
  Clock Path Skew:        -0.145ns (DCD - SCD + CPR)
    Destination Clock Delay (DCD):    2.720ns = ( 7.720 - 5.000 ) 
    Source Clock Delay      (SCD):    2.994ns
    Clock Pessimism Removal (CPR):    0.129ns
  Clock Uncertainty:      0.083ns  ((TSJ^2 + TIJ^2)^1/2 + DJ) / 2 + PE
    Total System Jitter     (TSJ):    0.071ns
    Total Input Jitter      (TIJ):    0.150ns
    Discrete Jitter          (DJ):    0.000ns
    Phase Error              (PE):    0.000ns

    Location             Delay type                Incr(ns)  Path(ns)    Netlist Resource(s)
  -------------------------------------------------------------------    -------------------
                         (clock clk_fpga_0 rise edge)
                                                      0.000     0.000 r  
    PS7_X0Y0             PS7                          0.000     0.000 r  system_i/ps7/inst/PS7_i/FCLKCLK[0]
                         net (fo=1, routed)           1.193     1.193    system_i/ps7/inst/FCLK_CLK_unbuffered[0]
    BUFGCTRL_X0Y16       BUFG (Prop_bufg_I_O)         0.101     1.294 r  system_i/ps7/inst/buffer_fclk_clk_0.FCLK_CLK_0_BUFG/O
                         net (fo=2812, routed)        1.700     2.994    system_i/dut0/inst/u9/clk
    SLICE_X28Y52         FDRE                                         r  system_i/dut0/inst/u9/w0_reg[1]/C
  -------------------------------------------------------------------    -------------------
    SLICE_X28Y52         FDRE (Prop_fdre_C_Q)         0.456     3.450 r  system_i/dut0/inst/u9/w0_reg[1]/Q
                         net (fo=25, routed)          0.959     4.409    system_i/dut0/inst/u9/w0[1]
    SLICE_X27Y51         LUT4 (Prop_lut4_I0_O)        0.124     4.533 r  system_i/dut0/inst/u9/y[7]_i_1676/O
                         net (fo=1, routed)           0.000     4.533    system_i/dut0/inst/u9/y[7]_i_1676_n_0
    SLICE_X27Y51         CARRY4 (Prop_carry4_S[0]_CO[3])
                                                      0.532     5.065 r  system_i/dut0/inst/u9/y_reg[7]_i_1541/CO[3]
                         net (fo=64, routed)          0.971     6.036    system_i/dut0/inst/u9/y_reg[7]_i_1541_n_0
    SLICE_X26Y51         LUT3 (Prop_lut3_I1_O)        0.124     6.160 r  system_i/dut0/inst/u9/y[7]_i_1785/O
                         net (fo=1, routed)           0.773     6.933    system_i/dut0/inst/u9/y[7]_i_1785_n_0
    SLICE_X26Y50         LUT6 (Prop_lut6_I1_O)        0.124     7.057 r  system_i/dut0/inst/u9/y[7]_i_1680/O
                         net (fo=1, routed)           0.628     7.685    system_i/dut0/inst/u9/y[7]_i_1680_n_0
    SLICE_X28Y50         CARRY4 (Prop_carry4_DI[0]_CO[3])
                                                      0.526     8.211 r  system_i/dut0/inst/u9/y_reg[7]_i_1542/CO[3]
                         net (fo=40, routed)          1.255     9.466    system_i/dut0/inst/u9/y_reg[7]_i_1542_n_0
    SLICE_X26Y53         LUT5 (Prop_lut5_I3_O)        0.124     9.590 f  system_i/dut0/inst/u9/y[7]_i_1777/O
                         net (fo=1, routed)           0.541    10.131    system_i/dut0/inst/u9/y[7]_i_1777_n_0
    SLICE_X26Y53         LUT6 (Prop_lut6_I5_O)        0.124    10.255 r  system_i/dut0/inst/u9/y[7]_i_1664/O
                         net (fo=1, routed)           0.483    10.737    system_i/dut0/inst/u9/y[7]_i_1664_n_0
    SLICE_X27Y53         CARRY4 (Prop_carry4_DI[0]_CO[3])
                                                      0.526    11.263 r  system_i/dut0/inst/u9/y_reg[7]_i_1540/CO[3]
                         net (fo=16, routed)          1.141    12.404    system_i/dut0/inst/u9/y_reg[7]_i_1540_n_0
    SLICE_X26Y57         LUT6 (Prop_lut6_I2_O)        0.124    12.528 r  system_i/dut0/inst/u9/y[3]_i_183/O
                         net (fo=4, routed)           0.656    13.184    system_i/dut0/inst/u9/y[3]_i_183_n_0
    SLICE_X27Y57         LUT6 (Prop_lut6_I0_O)        0.124    13.308 r  system_i/dut0/inst/u9/y[7]_i_1695/O
                         net (fo=1, routed)           0.331    13.639    system_i/dut0/inst/u9/y[7]_i_1695_n_0
    SLICE_X27Y56         CARRY4 (Prop_carry4_DI[1]_CO[3])
                                                      0.507    14.146 r  system_i/dut0/inst/u9/y_reg[7]_i_1552/CO[3]
                         net (fo=16, routed)          1.200    15.346    system_i/dut0/inst/u9/y_reg[7]_i_1552_n_0
    SLICE_X31Y59         LUT5 (Prop_lut5_I3_O)        0.124    15.470 r  system_i/dut0/inst/u9/y[7]_i_1575/O
                         net (fo=4, routed)           0.833    16.303    system_i/dut0/inst/u8/y_reg[7]_i_1576_5
    SLICE_X30Y59         LUT4 (Prop_lut4_I1_O)        0.124    16.427 r  system_i/dut0/inst/u8/y[7]_i_1721/O
                         net (fo=1, routed)           0.000    16.427    system_i/dut0/inst/u9/y[1]_i_184_0[3]
    SLICE_X30Y59         CARRY4 (Prop_carry4_S[3]_CO[3])
                                                      0.376    16.803 r  system_i/dut0/inst/u9/y_reg[7]_i_1576/CO[3]
                         net (fo=16, routed)          1.008    17.811    system_i/dut0/inst/u9/y_reg[7]_i_1576_n_0
    SLICE_X32Y59         LUT3 (Prop_lut3_I1_O)        0.124    17.935 r  system_i/dut0/inst/u9/y[1]_i_184/O
                         net (fo=6, routed)           0.911    18.846    system_i/dut0/inst/u8/y_reg[7]_i_1526_0
    SLICE_X31Y59         LUT6 (Prop_lut6_I0_O)        0.124    18.970 r  system_i/dut0/inst/u8/y[7]_i_1656/O
                         net (fo=1, routed)           0.748    19.718    system_i/dut0/inst/u8/y[7]_i_1656_n_0
    SLICE_X36Y59         CARRY4 (Prop_carry4_DI[0]_CO[3])
                                                      0.550    20.268 r  system_i/dut0/inst/u8/y_reg[7]_i_1526/CO[3]
                         net (fo=32, routed)          1.421    21.689    system_i/dut0/inst/u8/y_reg[7]_i_1526_n_0
    SLICE_X43Y65         LUT5 (Prop_lut5_I1_O)        0.124    21.813 r  system_i/dut0/inst/u8/y[5]_i_179/O
                         net (fo=10, routed)          1.496    23.310    system_i/dut0/inst/u8/w4_reg[5]_0
    SLICE_X43Y82         LUT4 (Prop_lut4_I0_O)        0.124    23.434 r  system_i/dut0/inst/u8/y[7]_i_1591/O
                         net (fo=1, routed)           0.000    23.434    system_i/dut0/inst/u9/y[7]_i_1621[2]
    SLICE_X43Y82         CARRY4 (Prop_carry4_S[2]_CO[3])
                                                      0.398    23.832 r  system_i/dut0/inst/u9/y_reg[7]_i_1404/CO[3]
                         net (fo=56, routed)          1.612    25.444    system_i/dut0/inst/u8/y_reg[7]_i_1474_0[0]
    SLICE_X44Y77         LUT6 (Prop_lut6_I1_O)        0.124    25.568 r  system_i/dut0/inst/u8/y[7]_i_1624/O
                         net (fo=1, routed)           0.526    26.094    system_i/dut0/inst/u8/y[7]_i_1624_n_0
    SLICE_X44Y78         CARRY4 (Prop_carry4_DI[0]_CO[3])
                                                      0.526    26.620 r  system_i/dut0/inst/u8/y_reg[7]_i_1474/CO[3]
                         net (fo=16, routed)          0.931    27.551    system_i/dut0/inst/u8/y_reg[7]_i_1474_n_0
    SLICE_X44Y80         LUT5 (Prop_lut5_I1_O)        0.124    27.675 r  system_i/dut0/inst/u8/y[3]_i_166/O
                         net (fo=7, routed)           1.061    28.737    system_i/dut0/inst/u8/y[3]_i_166_n_0
    SLICE_X48Y79         LUT4 (Prop_lut4_I0_O)        0.124    28.861 r  system_i/dut0/inst/u8/y[7]_i_1471/O
                         net (fo=1, routed)           0.000    28.861    system_i/dut0/inst/u8/y[7]_i_1471_n_0
    SLICE_X48Y79         CARRY4 (Prop_carry4_S[1]_CO[3])
                                                      0.550    29.411 r  system_i/dut0/inst/u8/y_reg[7]_i_1270/CO[3]
                         net (fo=36, routed)          0.799    30.209    system_i/dut0/inst/u8/y_reg[7]_i_1270_n_0
    SLICE_X48Y78         LUT3 (Prop_lut3_I1_O)        0.124    30.333 r  system_i/dut0/inst/u8/y[7]_i_1618/O
                         net (fo=2, routed)           0.963    31.296    system_i/dut0/inst/u8/y[7]_i_1618_n_0
    SLICE_X52Y78         LUT6 (Prop_lut6_I4_O)        0.124    31.420 r  system_i/dut0/inst/u8/y[7]_i_1458/O
                         net (fo=1, routed)           0.464    31.884    system_i/dut0/inst/u8/y[7]_i_1458_n_0
    SLICE_X50Y78         CARRY4 (Prop_carry4_DI[2]_CO[3])
                                                      0.404    32.288 r  system_i/dut0/inst/u8/y_reg[7]_i_1268/CO[3]
                         net (fo=16, routed)          1.215    33.502    system_i/dut0/inst/u8/y_reg[7]_i_1268_n_0
    SLICE_X50Y85         LUT5 (Prop_lut5_I3_O)        0.124    33.626 f  system_i/dut0/inst/u8/y[0]_i_147/O
                         net (fo=4, routed)           0.930    34.556    system_i/dut0/inst/u8/y[0]_i_147_n_0
    SLICE_X49Y89         LUT6 (Prop_lut6_I5_O)        0.124    34.680 r  system_i/dut0/inst/u8/y[7]_i_1287__0/O
                         net (fo=1, routed)           0.404    35.084    system_i/dut0/inst/u8/y[7]_i_1287__0_n_0
    SLICE_X48Y89         CARRY4 (Prop_carry4_DI[0]_CO[3])
                                                      0.526    35.610 r  system_i/dut0/inst/u8/y_reg[7]_i_1084/CO[3]
                         net (fo=16, routed)          1.011    36.621    system_i/dut0/inst/u8/y_reg[7]_i_1084_n_0
    SLICE_X48Y91         LUT5 (Prop_lut5_I3_O)        0.124    36.745 f  system_i/dut0/inst/u8/y[5]_i_156/O
                         net (fo=4, routed)           1.026    37.771    system_i/dut0/inst/u9/y_reg[7]_i_1128_4
    SLICE_X46Y94         LUT6 (Prop_lut6_I3_O)        0.124    37.895 r  system_i/dut0/inst/u9/y[7]_i_1338__0/O
                         net (fo=1, routed)           0.568    38.463    system_i/dut0/inst/u9/y[7]_i_1338__0_n_0
    SLICE_X47Y94         CARRY4 (Prop_carry4_DI[2]_CO[3])
                                                      0.398    38.861 r  system_i/dut0/inst/u9/y_reg[7]_i_1128/CO[3]
                         net (fo=16, routed)          1.017    39.878    system_i/dut0/inst/u9/y_reg[7]_i_1128_n_0
    SLICE_X49Y93         LUT5 (Prop_lut5_I1_O)        0.124    40.002 r  system_i/dut0/inst/u9/y[7]_i_888/O
                         net (fo=7, routed)           1.114    41.116    system_i/dut0/inst/u9/y[7]_i_1131_0
    SLICE_X50Y90         LUT4 (Prop_lut4_I0_O)        0.124    41.240 r  system_i/dut0/inst/u9/y[7]_i_1136/O
                         net (fo=1, routed)           0.000    41.240    system_i/dut0/inst/u9/y[7]_i_1136_n_0
    SLICE_X50Y90         CARRY4 (Prop_carry4_S[3]_CO[3])
                                                      0.376    41.616 r  system_i/dut0/inst/u9/y_reg[7]_i_889/CO[3]
                         net (fo=36, routed)          1.098    42.715    system_i/dut0/inst/u9/y[7]_i_1139_0[0]
    SLICE_X51Y90         LUT3 (Prop_lut3_I1_O)        0.124    42.839 r  system_i/dut0/inst/u9/y[7]_i_1333/O
                         net (fo=2, routed)           0.748    43.586    system_i/dut0/inst/u8/y_reg[7]_i_887_8
    SLICE_X50Y89         LUT6 (Prop_lut6_I4_O)        0.124    43.710 r  system_i/dut0/inst/u8/y[7]_i_1119/O
                         net (fo=1, routed)           0.521    44.231    system_i/dut0/inst/u8/y[7]_i_1119_n_0
    SLICE_X51Y89         CARRY4 (Prop_carry4_DI[3]_CO[3])
                                                      0.385    44.616 r  system_i/dut0/inst/u8/y_reg[7]_i_887/CO[3]
                         net (fo=16, routed)          0.966    45.582    system_i/dut0/inst/u8/y_reg[7]_i_887_n_0
    SLICE_X50Y92         LUT5 (Prop_lut5_I3_O)        0.124    45.706 f  system_i/dut0/inst/u8/y[7]_i_763/O
                         net (fo=4, routed)           0.911    46.617    system_i/dut0/inst/u9/y_reg[7]_i_764_6
    SLICE_X50Y95         LUT6 (Prop_lut6_I3_O)        0.124    46.741 r  system_i/dut0/inst/u9/y[7]_i_975__0/O
                         net (fo=1, routed)           0.612    47.353    system_i/dut0/inst/u9/y[7]_i_975__0_n_0
    SLICE_X48Y95         CARRY4 (Prop_carry4_DI[3]_CO[3])
                                                      0.385    47.738 r  system_i/dut0/inst/u9/y_reg[7]_i_764/CO[3]
                         net (fo=16, routed)          1.145    48.882    system_i/dut0/inst/u9/y_reg[7]_i_764_n_0
    SLICE_X48Y100        LUT5 (Prop_lut5_I3_O)        0.124    49.006 r  system_i/dut0/inst/u9/y[1]_i_93/O
                         net (fo=4, routed)           0.842    49.849    system_i/dut0/inst/u9/y[1]_i_93_n_0
    SLICE_X49Y101        LUT6 (Prop_lut6_I3_O)        0.124    49.973 r  system_i/dut0/inst/u9/y[7]_i_806/O
                         net (fo=1, routed)           0.000    49.973    system_i/dut0/inst/u9/y[7]_i_806_n_0
    SLICE_X49Y101        CARRY4 (Prop_carry4_S[0]_CO[3])
                                                      0.532    50.505 r  system_i/dut0/inst/u9/y_reg[7]_i_597/CO[3]
                         net (fo=16, routed)          0.881    51.386    system_i/dut0/inst/u9/y_reg[7]_i_597_n_0
    SLICE_X50Y102        LUT5 (Prop_lut5_I3_O)        0.124    51.510 r  system_i/dut0/inst/u9/y[7]_i_814/O
                         net (fo=4, routed)           0.843    52.353    system_i/dut0/inst/u9/y[7]_i_814_n_0
    SLICE_X50Y103        LUT4 (Prop_lut4_I2_O)        0.124    52.477 r  system_i/dut0/inst/u9/y[7]_i_606/O
                         net (fo=1, routed)           0.000    52.477    system_i/dut0/inst/u9/y[7]_i_606_n_0
    SLICE_X50Y103        CARRY4 (Prop_carry4_S[0]_CO[3])
                                                      0.513    52.990 r  system_i/dut0/inst/u9/y_reg[7]_i_391/CO[3]
                         net (fo=28, routed)          1.001    53.991    system_i/dut0/inst/u9/y_reg[7]_i_391_n_0
    SLICE_X54Y103        LUT3 (Prop_lut3_I1_O)        0.124    54.115 f  system_i/dut0/inst/u9/y[3]_i_140/O
                         net (fo=5, routed)           0.746    54.860    system_i/dut0/inst/u9/y[3]_i_140_n_0
    SLICE_X55Y106        LUT6 (Prop_lut6_I3_O)        0.124    54.984 r  system_i/dut0/inst/u9/y[7]_i_1236/O
                         net (fo=1, routed)           0.338    55.323    system_i/dut0/inst/u9/y[7]_i_1236_n_0
    SLICE_X56Y106        CARRY4 (Prop_carry4_DI[1]_CO[3])
                                                      0.507    55.830 r  system_i/dut0/inst/u9/y_reg[7]_i_1047/CO[3]
                         net (fo=24, routed)          1.341    57.170    system_i/dut0/inst/u9/y_reg[7]_i_1047_n_0
    SLICE_X59Y104        LUT3 (Prop_lut3_I1_O)        0.124    57.294 r  system_i/dut0/inst/u9/y[6]_i_125/O
                         net (fo=9, routed)           0.802    58.097    system_i/dut0/inst/u9/y[6]_i_125_n_0
    SLICE_X61Y104        LUT4 (Prop_lut4_I2_O)        0.124    58.221 r  system_i/dut0/inst/u9/y[7]_i_1251/O
                         net (fo=1, routed)           0.000    58.221    system_i/dut0/inst/u9/y[7]_i_1251_n_0
    SLICE_X61Y104        CARRY4 (Prop_carry4_S[3]_CO[3])
                                                      0.401    58.622 r  system_i/dut0/inst/u9/y_reg[7]_i_1058/CO[3]
                         net (fo=40, routed)          1.181    59.802    system_i/dut0/inst/u9/y_reg[7]_i_1058_n_0
    SLICE_X55Y104        LUT6 (Prop_lut6_I3_O)        0.124    59.926 r  system_i/dut0/inst/u9/y[7]_i_1597/O
                         net (fo=4, routed)           0.658    60.584    system_i/dut0/inst/u9/y[7]_i_1597_n_0
    SLICE_X56Y103        LUT4 (Prop_lut4_I1_O)        0.124    60.708 r  system_i/dut0/inst/u9/y[7]_i_1435/O
                         net (fo=1, routed)           0.000    60.708    system_i/dut0/inst/u9/y[7]_i_1435_n_0
    SLICE_X56Y103        CARRY4 (Prop_carry4_S[2]_CO[3])
                                                      0.398    61.106 r  system_i/dut0/inst/u9/y_reg[7]_i_1255/CO[3]
                         net (fo=1, routed)           0.000    61.106    system_i/dut0/inst/u9/y_reg[7]_i_1255_n_0
    SLICE_X56Y104        CARRY4 (Prop_carry4_CI_O[0])
                                                      0.222    61.328 r  system_i/dut0/inst/u9/y_reg[7]_i_1060/O[0]
                         net (fo=16, routed)          0.517    61.845    system_i/dut0/inst/u9/y_reg[7]_i_1060_n_7
    SLICE_X55Y103        LUT6 (Prop_lut6_I4_O)        0.299    62.144 r  system_i/dut0/inst/u9/y[3]_i_118/O
                         net (fo=1, routed)           0.000    62.144    system_i/dut0/inst/u9/y[3]_i_118_n_0
    SLICE_X55Y103        MUXF7 (Prop_muxf7_I0_O)      0.212    62.356 r  system_i/dut0/inst/u9/y_reg[3]_i_95/O
                         net (fo=4, routed)           1.102    63.459    system_i/dut0/inst/u9/y_reg[3]_i_95_n_0
    SLICE_X58Y101        LUT4 (Prop_lut4_I0_O)        0.327    63.786 r  system_i/dut0/inst/u9/y[7]_i_1050/O
                         net (fo=1, routed)           0.000    63.786    system_i/dut0/inst/u9/y[7]_i_1050_n_0
    SLICE_X58Y101        CARRY4 (Prop_carry4_DI[1]_CO[3])
                                                      0.454    64.240 r  system_i/dut0/inst/u9/y_reg[7]_i_848/CO[3]
                         net (fo=1, routed)           0.000    64.240    system_i/dut0/inst/u9/y_reg[7]_i_848_n_0
    SLICE_X58Y102        CARRY4 (Prop_carry4_CI_O[0])
                                                      0.219    64.459 r  system_i/dut0/inst/u9/y_reg[7]_i_641/O[0]
                         net (fo=12, routed)          0.787    65.246    system_i/dut0/inst/u9/y_reg[7]_i_641_n_7
    SLICE_X56Y100        LUT6 (Prop_lut6_I0_O)        0.295    65.541 r  system_i/dut0/inst/u9/y[0]_i_61/O
                         net (fo=5, routed)           0.764    66.305    system_i/dut0/inst/u9/y[0]_i_82_0
    SLICE_X60Y99         LUT4 (Prop_lut4_I3_O)        0.124    66.429 r  system_i/dut0/inst/u9/y[7]_i_847__0/O
                         net (fo=1, routed)           0.000    66.429    system_i/dut0/inst/u9/y[7]_i_847__0_n_0
    SLICE_X60Y99         CARRY4 (Prop_carry4_S[0]_CO[3])
                                                      0.532    66.961 r  system_i/dut0/inst/u9/y_reg[7]_i_640/CO[3]
                         net (fo=1, routed)           0.001    66.961    system_i/dut0/inst/u9/y_reg[7]_i_640_n_0
    SLICE_X60Y100        CARRY4 (Prop_carry4_CI_O[0])
                                                      0.222    67.183 r  system_i/dut0/inst/u9/y_reg[7]_i_423/O[0]
                         net (fo=12, routed)          1.183    68.367    system_i/dut0/inst/u9/y_reg[7]_i_423_n_7
    SLICE_X62Y99         LUT6 (Prop_lut6_I0_O)        0.299    68.666 r  system_i/dut0/inst/u9/y[3]_i_45/O
                         net (fo=5, routed)           0.799    69.464    system_i/dut0/inst/u8/y_reg[7]_i_427_1
    SLICE_X61Y99         LUT4 (Prop_lut4_I1_O)        0.124    69.588 r  system_i/dut0/inst/u8/y[7]_i_638/O
                         net (fo=1, routed)           0.000    69.588    system_i/dut0/inst/u9/S[1]
    SLICE_X61Y99         CARRY4 (Prop_carry4_S[1]_CO[3])
                                                      0.550    70.138 r  system_i/dut0/inst/u9/y_reg[7]_i_422/CO[3]
                         net (fo=1, routed)           0.001    70.139    system_i/dut0/inst/u9/y_reg[7]_i_422_n_0
    SLICE_X61Y100        CARRY4 (Prop_carry4_CI_O[0])
                                                      0.222    70.361 r  system_i/dut0/inst/u9/y_reg[7]_i_259/O[0]
                         net (fo=12, routed)          0.997    71.358    system_i/dut0/inst/u8/O[0]
    SLICE_X64Y101        LUT6 (Prop_lut6_I0_O)        0.299    71.657 r  system_i/dut0/inst/u8/y[2]_i_26/O
                         net (fo=3, routed)           0.846    72.503    system_i/dut0/inst/u8/y[2]_i_26_n_0
    SLICE_X65Y99         LUT4 (Prop_lut4_I2_O)        0.152    72.655 r  system_i/dut0/inst/u8/y[7]_i_416/O
                         net (fo=1, routed)           0.000    72.655    system_i/dut0/inst/u8/y[7]_i_416_n_0
    SLICE_X65Y99         CARRY4 (Prop_carry4_DI[1]_CO[3])
                                                      0.470    73.125 r  system_i/dut0/inst/u8/y_reg[7]_i_258/CO[3]
                         net (fo=1, routed)           0.001    73.126    system_i/dut0/inst/u8/y_reg[7]_i_258_n_0
    SLICE_X65Y100        CARRY4 (Prop_carry4_CI_O[0])
                                                      0.222    73.348 r  system_i/dut0/inst/u8/y_reg[7]_i_148/O[0]
                         net (fo=12, routed)          0.863    74.211    system_i/dut0/inst/u8/y_reg[7]_i_148_n_7
    SLICE_X66Y98         LUT6 (Prop_lut6_I0_O)        0.299    74.510 r  system_i/dut0/inst/u8/y[3]_i_16/O
                         net (fo=5, routed)           1.007    75.517    system_i/dut0/inst/u8/y[3]_i_16_n_0
    SLICE_X66Y96         LUT4 (Prop_lut4_I1_O)        0.124    75.641 r  system_i/dut0/inst/u8/y[7]_i_256/O
                         net (fo=1, routed)           0.000    75.641    system_i/dut0/inst/u8/y[7]_i_256_n_0
    SLICE_X66Y96         CARRY4 (Prop_carry4_S[1]_CO[3])
                                                      0.533    76.174 r  system_i/dut0/inst/u8/y_reg[7]_i_147/CO[3]
                         net (fo=1, routed)           0.000    76.174    system_i/dut0/inst/u8/y_reg[7]_i_147_n_0
    SLICE_X66Y97         CARRY4 (Prop_carry4_CI_O[0])
                                                      0.219    76.393 r  system_i/dut0/inst/u8/y_reg[7]_i_56/O[0]
                         net (fo=12, routed)          0.784    77.177    system_i/dut0/inst/u8/y_reg[7]_i_56_n_7
    SLICE_X64Y97         LUT6 (Prop_lut6_I0_O)        0.295    77.472 r  system_i/dut0/inst/u8/y[7]_i_217/O
                         net (fo=3, routed)           0.879    78.351    system_i/dut0/inst/u8/y[7]_i_217_n_0
    SLICE_X65Y94         LUT4 (Prop_lut4_I3_O)        0.124    78.475 r  system_i/dut0/inst/u8/y[7]_i_146/O
                         net (fo=1, routed)           0.000    78.475    system_i/dut0/inst/u8/y[7]_i_146_n_0
    SLICE_X65Y94         CARRY4 (Prop_carry4_S[0]_CO[3])
                                                      0.532    79.007 r  system_i/dut0/inst/u8/y_reg[7]_i_55/CO[3]
                         net (fo=1, routed)           0.000    79.007    system_i/dut0/inst/u8/y_reg[7]_i_55_n_0
    SLICE_X65Y95         CARRY4 (Prop_carry4_CI_O[0])
                                                      0.222    79.229 r  system_i/dut0/inst/u8/y_reg[7]_i_21/O[0]
                         net (fo=12, routed)          1.045    80.274    system_i/dut0/inst/u8/y_reg[7]_i_21_n_7
    SLICE_X63Y92         LUT6 (Prop_lut6_I0_O)        0.299    80.573 r  system_i/dut0/inst/u8/y[6]_i_3/O
                         net (fo=2, routed)           0.827    81.401    system_i/dut0/inst/u8/y[6]_i_3_n_0
    SLICE_X64Y92         LUT4 (Prop_lut4_I2_O)        0.149    81.550 r  system_i/dut0/inst/u8/y[7]_i_31/O
                         net (fo=1, routed)           0.000    81.550    system_i/dut0/inst/u8/y[7]_i_31_n_0
    SLICE_X64Y92         CARRY4 (Prop_carry4_DI[3]_CO[3])
                                                      0.353    81.903 r  system_i/dut0/inst/u8/y_reg[7]_i_9/CO[3]
                         net (fo=1, routed)           0.000    81.903    system_i/dut0/inst/u8/y_reg[7]_i_9_n_0
    SLICE_X64Y93         CARRY4 (Prop_carry4_CI_O[0])
                                                      0.222    82.125 r  system_i/dut0/inst/u8/y_reg[7]_i_3/O[0]
                         net (fo=8, routed)           0.546    82.671    system_i/dut0/inst/u8/y_reg[7]_i_3_n_7
    SLICE_X66Y93         LUT6 (Prop_lut6_I0_O)        0.299    82.970 r  system_i/dut0/inst/u8/y[7]_i_2/O
                         net (fo=1, routed)           0.000    82.970    system_i/dut0/inst/u8/s[7]
    SLICE_X66Y93         FDRE                                         r  system_i/dut0/inst/u8/y_reg[7]/D
  -------------------------------------------------------------------    -------------------

                         (clock clk_fpga_0 rise edge)
                                                      5.000     5.000 r  
    PS7_X0Y0             PS7                          0.000     5.000 r  system_i/ps7/inst/PS7_i/FCLKCLK[0]
                         net (fo=1, routed)           1.088     6.088    system_i/ps7/inst/FCLK_CLK_unbuffered[0]
    BUFGCTRL_X0Y16       BUFG (Prop_bufg_I_O)         0.091     6.179 r  system_i/ps7/inst/buffer_fclk_clk_0.FCLK_CLK_0_BUFG/O
                         net (fo=2812, routed)        1.541     7.720    system_i/dut0/inst/u8/clk
    SLICE_X66Y93         FDRE                                         r  system_i/dut0/inst/u8/y_reg[7]/C
                         clock pessimism              0.129     7.849    
                         clock uncertainty           -0.083     7.766    
    SLICE_X66Y93         FDRE (Setup_fdre_C_D)        0.079     7.845    system_i/dut0/inst/u8/y_reg[7]
  -------------------------------------------------------------------
                         required time                          7.845    
                         arrival time                         -82.970    
  -------------------------------------------------------------------
                         slack                                -75.125    

Slack (VIOLATED) :        -75.105ns  (required time - arrival time)
  Source:                 system_i/dut0/inst/cnt_reg[1]_rep__0/C
                            (rising edge-triggered cell FDRE clocked by clk_fpga_0  {rise@0.000ns fall@2.500ns period=5.000ns})
  Destination:            system_i/dut0/inst/u9/y_reg[1]/D
                            (rising edge-triggered cell FDRE clocked by clk_fpga_0  {rise@0.000ns fall@2.500ns period=5.000ns})
  Path Group:             clk_fpga_0
  Path Type:              Setup (Max at Slow Process Corner)
  Requirement:            5.000ns  (clk_fpga_0 rise@5.000ns - clk_fpga_0 rise@0.000ns)
  Data Path Delay:        79.910ns  (logic 23.683ns (29.637%)  route 56.227ns (70.363%))
  Logic Levels:           89  (CARRY4=34 LUT3=9 LUT4=18 LUT5=7 LUT6=20 MUXF7=1)
  Clock Path Skew:        -0.142ns (DCD - SCD + CPR)
    Destination Clock Delay (DCD):    2.737ns = ( 7.737 - 5.000 ) 
    Source Clock Delay      (SCD):    2.994ns
    Clock Pessimism Removal (CPR):    0.115ns
  Clock Uncertainty:      0.083ns  ((TSJ^2 + TIJ^2)^1/2 + DJ) / 2 + PE
    Total System Jitter     (TSJ):    0.071ns
    Total Input Jitter      (TIJ):    0.150ns
    Discrete Jitter          (DJ):    0.000ns
    Phase Error              (PE):    0.000ns

    Location             Delay type                Incr(ns)  Path(ns)    Netlist Resource(s)
  -------------------------------------------------------------------    -------------------
                         (clock clk_fpga_0 rise edge)
                                                      0.000     0.000 r  
    PS7_X0Y0             PS7                          0.000     0.000 r  system_i/ps7/inst/PS7_i/FCLKCLK[0]
                         net (fo=1, routed)           1.193     1.193    system_i/ps7/inst/FCLK_CLK_unbuffered[0]
    BUFGCTRL_X0Y16       BUFG (Prop_bufg_I_O)         0.101     1.294 r  system_i/ps7/inst/buffer_fclk_clk_0.FCLK_CLK_0_BUFG/O
                         net (fo=2812, routed)        1.700     2.994    system_i/dut0/inst/clk
    SLICE_X28Y51         FDRE                                         r  system_i/dut0/inst/cnt_reg[1]_rep__0/C
  -------------------------------------------------------------------    -------------------
    SLICE_X28Y51         FDRE (Prop_fdre_C_Q)         0.456     3.450 r  system_i/dut0/inst/cnt_reg[1]_rep__0/Q
                         net (fo=94, routed)          1.036     4.486    system_i/dut0/inst/u9/w0_reg[1]_0[1]
    SLICE_X28Y52         LUT4 (Prop_lut4_I1_O)        0.124     4.610 r  system_i/dut0/inst/u9/y[7]_i_1333__0/O
                         net (fo=1, routed)           0.000     4.610    system_i/dut0/inst/u9/y[7]_i_1333__0_n_0
    SLICE_X28Y52         CARRY4 (Prop_carry4_S[0]_CO[3])
                                                      0.532     5.142 r  system_i/dut0/inst/u9/y_reg[7]_i_1269/CO[3]
                         net (fo=64, routed)          1.403     6.546    system_i/dut0/inst/u9/y_reg[7]_i_1269_n_0
    SLICE_X30Y53         LUT3 (Prop_lut3_I1_O)        0.124     6.670 r  system_i/dut0/inst/u9/y[7]_i_1370__0/O
                         net (fo=1, routed)           0.493     7.163    system_i/dut0/inst/u9/y[7]_i_1370__0_n_0
    SLICE_X30Y53         LUT6 (Prop_lut6_I1_O)        0.124     7.287 r  system_i/dut0/inst/u9/y[7]_i_1334__0/O
                         net (fo=1, routed)           0.340     7.627    system_i/dut0/inst/u9/y[7]_i_1334__0_n_0
    SLICE_X30Y52         CARRY4 (Prop_carry4_DI[3]_CO[3])
                                                      0.396     8.023 r  system_i/dut0/inst/u9/y_reg[7]_i_1270__0/CO[3]
                         net (fo=40, routed)          1.199     9.222    system_i/dut0/inst/u9/y_reg[7]_i_1270__0_n_0
    SLICE_X31Y53         LUT5 (Prop_lut5_I1_O)        0.124     9.346 f  system_i/dut0/inst/u9/y[7]_i_1388/O
                         net (fo=1, routed)           0.639     9.985    system_i/dut0/inst/u9/y[7]_i_1388_n_0
    SLICE_X31Y52         LUT6 (Prop_lut6_I1_O)        0.124    10.109 r  system_i/dut0/inst/u9/y[7]_i_1353__0/O
                         net (fo=1, routed)           0.520    10.629    system_i/dut0/inst/u9/y[7]_i_1353__0_n_0
    SLICE_X31Y51         CARRY4 (Prop_carry4_DI[0]_CO[3])
                                                      0.526    11.155 r  system_i/dut0/inst/u9/y_reg[7]_i_1295/CO[3]
                         net (fo=16, routed)          1.130    12.285    system_i/dut0/inst/u9/y_reg[7]_i_1295_n_0
    SLICE_X30Y53         LUT6 (Prop_lut6_I0_O)        0.124    12.409 r  system_i/dut0/inst/u9/y[7]_i_1305__0/O
                         net (fo=4, routed)           0.676    13.085    system_i/dut0/inst/u9/w1_reg[7]_1
    SLICE_X29Y54         LUT6 (Prop_lut6_I0_O)        0.124    13.209 r  system_i/dut0/inst/u9/y[7]_i_1358/O
                         net (fo=1, routed)           0.463    13.672    system_i/dut0/inst/u9/y[7]_i_1358_n_0
    SLICE_X30Y54         CARRY4 (Prop_carry4_DI[3]_CO[3])
                                                      0.396    14.068 r  system_i/dut0/inst/u9/y_reg[7]_i_1304/CO[3]
                         net (fo=16, routed)          1.291    15.359    system_i/dut0/inst/u9/y_reg[7]_i_1304_n_0
    SLICE_X31Y54         LUT5 (Prop_lut5_I3_O)        0.124    15.483 r  system_i/dut0/inst/u9/y[1]_i_159__0/O
                         net (fo=8, routed)           0.894    16.377    system_i/dut0/inst/u9/y[1]_i_159__0_n_0
    SLICE_X31Y50         LUT4 (Prop_lut4_I0_O)        0.124    16.501 r  system_i/dut0/inst/u9/y[7]_i_1303/O
                         net (fo=1, routed)           0.000    16.501    system_i/dut0/inst/u9/y[7]_i_1303_n_0
    SLICE_X31Y50         CARRY4 (Prop_carry4_S[0]_CO[3])
                                                      0.532    17.033 r  system_i/dut0/inst/u9/y_reg[7]_i_1229/CO[3]
                         net (fo=36, routed)          1.221    18.254    system_i/dut0/inst/u9/y_reg[7]_i_1229_n_0
    SLICE_X29Y48         LUT3 (Prop_lut3_I1_O)        0.124    18.378 r  system_i/dut0/inst/u9/y[2]_i_186/O
                         net (fo=6, routed)           0.868    19.245    system_i/dut0/inst/u9/y[2]_i_186_n_0
    SLICE_X32Y50         LUT6 (Prop_lut6_I4_O)        0.124    19.369 r  system_i/dut0/inst/u9/y[7]_i_1308__0/O
                         net (fo=1, routed)           0.568    19.938    system_i/dut0/inst/u9/y[7]_i_1308__0_n_0
    SLICE_X33Y50         CARRY4 (Prop_carry4_DI[1]_CO[3])
                                                      0.507    20.445 r  system_i/dut0/inst/u9/y_reg[7]_i_1232/CO[3]
                         net (fo=32, routed)          0.837    21.282    system_i/dut0/inst/u9/y_reg[7]_i_1232_n_0
    SLICE_X33Y47         LUT5 (Prop_lut5_I4_O)        0.124    21.406 f  system_i/dut0/inst/u9/y[1]_i_152__0/O
                         net (fo=6, routed)           0.679    22.085    system_i/dut0/inst/u9/y[1]_i_152__0_n_0
    SLICE_X30Y46         LUT6 (Prop_lut6_I4_O)        0.124    22.209 r  system_i/dut0/inst/u9/y[7]_i_1236__0/O
                         net (fo=1, routed)           0.514    22.723    system_i/dut0/inst/u9/y[7]_i_1236__0_n_0
    SLICE_X30Y47         CARRY4 (Prop_carry4_DI[0]_CO[3])
                                                      0.550    23.273 r  system_i/dut0/inst/u9/y_reg[7]_i_1128__0/CO[3]
                         net (fo=28, routed)          1.211    24.484    system_i/dut0/inst/u9/y_reg[7]_i_1128__0_n_0
    SLICE_X30Y48         LUT6 (Prop_lut6_I0_O)        0.124    24.608 r  system_i/dut0/inst/u9/y[0]_i_195/O
                         net (fo=4, routed)           0.599    25.208    system_i/dut0/inst/u9/y[0]_i_195_n_0
    SLICE_X31Y48         LUT6 (Prop_lut6_I4_O)        0.124    25.332 r  system_i/dut0/inst/u9/y[7]_i_1321__0/O
                         net (fo=1, routed)           0.520    25.852    system_i/dut0/inst/u9/y[7]_i_1321__0_n_0
    SLICE_X31Y49         CARRY4 (Prop_carry4_DI[0]_CO[3])
                                                      0.526    26.378 r  system_i/dut0/inst/u9/y_reg[7]_i_1241/CO[3]
                         net (fo=16, routed)          1.280    27.658    system_i/dut0/inst/u9/y_reg[7]_i_1241_n_0
    SLICE_X34Y49         LUT5 (Prop_lut5_I1_O)        0.124    27.782 r  system_i/dut0/inst/u9/y[3]_i_155__0/O
                         net (fo=4, routed)           0.957    28.739    system_i/dut0/inst/u9/y[3]_i_155__0_n_0
    SLICE_X35Y48         LUT4 (Prop_lut4_I0_O)        0.124    28.863 r  system_i/dut0/inst/u9/y[7]_i_1259__0/O
                         net (fo=1, routed)           0.000    28.863    system_i/dut0/inst/u9/y[7]_i_1259__0_n_0
    SLICE_X35Y48         CARRY4 (Prop_carry4_S[1]_CO[3])
                                                      0.550    29.413 r  system_i/dut0/inst/u9/y_reg[7]_i_1155/CO[3]
                         net (fo=16, routed)          1.033    30.446    system_i/dut0/inst/u9/y_reg[7]_i_1155_n_0
    SLICE_X35Y49         LUT3 (Prop_lut3_I1_O)        0.124    30.570 r  system_i/dut0/inst/u9/y[6]_i_549/O
                         net (fo=6, routed)           1.124    31.693    system_i/dut0/inst/u9/y[6]_i_549_n_0
    SLICE_X39Y51         LUT4 (Prop_lut4_I3_O)        0.124    31.817 r  system_i/dut0/inst/u9/y[7]_i_1161__0/O
                         net (fo=1, routed)           0.000    31.817    system_i/dut0/inst/u9/y[7]_i_1161__0_n_0
    SLICE_X39Y51         CARRY4 (Prop_carry4_S[3]_CO[3])
                                                      0.401    32.218 r  system_i/dut0/inst/u9/y_reg[7]_i_1043/CO[3]
                         net (fo=36, routed)          1.156    33.374    system_i/dut0/inst/u9/y_reg[7]_i_1043_n_0
    SLICE_X42Y52         LUT3 (Prop_lut3_I1_O)        0.124    33.498 r  system_i/dut0/inst/u9/y[7]_i_1262__0/O
                         net (fo=2, routed)           0.692    34.190    system_i/dut0/inst/u9/y[7]_i_1262__0_n_0
    SLICE_X42Y52         LUT6 (Prop_lut6_I4_O)        0.124    34.314 r  system_i/dut0/inst/u9/y[7]_i_1166__0/O
                         net (fo=1, routed)           0.514    34.828    system_i/dut0/inst/u9/y[7]_i_1166__0_n_0
    SLICE_X41Y52         CARRY4 (Prop_carry4_DI[2]_CO[3])
                                                      0.398    35.226 r  system_i/dut0/inst/u9/y_reg[7]_i_1045/CO[3]
                         net (fo=16, routed)          1.038    36.264    system_i/dut0/inst/u9/y_reg[7]_i_1045_n_0
    SLICE_X42Y51         LUT5 (Prop_lut5_I3_O)        0.124    36.388 r  system_i/dut0/inst/u9/y[3]_i_134__0/O
                         net (fo=7, routed)           0.877    37.265    system_i/dut0/inst/u9/y[3]_i_134__0_n_0
    SLICE_X44Y52         LUT4 (Prop_lut4_I0_O)        0.124    37.389 r  system_i/dut0/inst/u9/y[7]_i_1040__0/O
                         net (fo=1, routed)           0.000    37.389    system_i/dut0/inst/u9/y[7]_i_1040__0_n_0
    SLICE_X44Y52         CARRY4 (Prop_carry4_S[1]_CO[3])
                                                      0.550    37.939 r  system_i/dut0/inst/u9/y_reg[7]_i_884/CO[3]
                         net (fo=36, routed)          1.204    39.143    system_i/dut0/inst/u9/y_reg[7]_i_884_n_0
    SLICE_X43Y51         LUT3 (Prop_lut3_I1_O)        0.124    39.267 r  system_i/dut0/inst/u9/y[2]_i_139__0/O
                         net (fo=6, routed)           0.984    40.251    system_i/dut0/inst/u9/y[2]_i_139__0_n_0
    SLICE_X39Y49         LUT4 (Prop_lut4_I2_O)        0.124    40.375 r  system_i/dut0/inst/u9/y[7]_i_902__0/O
                         net (fo=1, routed)           0.000    40.375    system_i/dut0/inst/u9/y[7]_i_902__0_n_0
    SLICE_X39Y49         CARRY4 (Prop_carry4_S[1]_CO[3])
                                                      0.550    40.925 r  system_i/dut0/inst/u9/y_reg[7]_i_772/CO[3]
                         net (fo=36, routed)          1.336    42.261    system_i/dut0/inst/u9/y_reg[7]_i_772_n_0
    SLICE_X41Y51         LUT3 (Prop_lut3_I1_O)        0.124    42.385 r  system_i/dut0/inst/u9/y[0]_i_142__0/O
                         net (fo=6, routed)           1.116    43.501    system_i/dut0/inst/u9/y[0]_i_142__0_n_0
    SLICE_X38Y45         LUT4 (Prop_lut4_I2_O)        0.124    43.625 r  system_i/dut0/inst/u9/y[7]_i_924/O
                         net (fo=1, routed)           0.000    43.625    system_i/dut0/inst/u9/y[7]_i_924_n_0
    SLICE_X38Y45         CARRY4 (Prop_carry4_S[0]_CO[3])
                                                      0.513    44.138 r  system_i/dut0/inst/u9/y_reg[7]_i_777/CO[3]
                         net (fo=36, routed)          1.382    45.520    system_i/dut0/inst/u9/y_reg[7]_i_777_n_0
    SLICE_X40Y48         LUT3 (Prop_lut3_I1_O)        0.124    45.644 r  system_i/dut0/inst/u9/y[3]_i_116/O
                         net (fo=10, routed)          0.995    46.639    system_i/dut0/inst/u9/y[3]_i_116_n_0
    SLICE_X46Y49         LUT4 (Prop_lut4_I1_O)        0.124    46.763 r  system_i/dut0/inst/u9/y[7]_i_863/O
                         net (fo=1, routed)           0.000    46.763    system_i/dut0/inst/u9/y[7]_i_863_n_0
    SLICE_X46Y49         CARRY4 (Prop_carry4_S[1]_CO[3])
                                                      0.533    47.296 r  system_i/dut0/inst/u9/y_reg[7]_i_735/CO[3]
                         net (fo=56, routed)          1.116    48.412    system_i/dut0/inst/u9/y_reg[7]_i_735_n_0
    SLICE_X52Y51         LUT3 (Prop_lut3_I1_O)        0.124    48.536 f  system_i/dut0/inst/u9/y[7]_i_1143/O
                         net (fo=2, routed)           0.679    49.215    system_i/dut0/inst/u9/y[7]_i_1143_n_0
    SLICE_X52Y51         LUT6 (Prop_lut6_I5_O)        0.124    49.339 r  system_i/dut0/inst/u9/y[7]_i_991__0/O
                         net (fo=1, routed)           0.661    50.000    system_i/dut0/inst/u9/y[7]_i_991__0_n_0
    SLICE_X52Y50         CARRY4 (Prop_carry4_DI[0]_CO[3])
                                                      0.526    50.526 r  system_i/dut0/inst/u9/y_reg[7]_i_832/CO[3]
                         net (fo=16, routed)          1.359    51.884    system_i/dut0/inst/u9/y_reg[7]_i_832_n_0
    SLICE_X49Y49         LUT5 (Prop_lut5_I1_O)        0.124    52.008 r  system_i/dut0/inst/u9/y[0]_i_137__0/O
                         net (fo=4, routed)           0.834    52.842    system_i/dut0/inst/u9/y[0]_i_137__0_n_0
    SLICE_X46Y47         LUT4 (Prop_lut4_I3_O)        0.124    52.966 r  system_i/dut0/inst/u9/y[7]_i_966__0/O
                         net (fo=1, routed)           0.000    52.966    system_i/dut0/inst/u9/y[7]_i_966__0_n_0
    SLICE_X46Y47         CARRY4 (Prop_carry4_S[0]_CO[3])
                                                      0.513    53.479 r  system_i/dut0/inst/u9/y_reg[7]_i_809/CO[3]
                         net (fo=16, routed)          0.893    54.372    system_i/dut0/inst/u9/y_reg[7]_i_809_n_0
    SLICE_X47Y48         LUT3 (Prop_lut3_I1_O)        0.124    54.496 f  system_i/dut0/inst/u9/y[2]_i_120__0/O
                         net (fo=5, routed)           0.986    55.483    system_i/dut0/inst/u9/y[2]_i_120__0_n_0
    SLICE_X53Y48         LUT6 (Prop_lut6_I5_O)        0.124    55.607 r  system_i/dut0/inst/u9/y[7]_i_836__0/O
                         net (fo=1, routed)           0.569    56.175    system_i/dut0/inst/u9/y[7]_i_836__0_n_0
    SLICE_X52Y48         CARRY4 (Prop_carry4_DI[1]_CO[3])
                                                      0.507    56.682 r  system_i/dut0/inst/u9/y_reg[7]_i_694/CO[3]
                         net (fo=24, routed)          0.988    57.670    system_i/dut0/inst/u9/y_reg[7]_i_694_n_0
    SLICE_X51Y48         LUT5 (Prop_lut5_I4_O)        0.124    57.794 r  system_i/dut0/inst/u9/y[3]_i_114__0/O
                         net (fo=7, routed)           0.768    58.562    system_i/dut0/inst/u9/y[3]_i_114__0_n_0
    SLICE_X50Y47         LUT4 (Prop_lut4_I0_O)        0.124    58.686 r  system_i/dut0/inst/u9/y[7]_i_853__0/O
                         net (fo=1, routed)           0.000    58.686    system_i/dut0/inst/u9/y[7]_i_853__0_n_0
    SLICE_X50Y47         CARRY4 (Prop_carry4_S[1]_CO[3])
                                                      0.533    59.219 r  system_i/dut0/inst/u9/y_reg[7]_i_722/CO[3]
                         net (fo=40, routed)          1.113    60.332    system_i/dut0/inst/u9/y_reg[7]_i_722_n_0
    SLICE_X53Y48         LUT6 (Prop_lut6_I1_O)        0.124    60.456 r  system_i/dut0/inst/u9/y[7]_i_998/O
                         net (fo=5, routed)           0.820    61.276    system_i/dut0/inst/u9/y[3]_i_114__0_0
    SLICE_X52Y46         LUT4 (Prop_lut4_I0_O)        0.124    61.400 r  system_i/dut0/inst/u9/y[7]_i_1022__0/O
                         net (fo=1, routed)           0.000    61.400    system_i/dut0/inst/u8/y_reg[7]_i_725_0[1]
    SLICE_X52Y46         CARRY4 (Prop_carry4_S[1]_CO[3])
                                                      0.550    61.950 r  system_i/dut0/inst/u8/y_reg[7]_i_856/CO[3]
                         net (fo=1, routed)           0.000    61.950    system_i/dut0/inst/u8/y_reg[7]_i_856_n_0
    SLICE_X52Y47         CARRY4 (Prop_carry4_CI_O[0])
                                                      0.222    62.172 r  system_i/dut0/inst/u8/y_reg[7]_i_725/O[0]
                         net (fo=16, routed)          0.889    63.061    system_i/dut0/inst/u9/y_reg[7]_i_603_0[0]
    SLICE_X57Y47         LUT6 (Prop_lut6_I1_O)        0.299    63.360 r  system_i/dut0/inst/u9/y[1]_i_99__0/O
                         net (fo=1, routed)           0.000    63.360    system_i/dut0/inst/u9/y[1]_i_99__0_n_0
    SLICE_X57Y47         MUXF7 (Prop_muxf7_I1_O)      0.217    63.577 r  system_i/dut0/inst/u9/y_reg[1]_i_80/O
                         net (fo=4, routed)           0.838    64.415    system_i/dut0/inst/u8/y_reg[7]_i_599_1
    SLICE_X56Y46         LUT4 (Prop_lut4_I1_O)        0.299    64.714 r  system_i/dut0/inst/u8/y[7]_i_711__0/O
                         net (fo=1, routed)           0.000    64.714    system_i/dut0/inst/u8/y[7]_i_711__0_n_0
    SLICE_X56Y46         CARRY4 (Prop_carry4_S[0]_CO[3])
                                                      0.532    65.246 r  system_i/dut0/inst/u8/y_reg[7]_i_599/CO[3]
                         net (fo=1, routed)           0.000    65.246    system_i/dut0/inst/u8/y_reg[7]_i_599_n_0
    SLICE_X56Y47         CARRY4 (Prop_carry4_CI_O[0])
                                                      0.222    65.468 r  system_i/dut0/inst/u8/y_reg[7]_i_502/O[0]
                         net (fo=12, routed)          1.062    66.530    system_i/dut0/inst/u9/y[7]_i_400_1[0]
    SLICE_X56Y43         LUT6 (Prop_lut6_I1_O)        0.299    66.829 r  system_i/dut0/inst/u9/y[1]_i_61/O
                         net (fo=5, routed)           0.633    67.462    system_i/dut0/inst/u8/y_reg[7]_i_499_1
    SLICE_X57Y43         LUT4 (Prop_lut4_I1_O)        0.124    67.586 r  system_i/dut0/inst/u8/y[7]_i_589__0/O
                         net (fo=1, routed)           0.000    67.586    system_i/dut0/inst/u8/y[7]_i_589__0_n_0
    SLICE_X57Y43         CARRY4 (Prop_carry4_S[0]_CO[3])
                                                      0.532    68.118 r  system_i/dut0/inst/u8/y_reg[7]_i_499/CO[3]
                         net (fo=1, routed)           0.000    68.118    system_i/dut0/inst/u8/y_reg[7]_i_499_n_0
    SLICE_X57Y44         CARRY4 (Prop_carry4_CI_O[0])
                                                      0.222    68.340 r  system_i/dut0/inst/u8/y_reg[7]_i_397/O[0]
                         net (fo=12, routed)          0.916    69.256    system_i/dut0/inst/u9/y[6]_i_46_0[0]
    SLICE_X57Y41         LUT6 (Prop_lut6_I1_O)        0.299    69.555 r  system_i/dut0/inst/u9/y[7]_i_281/O
                         net (fo=5, routed)           0.812    70.367    system_i/dut0/inst/u9/y[7]_i_399_0
    SLICE_X58Y40         LUT4 (Prop_lut4_I0_O)        0.124    70.491 r  system_i/dut0/inst/u9/y[7]_i_494/O
                         net (fo=1, routed)           0.000    70.491    system_i/dut0/inst/u9/y[7]_i_494_n_0
    SLICE_X58Y40         CARRY4 (Prop_carry4_S[3]_CO[3])
                                                      0.376    70.867 r  system_i/dut0/inst/u9/y_reg[7]_i_395/CO[3]
                         net (fo=1, routed)           0.000    70.867    system_i/dut0/inst/u9/y_reg[7]_i_395_n_0
    SLICE_X58Y41         CARRY4 (Prop_carry4_CI_O[0])
                                                      0.219    71.086 r  system_i/dut0/inst/u9/y_reg[7]_i_280/O[0]
                         net (fo=12, routed)          0.835    71.921    system_i/dut0/inst/u9/y_reg[7]_i_280_n_7
    SLICE_X59Y39         LUT6 (Prop_lut6_I4_O)        0.295    72.216 r  system_i/dut0/inst/u9/y[5]_i_31/O
                         net (fo=5, routed)           0.866    73.082    system_i/dut0/inst/u9/y[5]_i_46__0_0
    SLICE_X62Y38         LUT4 (Prop_lut4_I0_O)        0.124    73.206 r  system_i/dut0/inst/u9/y[7]_i_391/O
                         net (fo=1, routed)           0.000    73.206    system_i/dut0/inst/u9/y[7]_i_391_n_0
    SLICE_X62Y38         CARRY4 (Prop_carry4_S[2]_CO[3])
                                                      0.380    73.586 r  system_i/dut0/inst/u9/y_reg[7]_i_277/CO[3]
                         net (fo=1, routed)           0.000    73.586    system_i/dut0/inst/u9/y_reg[7]_i_277_n_0
    SLICE_X62Y39         CARRY4 (Prop_carry4_CI_O[0])
                                                      0.219    73.805 r  system_i/dut0/inst/u9/y_reg[7]_i_175__0/O[0]
                         net (fo=12, routed)          0.668    74.473    system_i/dut0/inst/u9/y_reg[7]_i_175__0_n_7
    SLICE_X62Y40         LUT6 (Prop_lut6_I4_O)        0.295    74.768 r  system_i/dut0/inst/u9/y[7]_i_91__0/O
                         net (fo=5, routed)           0.968    75.736    system_i/dut0/inst/u9/y[7]_i_176_0
    SLICE_X65Y38         LUT4 (Prop_lut4_I0_O)        0.124    75.860 r  system_i/dut0/inst/u9/y[7]_i_264__0/O
                         net (fo=1, routed)           0.000    75.860    system_i/dut0/inst/u8/y_reg[7]_i_89_0[3]
    SLICE_X65Y38         CARRY4 (Prop_carry4_S[3]_CO[3])
                                                      0.401    76.261 r  system_i/dut0/inst/u8/y_reg[7]_i_172__0/CO[3]
                         net (fo=1, routed)           0.000    76.261    system_i/dut0/inst/u8/y_reg[7]_i_172__0_n_0
    SLICE_X65Y39         CARRY4 (Prop_carry4_CI_O[0])
                                                      0.222    76.483 r  system_i/dut0/inst/u8/y_reg[7]_i_89/O[0]
                         net (fo=12, routed)          0.672    77.155    system_i/dut0/inst/u9/y[7]_i_145__0[0]
    SLICE_X66Y39         LUT6 (Prop_lut6_I1_O)        0.299    77.454 r  system_i/dut0/inst/u9/y[1]_i_10__0/O
                         net (fo=5, routed)           0.830    78.284    system_i/dut0/inst/u9/y[1]_i_19_0
    SLICE_X69Y39         LUT4 (Prop_lut4_I0_O)        0.124    78.408 r  system_i/dut0/inst/u9/y[7]_i_171__0/O
                         net (fo=1, routed)           0.000    78.408    system_i/dut0/inst/u9/y[7]_i_171__0_n_0
    SLICE_X69Y39         CARRY4 (Prop_carry4_S[0]_CO[3])
                                                      0.532    78.940 r  system_i/dut0/inst/u9/y_reg[7]_i_88/CO[3]
                         net (fo=1, routed)           0.000    78.940    system_i/dut0/inst/u9/y_reg[7]_i_88_n_0
    SLICE_X69Y40         CARRY4 (Prop_carry4_CI_O[0])
                                                      0.222    79.162 r  system_i/dut0/inst/u9/y_reg[7]_i_34/O[0]
                         net (fo=12, routed)          0.701    79.863    system_i/dut0/inst/u9/y_reg[7]_i_34_n_7
    SLICE_X70Y40         LUT6 (Prop_lut6_I4_O)        0.299    80.162 r  system_i/dut0/inst/u9/y[7]_i_47__0/O
                         net (fo=3, routed)           0.791    80.953    system_i/dut0/inst/u9/y[7]_i_95__0_0
    SLICE_X73Y39         LUT4 (Prop_lut4_I3_O)        0.124    81.077 r  system_i/dut0/inst/u9/y[7]_i_43/O
                         net (fo=1, routed)           0.000    81.077    system_i/dut0/inst/u9/y[7]_i_43_n_0
    SLICE_X73Y39         CARRY4 (Prop_carry4_S[0]_CO[3])
                                                      0.532    81.609 r  system_i/dut0/inst/u9/y_reg[7]_i_6/CO[3]
                         net (fo=8, routed)           1.171    82.780    system_i/dut0/inst/u9/y_reg[7]_i_6_n_0
    SLICE_X73Y41         LUT6 (Prop_lut6_I4_O)        0.124    82.904 r  system_i/dut0/inst/u9/y[1]_i_1__0/O
                         net (fo=1, routed)           0.000    82.904    system_i/dut0/inst/u9/s[1]
    SLICE_X73Y41         FDRE                                         r  system_i/dut0/inst/u9/y_reg[1]/D
  -------------------------------------------------------------------    -------------------

                         (clock clk_fpga_0 rise edge)
                                                      5.000     5.000 r  
    PS7_X0Y0             PS7                          0.000     5.000 r  system_i/ps7/inst/PS7_i/FCLKCLK[0]
                         net (fo=1, routed)           1.088     6.088    system_i/ps7/inst/FCLK_CLK_unbuffered[0]
    BUFGCTRL_X0Y16       BUFG (Prop_bufg_I_O)         0.091     6.179 r  system_i/ps7/inst/buffer_fclk_clk_0.FCLK_CLK_0_BUFG/O
                         net (fo=2812, routed)        1.558     7.737    system_i/dut0/inst/u9/clk
    SLICE_X73Y41         FDRE                                         r  system_i/dut0/inst/u9/y_reg[1]/C
                         clock pessimism              0.115     7.852    
                         clock uncertainty           -0.083     7.769    
    SLICE_X73Y41         FDRE (Setup_fdre_C_D)        0.029     7.798    system_i/dut0/inst/u9/y_reg[1]
  -------------------------------------------------------------------
                         required time                          7.798    
                         arrival time                         -82.904    
  -------------------------------------------------------------------
                         slack                                -75.105    

Slack (VIOLATED) :        -75.085ns  (required time - arrival time)
  Source:                 system_i/dut0/inst/u9/w0_reg[1]/C
                            (rising edge-triggered cell FDRE clocked by clk_fpga_0  {rise@0.000ns fall@2.500ns period=5.000ns})
  Destination:            system_i/dut0/inst/u8/y_reg[4]/D
                            (rising edge-triggered cell FDRE clocked by clk_fpga_0  {rise@0.000ns fall@2.500ns period=5.000ns})
  Path Group:             clk_fpga_0
  Path Type:              Setup (Max at Slow Process Corner)
  Requirement:            5.000ns  (clk_fpga_0 rise@5.000ns - clk_fpga_0 rise@0.000ns)
  Data Path Delay:        79.886ns  (logic 23.398ns (29.289%)  route 56.488ns (70.711%))
  Logic Levels:           89  (CARRY4=35 LUT3=6 LUT4=15 LUT5=10 LUT6=22 MUXF7=1)
  Clock Path Skew:        -0.146ns (DCD - SCD + CPR)
    Destination Clock Delay (DCD):    2.719ns = ( 7.719 - 5.000 ) 
    Source Clock Delay      (SCD):    2.994ns
    Clock Pessimism Removal (CPR):    0.129ns
  Clock Uncertainty:      0.083ns  ((TSJ^2 + TIJ^2)^1/2 + DJ) / 2 + PE
    Total System Jitter     (TSJ):    0.071ns
    Total Input Jitter      (TIJ):    0.150ns
    Discrete Jitter          (DJ):    0.000ns
    Phase Error              (PE):    0.000ns

    Location             Delay type                Incr(ns)  Path(ns)    Netlist Resource(s)
  -------------------------------------------------------------------    -------------------
                         (clock clk_fpga_0 rise edge)
                                                      0.000     0.000 r  
    PS7_X0Y0             PS7                          0.000     0.000 r  system_i/ps7/inst/PS7_i/FCLKCLK[0]
                         net (fo=1, routed)           1.193     1.193    system_i/ps7/inst/FCLK_CLK_unbuffered[0]
    BUFGCTRL_X0Y16       BUFG (Prop_bufg_I_O)         0.101     1.294 r  system_i/ps7/inst/buffer_fclk_clk_0.FCLK_CLK_0_BUFG/O
                         net (fo=2812, routed)        1.700     2.994    system_i/dut0/inst/u9/clk
    SLICE_X28Y52         FDRE                                         r  system_i/dut0/inst/u9/w0_reg[1]/C
  -------------------------------------------------------------------    -------------------
    SLICE_X28Y52         FDRE (Prop_fdre_C_Q)         0.456     3.450 r  system_i/dut0/inst/u9/w0_reg[1]/Q
                         net (fo=25, routed)          0.959     4.409    system_i/dut0/inst/u9/w0[1]
    SLICE_X27Y51         LUT4 (Prop_lut4_I0_O)        0.124     4.533 r  system_i/dut0/inst/u9/y[7]_i_1676/O
                         net (fo=1, routed)           0.000     4.533    system_i/dut0/inst/u9/y[7]_i_1676_n_0
    SLICE_X27Y51         CARRY4 (Prop_carry4_S[0]_CO[3])
                                                      0.532     5.065 r  system_i/dut0/inst/u9/y_reg[7]_i_1541/CO[3]
                         net (fo=64, routed)          0.971     6.036    system_i/dut0/inst/u9/y_reg[7]_i_1541_n_0
    SLICE_X26Y51         LUT3 (Prop_lut3_I1_O)        0.124     6.160 r  system_i/dut0/inst/u9/y[7]_i_1785/O
                         net (fo=1, routed)           0.773     6.933    system_i/dut0/inst/u9/y[7]_i_1785_n_0
    SLICE_X26Y50         LUT6 (Prop_lut6_I1_O)        0.124     7.057 r  system_i/dut0/inst/u9/y[7]_i_1680/O
                         net (fo=1, routed)           0.628     7.685    system_i/dut0/inst/u9/y[7]_i_1680_n_0
    SLICE_X28Y50         CARRY4 (Prop_carry4_DI[0]_CO[3])
                                                      0.526     8.211 r  system_i/dut0/inst/u9/y_reg[7]_i_1542/CO[3]
                         net (fo=40, routed)          1.255     9.466    system_i/dut0/inst/u9/y_reg[7]_i_1542_n_0
    SLICE_X26Y53         LUT5 (Prop_lut5_I3_O)        0.124     9.590 f  system_i/dut0/inst/u9/y[7]_i_1777/O
                         net (fo=1, routed)           0.541    10.131    system_i/dut0/inst/u9/y[7]_i_1777_n_0
    SLICE_X26Y53         LUT6 (Prop_lut6_I5_O)        0.124    10.255 r  system_i/dut0/inst/u9/y[7]_i_1664/O
                         net (fo=1, routed)           0.483    10.737    system_i/dut0/inst/u9/y[7]_i_1664_n_0
    SLICE_X27Y53         CARRY4 (Prop_carry4_DI[0]_CO[3])
                                                      0.526    11.263 r  system_i/dut0/inst/u9/y_reg[7]_i_1540/CO[3]
                         net (fo=16, routed)          1.141    12.404    system_i/dut0/inst/u9/y_reg[7]_i_1540_n_0
    SLICE_X26Y57         LUT6 (Prop_lut6_I2_O)        0.124    12.528 r  system_i/dut0/inst/u9/y[3]_i_183/O
                         net (fo=4, routed)           0.656    13.184    system_i/dut0/inst/u9/y[3]_i_183_n_0
    SLICE_X27Y57         LUT6 (Prop_lut6_I0_O)        0.124    13.308 r  system_i/dut0/inst/u9/y[7]_i_1695/O
                         net (fo=1, routed)           0.331    13.639    system_i/dut0/inst/u9/y[7]_i_1695_n_0
    SLICE_X27Y56         CARRY4 (Prop_carry4_DI[1]_CO[3])
                                                      0.507    14.146 r  system_i/dut0/inst/u9/y_reg[7]_i_1552/CO[3]
                         net (fo=16, routed)          1.200    15.346    system_i/dut0/inst/u9/y_reg[7]_i_1552_n_0
    SLICE_X31Y59         LUT5 (Prop_lut5_I3_O)        0.124    15.470 r  system_i/dut0/inst/u9/y[7]_i_1575/O
                         net (fo=4, routed)           0.833    16.303    system_i/dut0/inst/u8/y_reg[7]_i_1576_5
    SLICE_X30Y59         LUT4 (Prop_lut4_I1_O)        0.124    16.427 r  system_i/dut0/inst/u8/y[7]_i_1721/O
                         net (fo=1, routed)           0.000    16.427    system_i/dut0/inst/u9/y[1]_i_184_0[3]
    SLICE_X30Y59         CARRY4 (Prop_carry4_S[3]_CO[3])
                                                      0.376    16.803 r  system_i/dut0/inst/u9/y_reg[7]_i_1576/CO[3]
                         net (fo=16, routed)          1.008    17.811    system_i/dut0/inst/u9/y_reg[7]_i_1576_n_0
    SLICE_X32Y59         LUT3 (Prop_lut3_I1_O)        0.124    17.935 r  system_i/dut0/inst/u9/y[1]_i_184/O
                         net (fo=6, routed)           0.911    18.846    system_i/dut0/inst/u8/y_reg[7]_i_1526_0
    SLICE_X31Y59         LUT6 (Prop_lut6_I0_O)        0.124    18.970 r  system_i/dut0/inst/u8/y[7]_i_1656/O
                         net (fo=1, routed)           0.748    19.718    system_i/dut0/inst/u8/y[7]_i_1656_n_0
    SLICE_X36Y59         CARRY4 (Prop_carry4_DI[0]_CO[3])
                                                      0.550    20.268 r  system_i/dut0/inst/u8/y_reg[7]_i_1526/CO[3]
                         net (fo=32, routed)          1.421    21.689    system_i/dut0/inst/u8/y_reg[7]_i_1526_n_0
    SLICE_X43Y65         LUT5 (Prop_lut5_I1_O)        0.124    21.813 r  system_i/dut0/inst/u8/y[5]_i_179/O
                         net (fo=10, routed)          1.496    23.310    system_i/dut0/inst/u8/w4_reg[5]_0
    SLICE_X43Y82         LUT4 (Prop_lut4_I0_O)        0.124    23.434 r  system_i/dut0/inst/u8/y[7]_i_1591/O
                         net (fo=1, routed)           0.000    23.434    system_i/dut0/inst/u9/y[7]_i_1621[2]
    SLICE_X43Y82         CARRY4 (Prop_carry4_S[2]_CO[3])
                                                      0.398    23.832 r  system_i/dut0/inst/u9/y_reg[7]_i_1404/CO[3]
                         net (fo=56, routed)          1.612    25.444    system_i/dut0/inst/u8/y_reg[7]_i_1474_0[0]
    SLICE_X44Y77         LUT6 (Prop_lut6_I1_O)        0.124    25.568 r  system_i/dut0/inst/u8/y[7]_i_1624/O
                         net (fo=1, routed)           0.526    26.094    system_i/dut0/inst/u8/y[7]_i_1624_n_0
    SLICE_X44Y78         CARRY4 (Prop_carry4_DI[0]_CO[3])
                                                      0.526    26.620 r  system_i/dut0/inst/u8/y_reg[7]_i_1474/CO[3]
                         net (fo=16, routed)          0.931    27.551    system_i/dut0/inst/u8/y_reg[7]_i_1474_n_0
    SLICE_X44Y80         LUT5 (Prop_lut5_I1_O)        0.124    27.675 r  system_i/dut0/inst/u8/y[3]_i_166/O
                         net (fo=7, routed)           1.061    28.737    system_i/dut0/inst/u8/y[3]_i_166_n_0
    SLICE_X48Y79         LUT4 (Prop_lut4_I0_O)        0.124    28.861 r  system_i/dut0/inst/u8/y[7]_i_1471/O
                         net (fo=1, routed)           0.000    28.861    system_i/dut0/inst/u8/y[7]_i_1471_n_0
    SLICE_X48Y79         CARRY4 (Prop_carry4_S[1]_CO[3])
                                                      0.550    29.411 r  system_i/dut0/inst/u8/y_reg[7]_i_1270/CO[3]
                         net (fo=36, routed)          0.799    30.209    system_i/dut0/inst/u8/y_reg[7]_i_1270_n_0
    SLICE_X48Y78         LUT3 (Prop_lut3_I1_O)        0.124    30.333 r  system_i/dut0/inst/u8/y[7]_i_1618/O
                         net (fo=2, routed)           0.963    31.296    system_i/dut0/inst/u8/y[7]_i_1618_n_0
    SLICE_X52Y78         LUT6 (Prop_lut6_I4_O)        0.124    31.420 r  system_i/dut0/inst/u8/y[7]_i_1458/O
                         net (fo=1, routed)           0.464    31.884    system_i/dut0/inst/u8/y[7]_i_1458_n_0
    SLICE_X50Y78         CARRY4 (Prop_carry4_DI[2]_CO[3])
                                                      0.404    32.288 r  system_i/dut0/inst/u8/y_reg[7]_i_1268/CO[3]
                         net (fo=16, routed)          1.215    33.502    system_i/dut0/inst/u8/y_reg[7]_i_1268_n_0
    SLICE_X50Y85         LUT5 (Prop_lut5_I3_O)        0.124    33.626 f  system_i/dut0/inst/u8/y[0]_i_147/O
                         net (fo=4, routed)           0.930    34.556    system_i/dut0/inst/u8/y[0]_i_147_n_0
    SLICE_X49Y89         LUT6 (Prop_lut6_I5_O)        0.124    34.680 r  system_i/dut0/inst/u8/y[7]_i_1287__0/O
                         net (fo=1, routed)           0.404    35.084    system_i/dut0/inst/u8/y[7]_i_1287__0_n_0
    SLICE_X48Y89         CARRY4 (Prop_carry4_DI[0]_CO[3])
                                                      0.526    35.610 r  system_i/dut0/inst/u8/y_reg[7]_i_1084/CO[3]
                         net (fo=16, routed)          1.011    36.621    system_i/dut0/inst/u8/y_reg[7]_i_1084_n_0
    SLICE_X48Y91         LUT5 (Prop_lut5_I3_O)        0.124    36.745 f  system_i/dut0/inst/u8/y[5]_i_156/O
                         net (fo=4, routed)           1.026    37.771    system_i/dut0/inst/u9/y_reg[7]_i_1128_4
    SLICE_X46Y94         LUT6 (Prop_lut6_I3_O)        0.124    37.895 r  system_i/dut0/inst/u9/y[7]_i_1338__0/O
                         net (fo=1, routed)           0.568    38.463    system_i/dut0/inst/u9/y[7]_i_1338__0_n_0
    SLICE_X47Y94         CARRY4 (Prop_carry4_DI[2]_CO[3])
                                                      0.398    38.861 r  system_i/dut0/inst/u9/y_reg[7]_i_1128/CO[3]
                         net (fo=16, routed)          1.017    39.878    system_i/dut0/inst/u9/y_reg[7]_i_1128_n_0
    SLICE_X49Y93         LUT5 (Prop_lut5_I1_O)        0.124    40.002 r  system_i/dut0/inst/u9/y[7]_i_888/O
                         net (fo=7, routed)           1.114    41.116    system_i/dut0/inst/u9/y[7]_i_1131_0
    SLICE_X50Y90         LUT4 (Prop_lut4_I0_O)        0.124    41.240 r  system_i/dut0/inst/u9/y[7]_i_1136/O
                         net (fo=1, routed)           0.000    41.240    system_i/dut0/inst/u9/y[7]_i_1136_n_0
    SLICE_X50Y90         CARRY4 (Prop_carry4_S[3]_CO[3])
                                                      0.376    41.616 r  system_i/dut0/inst/u9/y_reg[7]_i_889/CO[3]
                         net (fo=36, routed)          1.098    42.715    system_i/dut0/inst/u9/y[7]_i_1139_0[0]
    SLICE_X51Y90         LUT3 (Prop_lut3_I1_O)        0.124    42.839 r  system_i/dut0/inst/u9/y[7]_i_1333/O
                         net (fo=2, routed)           0.748    43.586    system_i/dut0/inst/u8/y_reg[7]_i_887_8
    SLICE_X50Y89         LUT6 (Prop_lut6_I4_O)        0.124    43.710 r  system_i/dut0/inst/u8/y[7]_i_1119/O
                         net (fo=1, routed)           0.521    44.231    system_i/dut0/inst/u8/y[7]_i_1119_n_0
    SLICE_X51Y89         CARRY4 (Prop_carry4_DI[3]_CO[3])
                                                      0.385    44.616 r  system_i/dut0/inst/u8/y_reg[7]_i_887/CO[3]
                         net (fo=16, routed)          0.966    45.582    system_i/dut0/inst/u8/y_reg[7]_i_887_n_0
    SLICE_X50Y92         LUT5 (Prop_lut5_I3_O)        0.124    45.706 f  system_i/dut0/inst/u8/y[7]_i_763/O
                         net (fo=4, routed)           0.911    46.617    system_i/dut0/inst/u9/y_reg[7]_i_764_6
    SLICE_X50Y95         LUT6 (Prop_lut6_I3_O)        0.124    46.741 r  system_i/dut0/inst/u9/y[7]_i_975__0/O
                         net (fo=1, routed)           0.612    47.353    system_i/dut0/inst/u9/y[7]_i_975__0_n_0
    SLICE_X48Y95         CARRY4 (Prop_carry4_DI[3]_CO[3])
                                                      0.385    47.738 r  system_i/dut0/inst/u9/y_reg[7]_i_764/CO[3]
                         net (fo=16, routed)          1.145    48.882    system_i/dut0/inst/u9/y_reg[7]_i_764_n_0
    SLICE_X48Y100        LUT5 (Prop_lut5_I3_O)        0.124    49.006 r  system_i/dut0/inst/u9/y[1]_i_93/O
                         net (fo=4, routed)           0.842    49.849    system_i/dut0/inst/u9/y[1]_i_93_n_0
    SLICE_X49Y101        LUT6 (Prop_lut6_I3_O)        0.124    49.973 r  system_i/dut0/inst/u9/y[7]_i_806/O
                         net (fo=1, routed)           0.000    49.973    system_i/dut0/inst/u9/y[7]_i_806_n_0
    SLICE_X49Y101        CARRY4 (Prop_carry4_S[0]_CO[3])
                                                      0.532    50.505 r  system_i/dut0/inst/u9/y_reg[7]_i_597/CO[3]
                         net (fo=16, routed)          0.881    51.386    system_i/dut0/inst/u9/y_reg[7]_i_597_n_0
    SLICE_X50Y102        LUT5 (Prop_lut5_I3_O)        0.124    51.510 r  system_i/dut0/inst/u9/y[7]_i_814/O
                         net (fo=4, routed)           0.843    52.353    system_i/dut0/inst/u9/y[7]_i_814_n_0
    SLICE_X50Y103        LUT4 (Prop_lut4_I2_O)        0.124    52.477 r  system_i/dut0/inst/u9/y[7]_i_606/O
                         net (fo=1, routed)           0.000    52.477    system_i/dut0/inst/u9/y[7]_i_606_n_0
    SLICE_X50Y103        CARRY4 (Prop_carry4_S[0]_CO[3])
                                                      0.513    52.990 r  system_i/dut0/inst/u9/y_reg[7]_i_391/CO[3]
                         net (fo=28, routed)          1.001    53.991    system_i/dut0/inst/u9/y_reg[7]_i_391_n_0
    SLICE_X54Y103        LUT3 (Prop_lut3_I1_O)        0.124    54.115 f  system_i/dut0/inst/u9/y[3]_i_140/O
                         net (fo=5, routed)           0.746    54.860    system_i/dut0/inst/u9/y[3]_i_140_n_0
    SLICE_X55Y106        LUT6 (Prop_lut6_I3_O)        0.124    54.984 r  system_i/dut0/inst/u9/y[7]_i_1236/O
                         net (fo=1, routed)           0.338    55.323    system_i/dut0/inst/u9/y[7]_i_1236_n_0
    SLICE_X56Y106        CARRY4 (Prop_carry4_DI[1]_CO[3])
                                                      0.507    55.830 r  system_i/dut0/inst/u9/y_reg[7]_i_1047/CO[3]
                         net (fo=24, routed)          1.341    57.170    system_i/dut0/inst/u9/y_reg[7]_i_1047_n_0
    SLICE_X59Y104        LUT3 (Prop_lut3_I1_O)        0.124    57.294 r  system_i/dut0/inst/u9/y[6]_i_125/O
                         net (fo=9, routed)           0.802    58.097    system_i/dut0/inst/u9/y[6]_i_125_n_0
    SLICE_X61Y104        LUT4 (Prop_lut4_I2_O)        0.124    58.221 r  system_i/dut0/inst/u9/y[7]_i_1251/O
                         net (fo=1, routed)           0.000    58.221    system_i/dut0/inst/u9/y[7]_i_1251_n_0
    SLICE_X61Y104        CARRY4 (Prop_carry4_S[3]_CO[3])
                                                      0.401    58.622 r  system_i/dut0/inst/u9/y_reg[7]_i_1058/CO[3]
                         net (fo=40, routed)          1.181    59.802    system_i/dut0/inst/u9/y_reg[7]_i_1058_n_0
    SLICE_X55Y104        LUT6 (Prop_lut6_I3_O)        0.124    59.926 r  system_i/dut0/inst/u9/y[7]_i_1597/O
                         net (fo=4, routed)           0.658    60.584    system_i/dut0/inst/u9/y[7]_i_1597_n_0
    SLICE_X56Y103        LUT4 (Prop_lut4_I1_O)        0.124    60.708 r  system_i/dut0/inst/u9/y[7]_i_1435/O
                         net (fo=1, routed)           0.000    60.708    system_i/dut0/inst/u9/y[7]_i_1435_n_0
    SLICE_X56Y103        CARRY4 (Prop_carry4_S[2]_CO[3])
                                                      0.398    61.106 r  system_i/dut0/inst/u9/y_reg[7]_i_1255/CO[3]
                         net (fo=1, routed)           0.000    61.106    system_i/dut0/inst/u9/y_reg[7]_i_1255_n_0
    SLICE_X56Y104        CARRY4 (Prop_carry4_CI_O[0])
                                                      0.222    61.328 r  system_i/dut0/inst/u9/y_reg[7]_i_1060/O[0]
                         net (fo=16, routed)          0.517    61.845    system_i/dut0/inst/u9/y_reg[7]_i_1060_n_7
    SLICE_X55Y103        LUT6 (Prop_lut6_I4_O)        0.299    62.144 r  system_i/dut0/inst/u9/y[3]_i_118/O
                         net (fo=1, routed)           0.000    62.144    system_i/dut0/inst/u9/y[3]_i_118_n_0
    SLICE_X55Y103        MUXF7 (Prop_muxf7_I0_O)      0.212    62.356 r  system_i/dut0/inst/u9/y_reg[3]_i_95/O
                         net (fo=4, routed)           1.102    63.459    system_i/dut0/inst/u9/y_reg[3]_i_95_n_0
    SLICE_X58Y101        LUT4 (Prop_lut4_I0_O)        0.327    63.786 r  system_i/dut0/inst/u9/y[7]_i_1050/O
                         net (fo=1, routed)           0.000    63.786    system_i/dut0/inst/u9/y[7]_i_1050_n_0
    SLICE_X58Y101        CARRY4 (Prop_carry4_DI[1]_CO[3])
                                                      0.454    64.240 r  system_i/dut0/inst/u9/y_reg[7]_i_848/CO[3]
                         net (fo=1, routed)           0.000    64.240    system_i/dut0/inst/u9/y_reg[7]_i_848_n_0
    SLICE_X58Y102        CARRY4 (Prop_carry4_CI_O[0])
                                                      0.219    64.459 r  system_i/dut0/inst/u9/y_reg[7]_i_641/O[0]
                         net (fo=12, routed)          0.787    65.246    system_i/dut0/inst/u9/y_reg[7]_i_641_n_7
    SLICE_X56Y100        LUT6 (Prop_lut6_I0_O)        0.295    65.541 r  system_i/dut0/inst/u9/y[0]_i_61/O
                         net (fo=5, routed)           0.764    66.305    system_i/dut0/inst/u9/y[0]_i_82_0
    SLICE_X60Y99         LUT4 (Prop_lut4_I3_O)        0.124    66.429 r  system_i/dut0/inst/u9/y[7]_i_847__0/O
                         net (fo=1, routed)           0.000    66.429    system_i/dut0/inst/u9/y[7]_i_847__0_n_0
    SLICE_X60Y99         CARRY4 (Prop_carry4_S[0]_CO[3])
                                                      0.532    66.961 r  system_i/dut0/inst/u9/y_reg[7]_i_640/CO[3]
                         net (fo=1, routed)           0.001    66.961    system_i/dut0/inst/u9/y_reg[7]_i_640_n_0
    SLICE_X60Y100        CARRY4 (Prop_carry4_CI_O[0])
                                                      0.222    67.183 r  system_i/dut0/inst/u9/y_reg[7]_i_423/O[0]
                         net (fo=12, routed)          1.183    68.367    system_i/dut0/inst/u9/y_reg[7]_i_423_n_7
    SLICE_X62Y99         LUT6 (Prop_lut6_I0_O)        0.299    68.666 r  system_i/dut0/inst/u9/y[3]_i_45/O
                         net (fo=5, routed)           0.799    69.464    system_i/dut0/inst/u8/y_reg[7]_i_427_1
    SLICE_X61Y99         LUT4 (Prop_lut4_I1_O)        0.124    69.588 r  system_i/dut0/inst/u8/y[7]_i_638/O
                         net (fo=1, routed)           0.000    69.588    system_i/dut0/inst/u9/S[1]
    SLICE_X61Y99         CARRY4 (Prop_carry4_S[1]_CO[3])
                                                      0.550    70.138 r  system_i/dut0/inst/u9/y_reg[7]_i_422/CO[3]
                         net (fo=1, routed)           0.001    70.139    system_i/dut0/inst/u9/y_reg[7]_i_422_n_0
    SLICE_X61Y100        CARRY4 (Prop_carry4_CI_O[0])
                                                      0.222    70.361 r  system_i/dut0/inst/u9/y_reg[7]_i_259/O[0]
                         net (fo=12, routed)          0.997    71.358    system_i/dut0/inst/u8/O[0]
    SLICE_X64Y101        LUT6 (Prop_lut6_I0_O)        0.299    71.657 r  system_i/dut0/inst/u8/y[2]_i_26/O
                         net (fo=3, routed)           0.846    72.503    system_i/dut0/inst/u8/y[2]_i_26_n_0
    SLICE_X65Y99         LUT4 (Prop_lut4_I2_O)        0.152    72.655 r  system_i/dut0/inst/u8/y[7]_i_416/O
                         net (fo=1, routed)           0.000    72.655    system_i/dut0/inst/u8/y[7]_i_416_n_0
    SLICE_X65Y99         CARRY4 (Prop_carry4_DI[1]_CO[3])
                                                      0.470    73.125 r  system_i/dut0/inst/u8/y_reg[7]_i_258/CO[3]
                         net (fo=1, routed)           0.001    73.126    system_i/dut0/inst/u8/y_reg[7]_i_258_n_0
    SLICE_X65Y100        CARRY4 (Prop_carry4_CI_O[0])
                                                      0.222    73.348 r  system_i/dut0/inst/u8/y_reg[7]_i_148/O[0]
                         net (fo=12, routed)          0.863    74.211    system_i/dut0/inst/u8/y_reg[7]_i_148_n_7
    SLICE_X66Y98         LUT6 (Prop_lut6_I0_O)        0.299    74.510 r  system_i/dut0/inst/u8/y[3]_i_16/O
                         net (fo=5, routed)           1.007    75.517    system_i/dut0/inst/u8/y[3]_i_16_n_0
    SLICE_X66Y96         LUT4 (Prop_lut4_I1_O)        0.124    75.641 r  system_i/dut0/inst/u8/y[7]_i_256/O
                         net (fo=1, routed)           0.000    75.641    system_i/dut0/inst/u8/y[7]_i_256_n_0
    SLICE_X66Y96         CARRY4 (Prop_carry4_S[1]_CO[3])
                                                      0.533    76.174 r  system_i/dut0/inst/u8/y_reg[7]_i_147/CO[3]
                         net (fo=1, routed)           0.000    76.174    system_i/dut0/inst/u8/y_reg[7]_i_147_n_0
    SLICE_X66Y97         CARRY4 (Prop_carry4_CI_O[0])
                                                      0.219    76.393 r  system_i/dut0/inst/u8/y_reg[7]_i_56/O[0]
                         net (fo=12, routed)          0.784    77.177    system_i/dut0/inst/u8/y_reg[7]_i_56_n_7
    SLICE_X64Y97         LUT6 (Prop_lut6_I0_O)        0.295    77.472 r  system_i/dut0/inst/u8/y[7]_i_217/O
                         net (fo=3, routed)           0.879    78.351    system_i/dut0/inst/u8/y[7]_i_217_n_0
    SLICE_X65Y94         LUT4 (Prop_lut4_I3_O)        0.124    78.475 r  system_i/dut0/inst/u8/y[7]_i_146/O
                         net (fo=1, routed)           0.000    78.475    system_i/dut0/inst/u8/y[7]_i_146_n_0
    SLICE_X65Y94         CARRY4 (Prop_carry4_S[0]_CO[3])
                                                      0.532    79.007 r  system_i/dut0/inst/u8/y_reg[7]_i_55/CO[3]
                         net (fo=1, routed)           0.000    79.007    system_i/dut0/inst/u8/y_reg[7]_i_55_n_0
    SLICE_X65Y95         CARRY4 (Prop_carry4_CI_O[0])
                                                      0.222    79.229 r  system_i/dut0/inst/u8/y_reg[7]_i_21/O[0]
                         net (fo=12, routed)          1.045    80.274    system_i/dut0/inst/u8/y_reg[7]_i_21_n_7
    SLICE_X63Y92         LUT6 (Prop_lut6_I0_O)        0.299    80.573 r  system_i/dut0/inst/u8/y[6]_i_3/O
                         net (fo=2, routed)           0.827    81.401    system_i/dut0/inst/u8/y[6]_i_3_n_0
    SLICE_X64Y92         LUT4 (Prop_lut4_I2_O)        0.149    81.550 r  system_i/dut0/inst/u8/y[7]_i_31/O
                         net (fo=1, routed)           0.000    81.550    system_i/dut0/inst/u8/y[7]_i_31_n_0
    SLICE_X64Y92         CARRY4 (Prop_carry4_DI[3]_CO[3])
                                                      0.353    81.903 r  system_i/dut0/inst/u8/y_reg[7]_i_9/CO[3]
                         net (fo=1, routed)           0.000    81.903    system_i/dut0/inst/u8/y_reg[7]_i_9_n_0
    SLICE_X64Y93         CARRY4 (Prop_carry4_CI_O[0])
                                                      0.222    82.125 r  system_i/dut0/inst/u8/y_reg[7]_i_3/O[0]
                         net (fo=8, routed)           0.457    82.581    system_i/dut0/inst/u8/y_reg[7]_i_3_n_7
    SLICE_X63Y93         LUT6 (Prop_lut6_I0_O)        0.299    82.880 r  system_i/dut0/inst/u8/y[4]_i_1/O
                         net (fo=1, routed)           0.000    82.880    system_i/dut0/inst/u8/s[4]
    SLICE_X63Y93         FDRE                                         r  system_i/dut0/inst/u8/y_reg[4]/D
  -------------------------------------------------------------------    -------------------

                         (clock clk_fpga_0 rise edge)
                                                      5.000     5.000 r  
    PS7_X0Y0             PS7                          0.000     5.000 r  system_i/ps7/inst/PS7_i/FCLKCLK[0]
                         net (fo=1, routed)           1.088     6.088    system_i/ps7/inst/FCLK_CLK_unbuffered[0]
    BUFGCTRL_X0Y16       BUFG (Prop_bufg_I_O)         0.091     6.179 r  system_i/ps7/inst/buffer_fclk_clk_0.FCLK_CLK_0_BUFG/O
                         net (fo=2812, routed)        1.540     7.719    system_i/dut0/inst/u8/clk
    SLICE_X63Y93         FDRE                                         r  system_i/dut0/inst/u8/y_reg[4]/C
                         clock pessimism              0.129     7.848    
                         clock uncertainty           -0.083     7.765    
    SLICE_X63Y93         FDRE (Setup_fdre_C_D)        0.031     7.796    system_i/dut0/inst/u8/y_reg[4]
  -------------------------------------------------------------------
                         required time                          7.796    
                         arrival time                         -82.880    
  -------------------------------------------------------------------
                         slack                                -75.085    

Slack (VIOLATED) :        -75.083ns  (required time - arrival time)
  Source:                 system_i/dut0/inst/u9/w0_reg[1]/C
                            (rising edge-triggered cell FDRE clocked by clk_fpga_0  {rise@0.000ns fall@2.500ns period=5.000ns})
  Destination:            system_i/dut0/inst/u8/y_reg[0]/D
                            (rising edge-triggered cell FDRE clocked by clk_fpga_0  {rise@0.000ns fall@2.500ns period=5.000ns})
  Path Group:             clk_fpga_0
  Path Type:              Setup (Max at Slow Process Corner)
  Requirement:            5.000ns  (clk_fpga_0 rise@5.000ns - clk_fpga_0 rise@0.000ns)
  Data Path Delay:        79.885ns  (logic 23.398ns (29.289%)  route 56.487ns (70.710%))
  Logic Levels:           89  (CARRY4=35 LUT3=6 LUT4=15 LUT5=10 LUT6=22 MUXF7=1)
  Clock Path Skew:        -0.146ns (DCD - SCD + CPR)
    Destination Clock Delay (DCD):    2.719ns = ( 7.719 - 5.000 ) 
    Source Clock Delay      (SCD):    2.994ns
    Clock Pessimism Removal (CPR):    0.129ns
  Clock Uncertainty:      0.083ns  ((TSJ^2 + TIJ^2)^1/2 + DJ) / 2 + PE
    Total System Jitter     (TSJ):    0.071ns
    Total Input Jitter      (TIJ):    0.150ns
    Discrete Jitter          (DJ):    0.000ns
    Phase Error              (PE):    0.000ns

    Location             Delay type                Incr(ns)  Path(ns)    Netlist Resource(s)
  -------------------------------------------------------------------    -------------------
                         (clock clk_fpga_0 rise edge)
                                                      0.000     0.000 r  
    PS7_X0Y0             PS7                          0.000     0.000 r  system_i/ps7/inst/PS7_i/FCLKCLK[0]
                         net (fo=1, routed)           1.193     1.193    system_i/ps7/inst/FCLK_CLK_unbuffered[0]
    BUFGCTRL_X0Y16       BUFG (Prop_bufg_I_O)         0.101     1.294 r  system_i/ps7/inst/buffer_fclk_clk_0.FCLK_CLK_0_BUFG/O
                         net (fo=2812, routed)        1.700     2.994    system_i/dut0/inst/u9/clk
    SLICE_X28Y52         FDRE                                         r  system_i/dut0/inst/u9/w0_reg[1]/C
  -------------------------------------------------------------------    -------------------
    SLICE_X28Y52         FDRE (Prop_fdre_C_Q)         0.456     3.450 r  system_i/dut0/inst/u9/w0_reg[1]/Q
                         net (fo=25, routed)          0.959     4.409    system_i/dut0/inst/u9/w0[1]
    SLICE_X27Y51         LUT4 (Prop_lut4_I0_O)        0.124     4.533 r  system_i/dut0/inst/u9/y[7]_i_1676/O
                         net (fo=1, routed)           0.000     4.533    system_i/dut0/inst/u9/y[7]_i_1676_n_0
    SLICE_X27Y51         CARRY4 (Prop_carry4_S[0]_CO[3])
                                                      0.532     5.065 r  system_i/dut0/inst/u9/y_reg[7]_i_1541/CO[3]
                         net (fo=64, routed)          0.971     6.036    system_i/dut0/inst/u9/y_reg[7]_i_1541_n_0
    SLICE_X26Y51         LUT3 (Prop_lut3_I1_O)        0.124     6.160 r  system_i/dut0/inst/u9/y[7]_i_1785/O
                         net (fo=1, routed)           0.773     6.933    system_i/dut0/inst/u9/y[7]_i_1785_n_0
    SLICE_X26Y50         LUT6 (Prop_lut6_I1_O)        0.124     7.057 r  system_i/dut0/inst/u9/y[7]_i_1680/O
                         net (fo=1, routed)           0.628     7.685    system_i/dut0/inst/u9/y[7]_i_1680_n_0
    SLICE_X28Y50         CARRY4 (Prop_carry4_DI[0]_CO[3])
                                                      0.526     8.211 r  system_i/dut0/inst/u9/y_reg[7]_i_1542/CO[3]
                         net (fo=40, routed)          1.255     9.466    system_i/dut0/inst/u9/y_reg[7]_i_1542_n_0
    SLICE_X26Y53         LUT5 (Prop_lut5_I3_O)        0.124     9.590 f  system_i/dut0/inst/u9/y[7]_i_1777/O
                         net (fo=1, routed)           0.541    10.131    system_i/dut0/inst/u9/y[7]_i_1777_n_0
    SLICE_X26Y53         LUT6 (Prop_lut6_I5_O)        0.124    10.255 r  system_i/dut0/inst/u9/y[7]_i_1664/O
                         net (fo=1, routed)           0.483    10.737    system_i/dut0/inst/u9/y[7]_i_1664_n_0
    SLICE_X27Y53         CARRY4 (Prop_carry4_DI[0]_CO[3])
                                                      0.526    11.263 r  system_i/dut0/inst/u9/y_reg[7]_i_1540/CO[3]
                         net (fo=16, routed)          1.141    12.404    system_i/dut0/inst/u9/y_reg[7]_i_1540_n_0
    SLICE_X26Y57         LUT6 (Prop_lut6_I2_O)        0.124    12.528 r  system_i/dut0/inst/u9/y[3]_i_183/O
                         net (fo=4, routed)           0.656    13.184    system_i/dut0/inst/u9/y[3]_i_183_n_0
    SLICE_X27Y57         LUT6 (Prop_lut6_I0_O)        0.124    13.308 r  system_i/dut0/inst/u9/y[7]_i_1695/O
                         net (fo=1, routed)           0.331    13.639    system_i/dut0/inst/u9/y[7]_i_1695_n_0
    SLICE_X27Y56         CARRY4 (Prop_carry4_DI[1]_CO[3])
                                                      0.507    14.146 r  system_i/dut0/inst/u9/y_reg[7]_i_1552/CO[3]
                         net (fo=16, routed)          1.200    15.346    system_i/dut0/inst/u9/y_reg[7]_i_1552_n_0
    SLICE_X31Y59         LUT5 (Prop_lut5_I3_O)        0.124    15.470 r  system_i/dut0/inst/u9/y[7]_i_1575/O
                         net (fo=4, routed)           0.833    16.303    system_i/dut0/inst/u8/y_reg[7]_i_1576_5
    SLICE_X30Y59         LUT4 (Prop_lut4_I1_O)        0.124    16.427 r  system_i/dut0/inst/u8/y[7]_i_1721/O
                         net (fo=1, routed)           0.000    16.427    system_i/dut0/inst/u9/y[1]_i_184_0[3]
    SLICE_X30Y59         CARRY4 (Prop_carry4_S[3]_CO[3])
                                                      0.376    16.803 r  system_i/dut0/inst/u9/y_reg[7]_i_1576/CO[3]
                         net (fo=16, routed)          1.008    17.811    system_i/dut0/inst/u9/y_reg[7]_i_1576_n_0
    SLICE_X32Y59         LUT3 (Prop_lut3_I1_O)        0.124    17.935 r  system_i/dut0/inst/u9/y[1]_i_184/O
                         net (fo=6, routed)           0.911    18.846    system_i/dut0/inst/u8/y_reg[7]_i_1526_0
    SLICE_X31Y59         LUT6 (Prop_lut6_I0_O)        0.124    18.970 r  system_i/dut0/inst/u8/y[7]_i_1656/O
                         net (fo=1, routed)           0.748    19.718    system_i/dut0/inst/u8/y[7]_i_1656_n_0
    SLICE_X36Y59         CARRY4 (Prop_carry4_DI[0]_CO[3])
                                                      0.550    20.268 r  system_i/dut0/inst/u8/y_reg[7]_i_1526/CO[3]
                         net (fo=32, routed)          1.421    21.689    system_i/dut0/inst/u8/y_reg[7]_i_1526_n_0
    SLICE_X43Y65         LUT5 (Prop_lut5_I1_O)        0.124    21.813 r  system_i/dut0/inst/u8/y[5]_i_179/O
                         net (fo=10, routed)          1.496    23.310    system_i/dut0/inst/u8/w4_reg[5]_0
    SLICE_X43Y82         LUT4 (Prop_lut4_I0_O)        0.124    23.434 r  system_i/dut0/inst/u8/y[7]_i_1591/O
                         net (fo=1, routed)           0.000    23.434    system_i/dut0/inst/u9/y[7]_i_1621[2]
    SLICE_X43Y82         CARRY4 (Prop_carry4_S[2]_CO[3])
                                                      0.398    23.832 r  system_i/dut0/inst/u9/y_reg[7]_i_1404/CO[3]
                         net (fo=56, routed)          1.612    25.444    system_i/dut0/inst/u8/y_reg[7]_i_1474_0[0]
    SLICE_X44Y77         LUT6 (Prop_lut6_I1_O)        0.124    25.568 r  system_i/dut0/inst/u8/y[7]_i_1624/O
                         net (fo=1, routed)           0.526    26.094    system_i/dut0/inst/u8/y[7]_i_1624_n_0
    SLICE_X44Y78         CARRY4 (Prop_carry4_DI[0]_CO[3])
                                                      0.526    26.620 r  system_i/dut0/inst/u8/y_reg[7]_i_1474/CO[3]
                         net (fo=16, routed)          0.931    27.551    system_i/dut0/inst/u8/y_reg[7]_i_1474_n_0
    SLICE_X44Y80         LUT5 (Prop_lut5_I1_O)        0.124    27.675 r  system_i/dut0/inst/u8/y[3]_i_166/O
                         net (fo=7, routed)           1.061    28.737    system_i/dut0/inst/u8/y[3]_i_166_n_0
    SLICE_X48Y79         LUT4 (Prop_lut4_I0_O)        0.124    28.861 r  system_i/dut0/inst/u8/y[7]_i_1471/O
                         net (fo=1, routed)           0.000    28.861    system_i/dut0/inst/u8/y[7]_i_1471_n_0
    SLICE_X48Y79         CARRY4 (Prop_carry4_S[1]_CO[3])
                                                      0.550    29.411 r  system_i/dut0/inst/u8/y_reg[7]_i_1270/CO[3]
                         net (fo=36, routed)          0.799    30.209    system_i/dut0/inst/u8/y_reg[7]_i_1270_n_0
    SLICE_X48Y78         LUT3 (Prop_lut3_I1_O)        0.124    30.333 r  system_i/dut0/inst/u8/y[7]_i_1618/O
                         net (fo=2, routed)           0.963    31.296    system_i/dut0/inst/u8/y[7]_i_1618_n_0
    SLICE_X52Y78         LUT6 (Prop_lut6_I4_O)        0.124    31.420 r  system_i/dut0/inst/u8/y[7]_i_1458/O
                         net (fo=1, routed)           0.464    31.884    system_i/dut0/inst/u8/y[7]_i_1458_n_0
    SLICE_X50Y78         CARRY4 (Prop_carry4_DI[2]_CO[3])
                                                      0.404    32.288 r  system_i/dut0/inst/u8/y_reg[7]_i_1268/CO[3]
                         net (fo=16, routed)          1.215    33.502    system_i/dut0/inst/u8/y_reg[7]_i_1268_n_0
    SLICE_X50Y85         LUT5 (Prop_lut5_I3_O)        0.124    33.626 f  system_i/dut0/inst/u8/y[0]_i_147/O
                         net (fo=4, routed)           0.930    34.556    system_i/dut0/inst/u8/y[0]_i_147_n_0
    SLICE_X49Y89         LUT6 (Prop_lut6_I5_O)        0.124    34.680 r  system_i/dut0/inst/u8/y[7]_i_1287__0/O
                         net (fo=1, routed)           0.404    35.084    system_i/dut0/inst/u8/y[7]_i_1287__0_n_0
    SLICE_X48Y89         CARRY4 (Prop_carry4_DI[0]_CO[3])
                                                      0.526    35.610 r  system_i/dut0/inst/u8/y_reg[7]_i_1084/CO[3]
                         net (fo=16, routed)          1.011    36.621    system_i/dut0/inst/u8/y_reg[7]_i_1084_n_0
    SLICE_X48Y91         LUT5 (Prop_lut5_I3_O)        0.124    36.745 f  system_i/dut0/inst/u8/y[5]_i_156/O
                         net (fo=4, routed)           1.026    37.771    system_i/dut0/inst/u9/y_reg[7]_i_1128_4
    SLICE_X46Y94         LUT6 (Prop_lut6_I3_O)        0.124    37.895 r  system_i/dut0/inst/u9/y[7]_i_1338__0/O
                         net (fo=1, routed)           0.568    38.463    system_i/dut0/inst/u9/y[7]_i_1338__0_n_0
    SLICE_X47Y94         CARRY4 (Prop_carry4_DI[2]_CO[3])
                                                      0.398    38.861 r  system_i/dut0/inst/u9/y_reg[7]_i_1128/CO[3]
                         net (fo=16, routed)          1.017    39.878    system_i/dut0/inst/u9/y_reg[7]_i_1128_n_0
    SLICE_X49Y93         LUT5 (Prop_lut5_I1_O)        0.124    40.002 r  system_i/dut0/inst/u9/y[7]_i_888/O
                         net (fo=7, routed)           1.114    41.116    system_i/dut0/inst/u9/y[7]_i_1131_0
    SLICE_X50Y90         LUT4 (Prop_lut4_I0_O)        0.124    41.240 r  system_i/dut0/inst/u9/y[7]_i_1136/O
                         net (fo=1, routed)           0.000    41.240    system_i/dut0/inst/u9/y[7]_i_1136_n_0
    SLICE_X50Y90         CARRY4 (Prop_carry4_S[3]_CO[3])
                                                      0.376    41.616 r  system_i/dut0/inst/u9/y_reg[7]_i_889/CO[3]
                         net (fo=36, routed)          1.098    42.715    system_i/dut0/inst/u9/y[7]_i_1139_0[0]
    SLICE_X51Y90         LUT3 (Prop_lut3_I1_O)        0.124    42.839 r  system_i/dut0/inst/u9/y[7]_i_1333/O
                         net (fo=2, routed)           0.748    43.586    system_i/dut0/inst/u8/y_reg[7]_i_887_8
    SLICE_X50Y89         LUT6 (Prop_lut6_I4_O)        0.124    43.710 r  system_i/dut0/inst/u8/y[7]_i_1119/O
                         net (fo=1, routed)           0.521    44.231    system_i/dut0/inst/u8/y[7]_i_1119_n_0
    SLICE_X51Y89         CARRY4 (Prop_carry4_DI[3]_CO[3])
                                                      0.385    44.616 r  system_i/dut0/inst/u8/y_reg[7]_i_887/CO[3]
                         net (fo=16, routed)          0.966    45.582    system_i/dut0/inst/u8/y_reg[7]_i_887_n_0
    SLICE_X50Y92         LUT5 (Prop_lut5_I3_O)        0.124    45.706 f  system_i/dut0/inst/u8/y[7]_i_763/O
                         net (fo=4, routed)           0.911    46.617    system_i/dut0/inst/u9/y_reg[7]_i_764_6
    SLICE_X50Y95         LUT6 (Prop_lut6_I3_O)        0.124    46.741 r  system_i/dut0/inst/u9/y[7]_i_975__0/O
                         net (fo=1, routed)           0.612    47.353    system_i/dut0/inst/u9/y[7]_i_975__0_n_0
    SLICE_X48Y95         CARRY4 (Prop_carry4_DI[3]_CO[3])
                                                      0.385    47.738 r  system_i/dut0/inst/u9/y_reg[7]_i_764/CO[3]
                         net (fo=16, routed)          1.145    48.882    system_i/dut0/inst/u9/y_reg[7]_i_764_n_0
    SLICE_X48Y100        LUT5 (Prop_lut5_I3_O)        0.124    49.006 r  system_i/dut0/inst/u9/y[1]_i_93/O
                         net (fo=4, routed)           0.842    49.849    system_i/dut0/inst/u9/y[1]_i_93_n_0
    SLICE_X49Y101        LUT6 (Prop_lut6_I3_O)        0.124    49.973 r  system_i/dut0/inst/u9/y[7]_i_806/O
                         net (fo=1, routed)           0.000    49.973    system_i/dut0/inst/u9/y[7]_i_806_n_0
    SLICE_X49Y101        CARRY4 (Prop_carry4_S[0]_CO[3])
                                                      0.532    50.505 r  system_i/dut0/inst/u9/y_reg[7]_i_597/CO[3]
                         net (fo=16, routed)          0.881    51.386    system_i/dut0/inst/u9/y_reg[7]_i_597_n_0
    SLICE_X50Y102        LUT5 (Prop_lut5_I3_O)        0.124    51.510 r  system_i/dut0/inst/u9/y[7]_i_814/O
                         net (fo=4, routed)           0.843    52.353    system_i/dut0/inst/u9/y[7]_i_814_n_0
    SLICE_X50Y103        LUT4 (Prop_lut4_I2_O)        0.124    52.477 r  system_i/dut0/inst/u9/y[7]_i_606/O
                         net (fo=1, routed)           0.000    52.477    system_i/dut0/inst/u9/y[7]_i_606_n_0
    SLICE_X50Y103        CARRY4 (Prop_carry4_S[0]_CO[3])
                                                      0.513    52.990 r  system_i/dut0/inst/u9/y_reg[7]_i_391/CO[3]
                         net (fo=28, routed)          1.001    53.991    system_i/dut0/inst/u9/y_reg[7]_i_391_n_0
    SLICE_X54Y103        LUT3 (Prop_lut3_I1_O)        0.124    54.115 f  system_i/dut0/inst/u9/y[3]_i_140/O
                         net (fo=5, routed)           0.746    54.860    system_i/dut0/inst/u9/y[3]_i_140_n_0
    SLICE_X55Y106        LUT6 (Prop_lut6_I3_O)        0.124    54.984 r  system_i/dut0/inst/u9/y[7]_i_1236/O
                         net (fo=1, routed)           0.338    55.323    system_i/dut0/inst/u9/y[7]_i_1236_n_0
    SLICE_X56Y106        CARRY4 (Prop_carry4_DI[1]_CO[3])
                                                      0.507    55.830 r  system_i/dut0/inst/u9/y_reg[7]_i_1047/CO[3]
                         net (fo=24, routed)          1.341    57.170    system_i/dut0/inst/u9/y_reg[7]_i_1047_n_0
    SLICE_X59Y104        LUT3 (Prop_lut3_I1_O)        0.124    57.294 r  system_i/dut0/inst/u9/y[6]_i_125/O
                         net (fo=9, routed)           0.802    58.097    system_i/dut0/inst/u9/y[6]_i_125_n_0
    SLICE_X61Y104        LUT4 (Prop_lut4_I2_O)        0.124    58.221 r  system_i/dut0/inst/u9/y[7]_i_1251/O
                         net (fo=1, routed)           0.000    58.221    system_i/dut0/inst/u9/y[7]_i_1251_n_0
    SLICE_X61Y104        CARRY4 (Prop_carry4_S[3]_CO[3])
                                                      0.401    58.622 r  system_i/dut0/inst/u9/y_reg[7]_i_1058/CO[3]
                         net (fo=40, routed)          1.181    59.802    system_i/dut0/inst/u9/y_reg[7]_i_1058_n_0
    SLICE_X55Y104        LUT6 (Prop_lut6_I3_O)        0.124    59.926 r  system_i/dut0/inst/u9/y[7]_i_1597/O
                         net (fo=4, routed)           0.658    60.584    system_i/dut0/inst/u9/y[7]_i_1597_n_0
    SLICE_X56Y103        LUT4 (Prop_lut4_I1_O)        0.124    60.708 r  system_i/dut0/inst/u9/y[7]_i_1435/O
                         net (fo=1, routed)           0.000    60.708    system_i/dut0/inst/u9/y[7]_i_1435_n_0
    SLICE_X56Y103        CARRY4 (Prop_carry4_S[2]_CO[3])
                                                      0.398    61.106 r  system_i/dut0/inst/u9/y_reg[7]_i_1255/CO[3]
                         net (fo=1, routed)           0.000    61.106    system_i/dut0/inst/u9/y_reg[7]_i_1255_n_0
    SLICE_X56Y104        CARRY4 (Prop_carry4_CI_O[0])
                                                      0.222    61.328 r  system_i/dut0/inst/u9/y_reg[7]_i_1060/O[0]
                         net (fo=16, routed)          0.517    61.845    system_i/dut0/inst/u9/y_reg[7]_i_1060_n_7
    SLICE_X55Y103        LUT6 (Prop_lut6_I4_O)        0.299    62.144 r  system_i/dut0/inst/u9/y[3]_i_118/O
                         net (fo=1, routed)           0.000    62.144    system_i/dut0/inst/u9/y[3]_i_118_n_0
    SLICE_X55Y103        MUXF7 (Prop_muxf7_I0_O)      0.212    62.356 r  system_i/dut0/inst/u9/y_reg[3]_i_95/O
                         net (fo=4, routed)           1.102    63.459    system_i/dut0/inst/u9/y_reg[3]_i_95_n_0
    SLICE_X58Y101        LUT4 (Prop_lut4_I0_O)        0.327    63.786 r  system_i/dut0/inst/u9/y[7]_i_1050/O
                         net (fo=1, routed)           0.000    63.786    system_i/dut0/inst/u9/y[7]_i_1050_n_0
    SLICE_X58Y101        CARRY4 (Prop_carry4_DI[1]_CO[3])
                                                      0.454    64.240 r  system_i/dut0/inst/u9/y_reg[7]_i_848/CO[3]
                         net (fo=1, routed)           0.000    64.240    system_i/dut0/inst/u9/y_reg[7]_i_848_n_0
    SLICE_X58Y102        CARRY4 (Prop_carry4_CI_O[0])
                                                      0.219    64.459 r  system_i/dut0/inst/u9/y_reg[7]_i_641/O[0]
                         net (fo=12, routed)          0.787    65.246    system_i/dut0/inst/u9/y_reg[7]_i_641_n_7
    SLICE_X56Y100        LUT6 (Prop_lut6_I0_O)        0.295    65.541 r  system_i/dut0/inst/u9/y[0]_i_61/O
                         net (fo=5, routed)           0.764    66.305    system_i/dut0/inst/u9/y[0]_i_82_0
    SLICE_X60Y99         LUT4 (Prop_lut4_I3_O)        0.124    66.429 r  system_i/dut0/inst/u9/y[7]_i_847__0/O
                         net (fo=1, routed)           0.000    66.429    system_i/dut0/inst/u9/y[7]_i_847__0_n_0
    SLICE_X60Y99         CARRY4 (Prop_carry4_S[0]_CO[3])
                                                      0.532    66.961 r  system_i/dut0/inst/u9/y_reg[7]_i_640/CO[3]
                         net (fo=1, routed)           0.001    66.961    system_i/dut0/inst/u9/y_reg[7]_i_640_n_0
    SLICE_X60Y100        CARRY4 (Prop_carry4_CI_O[0])
                                                      0.222    67.183 r  system_i/dut0/inst/u9/y_reg[7]_i_423/O[0]
                         net (fo=12, routed)          1.183    68.367    system_i/dut0/inst/u9/y_reg[7]_i_423_n_7
    SLICE_X62Y99         LUT6 (Prop_lut6_I0_O)        0.299    68.666 r  system_i/dut0/inst/u9/y[3]_i_45/O
                         net (fo=5, routed)           0.799    69.464    system_i/dut0/inst/u8/y_reg[7]_i_427_1
    SLICE_X61Y99         LUT4 (Prop_lut4_I1_O)        0.124    69.588 r  system_i/dut0/inst/u8/y[7]_i_638/O
                         net (fo=1, routed)           0.000    69.588    system_i/dut0/inst/u9/S[1]
    SLICE_X61Y99         CARRY4 (Prop_carry4_S[1]_CO[3])
                                                      0.550    70.138 r  system_i/dut0/inst/u9/y_reg[7]_i_422/CO[3]
                         net (fo=1, routed)           0.001    70.139    system_i/dut0/inst/u9/y_reg[7]_i_422_n_0
    SLICE_X61Y100        CARRY4 (Prop_carry4_CI_O[0])
                                                      0.222    70.361 r  system_i/dut0/inst/u9/y_reg[7]_i_259/O[0]
                         net (fo=12, routed)          0.997    71.358    system_i/dut0/inst/u8/O[0]
    SLICE_X64Y101        LUT6 (Prop_lut6_I0_O)        0.299    71.657 r  system_i/dut0/inst/u8/y[2]_i_26/O
                         net (fo=3, routed)           0.846    72.503    system_i/dut0/inst/u8/y[2]_i_26_n_0
    SLICE_X65Y99         LUT4 (Prop_lut4_I2_O)        0.152    72.655 r  system_i/dut0/inst/u8/y[7]_i_416/O
                         net (fo=1, routed)           0.000    72.655    system_i/dut0/inst/u8/y[7]_i_416_n_0
    SLICE_X65Y99         CARRY4 (Prop_carry4_DI[1]_CO[3])
                                                      0.470    73.125 r  system_i/dut0/inst/u8/y_reg[7]_i_258/CO[3]
                         net (fo=1, routed)           0.001    73.126    system_i/dut0/inst/u8/y_reg[7]_i_258_n_0
    SLICE_X65Y100        CARRY4 (Prop_carry4_CI_O[0])
                                                      0.222    73.348 r  system_i/dut0/inst/u8/y_reg[7]_i_148/O[0]
                         net (fo=12, routed)          0.863    74.211    system_i/dut0/inst/u8/y_reg[7]_i_148_n_7
    SLICE_X66Y98         LUT6 (Prop_lut6_I0_O)        0.299    74.510 r  system_i/dut0/inst/u8/y[3]_i_16/O
                         net (fo=5, routed)           1.007    75.517    system_i/dut0/inst/u8/y[3]_i_16_n_0
    SLICE_X66Y96         LUT4 (Prop_lut4_I1_O)        0.124    75.641 r  system_i/dut0/inst/u8/y[7]_i_256/O
                         net (fo=1, routed)           0.000    75.641    system_i/dut0/inst/u8/y[7]_i_256_n_0
    SLICE_X66Y96         CARRY4 (Prop_carry4_S[1]_CO[3])
                                                      0.533    76.174 r  system_i/dut0/inst/u8/y_reg[7]_i_147/CO[3]
                         net (fo=1, routed)           0.000    76.174    system_i/dut0/inst/u8/y_reg[7]_i_147_n_0
    SLICE_X66Y97         CARRY4 (Prop_carry4_CI_O[0])
                                                      0.219    76.393 r  system_i/dut0/inst/u8/y_reg[7]_i_56/O[0]
                         net (fo=12, routed)          0.784    77.177    system_i/dut0/inst/u8/y_reg[7]_i_56_n_7
    SLICE_X64Y97         LUT6 (Prop_lut6_I0_O)        0.295    77.472 r  system_i/dut0/inst/u8/y[7]_i_217/O
                         net (fo=3, routed)           0.879    78.351    system_i/dut0/inst/u8/y[7]_i_217_n_0
    SLICE_X65Y94         LUT4 (Prop_lut4_I3_O)        0.124    78.475 r  system_i/dut0/inst/u8/y[7]_i_146/O
                         net (fo=1, routed)           0.000    78.475    system_i/dut0/inst/u8/y[7]_i_146_n_0
    SLICE_X65Y94         CARRY4 (Prop_carry4_S[0]_CO[3])
                                                      0.532    79.007 r  system_i/dut0/inst/u8/y_reg[7]_i_55/CO[3]
                         net (fo=1, routed)           0.000    79.007    system_i/dut0/inst/u8/y_reg[7]_i_55_n_0
    SLICE_X65Y95         CARRY4 (Prop_carry4_CI_O[0])
                                                      0.222    79.229 r  system_i/dut0/inst/u8/y_reg[7]_i_21/O[0]
                         net (fo=12, routed)          1.045    80.274    system_i/dut0/inst/u8/y_reg[7]_i_21_n_7
    SLICE_X63Y92         LUT6 (Prop_lut6_I0_O)        0.299    80.573 r  system_i/dut0/inst/u8/y[6]_i_3/O
                         net (fo=2, routed)           0.827    81.401    system_i/dut0/inst/u8/y[6]_i_3_n_0
    SLICE_X64Y92         LUT4 (Prop_lut4_I2_O)        0.149    81.550 r  system_i/dut0/inst/u8/y[7]_i_31/O
                         net (fo=1, routed)           0.000    81.550    system_i/dut0/inst/u8/y[7]_i_31_n_0
    SLICE_X64Y92         CARRY4 (Prop_carry4_DI[3]_CO[3])
                                                      0.353    81.903 r  system_i/dut0/inst/u8/y_reg[7]_i_9/CO[3]
                         net (fo=1, routed)           0.000    81.903    system_i/dut0/inst/u8/y_reg[7]_i_9_n_0
    SLICE_X64Y93         CARRY4 (Prop_carry4_CI_O[0])
                                                      0.222    82.125 r  system_i/dut0/inst/u8/y_reg[7]_i_3/O[0]
                         net (fo=8, routed)           0.456    82.580    system_i/dut0/inst/u8/y_reg[7]_i_3_n_7
    SLICE_X63Y93         LUT6 (Prop_lut6_I0_O)        0.299    82.879 r  system_i/dut0/inst/u8/y[0]_i_1/O
                         net (fo=1, routed)           0.000    82.879    system_i/dut0/inst/u8/s[0]
    SLICE_X63Y93         FDRE                                         r  system_i/dut0/inst/u8/y_reg[0]/D
  -------------------------------------------------------------------    -------------------

                         (clock clk_fpga_0 rise edge)
                                                      5.000     5.000 r  
    PS7_X0Y0             PS7                          0.000     5.000 r  system_i/ps7/inst/PS7_i/FCLKCLK[0]
                         net (fo=1, routed)           1.088     6.088    system_i/ps7/inst/FCLK_CLK_unbuffered[0]
    BUFGCTRL_X0Y16       BUFG (Prop_bufg_I_O)         0.091     6.179 r  system_i/ps7/inst/buffer_fclk_clk_0.FCLK_CLK_0_BUFG/O
                         net (fo=2812, routed)        1.540     7.719    system_i/dut0/inst/u8/clk
    SLICE_X63Y93         FDRE                                         r  system_i/dut0/inst/u8/y_reg[0]/C
                         clock pessimism              0.129     7.848    
                         clock uncertainty           -0.083     7.765    
    SLICE_X63Y93         FDRE (Setup_fdre_C_D)        0.032     7.797    system_i/dut0/inst/u8/y_reg[0]
  -------------------------------------------------------------------
                         required time                          7.797    
                         arrival time                         -82.879    
  -------------------------------------------------------------------
                         slack                                -75.083    

Slack (VIOLATED) :        -75.058ns  (required time - arrival time)
  Source:                 system_i/dut0/inst/cnt_reg[1]_rep__0/C
                            (rising edge-triggered cell FDRE clocked by clk_fpga_0  {rise@0.000ns fall@2.500ns period=5.000ns})
  Destination:            system_i/dut0/inst/u9/y_reg[7]/D
                            (rising edge-triggered cell FDRE clocked by clk_fpga_0  {rise@0.000ns fall@2.500ns period=5.000ns})
  Path Group:             clk_fpga_0
  Path Type:              Setup (Max at Slow Process Corner)
  Requirement:            5.000ns  (clk_fpga_0 rise@5.000ns - clk_fpga_0 rise@0.000ns)
  Data Path Delay:        79.864ns  (logic 23.683ns (29.654%)  route 56.181ns (70.346%))
  Logic Levels:           89  (CARRY4=34 LUT3=9 LUT4=18 LUT5=7 LUT6=20 MUXF7=1)
  Clock Path Skew:        -0.142ns (DCD - SCD + CPR)
    Destination Clock Delay (DCD):    2.737ns = ( 7.737 - 5.000 ) 
    Source Clock Delay      (SCD):    2.994ns
    Clock Pessimism Removal (CPR):    0.115ns
  Clock Uncertainty:      0.083ns  ((TSJ^2 + TIJ^2)^1/2 + DJ) / 2 + PE
    Total System Jitter     (TSJ):    0.071ns
    Total Input Jitter      (TIJ):    0.150ns
    Discrete Jitter          (DJ):    0.000ns
    Phase Error              (PE):    0.000ns

    Location             Delay type                Incr(ns)  Path(ns)    Netlist Resource(s)
  -------------------------------------------------------------------    -------------------
                         (clock clk_fpga_0 rise edge)
                                                      0.000     0.000 r  
    PS7_X0Y0             PS7                          0.000     0.000 r  system_i/ps7/inst/PS7_i/FCLKCLK[0]
                         net (fo=1, routed)           1.193     1.193    system_i/ps7/inst/FCLK_CLK_unbuffered[0]
    BUFGCTRL_X0Y16       BUFG (Prop_bufg_I_O)         0.101     1.294 r  system_i/ps7/inst/buffer_fclk_clk_0.FCLK_CLK_0_BUFG/O
                         net (fo=2812, routed)        1.700     2.994    system_i/dut0/inst/clk
    SLICE_X28Y51         FDRE                                         r  system_i/dut0/inst/cnt_reg[1]_rep__0/C
  -------------------------------------------------------------------    -------------------
    SLICE_X28Y51         FDRE (Prop_fdre_C_Q)         0.456     3.450 r  system_i/dut0/inst/cnt_reg[1]_rep__0/Q
                         net (fo=94, routed)          1.036     4.486    system_i/dut0/inst/u9/w0_reg[1]_0[1]
    SLICE_X28Y52         LUT4 (Prop_lut4_I1_O)        0.124     4.610 r  system_i/dut0/inst/u9/y[7]_i_1333__0/O
                         net (fo=1, routed)           0.000     4.610    system_i/dut0/inst/u9/y[7]_i_1333__0_n_0
    SLICE_X28Y52         CARRY4 (Prop_carry4_S[0]_CO[3])
                                                      0.532     5.142 r  system_i/dut0/inst/u9/y_reg[7]_i_1269/CO[3]
                         net (fo=64, routed)          1.403     6.546    system_i/dut0/inst/u9/y_reg[7]_i_1269_n_0
    SLICE_X30Y53         LUT3 (Prop_lut3_I1_O)        0.124     6.670 r  system_i/dut0/inst/u9/y[7]_i_1370__0/O
                         net (fo=1, routed)           0.493     7.163    system_i/dut0/inst/u9/y[7]_i_1370__0_n_0
    SLICE_X30Y53         LUT6 (Prop_lut6_I1_O)        0.124     7.287 r  system_i/dut0/inst/u9/y[7]_i_1334__0/O
                         net (fo=1, routed)           0.340     7.627    system_i/dut0/inst/u9/y[7]_i_1334__0_n_0
    SLICE_X30Y52         CARRY4 (Prop_carry4_DI[3]_CO[3])
                                                      0.396     8.023 r  system_i/dut0/inst/u9/y_reg[7]_i_1270__0/CO[3]
                         net (fo=40, routed)          1.199     9.222    system_i/dut0/inst/u9/y_reg[7]_i_1270__0_n_0
    SLICE_X31Y53         LUT5 (Prop_lut5_I1_O)        0.124     9.346 f  system_i/dut0/inst/u9/y[7]_i_1388/O
                         net (fo=1, routed)           0.639     9.985    system_i/dut0/inst/u9/y[7]_i_1388_n_0
    SLICE_X31Y52         LUT6 (Prop_lut6_I1_O)        0.124    10.109 r  system_i/dut0/inst/u9/y[7]_i_1353__0/O
                         net (fo=1, routed)           0.520    10.629    system_i/dut0/inst/u9/y[7]_i_1353__0_n_0
    SLICE_X31Y51         CARRY4 (Prop_carry4_DI[0]_CO[3])
                                                      0.526    11.155 r  system_i/dut0/inst/u9/y_reg[7]_i_1295/CO[3]
                         net (fo=16, routed)          1.130    12.285    system_i/dut0/inst/u9/y_reg[7]_i_1295_n_0
    SLICE_X30Y53         LUT6 (Prop_lut6_I0_O)        0.124    12.409 r  system_i/dut0/inst/u9/y[7]_i_1305__0/O
                         net (fo=4, routed)           0.676    13.085    system_i/dut0/inst/u9/w1_reg[7]_1
    SLICE_X29Y54         LUT6 (Prop_lut6_I0_O)        0.124    13.209 r  system_i/dut0/inst/u9/y[7]_i_1358/O
                         net (fo=1, routed)           0.463    13.672    system_i/dut0/inst/u9/y[7]_i_1358_n_0
    SLICE_X30Y54         CARRY4 (Prop_carry4_DI[3]_CO[3])
                                                      0.396    14.068 r  system_i/dut0/inst/u9/y_reg[7]_i_1304/CO[3]
                         net (fo=16, routed)          1.291    15.359    system_i/dut0/inst/u9/y_reg[7]_i_1304_n_0
    SLICE_X31Y54         LUT5 (Prop_lut5_I3_O)        0.124    15.483 r  system_i/dut0/inst/u9/y[1]_i_159__0/O
                         net (fo=8, routed)           0.894    16.377    system_i/dut0/inst/u9/y[1]_i_159__0_n_0
    SLICE_X31Y50         LUT4 (Prop_lut4_I0_O)        0.124    16.501 r  system_i/dut0/inst/u9/y[7]_i_1303/O
                         net (fo=1, routed)           0.000    16.501    system_i/dut0/inst/u9/y[7]_i_1303_n_0
    SLICE_X31Y50         CARRY4 (Prop_carry4_S[0]_CO[3])
                                                      0.532    17.033 r  system_i/dut0/inst/u9/y_reg[7]_i_1229/CO[3]
                         net (fo=36, routed)          1.221    18.254    system_i/dut0/inst/u9/y_reg[7]_i_1229_n_0
    SLICE_X29Y48         LUT3 (Prop_lut3_I1_O)        0.124    18.378 r  system_i/dut0/inst/u9/y[2]_i_186/O
                         net (fo=6, routed)           0.868    19.245    system_i/dut0/inst/u9/y[2]_i_186_n_0
    SLICE_X32Y50         LUT6 (Prop_lut6_I4_O)        0.124    19.369 r  system_i/dut0/inst/u9/y[7]_i_1308__0/O
                         net (fo=1, routed)           0.568    19.938    system_i/dut0/inst/u9/y[7]_i_1308__0_n_0
    SLICE_X33Y50         CARRY4 (Prop_carry4_DI[1]_CO[3])
                                                      0.507    20.445 r  system_i/dut0/inst/u9/y_reg[7]_i_1232/CO[3]
                         net (fo=32, routed)          0.837    21.282    system_i/dut0/inst/u9/y_reg[7]_i_1232_n_0
    SLICE_X33Y47         LUT5 (Prop_lut5_I4_O)        0.124    21.406 f  system_i/dut0/inst/u9/y[1]_i_152__0/O
                         net (fo=6, routed)           0.679    22.085    system_i/dut0/inst/u9/y[1]_i_152__0_n_0
    SLICE_X30Y46         LUT6 (Prop_lut6_I4_O)        0.124    22.209 r  system_i/dut0/inst/u9/y[7]_i_1236__0/O
                         net (fo=1, routed)           0.514    22.723    system_i/dut0/inst/u9/y[7]_i_1236__0_n_0
    SLICE_X30Y47         CARRY4 (Prop_carry4_DI[0]_CO[3])
                                                      0.550    23.273 r  system_i/dut0/inst/u9/y_reg[7]_i_1128__0/CO[3]
                         net (fo=28, routed)          1.211    24.484    system_i/dut0/inst/u9/y_reg[7]_i_1128__0_n_0
    SLICE_X30Y48         LUT6 (Prop_lut6_I0_O)        0.124    24.608 r  system_i/dut0/inst/u9/y[0]_i_195/O
                         net (fo=4, routed)           0.599    25.208    system_i/dut0/inst/u9/y[0]_i_195_n_0
    SLICE_X31Y48         LUT6 (Prop_lut6_I4_O)        0.124    25.332 r  system_i/dut0/inst/u9/y[7]_i_1321__0/O
                         net (fo=1, routed)           0.520    25.852    system_i/dut0/inst/u9/y[7]_i_1321__0_n_0
    SLICE_X31Y49         CARRY4 (Prop_carry4_DI[0]_CO[3])
                                                      0.526    26.378 r  system_i/dut0/inst/u9/y_reg[7]_i_1241/CO[3]
                         net (fo=16, routed)          1.280    27.658    system_i/dut0/inst/u9/y_reg[7]_i_1241_n_0
    SLICE_X34Y49         LUT5 (Prop_lut5_I1_O)        0.124    27.782 r  system_i/dut0/inst/u9/y[3]_i_155__0/O
                         net (fo=4, routed)           0.957    28.739    system_i/dut0/inst/u9/y[3]_i_155__0_n_0
    SLICE_X35Y48         LUT4 (Prop_lut4_I0_O)        0.124    28.863 r  system_i/dut0/inst/u9/y[7]_i_1259__0/O
                         net (fo=1, routed)           0.000    28.863    system_i/dut0/inst/u9/y[7]_i_1259__0_n_0
    SLICE_X35Y48         CARRY4 (Prop_carry4_S[1]_CO[3])
                                                      0.550    29.413 r  system_i/dut0/inst/u9/y_reg[7]_i_1155/CO[3]
                         net (fo=16, routed)          1.033    30.446    system_i/dut0/inst/u9/y_reg[7]_i_1155_n_0
    SLICE_X35Y49         LUT3 (Prop_lut3_I1_O)        0.124    30.570 r  system_i/dut0/inst/u9/y[6]_i_549/O
                         net (fo=6, routed)           1.124    31.693    system_i/dut0/inst/u9/y[6]_i_549_n_0
    SLICE_X39Y51         LUT4 (Prop_lut4_I3_O)        0.124    31.817 r  system_i/dut0/inst/u9/y[7]_i_1161__0/O
                         net (fo=1, routed)           0.000    31.817    system_i/dut0/inst/u9/y[7]_i_1161__0_n_0
    SLICE_X39Y51         CARRY4 (Prop_carry4_S[3]_CO[3])
                                                      0.401    32.218 r  system_i/dut0/inst/u9/y_reg[7]_i_1043/CO[3]
                         net (fo=36, routed)          1.156    33.374    system_i/dut0/inst/u9/y_reg[7]_i_1043_n_0
    SLICE_X42Y52         LUT3 (Prop_lut3_I1_O)        0.124    33.498 r  system_i/dut0/inst/u9/y[7]_i_1262__0/O
                         net (fo=2, routed)           0.692    34.190    system_i/dut0/inst/u9/y[7]_i_1262__0_n_0
    SLICE_X42Y52         LUT6 (Prop_lut6_I4_O)        0.124    34.314 r  system_i/dut0/inst/u9/y[7]_i_1166__0/O
                         net (fo=1, routed)           0.514    34.828    system_i/dut0/inst/u9/y[7]_i_1166__0_n_0
    SLICE_X41Y52         CARRY4 (Prop_carry4_DI[2]_CO[3])
                                                      0.398    35.226 r  system_i/dut0/inst/u9/y_reg[7]_i_1045/CO[3]
                         net (fo=16, routed)          1.038    36.264    system_i/dut0/inst/u9/y_reg[7]_i_1045_n_0
    SLICE_X42Y51         LUT5 (Prop_lut5_I3_O)        0.124    36.388 r  system_i/dut0/inst/u9/y[3]_i_134__0/O
                         net (fo=7, routed)           0.877    37.265    system_i/dut0/inst/u9/y[3]_i_134__0_n_0
    SLICE_X44Y52         LUT4 (Prop_lut4_I0_O)        0.124    37.389 r  system_i/dut0/inst/u9/y[7]_i_1040__0/O
                         net (fo=1, routed)           0.000    37.389    system_i/dut0/inst/u9/y[7]_i_1040__0_n_0
    SLICE_X44Y52         CARRY4 (Prop_carry4_S[1]_CO[3])
                                                      0.550    37.939 r  system_i/dut0/inst/u9/y_reg[7]_i_884/CO[3]
                         net (fo=36, routed)          1.204    39.143    system_i/dut0/inst/u9/y_reg[7]_i_884_n_0
    SLICE_X43Y51         LUT3 (Prop_lut3_I1_O)        0.124    39.267 r  system_i/dut0/inst/u9/y[2]_i_139__0/O
                         net (fo=6, routed)           0.984    40.251    system_i/dut0/inst/u9/y[2]_i_139__0_n_0
    SLICE_X39Y49         LUT4 (Prop_lut4_I2_O)        0.124    40.375 r  system_i/dut0/inst/u9/y[7]_i_902__0/O
                         net (fo=1, routed)           0.000    40.375    system_i/dut0/inst/u9/y[7]_i_902__0_n_0
    SLICE_X39Y49         CARRY4 (Prop_carry4_S[1]_CO[3])
                                                      0.550    40.925 r  system_i/dut0/inst/u9/y_reg[7]_i_772/CO[3]
                         net (fo=36, routed)          1.336    42.261    system_i/dut0/inst/u9/y_reg[7]_i_772_n_0
    SLICE_X41Y51         LUT3 (Prop_lut3_I1_O)        0.124    42.385 r  system_i/dut0/inst/u9/y[0]_i_142__0/O
                         net (fo=6, routed)           1.116    43.501    system_i/dut0/inst/u9/y[0]_i_142__0_n_0
    SLICE_X38Y45         LUT4 (Prop_lut4_I2_O)        0.124    43.625 r  system_i/dut0/inst/u9/y[7]_i_924/O
                         net (fo=1, routed)           0.000    43.625    system_i/dut0/inst/u9/y[7]_i_924_n_0
    SLICE_X38Y45         CARRY4 (Prop_carry4_S[0]_CO[3])
                                                      0.513    44.138 r  system_i/dut0/inst/u9/y_reg[7]_i_777/CO[3]
                         net (fo=36, routed)          1.382    45.520    system_i/dut0/inst/u9/y_reg[7]_i_777_n_0
    SLICE_X40Y48         LUT3 (Prop_lut3_I1_O)        0.124    45.644 r  system_i/dut0/inst/u9/y[3]_i_116/O
                         net (fo=10, routed)          0.995    46.639    system_i/dut0/inst/u9/y[3]_i_116_n_0
    SLICE_X46Y49         LUT4 (Prop_lut4_I1_O)        0.124    46.763 r  system_i/dut0/inst/u9/y[7]_i_863/O
                         net (fo=1, routed)           0.000    46.763    system_i/dut0/inst/u9/y[7]_i_863_n_0
    SLICE_X46Y49         CARRY4 (Prop_carry4_S[1]_CO[3])
                                                      0.533    47.296 r  system_i/dut0/inst/u9/y_reg[7]_i_735/CO[3]
                         net (fo=56, routed)          1.116    48.412    system_i/dut0/inst/u9/y_reg[7]_i_735_n_0
    SLICE_X52Y51         LUT3 (Prop_lut3_I1_O)        0.124    48.536 f  system_i/dut0/inst/u9/y[7]_i_1143/O
                         net (fo=2, routed)           0.679    49.215    system_i/dut0/inst/u9/y[7]_i_1143_n_0
    SLICE_X52Y51         LUT6 (Prop_lut6_I5_O)        0.124    49.339 r  system_i/dut0/inst/u9/y[7]_i_991__0/O
                         net (fo=1, routed)           0.661    50.000    system_i/dut0/inst/u9/y[7]_i_991__0_n_0
    SLICE_X52Y50         CARRY4 (Prop_carry4_DI[0]_CO[3])
                                                      0.526    50.526 r  system_i/dut0/inst/u9/y_reg[7]_i_832/CO[3]
                         net (fo=16, routed)          1.359    51.884    system_i/dut0/inst/u9/y_reg[7]_i_832_n_0
    SLICE_X49Y49         LUT5 (Prop_lut5_I1_O)        0.124    52.008 r  system_i/dut0/inst/u9/y[0]_i_137__0/O
                         net (fo=4, routed)           0.834    52.842    system_i/dut0/inst/u9/y[0]_i_137__0_n_0
    SLICE_X46Y47         LUT4 (Prop_lut4_I3_O)        0.124    52.966 r  system_i/dut0/inst/u9/y[7]_i_966__0/O
                         net (fo=1, routed)           0.000    52.966    system_i/dut0/inst/u9/y[7]_i_966__0_n_0
    SLICE_X46Y47         CARRY4 (Prop_carry4_S[0]_CO[3])
                                                      0.513    53.479 r  system_i/dut0/inst/u9/y_reg[7]_i_809/CO[3]
                         net (fo=16, routed)          0.893    54.372    system_i/dut0/inst/u9/y_reg[7]_i_809_n_0
    SLICE_X47Y48         LUT3 (Prop_lut3_I1_O)        0.124    54.496 f  system_i/dut0/inst/u9/y[2]_i_120__0/O
                         net (fo=5, routed)           0.986    55.483    system_i/dut0/inst/u9/y[2]_i_120__0_n_0
    SLICE_X53Y48         LUT6 (Prop_lut6_I5_O)        0.124    55.607 r  system_i/dut0/inst/u9/y[7]_i_836__0/O
                         net (fo=1, routed)           0.569    56.175    system_i/dut0/inst/u9/y[7]_i_836__0_n_0
    SLICE_X52Y48         CARRY4 (Prop_carry4_DI[1]_CO[3])
                                                      0.507    56.682 r  system_i/dut0/inst/u9/y_reg[7]_i_694/CO[3]
                         net (fo=24, routed)          0.988    57.670    system_i/dut0/inst/u9/y_reg[7]_i_694_n_0
    SLICE_X51Y48         LUT5 (Prop_lut5_I4_O)        0.124    57.794 r  system_i/dut0/inst/u9/y[3]_i_114__0/O
                         net (fo=7, routed)           0.768    58.562    system_i/dut0/inst/u9/y[3]_i_114__0_n_0
    SLICE_X50Y47         LUT4 (Prop_lut4_I0_O)        0.124    58.686 r  system_i/dut0/inst/u9/y[7]_i_853__0/O
                         net (fo=1, routed)           0.000    58.686    system_i/dut0/inst/u9/y[7]_i_853__0_n_0
    SLICE_X50Y47         CARRY4 (Prop_carry4_S[1]_CO[3])
                                                      0.533    59.219 r  system_i/dut0/inst/u9/y_reg[7]_i_722/CO[3]
                         net (fo=40, routed)          1.113    60.332    system_i/dut0/inst/u9/y_reg[7]_i_722_n_0
    SLICE_X53Y48         LUT6 (Prop_lut6_I1_O)        0.124    60.456 r  system_i/dut0/inst/u9/y[7]_i_998/O
                         net (fo=5, routed)           0.820    61.276    system_i/dut0/inst/u9/y[3]_i_114__0_0
    SLICE_X52Y46         LUT4 (Prop_lut4_I0_O)        0.124    61.400 r  system_i/dut0/inst/u9/y[7]_i_1022__0/O
                         net (fo=1, routed)           0.000    61.400    system_i/dut0/inst/u8/y_reg[7]_i_725_0[1]
    SLICE_X52Y46         CARRY4 (Prop_carry4_S[1]_CO[3])
                                                      0.550    61.950 r  system_i/dut0/inst/u8/y_reg[7]_i_856/CO[3]
                         net (fo=1, routed)           0.000    61.950    system_i/dut0/inst/u8/y_reg[7]_i_856_n_0
    SLICE_X52Y47         CARRY4 (Prop_carry4_CI_O[0])
                                                      0.222    62.172 r  system_i/dut0/inst/u8/y_reg[7]_i_725/O[0]
                         net (fo=16, routed)          0.889    63.061    system_i/dut0/inst/u9/y_reg[7]_i_603_0[0]
    SLICE_X57Y47         LUT6 (Prop_lut6_I1_O)        0.299    63.360 r  system_i/dut0/inst/u9/y[1]_i_99__0/O
                         net (fo=1, routed)           0.000    63.360    system_i/dut0/inst/u9/y[1]_i_99__0_n_0
    SLICE_X57Y47         MUXF7 (Prop_muxf7_I1_O)      0.217    63.577 r  system_i/dut0/inst/u9/y_reg[1]_i_80/O
                         net (fo=4, routed)           0.838    64.415    system_i/dut0/inst/u8/y_reg[7]_i_599_1
    SLICE_X56Y46         LUT4 (Prop_lut4_I1_O)        0.299    64.714 r  system_i/dut0/inst/u8/y[7]_i_711__0/O
                         net (fo=1, routed)           0.000    64.714    system_i/dut0/inst/u8/y[7]_i_711__0_n_0
    SLICE_X56Y46         CARRY4 (Prop_carry4_S[0]_CO[3])
                                                      0.532    65.246 r  system_i/dut0/inst/u8/y_reg[7]_i_599/CO[3]
                         net (fo=1, routed)           0.000    65.246    system_i/dut0/inst/u8/y_reg[7]_i_599_n_0
    SLICE_X56Y47         CARRY4 (Prop_carry4_CI_O[0])
                                                      0.222    65.468 r  system_i/dut0/inst/u8/y_reg[7]_i_502/O[0]
                         net (fo=12, routed)          1.062    66.530    system_i/dut0/inst/u9/y[7]_i_400_1[0]
    SLICE_X56Y43         LUT6 (Prop_lut6_I1_O)        0.299    66.829 r  system_i/dut0/inst/u9/y[1]_i_61/O
                         net (fo=5, routed)           0.633    67.462    system_i/dut0/inst/u8/y_reg[7]_i_499_1
    SLICE_X57Y43         LUT4 (Prop_lut4_I1_O)        0.124    67.586 r  system_i/dut0/inst/u8/y[7]_i_589__0/O
                         net (fo=1, routed)           0.000    67.586    system_i/dut0/inst/u8/y[7]_i_589__0_n_0
    SLICE_X57Y43         CARRY4 (Prop_carry4_S[0]_CO[3])
                                                      0.532    68.118 r  system_i/dut0/inst/u8/y_reg[7]_i_499/CO[3]
                         net (fo=1, routed)           0.000    68.118    system_i/dut0/inst/u8/y_reg[7]_i_499_n_0
    SLICE_X57Y44         CARRY4 (Prop_carry4_CI_O[0])
                                                      0.222    68.340 r  system_i/dut0/inst/u8/y_reg[7]_i_397/O[0]
                         net (fo=12, routed)          0.916    69.256    system_i/dut0/inst/u9/y[6]_i_46_0[0]
    SLICE_X57Y41         LUT6 (Prop_lut6_I1_O)        0.299    69.555 r  system_i/dut0/inst/u9/y[7]_i_281/O
                         net (fo=5, routed)           0.812    70.367    system_i/dut0/inst/u9/y[7]_i_399_0
    SLICE_X58Y40         LUT4 (Prop_lut4_I0_O)        0.124    70.491 r  system_i/dut0/inst/u9/y[7]_i_494/O
                         net (fo=1, routed)           0.000    70.491    system_i/dut0/inst/u9/y[7]_i_494_n_0
    SLICE_X58Y40         CARRY4 (Prop_carry4_S[3]_CO[3])
                                                      0.376    70.867 r  system_i/dut0/inst/u9/y_reg[7]_i_395/CO[3]
                         net (fo=1, routed)           0.000    70.867    system_i/dut0/inst/u9/y_reg[7]_i_395_n_0
    SLICE_X58Y41         CARRY4 (Prop_carry4_CI_O[0])
                                                      0.219    71.086 r  system_i/dut0/inst/u9/y_reg[7]_i_280/O[0]
                         net (fo=12, routed)          0.835    71.921    system_i/dut0/inst/u9/y_reg[7]_i_280_n_7
    SLICE_X59Y39         LUT6 (Prop_lut6_I4_O)        0.295    72.216 r  system_i/dut0/inst/u9/y[5]_i_31/O
                         net (fo=5, routed)           0.866    73.082    system_i/dut0/inst/u9/y[5]_i_46__0_0
    SLICE_X62Y38         LUT4 (Prop_lut4_I0_O)        0.124    73.206 r  system_i/dut0/inst/u9/y[7]_i_391/O
                         net (fo=1, routed)           0.000    73.206    system_i/dut0/inst/u9/y[7]_i_391_n_0
    SLICE_X62Y38         CARRY4 (Prop_carry4_S[2]_CO[3])
                                                      0.380    73.586 r  system_i/dut0/inst/u9/y_reg[7]_i_277/CO[3]
                         net (fo=1, routed)           0.000    73.586    system_i/dut0/inst/u9/y_reg[7]_i_277_n_0
    SLICE_X62Y39         CARRY4 (Prop_carry4_CI_O[0])
                                                      0.219    73.805 r  system_i/dut0/inst/u9/y_reg[7]_i_175__0/O[0]
                         net (fo=12, routed)          0.668    74.473    system_i/dut0/inst/u9/y_reg[7]_i_175__0_n_7
    SLICE_X62Y40         LUT6 (Prop_lut6_I4_O)        0.295    74.768 r  system_i/dut0/inst/u9/y[7]_i_91__0/O
                         net (fo=5, routed)           0.968    75.736    system_i/dut0/inst/u9/y[7]_i_176_0
    SLICE_X65Y38         LUT4 (Prop_lut4_I0_O)        0.124    75.860 r  system_i/dut0/inst/u9/y[7]_i_264__0/O
                         net (fo=1, routed)           0.000    75.860    system_i/dut0/inst/u8/y_reg[7]_i_89_0[3]
    SLICE_X65Y38         CARRY4 (Prop_carry4_S[3]_CO[3])
                                                      0.401    76.261 r  system_i/dut0/inst/u8/y_reg[7]_i_172__0/CO[3]
                         net (fo=1, routed)           0.000    76.261    system_i/dut0/inst/u8/y_reg[7]_i_172__0_n_0
    SLICE_X65Y39         CARRY4 (Prop_carry4_CI_O[0])
                                                      0.222    76.483 r  system_i/dut0/inst/u8/y_reg[7]_i_89/O[0]
                         net (fo=12, routed)          0.672    77.155    system_i/dut0/inst/u9/y[7]_i_145__0[0]
    SLICE_X66Y39         LUT6 (Prop_lut6_I1_O)        0.299    77.454 r  system_i/dut0/inst/u9/y[1]_i_10__0/O
                         net (fo=5, routed)           0.830    78.284    system_i/dut0/inst/u9/y[1]_i_19_0
    SLICE_X69Y39         LUT4 (Prop_lut4_I0_O)        0.124    78.408 r  system_i/dut0/inst/u9/y[7]_i_171__0/O
                         net (fo=1, routed)           0.000    78.408    system_i/dut0/inst/u9/y[7]_i_171__0_n_0
    SLICE_X69Y39         CARRY4 (Prop_carry4_S[0]_CO[3])
                                                      0.532    78.940 r  system_i/dut0/inst/u9/y_reg[7]_i_88/CO[3]
                         net (fo=1, routed)           0.000    78.940    system_i/dut0/inst/u9/y_reg[7]_i_88_n_0
    SLICE_X69Y40         CARRY4 (Prop_carry4_CI_O[0])
                                                      0.222    79.162 r  system_i/dut0/inst/u9/y_reg[7]_i_34/O[0]
                         net (fo=12, routed)          0.701    79.863    system_i/dut0/inst/u9/y_reg[7]_i_34_n_7
    SLICE_X70Y40         LUT6 (Prop_lut6_I4_O)        0.299    80.162 r  system_i/dut0/inst/u9/y[7]_i_47__0/O
                         net (fo=3, routed)           0.791    80.953    system_i/dut0/inst/u9/y[7]_i_95__0_0
    SLICE_X73Y39         LUT4 (Prop_lut4_I3_O)        0.124    81.077 r  system_i/dut0/inst/u9/y[7]_i_43/O
                         net (fo=1, routed)           0.000    81.077    system_i/dut0/inst/u9/y[7]_i_43_n_0
    SLICE_X73Y39         CARRY4 (Prop_carry4_S[0]_CO[3])
                                                      0.532    81.609 r  system_i/dut0/inst/u9/y_reg[7]_i_6/CO[3]
                         net (fo=8, routed)           1.125    82.734    system_i/dut0/inst/u9/y_reg[7]_i_6_n_0
    SLICE_X73Y41         LUT6 (Prop_lut6_I4_O)        0.124    82.858 r  system_i/dut0/inst/u9/y[7]_i_1/O
                         net (fo=1, routed)           0.000    82.858    system_i/dut0/inst/u9/s[7]
    SLICE_X73Y41         FDRE                                         r  system_i/dut0/inst/u9/y_reg[7]/D
  -------------------------------------------------------------------    -------------------

                         (clock clk_fpga_0 rise edge)
                                                      5.000     5.000 r  
    PS7_X0Y0             PS7                          0.000     5.000 r  system_i/ps7/inst/PS7_i/FCLKCLK[0]
                         net (fo=1, routed)           1.088     6.088    system_i/ps7/inst/FCLK_CLK_unbuffered[0]
    BUFGCTRL_X0Y16       BUFG (Prop_bufg_I_O)         0.091     6.179 r  system_i/ps7/inst/buffer_fclk_clk_0.FCLK_CLK_0_BUFG/O
                         net (fo=2812, routed)        1.558     7.737    system_i/dut0/inst/u9/clk
    SLICE_X73Y41         FDRE                                         r  system_i/dut0/inst/u9/y_reg[7]/C
                         clock pessimism              0.115     7.852    
                         clock uncertainty           -0.083     7.769    
    SLICE_X73Y41         FDRE (Setup_fdre_C_D)        0.031     7.800    system_i/dut0/inst/u9/y_reg[7]
  -------------------------------------------------------------------
                         required time                          7.800    
                         arrival time                         -82.858    
  -------------------------------------------------------------------
                         slack                                -75.058    

Slack (VIOLATED) :        -75.030ns  (required time - arrival time)
  Source:                 system_i/dut0/inst/u9/w0_reg[1]/C
                            (rising edge-triggered cell FDRE clocked by clk_fpga_0  {rise@0.000ns fall@2.500ns period=5.000ns})
  Destination:            system_i/dut0/inst/u8/y_reg[6]/D
                            (rising edge-triggered cell FDRE clocked by clk_fpga_0  {rise@0.000ns fall@2.500ns period=5.000ns})
  Path Group:             clk_fpga_0
  Path Type:              Setup (Max at Slow Process Corner)
  Requirement:            5.000ns  (clk_fpga_0 rise@5.000ns - clk_fpga_0 rise@0.000ns)
  Data Path Delay:        79.833ns  (logic 23.570ns (29.524%)  route 56.263ns (70.476%))
  Logic Levels:           89  (CARRY4=35 LUT3=6 LUT4=15 LUT5=10 LUT6=22 MUXF7=1)
  Clock Path Skew:        -0.145ns (DCD - SCD + CPR)
    Destination Clock Delay (DCD):    2.720ns = ( 7.720 - 5.000 ) 
    Source Clock Delay      (SCD):    2.994ns
    Clock Pessimism Removal (CPR):    0.129ns
  Clock Uncertainty:      0.083ns  ((TSJ^2 + TIJ^2)^1/2 + DJ) / 2 + PE
    Total System Jitter     (TSJ):    0.071ns
    Total Input Jitter      (TIJ):    0.150ns
    Discrete Jitter          (DJ):    0.000ns
    Phase Error              (PE):    0.000ns

    Location             Delay type                Incr(ns)  Path(ns)    Netlist Resource(s)
  -------------------------------------------------------------------    -------------------
                         (clock clk_fpga_0 rise edge)
                                                      0.000     0.000 r  
    PS7_X0Y0             PS7                          0.000     0.000 r  system_i/ps7/inst/PS7_i/FCLKCLK[0]
                         net (fo=1, routed)           1.193     1.193    system_i/ps7/inst/FCLK_CLK_unbuffered[0]
    BUFGCTRL_X0Y16       BUFG (Prop_bufg_I_O)         0.101     1.294 r  system_i/ps7/inst/buffer_fclk_clk_0.FCLK_CLK_0_BUFG/O
                         net (fo=2812, routed)        1.700     2.994    system_i/dut0/inst/u9/clk
    SLICE_X28Y52         FDRE                                         r  system_i/dut0/inst/u9/w0_reg[1]/C
  -------------------------------------------------------------------    -------------------
    SLICE_X28Y52         FDRE (Prop_fdre_C_Q)         0.456     3.450 r  system_i/dut0/inst/u9/w0_reg[1]/Q
                         net (fo=25, routed)          0.959     4.409    system_i/dut0/inst/u9/w0[1]
    SLICE_X27Y51         LUT4 (Prop_lut4_I0_O)        0.124     4.533 r  system_i/dut0/inst/u9/y[7]_i_1676/O
                         net (fo=1, routed)           0.000     4.533    system_i/dut0/inst/u9/y[7]_i_1676_n_0
    SLICE_X27Y51         CARRY4 (Prop_carry4_S[0]_CO[3])
                                                      0.532     5.065 r  system_i/dut0/inst/u9/y_reg[7]_i_1541/CO[3]
                         net (fo=64, routed)          0.971     6.036    system_i/dut0/inst/u9/y_reg[7]_i_1541_n_0
    SLICE_X26Y51         LUT3 (Prop_lut3_I1_O)        0.124     6.160 r  system_i/dut0/inst/u9/y[7]_i_1785/O
                         net (fo=1, routed)           0.773     6.933    system_i/dut0/inst/u9/y[7]_i_1785_n_0
    SLICE_X26Y50         LUT6 (Prop_lut6_I1_O)        0.124     7.057 r  system_i/dut0/inst/u9/y[7]_i_1680/O
                         net (fo=1, routed)           0.628     7.685    system_i/dut0/inst/u9/y[7]_i_1680_n_0
    SLICE_X28Y50         CARRY4 (Prop_carry4_DI[0]_CO[3])
                                                      0.526     8.211 r  system_i/dut0/inst/u9/y_reg[7]_i_1542/CO[3]
                         net (fo=40, routed)          1.255     9.466    system_i/dut0/inst/u9/y_reg[7]_i_1542_n_0
    SLICE_X26Y53         LUT5 (Prop_lut5_I3_O)        0.124     9.590 f  system_i/dut0/inst/u9/y[7]_i_1777/O
                         net (fo=1, routed)           0.541    10.131    system_i/dut0/inst/u9/y[7]_i_1777_n_0
    SLICE_X26Y53         LUT6 (Prop_lut6_I5_O)        0.124    10.255 r  system_i/dut0/inst/u9/y[7]_i_1664/O
                         net (fo=1, routed)           0.483    10.737    system_i/dut0/inst/u9/y[7]_i_1664_n_0
    SLICE_X27Y53         CARRY4 (Prop_carry4_DI[0]_CO[3])
                                                      0.526    11.263 r  system_i/dut0/inst/u9/y_reg[7]_i_1540/CO[3]
                         net (fo=16, routed)          1.141    12.404    system_i/dut0/inst/u9/y_reg[7]_i_1540_n_0
    SLICE_X26Y57         LUT6 (Prop_lut6_I2_O)        0.124    12.528 r  system_i/dut0/inst/u9/y[3]_i_183/O
                         net (fo=4, routed)           0.656    13.184    system_i/dut0/inst/u9/y[3]_i_183_n_0
    SLICE_X27Y57         LUT6 (Prop_lut6_I0_O)        0.124    13.308 r  system_i/dut0/inst/u9/y[7]_i_1695/O
                         net (fo=1, routed)           0.331    13.639    system_i/dut0/inst/u9/y[7]_i_1695_n_0
    SLICE_X27Y56         CARRY4 (Prop_carry4_DI[1]_CO[3])
                                                      0.507    14.146 r  system_i/dut0/inst/u9/y_reg[7]_i_1552/CO[3]
                         net (fo=16, routed)          1.200    15.346    system_i/dut0/inst/u9/y_reg[7]_i_1552_n_0
    SLICE_X31Y59         LUT5 (Prop_lut5_I3_O)        0.124    15.470 r  system_i/dut0/inst/u9/y[7]_i_1575/O
                         net (fo=4, routed)           0.833    16.303    system_i/dut0/inst/u8/y_reg[7]_i_1576_5
    SLICE_X30Y59         LUT4 (Prop_lut4_I1_O)        0.124    16.427 r  system_i/dut0/inst/u8/y[7]_i_1721/O
                         net (fo=1, routed)           0.000    16.427    system_i/dut0/inst/u9/y[1]_i_184_0[3]
    SLICE_X30Y59         CARRY4 (Prop_carry4_S[3]_CO[3])
                                                      0.376    16.803 r  system_i/dut0/inst/u9/y_reg[7]_i_1576/CO[3]
                         net (fo=16, routed)          1.008    17.811    system_i/dut0/inst/u9/y_reg[7]_i_1576_n_0
    SLICE_X32Y59         LUT3 (Prop_lut3_I1_O)        0.124    17.935 r  system_i/dut0/inst/u9/y[1]_i_184/O
                         net (fo=6, routed)           0.911    18.846    system_i/dut0/inst/u8/y_reg[7]_i_1526_0
    SLICE_X31Y59         LUT6 (Prop_lut6_I0_O)        0.124    18.970 r  system_i/dut0/inst/u8/y[7]_i_1656/O
                         net (fo=1, routed)           0.748    19.718    system_i/dut0/inst/u8/y[7]_i_1656_n_0
    SLICE_X36Y59         CARRY4 (Prop_carry4_DI[0]_CO[3])
                                                      0.550    20.268 r  system_i/dut0/inst/u8/y_reg[7]_i_1526/CO[3]
                         net (fo=32, routed)          1.421    21.689    system_i/dut0/inst/u8/y_reg[7]_i_1526_n_0
    SLICE_X43Y65         LUT5 (Prop_lut5_I1_O)        0.124    21.813 r  system_i/dut0/inst/u8/y[5]_i_179/O
                         net (fo=10, routed)          1.496    23.310    system_i/dut0/inst/u8/w4_reg[5]_0
    SLICE_X43Y82         LUT4 (Prop_lut4_I0_O)        0.124    23.434 r  system_i/dut0/inst/u8/y[7]_i_1591/O
                         net (fo=1, routed)           0.000    23.434    system_i/dut0/inst/u9/y[7]_i_1621[2]
    SLICE_X43Y82         CARRY4 (Prop_carry4_S[2]_CO[3])
                                                      0.398    23.832 r  system_i/dut0/inst/u9/y_reg[7]_i_1404/CO[3]
                         net (fo=56, routed)          1.612    25.444    system_i/dut0/inst/u8/y_reg[7]_i_1474_0[0]
    SLICE_X44Y77         LUT6 (Prop_lut6_I1_O)        0.124    25.568 r  system_i/dut0/inst/u8/y[7]_i_1624/O
                         net (fo=1, routed)           0.526    26.094    system_i/dut0/inst/u8/y[7]_i_1624_n_0
    SLICE_X44Y78         CARRY4 (Prop_carry4_DI[0]_CO[3])
                                                      0.526    26.620 r  system_i/dut0/inst/u8/y_reg[7]_i_1474/CO[3]
                         net (fo=16, routed)          0.931    27.551    system_i/dut0/inst/u8/y_reg[7]_i_1474_n_0
    SLICE_X44Y80         LUT5 (Prop_lut5_I1_O)        0.124    27.675 r  system_i/dut0/inst/u8/y[3]_i_166/O
                         net (fo=7, routed)           1.061    28.737    system_i/dut0/inst/u8/y[3]_i_166_n_0
    SLICE_X48Y79         LUT4 (Prop_lut4_I0_O)        0.124    28.861 r  system_i/dut0/inst/u8/y[7]_i_1471/O
                         net (fo=1, routed)           0.000    28.861    system_i/dut0/inst/u8/y[7]_i_1471_n_0
    SLICE_X48Y79         CARRY4 (Prop_carry4_S[1]_CO[3])
                                                      0.550    29.411 r  system_i/dut0/inst/u8/y_reg[7]_i_1270/CO[3]
                         net (fo=36, routed)          0.799    30.209    system_i/dut0/inst/u8/y_reg[7]_i_1270_n_0
    SLICE_X48Y78         LUT3 (Prop_lut3_I1_O)        0.124    30.333 r  system_i/dut0/inst/u8/y[7]_i_1618/O
                         net (fo=2, routed)           0.963    31.296    system_i/dut0/inst/u8/y[7]_i_1618_n_0
    SLICE_X52Y78         LUT6 (Prop_lut6_I4_O)        0.124    31.420 r  system_i/dut0/inst/u8/y[7]_i_1458/O
                         net (fo=1, routed)           0.464    31.884    system_i/dut0/inst/u8/y[7]_i_1458_n_0
    SLICE_X50Y78         CARRY4 (Prop_carry4_DI[2]_CO[3])
                                                      0.404    32.288 r  system_i/dut0/inst/u8/y_reg[7]_i_1268/CO[3]
                         net (fo=16, routed)          1.215    33.502    system_i/dut0/inst/u8/y_reg[7]_i_1268_n_0
    SLICE_X50Y85         LUT5 (Prop_lut5_I3_O)        0.124    33.626 f  system_i/dut0/inst/u8/y[0]_i_147/O
                         net (fo=4, routed)           0.930    34.556    system_i/dut0/inst/u8/y[0]_i_147_n_0
    SLICE_X49Y89         LUT6 (Prop_lut6_I5_O)        0.124    34.680 r  system_i/dut0/inst/u8/y[7]_i_1287__0/O
                         net (fo=1, routed)           0.404    35.084    system_i/dut0/inst/u8/y[7]_i_1287__0_n_0
    SLICE_X48Y89         CARRY4 (Prop_carry4_DI[0]_CO[3])
                                                      0.526    35.610 r  system_i/dut0/inst/u8/y_reg[7]_i_1084/CO[3]
                         net (fo=16, routed)          1.011    36.621    system_i/dut0/inst/u8/y_reg[7]_i_1084_n_0
    SLICE_X48Y91         LUT5 (Prop_lut5_I3_O)        0.124    36.745 f  system_i/dut0/inst/u8/y[5]_i_156/O
                         net (fo=4, routed)           1.026    37.771    system_i/dut0/inst/u9/y_reg[7]_i_1128_4
    SLICE_X46Y94         LUT6 (Prop_lut6_I3_O)        0.124    37.895 r  system_i/dut0/inst/u9/y[7]_i_1338__0/O
                         net (fo=1, routed)           0.568    38.463    system_i/dut0/inst/u9/y[7]_i_1338__0_n_0
    SLICE_X47Y94         CARRY4 (Prop_carry4_DI[2]_CO[3])
                                                      0.398    38.861 r  system_i/dut0/inst/u9/y_reg[7]_i_1128/CO[3]
                         net (fo=16, routed)          1.017    39.878    system_i/dut0/inst/u9/y_reg[7]_i_1128_n_0
    SLICE_X49Y93         LUT5 (Prop_lut5_I1_O)        0.124    40.002 r  system_i/dut0/inst/u9/y[7]_i_888/O
                         net (fo=7, routed)           1.114    41.116    system_i/dut0/inst/u9/y[7]_i_1131_0
    SLICE_X50Y90         LUT4 (Prop_lut4_I0_O)        0.124    41.240 r  system_i/dut0/inst/u9/y[7]_i_1136/O
                         net (fo=1, routed)           0.000    41.240    system_i/dut0/inst/u9/y[7]_i_1136_n_0
    SLICE_X50Y90         CARRY4 (Prop_carry4_S[3]_CO[3])
                                                      0.376    41.616 r  system_i/dut0/inst/u9/y_reg[7]_i_889/CO[3]
                         net (fo=36, routed)          1.098    42.715    system_i/dut0/inst/u9/y[7]_i_1139_0[0]
    SLICE_X51Y90         LUT3 (Prop_lut3_I1_O)        0.124    42.839 r  system_i/dut0/inst/u9/y[7]_i_1333/O
                         net (fo=2, routed)           0.748    43.586    system_i/dut0/inst/u8/y_reg[7]_i_887_8
    SLICE_X50Y89         LUT6 (Prop_lut6_I4_O)        0.124    43.710 r  system_i/dut0/inst/u8/y[7]_i_1119/O
                         net (fo=1, routed)           0.521    44.231    system_i/dut0/inst/u8/y[7]_i_1119_n_0
    SLICE_X51Y89         CARRY4 (Prop_carry4_DI[3]_CO[3])
                                                      0.385    44.616 r  system_i/dut0/inst/u8/y_reg[7]_i_887/CO[3]
                         net (fo=16, routed)          0.966    45.582    system_i/dut0/inst/u8/y_reg[7]_i_887_n_0
    SLICE_X50Y92         LUT5 (Prop_lut5_I3_O)        0.124    45.706 f  system_i/dut0/inst/u8/y[7]_i_763/O
                         net (fo=4, routed)           0.911    46.617    system_i/dut0/inst/u9/y_reg[7]_i_764_6
    SLICE_X50Y95         LUT6 (Prop_lut6_I3_O)        0.124    46.741 r  system_i/dut0/inst/u9/y[7]_i_975__0/O
                         net (fo=1, routed)           0.612    47.353    system_i/dut0/inst/u9/y[7]_i_975__0_n_0
    SLICE_X48Y95         CARRY4 (Prop_carry4_DI[3]_CO[3])
                                                      0.385    47.738 r  system_i/dut0/inst/u9/y_reg[7]_i_764/CO[3]
                         net (fo=16, routed)          1.145    48.882    system_i/dut0/inst/u9/y_reg[7]_i_764_n_0
    SLICE_X48Y100        LUT5 (Prop_lut5_I3_O)        0.124    49.006 r  system_i/dut0/inst/u9/y[1]_i_93/O
                         net (fo=4, routed)           0.842    49.849    system_i/dut0/inst/u9/y[1]_i_93_n_0
    SLICE_X49Y101        LUT6 (Prop_lut6_I3_O)        0.124    49.973 r  system_i/dut0/inst/u9/y[7]_i_806/O
                         net (fo=1, routed)           0.000    49.973    system_i/dut0/inst/u9/y[7]_i_806_n_0
    SLICE_X49Y101        CARRY4 (Prop_carry4_S[0]_CO[3])
                                                      0.532    50.505 r  system_i/dut0/inst/u9/y_reg[7]_i_597/CO[3]
                         net (fo=16, routed)          0.881    51.386    system_i/dut0/inst/u9/y_reg[7]_i_597_n_0
    SLICE_X50Y102        LUT5 (Prop_lut5_I3_O)        0.124    51.510 r  system_i/dut0/inst/u9/y[7]_i_814/O
                         net (fo=4, routed)           0.843    52.353    system_i/dut0/inst/u9/y[7]_i_814_n_0
    SLICE_X50Y103        LUT4 (Prop_lut4_I2_O)        0.124    52.477 r  system_i/dut0/inst/u9/y[7]_i_606/O
                         net (fo=1, routed)           0.000    52.477    system_i/dut0/inst/u9/y[7]_i_606_n_0
    SLICE_X50Y103        CARRY4 (Prop_carry4_S[0]_CO[3])
                                                      0.513    52.990 r  system_i/dut0/inst/u9/y_reg[7]_i_391/CO[3]
                         net (fo=28, routed)          1.001    53.991    system_i/dut0/inst/u9/y_reg[7]_i_391_n_0
    SLICE_X54Y103        LUT3 (Prop_lut3_I1_O)        0.124    54.115 f  system_i/dut0/inst/u9/y[3]_i_140/O
                         net (fo=5, routed)           0.746    54.860    system_i/dut0/inst/u9/y[3]_i_140_n_0
    SLICE_X55Y106        LUT6 (Prop_lut6_I3_O)        0.124    54.984 r  system_i/dut0/inst/u9/y[7]_i_1236/O
                         net (fo=1, routed)           0.338    55.323    system_i/dut0/inst/u9/y[7]_i_1236_n_0
    SLICE_X56Y106        CARRY4 (Prop_carry4_DI[1]_CO[3])
                                                      0.507    55.830 r  system_i/dut0/inst/u9/y_reg[7]_i_1047/CO[3]
                         net (fo=24, routed)          1.341    57.170    system_i/dut0/inst/u9/y_reg[7]_i_1047_n_0
    SLICE_X59Y104        LUT3 (Prop_lut3_I1_O)        0.124    57.294 r  system_i/dut0/inst/u9/y[6]_i_125/O
                         net (fo=9, routed)           0.802    58.097    system_i/dut0/inst/u9/y[6]_i_125_n_0
    SLICE_X61Y104        LUT4 (Prop_lut4_I2_O)        0.124    58.221 r  system_i/dut0/inst/u9/y[7]_i_1251/O
                         net (fo=1, routed)           0.000    58.221    system_i/dut0/inst/u9/y[7]_i_1251_n_0
    SLICE_X61Y104        CARRY4 (Prop_carry4_S[3]_CO[3])
                                                      0.401    58.622 r  system_i/dut0/inst/u9/y_reg[7]_i_1058/CO[3]
                         net (fo=40, routed)          1.181    59.802    system_i/dut0/inst/u9/y_reg[7]_i_1058_n_0
    SLICE_X55Y104        LUT6 (Prop_lut6_I3_O)        0.124    59.926 r  system_i/dut0/inst/u9/y[7]_i_1597/O
                         net (fo=4, routed)           0.658    60.584    system_i/dut0/inst/u9/y[7]_i_1597_n_0
    SLICE_X56Y103        LUT4 (Prop_lut4_I1_O)        0.124    60.708 r  system_i/dut0/inst/u9/y[7]_i_1435/O
                         net (fo=1, routed)           0.000    60.708    system_i/dut0/inst/u9/y[7]_i_1435_n_0
    SLICE_X56Y103        CARRY4 (Prop_carry4_S[2]_CO[3])
                                                      0.398    61.106 r  system_i/dut0/inst/u9/y_reg[7]_i_1255/CO[3]
                         net (fo=1, routed)           0.000    61.106    system_i/dut0/inst/u9/y_reg[7]_i_1255_n_0
    SLICE_X56Y104        CARRY4 (Prop_carry4_CI_O[0])
                                                      0.222    61.328 r  system_i/dut0/inst/u9/y_reg[7]_i_1060/O[0]
                         net (fo=16, routed)          0.517    61.845    system_i/dut0/inst/u9/y_reg[7]_i_1060_n_7
    SLICE_X55Y103        LUT6 (Prop_lut6_I4_O)        0.299    62.144 r  system_i/dut0/inst/u9/y[3]_i_118/O
                         net (fo=1, routed)           0.000    62.144    system_i/dut0/inst/u9/y[3]_i_118_n_0
    SLICE_X55Y103        MUXF7 (Prop_muxf7_I0_O)      0.212    62.356 r  system_i/dut0/inst/u9/y_reg[3]_i_95/O
                         net (fo=4, routed)           1.102    63.459    system_i/dut0/inst/u9/y_reg[3]_i_95_n_0
    SLICE_X58Y101        LUT4 (Prop_lut4_I0_O)        0.327    63.786 r  system_i/dut0/inst/u9/y[7]_i_1050/O
                         net (fo=1, routed)           0.000    63.786    system_i/dut0/inst/u9/y[7]_i_1050_n_0
    SLICE_X58Y101        CARRY4 (Prop_carry4_DI[1]_CO[3])
                                                      0.454    64.240 r  system_i/dut0/inst/u9/y_reg[7]_i_848/CO[3]
                         net (fo=1, routed)           0.000    64.240    system_i/dut0/inst/u9/y_reg[7]_i_848_n_0
    SLICE_X58Y102        CARRY4 (Prop_carry4_CI_O[0])
                                                      0.219    64.459 r  system_i/dut0/inst/u9/y_reg[7]_i_641/O[0]
                         net (fo=12, routed)          0.787    65.246    system_i/dut0/inst/u9/y_reg[7]_i_641_n_7
    SLICE_X56Y100        LUT6 (Prop_lut6_I0_O)        0.295    65.541 r  system_i/dut0/inst/u9/y[0]_i_61/O
                         net (fo=5, routed)           0.764    66.305    system_i/dut0/inst/u9/y[0]_i_82_0
    SLICE_X60Y99         LUT4 (Prop_lut4_I3_O)        0.124    66.429 r  system_i/dut0/inst/u9/y[7]_i_847__0/O
                         net (fo=1, routed)           0.000    66.429    system_i/dut0/inst/u9/y[7]_i_847__0_n_0
    SLICE_X60Y99         CARRY4 (Prop_carry4_S[0]_CO[3])
                                                      0.532    66.961 r  system_i/dut0/inst/u9/y_reg[7]_i_640/CO[3]
                         net (fo=1, routed)           0.001    66.961    system_i/dut0/inst/u9/y_reg[7]_i_640_n_0
    SLICE_X60Y100        CARRY4 (Prop_carry4_CI_O[0])
                                                      0.222    67.183 r  system_i/dut0/inst/u9/y_reg[7]_i_423/O[0]
                         net (fo=12, routed)          1.183    68.367    system_i/dut0/inst/u9/y_reg[7]_i_423_n_7
    SLICE_X62Y99         LUT6 (Prop_lut6_I0_O)        0.299    68.666 r  system_i/dut0/inst/u9/y[3]_i_45/O
                         net (fo=5, routed)           0.799    69.464    system_i/dut0/inst/u8/y_reg[7]_i_427_1
    SLICE_X61Y99         LUT4 (Prop_lut4_I1_O)        0.124    69.588 r  system_i/dut0/inst/u8/y[7]_i_638/O
                         net (fo=1, routed)           0.000    69.588    system_i/dut0/inst/u9/S[1]
    SLICE_X61Y99         CARRY4 (Prop_carry4_S[1]_CO[3])
                                                      0.550    70.138 r  system_i/dut0/inst/u9/y_reg[7]_i_422/CO[3]
                         net (fo=1, routed)           0.001    70.139    system_i/dut0/inst/u9/y_reg[7]_i_422_n_0
    SLICE_X61Y100        CARRY4 (Prop_carry4_CI_O[0])
                                                      0.222    70.361 r  system_i/dut0/inst/u9/y_reg[7]_i_259/O[0]
                         net (fo=12, routed)          0.997    71.358    system_i/dut0/inst/u8/O[0]
    SLICE_X64Y101        LUT6 (Prop_lut6_I0_O)        0.299    71.657 r  system_i/dut0/inst/u8/y[2]_i_26/O
                         net (fo=3, routed)           0.846    72.503    system_i/dut0/inst/u8/y[2]_i_26_n_0
    SLICE_X65Y99         LUT4 (Prop_lut4_I2_O)        0.152    72.655 r  system_i/dut0/inst/u8/y[7]_i_416/O
                         net (fo=1, routed)           0.000    72.655    system_i/dut0/inst/u8/y[7]_i_416_n_0
    SLICE_X65Y99         CARRY4 (Prop_carry4_DI[1]_CO[3])
                                                      0.470    73.125 r  system_i/dut0/inst/u8/y_reg[7]_i_258/CO[3]
                         net (fo=1, routed)           0.001    73.126    system_i/dut0/inst/u8/y_reg[7]_i_258_n_0
    SLICE_X65Y100        CARRY4 (Prop_carry4_CI_O[0])
                                                      0.222    73.348 r  system_i/dut0/inst/u8/y_reg[7]_i_148/O[0]
                         net (fo=12, routed)          0.863    74.211    system_i/dut0/inst/u8/y_reg[7]_i_148_n_7
    SLICE_X66Y98         LUT6 (Prop_lut6_I0_O)        0.299    74.510 r  system_i/dut0/inst/u8/y[3]_i_16/O
                         net (fo=5, routed)           1.007    75.517    system_i/dut0/inst/u8/y[3]_i_16_n_0
    SLICE_X66Y96         LUT4 (Prop_lut4_I1_O)        0.124    75.641 r  system_i/dut0/inst/u8/y[7]_i_256/O
                         net (fo=1, routed)           0.000    75.641    system_i/dut0/inst/u8/y[7]_i_256_n_0
    SLICE_X66Y96         CARRY4 (Prop_carry4_S[1]_CO[3])
                                                      0.533    76.174 r  system_i/dut0/inst/u8/y_reg[7]_i_147/CO[3]
                         net (fo=1, routed)           0.000    76.174    system_i/dut0/inst/u8/y_reg[7]_i_147_n_0
    SLICE_X66Y97         CARRY4 (Prop_carry4_CI_O[0])
                                                      0.219    76.393 r  system_i/dut0/inst/u8/y_reg[7]_i_56/O[0]
                         net (fo=12, routed)          0.784    77.177    system_i/dut0/inst/u8/y_reg[7]_i_56_n_7
    SLICE_X64Y97         LUT6 (Prop_lut6_I0_O)        0.295    77.472 r  system_i/dut0/inst/u8/y[7]_i_217/O
                         net (fo=3, routed)           0.879    78.351    system_i/dut0/inst/u8/y[7]_i_217_n_0
    SLICE_X65Y94         LUT4 (Prop_lut4_I3_O)        0.124    78.475 r  system_i/dut0/inst/u8/y[7]_i_146/O
                         net (fo=1, routed)           0.000    78.475    system_i/dut0/inst/u8/y[7]_i_146_n_0
    SLICE_X65Y94         CARRY4 (Prop_carry4_S[0]_CO[3])
                                                      0.532    79.007 r  system_i/dut0/inst/u8/y_reg[7]_i_55/CO[3]
                         net (fo=1, routed)           0.000    79.007    system_i/dut0/inst/u8/y_reg[7]_i_55_n_0
    SLICE_X65Y95         CARRY4 (Prop_carry4_CI_O[0])
                                                      0.222    79.229 r  system_i/dut0/inst/u8/y_reg[7]_i_21/O[0]
                         net (fo=12, routed)          0.812    80.040    system_i/dut0/inst/u8/y_reg[7]_i_21_n_7
    SLICE_X64Y94         LUT6 (Prop_lut6_I0_O)        0.299    80.339 r  system_i/dut0/inst/u8/y[3]_i_3/O
                         net (fo=5, routed)           0.830    81.169    system_i/dut0/inst/u8/y[3]_i_3_n_0
    SLICE_X65Y92         LUT4 (Prop_lut4_I1_O)        0.124    81.293 r  system_i/dut0/inst/u8/y[7]_i_66/O
                         net (fo=1, routed)           0.000    81.293    system_i/dut0/inst/u8/y[7]_i_66_n_0
    SLICE_X65Y92         CARRY4 (Prop_carry4_S[1]_CO[3])
                                                      0.550    81.843 r  system_i/dut0/inst/u8/y_reg[7]_i_24/CO[3]
                         net (fo=1, routed)           0.000    81.843    system_i/dut0/inst/u8/y_reg[7]_i_24_n_0
    SLICE_X65Y93         CARRY4 (Prop_carry4_CI_O[0])
                                                      0.222    82.065 r  system_i/dut0/inst/u8/y_reg[7]_i_7/O[0]
                         net (fo=8, routed)           0.463    82.528    system_i/dut0/inst/u8/y_reg[7]_i_7_n_7
    SLICE_X67Y93         LUT6 (Prop_lut6_I4_O)        0.299    82.827 r  system_i/dut0/inst/u8/y[6]_i_1/O
                         net (fo=1, routed)           0.000    82.827    system_i/dut0/inst/u8/s[6]
    SLICE_X67Y93         FDRE                                         r  system_i/dut0/inst/u8/y_reg[6]/D
  -------------------------------------------------------------------    -------------------

                         (clock clk_fpga_0 rise edge)
                                                      5.000     5.000 r  
    PS7_X0Y0             PS7                          0.000     5.000 r  system_i/ps7/inst/PS7_i/FCLKCLK[0]
                         net (fo=1, routed)           1.088     6.088    system_i/ps7/inst/FCLK_CLK_unbuffered[0]
    BUFGCTRL_X0Y16       BUFG (Prop_bufg_I_O)         0.091     6.179 r  system_i/ps7/inst/buffer_fclk_clk_0.FCLK_CLK_0_BUFG/O
                         net (fo=2812, routed)        1.541     7.720    system_i/dut0/inst/u8/clk
    SLICE_X67Y93         FDRE                                         r  system_i/dut0/inst/u8/y_reg[6]/C
                         clock pessimism              0.129     7.849    
                         clock uncertainty           -0.083     7.766    
    SLICE_X67Y93         FDRE (Setup_fdre_C_D)        0.032     7.798    system_i/dut0/inst/u8/y_reg[6]
  -------------------------------------------------------------------
                         required time                          7.798    
                         arrival time                         -82.827    
  -------------------------------------------------------------------
                         slack                                -75.030    

Slack (VIOLATED) :        -74.960ns  (required time - arrival time)
  Source:                 system_i/dut0/inst/cnt_reg[1]_rep__0/C
                            (rising edge-triggered cell FDRE clocked by clk_fpga_0  {rise@0.000ns fall@2.500ns period=5.000ns})
  Destination:            system_i/dut0/inst/u9/y_reg[2]/D
                            (rising edge-triggered cell FDRE clocked by clk_fpga_0  {rise@0.000ns fall@2.500ns period=5.000ns})
  Path Group:             clk_fpga_0
  Path Type:              Setup (Max at Slow Process Corner)
  Requirement:            5.000ns  (clk_fpga_0 rise@5.000ns - clk_fpga_0 rise@0.000ns)
  Data Path Delay:        79.764ns  (logic 23.683ns (29.691%)  route 56.081ns (70.309%))
  Logic Levels:           89  (CARRY4=34 LUT3=9 LUT4=18 LUT5=7 LUT6=20 MUXF7=1)
  Clock Path Skew:        -0.143ns (DCD - SCD + CPR)
    Destination Clock Delay (DCD):    2.737ns = ( 7.736 - 5.000 ) 
    Source Clock Delay      (SCD):    2.994ns
    Clock Pessimism Removal (CPR):    0.115ns
  Clock Uncertainty:      0.083ns  ((TSJ^2 + TIJ^2)^1/2 + DJ) / 2 + PE
    Total System Jitter     (TSJ):    0.071ns
    Total Input Jitter      (TIJ):    0.150ns
    Discrete Jitter          (DJ):    0.000ns
    Phase Error              (PE):    0.000ns

    Location             Delay type                Incr(ns)  Path(ns)    Netlist Resource(s)
  -------------------------------------------------------------------    -------------------
                         (clock clk_fpga_0 rise edge)
                                                      0.000     0.000 r  
    PS7_X0Y0             PS7                          0.000     0.000 r  system_i/ps7/inst/PS7_i/FCLKCLK[0]
                         net (fo=1, routed)           1.193     1.193    system_i/ps7/inst/FCLK_CLK_unbuffered[0]
    BUFGCTRL_X0Y16       BUFG (Prop_bufg_I_O)         0.101     1.294 r  system_i/ps7/inst/buffer_fclk_clk_0.FCLK_CLK_0_BUFG/O
                         net (fo=2812, routed)        1.700     2.994    system_i/dut0/inst/clk
    SLICE_X28Y51         FDRE                                         r  system_i/dut0/inst/cnt_reg[1]_rep__0/C
  -------------------------------------------------------------------    -------------------
    SLICE_X28Y51         FDRE (Prop_fdre_C_Q)         0.456     3.450 r  system_i/dut0/inst/cnt_reg[1]_rep__0/Q
                         net (fo=94, routed)          1.036     4.486    system_i/dut0/inst/u9/w0_reg[1]_0[1]
    SLICE_X28Y52         LUT4 (Prop_lut4_I1_O)        0.124     4.610 r  system_i/dut0/inst/u9/y[7]_i_1333__0/O
                         net (fo=1, routed)           0.000     4.610    system_i/dut0/inst/u9/y[7]_i_1333__0_n_0
    SLICE_X28Y52         CARRY4 (Prop_carry4_S[0]_CO[3])
                                                      0.532     5.142 r  system_i/dut0/inst/u9/y_reg[7]_i_1269/CO[3]
                         net (fo=64, routed)          1.403     6.546    system_i/dut0/inst/u9/y_reg[7]_i_1269_n_0
    SLICE_X30Y53         LUT3 (Prop_lut3_I1_O)        0.124     6.670 r  system_i/dut0/inst/u9/y[7]_i_1370__0/O
                         net (fo=1, routed)           0.493     7.163    system_i/dut0/inst/u9/y[7]_i_1370__0_n_0
    SLICE_X30Y53         LUT6 (Prop_lut6_I1_O)        0.124     7.287 r  system_i/dut0/inst/u9/y[7]_i_1334__0/O
                         net (fo=1, routed)           0.340     7.627    system_i/dut0/inst/u9/y[7]_i_1334__0_n_0
    SLICE_X30Y52         CARRY4 (Prop_carry4_DI[3]_CO[3])
                                                      0.396     8.023 r  system_i/dut0/inst/u9/y_reg[7]_i_1270__0/CO[3]
                         net (fo=40, routed)          1.199     9.222    system_i/dut0/inst/u9/y_reg[7]_i_1270__0_n_0
    SLICE_X31Y53         LUT5 (Prop_lut5_I1_O)        0.124     9.346 f  system_i/dut0/inst/u9/y[7]_i_1388/O
                         net (fo=1, routed)           0.639     9.985    system_i/dut0/inst/u9/y[7]_i_1388_n_0
    SLICE_X31Y52         LUT6 (Prop_lut6_I1_O)        0.124    10.109 r  system_i/dut0/inst/u9/y[7]_i_1353__0/O
                         net (fo=1, routed)           0.520    10.629    system_i/dut0/inst/u9/y[7]_i_1353__0_n_0
    SLICE_X31Y51         CARRY4 (Prop_carry4_DI[0]_CO[3])
                                                      0.526    11.155 r  system_i/dut0/inst/u9/y_reg[7]_i_1295/CO[3]
                         net (fo=16, routed)          1.130    12.285    system_i/dut0/inst/u9/y_reg[7]_i_1295_n_0
    SLICE_X30Y53         LUT6 (Prop_lut6_I0_O)        0.124    12.409 r  system_i/dut0/inst/u9/y[7]_i_1305__0/O
                         net (fo=4, routed)           0.676    13.085    system_i/dut0/inst/u9/w1_reg[7]_1
    SLICE_X29Y54         LUT6 (Prop_lut6_I0_O)        0.124    13.209 r  system_i/dut0/inst/u9/y[7]_i_1358/O
                         net (fo=1, routed)           0.463    13.672    system_i/dut0/inst/u9/y[7]_i_1358_n_0
    SLICE_X30Y54         CARRY4 (Prop_carry4_DI[3]_CO[3])
                                                      0.396    14.068 r  system_i/dut0/inst/u9/y_reg[7]_i_1304/CO[3]
                         net (fo=16, routed)          1.291    15.359    system_i/dut0/inst/u9/y_reg[7]_i_1304_n_0
    SLICE_X31Y54         LUT5 (Prop_lut5_I3_O)        0.124    15.483 r  system_i/dut0/inst/u9/y[1]_i_159__0/O
                         net (fo=8, routed)           0.894    16.377    system_i/dut0/inst/u9/y[1]_i_159__0_n_0
    SLICE_X31Y50         LUT4 (Prop_lut4_I0_O)        0.124    16.501 r  system_i/dut0/inst/u9/y[7]_i_1303/O
                         net (fo=1, routed)           0.000    16.501    system_i/dut0/inst/u9/y[7]_i_1303_n_0
    SLICE_X31Y50         CARRY4 (Prop_carry4_S[0]_CO[3])
                                                      0.532    17.033 r  system_i/dut0/inst/u9/y_reg[7]_i_1229/CO[3]
                         net (fo=36, routed)          1.221    18.254    system_i/dut0/inst/u9/y_reg[7]_i_1229_n_0
    SLICE_X29Y48         LUT3 (Prop_lut3_I1_O)        0.124    18.378 r  system_i/dut0/inst/u9/y[2]_i_186/O
                         net (fo=6, routed)           0.868    19.245    system_i/dut0/inst/u9/y[2]_i_186_n_0
    SLICE_X32Y50         LUT6 (Prop_lut6_I4_O)        0.124    19.369 r  system_i/dut0/inst/u9/y[7]_i_1308__0/O
                         net (fo=1, routed)           0.568    19.938    system_i/dut0/inst/u9/y[7]_i_1308__0_n_0
    SLICE_X33Y50         CARRY4 (Prop_carry4_DI[1]_CO[3])
                                                      0.507    20.445 r  system_i/dut0/inst/u9/y_reg[7]_i_1232/CO[3]
                         net (fo=32, routed)          0.837    21.282    system_i/dut0/inst/u9/y_reg[7]_i_1232_n_0
    SLICE_X33Y47         LUT5 (Prop_lut5_I4_O)        0.124    21.406 f  system_i/dut0/inst/u9/y[1]_i_152__0/O
                         net (fo=6, routed)           0.679    22.085    system_i/dut0/inst/u9/y[1]_i_152__0_n_0
    SLICE_X30Y46         LUT6 (Prop_lut6_I4_O)        0.124    22.209 r  system_i/dut0/inst/u9/y[7]_i_1236__0/O
                         net (fo=1, routed)           0.514    22.723    system_i/dut0/inst/u9/y[7]_i_1236__0_n_0
    SLICE_X30Y47         CARRY4 (Prop_carry4_DI[0]_CO[3])
                                                      0.550    23.273 r  system_i/dut0/inst/u9/y_reg[7]_i_1128__0/CO[3]
                         net (fo=28, routed)          1.211    24.484    system_i/dut0/inst/u9/y_reg[7]_i_1128__0_n_0
    SLICE_X30Y48         LUT6 (Prop_lut6_I0_O)        0.124    24.608 r  system_i/dut0/inst/u9/y[0]_i_195/O
                         net (fo=4, routed)           0.599    25.208    system_i/dut0/inst/u9/y[0]_i_195_n_0
    SLICE_X31Y48         LUT6 (Prop_lut6_I4_O)        0.124    25.332 r  system_i/dut0/inst/u9/y[7]_i_1321__0/O
                         net (fo=1, routed)           0.520    25.852    system_i/dut0/inst/u9/y[7]_i_1321__0_n_0
    SLICE_X31Y49         CARRY4 (Prop_carry4_DI[0]_CO[3])
                                                      0.526    26.378 r  system_i/dut0/inst/u9/y_reg[7]_i_1241/CO[3]
                         net (fo=16, routed)          1.280    27.658    system_i/dut0/inst/u9/y_reg[7]_i_1241_n_0
    SLICE_X34Y49         LUT5 (Prop_lut5_I1_O)        0.124    27.782 r  system_i/dut0/inst/u9/y[3]_i_155__0/O
                         net (fo=4, routed)           0.957    28.739    system_i/dut0/inst/u9/y[3]_i_155__0_n_0
    SLICE_X35Y48         LUT4 (Prop_lut4_I0_O)        0.124    28.863 r  system_i/dut0/inst/u9/y[7]_i_1259__0/O
                         net (fo=1, routed)           0.000    28.863    system_i/dut0/inst/u9/y[7]_i_1259__0_n_0
    SLICE_X35Y48         CARRY4 (Prop_carry4_S[1]_CO[3])
                                                      0.550    29.413 r  system_i/dut0/inst/u9/y_reg[7]_i_1155/CO[3]
                         net (fo=16, routed)          1.033    30.446    system_i/dut0/inst/u9/y_reg[7]_i_1155_n_0
    SLICE_X35Y49         LUT3 (Prop_lut3_I1_O)        0.124    30.570 r  system_i/dut0/inst/u9/y[6]_i_549/O
                         net (fo=6, routed)           1.124    31.693    system_i/dut0/inst/u9/y[6]_i_549_n_0
    SLICE_X39Y51         LUT4 (Prop_lut4_I3_O)        0.124    31.817 r  system_i/dut0/inst/u9/y[7]_i_1161__0/O
                         net (fo=1, routed)           0.000    31.817    system_i/dut0/inst/u9/y[7]_i_1161__0_n_0
    SLICE_X39Y51         CARRY4 (Prop_carry4_S[3]_CO[3])
                                                      0.401    32.218 r  system_i/dut0/inst/u9/y_reg[7]_i_1043/CO[3]
                         net (fo=36, routed)          1.156    33.374    system_i/dut0/inst/u9/y_reg[7]_i_1043_n_0
    SLICE_X42Y52         LUT3 (Prop_lut3_I1_O)        0.124    33.498 r  system_i/dut0/inst/u9/y[7]_i_1262__0/O
                         net (fo=2, routed)           0.692    34.190    system_i/dut0/inst/u9/y[7]_i_1262__0_n_0
    SLICE_X42Y52         LUT6 (Prop_lut6_I4_O)        0.124    34.314 r  system_i/dut0/inst/u9/y[7]_i_1166__0/O
                         net (fo=1, routed)           0.514    34.828    system_i/dut0/inst/u9/y[7]_i_1166__0_n_0
    SLICE_X41Y52         CARRY4 (Prop_carry4_DI[2]_CO[3])
                                                      0.398    35.226 r  system_i/dut0/inst/u9/y_reg[7]_i_1045/CO[3]
                         net (fo=16, routed)          1.038    36.264    system_i/dut0/inst/u9/y_reg[7]_i_1045_n_0
    SLICE_X42Y51         LUT5 (Prop_lut5_I3_O)        0.124    36.388 r  system_i/dut0/inst/u9/y[3]_i_134__0/O
                         net (fo=7, routed)           0.877    37.265    system_i/dut0/inst/u9/y[3]_i_134__0_n_0
    SLICE_X44Y52         LUT4 (Prop_lut4_I0_O)        0.124    37.389 r  system_i/dut0/inst/u9/y[7]_i_1040__0/O
                         net (fo=1, routed)           0.000    37.389    system_i/dut0/inst/u9/y[7]_i_1040__0_n_0
    SLICE_X44Y52         CARRY4 (Prop_carry4_S[1]_CO[3])
                                                      0.550    37.939 r  system_i/dut0/inst/u9/y_reg[7]_i_884/CO[3]
                         net (fo=36, routed)          1.204    39.143    system_i/dut0/inst/u9/y_reg[7]_i_884_n_0
    SLICE_X43Y51         LUT3 (Prop_lut3_I1_O)        0.124    39.267 r  system_i/dut0/inst/u9/y[2]_i_139__0/O
                         net (fo=6, routed)           0.984    40.251    system_i/dut0/inst/u9/y[2]_i_139__0_n_0
    SLICE_X39Y49         LUT4 (Prop_lut4_I2_O)        0.124    40.375 r  system_i/dut0/inst/u9/y[7]_i_902__0/O
                         net (fo=1, routed)           0.000    40.375    system_i/dut0/inst/u9/y[7]_i_902__0_n_0
    SLICE_X39Y49         CARRY4 (Prop_carry4_S[1]_CO[3])
                                                      0.550    40.925 r  system_i/dut0/inst/u9/y_reg[7]_i_772/CO[3]
                         net (fo=36, routed)          1.336    42.261    system_i/dut0/inst/u9/y_reg[7]_i_772_n_0
    SLICE_X41Y51         LUT3 (Prop_lut3_I1_O)        0.124    42.385 r  system_i/dut0/inst/u9/y[0]_i_142__0/O
                         net (fo=6, routed)           1.116    43.501    system_i/dut0/inst/u9/y[0]_i_142__0_n_0
    SLICE_X38Y45         LUT4 (Prop_lut4_I2_O)        0.124    43.625 r  system_i/dut0/inst/u9/y[7]_i_924/O
                         net (fo=1, routed)           0.000    43.625    system_i/dut0/inst/u9/y[7]_i_924_n_0
    SLICE_X38Y45         CARRY4 (Prop_carry4_S[0]_CO[3])
                                                      0.513    44.138 r  system_i/dut0/inst/u9/y_reg[7]_i_777/CO[3]
                         net (fo=36, routed)          1.382    45.520    system_i/dut0/inst/u9/y_reg[7]_i_777_n_0
    SLICE_X40Y48         LUT3 (Prop_lut3_I1_O)        0.124    45.644 r  system_i/dut0/inst/u9/y[3]_i_116/O
                         net (fo=10, routed)          0.995    46.639    system_i/dut0/inst/u9/y[3]_i_116_n_0
    SLICE_X46Y49         LUT4 (Prop_lut4_I1_O)        0.124    46.763 r  system_i/dut0/inst/u9/y[7]_i_863/O
                         net (fo=1, routed)           0.000    46.763    system_i/dut0/inst/u9/y[7]_i_863_n_0
    SLICE_X46Y49         CARRY4 (Prop_carry4_S[1]_CO[3])
                                                      0.533    47.296 r  system_i/dut0/inst/u9/y_reg[7]_i_735/CO[3]
                         net (fo=56, routed)          1.116    48.412    system_i/dut0/inst/u9/y_reg[7]_i_735_n_0
    SLICE_X52Y51         LUT3 (Prop_lut3_I1_O)        0.124    48.536 f  system_i/dut0/inst/u9/y[7]_i_1143/O
                         net (fo=2, routed)           0.679    49.215    system_i/dut0/inst/u9/y[7]_i_1143_n_0
    SLICE_X52Y51         LUT6 (Prop_lut6_I5_O)        0.124    49.339 r  system_i/dut0/inst/u9/y[7]_i_991__0/O
                         net (fo=1, routed)           0.661    50.000    system_i/dut0/inst/u9/y[7]_i_991__0_n_0
    SLICE_X52Y50         CARRY4 (Prop_carry4_DI[0]_CO[3])
                                                      0.526    50.526 r  system_i/dut0/inst/u9/y_reg[7]_i_832/CO[3]
                         net (fo=16, routed)          1.359    51.884    system_i/dut0/inst/u9/y_reg[7]_i_832_n_0
    SLICE_X49Y49         LUT5 (Prop_lut5_I1_O)        0.124    52.008 r  system_i/dut0/inst/u9/y[0]_i_137__0/O
                         net (fo=4, routed)           0.834    52.842    system_i/dut0/inst/u9/y[0]_i_137__0_n_0
    SLICE_X46Y47         LUT4 (Prop_lut4_I3_O)        0.124    52.966 r  system_i/dut0/inst/u9/y[7]_i_966__0/O
                         net (fo=1, routed)           0.000    52.966    system_i/dut0/inst/u9/y[7]_i_966__0_n_0
    SLICE_X46Y47         CARRY4 (Prop_carry4_S[0]_CO[3])
                                                      0.513    53.479 r  system_i/dut0/inst/u9/y_reg[7]_i_809/CO[3]
                         net (fo=16, routed)          0.893    54.372    system_i/dut0/inst/u9/y_reg[7]_i_809_n_0
    SLICE_X47Y48         LUT3 (Prop_lut3_I1_O)        0.124    54.496 f  system_i/dut0/inst/u9/y[2]_i_120__0/O
                         net (fo=5, routed)           0.986    55.483    system_i/dut0/inst/u9/y[2]_i_120__0_n_0
    SLICE_X53Y48         LUT6 (Prop_lut6_I5_O)        0.124    55.607 r  system_i/dut0/inst/u9/y[7]_i_836__0/O
                         net (fo=1, routed)           0.569    56.175    system_i/dut0/inst/u9/y[7]_i_836__0_n_0
    SLICE_X52Y48         CARRY4 (Prop_carry4_DI[1]_CO[3])
                                                      0.507    56.682 r  system_i/dut0/inst/u9/y_reg[7]_i_694/CO[3]
                         net (fo=24, routed)          0.988    57.670    system_i/dut0/inst/u9/y_reg[7]_i_694_n_0
    SLICE_X51Y48         LUT5 (Prop_lut5_I4_O)        0.124    57.794 r  system_i/dut0/inst/u9/y[3]_i_114__0/O
                         net (fo=7, routed)           0.768    58.562    system_i/dut0/inst/u9/y[3]_i_114__0_n_0
    SLICE_X50Y47         LUT4 (Prop_lut4_I0_O)        0.124    58.686 r  system_i/dut0/inst/u9/y[7]_i_853__0/O
                         net (fo=1, routed)           0.000    58.686    system_i/dut0/inst/u9/y[7]_i_853__0_n_0
    SLICE_X50Y47         CARRY4 (Prop_carry4_S[1]_CO[3])
                                                      0.533    59.219 r  system_i/dut0/inst/u9/y_reg[7]_i_722/CO[3]
                         net (fo=40, routed)          1.113    60.332    system_i/dut0/inst/u9/y_reg[7]_i_722_n_0
    SLICE_X53Y48         LUT6 (Prop_lut6_I1_O)        0.124    60.456 r  system_i/dut0/inst/u9/y[7]_i_998/O
                         net (fo=5, routed)           0.820    61.276    system_i/dut0/inst/u9/y[3]_i_114__0_0
    SLICE_X52Y46         LUT4 (Prop_lut4_I0_O)        0.124    61.400 r  system_i/dut0/inst/u9/y[7]_i_1022__0/O
                         net (fo=1, routed)           0.000    61.400    system_i/dut0/inst/u8/y_reg[7]_i_725_0[1]
    SLICE_X52Y46         CARRY4 (Prop_carry4_S[1]_CO[3])
                                                      0.550    61.950 r  system_i/dut0/inst/u8/y_reg[7]_i_856/CO[3]
                         net (fo=1, routed)           0.000    61.950    system_i/dut0/inst/u8/y_reg[7]_i_856_n_0
    SLICE_X52Y47         CARRY4 (Prop_carry4_CI_O[0])
                                                      0.222    62.172 r  system_i/dut0/inst/u8/y_reg[7]_i_725/O[0]
                         net (fo=16, routed)          0.889    63.061    system_i/dut0/inst/u9/y_reg[7]_i_603_0[0]
    SLICE_X57Y47         LUT6 (Prop_lut6_I1_O)        0.299    63.360 r  system_i/dut0/inst/u9/y[1]_i_99__0/O
                         net (fo=1, routed)           0.000    63.360    system_i/dut0/inst/u9/y[1]_i_99__0_n_0
    SLICE_X57Y47         MUXF7 (Prop_muxf7_I1_O)      0.217    63.577 r  system_i/dut0/inst/u9/y_reg[1]_i_80/O
                         net (fo=4, routed)           0.838    64.415    system_i/dut0/inst/u8/y_reg[7]_i_599_1
    SLICE_X56Y46         LUT4 (Prop_lut4_I1_O)        0.299    64.714 r  system_i/dut0/inst/u8/y[7]_i_711__0/O
                         net (fo=1, routed)           0.000    64.714    system_i/dut0/inst/u8/y[7]_i_711__0_n_0
    SLICE_X56Y46         CARRY4 (Prop_carry4_S[0]_CO[3])
                                                      0.532    65.246 r  system_i/dut0/inst/u8/y_reg[7]_i_599/CO[3]
                         net (fo=1, routed)           0.000    65.246    system_i/dut0/inst/u8/y_reg[7]_i_599_n_0
    SLICE_X56Y47         CARRY4 (Prop_carry4_CI_O[0])
                                                      0.222    65.468 r  system_i/dut0/inst/u8/y_reg[7]_i_502/O[0]
                         net (fo=12, routed)          1.062    66.530    system_i/dut0/inst/u9/y[7]_i_400_1[0]
    SLICE_X56Y43         LUT6 (Prop_lut6_I1_O)        0.299    66.829 r  system_i/dut0/inst/u9/y[1]_i_61/O
                         net (fo=5, routed)           0.633    67.462    system_i/dut0/inst/u8/y_reg[7]_i_499_1
    SLICE_X57Y43         LUT4 (Prop_lut4_I1_O)        0.124    67.586 r  system_i/dut0/inst/u8/y[7]_i_589__0/O
                         net (fo=1, routed)           0.000    67.586    system_i/dut0/inst/u8/y[7]_i_589__0_n_0
    SLICE_X57Y43         CARRY4 (Prop_carry4_S[0]_CO[3])
                                                      0.532    68.118 r  system_i/dut0/inst/u8/y_reg[7]_i_499/CO[3]
                         net (fo=1, routed)           0.000    68.118    system_i/dut0/inst/u8/y_reg[7]_i_499_n_0
    SLICE_X57Y44         CARRY4 (Prop_carry4_CI_O[0])
                                                      0.222    68.340 r  system_i/dut0/inst/u8/y_reg[7]_i_397/O[0]
                         net (fo=12, routed)          0.916    69.256    system_i/dut0/inst/u9/y[6]_i_46_0[0]
    SLICE_X57Y41         LUT6 (Prop_lut6_I1_O)        0.299    69.555 r  system_i/dut0/inst/u9/y[7]_i_281/O
                         net (fo=5, routed)           0.812    70.367    system_i/dut0/inst/u9/y[7]_i_399_0
    SLICE_X58Y40         LUT4 (Prop_lut4_I0_O)        0.124    70.491 r  system_i/dut0/inst/u9/y[7]_i_494/O
                         net (fo=1, routed)           0.000    70.491    system_i/dut0/inst/u9/y[7]_i_494_n_0
    SLICE_X58Y40         CARRY4 (Prop_carry4_S[3]_CO[3])
                                                      0.376    70.867 r  system_i/dut0/inst/u9/y_reg[7]_i_395/CO[3]
                         net (fo=1, routed)           0.000    70.867    system_i/dut0/inst/u9/y_reg[7]_i_395_n_0
    SLICE_X58Y41         CARRY4 (Prop_carry4_CI_O[0])
                                                      0.219    71.086 r  system_i/dut0/inst/u9/y_reg[7]_i_280/O[0]
                         net (fo=12, routed)          0.835    71.921    system_i/dut0/inst/u9/y_reg[7]_i_280_n_7
    SLICE_X59Y39         LUT6 (Prop_lut6_I4_O)        0.295    72.216 r  system_i/dut0/inst/u9/y[5]_i_31/O
                         net (fo=5, routed)           0.866    73.082    system_i/dut0/inst/u9/y[5]_i_46__0_0
    SLICE_X62Y38         LUT4 (Prop_lut4_I0_O)        0.124    73.206 r  system_i/dut0/inst/u9/y[7]_i_391/O
                         net (fo=1, routed)           0.000    73.206    system_i/dut0/inst/u9/y[7]_i_391_n_0
    SLICE_X62Y38         CARRY4 (Prop_carry4_S[2]_CO[3])
                                                      0.380    73.586 r  system_i/dut0/inst/u9/y_reg[7]_i_277/CO[3]
                         net (fo=1, routed)           0.000    73.586    system_i/dut0/inst/u9/y_reg[7]_i_277_n_0
    SLICE_X62Y39         CARRY4 (Prop_carry4_CI_O[0])
                                                      0.219    73.805 r  system_i/dut0/inst/u9/y_reg[7]_i_175__0/O[0]
                         net (fo=12, routed)          0.668    74.473    system_i/dut0/inst/u9/y_reg[7]_i_175__0_n_7
    SLICE_X62Y40         LUT6 (Prop_lut6_I4_O)        0.295    74.768 r  system_i/dut0/inst/u9/y[7]_i_91__0/O
                         net (fo=5, routed)           0.968    75.736    system_i/dut0/inst/u9/y[7]_i_176_0
    SLICE_X65Y38         LUT4 (Prop_lut4_I0_O)        0.124    75.860 r  system_i/dut0/inst/u9/y[7]_i_264__0/O
                         net (fo=1, routed)           0.000    75.860    system_i/dut0/inst/u8/y_reg[7]_i_89_0[3]
    SLICE_X65Y38         CARRY4 (Prop_carry4_S[3]_CO[3])
                                                      0.401    76.261 r  system_i/dut0/inst/u8/y_reg[7]_i_172__0/CO[3]
                         net (fo=1, routed)           0.000    76.261    system_i/dut0/inst/u8/y_reg[7]_i_172__0_n_0
    SLICE_X65Y39         CARRY4 (Prop_carry4_CI_O[0])
                                                      0.222    76.483 r  system_i/dut0/inst/u8/y_reg[7]_i_89/O[0]
                         net (fo=12, routed)          0.672    77.155    system_i/dut0/inst/u9/y[7]_i_145__0[0]
    SLICE_X66Y39         LUT6 (Prop_lut6_I1_O)        0.299    77.454 r  system_i/dut0/inst/u9/y[1]_i_10__0/O
                         net (fo=5, routed)           0.830    78.284    system_i/dut0/inst/u9/y[1]_i_19_0
    SLICE_X69Y39         LUT4 (Prop_lut4_I0_O)        0.124    78.408 r  system_i/dut0/inst/u9/y[7]_i_171__0/O
                         net (fo=1, routed)           0.000    78.408    system_i/dut0/inst/u9/y[7]_i_171__0_n_0
    SLICE_X69Y39         CARRY4 (Prop_carry4_S[0]_CO[3])
                                                      0.532    78.940 r  system_i/dut0/inst/u9/y_reg[7]_i_88/CO[3]
                         net (fo=1, routed)           0.000    78.940    system_i/dut0/inst/u9/y_reg[7]_i_88_n_0
    SLICE_X69Y40         CARRY4 (Prop_carry4_CI_O[0])
                                                      0.222    79.162 r  system_i/dut0/inst/u9/y_reg[7]_i_34/O[0]
                         net (fo=12, routed)          0.701    79.863    system_i/dut0/inst/u9/y_reg[7]_i_34_n_7
    SLICE_X70Y40         LUT6 (Prop_lut6_I4_O)        0.299    80.162 r  system_i/dut0/inst/u9/y[7]_i_47__0/O
                         net (fo=3, routed)           0.791    80.953    system_i/dut0/inst/u9/y[7]_i_95__0_0
    SLICE_X73Y39         LUT4 (Prop_lut4_I3_O)        0.124    81.077 r  system_i/dut0/inst/u9/y[7]_i_43/O
                         net (fo=1, routed)           0.000    81.077    system_i/dut0/inst/u9/y[7]_i_43_n_0
    SLICE_X73Y39         CARRY4 (Prop_carry4_S[0]_CO[3])
                                                      0.532    81.609 r  system_i/dut0/inst/u9/y_reg[7]_i_6/CO[3]
                         net (fo=8, routed)           1.025    82.634    system_i/dut0/inst/u9/y_reg[7]_i_6_n_0
    SLICE_X72Y39         LUT6 (Prop_lut6_I4_O)        0.124    82.758 r  system_i/dut0/inst/u9/y[2]_i_1__0/O
                         net (fo=1, routed)           0.000    82.758    system_i/dut0/inst/u9/s[2]
    SLICE_X72Y39         FDRE                                         r  system_i/dut0/inst/u9/y_reg[2]/D
  -------------------------------------------------------------------    -------------------

                         (clock clk_fpga_0 rise edge)
                                                      5.000     5.000 r  
    PS7_X0Y0             PS7                          0.000     5.000 r  system_i/ps7/inst/PS7_i/FCLKCLK[0]
                         net (fo=1, routed)           1.088     6.088    system_i/ps7/inst/FCLK_CLK_unbuffered[0]
    BUFGCTRL_X0Y16       BUFG (Prop_bufg_I_O)         0.091     6.179 r  system_i/ps7/inst/buffer_fclk_clk_0.FCLK_CLK_0_BUFG/O
                         net (fo=2812, routed)        1.557     7.736    system_i/dut0/inst/u9/clk
    SLICE_X72Y39         FDRE                                         r  system_i/dut0/inst/u9/y_reg[2]/C
                         clock pessimism              0.115     7.851    
                         clock uncertainty           -0.083     7.768    
    SLICE_X72Y39         FDRE (Setup_fdre_C_D)        0.029     7.797    system_i/dut0/inst/u9/y_reg[2]
  -------------------------------------------------------------------
                         required time                          7.797    
                         arrival time                         -82.758    
  -------------------------------------------------------------------
                         slack                                -74.960    

Slack (VIOLATED) :        -74.771ns  (required time - arrival time)
  Source:                 system_i/dut0/inst/cnt_reg[1]_rep__0/C
                            (rising edge-triggered cell FDRE clocked by clk_fpga_0  {rise@0.000ns fall@2.500ns period=5.000ns})
  Destination:            system_i/dut0/inst/u9/y_reg[3]/D
                            (rising edge-triggered cell FDRE clocked by clk_fpga_0  {rise@0.000ns fall@2.500ns period=5.000ns})
  Path Group:             clk_fpga_0
  Path Type:              Setup (Max at Slow Process Corner)
  Requirement:            5.000ns  (clk_fpga_0 rise@5.000ns - clk_fpga_0 rise@0.000ns)
  Data Path Delay:        79.577ns  (logic 23.683ns (29.761%)  route 55.894ns (70.239%))
  Logic Levels:           89  (CARRY4=34 LUT3=9 LUT4=18 LUT5=7 LUT6=20 MUXF7=1)
  Clock Path Skew:        -0.143ns (DCD - SCD + CPR)
    Destination Clock Delay (DCD):    2.737ns = ( 7.736 - 5.000 ) 
    Source Clock Delay      (SCD):    2.994ns
    Clock Pessimism Removal (CPR):    0.115ns
  Clock Uncertainty:      0.083ns  ((TSJ^2 + TIJ^2)^1/2 + DJ) / 2 + PE
    Total System Jitter     (TSJ):    0.071ns
    Total Input Jitter      (TIJ):    0.150ns
    Discrete Jitter          (DJ):    0.000ns
    Phase Error              (PE):    0.000ns

    Location             Delay type                Incr(ns)  Path(ns)    Netlist Resource(s)
  -------------------------------------------------------------------    -------------------
                         (clock clk_fpga_0 rise edge)
                                                      0.000     0.000 r  
    PS7_X0Y0             PS7                          0.000     0.000 r  system_i/ps7/inst/PS7_i/FCLKCLK[0]
                         net (fo=1, routed)           1.193     1.193    system_i/ps7/inst/FCLK_CLK_unbuffered[0]
    BUFGCTRL_X0Y16       BUFG (Prop_bufg_I_O)         0.101     1.294 r  system_i/ps7/inst/buffer_fclk_clk_0.FCLK_CLK_0_BUFG/O
                         net (fo=2812, routed)        1.700     2.994    system_i/dut0/inst/clk
    SLICE_X28Y51         FDRE                                         r  system_i/dut0/inst/cnt_reg[1]_rep__0/C
  -------------------------------------------------------------------    -------------------
    SLICE_X28Y51         FDRE (Prop_fdre_C_Q)         0.456     3.450 r  system_i/dut0/inst/cnt_reg[1]_rep__0/Q
                         net (fo=94, routed)          1.036     4.486    system_i/dut0/inst/u9/w0_reg[1]_0[1]
    SLICE_X28Y52         LUT4 (Prop_lut4_I1_O)        0.124     4.610 r  system_i/dut0/inst/u9/y[7]_i_1333__0/O
                         net (fo=1, routed)           0.000     4.610    system_i/dut0/inst/u9/y[7]_i_1333__0_n_0
    SLICE_X28Y52         CARRY4 (Prop_carry4_S[0]_CO[3])
                                                      0.532     5.142 r  system_i/dut0/inst/u9/y_reg[7]_i_1269/CO[3]
                         net (fo=64, routed)          1.403     6.546    system_i/dut0/inst/u9/y_reg[7]_i_1269_n_0
    SLICE_X30Y53         LUT3 (Prop_lut3_I1_O)        0.124     6.670 r  system_i/dut0/inst/u9/y[7]_i_1370__0/O
                         net (fo=1, routed)           0.493     7.163    system_i/dut0/inst/u9/y[7]_i_1370__0_n_0
    SLICE_X30Y53         LUT6 (Prop_lut6_I1_O)        0.124     7.287 r  system_i/dut0/inst/u9/y[7]_i_1334__0/O
                         net (fo=1, routed)           0.340     7.627    system_i/dut0/inst/u9/y[7]_i_1334__0_n_0
    SLICE_X30Y52         CARRY4 (Prop_carry4_DI[3]_CO[3])
                                                      0.396     8.023 r  system_i/dut0/inst/u9/y_reg[7]_i_1270__0/CO[3]
                         net (fo=40, routed)          1.199     9.222    system_i/dut0/inst/u9/y_reg[7]_i_1270__0_n_0
    SLICE_X31Y53         LUT5 (Prop_lut5_I1_O)        0.124     9.346 f  system_i/dut0/inst/u9/y[7]_i_1388/O
                         net (fo=1, routed)           0.639     9.985    system_i/dut0/inst/u9/y[7]_i_1388_n_0
    SLICE_X31Y52         LUT6 (Prop_lut6_I1_O)        0.124    10.109 r  system_i/dut0/inst/u9/y[7]_i_1353__0/O
                         net (fo=1, routed)           0.520    10.629    system_i/dut0/inst/u9/y[7]_i_1353__0_n_0
    SLICE_X31Y51         CARRY4 (Prop_carry4_DI[0]_CO[3])
                                                      0.526    11.155 r  system_i/dut0/inst/u9/y_reg[7]_i_1295/CO[3]
                         net (fo=16, routed)          1.130    12.285    system_i/dut0/inst/u9/y_reg[7]_i_1295_n_0
    SLICE_X30Y53         LUT6 (Prop_lut6_I0_O)        0.124    12.409 r  system_i/dut0/inst/u9/y[7]_i_1305__0/O
                         net (fo=4, routed)           0.676    13.085    system_i/dut0/inst/u9/w1_reg[7]_1
    SLICE_X29Y54         LUT6 (Prop_lut6_I0_O)        0.124    13.209 r  system_i/dut0/inst/u9/y[7]_i_1358/O
                         net (fo=1, routed)           0.463    13.672    system_i/dut0/inst/u9/y[7]_i_1358_n_0
    SLICE_X30Y54         CARRY4 (Prop_carry4_DI[3]_CO[3])
                                                      0.396    14.068 r  system_i/dut0/inst/u9/y_reg[7]_i_1304/CO[3]
                         net (fo=16, routed)          1.291    15.359    system_i/dut0/inst/u9/y_reg[7]_i_1304_n_0
    SLICE_X31Y54         LUT5 (Prop_lut5_I3_O)        0.124    15.483 r  system_i/dut0/inst/u9/y[1]_i_159__0/O
                         net (fo=8, routed)           0.894    16.377    system_i/dut0/inst/u9/y[1]_i_159__0_n_0
    SLICE_X31Y50         LUT4 (Prop_lut4_I0_O)        0.124    16.501 r  system_i/dut0/inst/u9/y[7]_i_1303/O
                         net (fo=1, routed)           0.000    16.501    system_i/dut0/inst/u9/y[7]_i_1303_n_0
    SLICE_X31Y50         CARRY4 (Prop_carry4_S[0]_CO[3])
                                                      0.532    17.033 r  system_i/dut0/inst/u9/y_reg[7]_i_1229/CO[3]
                         net (fo=36, routed)          1.221    18.254    system_i/dut0/inst/u9/y_reg[7]_i_1229_n_0
    SLICE_X29Y48         LUT3 (Prop_lut3_I1_O)        0.124    18.378 r  system_i/dut0/inst/u9/y[2]_i_186/O
                         net (fo=6, routed)           0.868    19.245    system_i/dut0/inst/u9/y[2]_i_186_n_0
    SLICE_X32Y50         LUT6 (Prop_lut6_I4_O)        0.124    19.369 r  system_i/dut0/inst/u9/y[7]_i_1308__0/O
                         net (fo=1, routed)           0.568    19.938    system_i/dut0/inst/u9/y[7]_i_1308__0_n_0
    SLICE_X33Y50         CARRY4 (Prop_carry4_DI[1]_CO[3])
                                                      0.507    20.445 r  system_i/dut0/inst/u9/y_reg[7]_i_1232/CO[3]
                         net (fo=32, routed)          0.837    21.282    system_i/dut0/inst/u9/y_reg[7]_i_1232_n_0
    SLICE_X33Y47         LUT5 (Prop_lut5_I4_O)        0.124    21.406 f  system_i/dut0/inst/u9/y[1]_i_152__0/O
                         net (fo=6, routed)           0.679    22.085    system_i/dut0/inst/u9/y[1]_i_152__0_n_0
    SLICE_X30Y46         LUT6 (Prop_lut6_I4_O)        0.124    22.209 r  system_i/dut0/inst/u9/y[7]_i_1236__0/O
                         net (fo=1, routed)           0.514    22.723    system_i/dut0/inst/u9/y[7]_i_1236__0_n_0
    SLICE_X30Y47         CARRY4 (Prop_carry4_DI[0]_CO[3])
                                                      0.550    23.273 r  system_i/dut0/inst/u9/y_reg[7]_i_1128__0/CO[3]
                         net (fo=28, routed)          1.211    24.484    system_i/dut0/inst/u9/y_reg[7]_i_1128__0_n_0
    SLICE_X30Y48         LUT6 (Prop_lut6_I0_O)        0.124    24.608 r  system_i/dut0/inst/u9/y[0]_i_195/O
                         net (fo=4, routed)           0.599    25.208    system_i/dut0/inst/u9/y[0]_i_195_n_0
    SLICE_X31Y48         LUT6 (Prop_lut6_I4_O)        0.124    25.332 r  system_i/dut0/inst/u9/y[7]_i_1321__0/O
                         net (fo=1, routed)           0.520    25.852    system_i/dut0/inst/u9/y[7]_i_1321__0_n_0
    SLICE_X31Y49         CARRY4 (Prop_carry4_DI[0]_CO[3])
                                                      0.526    26.378 r  system_i/dut0/inst/u9/y_reg[7]_i_1241/CO[3]
                         net (fo=16, routed)          1.280    27.658    system_i/dut0/inst/u9/y_reg[7]_i_1241_n_0
    SLICE_X34Y49         LUT5 (Prop_lut5_I1_O)        0.124    27.782 r  system_i/dut0/inst/u9/y[3]_i_155__0/O
                         net (fo=4, routed)           0.957    28.739    system_i/dut0/inst/u9/y[3]_i_155__0_n_0
    SLICE_X35Y48         LUT4 (Prop_lut4_I0_O)        0.124    28.863 r  system_i/dut0/inst/u9/y[7]_i_1259__0/O
                         net (fo=1, routed)           0.000    28.863    system_i/dut0/inst/u9/y[7]_i_1259__0_n_0
    SLICE_X35Y48         CARRY4 (Prop_carry4_S[1]_CO[3])
                                                      0.550    29.413 r  system_i/dut0/inst/u9/y_reg[7]_i_1155/CO[3]
                         net (fo=16, routed)          1.033    30.446    system_i/dut0/inst/u9/y_reg[7]_i_1155_n_0
    SLICE_X35Y49         LUT3 (Prop_lut3_I1_O)        0.124    30.570 r  system_i/dut0/inst/u9/y[6]_i_549/O
                         net (fo=6, routed)           1.124    31.693    system_i/dut0/inst/u9/y[6]_i_549_n_0
    SLICE_X39Y51         LUT4 (Prop_lut4_I3_O)        0.124    31.817 r  system_i/dut0/inst/u9/y[7]_i_1161__0/O
                         net (fo=1, routed)           0.000    31.817    system_i/dut0/inst/u9/y[7]_i_1161__0_n_0
    SLICE_X39Y51         CARRY4 (Prop_carry4_S[3]_CO[3])
                                                      0.401    32.218 r  system_i/dut0/inst/u9/y_reg[7]_i_1043/CO[3]
                         net (fo=36, routed)          1.156    33.374    system_i/dut0/inst/u9/y_reg[7]_i_1043_n_0
    SLICE_X42Y52         LUT3 (Prop_lut3_I1_O)        0.124    33.498 r  system_i/dut0/inst/u9/y[7]_i_1262__0/O
                         net (fo=2, routed)           0.692    34.190    system_i/dut0/inst/u9/y[7]_i_1262__0_n_0
    SLICE_X42Y52         LUT6 (Prop_lut6_I4_O)        0.124    34.314 r  system_i/dut0/inst/u9/y[7]_i_1166__0/O
                         net (fo=1, routed)           0.514    34.828    system_i/dut0/inst/u9/y[7]_i_1166__0_n_0
    SLICE_X41Y52         CARRY4 (Prop_carry4_DI[2]_CO[3])
                                                      0.398    35.226 r  system_i/dut0/inst/u9/y_reg[7]_i_1045/CO[3]
                         net (fo=16, routed)          1.038    36.264    system_i/dut0/inst/u9/y_reg[7]_i_1045_n_0
    SLICE_X42Y51         LUT5 (Prop_lut5_I3_O)        0.124    36.388 r  system_i/dut0/inst/u9/y[3]_i_134__0/O
                         net (fo=7, routed)           0.877    37.265    system_i/dut0/inst/u9/y[3]_i_134__0_n_0
    SLICE_X44Y52         LUT4 (Prop_lut4_I0_O)        0.124    37.389 r  system_i/dut0/inst/u9/y[7]_i_1040__0/O
                         net (fo=1, routed)           0.000    37.389    system_i/dut0/inst/u9/y[7]_i_1040__0_n_0
    SLICE_X44Y52         CARRY4 (Prop_carry4_S[1]_CO[3])
                                                      0.550    37.939 r  system_i/dut0/inst/u9/y_reg[7]_i_884/CO[3]
                         net (fo=36, routed)          1.204    39.143    system_i/dut0/inst/u9/y_reg[7]_i_884_n_0
    SLICE_X43Y51         LUT3 (Prop_lut3_I1_O)        0.124    39.267 r  system_i/dut0/inst/u9/y[2]_i_139__0/O
                         net (fo=6, routed)           0.984    40.251    system_i/dut0/inst/u9/y[2]_i_139__0_n_0
    SLICE_X39Y49         LUT4 (Prop_lut4_I2_O)        0.124    40.375 r  system_i/dut0/inst/u9/y[7]_i_902__0/O
                         net (fo=1, routed)           0.000    40.375    system_i/dut0/inst/u9/y[7]_i_902__0_n_0
    SLICE_X39Y49         CARRY4 (Prop_carry4_S[1]_CO[3])
                                                      0.550    40.925 r  system_i/dut0/inst/u9/y_reg[7]_i_772/CO[3]
                         net (fo=36, routed)          1.336    42.261    system_i/dut0/inst/u9/y_reg[7]_i_772_n_0
    SLICE_X41Y51         LUT3 (Prop_lut3_I1_O)        0.124    42.385 r  system_i/dut0/inst/u9/y[0]_i_142__0/O
                         net (fo=6, routed)           1.116    43.501    system_i/dut0/inst/u9/y[0]_i_142__0_n_0
    SLICE_X38Y45         LUT4 (Prop_lut4_I2_O)        0.124    43.625 r  system_i/dut0/inst/u9/y[7]_i_924/O
                         net (fo=1, routed)           0.000    43.625    system_i/dut0/inst/u9/y[7]_i_924_n_0
    SLICE_X38Y45         CARRY4 (Prop_carry4_S[0]_CO[3])
                                                      0.513    44.138 r  system_i/dut0/inst/u9/y_reg[7]_i_777/CO[3]
                         net (fo=36, routed)          1.382    45.520    system_i/dut0/inst/u9/y_reg[7]_i_777_n_0
    SLICE_X40Y48         LUT3 (Prop_lut3_I1_O)        0.124    45.644 r  system_i/dut0/inst/u9/y[3]_i_116/O
                         net (fo=10, routed)          0.995    46.639    system_i/dut0/inst/u9/y[3]_i_116_n_0
    SLICE_X46Y49         LUT4 (Prop_lut4_I1_O)        0.124    46.763 r  system_i/dut0/inst/u9/y[7]_i_863/O
                         net (fo=1, routed)           0.000    46.763    system_i/dut0/inst/u9/y[7]_i_863_n_0
    SLICE_X46Y49         CARRY4 (Prop_carry4_S[1]_CO[3])
                                                      0.533    47.296 r  system_i/dut0/inst/u9/y_reg[7]_i_735/CO[3]
                         net (fo=56, routed)          1.116    48.412    system_i/dut0/inst/u9/y_reg[7]_i_735_n_0
    SLICE_X52Y51         LUT3 (Prop_lut3_I1_O)        0.124    48.536 f  system_i/dut0/inst/u9/y[7]_i_1143/O
                         net (fo=2, routed)           0.679    49.215    system_i/dut0/inst/u9/y[7]_i_1143_n_0
    SLICE_X52Y51         LUT6 (Prop_lut6_I5_O)        0.124    49.339 r  system_i/dut0/inst/u9/y[7]_i_991__0/O
                         net (fo=1, routed)           0.661    50.000    system_i/dut0/inst/u9/y[7]_i_991__0_n_0
    SLICE_X52Y50         CARRY4 (Prop_carry4_DI[0]_CO[3])
                                                      0.526    50.526 r  system_i/dut0/inst/u9/y_reg[7]_i_832/CO[3]
                         net (fo=16, routed)          1.359    51.884    system_i/dut0/inst/u9/y_reg[7]_i_832_n_0
    SLICE_X49Y49         LUT5 (Prop_lut5_I1_O)        0.124    52.008 r  system_i/dut0/inst/u9/y[0]_i_137__0/O
                         net (fo=4, routed)           0.834    52.842    system_i/dut0/inst/u9/y[0]_i_137__0_n_0
    SLICE_X46Y47         LUT4 (Prop_lut4_I3_O)        0.124    52.966 r  system_i/dut0/inst/u9/y[7]_i_966__0/O
                         net (fo=1, routed)           0.000    52.966    system_i/dut0/inst/u9/y[7]_i_966__0_n_0
    SLICE_X46Y47         CARRY4 (Prop_carry4_S[0]_CO[3])
                                                      0.513    53.479 r  system_i/dut0/inst/u9/y_reg[7]_i_809/CO[3]
                         net (fo=16, routed)          0.893    54.372    system_i/dut0/inst/u9/y_reg[7]_i_809_n_0
    SLICE_X47Y48         LUT3 (Prop_lut3_I1_O)        0.124    54.496 f  system_i/dut0/inst/u9/y[2]_i_120__0/O
                         net (fo=5, routed)           0.986    55.483    system_i/dut0/inst/u9/y[2]_i_120__0_n_0
    SLICE_X53Y48         LUT6 (Prop_lut6_I5_O)        0.124    55.607 r  system_i/dut0/inst/u9/y[7]_i_836__0/O
                         net (fo=1, routed)           0.569    56.175    system_i/dut0/inst/u9/y[7]_i_836__0_n_0
    SLICE_X52Y48         CARRY4 (Prop_carry4_DI[1]_CO[3])
                                                      0.507    56.682 r  system_i/dut0/inst/u9/y_reg[7]_i_694/CO[3]
                         net (fo=24, routed)          0.988    57.670    system_i/dut0/inst/u9/y_reg[7]_i_694_n_0
    SLICE_X51Y48         LUT5 (Prop_lut5_I4_O)        0.124    57.794 r  system_i/dut0/inst/u9/y[3]_i_114__0/O
                         net (fo=7, routed)           0.768    58.562    system_i/dut0/inst/u9/y[3]_i_114__0_n_0
    SLICE_X50Y47         LUT4 (Prop_lut4_I0_O)        0.124    58.686 r  system_i/dut0/inst/u9/y[7]_i_853__0/O
                         net (fo=1, routed)           0.000    58.686    system_i/dut0/inst/u9/y[7]_i_853__0_n_0
    SLICE_X50Y47         CARRY4 (Prop_carry4_S[1]_CO[3])
                                                      0.533    59.219 r  system_i/dut0/inst/u9/y_reg[7]_i_722/CO[3]
                         net (fo=40, routed)          1.113    60.332    system_i/dut0/inst/u9/y_reg[7]_i_722_n_0
    SLICE_X53Y48         LUT6 (Prop_lut6_I1_O)        0.124    60.456 r  system_i/dut0/inst/u9/y[7]_i_998/O
                         net (fo=5, routed)           0.820    61.276    system_i/dut0/inst/u9/y[3]_i_114__0_0
    SLICE_X52Y46         LUT4 (Prop_lut4_I0_O)        0.124    61.400 r  system_i/dut0/inst/u9/y[7]_i_1022__0/O
                         net (fo=1, routed)           0.000    61.400    system_i/dut0/inst/u8/y_reg[7]_i_725_0[1]
    SLICE_X52Y46         CARRY4 (Prop_carry4_S[1]_CO[3])
                                                      0.550    61.950 r  system_i/dut0/inst/u8/y_reg[7]_i_856/CO[3]
                         net (fo=1, routed)           0.000    61.950    system_i/dut0/inst/u8/y_reg[7]_i_856_n_0
    SLICE_X52Y47         CARRY4 (Prop_carry4_CI_O[0])
                                                      0.222    62.172 r  system_i/dut0/inst/u8/y_reg[7]_i_725/O[0]
                         net (fo=16, routed)          0.889    63.061    system_i/dut0/inst/u9/y_reg[7]_i_603_0[0]
    SLICE_X57Y47         LUT6 (Prop_lut6_I1_O)        0.299    63.360 r  system_i/dut0/inst/u9/y[1]_i_99__0/O
                         net (fo=1, routed)           0.000    63.360    system_i/dut0/inst/u9/y[1]_i_99__0_n_0
    SLICE_X57Y47         MUXF7 (Prop_muxf7_I1_O)      0.217    63.577 r  system_i/dut0/inst/u9/y_reg[1]_i_80/O
                         net (fo=4, routed)           0.838    64.415    system_i/dut0/inst/u8/y_reg[7]_i_599_1
    SLICE_X56Y46         LUT4 (Prop_lut4_I1_O)        0.299    64.714 r  system_i/dut0/inst/u8/y[7]_i_711__0/O
                         net (fo=1, routed)           0.000    64.714    system_i/dut0/inst/u8/y[7]_i_711__0_n_0
    SLICE_X56Y46         CARRY4 (Prop_carry4_S[0]_CO[3])
                                                      0.532    65.246 r  system_i/dut0/inst/u8/y_reg[7]_i_599/CO[3]
                         net (fo=1, routed)           0.000    65.246    system_i/dut0/inst/u8/y_reg[7]_i_599_n_0
    SLICE_X56Y47         CARRY4 (Prop_carry4_CI_O[0])
                                                      0.222    65.468 r  system_i/dut0/inst/u8/y_reg[7]_i_502/O[0]
                         net (fo=12, routed)          1.062    66.530    system_i/dut0/inst/u9/y[7]_i_400_1[0]
    SLICE_X56Y43         LUT6 (Prop_lut6_I1_O)        0.299    66.829 r  system_i/dut0/inst/u9/y[1]_i_61/O
                         net (fo=5, routed)           0.633    67.462    system_i/dut0/inst/u8/y_reg[7]_i_499_1
    SLICE_X57Y43         LUT4 (Prop_lut4_I1_O)        0.124    67.586 r  system_i/dut0/inst/u8/y[7]_i_589__0/O
                         net (fo=1, routed)           0.000    67.586    system_i/dut0/inst/u8/y[7]_i_589__0_n_0
    SLICE_X57Y43         CARRY4 (Prop_carry4_S[0]_CO[3])
                                                      0.532    68.118 r  system_i/dut0/inst/u8/y_reg[7]_i_499/CO[3]
                         net (fo=1, routed)           0.000    68.118    system_i/dut0/inst/u8/y_reg[7]_i_499_n_0
    SLICE_X57Y44         CARRY4 (Prop_carry4_CI_O[0])
                                                      0.222    68.340 r  system_i/dut0/inst/u8/y_reg[7]_i_397/O[0]
                         net (fo=12, routed)          0.916    69.256    system_i/dut0/inst/u9/y[6]_i_46_0[0]
    SLICE_X57Y41         LUT6 (Prop_lut6_I1_O)        0.299    69.555 r  system_i/dut0/inst/u9/y[7]_i_281/O
                         net (fo=5, routed)           0.812    70.367    system_i/dut0/inst/u9/y[7]_i_399_0
    SLICE_X58Y40         LUT4 (Prop_lut4_I0_O)        0.124    70.491 r  system_i/dut0/inst/u9/y[7]_i_494/O
                         net (fo=1, routed)           0.000    70.491    system_i/dut0/inst/u9/y[7]_i_494_n_0
    SLICE_X58Y40         CARRY4 (Prop_carry4_S[3]_CO[3])
                                                      0.376    70.867 r  system_i/dut0/inst/u9/y_reg[7]_i_395/CO[3]
                         net (fo=1, routed)           0.000    70.867    system_i/dut0/inst/u9/y_reg[7]_i_395_n_0
    SLICE_X58Y41         CARRY4 (Prop_carry4_CI_O[0])
                                                      0.219    71.086 r  system_i/dut0/inst/u9/y_reg[7]_i_280/O[0]
                         net (fo=12, routed)          0.835    71.921    system_i/dut0/inst/u9/y_reg[7]_i_280_n_7
    SLICE_X59Y39         LUT6 (Prop_lut6_I4_O)        0.295    72.216 r  system_i/dut0/inst/u9/y[5]_i_31/O
                         net (fo=5, routed)           0.866    73.082    system_i/dut0/inst/u9/y[5]_i_46__0_0
    SLICE_X62Y38         LUT4 (Prop_lut4_I0_O)        0.124    73.206 r  system_i/dut0/inst/u9/y[7]_i_391/O
                         net (fo=1, routed)           0.000    73.206    system_i/dut0/inst/u9/y[7]_i_391_n_0
    SLICE_X62Y38         CARRY4 (Prop_carry4_S[2]_CO[3])
                                                      0.380    73.586 r  system_i/dut0/inst/u9/y_reg[7]_i_277/CO[3]
                         net (fo=1, routed)           0.000    73.586    system_i/dut0/inst/u9/y_reg[7]_i_277_n_0
    SLICE_X62Y39         CARRY4 (Prop_carry4_CI_O[0])
                                                      0.219    73.805 r  system_i/dut0/inst/u9/y_reg[7]_i_175__0/O[0]
                         net (fo=12, routed)          0.668    74.473    system_i/dut0/inst/u9/y_reg[7]_i_175__0_n_7
    SLICE_X62Y40         LUT6 (Prop_lut6_I4_O)        0.295    74.768 r  system_i/dut0/inst/u9/y[7]_i_91__0/O
                         net (fo=5, routed)           0.968    75.736    system_i/dut0/inst/u9/y[7]_i_176_0
    SLICE_X65Y38         LUT4 (Prop_lut4_I0_O)        0.124    75.860 r  system_i/dut0/inst/u9/y[7]_i_264__0/O
                         net (fo=1, routed)           0.000    75.860    system_i/dut0/inst/u8/y_reg[7]_i_89_0[3]
    SLICE_X65Y38         CARRY4 (Prop_carry4_S[3]_CO[3])
                                                      0.401    76.261 r  system_i/dut0/inst/u8/y_reg[7]_i_172__0/CO[3]
                         net (fo=1, routed)           0.000    76.261    system_i/dut0/inst/u8/y_reg[7]_i_172__0_n_0
    SLICE_X65Y39         CARRY4 (Prop_carry4_CI_O[0])
                                                      0.222    76.483 r  system_i/dut0/inst/u8/y_reg[7]_i_89/O[0]
                         net (fo=12, routed)          0.672    77.155    system_i/dut0/inst/u9/y[7]_i_145__0[0]
    SLICE_X66Y39         LUT6 (Prop_lut6_I1_O)        0.299    77.454 r  system_i/dut0/inst/u9/y[1]_i_10__0/O
                         net (fo=5, routed)           0.830    78.284    system_i/dut0/inst/u9/y[1]_i_19_0
    SLICE_X69Y39         LUT4 (Prop_lut4_I0_O)        0.124    78.408 r  system_i/dut0/inst/u9/y[7]_i_171__0/O
                         net (fo=1, routed)           0.000    78.408    system_i/dut0/inst/u9/y[7]_i_171__0_n_0
    SLICE_X69Y39         CARRY4 (Prop_carry4_S[0]_CO[3])
                                                      0.532    78.940 r  system_i/dut0/inst/u9/y_reg[7]_i_88/CO[3]
                         net (fo=1, routed)           0.000    78.940    system_i/dut0/inst/u9/y_reg[7]_i_88_n_0
    SLICE_X69Y40         CARRY4 (Prop_carry4_CI_O[0])
                                                      0.222    79.162 r  system_i/dut0/inst/u9/y_reg[7]_i_34/O[0]
                         net (fo=12, routed)          0.701    79.863    system_i/dut0/inst/u9/y_reg[7]_i_34_n_7
    SLICE_X70Y40         LUT6 (Prop_lut6_I4_O)        0.299    80.162 r  system_i/dut0/inst/u9/y[7]_i_47__0/O
                         net (fo=3, routed)           0.791    80.953    system_i/dut0/inst/u9/y[7]_i_95__0_0
    SLICE_X73Y39         LUT4 (Prop_lut4_I3_O)        0.124    81.077 r  system_i/dut0/inst/u9/y[7]_i_43/O
                         net (fo=1, routed)           0.000    81.077    system_i/dut0/inst/u9/y[7]_i_43_n_0
    SLICE_X73Y39         CARRY4 (Prop_carry4_S[0]_CO[3])
                                                      0.532    81.609 r  system_i/dut0/inst/u9/y_reg[7]_i_6/CO[3]
                         net (fo=8, routed)           0.838    82.447    system_i/dut0/inst/u9/y_reg[7]_i_6_n_0
    SLICE_X72Y39         LUT6 (Prop_lut6_I4_O)        0.124    82.571 r  system_i/dut0/inst/u9/y[3]_i_1__0/O
                         net (fo=1, routed)           0.000    82.571    system_i/dut0/inst/u9/s[3]
    SLICE_X72Y39         FDRE                                         r  system_i/dut0/inst/u9/y_reg[3]/D
  -------------------------------------------------------------------    -------------------

                         (clock clk_fpga_0 rise edge)
                                                      5.000     5.000 r  
    PS7_X0Y0             PS7                          0.000     5.000 r  system_i/ps7/inst/PS7_i/FCLKCLK[0]
                         net (fo=1, routed)           1.088     6.088    system_i/ps7/inst/FCLK_CLK_unbuffered[0]
    BUFGCTRL_X0Y16       BUFG (Prop_bufg_I_O)         0.091     6.179 r  system_i/ps7/inst/buffer_fclk_clk_0.FCLK_CLK_0_BUFG/O
                         net (fo=2812, routed)        1.557     7.736    system_i/dut0/inst/u9/clk
    SLICE_X72Y39         FDRE                                         r  system_i/dut0/inst/u9/y_reg[3]/C
                         clock pessimism              0.115     7.851    
                         clock uncertainty           -0.083     7.768    
    SLICE_X72Y39         FDRE (Setup_fdre_C_D)        0.031     7.799    system_i/dut0/inst/u9/y_reg[3]
  -------------------------------------------------------------------
                         required time                          7.799    
                         arrival time                         -82.571    
  -------------------------------------------------------------------
                         slack                                -74.771    

Slack (VIOLATED) :        -74.732ns  (required time - arrival time)
  Source:                 system_i/dut0/inst/cnt_reg[1]_rep__0/C
                            (rising edge-triggered cell FDRE clocked by clk_fpga_0  {rise@0.000ns fall@2.500ns period=5.000ns})
  Destination:            system_i/dut0/inst/u9/y_reg[6]/D
                            (rising edge-triggered cell FDRE clocked by clk_fpga_0  {rise@0.000ns fall@2.500ns period=5.000ns})
  Path Group:             clk_fpga_0
  Path Type:              Setup (Max at Slow Process Corner)
  Requirement:            5.000ns  (clk_fpga_0 rise@5.000ns - clk_fpga_0 rise@0.000ns)
  Data Path Delay:        79.539ns  (logic 23.549ns (29.607%)  route 55.990ns (70.393%))
  Logic Levels:           89  (CARRY4=34 LUT3=9 LUT4=18 LUT5=7 LUT6=20 MUXF7=1)
  Clock Path Skew:        -0.143ns (DCD - SCD + CPR)
    Destination Clock Delay (DCD):    2.737ns = ( 7.736 - 5.000 ) 
    Source Clock Delay      (SCD):    2.994ns
    Clock Pessimism Removal (CPR):    0.115ns
  Clock Uncertainty:      0.083ns  ((TSJ^2 + TIJ^2)^1/2 + DJ) / 2 + PE
    Total System Jitter     (TSJ):    0.071ns
    Total Input Jitter      (TIJ):    0.150ns
    Discrete Jitter          (DJ):    0.000ns
    Phase Error              (PE):    0.000ns

    Location             Delay type                Incr(ns)  Path(ns)    Netlist Resource(s)
  -------------------------------------------------------------------    -------------------
                         (clock clk_fpga_0 rise edge)
                                                      0.000     0.000 r  
    PS7_X0Y0             PS7                          0.000     0.000 r  system_i/ps7/inst/PS7_i/FCLKCLK[0]
                         net (fo=1, routed)           1.193     1.193    system_i/ps7/inst/FCLK_CLK_unbuffered[0]
    BUFGCTRL_X0Y16       BUFG (Prop_bufg_I_O)         0.101     1.294 r  system_i/ps7/inst/buffer_fclk_clk_0.FCLK_CLK_0_BUFG/O
                         net (fo=2812, routed)        1.700     2.994    system_i/dut0/inst/clk
    SLICE_X28Y51         FDRE                                         r  system_i/dut0/inst/cnt_reg[1]_rep__0/C
  -------------------------------------------------------------------    -------------------
    SLICE_X28Y51         FDRE (Prop_fdre_C_Q)         0.456     3.450 r  system_i/dut0/inst/cnt_reg[1]_rep__0/Q
                         net (fo=94, routed)          1.036     4.486    system_i/dut0/inst/u9/w0_reg[1]_0[1]
    SLICE_X28Y52         LUT4 (Prop_lut4_I1_O)        0.124     4.610 r  system_i/dut0/inst/u9/y[7]_i_1333__0/O
                         net (fo=1, routed)           0.000     4.610    system_i/dut0/inst/u9/y[7]_i_1333__0_n_0
    SLICE_X28Y52         CARRY4 (Prop_carry4_S[0]_CO[3])
                                                      0.532     5.142 r  system_i/dut0/inst/u9/y_reg[7]_i_1269/CO[3]
                         net (fo=64, routed)          1.403     6.546    system_i/dut0/inst/u9/y_reg[7]_i_1269_n_0
    SLICE_X30Y53         LUT3 (Prop_lut3_I1_O)        0.124     6.670 r  system_i/dut0/inst/u9/y[7]_i_1370__0/O
                         net (fo=1, routed)           0.493     7.163    system_i/dut0/inst/u9/y[7]_i_1370__0_n_0
    SLICE_X30Y53         LUT6 (Prop_lut6_I1_O)        0.124     7.287 r  system_i/dut0/inst/u9/y[7]_i_1334__0/O
                         net (fo=1, routed)           0.340     7.627    system_i/dut0/inst/u9/y[7]_i_1334__0_n_0
    SLICE_X30Y52         CARRY4 (Prop_carry4_DI[3]_CO[3])
                                                      0.396     8.023 r  system_i/dut0/inst/u9/y_reg[7]_i_1270__0/CO[3]
                         net (fo=40, routed)          1.199     9.222    system_i/dut0/inst/u9/y_reg[7]_i_1270__0_n_0
    SLICE_X31Y53         LUT5 (Prop_lut5_I1_O)        0.124     9.346 f  system_i/dut0/inst/u9/y[7]_i_1388/O
                         net (fo=1, routed)           0.639     9.985    system_i/dut0/inst/u9/y[7]_i_1388_n_0
    SLICE_X31Y52         LUT6 (Prop_lut6_I1_O)        0.124    10.109 r  system_i/dut0/inst/u9/y[7]_i_1353__0/O
                         net (fo=1, routed)           0.520    10.629    system_i/dut0/inst/u9/y[7]_i_1353__0_n_0
    SLICE_X31Y51         CARRY4 (Prop_carry4_DI[0]_CO[3])
                                                      0.526    11.155 r  system_i/dut0/inst/u9/y_reg[7]_i_1295/CO[3]
                         net (fo=16, routed)          1.130    12.285    system_i/dut0/inst/u9/y_reg[7]_i_1295_n_0
    SLICE_X30Y53         LUT6 (Prop_lut6_I0_O)        0.124    12.409 r  system_i/dut0/inst/u9/y[7]_i_1305__0/O
                         net (fo=4, routed)           0.676    13.085    system_i/dut0/inst/u9/w1_reg[7]_1
    SLICE_X29Y54         LUT6 (Prop_lut6_I0_O)        0.124    13.209 r  system_i/dut0/inst/u9/y[7]_i_1358/O
                         net (fo=1, routed)           0.463    13.672    system_i/dut0/inst/u9/y[7]_i_1358_n_0
    SLICE_X30Y54         CARRY4 (Prop_carry4_DI[3]_CO[3])
                                                      0.396    14.068 r  system_i/dut0/inst/u9/y_reg[7]_i_1304/CO[3]
                         net (fo=16, routed)          1.291    15.359    system_i/dut0/inst/u9/y_reg[7]_i_1304_n_0
    SLICE_X31Y54         LUT5 (Prop_lut5_I3_O)        0.124    15.483 r  system_i/dut0/inst/u9/y[1]_i_159__0/O
                         net (fo=8, routed)           0.894    16.377    system_i/dut0/inst/u9/y[1]_i_159__0_n_0
    SLICE_X31Y50         LUT4 (Prop_lut4_I0_O)        0.124    16.501 r  system_i/dut0/inst/u9/y[7]_i_1303/O
                         net (fo=1, routed)           0.000    16.501    system_i/dut0/inst/u9/y[7]_i_1303_n_0
    SLICE_X31Y50         CARRY4 (Prop_carry4_S[0]_CO[3])
                                                      0.532    17.033 r  system_i/dut0/inst/u9/y_reg[7]_i_1229/CO[3]
                         net (fo=36, routed)          1.221    18.254    system_i/dut0/inst/u9/y_reg[7]_i_1229_n_0
    SLICE_X29Y48         LUT3 (Prop_lut3_I1_O)        0.124    18.378 r  system_i/dut0/inst/u9/y[2]_i_186/O
                         net (fo=6, routed)           0.868    19.245    system_i/dut0/inst/u9/y[2]_i_186_n_0
    SLICE_X32Y50         LUT6 (Prop_lut6_I4_O)        0.124    19.369 r  system_i/dut0/inst/u9/y[7]_i_1308__0/O
                         net (fo=1, routed)           0.568    19.938    system_i/dut0/inst/u9/y[7]_i_1308__0_n_0
    SLICE_X33Y50         CARRY4 (Prop_carry4_DI[1]_CO[3])
                                                      0.507    20.445 r  system_i/dut0/inst/u9/y_reg[7]_i_1232/CO[3]
                         net (fo=32, routed)          0.837    21.282    system_i/dut0/inst/u9/y_reg[7]_i_1232_n_0
    SLICE_X33Y47         LUT5 (Prop_lut5_I4_O)        0.124    21.406 f  system_i/dut0/inst/u9/y[1]_i_152__0/O
                         net (fo=6, routed)           0.679    22.085    system_i/dut0/inst/u9/y[1]_i_152__0_n_0
    SLICE_X30Y46         LUT6 (Prop_lut6_I4_O)        0.124    22.209 r  system_i/dut0/inst/u9/y[7]_i_1236__0/O
                         net (fo=1, routed)           0.514    22.723    system_i/dut0/inst/u9/y[7]_i_1236__0_n_0
    SLICE_X30Y47         CARRY4 (Prop_carry4_DI[0]_CO[3])
                                                      0.550    23.273 r  system_i/dut0/inst/u9/y_reg[7]_i_1128__0/CO[3]
                         net (fo=28, routed)          1.211    24.484    system_i/dut0/inst/u9/y_reg[7]_i_1128__0_n_0
    SLICE_X30Y48         LUT6 (Prop_lut6_I0_O)        0.124    24.608 r  system_i/dut0/inst/u9/y[0]_i_195/O
                         net (fo=4, routed)           0.599    25.208    system_i/dut0/inst/u9/y[0]_i_195_n_0
    SLICE_X31Y48         LUT6 (Prop_lut6_I4_O)        0.124    25.332 r  system_i/dut0/inst/u9/y[7]_i_1321__0/O
                         net (fo=1, routed)           0.520    25.852    system_i/dut0/inst/u9/y[7]_i_1321__0_n_0
    SLICE_X31Y49         CARRY4 (Prop_carry4_DI[0]_CO[3])
                                                      0.526    26.378 r  system_i/dut0/inst/u9/y_reg[7]_i_1241/CO[3]
                         net (fo=16, routed)          1.280    27.658    system_i/dut0/inst/u9/y_reg[7]_i_1241_n_0
    SLICE_X34Y49         LUT5 (Prop_lut5_I1_O)        0.124    27.782 r  system_i/dut0/inst/u9/y[3]_i_155__0/O
                         net (fo=4, routed)           0.957    28.739    system_i/dut0/inst/u9/y[3]_i_155__0_n_0
    SLICE_X35Y48         LUT4 (Prop_lut4_I0_O)        0.124    28.863 r  system_i/dut0/inst/u9/y[7]_i_1259__0/O
                         net (fo=1, routed)           0.000    28.863    system_i/dut0/inst/u9/y[7]_i_1259__0_n_0
    SLICE_X35Y48         CARRY4 (Prop_carry4_S[1]_CO[3])
                                                      0.550    29.413 r  system_i/dut0/inst/u9/y_reg[7]_i_1155/CO[3]
                         net (fo=16, routed)          1.033    30.446    system_i/dut0/inst/u9/y_reg[7]_i_1155_n_0
    SLICE_X35Y49         LUT3 (Prop_lut3_I1_O)        0.124    30.570 r  system_i/dut0/inst/u9/y[6]_i_549/O
                         net (fo=6, routed)           1.124    31.693    system_i/dut0/inst/u9/y[6]_i_549_n_0
    SLICE_X39Y51         LUT4 (Prop_lut4_I3_O)        0.124    31.817 r  system_i/dut0/inst/u9/y[7]_i_1161__0/O
                         net (fo=1, routed)           0.000    31.817    system_i/dut0/inst/u9/y[7]_i_1161__0_n_0
    SLICE_X39Y51         CARRY4 (Prop_carry4_S[3]_CO[3])
                                                      0.401    32.218 r  system_i/dut0/inst/u9/y_reg[7]_i_1043/CO[3]
                         net (fo=36, routed)          1.156    33.374    system_i/dut0/inst/u9/y_reg[7]_i_1043_n_0
    SLICE_X42Y52         LUT3 (Prop_lut3_I1_O)        0.124    33.498 r  system_i/dut0/inst/u9/y[7]_i_1262__0/O
                         net (fo=2, routed)           0.692    34.190    system_i/dut0/inst/u9/y[7]_i_1262__0_n_0
    SLICE_X42Y52         LUT6 (Prop_lut6_I4_O)        0.124    34.314 r  system_i/dut0/inst/u9/y[7]_i_1166__0/O
                         net (fo=1, routed)           0.514    34.828    system_i/dut0/inst/u9/y[7]_i_1166__0_n_0
    SLICE_X41Y52         CARRY4 (Prop_carry4_DI[2]_CO[3])
                                                      0.398    35.226 r  system_i/dut0/inst/u9/y_reg[7]_i_1045/CO[3]
                         net (fo=16, routed)          1.038    36.264    system_i/dut0/inst/u9/y_reg[7]_i_1045_n_0
    SLICE_X42Y51         LUT5 (Prop_lut5_I3_O)        0.124    36.388 r  system_i/dut0/inst/u9/y[3]_i_134__0/O
                         net (fo=7, routed)           0.877    37.265    system_i/dut0/inst/u9/y[3]_i_134__0_n_0
    SLICE_X44Y52         LUT4 (Prop_lut4_I0_O)        0.124    37.389 r  system_i/dut0/inst/u9/y[7]_i_1040__0/O
                         net (fo=1, routed)           0.000    37.389    system_i/dut0/inst/u9/y[7]_i_1040__0_n_0
    SLICE_X44Y52         CARRY4 (Prop_carry4_S[1]_CO[3])
                                                      0.550    37.939 r  system_i/dut0/inst/u9/y_reg[7]_i_884/CO[3]
                         net (fo=36, routed)          1.204    39.143    system_i/dut0/inst/u9/y_reg[7]_i_884_n_0
    SLICE_X43Y51         LUT3 (Prop_lut3_I1_O)        0.124    39.267 r  system_i/dut0/inst/u9/y[2]_i_139__0/O
                         net (fo=6, routed)           0.984    40.251    system_i/dut0/inst/u9/y[2]_i_139__0_n_0
    SLICE_X39Y49         LUT4 (Prop_lut4_I2_O)        0.124    40.375 r  system_i/dut0/inst/u9/y[7]_i_902__0/O
                         net (fo=1, routed)           0.000    40.375    system_i/dut0/inst/u9/y[7]_i_902__0_n_0
    SLICE_X39Y49         CARRY4 (Prop_carry4_S[1]_CO[3])
                                                      0.550    40.925 r  system_i/dut0/inst/u9/y_reg[7]_i_772/CO[3]
                         net (fo=36, routed)          1.336    42.261    system_i/dut0/inst/u9/y_reg[7]_i_772_n_0
    SLICE_X41Y51         LUT3 (Prop_lut3_I1_O)        0.124    42.385 r  system_i/dut0/inst/u9/y[0]_i_142__0/O
                         net (fo=6, routed)           1.116    43.501    system_i/dut0/inst/u9/y[0]_i_142__0_n_0
    SLICE_X38Y45         LUT4 (Prop_lut4_I2_O)        0.124    43.625 r  system_i/dut0/inst/u9/y[7]_i_924/O
                         net (fo=1, routed)           0.000    43.625    system_i/dut0/inst/u9/y[7]_i_924_n_0
    SLICE_X38Y45         CARRY4 (Prop_carry4_S[0]_CO[3])
                                                      0.513    44.138 r  system_i/dut0/inst/u9/y_reg[7]_i_777/CO[3]
                         net (fo=36, routed)          1.382    45.520    system_i/dut0/inst/u9/y_reg[7]_i_777_n_0
    SLICE_X40Y48         LUT3 (Prop_lut3_I1_O)        0.124    45.644 r  system_i/dut0/inst/u9/y[3]_i_116/O
                         net (fo=10, routed)          0.995    46.639    system_i/dut0/inst/u9/y[3]_i_116_n_0
    SLICE_X46Y49         LUT4 (Prop_lut4_I1_O)        0.124    46.763 r  system_i/dut0/inst/u9/y[7]_i_863/O
                         net (fo=1, routed)           0.000    46.763    system_i/dut0/inst/u9/y[7]_i_863_n_0
    SLICE_X46Y49         CARRY4 (Prop_carry4_S[1]_CO[3])
                                                      0.533    47.296 r  system_i/dut0/inst/u9/y_reg[7]_i_735/CO[3]
                         net (fo=56, routed)          1.116    48.412    system_i/dut0/inst/u9/y_reg[7]_i_735_n_0
    SLICE_X52Y51         LUT3 (Prop_lut3_I1_O)        0.124    48.536 f  system_i/dut0/inst/u9/y[7]_i_1143/O
                         net (fo=2, routed)           0.679    49.215    system_i/dut0/inst/u9/y[7]_i_1143_n_0
    SLICE_X52Y51         LUT6 (Prop_lut6_I5_O)        0.124    49.339 r  system_i/dut0/inst/u9/y[7]_i_991__0/O
                         net (fo=1, routed)           0.661    50.000    system_i/dut0/inst/u9/y[7]_i_991__0_n_0
    SLICE_X52Y50         CARRY4 (Prop_carry4_DI[0]_CO[3])
                                                      0.526    50.526 r  system_i/dut0/inst/u9/y_reg[7]_i_832/CO[3]
                         net (fo=16, routed)          1.359    51.884    system_i/dut0/inst/u9/y_reg[7]_i_832_n_0
    SLICE_X49Y49         LUT5 (Prop_lut5_I1_O)        0.124    52.008 r  system_i/dut0/inst/u9/y[0]_i_137__0/O
                         net (fo=4, routed)           0.834    52.842    system_i/dut0/inst/u9/y[0]_i_137__0_n_0
    SLICE_X46Y47         LUT4 (Prop_lut4_I3_O)        0.124    52.966 r  system_i/dut0/inst/u9/y[7]_i_966__0/O
                         net (fo=1, routed)           0.000    52.966    system_i/dut0/inst/u9/y[7]_i_966__0_n_0
    SLICE_X46Y47         CARRY4 (Prop_carry4_S[0]_CO[3])
                                                      0.513    53.479 r  system_i/dut0/inst/u9/y_reg[7]_i_809/CO[3]
                         net (fo=16, routed)          0.893    54.372    system_i/dut0/inst/u9/y_reg[7]_i_809_n_0
    SLICE_X47Y48         LUT3 (Prop_lut3_I1_O)        0.124    54.496 f  system_i/dut0/inst/u9/y[2]_i_120__0/O
                         net (fo=5, routed)           0.986    55.483    system_i/dut0/inst/u9/y[2]_i_120__0_n_0
    SLICE_X53Y48         LUT6 (Prop_lut6_I5_O)        0.124    55.607 r  system_i/dut0/inst/u9/y[7]_i_836__0/O
                         net (fo=1, routed)           0.569    56.175    system_i/dut0/inst/u9/y[7]_i_836__0_n_0
    SLICE_X52Y48         CARRY4 (Prop_carry4_DI[1]_CO[3])
                                                      0.507    56.682 r  system_i/dut0/inst/u9/y_reg[7]_i_694/CO[3]
                         net (fo=24, routed)          0.988    57.670    system_i/dut0/inst/u9/y_reg[7]_i_694_n_0
    SLICE_X51Y48         LUT5 (Prop_lut5_I4_O)        0.124    57.794 r  system_i/dut0/inst/u9/y[3]_i_114__0/O
                         net (fo=7, routed)           0.768    58.562    system_i/dut0/inst/u9/y[3]_i_114__0_n_0
    SLICE_X50Y47         LUT4 (Prop_lut4_I0_O)        0.124    58.686 r  system_i/dut0/inst/u9/y[7]_i_853__0/O
                         net (fo=1, routed)           0.000    58.686    system_i/dut0/inst/u9/y[7]_i_853__0_n_0
    SLICE_X50Y47         CARRY4 (Prop_carry4_S[1]_CO[3])
                                                      0.533    59.219 r  system_i/dut0/inst/u9/y_reg[7]_i_722/CO[3]
                         net (fo=40, routed)          1.113    60.332    system_i/dut0/inst/u9/y_reg[7]_i_722_n_0
    SLICE_X53Y48         LUT6 (Prop_lut6_I1_O)        0.124    60.456 r  system_i/dut0/inst/u9/y[7]_i_998/O
                         net (fo=5, routed)           0.820    61.276    system_i/dut0/inst/u9/y[3]_i_114__0_0
    SLICE_X52Y46         LUT4 (Prop_lut4_I0_O)        0.124    61.400 r  system_i/dut0/inst/u9/y[7]_i_1022__0/O
                         net (fo=1, routed)           0.000    61.400    system_i/dut0/inst/u8/y_reg[7]_i_725_0[1]
    SLICE_X52Y46         CARRY4 (Prop_carry4_S[1]_CO[3])
                                                      0.550    61.950 r  system_i/dut0/inst/u8/y_reg[7]_i_856/CO[3]
                         net (fo=1, routed)           0.000    61.950    system_i/dut0/inst/u8/y_reg[7]_i_856_n_0
    SLICE_X52Y47         CARRY4 (Prop_carry4_CI_O[0])
                                                      0.222    62.172 r  system_i/dut0/inst/u8/y_reg[7]_i_725/O[0]
                         net (fo=16, routed)          0.889    63.061    system_i/dut0/inst/u9/y_reg[7]_i_603_0[0]
    SLICE_X57Y47         LUT6 (Prop_lut6_I1_O)        0.299    63.360 r  system_i/dut0/inst/u9/y[1]_i_99__0/O
                         net (fo=1, routed)           0.000    63.360    system_i/dut0/inst/u9/y[1]_i_99__0_n_0
    SLICE_X57Y47         MUXF7 (Prop_muxf7_I1_O)      0.217    63.577 r  system_i/dut0/inst/u9/y_reg[1]_i_80/O
                         net (fo=4, routed)           0.838    64.415    system_i/dut0/inst/u8/y_reg[7]_i_599_1
    SLICE_X56Y46         LUT4 (Prop_lut4_I1_O)        0.299    64.714 r  system_i/dut0/inst/u8/y[7]_i_711__0/O
                         net (fo=1, routed)           0.000    64.714    system_i/dut0/inst/u8/y[7]_i_711__0_n_0
    SLICE_X56Y46         CARRY4 (Prop_carry4_S[0]_CO[3])
                                                      0.532    65.246 r  system_i/dut0/inst/u8/y_reg[7]_i_599/CO[3]
                         net (fo=1, routed)           0.000    65.246    system_i/dut0/inst/u8/y_reg[7]_i_599_n_0
    SLICE_X56Y47         CARRY4 (Prop_carry4_CI_O[0])
                                                      0.222    65.468 r  system_i/dut0/inst/u8/y_reg[7]_i_502/O[0]
                         net (fo=12, routed)          1.062    66.530    system_i/dut0/inst/u9/y[7]_i_400_1[0]
    SLICE_X56Y43         LUT6 (Prop_lut6_I1_O)        0.299    66.829 r  system_i/dut0/inst/u9/y[1]_i_61/O
                         net (fo=5, routed)           0.633    67.462    system_i/dut0/inst/u8/y_reg[7]_i_499_1
    SLICE_X57Y43         LUT4 (Prop_lut4_I1_O)        0.124    67.586 r  system_i/dut0/inst/u8/y[7]_i_589__0/O
                         net (fo=1, routed)           0.000    67.586    system_i/dut0/inst/u8/y[7]_i_589__0_n_0
    SLICE_X57Y43         CARRY4 (Prop_carry4_S[0]_CO[3])
                                                      0.532    68.118 r  system_i/dut0/inst/u8/y_reg[7]_i_499/CO[3]
                         net (fo=1, routed)           0.000    68.118    system_i/dut0/inst/u8/y_reg[7]_i_499_n_0
    SLICE_X57Y44         CARRY4 (Prop_carry4_CI_O[0])
                                                      0.222    68.340 r  system_i/dut0/inst/u8/y_reg[7]_i_397/O[0]
                         net (fo=12, routed)          0.916    69.256    system_i/dut0/inst/u9/y[6]_i_46_0[0]
    SLICE_X57Y41         LUT6 (Prop_lut6_I1_O)        0.299    69.555 r  system_i/dut0/inst/u9/y[7]_i_281/O
                         net (fo=5, routed)           0.812    70.367    system_i/dut0/inst/u9/y[7]_i_399_0
    SLICE_X58Y40         LUT4 (Prop_lut4_I0_O)        0.124    70.491 r  system_i/dut0/inst/u9/y[7]_i_494/O
                         net (fo=1, routed)           0.000    70.491    system_i/dut0/inst/u9/y[7]_i_494_n_0
    SLICE_X58Y40         CARRY4 (Prop_carry4_S[3]_CO[3])
                                                      0.376    70.867 r  system_i/dut0/inst/u9/y_reg[7]_i_395/CO[3]
                         net (fo=1, routed)           0.000    70.867    system_i/dut0/inst/u9/y_reg[7]_i_395_n_0
    SLICE_X58Y41         CARRY4 (Prop_carry4_CI_O[0])
                                                      0.219    71.086 r  system_i/dut0/inst/u9/y_reg[7]_i_280/O[0]
                         net (fo=12, routed)          0.835    71.921    system_i/dut0/inst/u9/y_reg[7]_i_280_n_7
    SLICE_X59Y39         LUT6 (Prop_lut6_I4_O)        0.295    72.216 r  system_i/dut0/inst/u9/y[5]_i_31/O
                         net (fo=5, routed)           0.866    73.082    system_i/dut0/inst/u9/y[5]_i_46__0_0
    SLICE_X62Y38         LUT4 (Prop_lut4_I0_O)        0.124    73.206 r  system_i/dut0/inst/u9/y[7]_i_391/O
                         net (fo=1, routed)           0.000    73.206    system_i/dut0/inst/u9/y[7]_i_391_n_0
    SLICE_X62Y38         CARRY4 (Prop_carry4_S[2]_CO[3])
                                                      0.380    73.586 r  system_i/dut0/inst/u9/y_reg[7]_i_277/CO[3]
                         net (fo=1, routed)           0.000    73.586    system_i/dut0/inst/u9/y_reg[7]_i_277_n_0
    SLICE_X62Y39         CARRY4 (Prop_carry4_CI_O[0])
                                                      0.219    73.805 r  system_i/dut0/inst/u9/y_reg[7]_i_175__0/O[0]
                         net (fo=12, routed)          0.668    74.473    system_i/dut0/inst/u9/y_reg[7]_i_175__0_n_7
    SLICE_X62Y40         LUT6 (Prop_lut6_I4_O)        0.295    74.768 r  system_i/dut0/inst/u9/y[7]_i_91__0/O
                         net (fo=5, routed)           0.968    75.736    system_i/dut0/inst/u9/y[7]_i_176_0
    SLICE_X65Y38         LUT4 (Prop_lut4_I0_O)        0.124    75.860 r  system_i/dut0/inst/u9/y[7]_i_264__0/O
                         net (fo=1, routed)           0.000    75.860    system_i/dut0/inst/u8/y_reg[7]_i_89_0[3]
    SLICE_X65Y38         CARRY4 (Prop_carry4_S[3]_CO[3])
                                                      0.401    76.261 r  system_i/dut0/inst/u8/y_reg[7]_i_172__0/CO[3]
                         net (fo=1, routed)           0.000    76.261    system_i/dut0/inst/u8/y_reg[7]_i_172__0_n_0
    SLICE_X65Y39         CARRY4 (Prop_carry4_CI_O[0])
                                                      0.222    76.483 r  system_i/dut0/inst/u8/y_reg[7]_i_89/O[0]
                         net (fo=12, routed)          0.672    77.155    system_i/dut0/inst/u9/y[7]_i_145__0[0]
    SLICE_X66Y39         LUT6 (Prop_lut6_I1_O)        0.299    77.454 r  system_i/dut0/inst/u9/y[1]_i_10__0/O
                         net (fo=5, routed)           0.830    78.284    system_i/dut0/inst/u9/y[1]_i_19_0
    SLICE_X69Y39         LUT4 (Prop_lut4_I0_O)        0.124    78.408 r  system_i/dut0/inst/u9/y[7]_i_171__0/O
                         net (fo=1, routed)           0.000    78.408    system_i/dut0/inst/u9/y[7]_i_171__0_n_0
    SLICE_X69Y39         CARRY4 (Prop_carry4_S[0]_CO[3])
                                                      0.532    78.940 r  system_i/dut0/inst/u9/y_reg[7]_i_88/CO[3]
                         net (fo=1, routed)           0.000    78.940    system_i/dut0/inst/u9/y_reg[7]_i_88_n_0
    SLICE_X69Y40         CARRY4 (Prop_carry4_CI_O[0])
                                                      0.222    79.162 r  system_i/dut0/inst/u9/y_reg[7]_i_34/O[0]
                         net (fo=12, routed)          0.615    79.777    system_i/dut0/inst/u9/y_reg[7]_i_34_n_7
    SLICE_X69Y41         LUT6 (Prop_lut6_I4_O)        0.299    80.076 r  system_i/dut0/inst/u9/y[5]_i_3__0/O
                         net (fo=5, routed)           0.829    80.906    system_i/dut0/inst/u8/y_reg[7]_i_2_3
    SLICE_X72Y41         LUT4 (Prop_lut4_I1_O)        0.124    81.030 r  system_i/dut0/inst/u8/y[7]_i_13__0/O
                         net (fo=1, routed)           0.000    81.030    system_i/dut0/inst/u9/y_reg[6]_2[2]
    SLICE_X72Y41         CARRY4 (Prop_carry4_S[2]_CO[3])
                                                      0.398    81.428 r  system_i/dut0/inst/u9/y_reg[7]_i_2/CO[3]
                         net (fo=8, routed)           0.981    82.409    system_i/dut0/inst/u9/y_reg[7]_i_2_n_0
    SLICE_X73Y40         LUT6 (Prop_lut6_I0_O)        0.124    82.533 r  system_i/dut0/inst/u9/y[6]_i_1__0/O
                         net (fo=1, routed)           0.000    82.533    system_i/dut0/inst/u9/s[6]
    SLICE_X73Y40         FDRE                                         r  system_i/dut0/inst/u9/y_reg[6]/D
  -------------------------------------------------------------------    -------------------

                         (clock clk_fpga_0 rise edge)
                                                      5.000     5.000 r  
    PS7_X0Y0             PS7                          0.000     5.000 r  system_i/ps7/inst/PS7_i/FCLKCLK[0]
                         net (fo=1, routed)           1.088     6.088    system_i/ps7/inst/FCLK_CLK_unbuffered[0]
    BUFGCTRL_X0Y16       BUFG (Prop_bufg_I_O)         0.091     6.179 r  system_i/ps7/inst/buffer_fclk_clk_0.FCLK_CLK_0_BUFG/O
                         net (fo=2812, routed)        1.557     7.736    system_i/dut0/inst/u9/clk
    SLICE_X73Y40         FDRE                                         r  system_i/dut0/inst/u9/y_reg[6]/C
                         clock pessimism              0.115     7.851    
                         clock uncertainty           -0.083     7.768    
    SLICE_X73Y40         FDRE (Setup_fdre_C_D)        0.032     7.800    system_i/dut0/inst/u9/y_reg[6]
  -------------------------------------------------------------------
                         required time                          7.800    
                         arrival time                         -82.533    
  -------------------------------------------------------------------
                         slack                                -74.732    

Slack (VIOLATED) :        -74.730ns  (required time - arrival time)
  Source:                 system_i/dut0/inst/cnt_reg[1]_rep__0/C
                            (rising edge-triggered cell FDRE clocked by clk_fpga_0  {rise@0.000ns fall@2.500ns period=5.000ns})
  Destination:            system_i/dut0/inst/u9/y_reg[4]/D
                            (rising edge-triggered cell FDRE clocked by clk_fpga_0  {rise@0.000ns fall@2.500ns period=5.000ns})
  Path Group:             clk_fpga_0
  Path Type:              Setup (Max at Slow Process Corner)
  Requirement:            5.000ns  (clk_fpga_0 rise@5.000ns - clk_fpga_0 rise@0.000ns)
  Data Path Delay:        79.536ns  (logic 23.549ns (29.608%)  route 55.987ns (70.392%))
  Logic Levels:           89  (CARRY4=34 LUT3=9 LUT4=18 LUT5=7 LUT6=20 MUXF7=1)
  Clock Path Skew:        -0.143ns (DCD - SCD + CPR)
    Destination Clock Delay (DCD):    2.737ns = ( 7.736 - 5.000 ) 
    Source Clock Delay      (SCD):    2.994ns
    Clock Pessimism Removal (CPR):    0.115ns
  Clock Uncertainty:      0.083ns  ((TSJ^2 + TIJ^2)^1/2 + DJ) / 2 + PE
    Total System Jitter     (TSJ):    0.071ns
    Total Input Jitter      (TIJ):    0.150ns
    Discrete Jitter          (DJ):    0.000ns
    Phase Error              (PE):    0.000ns

    Location             Delay type                Incr(ns)  Path(ns)    Netlist Resource(s)
  -------------------------------------------------------------------    -------------------
                         (clock clk_fpga_0 rise edge)
                                                      0.000     0.000 r  
    PS7_X0Y0             PS7                          0.000     0.000 r  system_i/ps7/inst/PS7_i/FCLKCLK[0]
                         net (fo=1, routed)           1.193     1.193    system_i/ps7/inst/FCLK_CLK_unbuffered[0]
    BUFGCTRL_X0Y16       BUFG (Prop_bufg_I_O)         0.101     1.294 r  system_i/ps7/inst/buffer_fclk_clk_0.FCLK_CLK_0_BUFG/O
                         net (fo=2812, routed)        1.700     2.994    system_i/dut0/inst/clk
    SLICE_X28Y51         FDRE                                         r  system_i/dut0/inst/cnt_reg[1]_rep__0/C
  -------------------------------------------------------------------    -------------------
    SLICE_X28Y51         FDRE (Prop_fdre_C_Q)         0.456     3.450 r  system_i/dut0/inst/cnt_reg[1]_rep__0/Q
                         net (fo=94, routed)          1.036     4.486    system_i/dut0/inst/u9/w0_reg[1]_0[1]
    SLICE_X28Y52         LUT4 (Prop_lut4_I1_O)        0.124     4.610 r  system_i/dut0/inst/u9/y[7]_i_1333__0/O
                         net (fo=1, routed)           0.000     4.610    system_i/dut0/inst/u9/y[7]_i_1333__0_n_0
    SLICE_X28Y52         CARRY4 (Prop_carry4_S[0]_CO[3])
                                                      0.532     5.142 r  system_i/dut0/inst/u9/y_reg[7]_i_1269/CO[3]
                         net (fo=64, routed)          1.403     6.546    system_i/dut0/inst/u9/y_reg[7]_i_1269_n_0
    SLICE_X30Y53         LUT3 (Prop_lut3_I1_O)        0.124     6.670 r  system_i/dut0/inst/u9/y[7]_i_1370__0/O
                         net (fo=1, routed)           0.493     7.163    system_i/dut0/inst/u9/y[7]_i_1370__0_n_0
    SLICE_X30Y53         LUT6 (Prop_lut6_I1_O)        0.124     7.287 r  system_i/dut0/inst/u9/y[7]_i_1334__0/O
                         net (fo=1, routed)           0.340     7.627    system_i/dut0/inst/u9/y[7]_i_1334__0_n_0
    SLICE_X30Y52         CARRY4 (Prop_carry4_DI[3]_CO[3])
                                                      0.396     8.023 r  system_i/dut0/inst/u9/y_reg[7]_i_1270__0/CO[3]
                         net (fo=40, routed)          1.199     9.222    system_i/dut0/inst/u9/y_reg[7]_i_1270__0_n_0
    SLICE_X31Y53         LUT5 (Prop_lut5_I1_O)        0.124     9.346 f  system_i/dut0/inst/u9/y[7]_i_1388/O
                         net (fo=1, routed)           0.639     9.985    system_i/dut0/inst/u9/y[7]_i_1388_n_0
    SLICE_X31Y52         LUT6 (Prop_lut6_I1_O)        0.124    10.109 r  system_i/dut0/inst/u9/y[7]_i_1353__0/O
                         net (fo=1, routed)           0.520    10.629    system_i/dut0/inst/u9/y[7]_i_1353__0_n_0
    SLICE_X31Y51         CARRY4 (Prop_carry4_DI[0]_CO[3])
                                                      0.526    11.155 r  system_i/dut0/inst/u9/y_reg[7]_i_1295/CO[3]
                         net (fo=16, routed)          1.130    12.285    system_i/dut0/inst/u9/y_reg[7]_i_1295_n_0
    SLICE_X30Y53         LUT6 (Prop_lut6_I0_O)        0.124    12.409 r  system_i/dut0/inst/u9/y[7]_i_1305__0/O
                         net (fo=4, routed)           0.676    13.085    system_i/dut0/inst/u9/w1_reg[7]_1
    SLICE_X29Y54         LUT6 (Prop_lut6_I0_O)        0.124    13.209 r  system_i/dut0/inst/u9/y[7]_i_1358/O
                         net (fo=1, routed)           0.463    13.672    system_i/dut0/inst/u9/y[7]_i_1358_n_0
    SLICE_X30Y54         CARRY4 (Prop_carry4_DI[3]_CO[3])
                                                      0.396    14.068 r  system_i/dut0/inst/u9/y_reg[7]_i_1304/CO[3]
                         net (fo=16, routed)          1.291    15.359    system_i/dut0/inst/u9/y_reg[7]_i_1304_n_0
    SLICE_X31Y54         LUT5 (Prop_lut5_I3_O)        0.124    15.483 r  system_i/dut0/inst/u9/y[1]_i_159__0/O
                         net (fo=8, routed)           0.894    16.377    system_i/dut0/inst/u9/y[1]_i_159__0_n_0
    SLICE_X31Y50         LUT4 (Prop_lut4_I0_O)        0.124    16.501 r  system_i/dut0/inst/u9/y[7]_i_1303/O
                         net (fo=1, routed)           0.000    16.501    system_i/dut0/inst/u9/y[7]_i_1303_n_0
    SLICE_X31Y50         CARRY4 (Prop_carry4_S[0]_CO[3])
                                                      0.532    17.033 r  system_i/dut0/inst/u9/y_reg[7]_i_1229/CO[3]
                         net (fo=36, routed)          1.221    18.254    system_i/dut0/inst/u9/y_reg[7]_i_1229_n_0
    SLICE_X29Y48         LUT3 (Prop_lut3_I1_O)        0.124    18.378 r  system_i/dut0/inst/u9/y[2]_i_186/O
                         net (fo=6, routed)           0.868    19.245    system_i/dut0/inst/u9/y[2]_i_186_n_0
    SLICE_X32Y50         LUT6 (Prop_lut6_I4_O)        0.124    19.369 r  system_i/dut0/inst/u9/y[7]_i_1308__0/O
                         net (fo=1, routed)           0.568    19.938    system_i/dut0/inst/u9/y[7]_i_1308__0_n_0
    SLICE_X33Y50         CARRY4 (Prop_carry4_DI[1]_CO[3])
                                                      0.507    20.445 r  system_i/dut0/inst/u9/y_reg[7]_i_1232/CO[3]
                         net (fo=32, routed)          0.837    21.282    system_i/dut0/inst/u9/y_reg[7]_i_1232_n_0
    SLICE_X33Y47         LUT5 (Prop_lut5_I4_O)        0.124    21.406 f  system_i/dut0/inst/u9/y[1]_i_152__0/O
                         net (fo=6, routed)           0.679    22.085    system_i/dut0/inst/u9/y[1]_i_152__0_n_0
    SLICE_X30Y46         LUT6 (Prop_lut6_I4_O)        0.124    22.209 r  system_i/dut0/inst/u9/y[7]_i_1236__0/O
                         net (fo=1, routed)           0.514    22.723    system_i/dut0/inst/u9/y[7]_i_1236__0_n_0
    SLICE_X30Y47         CARRY4 (Prop_carry4_DI[0]_CO[3])
                                                      0.550    23.273 r  system_i/dut0/inst/u9/y_reg[7]_i_1128__0/CO[3]
                         net (fo=28, routed)          1.211    24.484    system_i/dut0/inst/u9/y_reg[7]_i_1128__0_n_0
    SLICE_X30Y48         LUT6 (Prop_lut6_I0_O)        0.124    24.608 r  system_i/dut0/inst/u9/y[0]_i_195/O
                         net (fo=4, routed)           0.599    25.208    system_i/dut0/inst/u9/y[0]_i_195_n_0
    SLICE_X31Y48         LUT6 (Prop_lut6_I4_O)        0.124    25.332 r  system_i/dut0/inst/u9/y[7]_i_1321__0/O
                         net (fo=1, routed)           0.520    25.852    system_i/dut0/inst/u9/y[7]_i_1321__0_n_0
    SLICE_X31Y49         CARRY4 (Prop_carry4_DI[0]_CO[3])
                                                      0.526    26.378 r  system_i/dut0/inst/u9/y_reg[7]_i_1241/CO[3]
                         net (fo=16, routed)          1.280    27.658    system_i/dut0/inst/u9/y_reg[7]_i_1241_n_0
    SLICE_X34Y49         LUT5 (Prop_lut5_I1_O)        0.124    27.782 r  system_i/dut0/inst/u9/y[3]_i_155__0/O
                         net (fo=4, routed)           0.957    28.739    system_i/dut0/inst/u9/y[3]_i_155__0_n_0
    SLICE_X35Y48         LUT4 (Prop_lut4_I0_O)        0.124    28.863 r  system_i/dut0/inst/u9/y[7]_i_1259__0/O
                         net (fo=1, routed)           0.000    28.863    system_i/dut0/inst/u9/y[7]_i_1259__0_n_0
    SLICE_X35Y48         CARRY4 (Prop_carry4_S[1]_CO[3])
                                                      0.550    29.413 r  system_i/dut0/inst/u9/y_reg[7]_i_1155/CO[3]
                         net (fo=16, routed)          1.033    30.446    system_i/dut0/inst/u9/y_reg[7]_i_1155_n_0
    SLICE_X35Y49         LUT3 (Prop_lut3_I1_O)        0.124    30.570 r  system_i/dut0/inst/u9/y[6]_i_549/O
                         net (fo=6, routed)           1.124    31.693    system_i/dut0/inst/u9/y[6]_i_549_n_0
    SLICE_X39Y51         LUT4 (Prop_lut4_I3_O)        0.124    31.817 r  system_i/dut0/inst/u9/y[7]_i_1161__0/O
                         net (fo=1, routed)           0.000    31.817    system_i/dut0/inst/u9/y[7]_i_1161__0_n_0
    SLICE_X39Y51         CARRY4 (Prop_carry4_S[3]_CO[3])
                                                      0.401    32.218 r  system_i/dut0/inst/u9/y_reg[7]_i_1043/CO[3]
                         net (fo=36, routed)          1.156    33.374    system_i/dut0/inst/u9/y_reg[7]_i_1043_n_0
    SLICE_X42Y52         LUT3 (Prop_lut3_I1_O)        0.124    33.498 r  system_i/dut0/inst/u9/y[7]_i_1262__0/O
                         net (fo=2, routed)           0.692    34.190    system_i/dut0/inst/u9/y[7]_i_1262__0_n_0
    SLICE_X42Y52         LUT6 (Prop_lut6_I4_O)        0.124    34.314 r  system_i/dut0/inst/u9/y[7]_i_1166__0/O
                         net (fo=1, routed)           0.514    34.828    system_i/dut0/inst/u9/y[7]_i_1166__0_n_0
    SLICE_X41Y52         CARRY4 (Prop_carry4_DI[2]_CO[3])
                                                      0.398    35.226 r  system_i/dut0/inst/u9/y_reg[7]_i_1045/CO[3]
                         net (fo=16, routed)          1.038    36.264    system_i/dut0/inst/u9/y_reg[7]_i_1045_n_0
    SLICE_X42Y51         LUT5 (Prop_lut5_I3_O)        0.124    36.388 r  system_i/dut0/inst/u9/y[3]_i_134__0/O
                         net (fo=7, routed)           0.877    37.265    system_i/dut0/inst/u9/y[3]_i_134__0_n_0
    SLICE_X44Y52         LUT4 (Prop_lut4_I0_O)        0.124    37.389 r  system_i/dut0/inst/u9/y[7]_i_1040__0/O
                         net (fo=1, routed)           0.000    37.389    system_i/dut0/inst/u9/y[7]_i_1040__0_n_0
    SLICE_X44Y52         CARRY4 (Prop_carry4_S[1]_CO[3])
                                                      0.550    37.939 r  system_i/dut0/inst/u9/y_reg[7]_i_884/CO[3]
                         net (fo=36, routed)          1.204    39.143    system_i/dut0/inst/u9/y_reg[7]_i_884_n_0
    SLICE_X43Y51         LUT3 (Prop_lut3_I1_O)        0.124    39.267 r  system_i/dut0/inst/u9/y[2]_i_139__0/O
                         net (fo=6, routed)           0.984    40.251    system_i/dut0/inst/u9/y[2]_i_139__0_n_0
    SLICE_X39Y49         LUT4 (Prop_lut4_I2_O)        0.124    40.375 r  system_i/dut0/inst/u9/y[7]_i_902__0/O
                         net (fo=1, routed)           0.000    40.375    system_i/dut0/inst/u9/y[7]_i_902__0_n_0
    SLICE_X39Y49         CARRY4 (Prop_carry4_S[1]_CO[3])
                                                      0.550    40.925 r  system_i/dut0/inst/u9/y_reg[7]_i_772/CO[3]
                         net (fo=36, routed)          1.336    42.261    system_i/dut0/inst/u9/y_reg[7]_i_772_n_0
    SLICE_X41Y51         LUT3 (Prop_lut3_I1_O)        0.124    42.385 r  system_i/dut0/inst/u9/y[0]_i_142__0/O
                         net (fo=6, routed)           1.116    43.501    system_i/dut0/inst/u9/y[0]_i_142__0_n_0
    SLICE_X38Y45         LUT4 (Prop_lut4_I2_O)        0.124    43.625 r  system_i/dut0/inst/u9/y[7]_i_924/O
                         net (fo=1, routed)           0.000    43.625    system_i/dut0/inst/u9/y[7]_i_924_n_0
    SLICE_X38Y45         CARRY4 (Prop_carry4_S[0]_CO[3])
                                                      0.513    44.138 r  system_i/dut0/inst/u9/y_reg[7]_i_777/CO[3]
                         net (fo=36, routed)          1.382    45.520    system_i/dut0/inst/u9/y_reg[7]_i_777_n_0
    SLICE_X40Y48         LUT3 (Prop_lut3_I1_O)        0.124    45.644 r  system_i/dut0/inst/u9/y[3]_i_116/O
                         net (fo=10, routed)          0.995    46.639    system_i/dut0/inst/u9/y[3]_i_116_n_0
    SLICE_X46Y49         LUT4 (Prop_lut4_I1_O)        0.124    46.763 r  system_i/dut0/inst/u9/y[7]_i_863/O
                         net (fo=1, routed)           0.000    46.763    system_i/dut0/inst/u9/y[7]_i_863_n_0
    SLICE_X46Y49         CARRY4 (Prop_carry4_S[1]_CO[3])
                                                      0.533    47.296 r  system_i/dut0/inst/u9/y_reg[7]_i_735/CO[3]
                         net (fo=56, routed)          1.116    48.412    system_i/dut0/inst/u9/y_reg[7]_i_735_n_0
    SLICE_X52Y51         LUT3 (Prop_lut3_I1_O)        0.124    48.536 f  system_i/dut0/inst/u9/y[7]_i_1143/O
                         net (fo=2, routed)           0.679    49.215    system_i/dut0/inst/u9/y[7]_i_1143_n_0
    SLICE_X52Y51         LUT6 (Prop_lut6_I5_O)        0.124    49.339 r  system_i/dut0/inst/u9/y[7]_i_991__0/O
                         net (fo=1, routed)           0.661    50.000    system_i/dut0/inst/u9/y[7]_i_991__0_n_0
    SLICE_X52Y50         CARRY4 (Prop_carry4_DI[0]_CO[3])
                                                      0.526    50.526 r  system_i/dut0/inst/u9/y_reg[7]_i_832/CO[3]
                         net (fo=16, routed)          1.359    51.884    system_i/dut0/inst/u9/y_reg[7]_i_832_n_0
    SLICE_X49Y49         LUT5 (Prop_lut5_I1_O)        0.124    52.008 r  system_i/dut0/inst/u9/y[0]_i_137__0/O
                         net (fo=4, routed)           0.834    52.842    system_i/dut0/inst/u9/y[0]_i_137__0_n_0
    SLICE_X46Y47         LUT4 (Prop_lut4_I3_O)        0.124    52.966 r  system_i/dut0/inst/u9/y[7]_i_966__0/O
                         net (fo=1, routed)           0.000    52.966    system_i/dut0/inst/u9/y[7]_i_966__0_n_0
    SLICE_X46Y47         CARRY4 (Prop_carry4_S[0]_CO[3])
                                                      0.513    53.479 r  system_i/dut0/inst/u9/y_reg[7]_i_809/CO[3]
                         net (fo=16, routed)          0.893    54.372    system_i/dut0/inst/u9/y_reg[7]_i_809_n_0
    SLICE_X47Y48         LUT3 (Prop_lut3_I1_O)        0.124    54.496 f  system_i/dut0/inst/u9/y[2]_i_120__0/O
                         net (fo=5, routed)           0.986    55.483    system_i/dut0/inst/u9/y[2]_i_120__0_n_0
    SLICE_X53Y48         LUT6 (Prop_lut6_I5_O)        0.124    55.607 r  system_i/dut0/inst/u9/y[7]_i_836__0/O
                         net (fo=1, routed)           0.569    56.175    system_i/dut0/inst/u9/y[7]_i_836__0_n_0
    SLICE_X52Y48         CARRY4 (Prop_carry4_DI[1]_CO[3])
                                                      0.507    56.682 r  system_i/dut0/inst/u9/y_reg[7]_i_694/CO[3]
                         net (fo=24, routed)          0.988    57.670    system_i/dut0/inst/u9/y_reg[7]_i_694_n_0
    SLICE_X51Y48         LUT5 (Prop_lut5_I4_O)        0.124    57.794 r  system_i/dut0/inst/u9/y[3]_i_114__0/O
                         net (fo=7, routed)           0.768    58.562    system_i/dut0/inst/u9/y[3]_i_114__0_n_0
    SLICE_X50Y47         LUT4 (Prop_lut4_I0_O)        0.124    58.686 r  system_i/dut0/inst/u9/y[7]_i_853__0/O
                         net (fo=1, routed)           0.000    58.686    system_i/dut0/inst/u9/y[7]_i_853__0_n_0
    SLICE_X50Y47         CARRY4 (Prop_carry4_S[1]_CO[3])
                                                      0.533    59.219 r  system_i/dut0/inst/u9/y_reg[7]_i_722/CO[3]
                         net (fo=40, routed)          1.113    60.332    system_i/dut0/inst/u9/y_reg[7]_i_722_n_0
    SLICE_X53Y48         LUT6 (Prop_lut6_I1_O)        0.124    60.456 r  system_i/dut0/inst/u9/y[7]_i_998/O
                         net (fo=5, routed)           0.820    61.276    system_i/dut0/inst/u9/y[3]_i_114__0_0
    SLICE_X52Y46         LUT4 (Prop_lut4_I0_O)        0.124    61.400 r  system_i/dut0/inst/u9/y[7]_i_1022__0/O
                         net (fo=1, routed)           0.000    61.400    system_i/dut0/inst/u8/y_reg[7]_i_725_0[1]
    SLICE_X52Y46         CARRY4 (Prop_carry4_S[1]_CO[3])
                                                      0.550    61.950 r  system_i/dut0/inst/u8/y_reg[7]_i_856/CO[3]
                         net (fo=1, routed)           0.000    61.950    system_i/dut0/inst/u8/y_reg[7]_i_856_n_0
    SLICE_X52Y47         CARRY4 (Prop_carry4_CI_O[0])
                                                      0.222    62.172 r  system_i/dut0/inst/u8/y_reg[7]_i_725/O[0]
                         net (fo=16, routed)          0.889    63.061    system_i/dut0/inst/u9/y_reg[7]_i_603_0[0]
    SLICE_X57Y47         LUT6 (Prop_lut6_I1_O)        0.299    63.360 r  system_i/dut0/inst/u9/y[1]_i_99__0/O
                         net (fo=1, routed)           0.000    63.360    system_i/dut0/inst/u9/y[1]_i_99__0_n_0
    SLICE_X57Y47         MUXF7 (Prop_muxf7_I1_O)      0.217    63.577 r  system_i/dut0/inst/u9/y_reg[1]_i_80/O
                         net (fo=4, routed)           0.838    64.415    system_i/dut0/inst/u8/y_reg[7]_i_599_1
    SLICE_X56Y46         LUT4 (Prop_lut4_I1_O)        0.299    64.714 r  system_i/dut0/inst/u8/y[7]_i_711__0/O
                         net (fo=1, routed)           0.000    64.714    system_i/dut0/inst/u8/y[7]_i_711__0_n_0
    SLICE_X56Y46         CARRY4 (Prop_carry4_S[0]_CO[3])
                                                      0.532    65.246 r  system_i/dut0/inst/u8/y_reg[7]_i_599/CO[3]
                         net (fo=1, routed)           0.000    65.246    system_i/dut0/inst/u8/y_reg[7]_i_599_n_0
    SLICE_X56Y47         CARRY4 (Prop_carry4_CI_O[0])
                                                      0.222    65.468 r  system_i/dut0/inst/u8/y_reg[7]_i_502/O[0]
                         net (fo=12, routed)          1.062    66.530    system_i/dut0/inst/u9/y[7]_i_400_1[0]
    SLICE_X56Y43         LUT6 (Prop_lut6_I1_O)        0.299    66.829 r  system_i/dut0/inst/u9/y[1]_i_61/O
                         net (fo=5, routed)           0.633    67.462    system_i/dut0/inst/u8/y_reg[7]_i_499_1
    SLICE_X57Y43         LUT4 (Prop_lut4_I1_O)        0.124    67.586 r  system_i/dut0/inst/u8/y[7]_i_589__0/O
                         net (fo=1, routed)           0.000    67.586    system_i/dut0/inst/u8/y[7]_i_589__0_n_0
    SLICE_X57Y43         CARRY4 (Prop_carry4_S[0]_CO[3])
                                                      0.532    68.118 r  system_i/dut0/inst/u8/y_reg[7]_i_499/CO[3]
                         net (fo=1, routed)           0.000    68.118    system_i/dut0/inst/u8/y_reg[7]_i_499_n_0
    SLICE_X57Y44         CARRY4 (Prop_carry4_CI_O[0])
                                                      0.222    68.340 r  system_i/dut0/inst/u8/y_reg[7]_i_397/O[0]
                         net (fo=12, routed)          0.916    69.256    system_i/dut0/inst/u9/y[6]_i_46_0[0]
    SLICE_X57Y41         LUT6 (Prop_lut6_I1_O)        0.299    69.555 r  system_i/dut0/inst/u9/y[7]_i_281/O
                         net (fo=5, routed)           0.812    70.367    system_i/dut0/inst/u9/y[7]_i_399_0
    SLICE_X58Y40         LUT4 (Prop_lut4_I0_O)        0.124    70.491 r  system_i/dut0/inst/u9/y[7]_i_494/O
                         net (fo=1, routed)           0.000    70.491    system_i/dut0/inst/u9/y[7]_i_494_n_0
    SLICE_X58Y40         CARRY4 (Prop_carry4_S[3]_CO[3])
                                                      0.376    70.867 r  system_i/dut0/inst/u9/y_reg[7]_i_395/CO[3]
                         net (fo=1, routed)           0.000    70.867    system_i/dut0/inst/u9/y_reg[7]_i_395_n_0
    SLICE_X58Y41         CARRY4 (Prop_carry4_CI_O[0])
                                                      0.219    71.086 r  system_i/dut0/inst/u9/y_reg[7]_i_280/O[0]
                         net (fo=12, routed)          0.835    71.921    system_i/dut0/inst/u9/y_reg[7]_i_280_n_7
    SLICE_X59Y39         LUT6 (Prop_lut6_I4_O)        0.295    72.216 r  system_i/dut0/inst/u9/y[5]_i_31/O
                         net (fo=5, routed)           0.866    73.082    system_i/dut0/inst/u9/y[5]_i_46__0_0
    SLICE_X62Y38         LUT4 (Prop_lut4_I0_O)        0.124    73.206 r  system_i/dut0/inst/u9/y[7]_i_391/O
                         net (fo=1, routed)           0.000    73.206    system_i/dut0/inst/u9/y[7]_i_391_n_0
    SLICE_X62Y38         CARRY4 (Prop_carry4_S[2]_CO[3])
                                                      0.380    73.586 r  system_i/dut0/inst/u9/y_reg[7]_i_277/CO[3]
                         net (fo=1, routed)           0.000    73.586    system_i/dut0/inst/u9/y_reg[7]_i_277_n_0
    SLICE_X62Y39         CARRY4 (Prop_carry4_CI_O[0])
                                                      0.219    73.805 r  system_i/dut0/inst/u9/y_reg[7]_i_175__0/O[0]
                         net (fo=12, routed)          0.668    74.473    system_i/dut0/inst/u9/y_reg[7]_i_175__0_n_7
    SLICE_X62Y40         LUT6 (Prop_lut6_I4_O)        0.295    74.768 r  system_i/dut0/inst/u9/y[7]_i_91__0/O
                         net (fo=5, routed)           0.968    75.736    system_i/dut0/inst/u9/y[7]_i_176_0
    SLICE_X65Y38         LUT4 (Prop_lut4_I0_O)        0.124    75.860 r  system_i/dut0/inst/u9/y[7]_i_264__0/O
                         net (fo=1, routed)           0.000    75.860    system_i/dut0/inst/u8/y_reg[7]_i_89_0[3]
    SLICE_X65Y38         CARRY4 (Prop_carry4_S[3]_CO[3])
                                                      0.401    76.261 r  system_i/dut0/inst/u8/y_reg[7]_i_172__0/CO[3]
                         net (fo=1, routed)           0.000    76.261    system_i/dut0/inst/u8/y_reg[7]_i_172__0_n_0
    SLICE_X65Y39         CARRY4 (Prop_carry4_CI_O[0])
                                                      0.222    76.483 r  system_i/dut0/inst/u8/y_reg[7]_i_89/O[0]
                         net (fo=12, routed)          0.672    77.155    system_i/dut0/inst/u9/y[7]_i_145__0[0]
    SLICE_X66Y39         LUT6 (Prop_lut6_I1_O)        0.299    77.454 r  system_i/dut0/inst/u9/y[1]_i_10__0/O
                         net (fo=5, routed)           0.830    78.284    system_i/dut0/inst/u9/y[1]_i_19_0
    SLICE_X69Y39         LUT4 (Prop_lut4_I0_O)        0.124    78.408 r  system_i/dut0/inst/u9/y[7]_i_171__0/O
                         net (fo=1, routed)           0.000    78.408    system_i/dut0/inst/u9/y[7]_i_171__0_n_0
    SLICE_X69Y39         CARRY4 (Prop_carry4_S[0]_CO[3])
                                                      0.532    78.940 r  system_i/dut0/inst/u9/y_reg[7]_i_88/CO[3]
                         net (fo=1, routed)           0.000    78.940    system_i/dut0/inst/u9/y_reg[7]_i_88_n_0
    SLICE_X69Y40         CARRY4 (Prop_carry4_CI_O[0])
                                                      0.222    79.162 r  system_i/dut0/inst/u9/y_reg[7]_i_34/O[0]
                         net (fo=12, routed)          0.615    79.777    system_i/dut0/inst/u9/y_reg[7]_i_34_n_7
    SLICE_X69Y41         LUT6 (Prop_lut6_I4_O)        0.299    80.076 r  system_i/dut0/inst/u9/y[5]_i_3__0/O
                         net (fo=5, routed)           0.829    80.906    system_i/dut0/inst/u8/y_reg[7]_i_2_3
    SLICE_X72Y41         LUT4 (Prop_lut4_I1_O)        0.124    81.030 r  system_i/dut0/inst/u8/y[7]_i_13__0/O
                         net (fo=1, routed)           0.000    81.030    system_i/dut0/inst/u9/y_reg[6]_2[2]
    SLICE_X72Y41         CARRY4 (Prop_carry4_S[2]_CO[3])
                                                      0.398    81.428 r  system_i/dut0/inst/u9/y_reg[7]_i_2/CO[3]
                         net (fo=8, routed)           0.978    82.406    system_i/dut0/inst/u9/y_reg[7]_i_2_n_0
    SLICE_X73Y40         LUT6 (Prop_lut6_I0_O)        0.124    82.530 r  system_i/dut0/inst/u9/y[4]_i_1__0/O
                         net (fo=1, routed)           0.000    82.530    system_i/dut0/inst/u9/s[4]
    SLICE_X73Y40         FDRE                                         r  system_i/dut0/inst/u9/y_reg[4]/D
  -------------------------------------------------------------------    -------------------

                         (clock clk_fpga_0 rise edge)
                                                      5.000     5.000 r  
    PS7_X0Y0             PS7                          0.000     5.000 r  system_i/ps7/inst/PS7_i/FCLKCLK[0]
                         net (fo=1, routed)           1.088     6.088    system_i/ps7/inst/FCLK_CLK_unbuffered[0]
    BUFGCTRL_X0Y16       BUFG (Prop_bufg_I_O)         0.091     6.179 r  system_i/ps7/inst/buffer_fclk_clk_0.FCLK_CLK_0_BUFG/O
                         net (fo=2812, routed)        1.557     7.736    system_i/dut0/inst/u9/clk
    SLICE_X73Y40         FDRE                                         r  system_i/dut0/inst/u9/y_reg[4]/C
                         clock pessimism              0.115     7.851    
                         clock uncertainty           -0.083     7.768    
    SLICE_X73Y40         FDRE (Setup_fdre_C_D)        0.031     7.799    system_i/dut0/inst/u9/y_reg[4]
  -------------------------------------------------------------------
                         required time                          7.799    
                         arrival time                         -82.530    
  -------------------------------------------------------------------
                         slack                                -74.730    

Slack (VIOLATED) :        -74.719ns  (required time - arrival time)
  Source:                 system_i/dut0/inst/cnt_reg[1]_rep__0/C
                            (rising edge-triggered cell FDRE clocked by clk_fpga_0  {rise@0.000ns fall@2.500ns period=5.000ns})
  Destination:            system_i/dut0/inst/u9/y_reg[0]/D
                            (rising edge-triggered cell FDRE clocked by clk_fpga_0  {rise@0.000ns fall@2.500ns period=5.000ns})
  Path Group:             clk_fpga_0
  Path Type:              Setup (Max at Slow Process Corner)
  Requirement:            5.000ns  (clk_fpga_0 rise@5.000ns - clk_fpga_0 rise@0.000ns)
  Data Path Delay:        79.522ns  (logic 23.683ns (29.782%)  route 55.839ns (70.218%))
  Logic Levels:           89  (CARRY4=34 LUT3=9 LUT4=18 LUT5=7 LUT6=20 MUXF7=1)
  Clock Path Skew:        -0.143ns (DCD - SCD + CPR)
    Destination Clock Delay (DCD):    2.737ns = ( 7.736 - 5.000 ) 
    Source Clock Delay      (SCD):    2.994ns
    Clock Pessimism Removal (CPR):    0.115ns
  Clock Uncertainty:      0.083ns  ((TSJ^2 + TIJ^2)^1/2 + DJ) / 2 + PE
    Total System Jitter     (TSJ):    0.071ns
    Total Input Jitter      (TIJ):    0.150ns
    Discrete Jitter          (DJ):    0.000ns
    Phase Error              (PE):    0.000ns

    Location             Delay type                Incr(ns)  Path(ns)    Netlist Resource(s)
  -------------------------------------------------------------------    -------------------
                         (clock clk_fpga_0 rise edge)
                                                      0.000     0.000 r  
    PS7_X0Y0             PS7                          0.000     0.000 r  system_i/ps7/inst/PS7_i/FCLKCLK[0]
                         net (fo=1, routed)           1.193     1.193    system_i/ps7/inst/FCLK_CLK_unbuffered[0]
    BUFGCTRL_X0Y16       BUFG (Prop_bufg_I_O)         0.101     1.294 r  system_i/ps7/inst/buffer_fclk_clk_0.FCLK_CLK_0_BUFG/O
                         net (fo=2812, routed)        1.700     2.994    system_i/dut0/inst/clk
    SLICE_X28Y51         FDRE                                         r  system_i/dut0/inst/cnt_reg[1]_rep__0/C
  -------------------------------------------------------------------    -------------------
    SLICE_X28Y51         FDRE (Prop_fdre_C_Q)         0.456     3.450 r  system_i/dut0/inst/cnt_reg[1]_rep__0/Q
                         net (fo=94, routed)          1.036     4.486    system_i/dut0/inst/u9/w0_reg[1]_0[1]
    SLICE_X28Y52         LUT4 (Prop_lut4_I1_O)        0.124     4.610 r  system_i/dut0/inst/u9/y[7]_i_1333__0/O
                         net (fo=1, routed)           0.000     4.610    system_i/dut0/inst/u9/y[7]_i_1333__0_n_0
    SLICE_X28Y52         CARRY4 (Prop_carry4_S[0]_CO[3])
                                                      0.532     5.142 r  system_i/dut0/inst/u9/y_reg[7]_i_1269/CO[3]
                         net (fo=64, routed)          1.403     6.546    system_i/dut0/inst/u9/y_reg[7]_i_1269_n_0
    SLICE_X30Y53         LUT3 (Prop_lut3_I1_O)        0.124     6.670 r  system_i/dut0/inst/u9/y[7]_i_1370__0/O
                         net (fo=1, routed)           0.493     7.163    system_i/dut0/inst/u9/y[7]_i_1370__0_n_0
    SLICE_X30Y53         LUT6 (Prop_lut6_I1_O)        0.124     7.287 r  system_i/dut0/inst/u9/y[7]_i_1334__0/O
                         net (fo=1, routed)           0.340     7.627    system_i/dut0/inst/u9/y[7]_i_1334__0_n_0
    SLICE_X30Y52         CARRY4 (Prop_carry4_DI[3]_CO[3])
                                                      0.396     8.023 r  system_i/dut0/inst/u9/y_reg[7]_i_1270__0/CO[3]
                         net (fo=40, routed)          1.199     9.222    system_i/dut0/inst/u9/y_reg[7]_i_1270__0_n_0
    SLICE_X31Y53         LUT5 (Prop_lut5_I1_O)        0.124     9.346 f  system_i/dut0/inst/u9/y[7]_i_1388/O
                         net (fo=1, routed)           0.639     9.985    system_i/dut0/inst/u9/y[7]_i_1388_n_0
    SLICE_X31Y52         LUT6 (Prop_lut6_I1_O)        0.124    10.109 r  system_i/dut0/inst/u9/y[7]_i_1353__0/O
                         net (fo=1, routed)           0.520    10.629    system_i/dut0/inst/u9/y[7]_i_1353__0_n_0
    SLICE_X31Y51         CARRY4 (Prop_carry4_DI[0]_CO[3])
                                                      0.526    11.155 r  system_i/dut0/inst/u9/y_reg[7]_i_1295/CO[3]
                         net (fo=16, routed)          1.130    12.285    system_i/dut0/inst/u9/y_reg[7]_i_1295_n_0
    SLICE_X30Y53         LUT6 (Prop_lut6_I0_O)        0.124    12.409 r  system_i/dut0/inst/u9/y[7]_i_1305__0/O
                         net (fo=4, routed)           0.676    13.085    system_i/dut0/inst/u9/w1_reg[7]_1
    SLICE_X29Y54         LUT6 (Prop_lut6_I0_O)        0.124    13.209 r  system_i/dut0/inst/u9/y[7]_i_1358/O
                         net (fo=1, routed)           0.463    13.672    system_i/dut0/inst/u9/y[7]_i_1358_n_0
    SLICE_X30Y54         CARRY4 (Prop_carry4_DI[3]_CO[3])
                                                      0.396    14.068 r  system_i/dut0/inst/u9/y_reg[7]_i_1304/CO[3]
                         net (fo=16, routed)          1.291    15.359    system_i/dut0/inst/u9/y_reg[7]_i_1304_n_0
    SLICE_X31Y54         LUT5 (Prop_lut5_I3_O)        0.124    15.483 r  system_i/dut0/inst/u9/y[1]_i_159__0/O
                         net (fo=8, routed)           0.894    16.377    system_i/dut0/inst/u9/y[1]_i_159__0_n_0
    SLICE_X31Y50         LUT4 (Prop_lut4_I0_O)        0.124    16.501 r  system_i/dut0/inst/u9/y[7]_i_1303/O
                         net (fo=1, routed)           0.000    16.501    system_i/dut0/inst/u9/y[7]_i_1303_n_0
    SLICE_X31Y50         CARRY4 (Prop_carry4_S[0]_CO[3])
                                                      0.532    17.033 r  system_i/dut0/inst/u9/y_reg[7]_i_1229/CO[3]
                         net (fo=36, routed)          1.221    18.254    system_i/dut0/inst/u9/y_reg[7]_i_1229_n_0
    SLICE_X29Y48         LUT3 (Prop_lut3_I1_O)        0.124    18.378 r  system_i/dut0/inst/u9/y[2]_i_186/O
                         net (fo=6, routed)           0.868    19.245    system_i/dut0/inst/u9/y[2]_i_186_n_0
    SLICE_X32Y50         LUT6 (Prop_lut6_I4_O)        0.124    19.369 r  system_i/dut0/inst/u9/y[7]_i_1308__0/O
                         net (fo=1, routed)           0.568    19.938    system_i/dut0/inst/u9/y[7]_i_1308__0_n_0
    SLICE_X33Y50         CARRY4 (Prop_carry4_DI[1]_CO[3])
                                                      0.507    20.445 r  system_i/dut0/inst/u9/y_reg[7]_i_1232/CO[3]
                         net (fo=32, routed)          0.837    21.282    system_i/dut0/inst/u9/y_reg[7]_i_1232_n_0
    SLICE_X33Y47         LUT5 (Prop_lut5_I4_O)        0.124    21.406 f  system_i/dut0/inst/u9/y[1]_i_152__0/O
                         net (fo=6, routed)           0.679    22.085    system_i/dut0/inst/u9/y[1]_i_152__0_n_0
    SLICE_X30Y46         LUT6 (Prop_lut6_I4_O)        0.124    22.209 r  system_i/dut0/inst/u9/y[7]_i_1236__0/O
                         net (fo=1, routed)           0.514    22.723    system_i/dut0/inst/u9/y[7]_i_1236__0_n_0
    SLICE_X30Y47         CARRY4 (Prop_carry4_DI[0]_CO[3])
                                                      0.550    23.273 r  system_i/dut0/inst/u9/y_reg[7]_i_1128__0/CO[3]
                         net (fo=28, routed)          1.211    24.484    system_i/dut0/inst/u9/y_reg[7]_i_1128__0_n_0
    SLICE_X30Y48         LUT6 (Prop_lut6_I0_O)        0.124    24.608 r  system_i/dut0/inst/u9/y[0]_i_195/O
                         net (fo=4, routed)           0.599    25.208    system_i/dut0/inst/u9/y[0]_i_195_n_0
    SLICE_X31Y48         LUT6 (Prop_lut6_I4_O)        0.124    25.332 r  system_i/dut0/inst/u9/y[7]_i_1321__0/O
                         net (fo=1, routed)           0.520    25.852    system_i/dut0/inst/u9/y[7]_i_1321__0_n_0
    SLICE_X31Y49         CARRY4 (Prop_carry4_DI[0]_CO[3])
                                                      0.526    26.378 r  system_i/dut0/inst/u9/y_reg[7]_i_1241/CO[3]
                         net (fo=16, routed)          1.280    27.658    system_i/dut0/inst/u9/y_reg[7]_i_1241_n_0
    SLICE_X34Y49         LUT5 (Prop_lut5_I1_O)        0.124    27.782 r  system_i/dut0/inst/u9/y[3]_i_155__0/O
                         net (fo=4, routed)           0.957    28.739    system_i/dut0/inst/u9/y[3]_i_155__0_n_0
    SLICE_X35Y48         LUT4 (Prop_lut4_I0_O)        0.124    28.863 r  system_i/dut0/inst/u9/y[7]_i_1259__0/O
                         net (fo=1, routed)           0.000    28.863    system_i/dut0/inst/u9/y[7]_i_1259__0_n_0
    SLICE_X35Y48         CARRY4 (Prop_carry4_S[1]_CO[3])
                                                      0.550    29.413 r  system_i/dut0/inst/u9/y_reg[7]_i_1155/CO[3]
                         net (fo=16, routed)          1.033    30.446    system_i/dut0/inst/u9/y_reg[7]_i_1155_n_0
    SLICE_X35Y49         LUT3 (Prop_lut3_I1_O)        0.124    30.570 r  system_i/dut0/inst/u9/y[6]_i_549/O
                         net (fo=6, routed)           1.124    31.693    system_i/dut0/inst/u9/y[6]_i_549_n_0
    SLICE_X39Y51         LUT4 (Prop_lut4_I3_O)        0.124    31.817 r  system_i/dut0/inst/u9/y[7]_i_1161__0/O
                         net (fo=1, routed)           0.000    31.817    system_i/dut0/inst/u9/y[7]_i_1161__0_n_0
    SLICE_X39Y51         CARRY4 (Prop_carry4_S[3]_CO[3])
                                                      0.401    32.218 r  system_i/dut0/inst/u9/y_reg[7]_i_1043/CO[3]
                         net (fo=36, routed)          1.156    33.374    system_i/dut0/inst/u9/y_reg[7]_i_1043_n_0
    SLICE_X42Y52         LUT3 (Prop_lut3_I1_O)        0.124    33.498 r  system_i/dut0/inst/u9/y[7]_i_1262__0/O
                         net (fo=2, routed)           0.692    34.190    system_i/dut0/inst/u9/y[7]_i_1262__0_n_0
    SLICE_X42Y52         LUT6 (Prop_lut6_I4_O)        0.124    34.314 r  system_i/dut0/inst/u9/y[7]_i_1166__0/O
                         net (fo=1, routed)           0.514    34.828    system_i/dut0/inst/u9/y[7]_i_1166__0_n_0
    SLICE_X41Y52         CARRY4 (Prop_carry4_DI[2]_CO[3])
                                                      0.398    35.226 r  system_i/dut0/inst/u9/y_reg[7]_i_1045/CO[3]
                         net (fo=16, routed)          1.038    36.264    system_i/dut0/inst/u9/y_reg[7]_i_1045_n_0
    SLICE_X42Y51         LUT5 (Prop_lut5_I3_O)        0.124    36.388 r  system_i/dut0/inst/u9/y[3]_i_134__0/O
                         net (fo=7, routed)           0.877    37.265    system_i/dut0/inst/u9/y[3]_i_134__0_n_0
    SLICE_X44Y52         LUT4 (Prop_lut4_I0_O)        0.124    37.389 r  system_i/dut0/inst/u9/y[7]_i_1040__0/O
                         net (fo=1, routed)           0.000    37.389    system_i/dut0/inst/u9/y[7]_i_1040__0_n_0
    SLICE_X44Y52         CARRY4 (Prop_carry4_S[1]_CO[3])
                                                      0.550    37.939 r  system_i/dut0/inst/u9/y_reg[7]_i_884/CO[3]
                         net (fo=36, routed)          1.204    39.143    system_i/dut0/inst/u9/y_reg[7]_i_884_n_0
    SLICE_X43Y51         LUT3 (Prop_lut3_I1_O)        0.124    39.267 r  system_i/dut0/inst/u9/y[2]_i_139__0/O
                         net (fo=6, routed)           0.984    40.251    system_i/dut0/inst/u9/y[2]_i_139__0_n_0
    SLICE_X39Y49         LUT4 (Prop_lut4_I2_O)        0.124    40.375 r  system_i/dut0/inst/u9/y[7]_i_902__0/O
                         net (fo=1, routed)           0.000    40.375    system_i/dut0/inst/u9/y[7]_i_902__0_n_0
    SLICE_X39Y49         CARRY4 (Prop_carry4_S[1]_CO[3])
                                                      0.550    40.925 r  system_i/dut0/inst/u9/y_reg[7]_i_772/CO[3]
                         net (fo=36, routed)          1.336    42.261    system_i/dut0/inst/u9/y_reg[7]_i_772_n_0
    SLICE_X41Y51         LUT3 (Prop_lut3_I1_O)        0.124    42.385 r  system_i/dut0/inst/u9/y[0]_i_142__0/O
                         net (fo=6, routed)           1.116    43.501    system_i/dut0/inst/u9/y[0]_i_142__0_n_0
    SLICE_X38Y45         LUT4 (Prop_lut4_I2_O)        0.124    43.625 r  system_i/dut0/inst/u9/y[7]_i_924/O
                         net (fo=1, routed)           0.000    43.625    system_i/dut0/inst/u9/y[7]_i_924_n_0
    SLICE_X38Y45         CARRY4 (Prop_carry4_S[0]_CO[3])
                                                      0.513    44.138 r  system_i/dut0/inst/u9/y_reg[7]_i_777/CO[3]
                         net (fo=36, routed)          1.382    45.520    system_i/dut0/inst/u9/y_reg[7]_i_777_n_0
    SLICE_X40Y48         LUT3 (Prop_lut3_I1_O)        0.124    45.644 r  system_i/dut0/inst/u9/y[3]_i_116/O
                         net (fo=10, routed)          0.995    46.639    system_i/dut0/inst/u9/y[3]_i_116_n_0
    SLICE_X46Y49         LUT4 (Prop_lut4_I1_O)        0.124    46.763 r  system_i/dut0/inst/u9/y[7]_i_863/O
                         net (fo=1, routed)           0.000    46.763    system_i/dut0/inst/u9/y[7]_i_863_n_0
    SLICE_X46Y49         CARRY4 (Prop_carry4_S[1]_CO[3])
                                                      0.533    47.296 r  system_i/dut0/inst/u9/y_reg[7]_i_735/CO[3]
                         net (fo=56, routed)          1.116    48.412    system_i/dut0/inst/u9/y_reg[7]_i_735_n_0
    SLICE_X52Y51         LUT3 (Prop_lut3_I1_O)        0.124    48.536 f  system_i/dut0/inst/u9/y[7]_i_1143/O
                         net (fo=2, routed)           0.679    49.215    system_i/dut0/inst/u9/y[7]_i_1143_n_0
    SLICE_X52Y51         LUT6 (Prop_lut6_I5_O)        0.124    49.339 r  system_i/dut0/inst/u9/y[7]_i_991__0/O
                         net (fo=1, routed)           0.661    50.000    system_i/dut0/inst/u9/y[7]_i_991__0_n_0
    SLICE_X52Y50         CARRY4 (Prop_carry4_DI[0]_CO[3])
                                                      0.526    50.526 r  system_i/dut0/inst/u9/y_reg[7]_i_832/CO[3]
                         net (fo=16, routed)          1.359    51.884    system_i/dut0/inst/u9/y_reg[7]_i_832_n_0
    SLICE_X49Y49         LUT5 (Prop_lut5_I1_O)        0.124    52.008 r  system_i/dut0/inst/u9/y[0]_i_137__0/O
                         net (fo=4, routed)           0.834    52.842    system_i/dut0/inst/u9/y[0]_i_137__0_n_0
    SLICE_X46Y47         LUT4 (Prop_lut4_I3_O)        0.124    52.966 r  system_i/dut0/inst/u9/y[7]_i_966__0/O
                         net (fo=1, routed)           0.000    52.966    system_i/dut0/inst/u9/y[7]_i_966__0_n_0
    SLICE_X46Y47         CARRY4 (Prop_carry4_S[0]_CO[3])
                                                      0.513    53.479 r  system_i/dut0/inst/u9/y_reg[7]_i_809/CO[3]
                         net (fo=16, routed)          0.893    54.372    system_i/dut0/inst/u9/y_reg[7]_i_809_n_0
    SLICE_X47Y48         LUT3 (Prop_lut3_I1_O)        0.124    54.496 f  system_i/dut0/inst/u9/y[2]_i_120__0/O
                         net (fo=5, routed)           0.986    55.483    system_i/dut0/inst/u9/y[2]_i_120__0_n_0
    SLICE_X53Y48         LUT6 (Prop_lut6_I5_O)        0.124    55.607 r  system_i/dut0/inst/u9/y[7]_i_836__0/O
                         net (fo=1, routed)           0.569    56.175    system_i/dut0/inst/u9/y[7]_i_836__0_n_0
    SLICE_X52Y48         CARRY4 (Prop_carry4_DI[1]_CO[3])
                                                      0.507    56.682 r  system_i/dut0/inst/u9/y_reg[7]_i_694/CO[3]
                         net (fo=24, routed)          0.988    57.670    system_i/dut0/inst/u9/y_reg[7]_i_694_n_0
    SLICE_X51Y48         LUT5 (Prop_lut5_I4_O)        0.124    57.794 r  system_i/dut0/inst/u9/y[3]_i_114__0/O
                         net (fo=7, routed)           0.768    58.562    system_i/dut0/inst/u9/y[3]_i_114__0_n_0
    SLICE_X50Y47         LUT4 (Prop_lut4_I0_O)        0.124    58.686 r  system_i/dut0/inst/u9/y[7]_i_853__0/O
                         net (fo=1, routed)           0.000    58.686    system_i/dut0/inst/u9/y[7]_i_853__0_n_0
    SLICE_X50Y47         CARRY4 (Prop_carry4_S[1]_CO[3])
                                                      0.533    59.219 r  system_i/dut0/inst/u9/y_reg[7]_i_722/CO[3]
                         net (fo=40, routed)          1.113    60.332    system_i/dut0/inst/u9/y_reg[7]_i_722_n_0
    SLICE_X53Y48         LUT6 (Prop_lut6_I1_O)        0.124    60.456 r  system_i/dut0/inst/u9/y[7]_i_998/O
                         net (fo=5, routed)           0.820    61.276    system_i/dut0/inst/u9/y[3]_i_114__0_0
    SLICE_X52Y46         LUT4 (Prop_lut4_I0_O)        0.124    61.400 r  system_i/dut0/inst/u9/y[7]_i_1022__0/O
                         net (fo=1, routed)           0.000    61.400    system_i/dut0/inst/u8/y_reg[7]_i_725_0[1]
    SLICE_X52Y46         CARRY4 (Prop_carry4_S[1]_CO[3])
                                                      0.550    61.950 r  system_i/dut0/inst/u8/y_reg[7]_i_856/CO[3]
                         net (fo=1, routed)           0.000    61.950    system_i/dut0/inst/u8/y_reg[7]_i_856_n_0
    SLICE_X52Y47         CARRY4 (Prop_carry4_CI_O[0])
                                                      0.222    62.172 r  system_i/dut0/inst/u8/y_reg[7]_i_725/O[0]
                         net (fo=16, routed)          0.889    63.061    system_i/dut0/inst/u9/y_reg[7]_i_603_0[0]
    SLICE_X57Y47         LUT6 (Prop_lut6_I1_O)        0.299    63.360 r  system_i/dut0/inst/u9/y[1]_i_99__0/O
                         net (fo=1, routed)           0.000    63.360    system_i/dut0/inst/u9/y[1]_i_99__0_n_0
    SLICE_X57Y47         MUXF7 (Prop_muxf7_I1_O)      0.217    63.577 r  system_i/dut0/inst/u9/y_reg[1]_i_80/O
                         net (fo=4, routed)           0.838    64.415    system_i/dut0/inst/u8/y_reg[7]_i_599_1
    SLICE_X56Y46         LUT4 (Prop_lut4_I1_O)        0.299    64.714 r  system_i/dut0/inst/u8/y[7]_i_711__0/O
                         net (fo=1, routed)           0.000    64.714    system_i/dut0/inst/u8/y[7]_i_711__0_n_0
    SLICE_X56Y46         CARRY4 (Prop_carry4_S[0]_CO[3])
                                                      0.532    65.246 r  system_i/dut0/inst/u8/y_reg[7]_i_599/CO[3]
                         net (fo=1, routed)           0.000    65.246    system_i/dut0/inst/u8/y_reg[7]_i_599_n_0
    SLICE_X56Y47         CARRY4 (Prop_carry4_CI_O[0])
                                                      0.222    65.468 r  system_i/dut0/inst/u8/y_reg[7]_i_502/O[0]
                         net (fo=12, routed)          1.062    66.530    system_i/dut0/inst/u9/y[7]_i_400_1[0]
    SLICE_X56Y43         LUT6 (Prop_lut6_I1_O)        0.299    66.829 r  system_i/dut0/inst/u9/y[1]_i_61/O
                         net (fo=5, routed)           0.633    67.462    system_i/dut0/inst/u8/y_reg[7]_i_499_1
    SLICE_X57Y43         LUT4 (Prop_lut4_I1_O)        0.124    67.586 r  system_i/dut0/inst/u8/y[7]_i_589__0/O
                         net (fo=1, routed)           0.000    67.586    system_i/dut0/inst/u8/y[7]_i_589__0_n_0
    SLICE_X57Y43         CARRY4 (Prop_carry4_S[0]_CO[3])
                                                      0.532    68.118 r  system_i/dut0/inst/u8/y_reg[7]_i_499/CO[3]
                         net (fo=1, routed)           0.000    68.118    system_i/dut0/inst/u8/y_reg[7]_i_499_n_0
    SLICE_X57Y44         CARRY4 (Prop_carry4_CI_O[0])
                                                      0.222    68.340 r  system_i/dut0/inst/u8/y_reg[7]_i_397/O[0]
                         net (fo=12, routed)          0.916    69.256    system_i/dut0/inst/u9/y[6]_i_46_0[0]
    SLICE_X57Y41         LUT6 (Prop_lut6_I1_O)        0.299    69.555 r  system_i/dut0/inst/u9/y[7]_i_281/O
                         net (fo=5, routed)           0.812    70.367    system_i/dut0/inst/u9/y[7]_i_399_0
    SLICE_X58Y40         LUT4 (Prop_lut4_I0_O)        0.124    70.491 r  system_i/dut0/inst/u9/y[7]_i_494/O
                         net (fo=1, routed)           0.000    70.491    system_i/dut0/inst/u9/y[7]_i_494_n_0
    SLICE_X58Y40         CARRY4 (Prop_carry4_S[3]_CO[3])
                                                      0.376    70.867 r  system_i/dut0/inst/u9/y_reg[7]_i_395/CO[3]
                         net (fo=1, routed)           0.000    70.867    system_i/dut0/inst/u9/y_reg[7]_i_395_n_0
    SLICE_X58Y41         CARRY4 (Prop_carry4_CI_O[0])
                                                      0.219    71.086 r  system_i/dut0/inst/u9/y_reg[7]_i_280/O[0]
                         net (fo=12, routed)          0.835    71.921    system_i/dut0/inst/u9/y_reg[7]_i_280_n_7
    SLICE_X59Y39         LUT6 (Prop_lut6_I4_O)        0.295    72.216 r  system_i/dut0/inst/u9/y[5]_i_31/O
                         net (fo=5, routed)           0.866    73.082    system_i/dut0/inst/u9/y[5]_i_46__0_0
    SLICE_X62Y38         LUT4 (Prop_lut4_I0_O)        0.124    73.206 r  system_i/dut0/inst/u9/y[7]_i_391/O
                         net (fo=1, routed)           0.000    73.206    system_i/dut0/inst/u9/y[7]_i_391_n_0
    SLICE_X62Y38         CARRY4 (Prop_carry4_S[2]_CO[3])
                                                      0.380    73.586 r  system_i/dut0/inst/u9/y_reg[7]_i_277/CO[3]
                         net (fo=1, routed)           0.000    73.586    system_i/dut0/inst/u9/y_reg[7]_i_277_n_0
    SLICE_X62Y39         CARRY4 (Prop_carry4_CI_O[0])
                                                      0.219    73.805 r  system_i/dut0/inst/u9/y_reg[7]_i_175__0/O[0]
                         net (fo=12, routed)          0.668    74.473    system_i/dut0/inst/u9/y_reg[7]_i_175__0_n_7
    SLICE_X62Y40         LUT6 (Prop_lut6_I4_O)        0.295    74.768 r  system_i/dut0/inst/u9/y[7]_i_91__0/O
                         net (fo=5, routed)           0.968    75.736    system_i/dut0/inst/u9/y[7]_i_176_0
    SLICE_X65Y38         LUT4 (Prop_lut4_I0_O)        0.124    75.860 r  system_i/dut0/inst/u9/y[7]_i_264__0/O
                         net (fo=1, routed)           0.000    75.860    system_i/dut0/inst/u8/y_reg[7]_i_89_0[3]
    SLICE_X65Y38         CARRY4 (Prop_carry4_S[3]_CO[3])
                                                      0.401    76.261 r  system_i/dut0/inst/u8/y_reg[7]_i_172__0/CO[3]
                         net (fo=1, routed)           0.000    76.261    system_i/dut0/inst/u8/y_reg[7]_i_172__0_n_0
    SLICE_X65Y39         CARRY4 (Prop_carry4_CI_O[0])
                                                      0.222    76.483 r  system_i/dut0/inst/u8/y_reg[7]_i_89/O[0]
                         net (fo=12, routed)          0.672    77.155    system_i/dut0/inst/u9/y[7]_i_145__0[0]
    SLICE_X66Y39         LUT6 (Prop_lut6_I1_O)        0.299    77.454 r  system_i/dut0/inst/u9/y[1]_i_10__0/O
                         net (fo=5, routed)           0.830    78.284    system_i/dut0/inst/u9/y[1]_i_19_0
    SLICE_X69Y39         LUT4 (Prop_lut4_I0_O)        0.124    78.408 r  system_i/dut0/inst/u9/y[7]_i_171__0/O
                         net (fo=1, routed)           0.000    78.408    system_i/dut0/inst/u9/y[7]_i_171__0_n_0
    SLICE_X69Y39         CARRY4 (Prop_carry4_S[0]_CO[3])
                                                      0.532    78.940 r  system_i/dut0/inst/u9/y_reg[7]_i_88/CO[3]
                         net (fo=1, routed)           0.000    78.940    system_i/dut0/inst/u9/y_reg[7]_i_88_n_0
    SLICE_X69Y40         CARRY4 (Prop_carry4_CI_O[0])
                                                      0.222    79.162 r  system_i/dut0/inst/u9/y_reg[7]_i_34/O[0]
                         net (fo=12, routed)          0.701    79.863    system_i/dut0/inst/u9/y_reg[7]_i_34_n_7
    SLICE_X70Y40         LUT6 (Prop_lut6_I4_O)        0.299    80.162 r  system_i/dut0/inst/u9/y[7]_i_47__0/O
                         net (fo=3, routed)           0.791    80.953    system_i/dut0/inst/u9/y[7]_i_95__0_0
    SLICE_X73Y39         LUT4 (Prop_lut4_I3_O)        0.124    81.077 r  system_i/dut0/inst/u9/y[7]_i_43/O
                         net (fo=1, routed)           0.000    81.077    system_i/dut0/inst/u9/y[7]_i_43_n_0
    SLICE_X73Y39         CARRY4 (Prop_carry4_S[0]_CO[3])
                                                      0.532    81.609 r  system_i/dut0/inst/u9/y_reg[7]_i_6/CO[3]
                         net (fo=8, routed)           0.784    82.393    system_i/dut0/inst/u9/y_reg[7]_i_6_n_0
    SLICE_X72Y40         LUT6 (Prop_lut6_I4_O)        0.124    82.517 r  system_i/dut0/inst/u9/y[0]_i_1__0/O
                         net (fo=1, routed)           0.000    82.517    system_i/dut0/inst/u9/s[0]
    SLICE_X72Y40         FDRE                                         r  system_i/dut0/inst/u9/y_reg[0]/D
  -------------------------------------------------------------------    -------------------

                         (clock clk_fpga_0 rise edge)
                                                      5.000     5.000 r  
    PS7_X0Y0             PS7                          0.000     5.000 r  system_i/ps7/inst/PS7_i/FCLKCLK[0]
                         net (fo=1, routed)           1.088     6.088    system_i/ps7/inst/FCLK_CLK_unbuffered[0]
    BUFGCTRL_X0Y16       BUFG (Prop_bufg_I_O)         0.091     6.179 r  system_i/ps7/inst/buffer_fclk_clk_0.FCLK_CLK_0_BUFG/O
                         net (fo=2812, routed)        1.557     7.736    system_i/dut0/inst/u9/clk
    SLICE_X72Y40         FDRE                                         r  system_i/dut0/inst/u9/y_reg[0]/C
                         clock pessimism              0.115     7.851    
                         clock uncertainty           -0.083     7.768    
    SLICE_X72Y40         FDRE (Setup_fdre_C_D)        0.029     7.797    system_i/dut0/inst/u9/y_reg[0]
  -------------------------------------------------------------------
                         required time                          7.797    
                         arrival time                         -82.516    
  -------------------------------------------------------------------
                         slack                                -74.719    

Slack (VIOLATED) :        -74.707ns  (required time - arrival time)
  Source:                 system_i/dut0/inst/cnt_reg[1]_rep__0/C
                            (rising edge-triggered cell FDRE clocked by clk_fpga_0  {rise@0.000ns fall@2.500ns period=5.000ns})
  Destination:            system_i/dut0/inst/u9/y_reg[5]/D
                            (rising edge-triggered cell FDRE clocked by clk_fpga_0  {rise@0.000ns fall@2.500ns period=5.000ns})
  Path Group:             clk_fpga_0
  Path Type:              Setup (Max at Slow Process Corner)
  Requirement:            5.000ns  (clk_fpga_0 rise@5.000ns - clk_fpga_0 rise@0.000ns)
  Data Path Delay:        79.514ns  (logic 23.683ns (29.785%)  route 55.831ns (70.215%))
  Logic Levels:           89  (CARRY4=34 LUT3=9 LUT4=18 LUT5=7 LUT6=20 MUXF7=1)
  Clock Path Skew:        -0.142ns (DCD - SCD + CPR)
    Destination Clock Delay (DCD):    2.737ns = ( 7.737 - 5.000 ) 
    Source Clock Delay      (SCD):    2.994ns
    Clock Pessimism Removal (CPR):    0.115ns
  Clock Uncertainty:      0.083ns  ((TSJ^2 + TIJ^2)^1/2 + DJ) / 2 + PE
    Total System Jitter     (TSJ):    0.071ns
    Total Input Jitter      (TIJ):    0.150ns
    Discrete Jitter          (DJ):    0.000ns
    Phase Error              (PE):    0.000ns

    Location             Delay type                Incr(ns)  Path(ns)    Netlist Resource(s)
  -------------------------------------------------------------------    -------------------
                         (clock clk_fpga_0 rise edge)
                                                      0.000     0.000 r  
    PS7_X0Y0             PS7                          0.000     0.000 r  system_i/ps7/inst/PS7_i/FCLKCLK[0]
                         net (fo=1, routed)           1.193     1.193    system_i/ps7/inst/FCLK_CLK_unbuffered[0]
    BUFGCTRL_X0Y16       BUFG (Prop_bufg_I_O)         0.101     1.294 r  system_i/ps7/inst/buffer_fclk_clk_0.FCLK_CLK_0_BUFG/O
                         net (fo=2812, routed)        1.700     2.994    system_i/dut0/inst/clk
    SLICE_X28Y51         FDRE                                         r  system_i/dut0/inst/cnt_reg[1]_rep__0/C
  -------------------------------------------------------------------    -------------------
    SLICE_X28Y51         FDRE (Prop_fdre_C_Q)         0.456     3.450 r  system_i/dut0/inst/cnt_reg[1]_rep__0/Q
                         net (fo=94, routed)          1.036     4.486    system_i/dut0/inst/u9/w0_reg[1]_0[1]
    SLICE_X28Y52         LUT4 (Prop_lut4_I1_O)        0.124     4.610 r  system_i/dut0/inst/u9/y[7]_i_1333__0/O
                         net (fo=1, routed)           0.000     4.610    system_i/dut0/inst/u9/y[7]_i_1333__0_n_0
    SLICE_X28Y52         CARRY4 (Prop_carry4_S[0]_CO[3])
                                                      0.532     5.142 r  system_i/dut0/inst/u9/y_reg[7]_i_1269/CO[3]
                         net (fo=64, routed)          1.403     6.546    system_i/dut0/inst/u9/y_reg[7]_i_1269_n_0
    SLICE_X30Y53         LUT3 (Prop_lut3_I1_O)        0.124     6.670 r  system_i/dut0/inst/u9/y[7]_i_1370__0/O
                         net (fo=1, routed)           0.493     7.163    system_i/dut0/inst/u9/y[7]_i_1370__0_n_0
    SLICE_X30Y53         LUT6 (Prop_lut6_I1_O)        0.124     7.287 r  system_i/dut0/inst/u9/y[7]_i_1334__0/O
                         net (fo=1, routed)           0.340     7.627    system_i/dut0/inst/u9/y[7]_i_1334__0_n_0
    SLICE_X30Y52         CARRY4 (Prop_carry4_DI[3]_CO[3])
                                                      0.396     8.023 r  system_i/dut0/inst/u9/y_reg[7]_i_1270__0/CO[3]
                         net (fo=40, routed)          1.199     9.222    system_i/dut0/inst/u9/y_reg[7]_i_1270__0_n_0
    SLICE_X31Y53         LUT5 (Prop_lut5_I1_O)        0.124     9.346 f  system_i/dut0/inst/u9/y[7]_i_1388/O
                         net (fo=1, routed)           0.639     9.985    system_i/dut0/inst/u9/y[7]_i_1388_n_0
    SLICE_X31Y52         LUT6 (Prop_lut6_I1_O)        0.124    10.109 r  system_i/dut0/inst/u9/y[7]_i_1353__0/O
                         net (fo=1, routed)           0.520    10.629    system_i/dut0/inst/u9/y[7]_i_1353__0_n_0
    SLICE_X31Y51         CARRY4 (Prop_carry4_DI[0]_CO[3])
                                                      0.526    11.155 r  system_i/dut0/inst/u9/y_reg[7]_i_1295/CO[3]
                         net (fo=16, routed)          1.130    12.285    system_i/dut0/inst/u9/y_reg[7]_i_1295_n_0
    SLICE_X30Y53         LUT6 (Prop_lut6_I0_O)        0.124    12.409 r  system_i/dut0/inst/u9/y[7]_i_1305__0/O
                         net (fo=4, routed)           0.676    13.085    system_i/dut0/inst/u9/w1_reg[7]_1
    SLICE_X29Y54         LUT6 (Prop_lut6_I0_O)        0.124    13.209 r  system_i/dut0/inst/u9/y[7]_i_1358/O
                         net (fo=1, routed)           0.463    13.672    system_i/dut0/inst/u9/y[7]_i_1358_n_0
    SLICE_X30Y54         CARRY4 (Prop_carry4_DI[3]_CO[3])
                                                      0.396    14.068 r  system_i/dut0/inst/u9/y_reg[7]_i_1304/CO[3]
                         net (fo=16, routed)          1.291    15.359    system_i/dut0/inst/u9/y_reg[7]_i_1304_n_0
    SLICE_X31Y54         LUT5 (Prop_lut5_I3_O)        0.124    15.483 r  system_i/dut0/inst/u9/y[1]_i_159__0/O
                         net (fo=8, routed)           0.894    16.377    system_i/dut0/inst/u9/y[1]_i_159__0_n_0
    SLICE_X31Y50         LUT4 (Prop_lut4_I0_O)        0.124    16.501 r  system_i/dut0/inst/u9/y[7]_i_1303/O
                         net (fo=1, routed)           0.000    16.501    system_i/dut0/inst/u9/y[7]_i_1303_n_0
    SLICE_X31Y50         CARRY4 (Prop_carry4_S[0]_CO[3])
                                                      0.532    17.033 r  system_i/dut0/inst/u9/y_reg[7]_i_1229/CO[3]
                         net (fo=36, routed)          1.221    18.254    system_i/dut0/inst/u9/y_reg[7]_i_1229_n_0
    SLICE_X29Y48         LUT3 (Prop_lut3_I1_O)        0.124    18.378 r  system_i/dut0/inst/u9/y[2]_i_186/O
                         net (fo=6, routed)           0.868    19.245    system_i/dut0/inst/u9/y[2]_i_186_n_0
    SLICE_X32Y50         LUT6 (Prop_lut6_I4_O)        0.124    19.369 r  system_i/dut0/inst/u9/y[7]_i_1308__0/O
                         net (fo=1, routed)           0.568    19.938    system_i/dut0/inst/u9/y[7]_i_1308__0_n_0
    SLICE_X33Y50         CARRY4 (Prop_carry4_DI[1]_CO[3])
                                                      0.507    20.445 r  system_i/dut0/inst/u9/y_reg[7]_i_1232/CO[3]
                         net (fo=32, routed)          0.837    21.282    system_i/dut0/inst/u9/y_reg[7]_i_1232_n_0
    SLICE_X33Y47         LUT5 (Prop_lut5_I4_O)        0.124    21.406 f  system_i/dut0/inst/u9/y[1]_i_152__0/O
                         net (fo=6, routed)           0.679    22.085    system_i/dut0/inst/u9/y[1]_i_152__0_n_0
    SLICE_X30Y46         LUT6 (Prop_lut6_I4_O)        0.124    22.209 r  system_i/dut0/inst/u9/y[7]_i_1236__0/O
                         net (fo=1, routed)           0.514    22.723    system_i/dut0/inst/u9/y[7]_i_1236__0_n_0
    SLICE_X30Y47         CARRY4 (Prop_carry4_DI[0]_CO[3])
                                                      0.550    23.273 r  system_i/dut0/inst/u9/y_reg[7]_i_1128__0/CO[3]
                         net (fo=28, routed)          1.211    24.484    system_i/dut0/inst/u9/y_reg[7]_i_1128__0_n_0
    SLICE_X30Y48         LUT6 (Prop_lut6_I0_O)        0.124    24.608 r  system_i/dut0/inst/u9/y[0]_i_195/O
                         net (fo=4, routed)           0.599    25.208    system_i/dut0/inst/u9/y[0]_i_195_n_0
    SLICE_X31Y48         LUT6 (Prop_lut6_I4_O)        0.124    25.332 r  system_i/dut0/inst/u9/y[7]_i_1321__0/O
                         net (fo=1, routed)           0.520    25.852    system_i/dut0/inst/u9/y[7]_i_1321__0_n_0
    SLICE_X31Y49         CARRY4 (Prop_carry4_DI[0]_CO[3])
                                                      0.526    26.378 r  system_i/dut0/inst/u9/y_reg[7]_i_1241/CO[3]
                         net (fo=16, routed)          1.280    27.658    system_i/dut0/inst/u9/y_reg[7]_i_1241_n_0
    SLICE_X34Y49         LUT5 (Prop_lut5_I1_O)        0.124    27.782 r  system_i/dut0/inst/u9/y[3]_i_155__0/O
                         net (fo=4, routed)           0.957    28.739    system_i/dut0/inst/u9/y[3]_i_155__0_n_0
    SLICE_X35Y48         LUT4 (Prop_lut4_I0_O)        0.124    28.863 r  system_i/dut0/inst/u9/y[7]_i_1259__0/O
                         net (fo=1, routed)           0.000    28.863    system_i/dut0/inst/u9/y[7]_i_1259__0_n_0
    SLICE_X35Y48         CARRY4 (Prop_carry4_S[1]_CO[3])
                                                      0.550    29.413 r  system_i/dut0/inst/u9/y_reg[7]_i_1155/CO[3]
                         net (fo=16, routed)          1.033    30.446    system_i/dut0/inst/u9/y_reg[7]_i_1155_n_0
    SLICE_X35Y49         LUT3 (Prop_lut3_I1_O)        0.124    30.570 r  system_i/dut0/inst/u9/y[6]_i_549/O
                         net (fo=6, routed)           1.124    31.693    system_i/dut0/inst/u9/y[6]_i_549_n_0
    SLICE_X39Y51         LUT4 (Prop_lut4_I3_O)        0.124    31.817 r  system_i/dut0/inst/u9/y[7]_i_1161__0/O
                         net (fo=1, routed)           0.000    31.817    system_i/dut0/inst/u9/y[7]_i_1161__0_n_0
    SLICE_X39Y51         CARRY4 (Prop_carry4_S[3]_CO[3])
                                                      0.401    32.218 r  system_i/dut0/inst/u9/y_reg[7]_i_1043/CO[3]
                         net (fo=36, routed)          1.156    33.374    system_i/dut0/inst/u9/y_reg[7]_i_1043_n_0
    SLICE_X42Y52         LUT3 (Prop_lut3_I1_O)        0.124    33.498 r  system_i/dut0/inst/u9/y[7]_i_1262__0/O
                         net (fo=2, routed)           0.692    34.190    system_i/dut0/inst/u9/y[7]_i_1262__0_n_0
    SLICE_X42Y52         LUT6 (Prop_lut6_I4_O)        0.124    34.314 r  system_i/dut0/inst/u9/y[7]_i_1166__0/O
                         net (fo=1, routed)           0.514    34.828    system_i/dut0/inst/u9/y[7]_i_1166__0_n_0
    SLICE_X41Y52         CARRY4 (Prop_carry4_DI[2]_CO[3])
                                                      0.398    35.226 r  system_i/dut0/inst/u9/y_reg[7]_i_1045/CO[3]
                         net (fo=16, routed)          1.038    36.264    system_i/dut0/inst/u9/y_reg[7]_i_1045_n_0
    SLICE_X42Y51         LUT5 (Prop_lut5_I3_O)        0.124    36.388 r  system_i/dut0/inst/u9/y[3]_i_134__0/O
                         net (fo=7, routed)           0.877    37.265    system_i/dut0/inst/u9/y[3]_i_134__0_n_0
    SLICE_X44Y52         LUT4 (Prop_lut4_I0_O)        0.124    37.389 r  system_i/dut0/inst/u9/y[7]_i_1040__0/O
                         net (fo=1, routed)           0.000    37.389    system_i/dut0/inst/u9/y[7]_i_1040__0_n_0
    SLICE_X44Y52         CARRY4 (Prop_carry4_S[1]_CO[3])
                                                      0.550    37.939 r  system_i/dut0/inst/u9/y_reg[7]_i_884/CO[3]
                         net (fo=36, routed)          1.204    39.143    system_i/dut0/inst/u9/y_reg[7]_i_884_n_0
    SLICE_X43Y51         LUT3 (Prop_lut3_I1_O)        0.124    39.267 r  system_i/dut0/inst/u9/y[2]_i_139__0/O
                         net (fo=6, routed)           0.984    40.251    system_i/dut0/inst/u9/y[2]_i_139__0_n_0
    SLICE_X39Y49         LUT4 (Prop_lut4_I2_O)        0.124    40.375 r  system_i/dut0/inst/u9/y[7]_i_902__0/O
                         net (fo=1, routed)           0.000    40.375    system_i/dut0/inst/u9/y[7]_i_902__0_n_0
    SLICE_X39Y49         CARRY4 (Prop_carry4_S[1]_CO[3])
                                                      0.550    40.925 r  system_i/dut0/inst/u9/y_reg[7]_i_772/CO[3]
                         net (fo=36, routed)          1.336    42.261    system_i/dut0/inst/u9/y_reg[7]_i_772_n_0
    SLICE_X41Y51         LUT3 (Prop_lut3_I1_O)        0.124    42.385 r  system_i/dut0/inst/u9/y[0]_i_142__0/O
                         net (fo=6, routed)           1.116    43.501    system_i/dut0/inst/u9/y[0]_i_142__0_n_0
    SLICE_X38Y45         LUT4 (Prop_lut4_I2_O)        0.124    43.625 r  system_i/dut0/inst/u9/y[7]_i_924/O
                         net (fo=1, routed)           0.000    43.625    system_i/dut0/inst/u9/y[7]_i_924_n_0
    SLICE_X38Y45         CARRY4 (Prop_carry4_S[0]_CO[3])
                                                      0.513    44.138 r  system_i/dut0/inst/u9/y_reg[7]_i_777/CO[3]
                         net (fo=36, routed)          1.382    45.520    system_i/dut0/inst/u9/y_reg[7]_i_777_n_0
    SLICE_X40Y48         LUT3 (Prop_lut3_I1_O)        0.124    45.644 r  system_i/dut0/inst/u9/y[3]_i_116/O
                         net (fo=10, routed)          0.995    46.639    system_i/dut0/inst/u9/y[3]_i_116_n_0
    SLICE_X46Y49         LUT4 (Prop_lut4_I1_O)        0.124    46.763 r  system_i/dut0/inst/u9/y[7]_i_863/O
                         net (fo=1, routed)           0.000    46.763    system_i/dut0/inst/u9/y[7]_i_863_n_0
    SLICE_X46Y49         CARRY4 (Prop_carry4_S[1]_CO[3])
                                                      0.533    47.296 r  system_i/dut0/inst/u9/y_reg[7]_i_735/CO[3]
                         net (fo=56, routed)          1.116    48.412    system_i/dut0/inst/u9/y_reg[7]_i_735_n_0
    SLICE_X52Y51         LUT3 (Prop_lut3_I1_O)        0.124    48.536 f  system_i/dut0/inst/u9/y[7]_i_1143/O
                         net (fo=2, routed)           0.679    49.215    system_i/dut0/inst/u9/y[7]_i_1143_n_0
    SLICE_X52Y51         LUT6 (Prop_lut6_I5_O)        0.124    49.339 r  system_i/dut0/inst/u9/y[7]_i_991__0/O
                         net (fo=1, routed)           0.661    50.000    system_i/dut0/inst/u9/y[7]_i_991__0_n_0
    SLICE_X52Y50         CARRY4 (Prop_carry4_DI[0]_CO[3])
                                                      0.526    50.526 r  system_i/dut0/inst/u9/y_reg[7]_i_832/CO[3]
                         net (fo=16, routed)          1.359    51.884    system_i/dut0/inst/u9/y_reg[7]_i_832_n_0
    SLICE_X49Y49         LUT5 (Prop_lut5_I1_O)        0.124    52.008 r  system_i/dut0/inst/u9/y[0]_i_137__0/O
                         net (fo=4, routed)           0.834    52.842    system_i/dut0/inst/u9/y[0]_i_137__0_n_0
    SLICE_X46Y47         LUT4 (Prop_lut4_I3_O)        0.124    52.966 r  system_i/dut0/inst/u9/y[7]_i_966__0/O
                         net (fo=1, routed)           0.000    52.966    system_i/dut0/inst/u9/y[7]_i_966__0_n_0
    SLICE_X46Y47         CARRY4 (Prop_carry4_S[0]_CO[3])
                                                      0.513    53.479 r  system_i/dut0/inst/u9/y_reg[7]_i_809/CO[3]
                         net (fo=16, routed)          0.893    54.372    system_i/dut0/inst/u9/y_reg[7]_i_809_n_0
    SLICE_X47Y48         LUT3 (Prop_lut3_I1_O)        0.124    54.496 f  system_i/dut0/inst/u9/y[2]_i_120__0/O
                         net (fo=5, routed)           0.986    55.483    system_i/dut0/inst/u9/y[2]_i_120__0_n_0
    SLICE_X53Y48         LUT6 (Prop_lut6_I5_O)        0.124    55.607 r  system_i/dut0/inst/u9/y[7]_i_836__0/O
                         net (fo=1, routed)           0.569    56.175    system_i/dut0/inst/u9/y[7]_i_836__0_n_0
    SLICE_X52Y48         CARRY4 (Prop_carry4_DI[1]_CO[3])
                                                      0.507    56.682 r  system_i/dut0/inst/u9/y_reg[7]_i_694/CO[3]
                         net (fo=24, routed)          0.988    57.670    system_i/dut0/inst/u9/y_reg[7]_i_694_n_0
    SLICE_X51Y48         LUT5 (Prop_lut5_I4_O)        0.124    57.794 r  system_i/dut0/inst/u9/y[3]_i_114__0/O
                         net (fo=7, routed)           0.768    58.562    system_i/dut0/inst/u9/y[3]_i_114__0_n_0
    SLICE_X50Y47         LUT4 (Prop_lut4_I0_O)        0.124    58.686 r  system_i/dut0/inst/u9/y[7]_i_853__0/O
                         net (fo=1, routed)           0.000    58.686    system_i/dut0/inst/u9/y[7]_i_853__0_n_0
    SLICE_X50Y47         CARRY4 (Prop_carry4_S[1]_CO[3])
                                                      0.533    59.219 r  system_i/dut0/inst/u9/y_reg[7]_i_722/CO[3]
                         net (fo=40, routed)          1.113    60.332    system_i/dut0/inst/u9/y_reg[7]_i_722_n_0
    SLICE_X53Y48         LUT6 (Prop_lut6_I1_O)        0.124    60.456 r  system_i/dut0/inst/u9/y[7]_i_998/O
                         net (fo=5, routed)           0.820    61.276    system_i/dut0/inst/u9/y[3]_i_114__0_0
    SLICE_X52Y46         LUT4 (Prop_lut4_I0_O)        0.124    61.400 r  system_i/dut0/inst/u9/y[7]_i_1022__0/O
                         net (fo=1, routed)           0.000    61.400    system_i/dut0/inst/u8/y_reg[7]_i_725_0[1]
    SLICE_X52Y46         CARRY4 (Prop_carry4_S[1]_CO[3])
                                                      0.550    61.950 r  system_i/dut0/inst/u8/y_reg[7]_i_856/CO[3]
                         net (fo=1, routed)           0.000    61.950    system_i/dut0/inst/u8/y_reg[7]_i_856_n_0
    SLICE_X52Y47         CARRY4 (Prop_carry4_CI_O[0])
                                                      0.222    62.172 r  system_i/dut0/inst/u8/y_reg[7]_i_725/O[0]
                         net (fo=16, routed)          0.889    63.061    system_i/dut0/inst/u9/y_reg[7]_i_603_0[0]
    SLICE_X57Y47         LUT6 (Prop_lut6_I1_O)        0.299    63.360 r  system_i/dut0/inst/u9/y[1]_i_99__0/O
                         net (fo=1, routed)           0.000    63.360    system_i/dut0/inst/u9/y[1]_i_99__0_n_0
    SLICE_X57Y47         MUXF7 (Prop_muxf7_I1_O)      0.217    63.577 r  system_i/dut0/inst/u9/y_reg[1]_i_80/O
                         net (fo=4, routed)           0.838    64.415    system_i/dut0/inst/u8/y_reg[7]_i_599_1
    SLICE_X56Y46         LUT4 (Prop_lut4_I1_O)        0.299    64.714 r  system_i/dut0/inst/u8/y[7]_i_711__0/O
                         net (fo=1, routed)           0.000    64.714    system_i/dut0/inst/u8/y[7]_i_711__0_n_0
    SLICE_X56Y46         CARRY4 (Prop_carry4_S[0]_CO[3])
                                                      0.532    65.246 r  system_i/dut0/inst/u8/y_reg[7]_i_599/CO[3]
                         net (fo=1, routed)           0.000    65.246    system_i/dut0/inst/u8/y_reg[7]_i_599_n_0
    SLICE_X56Y47         CARRY4 (Prop_carry4_CI_O[0])
                                                      0.222    65.468 r  system_i/dut0/inst/u8/y_reg[7]_i_502/O[0]
                         net (fo=12, routed)          1.062    66.530    system_i/dut0/inst/u9/y[7]_i_400_1[0]
    SLICE_X56Y43         LUT6 (Prop_lut6_I1_O)        0.299    66.829 r  system_i/dut0/inst/u9/y[1]_i_61/O
                         net (fo=5, routed)           0.633    67.462    system_i/dut0/inst/u8/y_reg[7]_i_499_1
    SLICE_X57Y43         LUT4 (Prop_lut4_I1_O)        0.124    67.586 r  system_i/dut0/inst/u8/y[7]_i_589__0/O
                         net (fo=1, routed)           0.000    67.586    system_i/dut0/inst/u8/y[7]_i_589__0_n_0
    SLICE_X57Y43         CARRY4 (Prop_carry4_S[0]_CO[3])
                                                      0.532    68.118 r  system_i/dut0/inst/u8/y_reg[7]_i_499/CO[3]
                         net (fo=1, routed)           0.000    68.118    system_i/dut0/inst/u8/y_reg[7]_i_499_n_0
    SLICE_X57Y44         CARRY4 (Prop_carry4_CI_O[0])
                                                      0.222    68.340 r  system_i/dut0/inst/u8/y_reg[7]_i_397/O[0]
                         net (fo=12, routed)          0.916    69.256    system_i/dut0/inst/u9/y[6]_i_46_0[0]
    SLICE_X57Y41         LUT6 (Prop_lut6_I1_O)        0.299    69.555 r  system_i/dut0/inst/u9/y[7]_i_281/O
                         net (fo=5, routed)           0.812    70.367    system_i/dut0/inst/u9/y[7]_i_399_0
    SLICE_X58Y40         LUT4 (Prop_lut4_I0_O)        0.124    70.491 r  system_i/dut0/inst/u9/y[7]_i_494/O
                         net (fo=1, routed)           0.000    70.491    system_i/dut0/inst/u9/y[7]_i_494_n_0
    SLICE_X58Y40         CARRY4 (Prop_carry4_S[3]_CO[3])
                                                      0.376    70.867 r  system_i/dut0/inst/u9/y_reg[7]_i_395/CO[3]
                         net (fo=1, routed)           0.000    70.867    system_i/dut0/inst/u9/y_reg[7]_i_395_n_0
    SLICE_X58Y41         CARRY4 (Prop_carry4_CI_O[0])
                                                      0.219    71.086 r  system_i/dut0/inst/u9/y_reg[7]_i_280/O[0]
                         net (fo=12, routed)          0.835    71.921    system_i/dut0/inst/u9/y_reg[7]_i_280_n_7
    SLICE_X59Y39         LUT6 (Prop_lut6_I4_O)        0.295    72.216 r  system_i/dut0/inst/u9/y[5]_i_31/O
                         net (fo=5, routed)           0.866    73.082    system_i/dut0/inst/u9/y[5]_i_46__0_0
    SLICE_X62Y38         LUT4 (Prop_lut4_I0_O)        0.124    73.206 r  system_i/dut0/inst/u9/y[7]_i_391/O
                         net (fo=1, routed)           0.000    73.206    system_i/dut0/inst/u9/y[7]_i_391_n_0
    SLICE_X62Y38         CARRY4 (Prop_carry4_S[2]_CO[3])
                                                      0.380    73.586 r  system_i/dut0/inst/u9/y_reg[7]_i_277/CO[3]
                         net (fo=1, routed)           0.000    73.586    system_i/dut0/inst/u9/y_reg[7]_i_277_n_0
    SLICE_X62Y39         CARRY4 (Prop_carry4_CI_O[0])
                                                      0.219    73.805 r  system_i/dut0/inst/u9/y_reg[7]_i_175__0/O[0]
                         net (fo=12, routed)          0.668    74.473    system_i/dut0/inst/u9/y_reg[7]_i_175__0_n_7
    SLICE_X62Y40         LUT6 (Prop_lut6_I4_O)        0.295    74.768 r  system_i/dut0/inst/u9/y[7]_i_91__0/O
                         net (fo=5, routed)           0.968    75.736    system_i/dut0/inst/u9/y[7]_i_176_0
    SLICE_X65Y38         LUT4 (Prop_lut4_I0_O)        0.124    75.860 r  system_i/dut0/inst/u9/y[7]_i_264__0/O
                         net (fo=1, routed)           0.000    75.860    system_i/dut0/inst/u8/y_reg[7]_i_89_0[3]
    SLICE_X65Y38         CARRY4 (Prop_carry4_S[3]_CO[3])
                                                      0.401    76.261 r  system_i/dut0/inst/u8/y_reg[7]_i_172__0/CO[3]
                         net (fo=1, routed)           0.000    76.261    system_i/dut0/inst/u8/y_reg[7]_i_172__0_n_0
    SLICE_X65Y39         CARRY4 (Prop_carry4_CI_O[0])
                                                      0.222    76.483 r  system_i/dut0/inst/u8/y_reg[7]_i_89/O[0]
                         net (fo=12, routed)          0.672    77.155    system_i/dut0/inst/u9/y[7]_i_145__0[0]
    SLICE_X66Y39         LUT6 (Prop_lut6_I1_O)        0.299    77.454 r  system_i/dut0/inst/u9/y[1]_i_10__0/O
                         net (fo=5, routed)           0.830    78.284    system_i/dut0/inst/u9/y[1]_i_19_0
    SLICE_X69Y39         LUT4 (Prop_lut4_I0_O)        0.124    78.408 r  system_i/dut0/inst/u9/y[7]_i_171__0/O
                         net (fo=1, routed)           0.000    78.408    system_i/dut0/inst/u9/y[7]_i_171__0_n_0
    SLICE_X69Y39         CARRY4 (Prop_carry4_S[0]_CO[3])
                                                      0.532    78.940 r  system_i/dut0/inst/u9/y_reg[7]_i_88/CO[3]
                         net (fo=1, routed)           0.000    78.940    system_i/dut0/inst/u9/y_reg[7]_i_88_n_0
    SLICE_X69Y40         CARRY4 (Prop_carry4_CI_O[0])
                                                      0.222    79.162 r  system_i/dut0/inst/u9/y_reg[7]_i_34/O[0]
                         net (fo=12, routed)          0.701    79.863    system_i/dut0/inst/u9/y_reg[7]_i_34_n_7
    SLICE_X70Y40         LUT6 (Prop_lut6_I4_O)        0.299    80.162 r  system_i/dut0/inst/u9/y[7]_i_47__0/O
                         net (fo=3, routed)           0.791    80.953    system_i/dut0/inst/u9/y[7]_i_95__0_0
    SLICE_X73Y39         LUT4 (Prop_lut4_I3_O)        0.124    81.077 r  system_i/dut0/inst/u9/y[7]_i_43/O
                         net (fo=1, routed)           0.000    81.077    system_i/dut0/inst/u9/y[7]_i_43_n_0
    SLICE_X73Y39         CARRY4 (Prop_carry4_S[0]_CO[3])
                                                      0.532    81.609 r  system_i/dut0/inst/u9/y_reg[7]_i_6/CO[3]
                         net (fo=8, routed)           0.775    82.384    system_i/dut0/inst/u9/y_reg[7]_i_6_n_0
    SLICE_X73Y41         LUT6 (Prop_lut6_I4_O)        0.124    82.508 r  system_i/dut0/inst/u9/y[5]_i_1__0/O
                         net (fo=1, routed)           0.000    82.508    system_i/dut0/inst/u9/s[5]
    SLICE_X73Y41         FDRE                                         r  system_i/dut0/inst/u9/y_reg[5]/D
  -------------------------------------------------------------------    -------------------

                         (clock clk_fpga_0 rise edge)
                                                      5.000     5.000 r  
    PS7_X0Y0             PS7                          0.000     5.000 r  system_i/ps7/inst/PS7_i/FCLKCLK[0]
                         net (fo=1, routed)           1.088     6.088    system_i/ps7/inst/FCLK_CLK_unbuffered[0]
    BUFGCTRL_X0Y16       BUFG (Prop_bufg_I_O)         0.091     6.179 r  system_i/ps7/inst/buffer_fclk_clk_0.FCLK_CLK_0_BUFG/O
                         net (fo=2812, routed)        1.558     7.737    system_i/dut0/inst/u9/clk
    SLICE_X73Y41         FDRE                                         r  system_i/dut0/inst/u9/y_reg[5]/C
                         clock pessimism              0.115     7.852    
                         clock uncertainty           -0.083     7.769    
    SLICE_X73Y41         FDRE (Setup_fdre_C_D)        0.031     7.800    system_i/dut0/inst/u9/y_reg[5]
  -------------------------------------------------------------------
                         required time                          7.800    
                         arrival time                         -82.508    
  -------------------------------------------------------------------
                         slack                                -74.707    

Slack (VIOLATED) :        -72.844ns  (required time - arrival time)
  Source:                 system_i/dut0/inst/cnt_reg[2]/C
                            (rising edge-triggered cell FDRE clocked by clk_fpga_0  {rise@0.000ns fall@2.500ns period=5.000ns})
  Destination:            system_i/dut0/inst/u4/y_reg/A[14]
                            (rising edge-triggered cell DSP48E1 clocked by clk_fpga_0  {rise@0.000ns fall@2.500ns period=5.000ns})
  Path Group:             clk_fpga_0
  Path Type:              Setup (Max at Slow Process Corner)
  Requirement:            5.000ns  (clk_fpga_0 rise@5.000ns - clk_fpga_0 rise@0.000ns)
  Data Path Delay:        74.069ns  (logic 57.542ns (77.687%)  route 16.527ns (22.313%))
  Logic Levels:           22  (CARRY4=6 DSP48E1=14 LUT2=1 LUT3=1)
  Clock Path Skew:        0.031ns (DCD - SCD + CPR)
    Destination Clock Delay (DCD):    2.845ns = ( 7.845 - 5.000 ) 
    Source Clock Delay      (SCD):    3.044ns
    Clock Pessimism Removal (CPR):    0.230ns
  Clock Uncertainty:      0.083ns  ((TSJ^2 + TIJ^2)^1/2 + DJ) / 2 + PE
    Total System Jitter     (TSJ):    0.071ns
    Total Input Jitter      (TIJ):    0.150ns
    Discrete Jitter          (DJ):    0.000ns
    Phase Error              (PE):    0.000ns

    Location             Delay type                Incr(ns)  Path(ns)    Netlist Resource(s)
  -------------------------------------------------------------------    -------------------
                         (clock clk_fpga_0 rise edge)
                                                      0.000     0.000 r  
    PS7_X0Y0             PS7                          0.000     0.000 r  system_i/ps7/inst/PS7_i/FCLKCLK[0]
                         net (fo=1, routed)           1.193     1.193    system_i/ps7/inst/FCLK_CLK_unbuffered[0]
    BUFGCTRL_X0Y16       BUFG (Prop_bufg_I_O)         0.101     1.294 r  system_i/ps7/inst/buffer_fclk_clk_0.FCLK_CLK_0_BUFG/O
                         net (fo=2812, routed)        1.750     3.044    system_i/dut0/inst/clk
    SLICE_X26Y48         FDRE                                         r  system_i/dut0/inst/cnt_reg[2]/C
  -------------------------------------------------------------------    -------------------
    SLICE_X26Y48         FDRE (Prop_fdre_C_Q)         0.518     3.562 r  system_i/dut0/inst/cnt_reg[2]/Q
                         net (fo=66, routed)          0.532     4.094    system_i/dut0/inst/u4/out[1]
    SLICE_X27Y48         LUT2 (Prop_lut2_I0_O)        0.124     4.218 r  system_i/dut0/inst/u4/t10_carry_i_3/O
                         net (fo=1, routed)           0.000     4.218    system_i/dut0/inst/u4/t10_carry_i_3_n_0
    SLICE_X27Y48         CARRY4 (Prop_carry4_S[1]_CO[3])
                                                      0.550     4.768 r  system_i/dut0/inst/u4/t10_carry/CO[3]
                         net (fo=1, routed)           0.000     4.768    system_i/dut0/inst/u4/t10_carry_n_0
    SLICE_X27Y49         CARRY4 (Prop_carry4_CI_O[1])
                                                      0.334     5.102 r  system_i/dut0/inst/u4/t10_carry__0/O[1]
                         net (fo=4, routed)           0.475     5.576    system_i/dut0/inst/u4/t10_carry__0_n_6
    SLICE_X26Y48         LUT3 (Prop_lut3_I0_O)        0.303     5.879 r  system_i/dut0/inst/u4/t10__19_carry__0_i_3/O
                         net (fo=1, routed)           0.512     6.391    system_i/dut0/inst/u4/t10__19_carry__0_i_3_n_0
    SLICE_X24Y48         CARRY4 (Prop_carry4_DI[1]_CO[3])
                                                      0.507     6.898 r  system_i/dut0/inst/u4/t10__19_carry__0/CO[3]
                         net (fo=1, routed)           0.000     6.898    system_i/dut0/inst/u4/t10__19_carry__0_n_0
    SLICE_X24Y49         CARRY4 (Prop_carry4_CI_O[1])
                                                      0.334     7.232 r  system_i/dut0/inst/u4/t10__19_carry__1/O[1]
                         net (fo=1, routed)           0.662     7.894    system_i/dut0/inst/u4/t10__0[11]
    SLICE_X23Y48         CARRY4 (Prop_carry4_S[2]_CO[3])
                                                      0.701     8.595 r  system_i/dut0/inst/u4/t1_carry__1/CO[3]
                         net (fo=1, routed)           0.000     8.595    system_i/dut0/inst/u4/t1_carry__1_n_0
    SLICE_X23Y49         CARRY4 (Prop_carry4_CI_O[0])
                                                      0.222     8.817 r  system_i/dut0/inst/u4/t1_carry__2/O[0]
                         net (fo=1, routed)           0.549     9.367    system_i/dut0/inst/u4/A[13]
    DSP48_X1Y18          DSP48E1 (Prop_dsp48e1_A[13]_P[13])
                                                      4.016    13.383 r  system_i/dut0/inst/u4/t2/P[13]
                         net (fo=1, routed)           1.083    14.466    system_i/dut0/inst/u4/t2_n_92
    DSP48_X1Y14          DSP48E1 (Prop_dsp48e1_A[13]_P[12])
                                                      3.841    18.307 r  system_i/dut0/inst/u4/t3/P[12]
                         net (fo=1, routed)           1.388    19.695    system_i/dut0/inst/u4/t3_n_93
    DSP48_X2Y14          DSP48E1 (Prop_dsp48e1_A[12]_P[14])
                                                      3.841    23.536 r  system_i/dut0/inst/u4/t4/P[14]
                         net (fo=1, routed)           0.777    24.314    system_i/dut0/inst/u4/t4_n_91
    DSP48_X2Y15          DSP48E1 (Prop_dsp48e1_A[14]_P[15])
                                                      3.841    28.155 r  system_i/dut0/inst/u4/t5/P[15]
                         net (fo=1, routed)           0.944    29.098    system_i/dut0/inst/u4/t5_n_90
    DSP48_X2Y12          DSP48E1 (Prop_dsp48e1_A[15]_P[14])
                                                      3.841    32.939 r  system_i/dut0/inst/u4/t6/P[14]
                         net (fo=1, routed)           0.777    33.717    system_i/dut0/inst/u4/t6_n_91
    DSP48_X2Y13          DSP48E1 (Prop_dsp48e1_A[14]_P[12])
                                                      3.841    37.558 r  system_i/dut0/inst/u4/t7/P[12]
                         net (fo=1, routed)           0.959    38.516    system_i/dut0/inst/u4/t7_n_93
    DSP48_X2Y11          DSP48E1 (Prop_dsp48e1_A[12]_P[12])
                                                      3.841    42.357 r  system_i/dut0/inst/u4/t8/P[12]
                         net (fo=1, routed)           0.988    43.346    system_i/dut0/inst/u4/t8_n_93
    DSP48_X2Y9           DSP48E1 (Prop_dsp48e1_A[12]_P[14])
                                                      3.841    47.187 r  system_i/dut0/inst/u4/t9/P[14]
                         net (fo=1, routed)           0.858    48.044    system_i/dut0/inst/u4/t9_n_91
    DSP48_X2Y8           DSP48E1 (Prop_dsp48e1_A[14]_P[15])
                                                      3.841    51.885 r  system_i/dut0/inst/u4/t10/P[15]
                         net (fo=1, routed)           0.993    52.879    system_i/dut0/inst/u4/t10_n_90
    DSP48_X2Y10          DSP48E1 (Prop_dsp48e1_A[15]_P[15])
                                                      3.841    56.720 r  system_i/dut0/inst/u4/t11/P[15]
                         net (fo=1, routed)           1.384    58.104    system_i/dut0/inst/u4/t11_n_90
    DSP48_X1Y10          DSP48E1 (Prop_dsp48e1_A[15]_P[15])
                                                      3.841    61.945 r  system_i/dut0/inst/u4/t12/P[15]
                         net (fo=1, routed)           0.942    62.887    system_i/dut0/inst/u4/t12_n_90
    DSP48_X1Y8           DSP48E1 (Prop_dsp48e1_A[15]_P[15])
                                                      3.841    66.728 r  system_i/dut0/inst/u4/t13/P[15]
                         net (fo=1, routed)           0.914    67.642    system_i/dut0/inst/u4/t13_n_90
    DSP48_X1Y6           DSP48E1 (Prop_dsp48e1_A[15]_P[12])
                                                      3.841    71.483 r  system_i/dut0/inst/u4/t14/P[12]
                         net (fo=1, routed)           0.929    72.412    system_i/dut0/inst/u4/t14_n_93
    DSP48_X1Y5           DSP48E1 (Prop_dsp48e1_A[12]_P[14])
                                                      3.841    76.253 r  system_i/dut0/inst/u4/t15/P[14]
                         net (fo=1, routed)           0.860    77.113    system_i/dut0/inst/u4/t15_n_91
    DSP48_X1Y4           DSP48E1                                      r  system_i/dut0/inst/u4/y_reg/A[14]
  -------------------------------------------------------------------    -------------------

                         (clock clk_fpga_0 rise edge)
                                                      5.000     5.000 r  
    PS7_X0Y0             PS7                          0.000     5.000 r  system_i/ps7/inst/PS7_i/FCLKCLK[0]
                         net (fo=1, routed)           1.088     6.088    system_i/ps7/inst/FCLK_CLK_unbuffered[0]
    BUFGCTRL_X0Y16       BUFG (Prop_bufg_I_O)         0.091     6.179 r  system_i/ps7/inst/buffer_fclk_clk_0.FCLK_CLK_0_BUFG/O
                         net (fo=2812, routed)        1.666     7.845    system_i/dut0/inst/u4/clk
    DSP48_X1Y4           DSP48E1                                      r  system_i/dut0/inst/u4/y_reg/CLK
                         clock pessimism              0.230     8.075    
                         clock uncertainty           -0.083     7.992    
    DSP48_X1Y4           DSP48E1 (Setup_dsp48e1_CLK_A[14])
                                                     -3.722     4.270    system_i/dut0/inst/u4/y_reg
  -------------------------------------------------------------------
                         required time                          4.270    
                         arrival time                         -77.113    
  -------------------------------------------------------------------
                         slack                                -72.844    

Slack (VIOLATED) :        -72.611ns  (required time - arrival time)
  Source:                 system_i/dut0/inst/cnt_reg[2]/C
                            (rising edge-triggered cell FDRE clocked by clk_fpga_0  {rise@0.000ns fall@2.500ns period=5.000ns})
  Destination:            system_i/dut0/inst/u4/y_reg/A[13]
                            (rising edge-triggered cell DSP48E1 clocked by clk_fpga_0  {rise@0.000ns fall@2.500ns period=5.000ns})
  Path Group:             clk_fpga_0
  Path Type:              Setup (Max at Slow Process Corner)
  Requirement:            5.000ns  (clk_fpga_0 rise@5.000ns - clk_fpga_0 rise@0.000ns)
  Data Path Delay:        73.837ns  (logic 57.542ns (77.932%)  route 16.295ns (22.068%))
  Logic Levels:           22  (CARRY4=6 DSP48E1=14 LUT2=1 LUT3=1)
  Clock Path Skew:        0.031ns (DCD - SCD + CPR)
    Destination Clock Delay (DCD):    2.845ns = ( 7.845 - 5.000 ) 
    Source Clock Delay      (SCD):    3.044ns
    Clock Pessimism Removal (CPR):    0.230ns
  Clock Uncertainty:      0.083ns  ((TSJ^2 + TIJ^2)^1/2 + DJ) / 2 + PE
    Total System Jitter     (TSJ):    0.071ns
    Total Input Jitter      (TIJ):    0.150ns
    Discrete Jitter          (DJ):    0.000ns
    Phase Error              (PE):    0.000ns

    Location             Delay type                Incr(ns)  Path(ns)    Netlist Resource(s)
  -------------------------------------------------------------------    -------------------
                         (clock clk_fpga_0 rise edge)
                                                      0.000     0.000 r  
    PS7_X0Y0             PS7                          0.000     0.000 r  system_i/ps7/inst/PS7_i/FCLKCLK[0]
                         net (fo=1, routed)           1.193     1.193    system_i/ps7/inst/FCLK_CLK_unbuffered[0]
    BUFGCTRL_X0Y16       BUFG (Prop_bufg_I_O)         0.101     1.294 r  system_i/ps7/inst/buffer_fclk_clk_0.FCLK_CLK_0_BUFG/O
                         net (fo=2812, routed)        1.750     3.044    system_i/dut0/inst/clk
    SLICE_X26Y48         FDRE                                         r  system_i/dut0/inst/cnt_reg[2]/C
  -------------------------------------------------------------------    -------------------
    SLICE_X26Y48         FDRE (Prop_fdre_C_Q)         0.518     3.562 r  system_i/dut0/inst/cnt_reg[2]/Q
                         net (fo=66, routed)          0.532     4.094    system_i/dut0/inst/u4/out[1]
    SLICE_X27Y48         LUT2 (Prop_lut2_I0_O)        0.124     4.218 r  system_i/dut0/inst/u4/t10_carry_i_3/O
                         net (fo=1, routed)           0.000     4.218    system_i/dut0/inst/u4/t10_carry_i_3_n_0
    SLICE_X27Y48         CARRY4 (Prop_carry4_S[1]_CO[3])
                                                      0.550     4.768 r  system_i/dut0/inst/u4/t10_carry/CO[3]
                         net (fo=1, routed)           0.000     4.768    system_i/dut0/inst/u4/t10_carry_n_0
    SLICE_X27Y49         CARRY4 (Prop_carry4_CI_O[1])
                                                      0.334     5.102 r  system_i/dut0/inst/u4/t10_carry__0/O[1]
                         net (fo=4, routed)           0.475     5.576    system_i/dut0/inst/u4/t10_carry__0_n_6
    SLICE_X26Y48         LUT3 (Prop_lut3_I0_O)        0.303     5.879 r  system_i/dut0/inst/u4/t10__19_carry__0_i_3/O
                         net (fo=1, routed)           0.512     6.391    system_i/dut0/inst/u4/t10__19_carry__0_i_3_n_0
    SLICE_X24Y48         CARRY4 (Prop_carry4_DI[1]_CO[3])
                                                      0.507     6.898 r  system_i/dut0/inst/u4/t10__19_carry__0/CO[3]
                         net (fo=1, routed)           0.000     6.898    system_i/dut0/inst/u4/t10__19_carry__0_n_0
    SLICE_X24Y49         CARRY4 (Prop_carry4_CI_O[1])
                                                      0.334     7.232 r  system_i/dut0/inst/u4/t10__19_carry__1/O[1]
                         net (fo=1, routed)           0.662     7.894    system_i/dut0/inst/u4/t10__0[11]
    SLICE_X23Y48         CARRY4 (Prop_carry4_S[2]_CO[3])
                                                      0.701     8.595 r  system_i/dut0/inst/u4/t1_carry__1/CO[3]
                         net (fo=1, routed)           0.000     8.595    system_i/dut0/inst/u4/t1_carry__1_n_0
    SLICE_X23Y49         CARRY4 (Prop_carry4_CI_O[0])
                                                      0.222     8.817 r  system_i/dut0/inst/u4/t1_carry__2/O[0]
                         net (fo=1, routed)           0.549     9.367    system_i/dut0/inst/u4/A[13]
    DSP48_X1Y18          DSP48E1 (Prop_dsp48e1_A[13]_P[13])
                                                      4.016    13.383 r  system_i/dut0/inst/u4/t2/P[13]
                         net (fo=1, routed)           1.083    14.466    system_i/dut0/inst/u4/t2_n_92
    DSP48_X1Y14          DSP48E1 (Prop_dsp48e1_A[13]_P[12])
                                                      3.841    18.307 r  system_i/dut0/inst/u4/t3/P[12]
                         net (fo=1, routed)           1.388    19.695    system_i/dut0/inst/u4/t3_n_93
    DSP48_X2Y14          DSP48E1 (Prop_dsp48e1_A[12]_P[14])
                                                      3.841    23.536 r  system_i/dut0/inst/u4/t4/P[14]
                         net (fo=1, routed)           0.777    24.314    system_i/dut0/inst/u4/t4_n_91
    DSP48_X2Y15          DSP48E1 (Prop_dsp48e1_A[14]_P[15])
                                                      3.841    28.155 r  system_i/dut0/inst/u4/t5/P[15]
                         net (fo=1, routed)           0.944    29.098    system_i/dut0/inst/u4/t5_n_90
    DSP48_X2Y12          DSP48E1 (Prop_dsp48e1_A[15]_P[14])
                                                      3.841    32.939 r  system_i/dut0/inst/u4/t6/P[14]
                         net (fo=1, routed)           0.777    33.717    system_i/dut0/inst/u4/t6_n_91
    DSP48_X2Y13          DSP48E1 (Prop_dsp48e1_A[14]_P[12])
                                                      3.841    37.558 r  system_i/dut0/inst/u4/t7/P[12]
                         net (fo=1, routed)           0.959    38.516    system_i/dut0/inst/u4/t7_n_93
    DSP48_X2Y11          DSP48E1 (Prop_dsp48e1_A[12]_P[12])
                                                      3.841    42.357 r  system_i/dut0/inst/u4/t8/P[12]
                         net (fo=1, routed)           0.988    43.346    system_i/dut0/inst/u4/t8_n_93
    DSP48_X2Y9           DSP48E1 (Prop_dsp48e1_A[12]_P[14])
                                                      3.841    47.187 r  system_i/dut0/inst/u4/t9/P[14]
                         net (fo=1, routed)           0.858    48.044    system_i/dut0/inst/u4/t9_n_91
    DSP48_X2Y8           DSP48E1 (Prop_dsp48e1_A[14]_P[15])
                                                      3.841    51.885 r  system_i/dut0/inst/u4/t10/P[15]
                         net (fo=1, routed)           0.993    52.879    system_i/dut0/inst/u4/t10_n_90
    DSP48_X2Y10          DSP48E1 (Prop_dsp48e1_A[15]_P[15])
                                                      3.841    56.720 r  system_i/dut0/inst/u4/t11/P[15]
                         net (fo=1, routed)           1.384    58.104    system_i/dut0/inst/u4/t11_n_90
    DSP48_X1Y10          DSP48E1 (Prop_dsp48e1_A[15]_P[15])
                                                      3.841    61.945 r  system_i/dut0/inst/u4/t12/P[15]
                         net (fo=1, routed)           0.942    62.887    system_i/dut0/inst/u4/t12_n_90
    DSP48_X1Y8           DSP48E1 (Prop_dsp48e1_A[15]_P[15])
                                                      3.841    66.728 r  system_i/dut0/inst/u4/t13/P[15]
                         net (fo=1, routed)           0.914    67.642    system_i/dut0/inst/u4/t13_n_90
    DSP48_X1Y6           DSP48E1 (Prop_dsp48e1_A[15]_P[12])
                                                      3.841    71.483 r  system_i/dut0/inst/u4/t14/P[12]
                         net (fo=1, routed)           0.929    72.412    system_i/dut0/inst/u4/t14_n_93
    DSP48_X1Y5           DSP48E1 (Prop_dsp48e1_A[12]_P[13])
                                                      3.841    76.253 r  system_i/dut0/inst/u4/t15/P[13]
                         net (fo=1, routed)           0.627    76.881    system_i/dut0/inst/u4/t15_n_92
    DSP48_X1Y4           DSP48E1                                      r  system_i/dut0/inst/u4/y_reg/A[13]
  -------------------------------------------------------------------    -------------------

                         (clock clk_fpga_0 rise edge)
                                                      5.000     5.000 r  
    PS7_X0Y0             PS7                          0.000     5.000 r  system_i/ps7/inst/PS7_i/FCLKCLK[0]
                         net (fo=1, routed)           1.088     6.088    system_i/ps7/inst/FCLK_CLK_unbuffered[0]
    BUFGCTRL_X0Y16       BUFG (Prop_bufg_I_O)         0.091     6.179 r  system_i/ps7/inst/buffer_fclk_clk_0.FCLK_CLK_0_BUFG/O
                         net (fo=2812, routed)        1.666     7.845    system_i/dut0/inst/u4/clk
    DSP48_X1Y4           DSP48E1                                      r  system_i/dut0/inst/u4/y_reg/CLK
                         clock pessimism              0.230     8.075    
                         clock uncertainty           -0.083     7.992    
    DSP48_X1Y4           DSP48E1 (Setup_dsp48e1_CLK_A[13])
                                                     -3.722     4.270    system_i/dut0/inst/u4/y_reg
  -------------------------------------------------------------------
                         required time                          4.270    
                         arrival time                         -76.881    
  -------------------------------------------------------------------
                         slack                                -72.611    

Slack (VIOLATED) :        -72.563ns  (required time - arrival time)
  Source:                 system_i/dut0/inst/cnt_reg[2]/C
                            (rising edge-triggered cell FDRE clocked by clk_fpga_0  {rise@0.000ns fall@2.500ns period=5.000ns})
  Destination:            system_i/dut0/inst/u4/y_reg/A[15]
                            (rising edge-triggered cell DSP48E1 clocked by clk_fpga_0  {rise@0.000ns fall@2.500ns period=5.000ns})
  Path Group:             clk_fpga_0
  Path Type:              Setup (Max at Slow Process Corner)
  Requirement:            5.000ns  (clk_fpga_0 rise@5.000ns - clk_fpga_0 rise@0.000ns)
  Data Path Delay:        73.788ns  (logic 57.542ns (77.983%)  route 16.246ns (22.017%))
  Logic Levels:           22  (CARRY4=6 DSP48E1=14 LUT2=1 LUT3=1)
  Clock Path Skew:        0.031ns (DCD - SCD + CPR)
    Destination Clock Delay (DCD):    2.845ns = ( 7.845 - 5.000 ) 
    Source Clock Delay      (SCD):    3.044ns
    Clock Pessimism Removal (CPR):    0.230ns
  Clock Uncertainty:      0.083ns  ((TSJ^2 + TIJ^2)^1/2 + DJ) / 2 + PE
    Total System Jitter     (TSJ):    0.071ns
    Total Input Jitter      (TIJ):    0.150ns
    Discrete Jitter          (DJ):    0.000ns
    Phase Error              (PE):    0.000ns

    Location             Delay type                Incr(ns)  Path(ns)    Netlist Resource(s)
  -------------------------------------------------------------------    -------------------
                         (clock clk_fpga_0 rise edge)
                                                      0.000     0.000 r  
    PS7_X0Y0             PS7                          0.000     0.000 r  system_i/ps7/inst/PS7_i/FCLKCLK[0]
                         net (fo=1, routed)           1.193     1.193    system_i/ps7/inst/FCLK_CLK_unbuffered[0]
    BUFGCTRL_X0Y16       BUFG (Prop_bufg_I_O)         0.101     1.294 r  system_i/ps7/inst/buffer_fclk_clk_0.FCLK_CLK_0_BUFG/O
                         net (fo=2812, routed)        1.750     3.044    system_i/dut0/inst/clk
    SLICE_X26Y48         FDRE                                         r  system_i/dut0/inst/cnt_reg[2]/C
  -------------------------------------------------------------------    -------------------
    SLICE_X26Y48         FDRE (Prop_fdre_C_Q)         0.518     3.562 r  system_i/dut0/inst/cnt_reg[2]/Q
                         net (fo=66, routed)          0.532     4.094    system_i/dut0/inst/u4/out[1]
    SLICE_X27Y48         LUT2 (Prop_lut2_I0_O)        0.124     4.218 r  system_i/dut0/inst/u4/t10_carry_i_3/O
                         net (fo=1, routed)           0.000     4.218    system_i/dut0/inst/u4/t10_carry_i_3_n_0
    SLICE_X27Y48         CARRY4 (Prop_carry4_S[1]_CO[3])
                                                      0.550     4.768 r  system_i/dut0/inst/u4/t10_carry/CO[3]
                         net (fo=1, routed)           0.000     4.768    system_i/dut0/inst/u4/t10_carry_n_0
    SLICE_X27Y49         CARRY4 (Prop_carry4_CI_O[1])
                                                      0.334     5.102 r  system_i/dut0/inst/u4/t10_carry__0/O[1]
                         net (fo=4, routed)           0.475     5.576    system_i/dut0/inst/u4/t10_carry__0_n_6
    SLICE_X26Y48         LUT3 (Prop_lut3_I0_O)        0.303     5.879 r  system_i/dut0/inst/u4/t10__19_carry__0_i_3/O
                         net (fo=1, routed)           0.512     6.391    system_i/dut0/inst/u4/t10__19_carry__0_i_3_n_0
    SLICE_X24Y48         CARRY4 (Prop_carry4_DI[1]_CO[3])
                                                      0.507     6.898 r  system_i/dut0/inst/u4/t10__19_carry__0/CO[3]
                         net (fo=1, routed)           0.000     6.898    system_i/dut0/inst/u4/t10__19_carry__0_n_0
    SLICE_X24Y49         CARRY4 (Prop_carry4_CI_O[1])
                                                      0.334     7.232 r  system_i/dut0/inst/u4/t10__19_carry__1/O[1]
                         net (fo=1, routed)           0.662     7.894    system_i/dut0/inst/u4/t10__0[11]
    SLICE_X23Y48         CARRY4 (Prop_carry4_S[2]_CO[3])
                                                      0.701     8.595 r  system_i/dut0/inst/u4/t1_carry__1/CO[3]
                         net (fo=1, routed)           0.000     8.595    system_i/dut0/inst/u4/t1_carry__1_n_0
    SLICE_X23Y49         CARRY4 (Prop_carry4_CI_O[0])
                                                      0.222     8.817 r  system_i/dut0/inst/u4/t1_carry__2/O[0]
                         net (fo=1, routed)           0.549     9.367    system_i/dut0/inst/u4/A[13]
    DSP48_X1Y18          DSP48E1 (Prop_dsp48e1_A[13]_P[13])
                                                      4.016    13.383 r  system_i/dut0/inst/u4/t2/P[13]
                         net (fo=1, routed)           1.083    14.466    system_i/dut0/inst/u4/t2_n_92
    DSP48_X1Y14          DSP48E1 (Prop_dsp48e1_A[13]_P[12])
                                                      3.841    18.307 r  system_i/dut0/inst/u4/t3/P[12]
                         net (fo=1, routed)           1.388    19.695    system_i/dut0/inst/u4/t3_n_93
    DSP48_X2Y14          DSP48E1 (Prop_dsp48e1_A[12]_P[14])
                                                      3.841    23.536 r  system_i/dut0/inst/u4/t4/P[14]
                         net (fo=1, routed)           0.777    24.314    system_i/dut0/inst/u4/t4_n_91
    DSP48_X2Y15          DSP48E1 (Prop_dsp48e1_A[14]_P[15])
                                                      3.841    28.155 r  system_i/dut0/inst/u4/t5/P[15]
                         net (fo=1, routed)           0.944    29.098    system_i/dut0/inst/u4/t5_n_90
    DSP48_X2Y12          DSP48E1 (Prop_dsp48e1_A[15]_P[14])
                                                      3.841    32.939 r  system_i/dut0/inst/u4/t6/P[14]
                         net (fo=1, routed)           0.777    33.717    system_i/dut0/inst/u4/t6_n_91
    DSP48_X2Y13          DSP48E1 (Prop_dsp48e1_A[14]_P[12])
                                                      3.841    37.558 r  system_i/dut0/inst/u4/t7/P[12]
                         net (fo=1, routed)           0.959    38.516    system_i/dut0/inst/u4/t7_n_93
    DSP48_X2Y11          DSP48E1 (Prop_dsp48e1_A[12]_P[12])
                                                      3.841    42.357 r  system_i/dut0/inst/u4/t8/P[12]
                         net (fo=1, routed)           0.988    43.346    system_i/dut0/inst/u4/t8_n_93
    DSP48_X2Y9           DSP48E1 (Prop_dsp48e1_A[12]_P[14])
                                                      3.841    47.187 r  system_i/dut0/inst/u4/t9/P[14]
                         net (fo=1, routed)           0.858    48.044    system_i/dut0/inst/u4/t9_n_91
    DSP48_X2Y8           DSP48E1 (Prop_dsp48e1_A[14]_P[15])
                                                      3.841    51.885 r  system_i/dut0/inst/u4/t10/P[15]
                         net (fo=1, routed)           0.993    52.879    system_i/dut0/inst/u4/t10_n_90
    DSP48_X2Y10          DSP48E1 (Prop_dsp48e1_A[15]_P[15])
                                                      3.841    56.720 r  system_i/dut0/inst/u4/t11/P[15]
                         net (fo=1, routed)           1.384    58.104    system_i/dut0/inst/u4/t11_n_90
    DSP48_X1Y10          DSP48E1 (Prop_dsp48e1_A[15]_P[15])
                                                      3.841    61.945 r  system_i/dut0/inst/u4/t12/P[15]
                         net (fo=1, routed)           0.942    62.887    system_i/dut0/inst/u4/t12_n_90
    DSP48_X1Y8           DSP48E1 (Prop_dsp48e1_A[15]_P[15])
                                                      3.841    66.728 r  system_i/dut0/inst/u4/t13/P[15]
                         net (fo=1, routed)           0.914    67.642    system_i/dut0/inst/u4/t13_n_90
    DSP48_X1Y6           DSP48E1 (Prop_dsp48e1_A[15]_P[12])
                                                      3.841    71.483 r  system_i/dut0/inst/u4/t14/P[12]
                         net (fo=1, routed)           0.929    72.412    system_i/dut0/inst/u4/t14_n_93
    DSP48_X1Y5           DSP48E1 (Prop_dsp48e1_A[12]_P[15])
                                                      3.841    76.253 r  system_i/dut0/inst/u4/t15/P[15]
                         net (fo=1, routed)           0.579    76.832    system_i/dut0/inst/u4/t15_n_90
    DSP48_X1Y4           DSP48E1                                      r  system_i/dut0/inst/u4/y_reg/A[15]
  -------------------------------------------------------------------    -------------------

                         (clock clk_fpga_0 rise edge)
                                                      5.000     5.000 r  
    PS7_X0Y0             PS7                          0.000     5.000 r  system_i/ps7/inst/PS7_i/FCLKCLK[0]
                         net (fo=1, routed)           1.088     6.088    system_i/ps7/inst/FCLK_CLK_unbuffered[0]
    BUFGCTRL_X0Y16       BUFG (Prop_bufg_I_O)         0.091     6.179 r  system_i/ps7/inst/buffer_fclk_clk_0.FCLK_CLK_0_BUFG/O
                         net (fo=2812, routed)        1.666     7.845    system_i/dut0/inst/u4/clk
    DSP48_X1Y4           DSP48E1                                      r  system_i/dut0/inst/u4/y_reg/CLK
                         clock pessimism              0.230     8.075    
                         clock uncertainty           -0.083     7.992    
    DSP48_X1Y4           DSP48E1 (Setup_dsp48e1_CLK_A[15])
                                                     -3.722     4.270    system_i/dut0/inst/u4/y_reg
  -------------------------------------------------------------------
                         required time                          4.270    
                         arrival time                         -76.832    
  -------------------------------------------------------------------
                         slack                                -72.563    

Slack (VIOLATED) :        -72.422ns  (required time - arrival time)
  Source:                 system_i/dut0/inst/cnt_reg[2]/C
                            (rising edge-triggered cell FDRE clocked by clk_fpga_0  {rise@0.000ns fall@2.500ns period=5.000ns})
  Destination:            system_i/dut0/inst/u4/y_reg/A[0]
                            (rising edge-triggered cell DSP48E1 clocked by clk_fpga_0  {rise@0.000ns fall@2.500ns period=5.000ns})
  Path Group:             clk_fpga_0
  Path Type:              Setup (Max at Slow Process Corner)
  Requirement:            5.000ns  (clk_fpga_0 rise@5.000ns - clk_fpga_0 rise@0.000ns)
  Data Path Delay:        73.647ns  (logic 57.542ns (78.132%)  route 16.105ns (21.868%))
  Logic Levels:           22  (CARRY4=6 DSP48E1=14 LUT2=1 LUT3=1)
  Clock Path Skew:        0.031ns (DCD - SCD + CPR)
    Destination Clock Delay (DCD):    2.845ns = ( 7.845 - 5.000 ) 
    Source Clock Delay      (SCD):    3.044ns
    Clock Pessimism Removal (CPR):    0.230ns
  Clock Uncertainty:      0.083ns  ((TSJ^2 + TIJ^2)^1/2 + DJ) / 2 + PE
    Total System Jitter     (TSJ):    0.071ns
    Total Input Jitter      (TIJ):    0.150ns
    Discrete Jitter          (DJ):    0.000ns
    Phase Error              (PE):    0.000ns

    Location             Delay type                Incr(ns)  Path(ns)    Netlist Resource(s)
  -------------------------------------------------------------------    -------------------
                         (clock clk_fpga_0 rise edge)
                                                      0.000     0.000 r  
    PS7_X0Y0             PS7                          0.000     0.000 r  system_i/ps7/inst/PS7_i/FCLKCLK[0]
                         net (fo=1, routed)           1.193     1.193    system_i/ps7/inst/FCLK_CLK_unbuffered[0]
    BUFGCTRL_X0Y16       BUFG (Prop_bufg_I_O)         0.101     1.294 r  system_i/ps7/inst/buffer_fclk_clk_0.FCLK_CLK_0_BUFG/O
                         net (fo=2812, routed)        1.750     3.044    system_i/dut0/inst/clk
    SLICE_X26Y48         FDRE                                         r  system_i/dut0/inst/cnt_reg[2]/C
  -------------------------------------------------------------------    -------------------
    SLICE_X26Y48         FDRE (Prop_fdre_C_Q)         0.518     3.562 r  system_i/dut0/inst/cnt_reg[2]/Q
                         net (fo=66, routed)          0.532     4.094    system_i/dut0/inst/u4/out[1]
    SLICE_X27Y48         LUT2 (Prop_lut2_I0_O)        0.124     4.218 r  system_i/dut0/inst/u4/t10_carry_i_3/O
                         net (fo=1, routed)           0.000     4.218    system_i/dut0/inst/u4/t10_carry_i_3_n_0
    SLICE_X27Y48         CARRY4 (Prop_carry4_S[1]_CO[3])
                                                      0.550     4.768 r  system_i/dut0/inst/u4/t10_carry/CO[3]
                         net (fo=1, routed)           0.000     4.768    system_i/dut0/inst/u4/t10_carry_n_0
    SLICE_X27Y49         CARRY4 (Prop_carry4_CI_O[1])
                                                      0.334     5.102 r  system_i/dut0/inst/u4/t10_carry__0/O[1]
                         net (fo=4, routed)           0.475     5.576    system_i/dut0/inst/u4/t10_carry__0_n_6
    SLICE_X26Y48         LUT3 (Prop_lut3_I0_O)        0.303     5.879 r  system_i/dut0/inst/u4/t10__19_carry__0_i_3/O
                         net (fo=1, routed)           0.512     6.391    system_i/dut0/inst/u4/t10__19_carry__0_i_3_n_0
    SLICE_X24Y48         CARRY4 (Prop_carry4_DI[1]_CO[3])
                                                      0.507     6.898 r  system_i/dut0/inst/u4/t10__19_carry__0/CO[3]
                         net (fo=1, routed)           0.000     6.898    system_i/dut0/inst/u4/t10__19_carry__0_n_0
    SLICE_X24Y49         CARRY4 (Prop_carry4_CI_O[1])
                                                      0.334     7.232 r  system_i/dut0/inst/u4/t10__19_carry__1/O[1]
                         net (fo=1, routed)           0.662     7.894    system_i/dut0/inst/u4/t10__0[11]
    SLICE_X23Y48         CARRY4 (Prop_carry4_S[2]_CO[3])
                                                      0.701     8.595 r  system_i/dut0/inst/u4/t1_carry__1/CO[3]
                         net (fo=1, routed)           0.000     8.595    system_i/dut0/inst/u4/t1_carry__1_n_0
    SLICE_X23Y49         CARRY4 (Prop_carry4_CI_O[0])
                                                      0.222     8.817 r  system_i/dut0/inst/u4/t1_carry__2/O[0]
                         net (fo=1, routed)           0.549     9.367    system_i/dut0/inst/u4/A[13]
    DSP48_X1Y18          DSP48E1 (Prop_dsp48e1_A[13]_P[13])
                                                      4.016    13.383 r  system_i/dut0/inst/u4/t2/P[13]
                         net (fo=1, routed)           1.083    14.466    system_i/dut0/inst/u4/t2_n_92
    DSP48_X1Y14          DSP48E1 (Prop_dsp48e1_A[13]_P[12])
                                                      3.841    18.307 r  system_i/dut0/inst/u4/t3/P[12]
                         net (fo=1, routed)           1.388    19.695    system_i/dut0/inst/u4/t3_n_93
    DSP48_X2Y14          DSP48E1 (Prop_dsp48e1_A[12]_P[14])
                                                      3.841    23.536 r  system_i/dut0/inst/u4/t4/P[14]
                         net (fo=1, routed)           0.777    24.314    system_i/dut0/inst/u4/t4_n_91
    DSP48_X2Y15          DSP48E1 (Prop_dsp48e1_A[14]_P[15])
                                                      3.841    28.155 r  system_i/dut0/inst/u4/t5/P[15]
                         net (fo=1, routed)           0.944    29.098    system_i/dut0/inst/u4/t5_n_90
    DSP48_X2Y12          DSP48E1 (Prop_dsp48e1_A[15]_P[14])
                                                      3.841    32.939 r  system_i/dut0/inst/u4/t6/P[14]
                         net (fo=1, routed)           0.777    33.717    system_i/dut0/inst/u4/t6_n_91
    DSP48_X2Y13          DSP48E1 (Prop_dsp48e1_A[14]_P[12])
                                                      3.841    37.558 r  system_i/dut0/inst/u4/t7/P[12]
                         net (fo=1, routed)           0.959    38.516    system_i/dut0/inst/u4/t7_n_93
    DSP48_X2Y11          DSP48E1 (Prop_dsp48e1_A[12]_P[12])
                                                      3.841    42.357 r  system_i/dut0/inst/u4/t8/P[12]
                         net (fo=1, routed)           0.988    43.346    system_i/dut0/inst/u4/t8_n_93
    DSP48_X2Y9           DSP48E1 (Prop_dsp48e1_A[12]_P[14])
                                                      3.841    47.187 r  system_i/dut0/inst/u4/t9/P[14]
                         net (fo=1, routed)           0.858    48.044    system_i/dut0/inst/u4/t9_n_91
    DSP48_X2Y8           DSP48E1 (Prop_dsp48e1_A[14]_P[15])
                                                      3.841    51.885 r  system_i/dut0/inst/u4/t10/P[15]
                         net (fo=1, routed)           0.993    52.879    system_i/dut0/inst/u4/t10_n_90
    DSP48_X2Y10          DSP48E1 (Prop_dsp48e1_A[15]_P[15])
                                                      3.841    56.720 r  system_i/dut0/inst/u4/t11/P[15]
                         net (fo=1, routed)           1.384    58.104    system_i/dut0/inst/u4/t11_n_90
    DSP48_X1Y10          DSP48E1 (Prop_dsp48e1_A[15]_P[15])
                                                      3.841    61.945 r  system_i/dut0/inst/u4/t12/P[15]
                         net (fo=1, routed)           0.942    62.887    system_i/dut0/inst/u4/t12_n_90
    DSP48_X1Y8           DSP48E1 (Prop_dsp48e1_A[15]_P[15])
                                                      3.841    66.728 r  system_i/dut0/inst/u4/t13/P[15]
                         net (fo=1, routed)           0.914    67.642    system_i/dut0/inst/u4/t13_n_90
    DSP48_X1Y6           DSP48E1 (Prop_dsp48e1_A[15]_P[12])
                                                      3.841    71.483 r  system_i/dut0/inst/u4/t14/P[12]
                         net (fo=1, routed)           0.929    72.412    system_i/dut0/inst/u4/t14_n_93
    DSP48_X1Y5           DSP48E1 (Prop_dsp48e1_A[12]_P[0])
                                                      3.841    76.253 r  system_i/dut0/inst/u4/t15/P[0]
                         net (fo=1, routed)           0.438    76.691    system_i/dut0/inst/u4/t15_n_105
    DSP48_X1Y4           DSP48E1                                      r  system_i/dut0/inst/u4/y_reg/A[0]
  -------------------------------------------------------------------    -------------------

                         (clock clk_fpga_0 rise edge)
                                                      5.000     5.000 r  
    PS7_X0Y0             PS7                          0.000     5.000 r  system_i/ps7/inst/PS7_i/FCLKCLK[0]
                         net (fo=1, routed)           1.088     6.088    system_i/ps7/inst/FCLK_CLK_unbuffered[0]
    BUFGCTRL_X0Y16       BUFG (Prop_bufg_I_O)         0.091     6.179 r  system_i/ps7/inst/buffer_fclk_clk_0.FCLK_CLK_0_BUFG/O
                         net (fo=2812, routed)        1.666     7.845    system_i/dut0/inst/u4/clk
    DSP48_X1Y4           DSP48E1                                      r  system_i/dut0/inst/u4/y_reg/CLK
                         clock pessimism              0.230     8.075    
                         clock uncertainty           -0.083     7.992    
    DSP48_X1Y4           DSP48E1 (Setup_dsp48e1_CLK_A[0])
                                                     -3.722     4.270    system_i/dut0/inst/u4/y_reg
  -------------------------------------------------------------------
                         required time                          4.270    
                         arrival time                         -76.691    
  -------------------------------------------------------------------
                         slack                                -72.422    





Pulse Width Checks
--------------------------------------------------------------------------------------
Clock Name:         clk_fpga_0
Waveform(ns):       { 0.000 2.500 }
Period(ns):         5.000
Sources:            { system_i/ps7/inst/PS7_i/FCLKCLK[0] }

Check Type        Corner  Lib Pin      Reference Pin  Required(ns)  Actual(ns)  Slack(ns)  Location        Pin
Min Period        n/a     DSP48E1/CLK  n/a            3.884         5.000       1.116      DSP48_X2Y17     system_i/dut0/inst/u0/p_reg[33]/CLK
Min Period        n/a     DSP48E1/CLK  n/a            3.687         5.000       1.313      DSP48_X1Y4      system_i/dut0/inst/u4/y_reg/CLK
Min Period        n/a     BUFG/I       n/a            2.155         5.000       2.845      BUFGCTRL_X0Y16  system_i/ps7/inst/buffer_fclk_clk_0.FCLK_CLK_0_BUFG/I
Min Period        n/a     DSP48E1/CLK  n/a            2.154         5.000       2.846      DSP48_X2Y18     system_i/dut0/inst/u0/y0/CLK
Min Period        n/a     DSP48E1/CLK  n/a            2.154         5.000       2.846      DSP48_X2Y19     system_i/dut0/inst/u0/y0__0/CLK
Min Period        n/a     DSP48E1/CLK  n/a            2.154         5.000       2.846      DSP48_X2Y29     system_i/dut0/inst/u0/y0__10/CLK
Min Period        n/a     DSP48E1/CLK  n/a            2.154         5.000       2.846      DSP48_X2Y31     system_i/dut0/inst/u0/y0__12/CLK
Min Period        n/a     DSP48E1/CLK  n/a            2.154         5.000       2.846      DSP48_X2Y32     system_i/dut0/inst/u0/y0__13/CLK
Min Period        n/a     DSP48E1/CLK  n/a            2.154         5.000       2.846      DSP48_X2Y33     system_i/dut0/inst/u0/y0__14/CLK
Min Period        n/a     DSP48E1/CLK  n/a            2.154         5.000       2.846      DSP48_X2Y34     system_i/dut0/inst/u0/y0__15/CLK
Min Period        n/a     DSP48E1/CLK  n/a            2.154         5.000       2.846      DSP48_X2Y35     system_i/dut0/inst/u0/y0__16/CLK
Min Period        n/a     DSP48E1/CLK  n/a            2.154         5.000       2.846      DSP48_X2Y36     system_i/dut0/inst/u0/y0__17/CLK
Min Period        n/a     DSP48E1/CLK  n/a            2.154         5.000       2.846      DSP48_X2Y37     system_i/dut0/inst/u0/y0__18/CLK
Min Period        n/a     DSP48E1/CLK  n/a            2.154         5.000       2.846      DSP48_X2Y38     system_i/dut0/inst/u0/y0__19/CLK
Min Period        n/a     DSP48E1/CLK  n/a            2.154         5.000       2.846      DSP48_X2Y21     system_i/dut0/inst/u0/y0__2/CLK
Min Period        n/a     DSP48E1/CLK  n/a            2.154         5.000       2.846      DSP48_X2Y39     system_i/dut0/inst/u0/y0__20/CLK
Min Period        n/a     DSP48E1/CLK  n/a            2.154         5.000       2.846      DSP48_X2Y40     system_i/dut0/inst/u0/y0__21/CLK
Min Period        n/a     DSP48E1/CLK  n/a            2.154         5.000       2.846      DSP48_X2Y41     system_i/dut0/inst/u0/y0__22/CLK
Min Period        n/a     DSP48E1/CLK  n/a            2.154         5.000       2.846      DSP48_X2Y42     system_i/dut0/inst/u0/y0__23/CLK
Min Period        n/a     DSP48E1/CLK  n/a            2.154         5.000       2.846      DSP48_X2Y43     system_i/dut0/inst/u0/y0__24/CLK
Low Pulse Width   Slow    RAMD64E/CLK  n/a            1.250         2.500       1.250      SLICE_X38Y94    system_i/la0/inst/buffer_reg_0_63_0_2/RAMA/CLK
Low Pulse Width   Fast    RAMD64E/CLK  n/a            1.250         2.500       1.250      SLICE_X38Y94    system_i/la0/inst/buffer_reg_0_63_0_2/RAMA/CLK
Low Pulse Width   Slow    RAMD64E/CLK  n/a            1.250         2.500       1.250      SLICE_X38Y94    system_i/la0/inst/buffer_reg_0_63_0_2/RAMB/CLK
Low Pulse Width   Fast    RAMD64E/CLK  n/a            1.250         2.500       1.250      SLICE_X38Y94    system_i/la0/inst/buffer_reg_0_63_0_2/RAMB/CLK
Low Pulse Width   Slow    RAMD64E/CLK  n/a            1.250         2.500       1.250      SLICE_X38Y94    system_i/la0/inst/buffer_reg_0_63_0_2/RAMC/CLK
Low Pulse Width   Fast    RAMD64E/CLK  n/a            1.250         2.500       1.250      SLICE_X38Y94    system_i/la0/inst/buffer_reg_0_63_0_2/RAMC/CLK
Low Pulse Width   Slow    RAMD64E/CLK  n/a            1.250         2.500       1.250      SLICE_X38Y94    system_i/la0/inst/buffer_reg_0_63_0_2/RAMD/CLK
Low Pulse Width   Fast    RAMD64E/CLK  n/a            1.250         2.500       1.250      SLICE_X38Y94    system_i/la0/inst/buffer_reg_0_63_0_2/RAMD/CLK
Low Pulse Width   Slow    RAMD64E/CLK  n/a            1.250         2.500       1.250      SLICE_X38Y73    system_i/la0/inst/buffer_reg_0_63_12_14/RAMA/CLK
Low Pulse Width   Fast    RAMD64E/CLK  n/a            1.250         2.500       1.250      SLICE_X38Y73    system_i/la0/inst/buffer_reg_0_63_12_14/RAMA/CLK
Low Pulse Width   Slow    RAMD64E/CLK  n/a            1.250         2.500       1.250      SLICE_X38Y73    system_i/la0/inst/buffer_reg_0_63_12_14/RAMB/CLK
Low Pulse Width   Fast    RAMD64E/CLK  n/a            1.250         2.500       1.250      SLICE_X38Y73    system_i/la0/inst/buffer_reg_0_63_12_14/RAMB/CLK
Low Pulse Width   Slow    RAMD64E/CLK  n/a            1.250         2.500       1.250      SLICE_X38Y73    system_i/la0/inst/buffer_reg_0_63_12_14/RAMC/CLK
Low Pulse Width   Fast    RAMD64E/CLK  n/a            1.250         2.500       1.250      SLICE_X38Y73    system_i/la0/inst/buffer_reg_0_63_12_14/RAMC/CLK
Low Pulse Width   Slow    RAMD64E/CLK  n/a            1.250         2.500       1.250      SLICE_X38Y73    system_i/la0/inst/buffer_reg_0_63_12_14/RAMD/CLK
Low Pulse Width   Fast    RAMD64E/CLK  n/a            1.250         2.500       1.250      SLICE_X38Y73    system_i/la0/inst/buffer_reg_0_63_12_14/RAMD/CLK
Low Pulse Width   Slow    RAMD64E/CLK  n/a            1.250         2.500       1.250      SLICE_X26Y88    system_i/la0/inst/buffer_reg_0_63_15_15/DP/CLK
Low Pulse Width   Fast    RAMD64E/CLK  n/a            1.250         2.500       1.250      SLICE_X26Y88    system_i/la0/inst/buffer_reg_0_63_15_15/DP/CLK
Low Pulse Width   Slow    RAMD64E/CLK  n/a            1.250         2.500       1.250      SLICE_X26Y88    system_i/la0/inst/buffer_reg_0_63_15_15/SP/CLK
Low Pulse Width   Fast    RAMD64E/CLK  n/a            1.250         2.500       1.250      SLICE_X26Y88    system_i/la0/inst/buffer_reg_0_63_15_15/SP/CLK
High Pulse Width  Slow    RAMD64E/CLK  n/a            1.250         2.500       1.250      SLICE_X38Y94    system_i/la0/inst/buffer_reg_0_63_0_2/RAMA/CLK
High Pulse Width  Fast    RAMD64E/CLK  n/a            1.250         2.500       1.250      SLICE_X38Y94    system_i/la0/inst/buffer_reg_0_63_0_2/RAMA/CLK
High Pulse Width  Slow    RAMD64E/CLK  n/a            1.250         2.500       1.250      SLICE_X38Y94    system_i/la0/inst/buffer_reg_0_63_0_2/RAMB/CLK
High Pulse Width  Fast    RAMD64E/CLK  n/a            1.250         2.500       1.250      SLICE_X38Y94    system_i/la0/inst/buffer_reg_0_63_0_2/RAMB/CLK
High Pulse Width  Slow    RAMD64E/CLK  n/a            1.250         2.500       1.250      SLICE_X38Y94    system_i/la0/inst/buffer_reg_0_63_0_2/RAMC/CLK
High Pulse Width  Fast    RAMD64E/CLK  n/a            1.250         2.500       1.250      SLICE_X38Y94    system_i/la0/inst/buffer_reg_0_63_0_2/RAMC/CLK
High Pulse Width  Slow    RAMD64E/CLK  n/a            1.250         2.500       1.250      SLICE_X38Y94    system_i/la0/inst/buffer_reg_0_63_0_2/RAMD/CLK
High Pulse Width  Fast    RAMD64E/CLK  n/a            1.250         2.500       1.250      SLICE_X38Y94    system_i/la0/inst/buffer_reg_0_63_0_2/RAMD/CLK
High Pulse Width  Slow    RAMD64E/CLK  n/a            1.250         2.500       1.250      SLICE_X38Y73    system_i/la0/inst/buffer_reg_0_63_12_14/RAMA/CLK
High Pulse Width  Fast    RAMD64E/CLK  n/a            1.250         2.500       1.250      SLICE_X38Y73    system_i/la0/inst/buffer_reg_0_63_12_14/RAMA/CLK
High Pulse Width  Slow    RAMD64E/CLK  n/a            1.250         2.500       1.250      SLICE_X38Y73    system_i/la0/inst/buffer_reg_0_63_12_14/RAMB/CLK
High Pulse Width  Fast    RAMD64E/CLK  n/a            1.250         2.500       1.250      SLICE_X38Y73    system_i/la0/inst/buffer_reg_0_63_12_14/RAMB/CLK
High Pulse Width  Slow    RAMD64E/CLK  n/a            1.250         2.500       1.250      SLICE_X38Y73    system_i/la0/inst/buffer_reg_0_63_12_14/RAMC/CLK
High Pulse Width  Fast    RAMD64E/CLK  n/a            1.250         2.500       1.250      SLICE_X38Y73    system_i/la0/inst/buffer_reg_0_63_12_14/RAMC/CLK
High Pulse Width  Slow    RAMD64E/CLK  n/a            1.250         2.500       1.250      SLICE_X38Y73    system_i/la0/inst/buffer_reg_0_63_12_14/RAMD/CLK
High Pulse Width  Fast    RAMD64E/CLK  n/a            1.250         2.500       1.250      SLICE_X38Y73    system_i/la0/inst/buffer_reg_0_63_12_14/RAMD/CLK
High Pulse Width  Slow    RAMD64E/CLK  n/a            1.250         2.500       1.250      SLICE_X26Y88    system_i/la0/inst/buffer_reg_0_63_15_15/DP/CLK
High Pulse Width  Fast    RAMD64E/CLK  n/a            1.250         2.500       1.250      SLICE_X26Y88    system_i/la0/inst/buffer_reg_0_63_15_15/DP/CLK
High Pulse Width  Slow    RAMD64E/CLK  n/a            1.250         2.500       1.250      SLICE_X26Y88    system_i/la0/inst/buffer_reg_0_63_15_15/SP/CLK
High Pulse Width  Fast    RAMD64E/CLK  n/a            1.250         2.500       1.250      SLICE_X26Y88    system_i/la0/inst/buffer_reg_0_63_15_15/SP/CLK



