Copyright 1986-2022 Xilinx, Inc. All Rights Reserved. Copyright 2022-2026 Advanced Micro Devices, Inc. All Rights Reserved.
------------------------------------------------------------------------------------------------------------------------------------------------------------------------------------------------------------------------------------------------------------------------------------------
| Tool Version : Vivado v.2026.1 (win64) Build 6511674 Tue Jun 16 11:02:23 MDT 2026
| Date         : Sun Aug 30 22:40:55 2026
| Host         : Amine running 64-bit major release  (build 9200)
| Command      : report_timing_summary -delay_type max -max_paths 10 -report_unconstrained -check_timing_verbose -warn_on_violation -file C:/Users/Amine/mas/fpga-repo/timing_closure_candidate_v7/results/c01_fir_sft_fir42_v6_8b/trial_004_search_p42p714_a0/reports/timing_summary.rpt
| Design       : sft__fir42_v6_8b__g1
| Device       : 7z020-clg400
| Speed File   : -1  PRODUCTION 1.12 2019-11-22
| Design State : Routed
------------------------------------------------------------------------------------------------------------------------------------------------------------------------------------------------------------------------------------------------------------------------------------------

Timing Summary Report

------------------------------------------------------------------------------------------------
| Timer Settings
| --------------
------------------------------------------------------------------------------------------------

  Enable Multi Corner Analysis               :  Yes
  Enable Pessimism Removal                   :  Yes
  Pessimism Removal Resolution               :  Nearest Common Node
  Enable Input Delay Default Clock           :  No
  Enable Preset / Clear Arcs                 :  No
  Disable Flight Delays                      :  No
  Ignore I/O Paths                           :  No
  Timing Early Launch at Borrowing Latches   :  No
  Borrow Time for Max Delay Exceptions       :  Yes
  Merge Timing Exceptions                    :  Yes
  Inter-SLR Compensation                     :  Conservative

  Corner  Analyze    Analyze    
  Name    Max Paths  Min Paths  
  ------  ---------  ---------  
  Slow    Yes        Yes        
  Fast    Yes        Yes        


------------------------------------------------------------------------------------------------
| Report Methodology
| ------------------
------------------------------------------------------------------------------------------------

No report available as report_methodology has not been run prior. Run report_methodology on the current design for the summary of methodology violations.



check_timing report

Table of Contents
-----------------
1. checking no_clock (0)
2. checking constant_clock (0)
3. checking pulse_width_clock (0)
4. checking unconstrained_internal_endpoints (0)
5. checking no_input_delay (0)
6. checking no_output_delay (0)
7. checking multiple_clock (0)
8. checking generated_clocks (0)
9. checking loops (0)
10. checking partial_input_delay (0)
11. checking partial_output_delay (0)
12. checking latch_loops (0)

1. checking no_clock (0)
------------------------
 There are 0 register/latch pins with no clock.


2. checking constant_clock (0)
------------------------------
 There are 0 register/latch pins with constant_clock.


3. checking pulse_width_clock (0)
---------------------------------
 There are 0 register/latch pins which need pulse_width check


4. checking unconstrained_internal_endpoints (0)
------------------------------------------------
 There are 0 pins that are not constrained for maximum delay.

 There are 0 pins that are not constrained for maximum delay due to constant clock.


5. checking no_input_delay (0)
------------------------------
 There are 0 input ports with no input delay specified.

 There are 0 input ports with no input delay but user has a false path constraint.


6. checking no_output_delay (0)
-------------------------------
 There are 0 ports with no output delay specified.

 There are 0 ports with no output delay but user has a false path constraint

 There are 0 ports with no output delay but with a timing clock defined on it or propagating through it


7. checking multiple_clock (0)
------------------------------
 There are 0 register/latch pins with multiple clocks.


8. checking generated_clocks (0)
--------------------------------
 There are 0 generated clocks that are not connected to a clock source.


9. checking loops (0)
---------------------
 There are 0 combinational loops in the design.


10. checking partial_input_delay (0)
------------------------------------
 There are 0 input ports with partial input delay specified.


11. checking partial_output_delay (0)
-------------------------------------
 There are 0 ports with partial output delay specified.


12. checking latch_loops (0)
----------------------------
 There are 0 combinational latch loops in the design through latch input



------------------------------------------------------------------------------------------------
| Design Timing Summary
| ---------------------
------------------------------------------------------------------------------------------------

    WNS(ns)      TNS(ns)  TNS Failing Endpoints  TNS Total Endpoints     WPWS(ns)     TPWS(ns)  TPWS Failing Endpoints  TPWS Total Endpoints  
    -------      -------  ---------------------  -------------------     --------     --------  ----------------------  --------------------  
     -5.372      -35.798                     12                  720       20.857        0.000                       0                   352  


Timing constraints are not met.


------------------------------------------------------------------------------------------------
| Clock Summary
| -------------
------------------------------------------------------------------------------------------------

Clock  Waveform(ns)       Period(ns)      Frequency(MHz)
-----  ------------       ----------      --------------
vclk   {0.000 21.357}     42.714          23.412          


------------------------------------------------------------------------------------------------
| Intra Clock Table
| -----------------
------------------------------------------------------------------------------------------------

Clock             WNS(ns)      TNS(ns)  TNS Failing Endpoints  TNS Total Endpoints     WPWS(ns)     TPWS(ns)  TPWS Failing Endpoints  TPWS Total Endpoints  
-----             -------      -------  ---------------------  -------------------     --------     --------  ----------------------  --------------------  
vclk               -5.372      -35.798                     12                  720       20.857        0.000                       0                   352  


------------------------------------------------------------------------------------------------
| Inter Clock Table
| -----------------
------------------------------------------------------------------------------------------------

From Clock    To Clock          WNS(ns)      TNS(ns)  TNS Failing Endpoints  TNS Total Endpoints  
----------    --------          -------      -------  ---------------------  -------------------  


------------------------------------------------------------------------------------------------
| Other Path Groups Table
| -----------------------
------------------------------------------------------------------------------------------------

Path Group    From Clock    To Clock          WNS(ns)      TNS(ns)  TNS Failing Endpoints  TNS Total Endpoints  
----------    ----------    --------          -------      -------  ---------------------  -------------------  


------------------------------------------------------------------------------------------------
| User Ignored Path Table
| -----------------------
------------------------------------------------------------------------------------------------

Path Group    From Clock    To Clock    
----------    ----------    --------    


------------------------------------------------------------------------------------------------
| Unconstrained Path Table
| ------------------------
------------------------------------------------------------------------------------------------

Path Group    From Clock    To Clock    
----------    ----------    --------    


------------------------------------------------------------------------------------------------
| Timing Details
| --------------
------------------------------------------------------------------------------------------------


---------------------------------------------------------------------------------------------------
From Clock:  vclk
  To Clock:  vclk

Setup :           12  Failing Endpoints,  Worst Slack       -5.372ns,  Total Violation      -35.798ns
Hold  :           NA  Failing Endpoints,  Worst Slack           NA  ,  Total Violation           NA
PW    :            0  Failing Endpoints,  Worst Slack       20.857ns,  Total Violation        0.000ns
---------------------------------------------------------------------------------------------------


Max Delay Paths
--------------------------------------------------------------------------------------
Slack (VIOLATED) :        -5.372ns  (required time - arrival time)
  Source:                 d41_reg[2]/C
                            (rising edge-triggered cell FDRE clocked by vclk  {rise@0.000ns fall@21.357ns period=42.714ns})
  Destination:            y_reg[15]/D
                            (rising edge-triggered cell FDRE clocked by vclk  {rise@0.000ns fall@21.357ns period=42.714ns})
  Path Group:             vclk
  Path Type:              Setup (Max at Slow Process Corner)
  Requirement:            42.714ns  (vclk rise@42.714ns - vclk rise@0.000ns)
  Data Path Delay:        48.064ns  (logic 27.300ns (56.800%)  route 20.764ns (43.200%))
  Logic Levels:           77  (CARRY4=50 LUT2=27)
  Clock Path Skew:        -0.049ns (DCD - SCD + CPR)
    Destination Clock Delay (DCD):    0.924ns = ( 43.638 - 42.714 ) 
    Source Clock Delay      (SCD):    0.973ns
    Clock Pessimism Removal (CPR):    0.000ns
  Clock Uncertainty:      0.035ns  ((TSJ^2 + TIJ^2)^1/2 + DJ) / 2 + PE
    Total System Jitter     (TSJ):    0.071ns
    Total Input Jitter      (TIJ):    0.000ns
    Discrete Jitter          (DJ):    0.000ns
    Phase Error              (PE):    0.000ns

    Location             Delay type                Incr(ns)  Path(ns)    Netlist Resource(s)
  -------------------------------------------------------------------    -------------------
                         (clock vclk rise edge)       0.000     0.000 r  <hidden>
                                                      0.000     0.000 r  clk
                         net (fo=351, unset)          0.973     0.973    clk
    SLICE_X46Y61         FDRE                                         r  d41_reg[2]/C
  -------------------------------------------------------------------    -------------------
    SLICE_X46Y61         FDRE (Prop_fdre_C_Q)         0.518     1.491 r  d41_reg[2]/Q
                         net (fo=2, routed)           0.273     1.764    d41[2]
    SLICE_X47Y61         CARRY4 (Prop_carry4_S[0]_O[0])
                                                      0.371     2.135 r  y_reg[7]_i_771/O[0]
                         net (fo=2, routed)           0.486     2.621    acc0[2]
    SLICE_X48Y61         LUT2 (Prop_lut2_I0_O)        0.299     2.920 r  y[7]_i_775/O
                         net (fo=1, routed)           0.000     2.920    y[7]_i_775_n_0
    SLICE_X48Y61         CARRY4 (Prop_carry4_S[0]_O[0])
                                                      0.247     3.167 r  y_reg[7]_i_755/O[0]
                         net (fo=1, routed)           0.299     3.466    y_reg[7]_i_755_n_7
    SLICE_X49Y60         LUT2 (Prop_lut2_I1_O)        0.299     3.765 r  y[7]_i_739/O
                         net (fo=1, routed)           0.000     3.765    y[7]_i_739_n_0
    SLICE_X49Y60         CARRY4 (Prop_carry4_S[0]_O[0])
                                                      0.247     4.012 r  y_reg[7]_i_721/O[0]
                         net (fo=1, routed)           0.712     4.724    y_reg[7]_i_721_n_7
    SLICE_X48Y57         LUT2 (Prop_lut2_I1_O)        0.299     5.023 r  y[7]_i_698/O
                         net (fo=1, routed)           0.000     5.023    y[7]_i_698_n_0
    SLICE_X48Y57         CARRY4 (Prop_carry4_S[0]_O[0])
                                                      0.247     5.270 r  y_reg[7]_i_675/O[0]
                         net (fo=1, routed)           0.473     5.743    y_reg[7]_i_675_n_7
    SLICE_X47Y57         LUT2 (Prop_lut2_I1_O)        0.299     6.042 r  y[7]_i_639/O
                         net (fo=1, routed)           0.000     6.042    y[7]_i_639_n_0
    SLICE_X47Y57         CARRY4 (Prop_carry4_S[1]_O[2])
                                                      0.580     6.622 r  y_reg[7]_i_612/O[2]
                         net (fo=1, routed)           0.454     7.076    y_reg[7]_i_612_n_5
    SLICE_X43Y58         LUT2 (Prop_lut2_I1_O)        0.302     7.378 r  y[7]_i_570/O
                         net (fo=1, routed)           0.000     7.378    y[7]_i_570_n_0
    SLICE_X43Y58         CARRY4 (Prop_carry4_S[3]_CO[3])
                                                      0.401     7.779 r  y_reg[7]_i_539/CO[3]
                         net (fo=1, routed)           0.000     7.779    y_reg[7]_i_539_n_0
    SLICE_X43Y59         CARRY4 (Prop_carry4_CI_O[0])
                                                      0.222     8.001 r  y_reg[7]_i_667/O[0]
                         net (fo=1, routed)           0.310     8.311    y_reg[7]_i_667_n_7
    SLICE_X42Y60         LUT2 (Prop_lut2_I1_O)        0.299     8.610 r  y[7]_i_634/O
                         net (fo=1, routed)           0.000     8.610    y[7]_i_634_n_0
    SLICE_X42Y60         CARRY4 (Prop_carry4_S[0]_O[0])
                                                      0.252     8.862 r  y_reg[7]_i_602/O[0]
                         net (fo=1, routed)           0.439     9.301    y_reg[7]_i_602_n_7
    SLICE_X40Y59         LUT2 (Prop_lut2_I1_O)        0.295     9.596 r  y[7]_i_563/O
                         net (fo=1, routed)           0.000     9.596    y[7]_i_563_n_0
    SLICE_X40Y59         CARRY4 (Prop_carry4_S[3]_CO[3])
                                                      0.401     9.997 r  y_reg[7]_i_528/CO[3]
                         net (fo=1, routed)           0.000     9.997    y_reg[7]_i_528_n_0
    SLICE_X40Y60         CARRY4 (Prop_carry4_CI_O[0])
                                                      0.222    10.219 r  y_reg[7]_i_590/O[0]
                         net (fo=1, routed)           0.603    10.821    y_reg[7]_i_590_n_7
    SLICE_X39Y60         LUT2 (Prop_lut2_I1_O)        0.299    11.120 r  y[7]_i_560/O
                         net (fo=1, routed)           0.000    11.120    y[7]_i_560_n_0
    SLICE_X39Y60         CARRY4 (Prop_carry4_S[0]_O[0])
                                                      0.247    11.367 r  y_reg[7]_i_517/O[0]
                         net (fo=1, routed)           0.568    11.935    y_reg[7]_i_517_n_7
    SLICE_X37Y60         LUT2 (Prop_lut2_I1_O)        0.299    12.234 r  y[7]_i_475/O
                         net (fo=1, routed)           0.000    12.234    y[7]_i_475_n_0
    SLICE_X37Y60         CARRY4 (Prop_carry4_S[1]_O[1])
                                                      0.227    12.461 r  y_reg[7]_i_450/O[1]
                         net (fo=1, routed)           0.610    13.071    y_reg[7]_i_450_n_6
    SLICE_X36Y60         LUT2 (Prop_lut2_I1_O)        0.303    13.374 r  y[7]_i_555/O
                         net (fo=1, routed)           0.000    13.374    y[7]_i_555_n_0
    SLICE_X36Y60         CARRY4 (Prop_carry4_S[0]_O[0])
                                                      0.252    13.626 r  y_reg[7]_i_513/O[0]
                         net (fo=1, routed)           0.559    14.186    y_reg[7]_i_513_n_7
    SLICE_X35Y60         LUT2 (Prop_lut2_I1_O)        0.295    14.481 r  y[7]_i_470/O
                         net (fo=1, routed)           0.000    14.481    y[7]_i_470_n_0
    SLICE_X35Y60         CARRY4 (Prop_carry4_S[1]_O[1])
                                                      0.227    14.708 r  y_reg[7]_i_446/O[1]
                         net (fo=1, routed)           0.459    15.166    y_reg[7]_i_446_n_6
    SLICE_X38Y60         LUT2 (Prop_lut2_I1_O)        0.303    15.469 r  y[7]_i_417/O
                         net (fo=1, routed)           0.000    15.469    y[7]_i_417_n_0
    SLICE_X38Y60         CARRY4 (Prop_carry4_S[1]_O[1])
                                                      0.230    15.699 r  y_reg[7]_i_393/O[1]
                         net (fo=1, routed)           0.713    16.413    y_reg[7]_i_393_n_6
    SLICE_X45Y60         LUT2 (Prop_lut2_I1_O)        0.306    16.719 r  y[7]_i_352/O
                         net (fo=1, routed)           0.000    16.719    y[7]_i_352_n_0
    SLICE_X45Y60         CARRY4 (Prop_carry4_S[3]_CO[3])
                                                      0.401    17.120 r  y_reg[7]_i_325/CO[3]
                         net (fo=1, routed)           0.000    17.120    y_reg[7]_i_325_n_0
    SLICE_X45Y61         CARRY4 (Prop_carry4_CI_O[0])
                                                      0.222    17.342 r  y_reg[7]_i_385/O[0]
                         net (fo=1, routed)           0.574    17.915    y_reg[7]_i_385_n_7
    SLICE_X46Y61         LUT2 (Prop_lut2_I1_O)        0.299    18.214 r  y[7]_i_348/O
                         net (fo=1, routed)           0.000    18.214    y[7]_i_348_n_0
    SLICE_X46Y61         CARRY4 (Prop_carry4_S[1]_O[1])
                                                      0.230    18.444 r  y_reg[7]_i_314/O[1]
                         net (fo=1, routed)           0.413    18.857    y_reg[7]_i_314_n_6
    SLICE_X44Y61         LUT2 (Prop_lut2_I1_O)        0.306    19.163 r  y[7]_i_281/O
                         net (fo=1, routed)           0.000    19.163    y[7]_i_281_n_0
    SLICE_X44Y61         CARRY4 (Prop_carry4_S[3]_CO[3])
                                                      0.401    19.564 r  y_reg[7]_i_264/CO[3]
                         net (fo=1, routed)           0.000    19.564    y_reg[7]_i_264_n_0
    SLICE_X44Y62         CARRY4 (Prop_carry4_CI_O[0])
                                                      0.222    19.786 r  y_reg[7]_i_306/O[0]
                         net (fo=1, routed)           0.638    20.425    y_reg[7]_i_306_n_7
    SLICE_X44Y58         LUT2 (Prop_lut2_I1_O)        0.299    20.724 r  y[7]_i_275/O
                         net (fo=1, routed)           0.000    20.724    y[7]_i_275_n_0
    SLICE_X44Y58         CARRY4 (Prop_carry4_S[3]_CO[3])
                                                      0.401    21.125 r  y_reg[7]_i_253/CO[3]
                         net (fo=1, routed)           0.000    21.125    y_reg[7]_i_253_n_0
    SLICE_X44Y59         CARRY4 (Prop_carry4_CI_O[0])
                                                      0.222    21.347 r  y_reg[15]_i_426/O[0]
                         net (fo=1, routed)           0.483    21.830    y_reg[15]_i_426_n_7
    SLICE_X45Y57         LUT2 (Prop_lut2_I1_O)        0.299    22.129 r  y[15]_i_435/O
                         net (fo=1, routed)           0.000    22.129    y[15]_i_435_n_0
    SLICE_X45Y57         CARRY4 (Prop_carry4_S[2]_O[2])
                                                      0.248    22.377 r  y_reg[15]_i_425/O[2]
                         net (fo=1, routed)           0.428    22.805    y_reg[15]_i_425_n_5
    SLICE_X43Y56         LUT2 (Prop_lut2_I1_O)        0.302    23.107 r  y[15]_i_420/O
                         net (fo=1, routed)           0.000    23.107    y[15]_i_420_n_0
    SLICE_X43Y56         CARRY4 (Prop_carry4_S[0]_O[0])
                                                      0.247    23.354 r  y_reg[15]_i_411/O[0]
                         net (fo=1, routed)           0.455    23.809    y_reg[15]_i_411_n_7
    SLICE_X44Y54         LUT2 (Prop_lut2_I1_O)        0.299    24.108 r  y[7]_i_330/O
                         net (fo=1, routed)           0.000    24.108    y[7]_i_330_n_0
    SLICE_X44Y54         CARRY4 (Prop_carry4_S[3]_O[3])
                                                      0.248    24.356 r  y_reg[7]_i_296/O[3]
                         net (fo=1, routed)           0.301    24.657    y_reg[7]_i_296_n_4
    SLICE_X45Y53         LUT2 (Prop_lut2_I1_O)        0.306    24.963 r  y[7]_i_267/O
                         net (fo=1, routed)           0.000    24.963    y[7]_i_267_n_0
    SLICE_X45Y53         CARRY4 (Prop_carry4_S[3]_CO[3])
                                                      0.401    25.364 r  y_reg[7]_i_241/CO[3]
                         net (fo=1, routed)           0.000    25.364    y_reg[7]_i_241_n_0
    SLICE_X45Y54         CARRY4 (Prop_carry4_CI_O[0])
                                                      0.222    25.586 r  y_reg[15]_i_383/O[0]
                         net (fo=1, routed)           0.458    26.044    y_reg[15]_i_383_n_7
    SLICE_X46Y54         LUT2 (Prop_lut2_I1_O)        0.299    26.343 r  y[15]_i_386/O
                         net (fo=1, routed)           0.000    26.343    y[15]_i_386_n_0
    SLICE_X46Y54         CARRY4 (Prop_carry4_S[0]_O[1])
                                                      0.427    26.770 r  y_reg[15]_i_362/O[1]
                         net (fo=1, routed)           0.407    27.177    y_reg[15]_i_362_n_6
    SLICE_X47Y53         LUT2 (Prop_lut2_I1_O)        0.306    27.483 r  y[15]_i_378/O
                         net (fo=1, routed)           0.000    27.483    y[15]_i_378_n_0
    SLICE_X47Y53         CARRY4 (Prop_carry4_S[3]_CO[3])
                                                      0.401    27.884 r  y_reg[15]_i_361/CO[3]
                         net (fo=1, routed)           0.000    27.884    y_reg[15]_i_361_n_0
    SLICE_X47Y54         CARRY4 (Prop_carry4_CI_O[0])
                                                      0.222    28.106 r  y_reg[15]_i_352/O[0]
                         net (fo=1, routed)           0.580    28.686    y_reg[15]_i_352_n_7
    SLICE_X44Y51         LUT2 (Prop_lut2_I1_O)        0.299    28.985 r  y[15]_i_356/O
                         net (fo=1, routed)           0.000    28.985    y[15]_i_356_n_0
    SLICE_X44Y51         CARRY4 (Prop_carry4_S[3]_CO[3])
                                                      0.401    29.386 r  y_reg[15]_i_350/CO[3]
                         net (fo=1, routed)           0.000    29.386    y_reg[15]_i_350_n_0
    SLICE_X44Y52         CARRY4 (Prop_carry4_CI_O[0])
                                                      0.222    29.608 r  y_reg[15]_i_341/O[0]
                         net (fo=1, routed)           0.446    30.054    y_reg[15]_i_341_n_7
    SLICE_X43Y53         LUT2 (Prop_lut2_I1_O)        0.299    30.353 r  y[15]_i_342/O
                         net (fo=1, routed)           0.000    30.353    y[15]_i_342_n_0
    SLICE_X43Y53         CARRY4 (Prop_carry4_S[0]_O[0])
                                                      0.247    30.600 r  y_reg[15]_i_329/O[0]
                         net (fo=1, routed)           0.310    30.910    y_reg[15]_i_329_n_7
    SLICE_X42Y54         LUT2 (Prop_lut2_I1_O)        0.299    31.209 r  y[15]_i_330/O
                         net (fo=1, routed)           0.000    31.209    y[15]_i_330_n_0
    SLICE_X42Y54         CARRY4 (Prop_carry4_S[0]_O[0])
                                                      0.252    31.461 r  y_reg[15]_i_305/O[0]
                         net (fo=1, routed)           0.430    31.892    y_reg[15]_i_305_n_7
    SLICE_X41Y55         LUT2 (Prop_lut2_I1_O)        0.295    32.187 r  y[15]_i_307/O
                         net (fo=1, routed)           0.000    32.187    y[15]_i_307_n_0
    SLICE_X41Y55         CARRY4 (Prop_carry4_S[0]_O[0])
                                                      0.247    32.434 r  y_reg[15]_i_289/O[0]
                         net (fo=1, routed)           0.578    33.011    y_reg[15]_i_289_n_7
    SLICE_X40Y56         LUT2 (Prop_lut2_I1_O)        0.299    33.310 r  y[15]_i_296/O
                         net (fo=1, routed)           0.000    33.310    y[15]_i_296_n_0
    SLICE_X40Y56         CARRY4 (Prop_carry4_S[3]_CO[3])
                                                      0.401    33.711 r  y_reg[15]_i_287/CO[3]
                         net (fo=1, routed)           0.000    33.711    y_reg[15]_i_287_n_0
    SLICE_X40Y57         CARRY4 (Prop_carry4_CI_O[0])
                                                      0.222    33.933 r  y_reg[15]_i_269/O[0]
                         net (fo=1, routed)           0.583    34.517    y_reg[15]_i_269_n_7
    SLICE_X39Y57         CARRY4 (Prop_carry4_S[1]_O[2])
                                                      0.879    35.396 r  y_reg[15]_i_252/O[2]
                         net (fo=1, routed)           0.495    35.891    y_reg[15]_i_252_n_5
    SLICE_X38Y57         CARRY4 (Prop_carry4_S[2]_O[2])
                                                      0.552    36.443 r  y_reg[15]_i_234/O[2]
                         net (fo=1, routed)           0.554    36.996    y_reg[15]_i_234_n_5
    SLICE_X37Y57         CARRY4 (Prop_carry4_S[0]_O[0])
                                                      0.548    37.544 r  y_reg[15]_i_203/O[0]
                         net (fo=1, routed)           0.619    38.163    y_reg[15]_i_203_n_7
    SLICE_X36Y58         CARRY4 (Prop_carry4_S[1]_O[1])
                                                      0.529    38.692 r  y_reg[15]_i_165/O[1]
                         net (fo=1, routed)           0.652    39.345    y_reg[15]_i_165_n_6
    SLICE_X36Y54         CARRY4 (Prop_carry4_S[2]_O[2])
                                                      0.556    39.901 r  y_reg[15]_i_130/O[2]
                         net (fo=1, routed)           0.607    40.508    y_reg[15]_i_130_n_5
    SLICE_X35Y56         CARRY4 (Prop_carry4_S[1]_O[2])
                                                      0.881    41.389 r  y_reg[15]_i_96/O[2]
                         net (fo=1, routed)           0.495    41.883    y_reg[15]_i_96_n_5
    SLICE_X34Y56         CARRY4 (Prop_carry4_S[2]_O[2])
                                                      0.552    42.435 r  y_reg[15]_i_72/O[2]
                         net (fo=1, routed)           0.453    42.888    y_reg[15]_i_72_n_5
    SLICE_X32Y57         CARRY4 (Prop_carry4_S[1]_O[1])
                                                      0.531    43.419 r  y_reg[15]_i_48/O[1]
                         net (fo=1, routed)           0.643    44.062    y_reg[15]_i_48_n_6
    SLICE_X32Y53         CARRY4 (Prop_carry4_S[2]_O[2])
                                                      0.556    44.618 r  y_reg[15]_i_22/O[2]
                         net (fo=1, routed)           0.439    45.057    acc__0[15]
    SLICE_X33Y52         CARRY4 (Prop_carry4_S[3]_O[3])
                                                      0.549    45.606 r  y_reg[15]_i_10/O[3]
                         net (fo=1, routed)           0.740    46.346    y_reg[15]_i_10_n_4
    SLICE_X33Y56         CARRY4 (Prop_carry4_S[2]_O[2])
                                                      0.554    46.900 r  y_reg[15]_i_5/O[2]
                         net (fo=1, routed)           0.703    47.604    y_reg[15]_i_5_n_5
    SLICE_X34Y60         CARRY4 (Prop_carry4_S[3]_O[3])
                                                      0.557    48.161 r  y_reg[15]_i_3/O[3]
                         net (fo=1, routed)           0.321    48.482    p_0_in[15]
    SLICE_X33Y61         CARRY4 (Prop_carry4_S[3]_O[3])
                                                      0.555    49.037 r  y_reg[15]_i_2/O[3]
                         net (fo=1, routed)           0.000    49.037    acc[15]
    SLICE_X33Y61         FDRE                                         r  y_reg[15]/D
  -------------------------------------------------------------------    -------------------

                         (clock vclk rise edge)      42.714    42.714 r  <hidden>
                                                      0.000    42.714 r  clk
                         net (fo=351, unset)          0.924    43.638    clk
    SLICE_X33Y61         FDRE                                         r  y_reg[15]/C
                         clock pessimism              0.000    43.638    <hidden>
                         clock uncertainty           -0.035    43.603    <hidden>
    SLICE_X33Y61         FDRE (Setup_fdre_C_D)        0.062    43.665    y_reg[15]
  -------------------------------------------------------------------
                         required time                         43.665    <hidden>
                         arrival time                         -49.037    <hidden>
  -------------------------------------------------------------------
                         slack                                 -5.372    <hidden>

Slack (VIOLATED) :        -4.732ns  (required time - arrival time)
  Source:                 d41_reg[2]/C
                            (rising edge-triggered cell FDRE clocked by vclk  {rise@0.000ns fall@21.357ns period=42.714ns})
  Destination:            y_reg[14]/D
                            (rising edge-triggered cell FDRE clocked by vclk  {rise@0.000ns fall@21.357ns period=42.714ns})
  Path Group:             vclk
  Path Type:              Setup (Max at Slow Process Corner)
  Requirement:            42.714ns  (vclk rise@42.714ns - vclk rise@0.000ns)
  Data Path Delay:        47.424ns  (logic 26.894ns (56.710%)  route 20.530ns (43.290%))
  Logic Levels:           77  (CARRY4=50 LUT2=27)
  Clock Path Skew:        -0.049ns (DCD - SCD + CPR)
    Destination Clock Delay (DCD):    0.924ns = ( 43.638 - 42.714 ) 
    Source Clock Delay      (SCD):    0.973ns
    Clock Pessimism Removal (CPR):    0.000ns
  Clock Uncertainty:      0.035ns  ((TSJ^2 + TIJ^2)^1/2 + DJ) / 2 + PE
    Total System Jitter     (TSJ):    0.071ns
    Total Input Jitter      (TIJ):    0.000ns
    Discrete Jitter          (DJ):    0.000ns
    Phase Error              (PE):    0.000ns

    Location             Delay type                Incr(ns)  Path(ns)    Netlist Resource(s)
  -------------------------------------------------------------------    -------------------
                         (clock vclk rise edge)       0.000     0.000 r  <hidden>
                                                      0.000     0.000 r  clk
                         net (fo=351, unset)          0.973     0.973    clk
    SLICE_X46Y61         FDRE                                         r  d41_reg[2]/C
  -------------------------------------------------------------------    -------------------
    SLICE_X46Y61         FDRE (Prop_fdre_C_Q)         0.518     1.491 r  d41_reg[2]/Q
                         net (fo=2, routed)           0.273     1.764    d41[2]
    SLICE_X47Y61         CARRY4 (Prop_carry4_S[0]_O[0])
                                                      0.371     2.135 r  y_reg[7]_i_771/O[0]
                         net (fo=2, routed)           0.486     2.621    acc0[2]
    SLICE_X48Y61         LUT2 (Prop_lut2_I0_O)        0.299     2.920 r  y[7]_i_775/O
                         net (fo=1, routed)           0.000     2.920    y[7]_i_775_n_0
    SLICE_X48Y61         CARRY4 (Prop_carry4_S[0]_O[0])
                                                      0.247     3.167 r  y_reg[7]_i_755/O[0]
                         net (fo=1, routed)           0.299     3.466    y_reg[7]_i_755_n_7
    SLICE_X49Y60         LUT2 (Prop_lut2_I1_O)        0.299     3.765 r  y[7]_i_739/O
                         net (fo=1, routed)           0.000     3.765    y[7]_i_739_n_0
    SLICE_X49Y60         CARRY4 (Prop_carry4_S[0]_O[0])
                                                      0.247     4.012 r  y_reg[7]_i_721/O[0]
                         net (fo=1, routed)           0.712     4.724    y_reg[7]_i_721_n_7
    SLICE_X48Y57         LUT2 (Prop_lut2_I1_O)        0.299     5.023 r  y[7]_i_698/O
                         net (fo=1, routed)           0.000     5.023    y[7]_i_698_n_0
    SLICE_X48Y57         CARRY4 (Prop_carry4_S[0]_O[0])
                                                      0.247     5.270 r  y_reg[7]_i_675/O[0]
                         net (fo=1, routed)           0.473     5.743    y_reg[7]_i_675_n_7
    SLICE_X47Y57         LUT2 (Prop_lut2_I1_O)        0.299     6.042 r  y[7]_i_639/O
                         net (fo=1, routed)           0.000     6.042    y[7]_i_639_n_0
    SLICE_X47Y57         CARRY4 (Prop_carry4_S[1]_O[2])
                                                      0.580     6.622 r  y_reg[7]_i_612/O[2]
                         net (fo=1, routed)           0.454     7.076    y_reg[7]_i_612_n_5
    SLICE_X43Y58         LUT2 (Prop_lut2_I1_O)        0.302     7.378 r  y[7]_i_570/O
                         net (fo=1, routed)           0.000     7.378    y[7]_i_570_n_0
    SLICE_X43Y58         CARRY4 (Prop_carry4_S[3]_CO[3])
                                                      0.401     7.779 r  y_reg[7]_i_539/CO[3]
                         net (fo=1, routed)           0.000     7.779    y_reg[7]_i_539_n_0
    SLICE_X43Y59         CARRY4 (Prop_carry4_CI_O[0])
                                                      0.222     8.001 r  y_reg[7]_i_667/O[0]
                         net (fo=1, routed)           0.310     8.311    y_reg[7]_i_667_n_7
    SLICE_X42Y60         LUT2 (Prop_lut2_I1_O)        0.299     8.610 r  y[7]_i_634/O
                         net (fo=1, routed)           0.000     8.610    y[7]_i_634_n_0
    SLICE_X42Y60         CARRY4 (Prop_carry4_S[0]_O[0])
                                                      0.252     8.862 r  y_reg[7]_i_602/O[0]
                         net (fo=1, routed)           0.439     9.301    y_reg[7]_i_602_n_7
    SLICE_X40Y59         LUT2 (Prop_lut2_I1_O)        0.295     9.596 r  y[7]_i_563/O
                         net (fo=1, routed)           0.000     9.596    y[7]_i_563_n_0
    SLICE_X40Y59         CARRY4 (Prop_carry4_S[3]_CO[3])
                                                      0.401     9.997 r  y_reg[7]_i_528/CO[3]
                         net (fo=1, routed)           0.000     9.997    y_reg[7]_i_528_n_0
    SLICE_X40Y60         CARRY4 (Prop_carry4_CI_O[0])
                                                      0.222    10.219 r  y_reg[7]_i_590/O[0]
                         net (fo=1, routed)           0.603    10.821    y_reg[7]_i_590_n_7
    SLICE_X39Y60         LUT2 (Prop_lut2_I1_O)        0.299    11.120 r  y[7]_i_560/O
                         net (fo=1, routed)           0.000    11.120    y[7]_i_560_n_0
    SLICE_X39Y60         CARRY4 (Prop_carry4_S[0]_O[0])
                                                      0.247    11.367 r  y_reg[7]_i_517/O[0]
                         net (fo=1, routed)           0.568    11.935    y_reg[7]_i_517_n_7
    SLICE_X37Y60         LUT2 (Prop_lut2_I1_O)        0.299    12.234 r  y[7]_i_475/O
                         net (fo=1, routed)           0.000    12.234    y[7]_i_475_n_0
    SLICE_X37Y60         CARRY4 (Prop_carry4_S[1]_O[1])
                                                      0.227    12.461 r  y_reg[7]_i_450/O[1]
                         net (fo=1, routed)           0.610    13.071    y_reg[7]_i_450_n_6
    SLICE_X36Y60         LUT2 (Prop_lut2_I1_O)        0.303    13.374 r  y[7]_i_555/O
                         net (fo=1, routed)           0.000    13.374    y[7]_i_555_n_0
    SLICE_X36Y60         CARRY4 (Prop_carry4_S[0]_O[0])
                                                      0.252    13.626 r  y_reg[7]_i_513/O[0]
                         net (fo=1, routed)           0.559    14.186    y_reg[7]_i_513_n_7
    SLICE_X35Y60         LUT2 (Prop_lut2_I1_O)        0.295    14.481 r  y[7]_i_470/O
                         net (fo=1, routed)           0.000    14.481    y[7]_i_470_n_0
    SLICE_X35Y60         CARRY4 (Prop_carry4_S[1]_O[1])
                                                      0.227    14.708 r  y_reg[7]_i_446/O[1]
                         net (fo=1, routed)           0.459    15.166    y_reg[7]_i_446_n_6
    SLICE_X38Y60         LUT2 (Prop_lut2_I1_O)        0.303    15.469 r  y[7]_i_417/O
                         net (fo=1, routed)           0.000    15.469    y[7]_i_417_n_0
    SLICE_X38Y60         CARRY4 (Prop_carry4_S[1]_O[1])
                                                      0.230    15.699 r  y_reg[7]_i_393/O[1]
                         net (fo=1, routed)           0.713    16.413    y_reg[7]_i_393_n_6
    SLICE_X45Y60         LUT2 (Prop_lut2_I1_O)        0.306    16.719 r  y[7]_i_352/O
                         net (fo=1, routed)           0.000    16.719    y[7]_i_352_n_0
    SLICE_X45Y60         CARRY4 (Prop_carry4_S[3]_CO[3])
                                                      0.401    17.120 r  y_reg[7]_i_325/CO[3]
                         net (fo=1, routed)           0.000    17.120    y_reg[7]_i_325_n_0
    SLICE_X45Y61         CARRY4 (Prop_carry4_CI_O[0])
                                                      0.222    17.342 r  y_reg[7]_i_385/O[0]
                         net (fo=1, routed)           0.574    17.915    y_reg[7]_i_385_n_7
    SLICE_X46Y61         LUT2 (Prop_lut2_I1_O)        0.299    18.214 r  y[7]_i_348/O
                         net (fo=1, routed)           0.000    18.214    y[7]_i_348_n_0
    SLICE_X46Y61         CARRY4 (Prop_carry4_S[1]_O[1])
                                                      0.230    18.444 r  y_reg[7]_i_314/O[1]
                         net (fo=1, routed)           0.413    18.857    y_reg[7]_i_314_n_6
    SLICE_X44Y61         LUT2 (Prop_lut2_I1_O)        0.306    19.163 r  y[7]_i_281/O
                         net (fo=1, routed)           0.000    19.163    y[7]_i_281_n_0
    SLICE_X44Y61         CARRY4 (Prop_carry4_S[3]_CO[3])
                                                      0.401    19.564 r  y_reg[7]_i_264/CO[3]
                         net (fo=1, routed)           0.000    19.564    y_reg[7]_i_264_n_0
    SLICE_X44Y62         CARRY4 (Prop_carry4_CI_O[0])
                                                      0.222    19.786 r  y_reg[7]_i_306/O[0]
                         net (fo=1, routed)           0.638    20.425    y_reg[7]_i_306_n_7
    SLICE_X44Y58         LUT2 (Prop_lut2_I1_O)        0.299    20.724 r  y[7]_i_275/O
                         net (fo=1, routed)           0.000    20.724    y[7]_i_275_n_0
    SLICE_X44Y58         CARRY4 (Prop_carry4_S[3]_CO[3])
                                                      0.401    21.125 r  y_reg[7]_i_253/CO[3]
                         net (fo=1, routed)           0.000    21.125    y_reg[7]_i_253_n_0
    SLICE_X44Y59         CARRY4 (Prop_carry4_CI_O[0])
                                                      0.222    21.347 r  y_reg[15]_i_426/O[0]
                         net (fo=1, routed)           0.483    21.830    y_reg[15]_i_426_n_7
    SLICE_X45Y57         LUT2 (Prop_lut2_I1_O)        0.299    22.129 r  y[15]_i_435/O
                         net (fo=1, routed)           0.000    22.129    y[15]_i_435_n_0
    SLICE_X45Y57         CARRY4 (Prop_carry4_S[2]_O[2])
                                                      0.248    22.377 r  y_reg[15]_i_425/O[2]
                         net (fo=1, routed)           0.428    22.805    y_reg[15]_i_425_n_5
    SLICE_X43Y56         LUT2 (Prop_lut2_I1_O)        0.302    23.107 r  y[15]_i_420/O
                         net (fo=1, routed)           0.000    23.107    y[15]_i_420_n_0
    SLICE_X43Y56         CARRY4 (Prop_carry4_S[0]_O[0])
                                                      0.247    23.354 r  y_reg[15]_i_411/O[0]
                         net (fo=1, routed)           0.455    23.809    y_reg[15]_i_411_n_7
    SLICE_X44Y54         LUT2 (Prop_lut2_I1_O)        0.299    24.108 r  y[7]_i_330/O
                         net (fo=1, routed)           0.000    24.108    y[7]_i_330_n_0
    SLICE_X44Y54         CARRY4 (Prop_carry4_S[3]_O[3])
                                                      0.248    24.356 r  y_reg[7]_i_296/O[3]
                         net (fo=1, routed)           0.301    24.657    y_reg[7]_i_296_n_4
    SLICE_X45Y53         LUT2 (Prop_lut2_I1_O)        0.306    24.963 r  y[7]_i_267/O
                         net (fo=1, routed)           0.000    24.963    y[7]_i_267_n_0
    SLICE_X45Y53         CARRY4 (Prop_carry4_S[3]_CO[3])
                                                      0.401    25.364 r  y_reg[7]_i_241/CO[3]
                         net (fo=1, routed)           0.000    25.364    y_reg[7]_i_241_n_0
    SLICE_X45Y54         CARRY4 (Prop_carry4_CI_O[0])
                                                      0.222    25.586 r  y_reg[15]_i_383/O[0]
                         net (fo=1, routed)           0.458    26.044    y_reg[15]_i_383_n_7
    SLICE_X46Y54         LUT2 (Prop_lut2_I1_O)        0.299    26.343 r  y[15]_i_386/O
                         net (fo=1, routed)           0.000    26.343    y[15]_i_386_n_0
    SLICE_X46Y54         CARRY4 (Prop_carry4_S[0]_O[1])
                                                      0.427    26.770 r  y_reg[15]_i_362/O[1]
                         net (fo=1, routed)           0.407    27.177    y_reg[15]_i_362_n_6
    SLICE_X47Y53         LUT2 (Prop_lut2_I1_O)        0.306    27.483 r  y[15]_i_378/O
                         net (fo=1, routed)           0.000    27.483    y[15]_i_378_n_0
    SLICE_X47Y53         CARRY4 (Prop_carry4_S[3]_CO[3])
                                                      0.401    27.884 r  y_reg[15]_i_361/CO[3]
                         net (fo=1, routed)           0.000    27.884    y_reg[15]_i_361_n_0
    SLICE_X47Y54         CARRY4 (Prop_carry4_CI_O[0])
                                                      0.222    28.106 r  y_reg[15]_i_352/O[0]
                         net (fo=1, routed)           0.580    28.686    y_reg[15]_i_352_n_7
    SLICE_X44Y51         LUT2 (Prop_lut2_I1_O)        0.299    28.985 r  y[15]_i_356/O
                         net (fo=1, routed)           0.000    28.985    y[15]_i_356_n_0
    SLICE_X44Y51         CARRY4 (Prop_carry4_S[3]_CO[3])
                                                      0.401    29.386 r  y_reg[15]_i_350/CO[3]
                         net (fo=1, routed)           0.000    29.386    y_reg[15]_i_350_n_0
    SLICE_X44Y52         CARRY4 (Prop_carry4_CI_O[0])
                                                      0.222    29.608 r  y_reg[15]_i_341/O[0]
                         net (fo=1, routed)           0.446    30.054    y_reg[15]_i_341_n_7
    SLICE_X43Y53         LUT2 (Prop_lut2_I1_O)        0.299    30.353 r  y[15]_i_342/O
                         net (fo=1, routed)           0.000    30.353    y[15]_i_342_n_0
    SLICE_X43Y53         CARRY4 (Prop_carry4_S[0]_O[0])
                                                      0.247    30.600 r  y_reg[15]_i_329/O[0]
                         net (fo=1, routed)           0.310    30.910    y_reg[15]_i_329_n_7
    SLICE_X42Y54         LUT2 (Prop_lut2_I1_O)        0.299    31.209 r  y[15]_i_330/O
                         net (fo=1, routed)           0.000    31.209    y[15]_i_330_n_0
    SLICE_X42Y54         CARRY4 (Prop_carry4_S[0]_O[0])
                                                      0.252    31.461 r  y_reg[15]_i_305/O[0]
                         net (fo=1, routed)           0.430    31.892    y_reg[15]_i_305_n_7
    SLICE_X41Y55         LUT2 (Prop_lut2_I1_O)        0.295    32.187 r  y[15]_i_307/O
                         net (fo=1, routed)           0.000    32.187    y[15]_i_307_n_0
    SLICE_X41Y55         CARRY4 (Prop_carry4_S[0]_O[0])
                                                      0.247    32.434 r  y_reg[15]_i_289/O[0]
                         net (fo=1, routed)           0.578    33.011    y_reg[15]_i_289_n_7
    SLICE_X40Y56         LUT2 (Prop_lut2_I1_O)        0.299    33.310 r  y[15]_i_296/O
                         net (fo=1, routed)           0.000    33.310    y[15]_i_296_n_0
    SLICE_X40Y56         CARRY4 (Prop_carry4_S[3]_CO[3])
                                                      0.401    33.711 r  y_reg[15]_i_287/CO[3]
                         net (fo=1, routed)           0.000    33.711    y_reg[15]_i_287_n_0
    SLICE_X40Y57         CARRY4 (Prop_carry4_CI_O[0])
                                                      0.222    33.933 r  y_reg[15]_i_269/O[0]
                         net (fo=1, routed)           0.583    34.517    y_reg[15]_i_269_n_7
    SLICE_X39Y57         CARRY4 (Prop_carry4_S[1]_O[2])
                                                      0.879    35.396 r  y_reg[15]_i_252/O[2]
                         net (fo=1, routed)           0.495    35.891    y_reg[15]_i_252_n_5
    SLICE_X38Y57         CARRY4 (Prop_carry4_S[2]_O[2])
                                                      0.552    36.443 r  y_reg[15]_i_234/O[2]
                         net (fo=1, routed)           0.554    36.996    y_reg[15]_i_234_n_5
    SLICE_X37Y57         CARRY4 (Prop_carry4_S[0]_O[0])
                                                      0.548    37.544 r  y_reg[15]_i_203/O[0]
                         net (fo=1, routed)           0.619    38.163    y_reg[15]_i_203_n_7
    SLICE_X36Y58         CARRY4 (Prop_carry4_S[1]_O[1])
                                                      0.529    38.692 r  y_reg[15]_i_165/O[1]
                         net (fo=1, routed)           0.652    39.345    y_reg[15]_i_165_n_6
    SLICE_X36Y54         CARRY4 (Prop_carry4_S[2]_O[2])
                                                      0.556    39.901 r  y_reg[15]_i_130/O[2]
                         net (fo=1, routed)           0.607    40.508    y_reg[15]_i_130_n_5
    SLICE_X35Y56         CARRY4 (Prop_carry4_S[1]_O[1])
                                                      0.528    41.036 r  y_reg[15]_i_96/O[1]
                         net (fo=1, routed)           0.355    41.390    y_reg[15]_i_96_n_6
    SLICE_X34Y56         CARRY4 (Prop_carry4_S[1]_O[1])
                                                      0.533    41.923 r  y_reg[15]_i_72/O[1]
                         net (fo=1, routed)           0.429    42.352    y_reg[15]_i_72_n_6
    SLICE_X32Y57         CARRY4 (Prop_carry4_S[0]_O[0])
                                                      0.558    42.910 r  y_reg[15]_i_48/O[0]
                         net (fo=1, routed)           0.589    43.499    y_reg[15]_i_48_n_7
    SLICE_X32Y53         CARRY4 (Prop_carry4_S[1]_O[1])
                                                      0.525    44.024 r  y_reg[15]_i_22/O[1]
                         net (fo=1, routed)           0.436    44.460    acc__0[14]
    SLICE_X33Y52         CARRY4 (Prop_carry4_S[2]_O[2])
                                                      0.554    45.014 r  y_reg[15]_i_10/O[2]
                         net (fo=1, routed)           0.695    45.708    y_reg[15]_i_10_n_5
    SLICE_X33Y56         CARRY4 (Prop_carry4_S[1]_O[1])
                                                      0.529    46.237 r  y_reg[15]_i_5/O[1]
                         net (fo=1, routed)           0.613    46.851    y_reg[15]_i_5_n_6
    SLICE_X34Y60         CARRY4 (Prop_carry4_S[2]_O[2])
                                                      0.553    47.404 r  y_reg[15]_i_3/O[2]
                         net (fo=1, routed)           0.444    47.848    p_0_in[14]
    SLICE_X33Y61         CARRY4 (Prop_carry4_S[2]_O[2])
                                                      0.549    48.397 r  y_reg[15]_i_2/O[2]
                         net (fo=1, routed)           0.000    48.397    acc[14]
    SLICE_X33Y61         FDRE                                         r  y_reg[14]/D
  -------------------------------------------------------------------    -------------------

                         (clock vclk rise edge)      42.714    42.714 r  <hidden>
                                                      0.000    42.714 r  clk
                         net (fo=351, unset)          0.924    43.638    clk
    SLICE_X33Y61         FDRE                                         r  y_reg[14]/C
                         clock pessimism              0.000    43.638    <hidden>
                         clock uncertainty           -0.035    43.603    <hidden>
    SLICE_X33Y61         FDRE (Setup_fdre_C_D)        0.062    43.665    y_reg[14]
  -------------------------------------------------------------------
                         required time                         43.665    <hidden>
                         arrival time                         -48.397    <hidden>
  -------------------------------------------------------------------
                         slack                                 -4.732    <hidden>

Slack (VIOLATED) :        -4.220ns  (required time - arrival time)
  Source:                 d41_reg[2]/C
                            (rising edge-triggered cell FDRE clocked by vclk  {rise@0.000ns fall@21.357ns period=42.714ns})
  Destination:            y_reg[13]/D
                            (rising edge-triggered cell FDRE clocked by vclk  {rise@0.000ns fall@21.357ns period=42.714ns})
  Path Group:             vclk
  Path Type:              Setup (Max at Slow Process Corner)
  Requirement:            42.714ns  (vclk rise@42.714ns - vclk rise@0.000ns)
  Data Path Delay:        46.912ns  (logic 26.644ns (56.795%)  route 20.268ns (43.205%))
  Logic Levels:           87  (CARRY4=50 LUT2=37)
  Clock Path Skew:        -0.049ns (DCD - SCD + CPR)
    Destination Clock Delay (DCD):    0.924ns = ( 43.638 - 42.714 ) 
    Source Clock Delay      (SCD):    0.973ns
    Clock Pessimism Removal (CPR):    0.000ns
  Clock Uncertainty:      0.035ns  ((TSJ^2 + TIJ^2)^1/2 + DJ) / 2 + PE
    Total System Jitter     (TSJ):    0.071ns
    Total Input Jitter      (TIJ):    0.000ns
    Discrete Jitter          (DJ):    0.000ns
    Phase Error              (PE):    0.000ns

    Location             Delay type                Incr(ns)  Path(ns)    Netlist Resource(s)
  -------------------------------------------------------------------    -------------------
                         (clock vclk rise edge)       0.000     0.000 r  <hidden>
                                                      0.000     0.000 r  clk
                         net (fo=351, unset)          0.973     0.973    clk
    SLICE_X46Y61         FDRE                                         r  d41_reg[2]/C
  -------------------------------------------------------------------    -------------------
    SLICE_X46Y61         FDRE (Prop_fdre_C_Q)         0.518     1.491 r  d41_reg[2]/Q
                         net (fo=2, routed)           0.273     1.764    d41[2]
    SLICE_X47Y61         CARRY4 (Prop_carry4_S[0]_O[0])
                                                      0.371     2.135 r  y_reg[7]_i_771/O[0]
                         net (fo=2, routed)           0.486     2.621    acc0[2]
    SLICE_X48Y61         LUT2 (Prop_lut2_I0_O)        0.299     2.920 r  y[7]_i_775/O
                         net (fo=1, routed)           0.000     2.920    y[7]_i_775_n_0
    SLICE_X48Y61         CARRY4 (Prop_carry4_S[0]_O[0])
                                                      0.247     3.167 r  y_reg[7]_i_755/O[0]
                         net (fo=1, routed)           0.299     3.466    y_reg[7]_i_755_n_7
    SLICE_X49Y60         LUT2 (Prop_lut2_I1_O)        0.299     3.765 r  y[7]_i_739/O
                         net (fo=1, routed)           0.000     3.765    y[7]_i_739_n_0
    SLICE_X49Y60         CARRY4 (Prop_carry4_S[0]_O[0])
                                                      0.247     4.012 r  y_reg[7]_i_721/O[0]
                         net (fo=1, routed)           0.712     4.724    y_reg[7]_i_721_n_7
    SLICE_X48Y57         LUT2 (Prop_lut2_I1_O)        0.299     5.023 r  y[7]_i_698/O
                         net (fo=1, routed)           0.000     5.023    y[7]_i_698_n_0
    SLICE_X48Y57         CARRY4 (Prop_carry4_S[0]_O[0])
                                                      0.247     5.270 r  y_reg[7]_i_675/O[0]
                         net (fo=1, routed)           0.473     5.743    y_reg[7]_i_675_n_7
    SLICE_X47Y57         LUT2 (Prop_lut2_I1_O)        0.299     6.042 r  y[7]_i_639/O
                         net (fo=1, routed)           0.000     6.042    y[7]_i_639_n_0
    SLICE_X47Y57         CARRY4 (Prop_carry4_S[1]_O[2])
                                                      0.580     6.622 r  y_reg[7]_i_612/O[2]
                         net (fo=1, routed)           0.454     7.076    y_reg[7]_i_612_n_5
    SLICE_X43Y58         LUT2 (Prop_lut2_I1_O)        0.302     7.378 r  y[7]_i_570/O
                         net (fo=1, routed)           0.000     7.378    y[7]_i_570_n_0
    SLICE_X43Y58         CARRY4 (Prop_carry4_S[3]_CO[3])
                                                      0.401     7.779 r  y_reg[7]_i_539/CO[3]
                         net (fo=1, routed)           0.000     7.779    y_reg[7]_i_539_n_0
    SLICE_X43Y59         CARRY4 (Prop_carry4_CI_O[0])
                                                      0.222     8.001 r  y_reg[7]_i_667/O[0]
                         net (fo=1, routed)           0.310     8.311    y_reg[7]_i_667_n_7
    SLICE_X42Y60         LUT2 (Prop_lut2_I1_O)        0.299     8.610 r  y[7]_i_634/O
                         net (fo=1, routed)           0.000     8.610    y[7]_i_634_n_0
    SLICE_X42Y60         CARRY4 (Prop_carry4_S[0]_O[0])
                                                      0.252     8.862 r  y_reg[7]_i_602/O[0]
                         net (fo=1, routed)           0.439     9.301    y_reg[7]_i_602_n_7
    SLICE_X40Y59         LUT2 (Prop_lut2_I1_O)        0.295     9.596 r  y[7]_i_563/O
                         net (fo=1, routed)           0.000     9.596    y[7]_i_563_n_0
    SLICE_X40Y59         CARRY4 (Prop_carry4_S[3]_CO[3])
                                                      0.401     9.997 r  y_reg[7]_i_528/CO[3]
                         net (fo=1, routed)           0.000     9.997    y_reg[7]_i_528_n_0
    SLICE_X40Y60         CARRY4 (Prop_carry4_CI_O[0])
                                                      0.222    10.219 r  y_reg[7]_i_590/O[0]
                         net (fo=1, routed)           0.603    10.821    y_reg[7]_i_590_n_7
    SLICE_X39Y60         LUT2 (Prop_lut2_I1_O)        0.299    11.120 r  y[7]_i_560/O
                         net (fo=1, routed)           0.000    11.120    y[7]_i_560_n_0
    SLICE_X39Y60         CARRY4 (Prop_carry4_S[0]_O[0])
                                                      0.247    11.367 r  y_reg[7]_i_517/O[0]
                         net (fo=1, routed)           0.568    11.935    y_reg[7]_i_517_n_7
    SLICE_X37Y60         LUT2 (Prop_lut2_I1_O)        0.299    12.234 r  y[7]_i_475/O
                         net (fo=1, routed)           0.000    12.234    y[7]_i_475_n_0
    SLICE_X37Y60         CARRY4 (Prop_carry4_S[1]_O[1])
                                                      0.227    12.461 r  y_reg[7]_i_450/O[1]
                         net (fo=1, routed)           0.610    13.071    y_reg[7]_i_450_n_6
    SLICE_X36Y60         LUT2 (Prop_lut2_I1_O)        0.303    13.374 r  y[7]_i_555/O
                         net (fo=1, routed)           0.000    13.374    y[7]_i_555_n_0
    SLICE_X36Y60         CARRY4 (Prop_carry4_S[0]_O[0])
                                                      0.252    13.626 r  y_reg[7]_i_513/O[0]
                         net (fo=1, routed)           0.559    14.186    y_reg[7]_i_513_n_7
    SLICE_X35Y60         LUT2 (Prop_lut2_I1_O)        0.295    14.481 r  y[7]_i_470/O
                         net (fo=1, routed)           0.000    14.481    y[7]_i_470_n_0
    SLICE_X35Y60         CARRY4 (Prop_carry4_S[1]_O[1])
                                                      0.227    14.708 r  y_reg[7]_i_446/O[1]
                         net (fo=1, routed)           0.459    15.166    y_reg[7]_i_446_n_6
    SLICE_X38Y60         LUT2 (Prop_lut2_I1_O)        0.303    15.469 r  y[7]_i_417/O
                         net (fo=1, routed)           0.000    15.469    y[7]_i_417_n_0
    SLICE_X38Y60         CARRY4 (Prop_carry4_S[1]_O[1])
                                                      0.230    15.699 r  y_reg[7]_i_393/O[1]
                         net (fo=1, routed)           0.713    16.413    y_reg[7]_i_393_n_6
    SLICE_X45Y60         LUT2 (Prop_lut2_I1_O)        0.306    16.719 r  y[7]_i_352/O
                         net (fo=1, routed)           0.000    16.719    y[7]_i_352_n_0
    SLICE_X45Y60         CARRY4 (Prop_carry4_S[3]_CO[3])
                                                      0.401    17.120 r  y_reg[7]_i_325/CO[3]
                         net (fo=1, routed)           0.000    17.120    y_reg[7]_i_325_n_0
    SLICE_X45Y61         CARRY4 (Prop_carry4_CI_O[0])
                                                      0.222    17.342 r  y_reg[7]_i_385/O[0]
                         net (fo=1, routed)           0.574    17.915    y_reg[7]_i_385_n_7
    SLICE_X46Y61         LUT2 (Prop_lut2_I1_O)        0.299    18.214 r  y[7]_i_348/O
                         net (fo=1, routed)           0.000    18.214    y[7]_i_348_n_0
    SLICE_X46Y61         CARRY4 (Prop_carry4_S[1]_O[1])
                                                      0.230    18.444 r  y_reg[7]_i_314/O[1]
                         net (fo=1, routed)           0.413    18.857    y_reg[7]_i_314_n_6
    SLICE_X44Y61         LUT2 (Prop_lut2_I1_O)        0.306    19.163 r  y[7]_i_281/O
                         net (fo=1, routed)           0.000    19.163    y[7]_i_281_n_0
    SLICE_X44Y61         CARRY4 (Prop_carry4_S[3]_CO[3])
                                                      0.401    19.564 r  y_reg[7]_i_264/CO[3]
                         net (fo=1, routed)           0.000    19.564    y_reg[7]_i_264_n_0
    SLICE_X44Y62         CARRY4 (Prop_carry4_CI_O[0])
                                                      0.222    19.786 r  y_reg[7]_i_306/O[0]
                         net (fo=1, routed)           0.638    20.425    y_reg[7]_i_306_n_7
    SLICE_X44Y58         LUT2 (Prop_lut2_I1_O)        0.299    20.724 r  y[7]_i_275/O
                         net (fo=1, routed)           0.000    20.724    y[7]_i_275_n_0
    SLICE_X44Y58         CARRY4 (Prop_carry4_S[3]_CO[3])
                                                      0.401    21.125 r  y_reg[7]_i_253/CO[3]
                         net (fo=1, routed)           0.000    21.125    y_reg[7]_i_253_n_0
    SLICE_X44Y59         CARRY4 (Prop_carry4_CI_O[0])
                                                      0.222    21.347 r  y_reg[15]_i_426/O[0]
                         net (fo=1, routed)           0.483    21.830    y_reg[15]_i_426_n_7
    SLICE_X45Y57         LUT2 (Prop_lut2_I1_O)        0.299    22.129 r  y[15]_i_435/O
                         net (fo=1, routed)           0.000    22.129    y[15]_i_435_n_0
    SLICE_X45Y57         CARRY4 (Prop_carry4_S[2]_O[2])
                                                      0.248    22.377 r  y_reg[15]_i_425/O[2]
                         net (fo=1, routed)           0.428    22.805    y_reg[15]_i_425_n_5
    SLICE_X43Y56         LUT2 (Prop_lut2_I1_O)        0.302    23.107 r  y[15]_i_420/O
                         net (fo=1, routed)           0.000    23.107    y[15]_i_420_n_0
    SLICE_X43Y56         CARRY4 (Prop_carry4_S[0]_O[0])
                                                      0.247    23.354 r  y_reg[15]_i_411/O[0]
                         net (fo=1, routed)           0.455    23.809    y_reg[15]_i_411_n_7
    SLICE_X44Y54         LUT2 (Prop_lut2_I1_O)        0.299    24.108 r  y[7]_i_330/O
                         net (fo=1, routed)           0.000    24.108    y[7]_i_330_n_0
    SLICE_X44Y54         CARRY4 (Prop_carry4_S[3]_O[3])
                                                      0.248    24.356 r  y_reg[7]_i_296/O[3]
                         net (fo=1, routed)           0.301    24.657    y_reg[7]_i_296_n_4
    SLICE_X45Y53         LUT2 (Prop_lut2_I1_O)        0.306    24.963 r  y[7]_i_267/O
                         net (fo=1, routed)           0.000    24.963    y[7]_i_267_n_0
    SLICE_X45Y53         CARRY4 (Prop_carry4_S[3]_CO[3])
                                                      0.401    25.364 r  y_reg[7]_i_241/CO[3]
                         net (fo=1, routed)           0.000    25.364    y_reg[7]_i_241_n_0
    SLICE_X45Y54         CARRY4 (Prop_carry4_CI_O[0])
                                                      0.222    25.586 r  y_reg[15]_i_383/O[0]
                         net (fo=1, routed)           0.458    26.044    y_reg[15]_i_383_n_7
    SLICE_X46Y54         LUT2 (Prop_lut2_I1_O)        0.299    26.343 r  y[15]_i_386/O
                         net (fo=1, routed)           0.000    26.343    y[15]_i_386_n_0
    SLICE_X46Y54         CARRY4 (Prop_carry4_S[0]_O[1])
                                                      0.427    26.770 r  y_reg[15]_i_362/O[1]
                         net (fo=1, routed)           0.407    27.177    y_reg[15]_i_362_n_6
    SLICE_X47Y53         LUT2 (Prop_lut2_I1_O)        0.306    27.483 r  y[15]_i_378/O
                         net (fo=1, routed)           0.000    27.483    y[15]_i_378_n_0
    SLICE_X47Y53         CARRY4 (Prop_carry4_S[3]_CO[3])
                                                      0.401    27.884 r  y_reg[15]_i_361/CO[3]
                         net (fo=1, routed)           0.000    27.884    y_reg[15]_i_361_n_0
    SLICE_X47Y54         CARRY4 (Prop_carry4_CI_O[0])
                                                      0.222    28.106 r  y_reg[15]_i_352/O[0]
                         net (fo=1, routed)           0.580    28.686    y_reg[15]_i_352_n_7
    SLICE_X44Y51         LUT2 (Prop_lut2_I1_O)        0.299    28.985 r  y[15]_i_356/O
                         net (fo=1, routed)           0.000    28.985    y[15]_i_356_n_0
    SLICE_X44Y51         CARRY4 (Prop_carry4_S[3]_CO[3])
                                                      0.401    29.386 r  y_reg[15]_i_350/CO[3]
                         net (fo=1, routed)           0.000    29.386    y_reg[15]_i_350_n_0
    SLICE_X44Y52         CARRY4 (Prop_carry4_CI_O[0])
                                                      0.222    29.608 r  y_reg[15]_i_341/O[0]
                         net (fo=1, routed)           0.446    30.054    y_reg[15]_i_341_n_7
    SLICE_X43Y53         LUT2 (Prop_lut2_I1_O)        0.299    30.353 r  y[15]_i_342/O
                         net (fo=1, routed)           0.000    30.353    y[15]_i_342_n_0
    SLICE_X43Y53         CARRY4 (Prop_carry4_S[0]_O[0])
                                                      0.247    30.600 r  y_reg[15]_i_329/O[0]
                         net (fo=1, routed)           0.310    30.910    y_reg[15]_i_329_n_7
    SLICE_X42Y54         LUT2 (Prop_lut2_I1_O)        0.299    31.209 r  y[15]_i_330/O
                         net (fo=1, routed)           0.000    31.209    y[15]_i_330_n_0
    SLICE_X42Y54         CARRY4 (Prop_carry4_S[0]_O[0])
                                                      0.252    31.461 r  y_reg[15]_i_305/O[0]
                         net (fo=1, routed)           0.430    31.892    y_reg[15]_i_305_n_7
    SLICE_X41Y55         LUT2 (Prop_lut2_I1_O)        0.295    32.187 r  y[15]_i_307/O
                         net (fo=1, routed)           0.000    32.187    y[15]_i_307_n_0
    SLICE_X41Y55         CARRY4 (Prop_carry4_S[0]_O[0])
                                                      0.247    32.434 r  y_reg[15]_i_289/O[0]
                         net (fo=1, routed)           0.578    33.011    y_reg[15]_i_289_n_7
    SLICE_X40Y56         LUT2 (Prop_lut2_I1_O)        0.299    33.310 r  y[15]_i_296/O
                         net (fo=1, routed)           0.000    33.310    y[15]_i_296_n_0
    SLICE_X40Y56         CARRY4 (Prop_carry4_S[3]_O[3])
                                                      0.248    33.558 r  y_reg[15]_i_287/O[3]
                         net (fo=1, routed)           0.430    33.989    y_reg[15]_i_287_n_4
    SLICE_X39Y57         LUT2 (Prop_lut2_I1_O)        0.306    34.295 r  y[15]_i_270/O
                         net (fo=1, routed)           0.000    34.295    y[15]_i_270_n_0
    SLICE_X39Y57         CARRY4 (Prop_carry4_S[0]_O[0])
                                                      0.247    34.542 r  y_reg[15]_i_252/O[0]
                         net (fo=1, routed)           0.429    34.970    y_reg[15]_i_252_n_7
    SLICE_X38Y57         LUT2 (Prop_lut2_I1_O)        0.299    35.269 r  y[15]_i_253/O
                         net (fo=1, routed)           0.000    35.269    y[15]_i_253_n_0
    SLICE_X38Y57         CARRY4 (Prop_carry4_S[0]_O[0])
                                                      0.252    35.521 r  y_reg[15]_i_234/O[0]
                         net (fo=1, routed)           0.426    35.948    y_reg[15]_i_234_n_7
    SLICE_X37Y56         CARRY4 (Prop_carry4_S[2]_O[2])
                                                      0.543    36.491 r  y_reg[15]_i_204/O[2]
                         net (fo=1, routed)           0.643    37.134    y_reg[15]_i_204_n_5
    SLICE_X36Y57         CARRY4 (Prop_carry4_S[3]_O[3])
                                                      0.557    37.691 r  y_reg[15]_i_202/O[3]
                         net (fo=1, routed)           0.741    38.432    y_reg[15]_i_202_n_4
    SLICE_X36Y54         LUT2 (Prop_lut2_I1_O)        0.307    38.739 r  y[15]_i_167/O
                         net (fo=1, routed)           0.000    38.739    y[15]_i_167_n_0
    SLICE_X36Y54         CARRY4 (Prop_carry4_S[0]_O[0])
                                                      0.252    38.991 r  y_reg[15]_i_130/O[0]
                         net (fo=1, routed)           0.573    39.564    y_reg[15]_i_130_n_7
    SLICE_X35Y55         LUT2 (Prop_lut2_I1_O)        0.295    39.859 r  y[15]_i_156/O
                         net (fo=1, routed)           0.000    39.859    y[15]_i_156_n_0
    SLICE_X35Y55         CARRY4 (Prop_carry4_S[3]_O[3])
                                                      0.248    40.107 r  y_reg[15]_i_128/O[3]
                         net (fo=1, routed)           0.430    40.536    y_reg[15]_i_128_n_4
    SLICE_X34Y55         LUT2 (Prop_lut2_I1_O)        0.306    40.842 r  y[15]_i_120/O
                         net (fo=1, routed)           0.000    40.842    y[15]_i_120_n_0
    SLICE_X34Y55         CARRY4 (Prop_carry4_S[3]_O[3])
                                                      0.255    41.097 r  y_reg[15]_i_94/O[3]
                         net (fo=1, routed)           0.455    41.553    y_reg[15]_i_94_n_4
    SLICE_X32Y56         LUT2 (Prop_lut2_I1_O)        0.307    41.860 r  y[15]_i_91/O
                         net (fo=1, routed)           0.000    41.860    y[15]_i_91_n_0
    SLICE_X32Y56         CARRY4 (Prop_carry4_S[2]_O[2])
                                                      0.250    42.110 r  y_reg[15]_i_71/O[2]
                         net (fo=1, routed)           0.602    42.711    y_reg[15]_i_71_n_5
    SLICE_X32Y52         LUT2 (Prop_lut2_I1_O)        0.301    43.012 r  y[15]_i_65/O
                         net (fo=1, routed)           0.000    43.012    y[15]_i_65_n_0
    SLICE_X32Y52         CARRY4 (Prop_carry4_S[3]_O[3])
                                                      0.255    43.267 r  y_reg[15]_i_46/O[3]
                         net (fo=1, routed)           0.454    43.721    acc__0[12]
    SLICE_X33Y52         LUT2 (Prop_lut2_I1_O)        0.307    44.028 r  y[15]_i_24/O
                         net (fo=1, routed)           0.000    44.028    y[15]_i_24_n_0
    SLICE_X33Y52         CARRY4 (Prop_carry4_S[0]_O[0])
                                                      0.247    44.275 r  y_reg[15]_i_10/O[0]
                         net (fo=1, routed)           0.691    44.966    y_reg[15]_i_10_n_7
    SLICE_X33Y55         LUT2 (Prop_lut2_I1_O)        0.299    45.265 r  y[15]_i_13/O
                         net (fo=1, routed)           0.000    45.265    y[15]_i_13_n_0
    SLICE_X33Y55         CARRY4 (Prop_carry4_S[3]_CO[3])
                                                      0.401    45.666 r  y_reg[15]_i_8/CO[3]
                         net (fo=1, routed)           0.000    45.666    y_reg[15]_i_8_n_0
    SLICE_X33Y56         CARRY4 (Prop_carry4_CI_O[0])
                                                      0.222    45.888 r  y_reg[15]_i_5/O[0]
                         net (fo=1, routed)           0.614    46.502    y_reg[15]_i_5_n_7
    SLICE_X34Y60         LUT2 (Prop_lut2_I1_O)        0.299    46.801 r  y[15]_i_6/O
                         net (fo=1, routed)           0.000    46.801    y[15]_i_6_n_0
    SLICE_X34Y60         CARRY4 (Prop_carry4_S[1]_O[1])
                                                      0.230    47.031 r  y_reg[15]_i_3/O[1]
                         net (fo=1, routed)           0.321    47.352    p_0_in[13]
    SLICE_X33Y61         CARRY4 (Prop_carry4_S[1]_O[1])
                                                      0.533    47.885 r  y_reg[15]_i_2/O[1]
                         net (fo=1, routed)           0.000    47.885    acc[13]
    SLICE_X33Y61         FDRE                                         r  y_reg[13]/D
  -------------------------------------------------------------------    -------------------

                         (clock vclk rise edge)      42.714    42.714 r  <hidden>
                                                      0.000    42.714 r  clk
                         net (fo=351, unset)          0.924    43.638    clk
    SLICE_X33Y61         FDRE                                         r  y_reg[13]/C
                         clock pessimism              0.000    43.638    <hidden>
                         clock uncertainty           -0.035    43.603    <hidden>
    SLICE_X33Y61         FDRE (Setup_fdre_C_D)        0.062    43.665    y_reg[13]
  -------------------------------------------------------------------
                         required time                         43.665    <hidden>
                         arrival time                         -47.885    <hidden>
  -------------------------------------------------------------------
                         slack                                 -4.220    <hidden>

Slack (VIOLATED) :        -4.030ns  (required time - arrival time)
  Source:                 d41_reg[2]/C
                            (rising edge-triggered cell FDRE clocked by vclk  {rise@0.000ns fall@21.357ns period=42.714ns})
  Destination:            y_reg[12]/D
                            (rising edge-triggered cell FDRE clocked by vclk  {rise@0.000ns fall@21.357ns period=42.714ns})
  Path Group:             vclk
  Path Type:              Setup (Max at Slow Process Corner)
  Requirement:            42.714ns  (vclk rise@42.714ns - vclk rise@0.000ns)
  Data Path Delay:        46.722ns  (logic 26.307ns (56.306%)  route 20.415ns (43.694%))
  Logic Levels:           86  (CARRY4=49 LUT2=37)
  Clock Path Skew:        -0.049ns (DCD - SCD + CPR)
    Destination Clock Delay (DCD):    0.924ns = ( 43.638 - 42.714 ) 
    Source Clock Delay      (SCD):    0.973ns
    Clock Pessimism Removal (CPR):    0.000ns
  Clock Uncertainty:      0.035ns  ((TSJ^2 + TIJ^2)^1/2 + DJ) / 2 + PE
    Total System Jitter     (TSJ):    0.071ns
    Total Input Jitter      (TIJ):    0.000ns
    Discrete Jitter          (DJ):    0.000ns
    Phase Error              (PE):    0.000ns

    Location             Delay type                Incr(ns)  Path(ns)    Netlist Resource(s)
  -------------------------------------------------------------------    -------------------
                         (clock vclk rise edge)       0.000     0.000 r  <hidden>
                                                      0.000     0.000 r  clk
                         net (fo=351, unset)          0.973     0.973    clk
    SLICE_X46Y61         FDRE                                         r  d41_reg[2]/C
  -------------------------------------------------------------------    -------------------
    SLICE_X46Y61         FDRE (Prop_fdre_C_Q)         0.518     1.491 r  d41_reg[2]/Q
                         net (fo=2, routed)           0.273     1.764    d41[2]
    SLICE_X47Y61         CARRY4 (Prop_carry4_S[0]_O[0])
                                                      0.371     2.135 r  y_reg[7]_i_771/O[0]
                         net (fo=2, routed)           0.486     2.621    acc0[2]
    SLICE_X48Y61         LUT2 (Prop_lut2_I0_O)        0.299     2.920 r  y[7]_i_775/O
                         net (fo=1, routed)           0.000     2.920    y[7]_i_775_n_0
    SLICE_X48Y61         CARRY4 (Prop_carry4_S[0]_O[0])
                                                      0.247     3.167 r  y_reg[7]_i_755/O[0]
                         net (fo=1, routed)           0.299     3.466    y_reg[7]_i_755_n_7
    SLICE_X49Y60         LUT2 (Prop_lut2_I1_O)        0.299     3.765 r  y[7]_i_739/O
                         net (fo=1, routed)           0.000     3.765    y[7]_i_739_n_0
    SLICE_X49Y60         CARRY4 (Prop_carry4_S[0]_O[0])
                                                      0.247     4.012 r  y_reg[7]_i_721/O[0]
                         net (fo=1, routed)           0.712     4.724    y_reg[7]_i_721_n_7
    SLICE_X48Y57         LUT2 (Prop_lut2_I1_O)        0.299     5.023 r  y[7]_i_698/O
                         net (fo=1, routed)           0.000     5.023    y[7]_i_698_n_0
    SLICE_X48Y57         CARRY4 (Prop_carry4_S[0]_O[0])
                                                      0.247     5.270 r  y_reg[7]_i_675/O[0]
                         net (fo=1, routed)           0.473     5.743    y_reg[7]_i_675_n_7
    SLICE_X47Y57         LUT2 (Prop_lut2_I1_O)        0.299     6.042 r  y[7]_i_639/O
                         net (fo=1, routed)           0.000     6.042    y[7]_i_639_n_0
    SLICE_X47Y57         CARRY4 (Prop_carry4_S[1]_O[2])
                                                      0.580     6.622 r  y_reg[7]_i_612/O[2]
                         net (fo=1, routed)           0.454     7.076    y_reg[7]_i_612_n_5
    SLICE_X43Y58         LUT2 (Prop_lut2_I1_O)        0.302     7.378 r  y[7]_i_570/O
                         net (fo=1, routed)           0.000     7.378    y[7]_i_570_n_0
    SLICE_X43Y58         CARRY4 (Prop_carry4_S[3]_CO[3])
                                                      0.401     7.779 r  y_reg[7]_i_539/CO[3]
                         net (fo=1, routed)           0.000     7.779    y_reg[7]_i_539_n_0
    SLICE_X43Y59         CARRY4 (Prop_carry4_CI_O[0])
                                                      0.222     8.001 r  y_reg[7]_i_667/O[0]
                         net (fo=1, routed)           0.310     8.311    y_reg[7]_i_667_n_7
    SLICE_X42Y60         LUT2 (Prop_lut2_I1_O)        0.299     8.610 r  y[7]_i_634/O
                         net (fo=1, routed)           0.000     8.610    y[7]_i_634_n_0
    SLICE_X42Y60         CARRY4 (Prop_carry4_S[0]_O[0])
                                                      0.252     8.862 r  y_reg[7]_i_602/O[0]
                         net (fo=1, routed)           0.439     9.301    y_reg[7]_i_602_n_7
    SLICE_X40Y59         LUT2 (Prop_lut2_I1_O)        0.295     9.596 r  y[7]_i_563/O
                         net (fo=1, routed)           0.000     9.596    y[7]_i_563_n_0
    SLICE_X40Y59         CARRY4 (Prop_carry4_S[3]_CO[3])
                                                      0.401     9.997 r  y_reg[7]_i_528/CO[3]
                         net (fo=1, routed)           0.000     9.997    y_reg[7]_i_528_n_0
    SLICE_X40Y60         CARRY4 (Prop_carry4_CI_O[0])
                                                      0.222    10.219 r  y_reg[7]_i_590/O[0]
                         net (fo=1, routed)           0.603    10.821    y_reg[7]_i_590_n_7
    SLICE_X39Y60         LUT2 (Prop_lut2_I1_O)        0.299    11.120 r  y[7]_i_560/O
                         net (fo=1, routed)           0.000    11.120    y[7]_i_560_n_0
    SLICE_X39Y60         CARRY4 (Prop_carry4_S[0]_O[0])
                                                      0.247    11.367 r  y_reg[7]_i_517/O[0]
                         net (fo=1, routed)           0.568    11.935    y_reg[7]_i_517_n_7
    SLICE_X37Y60         LUT2 (Prop_lut2_I1_O)        0.299    12.234 r  y[7]_i_475/O
                         net (fo=1, routed)           0.000    12.234    y[7]_i_475_n_0
    SLICE_X37Y60         CARRY4 (Prop_carry4_S[1]_O[1])
                                                      0.227    12.461 r  y_reg[7]_i_450/O[1]
                         net (fo=1, routed)           0.610    13.071    y_reg[7]_i_450_n_6
    SLICE_X36Y60         LUT2 (Prop_lut2_I1_O)        0.303    13.374 r  y[7]_i_555/O
                         net (fo=1, routed)           0.000    13.374    y[7]_i_555_n_0
    SLICE_X36Y60         CARRY4 (Prop_carry4_S[0]_O[0])
                                                      0.252    13.626 r  y_reg[7]_i_513/O[0]
                         net (fo=1, routed)           0.559    14.186    y_reg[7]_i_513_n_7
    SLICE_X35Y60         LUT2 (Prop_lut2_I1_O)        0.295    14.481 r  y[7]_i_470/O
                         net (fo=1, routed)           0.000    14.481    y[7]_i_470_n_0
    SLICE_X35Y60         CARRY4 (Prop_carry4_S[1]_O[1])
                                                      0.227    14.708 r  y_reg[7]_i_446/O[1]
                         net (fo=1, routed)           0.459    15.166    y_reg[7]_i_446_n_6
    SLICE_X38Y60         LUT2 (Prop_lut2_I1_O)        0.303    15.469 r  y[7]_i_417/O
                         net (fo=1, routed)           0.000    15.469    y[7]_i_417_n_0
    SLICE_X38Y60         CARRY4 (Prop_carry4_S[1]_O[1])
                                                      0.230    15.699 r  y_reg[7]_i_393/O[1]
                         net (fo=1, routed)           0.713    16.413    y_reg[7]_i_393_n_6
    SLICE_X45Y60         LUT2 (Prop_lut2_I1_O)        0.306    16.719 r  y[7]_i_352/O
                         net (fo=1, routed)           0.000    16.719    y[7]_i_352_n_0
    SLICE_X45Y60         CARRY4 (Prop_carry4_S[3]_CO[3])
                                                      0.401    17.120 r  y_reg[7]_i_325/CO[3]
                         net (fo=1, routed)           0.000    17.120    y_reg[7]_i_325_n_0
    SLICE_X45Y61         CARRY4 (Prop_carry4_CI_O[0])
                                                      0.222    17.342 r  y_reg[7]_i_385/O[0]
                         net (fo=1, routed)           0.574    17.915    y_reg[7]_i_385_n_7
    SLICE_X46Y61         LUT2 (Prop_lut2_I1_O)        0.299    18.214 r  y[7]_i_348/O
                         net (fo=1, routed)           0.000    18.214    y[7]_i_348_n_0
    SLICE_X46Y61         CARRY4 (Prop_carry4_S[1]_O[1])
                                                      0.230    18.444 r  y_reg[7]_i_314/O[1]
                         net (fo=1, routed)           0.413    18.857    y_reg[7]_i_314_n_6
    SLICE_X44Y61         LUT2 (Prop_lut2_I1_O)        0.306    19.163 r  y[7]_i_281/O
                         net (fo=1, routed)           0.000    19.163    y[7]_i_281_n_0
    SLICE_X44Y61         CARRY4 (Prop_carry4_S[3]_CO[3])
                                                      0.401    19.564 r  y_reg[7]_i_264/CO[3]
                         net (fo=1, routed)           0.000    19.564    y_reg[7]_i_264_n_0
    SLICE_X44Y62         CARRY4 (Prop_carry4_CI_O[0])
                                                      0.222    19.786 r  y_reg[7]_i_306/O[0]
                         net (fo=1, routed)           0.638    20.425    y_reg[7]_i_306_n_7
    SLICE_X44Y58         LUT2 (Prop_lut2_I1_O)        0.299    20.724 r  y[7]_i_275/O
                         net (fo=1, routed)           0.000    20.724    y[7]_i_275_n_0
    SLICE_X44Y58         CARRY4 (Prop_carry4_S[3]_CO[3])
                                                      0.401    21.125 r  y_reg[7]_i_253/CO[3]
                         net (fo=1, routed)           0.000    21.125    y_reg[7]_i_253_n_0
    SLICE_X44Y59         CARRY4 (Prop_carry4_CI_O[0])
                                                      0.222    21.347 r  y_reg[15]_i_426/O[0]
                         net (fo=1, routed)           0.483    21.830    y_reg[15]_i_426_n_7
    SLICE_X45Y57         LUT2 (Prop_lut2_I1_O)        0.299    22.129 r  y[15]_i_435/O
                         net (fo=1, routed)           0.000    22.129    y[15]_i_435_n_0
    SLICE_X45Y57         CARRY4 (Prop_carry4_S[2]_O[2])
                                                      0.248    22.377 r  y_reg[15]_i_425/O[2]
                         net (fo=1, routed)           0.428    22.805    y_reg[15]_i_425_n_5
    SLICE_X43Y56         LUT2 (Prop_lut2_I1_O)        0.302    23.107 r  y[15]_i_420/O
                         net (fo=1, routed)           0.000    23.107    y[15]_i_420_n_0
    SLICE_X43Y56         CARRY4 (Prop_carry4_S[0]_O[0])
                                                      0.247    23.354 r  y_reg[15]_i_411/O[0]
                         net (fo=1, routed)           0.455    23.809    y_reg[15]_i_411_n_7
    SLICE_X44Y54         LUT2 (Prop_lut2_I1_O)        0.299    24.108 r  y[7]_i_330/O
                         net (fo=1, routed)           0.000    24.108    y[7]_i_330_n_0
    SLICE_X44Y54         CARRY4 (Prop_carry4_S[3]_O[3])
                                                      0.248    24.356 r  y_reg[7]_i_296/O[3]
                         net (fo=1, routed)           0.301    24.657    y_reg[7]_i_296_n_4
    SLICE_X45Y53         LUT2 (Prop_lut2_I1_O)        0.306    24.963 r  y[7]_i_267/O
                         net (fo=1, routed)           0.000    24.963    y[7]_i_267_n_0
    SLICE_X45Y53         CARRY4 (Prop_carry4_S[3]_CO[3])
                                                      0.401    25.364 r  y_reg[7]_i_241/CO[3]
                         net (fo=1, routed)           0.000    25.364    y_reg[7]_i_241_n_0
    SLICE_X45Y54         CARRY4 (Prop_carry4_CI_O[0])
                                                      0.222    25.586 r  y_reg[15]_i_383/O[0]
                         net (fo=1, routed)           0.458    26.044    y_reg[15]_i_383_n_7
    SLICE_X46Y54         LUT2 (Prop_lut2_I1_O)        0.299    26.343 r  y[15]_i_386/O
                         net (fo=1, routed)           0.000    26.343    y[15]_i_386_n_0
    SLICE_X46Y54         CARRY4 (Prop_carry4_S[0]_O[1])
                                                      0.427    26.770 r  y_reg[15]_i_362/O[1]
                         net (fo=1, routed)           0.407    27.177    y_reg[15]_i_362_n_6
    SLICE_X47Y53         LUT2 (Prop_lut2_I1_O)        0.306    27.483 r  y[15]_i_378/O
                         net (fo=1, routed)           0.000    27.483    y[15]_i_378_n_0
    SLICE_X47Y53         CARRY4 (Prop_carry4_S[3]_CO[3])
                                                      0.401    27.884 r  y_reg[15]_i_361/CO[3]
                         net (fo=1, routed)           0.000    27.884    y_reg[15]_i_361_n_0
    SLICE_X47Y54         CARRY4 (Prop_carry4_CI_O[0])
                                                      0.222    28.106 r  y_reg[15]_i_352/O[0]
                         net (fo=1, routed)           0.580    28.686    y_reg[15]_i_352_n_7
    SLICE_X44Y51         LUT2 (Prop_lut2_I1_O)        0.299    28.985 r  y[15]_i_356/O
                         net (fo=1, routed)           0.000    28.985    y[15]_i_356_n_0
    SLICE_X44Y51         CARRY4 (Prop_carry4_S[3]_CO[3])
                                                      0.401    29.386 r  y_reg[15]_i_350/CO[3]
                         net (fo=1, routed)           0.000    29.386    y_reg[15]_i_350_n_0
    SLICE_X44Y52         CARRY4 (Prop_carry4_CI_O[0])
                                                      0.222    29.608 r  y_reg[15]_i_341/O[0]
                         net (fo=1, routed)           0.446    30.054    y_reg[15]_i_341_n_7
    SLICE_X43Y53         LUT2 (Prop_lut2_I1_O)        0.299    30.353 r  y[15]_i_342/O
                         net (fo=1, routed)           0.000    30.353    y[15]_i_342_n_0
    SLICE_X43Y53         CARRY4 (Prop_carry4_S[0]_O[0])
                                                      0.247    30.600 r  y_reg[15]_i_329/O[0]
                         net (fo=1, routed)           0.310    30.910    y_reg[15]_i_329_n_7
    SLICE_X42Y54         LUT2 (Prop_lut2_I1_O)        0.299    31.209 r  y[15]_i_330/O
                         net (fo=1, routed)           0.000    31.209    y[15]_i_330_n_0
    SLICE_X42Y54         CARRY4 (Prop_carry4_S[0]_O[0])
                                                      0.252    31.461 r  y_reg[15]_i_305/O[0]
                         net (fo=1, routed)           0.430    31.892    y_reg[15]_i_305_n_7
    SLICE_X41Y55         LUT2 (Prop_lut2_I1_O)        0.295    32.187 r  y[15]_i_307/O
                         net (fo=1, routed)           0.000    32.187    y[15]_i_307_n_0
    SLICE_X41Y55         CARRY4 (Prop_carry4_S[0]_O[0])
                                                      0.247    32.434 r  y_reg[15]_i_289/O[0]
                         net (fo=1, routed)           0.578    33.011    y_reg[15]_i_289_n_7
    SLICE_X40Y56         LUT2 (Prop_lut2_I1_O)        0.299    33.310 r  y[15]_i_296/O
                         net (fo=1, routed)           0.000    33.310    y[15]_i_296_n_0
    SLICE_X40Y56         CARRY4 (Prop_carry4_S[3]_O[3])
                                                      0.248    33.558 r  y_reg[15]_i_287/O[3]
                         net (fo=1, routed)           0.430    33.989    y_reg[15]_i_287_n_4
    SLICE_X39Y57         LUT2 (Prop_lut2_I1_O)        0.306    34.295 r  y[15]_i_270/O
                         net (fo=1, routed)           0.000    34.295    y[15]_i_270_n_0
    SLICE_X39Y57         CARRY4 (Prop_carry4_S[0]_O[0])
                                                      0.247    34.542 r  y_reg[15]_i_252/O[0]
                         net (fo=1, routed)           0.429    34.970    y_reg[15]_i_252_n_7
    SLICE_X38Y57         LUT2 (Prop_lut2_I1_O)        0.299    35.269 r  y[15]_i_253/O
                         net (fo=1, routed)           0.000    35.269    y[15]_i_253_n_0
    SLICE_X38Y57         CARRY4 (Prop_carry4_S[0]_O[0])
                                                      0.252    35.521 r  y_reg[15]_i_234/O[0]
                         net (fo=1, routed)           0.426    35.948    y_reg[15]_i_234_n_7
    SLICE_X37Y56         CARRY4 (Prop_carry4_S[2]_O[2])
                                                      0.543    36.491 r  y_reg[15]_i_204/O[2]
                         net (fo=1, routed)           0.643    37.134    y_reg[15]_i_204_n_5
    SLICE_X36Y57         CARRY4 (Prop_carry4_S[3]_O[3])
                                                      0.557    37.691 r  y_reg[15]_i_202/O[3]
                         net (fo=1, routed)           0.741    38.432    y_reg[15]_i_202_n_4
    SLICE_X36Y54         LUT2 (Prop_lut2_I1_O)        0.307    38.739 r  y[15]_i_167/O
                         net (fo=1, routed)           0.000    38.739    y[15]_i_167_n_0
    SLICE_X36Y54         CARRY4 (Prop_carry4_S[0]_O[0])
                                                      0.252    38.991 r  y_reg[15]_i_130/O[0]
                         net (fo=1, routed)           0.573    39.564    y_reg[15]_i_130_n_7
    SLICE_X35Y55         LUT2 (Prop_lut2_I1_O)        0.295    39.859 r  y[15]_i_156/O
                         net (fo=1, routed)           0.000    39.859    y[15]_i_156_n_0
    SLICE_X35Y55         CARRY4 (Prop_carry4_S[3]_O[3])
                                                      0.248    40.107 r  y_reg[15]_i_128/O[3]
                         net (fo=1, routed)           0.430    40.536    y_reg[15]_i_128_n_4
    SLICE_X34Y55         LUT2 (Prop_lut2_I1_O)        0.306    40.842 r  y[15]_i_120/O
                         net (fo=1, routed)           0.000    40.842    y[15]_i_120_n_0
    SLICE_X34Y55         CARRY4 (Prop_carry4_S[3]_O[3])
                                                      0.255    41.097 r  y_reg[15]_i_94/O[3]
                         net (fo=1, routed)           0.455    41.553    y_reg[15]_i_94_n_4
    SLICE_X32Y56         LUT2 (Prop_lut2_I1_O)        0.307    41.860 r  y[15]_i_91/O
                         net (fo=1, routed)           0.000    41.860    y[15]_i_91_n_0
    SLICE_X32Y56         CARRY4 (Prop_carry4_S[2]_O[2])
                                                      0.250    42.110 r  y_reg[15]_i_71/O[2]
                         net (fo=1, routed)           0.602    42.711    y_reg[15]_i_71_n_5
    SLICE_X32Y52         LUT2 (Prop_lut2_I1_O)        0.301    43.012 r  y[15]_i_65/O
                         net (fo=1, routed)           0.000    43.012    y[15]_i_65_n_0
    SLICE_X32Y52         CARRY4 (Prop_carry4_S[3]_O[3])
                                                      0.255    43.267 r  y_reg[15]_i_46/O[3]
                         net (fo=1, routed)           0.454    43.721    acc__0[12]
    SLICE_X33Y52         LUT2 (Prop_lut2_I1_O)        0.307    44.028 r  y[15]_i_24/O
                         net (fo=1, routed)           0.000    44.028    y[15]_i_24_n_0
    SLICE_X33Y52         CARRY4 (Prop_carry4_S[0]_O[0])
                                                      0.247    44.275 r  y_reg[15]_i_10/O[0]
                         net (fo=1, routed)           0.691    44.966    y_reg[15]_i_10_n_7
    SLICE_X33Y55         LUT2 (Prop_lut2_I1_O)        0.299    45.265 r  y[15]_i_13/O
                         net (fo=1, routed)           0.000    45.265    y[15]_i_13_n_0
    SLICE_X33Y55         CARRY4 (Prop_carry4_S[3]_O[3])
                                                      0.248    45.513 r  y_reg[15]_i_8/O[3]
                         net (fo=1, routed)           0.636    46.149    y_reg[15]_i_8_n_4
    SLICE_X34Y60         LUT2 (Prop_lut2_I1_O)        0.306    46.455 r  y[15]_i_7/O
                         net (fo=1, routed)           0.000    46.455    y[15]_i_7_n_0
    SLICE_X34Y60         CARRY4 (Prop_carry4_S[0]_O[0])
                                                      0.252    46.707 r  y_reg[15]_i_3/O[0]
                         net (fo=1, routed)           0.446    47.153    p_0_in[12]
    SLICE_X33Y61         CARRY4 (Prop_carry4_S[0]_O[0])
                                                      0.542    47.695 r  y_reg[15]_i_2/O[0]
                         net (fo=1, routed)           0.000    47.695    acc[12]
    SLICE_X33Y61         FDRE                                         r  y_reg[12]/D
  -------------------------------------------------------------------    -------------------

                         (clock vclk rise edge)      42.714    42.714 r  <hidden>
                                                      0.000    42.714 r  clk
                         net (fo=351, unset)          0.924    43.638    clk
    SLICE_X33Y61         FDRE                                         r  y_reg[12]/C
                         clock pessimism              0.000    43.638    <hidden>
                         clock uncertainty           -0.035    43.603    <hidden>
    SLICE_X33Y61         FDRE (Setup_fdre_C_D)        0.062    43.665    y_reg[12]
  -------------------------------------------------------------------
                         required time                         43.665    <hidden>
                         arrival time                         -47.695    <hidden>
  -------------------------------------------------------------------
                         slack                                 -4.030    <hidden>

Slack (VIOLATED) :        -3.529ns  (required time - arrival time)
  Source:                 d41_reg[2]/C
                            (rising edge-triggered cell FDRE clocked by vclk  {rise@0.000ns fall@21.357ns period=42.714ns})
  Destination:            y_reg[11]/D
                            (rising edge-triggered cell FDRE clocked by vclk  {rise@0.000ns fall@21.357ns period=42.714ns})
  Path Group:             vclk
  Path Type:              Setup (Max at Slow Process Corner)
  Requirement:            42.714ns  (vclk rise@42.714ns - vclk rise@0.000ns)
  Data Path Delay:        46.221ns  (logic 25.993ns (56.236%)  route 20.228ns (43.764%))
  Logic Levels:           85  (CARRY4=47 LUT2=38)
  Clock Path Skew:        -0.049ns (DCD - SCD + CPR)
    Destination Clock Delay (DCD):    0.924ns = ( 43.638 - 42.714 ) 
    Source Clock Delay      (SCD):    0.973ns
    Clock Pessimism Removal (CPR):    0.000ns
  Clock Uncertainty:      0.035ns  ((TSJ^2 + TIJ^2)^1/2 + DJ) / 2 + PE
    Total System Jitter     (TSJ):    0.071ns
    Total Input Jitter      (TIJ):    0.000ns
    Discrete Jitter          (DJ):    0.000ns
    Phase Error              (PE):    0.000ns

    Location             Delay type                Incr(ns)  Path(ns)    Netlist Resource(s)
  -------------------------------------------------------------------    -------------------
                         (clock vclk rise edge)       0.000     0.000 r  <hidden>
                                                      0.000     0.000 r  clk
                         net (fo=351, unset)          0.973     0.973    clk
    SLICE_X46Y61         FDRE                                         r  d41_reg[2]/C
  -------------------------------------------------------------------    -------------------
    SLICE_X46Y61         FDRE (Prop_fdre_C_Q)         0.518     1.491 r  d41_reg[2]/Q
                         net (fo=2, routed)           0.273     1.764    d41[2]
    SLICE_X47Y61         CARRY4 (Prop_carry4_S[0]_O[0])
                                                      0.371     2.135 r  y_reg[7]_i_771/O[0]
                         net (fo=2, routed)           0.486     2.621    acc0[2]
    SLICE_X48Y61         LUT2 (Prop_lut2_I0_O)        0.299     2.920 r  y[7]_i_775/O
                         net (fo=1, routed)           0.000     2.920    y[7]_i_775_n_0
    SLICE_X48Y61         CARRY4 (Prop_carry4_S[0]_O[0])
                                                      0.247     3.167 r  y_reg[7]_i_755/O[0]
                         net (fo=1, routed)           0.299     3.466    y_reg[7]_i_755_n_7
    SLICE_X49Y60         LUT2 (Prop_lut2_I1_O)        0.299     3.765 r  y[7]_i_739/O
                         net (fo=1, routed)           0.000     3.765    y[7]_i_739_n_0
    SLICE_X49Y60         CARRY4 (Prop_carry4_S[0]_O[0])
                                                      0.247     4.012 r  y_reg[7]_i_721/O[0]
                         net (fo=1, routed)           0.712     4.724    y_reg[7]_i_721_n_7
    SLICE_X48Y57         LUT2 (Prop_lut2_I1_O)        0.299     5.023 r  y[7]_i_698/O
                         net (fo=1, routed)           0.000     5.023    y[7]_i_698_n_0
    SLICE_X48Y57         CARRY4 (Prop_carry4_S[0]_O[0])
                                                      0.247     5.270 r  y_reg[7]_i_675/O[0]
                         net (fo=1, routed)           0.473     5.743    y_reg[7]_i_675_n_7
    SLICE_X47Y57         LUT2 (Prop_lut2_I1_O)        0.299     6.042 r  y[7]_i_639/O
                         net (fo=1, routed)           0.000     6.042    y[7]_i_639_n_0
    SLICE_X47Y57         CARRY4 (Prop_carry4_S[1]_O[2])
                                                      0.580     6.622 r  y_reg[7]_i_612/O[2]
                         net (fo=1, routed)           0.454     7.076    y_reg[7]_i_612_n_5
    SLICE_X43Y58         LUT2 (Prop_lut2_I1_O)        0.302     7.378 r  y[7]_i_570/O
                         net (fo=1, routed)           0.000     7.378    y[7]_i_570_n_0
    SLICE_X43Y58         CARRY4 (Prop_carry4_S[3]_CO[3])
                                                      0.401     7.779 r  y_reg[7]_i_539/CO[3]
                         net (fo=1, routed)           0.000     7.779    y_reg[7]_i_539_n_0
    SLICE_X43Y59         CARRY4 (Prop_carry4_CI_O[0])
                                                      0.222     8.001 r  y_reg[7]_i_667/O[0]
                         net (fo=1, routed)           0.310     8.311    y_reg[7]_i_667_n_7
    SLICE_X42Y60         LUT2 (Prop_lut2_I1_O)        0.299     8.610 r  y[7]_i_634/O
                         net (fo=1, routed)           0.000     8.610    y[7]_i_634_n_0
    SLICE_X42Y60         CARRY4 (Prop_carry4_S[0]_O[0])
                                                      0.252     8.862 r  y_reg[7]_i_602/O[0]
                         net (fo=1, routed)           0.439     9.301    y_reg[7]_i_602_n_7
    SLICE_X40Y59         LUT2 (Prop_lut2_I1_O)        0.295     9.596 r  y[7]_i_563/O
                         net (fo=1, routed)           0.000     9.596    y[7]_i_563_n_0
    SLICE_X40Y59         CARRY4 (Prop_carry4_S[3]_CO[3])
                                                      0.401     9.997 r  y_reg[7]_i_528/CO[3]
                         net (fo=1, routed)           0.000     9.997    y_reg[7]_i_528_n_0
    SLICE_X40Y60         CARRY4 (Prop_carry4_CI_O[0])
                                                      0.222    10.219 r  y_reg[7]_i_590/O[0]
                         net (fo=1, routed)           0.603    10.821    y_reg[7]_i_590_n_7
    SLICE_X39Y60         LUT2 (Prop_lut2_I1_O)        0.299    11.120 r  y[7]_i_560/O
                         net (fo=1, routed)           0.000    11.120    y[7]_i_560_n_0
    SLICE_X39Y60         CARRY4 (Prop_carry4_S[0]_O[0])
                                                      0.247    11.367 r  y_reg[7]_i_517/O[0]
                         net (fo=1, routed)           0.568    11.935    y_reg[7]_i_517_n_7
    SLICE_X37Y60         LUT2 (Prop_lut2_I1_O)        0.299    12.234 r  y[7]_i_475/O
                         net (fo=1, routed)           0.000    12.234    y[7]_i_475_n_0
    SLICE_X37Y60         CARRY4 (Prop_carry4_S[1]_O[1])
                                                      0.227    12.461 r  y_reg[7]_i_450/O[1]
                         net (fo=1, routed)           0.610    13.071    y_reg[7]_i_450_n_6
    SLICE_X36Y60         LUT2 (Prop_lut2_I1_O)        0.303    13.374 r  y[7]_i_555/O
                         net (fo=1, routed)           0.000    13.374    y[7]_i_555_n_0
    SLICE_X36Y60         CARRY4 (Prop_carry4_S[0]_O[0])
                                                      0.252    13.626 r  y_reg[7]_i_513/O[0]
                         net (fo=1, routed)           0.559    14.186    y_reg[7]_i_513_n_7
    SLICE_X35Y60         LUT2 (Prop_lut2_I1_O)        0.295    14.481 r  y[7]_i_470/O
                         net (fo=1, routed)           0.000    14.481    y[7]_i_470_n_0
    SLICE_X35Y60         CARRY4 (Prop_carry4_S[1]_O[1])
                                                      0.227    14.708 r  y_reg[7]_i_446/O[1]
                         net (fo=1, routed)           0.459    15.166    y_reg[7]_i_446_n_6
    SLICE_X38Y60         LUT2 (Prop_lut2_I1_O)        0.303    15.469 r  y[7]_i_417/O
                         net (fo=1, routed)           0.000    15.469    y[7]_i_417_n_0
    SLICE_X38Y60         CARRY4 (Prop_carry4_S[1]_O[1])
                                                      0.230    15.699 r  y_reg[7]_i_393/O[1]
                         net (fo=1, routed)           0.713    16.413    y_reg[7]_i_393_n_6
    SLICE_X45Y60         LUT2 (Prop_lut2_I1_O)        0.306    16.719 r  y[7]_i_352/O
                         net (fo=1, routed)           0.000    16.719    y[7]_i_352_n_0
    SLICE_X45Y60         CARRY4 (Prop_carry4_S[3]_CO[3])
                                                      0.401    17.120 r  y_reg[7]_i_325/CO[3]
                         net (fo=1, routed)           0.000    17.120    y_reg[7]_i_325_n_0
    SLICE_X45Y61         CARRY4 (Prop_carry4_CI_O[0])
                                                      0.222    17.342 r  y_reg[7]_i_385/O[0]
                         net (fo=1, routed)           0.574    17.915    y_reg[7]_i_385_n_7
    SLICE_X46Y61         LUT2 (Prop_lut2_I1_O)        0.299    18.214 r  y[7]_i_348/O
                         net (fo=1, routed)           0.000    18.214    y[7]_i_348_n_0
    SLICE_X46Y61         CARRY4 (Prop_carry4_S[1]_O[1])
                                                      0.230    18.444 r  y_reg[7]_i_314/O[1]
                         net (fo=1, routed)           0.413    18.857    y_reg[7]_i_314_n_6
    SLICE_X44Y61         LUT2 (Prop_lut2_I1_O)        0.306    19.163 r  y[7]_i_281/O
                         net (fo=1, routed)           0.000    19.163    y[7]_i_281_n_0
    SLICE_X44Y61         CARRY4 (Prop_carry4_S[3]_CO[3])
                                                      0.401    19.564 r  y_reg[7]_i_264/CO[3]
                         net (fo=1, routed)           0.000    19.564    y_reg[7]_i_264_n_0
    SLICE_X44Y62         CARRY4 (Prop_carry4_CI_O[0])
                                                      0.222    19.786 r  y_reg[7]_i_306/O[0]
                         net (fo=1, routed)           0.638    20.425    y_reg[7]_i_306_n_7
    SLICE_X44Y58         LUT2 (Prop_lut2_I1_O)        0.299    20.724 r  y[7]_i_275/O
                         net (fo=1, routed)           0.000    20.724    y[7]_i_275_n_0
    SLICE_X44Y58         CARRY4 (Prop_carry4_S[3]_CO[3])
                                                      0.401    21.125 r  y_reg[7]_i_253/CO[3]
                         net (fo=1, routed)           0.000    21.125    y_reg[7]_i_253_n_0
    SLICE_X44Y59         CARRY4 (Prop_carry4_CI_O[0])
                                                      0.222    21.347 r  y_reg[15]_i_426/O[0]
                         net (fo=1, routed)           0.483    21.830    y_reg[15]_i_426_n_7
    SLICE_X45Y57         LUT2 (Prop_lut2_I1_O)        0.299    22.129 r  y[15]_i_435/O
                         net (fo=1, routed)           0.000    22.129    y[15]_i_435_n_0
    SLICE_X45Y57         CARRY4 (Prop_carry4_S[2]_O[2])
                                                      0.248    22.377 r  y_reg[15]_i_425/O[2]
                         net (fo=1, routed)           0.428    22.805    y_reg[15]_i_425_n_5
    SLICE_X43Y56         LUT2 (Prop_lut2_I1_O)        0.302    23.107 r  y[15]_i_420/O
                         net (fo=1, routed)           0.000    23.107    y[15]_i_420_n_0
    SLICE_X43Y56         CARRY4 (Prop_carry4_S[0]_O[0])
                                                      0.247    23.354 r  y_reg[15]_i_411/O[0]
                         net (fo=1, routed)           0.455    23.809    y_reg[15]_i_411_n_7
    SLICE_X44Y54         LUT2 (Prop_lut2_I1_O)        0.299    24.108 r  y[7]_i_330/O
                         net (fo=1, routed)           0.000    24.108    y[7]_i_330_n_0
    SLICE_X44Y54         CARRY4 (Prop_carry4_S[3]_O[3])
                                                      0.248    24.356 r  y_reg[7]_i_296/O[3]
                         net (fo=1, routed)           0.301    24.657    y_reg[7]_i_296_n_4
    SLICE_X45Y53         LUT2 (Prop_lut2_I1_O)        0.306    24.963 r  y[7]_i_267/O
                         net (fo=1, routed)           0.000    24.963    y[7]_i_267_n_0
    SLICE_X45Y53         CARRY4 (Prop_carry4_S[3]_O[3])
                                                      0.248    25.211 r  y_reg[7]_i_241/O[3]
                         net (fo=1, routed)           0.460    25.671    y_reg[7]_i_241_n_4
    SLICE_X46Y53         LUT2 (Prop_lut2_I1_O)        0.306    25.977 r  y[7]_i_218/O
                         net (fo=1, routed)           0.000    25.977    y[7]_i_218_n_0
    SLICE_X46Y53         CARRY4 (Prop_carry4_S[3]_O[3])
                                                      0.255    26.232 r  y_reg[7]_i_196/O[3]
                         net (fo=1, routed)           0.458    26.689    y_reg[7]_i_196_n_4
    SLICE_X47Y53         LUT2 (Prop_lut2_I1_O)        0.307    26.996 r  y[15]_i_380/O
                         net (fo=1, routed)           0.000    26.996    y[15]_i_380_n_0
    SLICE_X47Y53         CARRY4 (Prop_carry4_S[1]_O[1])
                                                      0.227    27.223 r  y_reg[15]_i_361/O[1]
                         net (fo=1, routed)           0.568    27.792    y_reg[15]_i_361_n_6
    SLICE_X44Y51         LUT2 (Prop_lut2_I1_O)        0.303    28.095 r  y[15]_i_359/O
                         net (fo=1, routed)           0.000    28.095    y[15]_i_359_n_0
    SLICE_X44Y51         CARRY4 (Prop_carry4_S[0]_O[0])
                                                      0.247    28.342 r  y_reg[15]_i_350/O[0]
                         net (fo=1, routed)           0.446    28.788    y_reg[15]_i_350_n_7
    SLICE_X43Y52         LUT2 (Prop_lut2_I1_O)        0.299    29.087 r  y[15]_i_346/O
                         net (fo=1, routed)           0.000    29.087    y[15]_i_346_n_0
    SLICE_X43Y52         CARRY4 (Prop_carry4_S[0]_O[0])
                                                      0.247    29.334 r  y_reg[15]_i_339/O[0]
                         net (fo=1, routed)           0.310    29.643    y_reg[15]_i_339_n_7
    SLICE_X42Y53         LUT2 (Prop_lut2_I1_O)        0.299    29.942 r  y[15]_i_338/O
                         net (fo=1, routed)           0.000    29.942    y[15]_i_338_n_0
    SLICE_X42Y53         CARRY4 (Prop_carry4_S[0]_O[0])
                                                      0.252    30.194 r  y_reg[15]_i_327/O[0]
                         net (fo=1, routed)           0.430    30.625    y_reg[15]_i_327_n_7
    SLICE_X41Y54         LUT2 (Prop_lut2_I1_O)        0.295    30.920 r  y[15]_i_324/O
                         net (fo=1, routed)           0.000    30.920    y[15]_i_324_n_0
    SLICE_X41Y54         CARRY4 (Prop_carry4_S[0]_O[0])
                                                      0.247    31.167 r  y_reg[15]_i_303/O[0]
                         net (fo=1, routed)           0.495    31.662    y_reg[15]_i_303_n_7
    SLICE_X40Y55         LUT2 (Prop_lut2_I1_O)        0.299    31.961 r  y[15]_i_308/O
                         net (fo=1, routed)           0.000    31.961    y[15]_i_308_n_0
    SLICE_X40Y55         CARRY4 (Prop_carry4_S[3]_CO[3])
                                                      0.401    32.362 r  y_reg[15]_i_294/CO[3]
                         net (fo=1, routed)           0.000    32.362    y_reg[15]_i_294_n_0
    SLICE_X40Y56         CARRY4 (Prop_carry4_CI_O[0])
                                                      0.222    32.584 r  y_reg[15]_i_287/O[0]
                         net (fo=1, routed)           0.471    33.055    y_reg[15]_i_287_n_7
    SLICE_X39Y56         LUT2 (Prop_lut2_I1_O)        0.299    33.354 r  y[15]_i_285/O
                         net (fo=1, routed)           0.000    33.354    y[15]_i_285_n_0
    SLICE_X39Y56         CARRY4 (Prop_carry4_S[1]_O[2])
                                                      0.580    33.934 r  y_reg[15]_i_268/O[2]
                         net (fo=1, routed)           0.495    34.429    y_reg[15]_i_268_n_5
    SLICE_X38Y56         LUT2 (Prop_lut2_I1_O)        0.302    34.731 r  y[15]_i_263/O
                         net (fo=1, routed)           0.000    34.731    y[15]_i_263_n_0
    SLICE_X38Y56         CARRY4 (Prop_carry4_S[2]_O[2])
                                                      0.250    34.981 r  y_reg[15]_i_250/O[2]
                         net (fo=1, routed)           0.432    35.414    y_reg[15]_i_250_n_5
    SLICE_X37Y56         LUT2 (Prop_lut2_I1_O)        0.301    35.715 r  y[15]_i_238/O
                         net (fo=1, routed)           0.000    35.715    y[15]_i_238_n_0
    SLICE_X37Y56         CARRY4 (Prop_carry4_S[0]_O[0])
                                                      0.247    35.962 r  y_reg[15]_i_204/O[0]
                         net (fo=1, routed)           0.619    36.581    y_reg[15]_i_204_n_7
    SLICE_X36Y57         CARRY4 (Prop_carry4_S[1]_O[1])
                                                      0.529    37.110 r  y_reg[15]_i_202/O[1]
                         net (fo=1, routed)           0.569    37.678    y_reg[15]_i_202_n_6
    SLICE_X36Y53         LUT2 (Prop_lut2_I1_O)        0.306    37.984 r  y[15]_i_196/O
                         net (fo=1, routed)           0.000    37.984    y[15]_i_196_n_0
    SLICE_X36Y53         CARRY4 (Prop_carry4_S[2]_O[2])
                                                      0.250    38.234 r  y_reg[15]_i_163/O[2]
                         net (fo=1, routed)           0.580    38.814    y_reg[15]_i_163_n_5
    SLICE_X35Y55         LUT2 (Prop_lut2_I1_O)        0.301    39.115 r  y[15]_i_158/O
                         net (fo=1, routed)           0.000    39.115    y[15]_i_158_n_0
    SLICE_X35Y55         CARRY4 (Prop_carry4_S[1]_O[2])
                                                      0.580    39.695 r  y_reg[15]_i_128/O[2]
                         net (fo=1, routed)           0.495    40.190    y_reg[15]_i_128_n_5
    SLICE_X34Y55         LUT2 (Prop_lut2_I1_O)        0.302    40.492 r  y[15]_i_121/O
                         net (fo=1, routed)           0.000    40.492    y[15]_i_121_n_0
    SLICE_X34Y55         CARRY4 (Prop_carry4_S[2]_O[2])
                                                      0.250    40.742 r  y_reg[15]_i_94/O[2]
                         net (fo=1, routed)           0.453    41.195    y_reg[15]_i_94_n_5
    SLICE_X32Y56         LUT2 (Prop_lut2_I1_O)        0.301    41.496 r  y[15]_i_92/O
                         net (fo=1, routed)           0.000    41.496    y[15]_i_92_n_0
    SLICE_X32Y56         CARRY4 (Prop_carry4_S[1]_O[1])
                                                      0.230    41.726 r  y_reg[15]_i_71/O[1]
                         net (fo=1, routed)           0.569    42.294    y_reg[15]_i_71_n_6
    SLICE_X32Y52         LUT2 (Prop_lut2_I1_O)        0.306    42.600 r  y[15]_i_66/O
                         net (fo=1, routed)           0.000    42.600    y[15]_i_66_n_0
    SLICE_X32Y52         CARRY4 (Prop_carry4_S[2]_O[2])
                                                      0.250    42.850 r  y_reg[15]_i_46/O[2]
                         net (fo=1, routed)           0.439    43.289    acc__0[11]
    SLICE_X33Y51         LUT2 (Prop_lut2_I1_O)        0.301    43.590 r  y[15]_i_35/O
                         net (fo=1, routed)           0.000    43.590    y[15]_i_35_n_0
    SLICE_X33Y51         CARRY4 (Prop_carry4_S[3]_O[3])
                                                      0.248    43.838 r  y_reg[15]_i_20/O[3]
                         net (fo=1, routed)           0.740    44.578    y_reg[15]_i_20_n_4
    SLICE_X33Y55         LUT2 (Prop_lut2_I1_O)        0.306    44.884 r  y[15]_i_14/O
                         net (fo=1, routed)           0.000    44.884    y[15]_i_14_n_0
    SLICE_X33Y55         CARRY4 (Prop_carry4_S[2]_O[2])
                                                      0.248    45.132 r  y_reg[15]_i_8/O[2]
                         net (fo=1, routed)           0.629    45.761    y_reg[15]_i_8_n_5
    SLICE_X34Y59         LUT2 (Prop_lut2_I1_O)        0.302    46.063 r  y[11]_i_6/O
                         net (fo=1, routed)           0.000    46.063    y[11]_i_6_n_0
    SLICE_X34Y59         CARRY4 (Prop_carry4_S[3]_O[3])
                                                      0.255    46.318 r  y_reg[11]_i_2/O[3]
                         net (fo=1, routed)           0.321    46.639    p_0_in[11]
    SLICE_X33Y60         CARRY4 (Prop_carry4_S[3]_O[3])
                                                      0.555    47.194 r  y_reg[11]_i_1/O[3]
                         net (fo=1, routed)           0.000    47.194    acc[11]
    SLICE_X33Y60         FDRE                                         r  y_reg[11]/D
  -------------------------------------------------------------------    -------------------

                         (clock vclk rise edge)      42.714    42.714 r  <hidden>
                                                      0.000    42.714 r  clk
                         net (fo=351, unset)          0.924    43.638    clk
    SLICE_X33Y60         FDRE                                         r  y_reg[11]/C
                         clock pessimism              0.000    43.638    <hidden>
                         clock uncertainty           -0.035    43.603    <hidden>
    SLICE_X33Y60         FDRE (Setup_fdre_C_D)        0.062    43.665    y_reg[11]
  -------------------------------------------------------------------
                         required time                         43.665    <hidden>
                         arrival time                         -47.194    <hidden>
  -------------------------------------------------------------------
                         slack                                 -3.529    <hidden>

Slack (VIOLATED) :        -3.275ns  (required time - arrival time)
  Source:                 d41_reg[2]/C
                            (rising edge-triggered cell FDRE clocked by vclk  {rise@0.000ns fall@21.357ns period=42.714ns})
  Destination:            y_reg[10]/D
                            (rising edge-triggered cell FDRE clocked by vclk  {rise@0.000ns fall@21.357ns period=42.714ns})
  Path Group:             vclk
  Path Type:              Setup (Max at Slow Process Corner)
  Requirement:            42.714ns  (vclk rise@42.714ns - vclk rise@0.000ns)
  Data Path Delay:        45.967ns  (logic 25.701ns (55.911%)  route 20.266ns (44.089%))
  Logic Levels:           86  (CARRY4=47 LUT2=39)
  Clock Path Skew:        -0.049ns (DCD - SCD + CPR)
    Destination Clock Delay (DCD):    0.924ns = ( 43.638 - 42.714 ) 
    Source Clock Delay      (SCD):    0.973ns
    Clock Pessimism Removal (CPR):    0.000ns
  Clock Uncertainty:      0.035ns  ((TSJ^2 + TIJ^2)^1/2 + DJ) / 2 + PE
    Total System Jitter     (TSJ):    0.071ns
    Total Input Jitter      (TIJ):    0.000ns
    Discrete Jitter          (DJ):    0.000ns
    Phase Error              (PE):    0.000ns

    Location             Delay type                Incr(ns)  Path(ns)    Netlist Resource(s)
  -------------------------------------------------------------------    -------------------
                         (clock vclk rise edge)       0.000     0.000 r  <hidden>
                                                      0.000     0.000 r  clk
                         net (fo=351, unset)          0.973     0.973    clk
    SLICE_X46Y61         FDRE                                         r  d41_reg[2]/C
  -------------------------------------------------------------------    -------------------
    SLICE_X46Y61         FDRE (Prop_fdre_C_Q)         0.518     1.491 r  d41_reg[2]/Q
                         net (fo=2, routed)           0.273     1.764    d41[2]
    SLICE_X47Y61         CARRY4 (Prop_carry4_S[0]_O[0])
                                                      0.371     2.135 r  y_reg[7]_i_771/O[0]
                         net (fo=2, routed)           0.486     2.621    acc0[2]
    SLICE_X48Y61         LUT2 (Prop_lut2_I0_O)        0.299     2.920 r  y[7]_i_775/O
                         net (fo=1, routed)           0.000     2.920    y[7]_i_775_n_0
    SLICE_X48Y61         CARRY4 (Prop_carry4_S[0]_O[0])
                                                      0.247     3.167 r  y_reg[7]_i_755/O[0]
                         net (fo=1, routed)           0.299     3.466    y_reg[7]_i_755_n_7
    SLICE_X49Y60         LUT2 (Prop_lut2_I1_O)        0.299     3.765 r  y[7]_i_739/O
                         net (fo=1, routed)           0.000     3.765    y[7]_i_739_n_0
    SLICE_X49Y60         CARRY4 (Prop_carry4_S[0]_O[0])
                                                      0.247     4.012 r  y_reg[7]_i_721/O[0]
                         net (fo=1, routed)           0.712     4.724    y_reg[7]_i_721_n_7
    SLICE_X48Y57         LUT2 (Prop_lut2_I1_O)        0.299     5.023 r  y[7]_i_698/O
                         net (fo=1, routed)           0.000     5.023    y[7]_i_698_n_0
    SLICE_X48Y57         CARRY4 (Prop_carry4_S[0]_O[0])
                                                      0.247     5.270 r  y_reg[7]_i_675/O[0]
                         net (fo=1, routed)           0.473     5.743    y_reg[7]_i_675_n_7
    SLICE_X47Y57         LUT2 (Prop_lut2_I1_O)        0.299     6.042 r  y[7]_i_639/O
                         net (fo=1, routed)           0.000     6.042    y[7]_i_639_n_0
    SLICE_X47Y57         CARRY4 (Prop_carry4_S[1]_O[2])
                                                      0.580     6.622 r  y_reg[7]_i_612/O[2]
                         net (fo=1, routed)           0.454     7.076    y_reg[7]_i_612_n_5
    SLICE_X43Y58         LUT2 (Prop_lut2_I1_O)        0.302     7.378 r  y[7]_i_570/O
                         net (fo=1, routed)           0.000     7.378    y[7]_i_570_n_0
    SLICE_X43Y58         CARRY4 (Prop_carry4_S[3]_CO[3])
                                                      0.401     7.779 r  y_reg[7]_i_539/CO[3]
                         net (fo=1, routed)           0.000     7.779    y_reg[7]_i_539_n_0
    SLICE_X43Y59         CARRY4 (Prop_carry4_CI_O[0])
                                                      0.222     8.001 r  y_reg[7]_i_667/O[0]
                         net (fo=1, routed)           0.310     8.311    y_reg[7]_i_667_n_7
    SLICE_X42Y60         LUT2 (Prop_lut2_I1_O)        0.299     8.610 r  y[7]_i_634/O
                         net (fo=1, routed)           0.000     8.610    y[7]_i_634_n_0
    SLICE_X42Y60         CARRY4 (Prop_carry4_S[0]_O[0])
                                                      0.252     8.862 r  y_reg[7]_i_602/O[0]
                         net (fo=1, routed)           0.439     9.301    y_reg[7]_i_602_n_7
    SLICE_X40Y59         LUT2 (Prop_lut2_I1_O)        0.295     9.596 r  y[7]_i_563/O
                         net (fo=1, routed)           0.000     9.596    y[7]_i_563_n_0
    SLICE_X40Y59         CARRY4 (Prop_carry4_S[3]_CO[3])
                                                      0.401     9.997 r  y_reg[7]_i_528/CO[3]
                         net (fo=1, routed)           0.000     9.997    y_reg[7]_i_528_n_0
    SLICE_X40Y60         CARRY4 (Prop_carry4_CI_O[0])
                                                      0.222    10.219 r  y_reg[7]_i_590/O[0]
                         net (fo=1, routed)           0.603    10.821    y_reg[7]_i_590_n_7
    SLICE_X39Y60         LUT2 (Prop_lut2_I1_O)        0.299    11.120 r  y[7]_i_560/O
                         net (fo=1, routed)           0.000    11.120    y[7]_i_560_n_0
    SLICE_X39Y60         CARRY4 (Prop_carry4_S[0]_O[0])
                                                      0.247    11.367 r  y_reg[7]_i_517/O[0]
                         net (fo=1, routed)           0.568    11.935    y_reg[7]_i_517_n_7
    SLICE_X37Y60         LUT2 (Prop_lut2_I1_O)        0.299    12.234 r  y[7]_i_475/O
                         net (fo=1, routed)           0.000    12.234    y[7]_i_475_n_0
    SLICE_X37Y60         CARRY4 (Prop_carry4_S[1]_O[1])
                                                      0.227    12.461 r  y_reg[7]_i_450/O[1]
                         net (fo=1, routed)           0.610    13.071    y_reg[7]_i_450_n_6
    SLICE_X36Y60         LUT2 (Prop_lut2_I1_O)        0.303    13.374 r  y[7]_i_555/O
                         net (fo=1, routed)           0.000    13.374    y[7]_i_555_n_0
    SLICE_X36Y60         CARRY4 (Prop_carry4_S[0]_O[0])
                                                      0.252    13.626 r  y_reg[7]_i_513/O[0]
                         net (fo=1, routed)           0.559    14.186    y_reg[7]_i_513_n_7
    SLICE_X35Y60         LUT2 (Prop_lut2_I1_O)        0.295    14.481 r  y[7]_i_470/O
                         net (fo=1, routed)           0.000    14.481    y[7]_i_470_n_0
    SLICE_X35Y60         CARRY4 (Prop_carry4_S[1]_O[1])
                                                      0.227    14.708 r  y_reg[7]_i_446/O[1]
                         net (fo=1, routed)           0.459    15.166    y_reg[7]_i_446_n_6
    SLICE_X38Y60         LUT2 (Prop_lut2_I1_O)        0.303    15.469 r  y[7]_i_417/O
                         net (fo=1, routed)           0.000    15.469    y[7]_i_417_n_0
    SLICE_X38Y60         CARRY4 (Prop_carry4_S[1]_O[1])
                                                      0.230    15.699 r  y_reg[7]_i_393/O[1]
                         net (fo=1, routed)           0.713    16.413    y_reg[7]_i_393_n_6
    SLICE_X45Y60         LUT2 (Prop_lut2_I1_O)        0.306    16.719 r  y[7]_i_352/O
                         net (fo=1, routed)           0.000    16.719    y[7]_i_352_n_0
    SLICE_X45Y60         CARRY4 (Prop_carry4_S[3]_CO[3])
                                                      0.401    17.120 r  y_reg[7]_i_325/CO[3]
                         net (fo=1, routed)           0.000    17.120    y_reg[7]_i_325_n_0
    SLICE_X45Y61         CARRY4 (Prop_carry4_CI_O[0])
                                                      0.222    17.342 r  y_reg[7]_i_385/O[0]
                         net (fo=1, routed)           0.574    17.915    y_reg[7]_i_385_n_7
    SLICE_X46Y61         LUT2 (Prop_lut2_I1_O)        0.299    18.214 r  y[7]_i_348/O
                         net (fo=1, routed)           0.000    18.214    y[7]_i_348_n_0
    SLICE_X46Y61         CARRY4 (Prop_carry4_S[1]_O[1])
                                                      0.230    18.444 r  y_reg[7]_i_314/O[1]
                         net (fo=1, routed)           0.413    18.857    y_reg[7]_i_314_n_6
    SLICE_X44Y61         LUT2 (Prop_lut2_I1_O)        0.306    19.163 r  y[7]_i_281/O
                         net (fo=1, routed)           0.000    19.163    y[7]_i_281_n_0
    SLICE_X44Y61         CARRY4 (Prop_carry4_S[3]_CO[3])
                                                      0.401    19.564 r  y_reg[7]_i_264/CO[3]
                         net (fo=1, routed)           0.000    19.564    y_reg[7]_i_264_n_0
    SLICE_X44Y62         CARRY4 (Prop_carry4_CI_O[0])
                                                      0.222    19.786 r  y_reg[7]_i_306/O[0]
                         net (fo=1, routed)           0.638    20.425    y_reg[7]_i_306_n_7
    SLICE_X44Y58         LUT2 (Prop_lut2_I1_O)        0.299    20.724 r  y[7]_i_275/O
                         net (fo=1, routed)           0.000    20.724    y[7]_i_275_n_0
    SLICE_X44Y58         CARRY4 (Prop_carry4_S[3]_CO[3])
                                                      0.401    21.125 r  y_reg[7]_i_253/CO[3]
                         net (fo=1, routed)           0.000    21.125    y_reg[7]_i_253_n_0
    SLICE_X44Y59         CARRY4 (Prop_carry4_CI_O[0])
                                                      0.222    21.347 r  y_reg[15]_i_426/O[0]
                         net (fo=1, routed)           0.483    21.830    y_reg[15]_i_426_n_7
    SLICE_X45Y57         LUT2 (Prop_lut2_I1_O)        0.299    22.129 r  y[15]_i_435/O
                         net (fo=1, routed)           0.000    22.129    y[15]_i_435_n_0
    SLICE_X45Y57         CARRY4 (Prop_carry4_S[2]_O[2])
                                                      0.248    22.377 r  y_reg[15]_i_425/O[2]
                         net (fo=1, routed)           0.428    22.805    y_reg[15]_i_425_n_5
    SLICE_X43Y56         LUT2 (Prop_lut2_I1_O)        0.302    23.107 r  y[15]_i_420/O
                         net (fo=1, routed)           0.000    23.107    y[15]_i_420_n_0
    SLICE_X43Y56         CARRY4 (Prop_carry4_S[0]_O[0])
                                                      0.247    23.354 r  y_reg[15]_i_411/O[0]
                         net (fo=1, routed)           0.455    23.809    y_reg[15]_i_411_n_7
    SLICE_X44Y54         LUT2 (Prop_lut2_I1_O)        0.299    24.108 r  y[7]_i_330/O
                         net (fo=1, routed)           0.000    24.108    y[7]_i_330_n_0
    SLICE_X44Y54         CARRY4 (Prop_carry4_S[3]_O[3])
                                                      0.248    24.356 r  y_reg[7]_i_296/O[3]
                         net (fo=1, routed)           0.301    24.657    y_reg[7]_i_296_n_4
    SLICE_X45Y53         LUT2 (Prop_lut2_I1_O)        0.306    24.963 r  y[7]_i_267/O
                         net (fo=1, routed)           0.000    24.963    y[7]_i_267_n_0
    SLICE_X45Y53         CARRY4 (Prop_carry4_S[3]_O[3])
                                                      0.248    25.211 r  y_reg[7]_i_241/O[3]
                         net (fo=1, routed)           0.460    25.671    y_reg[7]_i_241_n_4
    SLICE_X46Y53         LUT2 (Prop_lut2_I1_O)        0.306    25.977 r  y[7]_i_218/O
                         net (fo=1, routed)           0.000    25.977    y[7]_i_218_n_0
    SLICE_X46Y53         CARRY4 (Prop_carry4_S[3]_O[3])
                                                      0.255    26.232 r  y_reg[7]_i_196/O[3]
                         net (fo=1, routed)           0.458    26.689    y_reg[7]_i_196_n_4
    SLICE_X47Y53         LUT2 (Prop_lut2_I1_O)        0.307    26.996 r  y[15]_i_380/O
                         net (fo=1, routed)           0.000    26.996    y[15]_i_380_n_0
    SLICE_X47Y53         CARRY4 (Prop_carry4_S[1]_O[1])
                                                      0.227    27.223 r  y_reg[15]_i_361/O[1]
                         net (fo=1, routed)           0.568    27.792    y_reg[15]_i_361_n_6
    SLICE_X44Y51         LUT2 (Prop_lut2_I1_O)        0.303    28.095 r  y[15]_i_359/O
                         net (fo=1, routed)           0.000    28.095    y[15]_i_359_n_0
    SLICE_X44Y51         CARRY4 (Prop_carry4_S[0]_O[0])
                                                      0.247    28.342 r  y_reg[15]_i_350/O[0]
                         net (fo=1, routed)           0.446    28.788    y_reg[15]_i_350_n_7
    SLICE_X43Y52         LUT2 (Prop_lut2_I1_O)        0.299    29.087 r  y[15]_i_346/O
                         net (fo=1, routed)           0.000    29.087    y[15]_i_346_n_0
    SLICE_X43Y52         CARRY4 (Prop_carry4_S[0]_O[0])
                                                      0.247    29.334 r  y_reg[15]_i_339/O[0]
                         net (fo=1, routed)           0.310    29.643    y_reg[15]_i_339_n_7
    SLICE_X42Y53         LUT2 (Prop_lut2_I1_O)        0.299    29.942 r  y[15]_i_338/O
                         net (fo=1, routed)           0.000    29.942    y[15]_i_338_n_0
    SLICE_X42Y53         CARRY4 (Prop_carry4_S[0]_O[0])
                                                      0.252    30.194 r  y_reg[15]_i_327/O[0]
                         net (fo=1, routed)           0.430    30.625    y_reg[15]_i_327_n_7
    SLICE_X41Y54         LUT2 (Prop_lut2_I1_O)        0.295    30.920 r  y[15]_i_324/O
                         net (fo=1, routed)           0.000    30.920    y[15]_i_324_n_0
    SLICE_X41Y54         CARRY4 (Prop_carry4_S[0]_O[0])
                                                      0.247    31.167 r  y_reg[15]_i_303/O[0]
                         net (fo=1, routed)           0.495    31.662    y_reg[15]_i_303_n_7
    SLICE_X40Y55         LUT2 (Prop_lut2_I1_O)        0.299    31.961 r  y[15]_i_308/O
                         net (fo=1, routed)           0.000    31.961    y[15]_i_308_n_0
    SLICE_X40Y55         CARRY4 (Prop_carry4_S[3]_O[3])
                                                      0.248    32.209 r  y_reg[15]_i_294/O[3]
                         net (fo=1, routed)           0.430    32.640    y_reg[15]_i_294_n_4
    SLICE_X39Y56         LUT2 (Prop_lut2_I1_O)        0.306    32.946 r  y[15]_i_286/O
                         net (fo=1, routed)           0.000    32.946    y[15]_i_286_n_0
    SLICE_X39Y56         CARRY4 (Prop_carry4_S[0]_O[0])
                                                      0.247    33.193 r  y_reg[15]_i_268/O[0]
                         net (fo=1, routed)           0.429    33.621    y_reg[15]_i_268_n_7
    SLICE_X38Y56         LUT2 (Prop_lut2_I1_O)        0.299    33.920 r  y[15]_i_265/O
                         net (fo=1, routed)           0.000    33.920    y[15]_i_265_n_0
    SLICE_X38Y56         CARRY4 (Prop_carry4_S[0]_O[0])
                                                      0.252    34.172 r  y_reg[15]_i_250/O[0]
                         net (fo=1, routed)           0.426    34.599    y_reg[15]_i_250_n_7
    SLICE_X37Y55         LUT2 (Prop_lut2_I1_O)        0.295    34.894 r  y[15]_i_256/O
                         net (fo=1, routed)           0.000    34.894    y[15]_i_256_n_0
    SLICE_X37Y55         CARRY4 (Prop_carry4_S[2]_O[2])
                                                      0.248    35.142 r  y_reg[15]_i_235/O[2]
                         net (fo=1, routed)           0.432    35.574    y_reg[15]_i_235_n_5
    SLICE_X36Y56         LUT2 (Prop_lut2_I1_O)        0.302    35.876 r  y[15]_i_246/O
                         net (fo=1, routed)           0.000    35.876    y[15]_i_246_n_0
    SLICE_X36Y56         CARRY4 (Prop_carry4_S[3]_O[3])
                                                      0.255    36.131 r  y_reg[15]_i_232/O[3]
                         net (fo=1, routed)           0.454    36.585    y_reg[15]_i_232_n_4
    SLICE_X36Y53         LUT2 (Prop_lut2_I1_O)        0.307    36.892 r  y[15]_i_198/O
                         net (fo=1, routed)           0.000    36.892    y[15]_i_198_n_0
    SLICE_X36Y53         CARRY4 (Prop_carry4_S[0]_O[0])
                                                      0.252    37.144 r  y_reg[15]_i_163/O[0]
                         net (fo=1, routed)           0.573    37.717    y_reg[15]_i_163_n_7
    SLICE_X35Y54         LUT2 (Prop_lut2_I1_O)        0.295    38.012 r  y[15]_i_180/O
                         net (fo=1, routed)           0.000    38.012    y[15]_i_180_n_0
    SLICE_X35Y54         CARRY4 (Prop_carry4_S[3]_O[3])
                                                      0.248    38.260 r  y_reg[15]_i_154/O[3]
                         net (fo=1, routed)           0.430    38.689    y_reg[15]_i_154_n_4
    SLICE_X34Y54         LUT2 (Prop_lut2_I1_O)        0.306    38.995 r  y[15]_i_142/O
                         net (fo=1, routed)           0.000    38.995    y[15]_i_142_n_0
    SLICE_X34Y54         CARRY4 (Prop_carry4_S[3]_O[3])
                                                      0.255    39.250 r  y_reg[15]_i_118/O[3]
                         net (fo=1, routed)           0.589    39.839    y_reg[15]_i_118_n_4
    SLICE_X32Y55         LUT2 (Prop_lut2_I1_O)        0.307    40.146 r  y[15]_i_108/O
                         net (fo=1, routed)           0.000    40.146    y[15]_i_108_n_0
    SLICE_X32Y55         CARRY4 (Prop_carry4_S[2]_O[2])
                                                      0.250    40.396 r  y_reg[15]_i_86/O[2]
                         net (fo=1, routed)           0.602    40.998    y_reg[15]_i_86_n_5
    SLICE_X32Y51         LUT2 (Prop_lut2_I1_O)        0.301    41.299 r  y[15]_i_75/O
                         net (fo=1, routed)           0.000    41.299    y[15]_i_75_n_0
    SLICE_X32Y51         CARRY4 (Prop_carry4_S[3]_O[3])
                                                      0.255    41.554 r  y_reg[15]_i_62/O[3]
                         net (fo=1, routed)           0.454    42.008    acc__0[8]
    SLICE_X33Y51         LUT2 (Prop_lut2_I1_O)        0.307    42.315 r  y[15]_i_38/O
                         net (fo=1, routed)           0.000    42.315    y[15]_i_38_n_0
    SLICE_X33Y51         CARRY4 (Prop_carry4_S[0]_O[0])
                                                      0.247    42.562 r  y_reg[15]_i_20/O[0]
                         net (fo=1, routed)           0.691    43.253    y_reg[15]_i_20_n_7
    SLICE_X33Y54         LUT2 (Prop_lut2_I1_O)        0.299    43.552 r  y[11]_i_26/O
                         net (fo=1, routed)           0.000    43.552    y[11]_i_26_n_0
    SLICE_X33Y54         CARRY4 (Prop_carry4_S[3]_CO[3])
                                                      0.401    43.953 r  y_reg[11]_i_18/CO[3]
                         net (fo=1, routed)           0.000    43.953    y_reg[11]_i_18_n_0
    SLICE_X33Y55         CARRY4 (Prop_carry4_CI_O[0])
                                                      0.222    44.175 r  y_reg[15]_i_8/O[0]
                         net (fo=1, routed)           0.766    44.941    y_reg[15]_i_8_n_7
    SLICE_X34Y59         LUT2 (Prop_lut2_I1_O)        0.299    45.240 r  y[11]_i_8/O
                         net (fo=1, routed)           0.000    45.240    y[11]_i_8_n_0
    SLICE_X34Y59         CARRY4 (Prop_carry4_S[1]_O[2])
                                                      0.578    45.818 r  y_reg[11]_i_2/O[2]
                         net (fo=1, routed)           0.574    46.391    p_0_in[10]
    SLICE_X33Y60         CARRY4 (Prop_carry4_S[2]_O[2])
                                                      0.549    46.940 r  y_reg[11]_i_1/O[2]
                         net (fo=1, routed)           0.000    46.940    acc[10]
    SLICE_X33Y60         FDRE                                         r  y_reg[10]/D
  -------------------------------------------------------------------    -------------------

                         (clock vclk rise edge)      42.714    42.714 r  <hidden>
                                                      0.000    42.714 r  clk
                         net (fo=351, unset)          0.924    43.638    clk
    SLICE_X33Y60         FDRE                                         r  y_reg[10]/C
                         clock pessimism              0.000    43.638    <hidden>
                         clock uncertainty           -0.035    43.603    <hidden>
    SLICE_X33Y60         FDRE (Setup_fdre_C_D)        0.062    43.665    y_reg[10]
  -------------------------------------------------------------------
                         required time                         43.665    <hidden>
                         arrival time                         -46.940    <hidden>
  -------------------------------------------------------------------
                         slack                                 -3.275    <hidden>

Slack (VIOLATED) :        -2.893ns  (required time - arrival time)
  Source:                 d41_reg[2]/C
                            (rising edge-triggered cell FDRE clocked by vclk  {rise@0.000ns fall@21.357ns period=42.714ns})
  Destination:            y_reg[9]/D
                            (rising edge-triggered cell FDRE clocked by vclk  {rise@0.000ns fall@21.357ns period=42.714ns})
  Path Group:             vclk
  Path Type:              Setup (Max at Slow Process Corner)
  Requirement:            42.714ns  (vclk rise@42.714ns - vclk rise@0.000ns)
  Data Path Delay:        45.585ns  (logic 25.337ns (55.582%)  route 20.248ns (44.418%))
  Logic Levels:           86  (CARRY4=47 LUT2=39)
  Clock Path Skew:        -0.049ns (DCD - SCD + CPR)
    Destination Clock Delay (DCD):    0.924ns = ( 43.638 - 42.714 ) 
    Source Clock Delay      (SCD):    0.973ns
    Clock Pessimism Removal (CPR):    0.000ns
  Clock Uncertainty:      0.035ns  ((TSJ^2 + TIJ^2)^1/2 + DJ) / 2 + PE
    Total System Jitter     (TSJ):    0.071ns
    Total Input Jitter      (TIJ):    0.000ns
    Discrete Jitter          (DJ):    0.000ns
    Phase Error              (PE):    0.000ns

    Location             Delay type                Incr(ns)  Path(ns)    Netlist Resource(s)
  -------------------------------------------------------------------    -------------------
                         (clock vclk rise edge)       0.000     0.000 r  <hidden>
                                                      0.000     0.000 r  clk
                         net (fo=351, unset)          0.973     0.973    clk
    SLICE_X46Y61         FDRE                                         r  d41_reg[2]/C
  -------------------------------------------------------------------    -------------------
    SLICE_X46Y61         FDRE (Prop_fdre_C_Q)         0.518     1.491 r  d41_reg[2]/Q
                         net (fo=2, routed)           0.273     1.764    d41[2]
    SLICE_X47Y61         CARRY4 (Prop_carry4_S[0]_O[0])
                                                      0.371     2.135 r  y_reg[7]_i_771/O[0]
                         net (fo=2, routed)           0.486     2.621    acc0[2]
    SLICE_X48Y61         LUT2 (Prop_lut2_I0_O)        0.299     2.920 r  y[7]_i_775/O
                         net (fo=1, routed)           0.000     2.920    y[7]_i_775_n_0
    SLICE_X48Y61         CARRY4 (Prop_carry4_S[0]_O[0])
                                                      0.247     3.167 r  y_reg[7]_i_755/O[0]
                         net (fo=1, routed)           0.299     3.466    y_reg[7]_i_755_n_7
    SLICE_X49Y60         LUT2 (Prop_lut2_I1_O)        0.299     3.765 r  y[7]_i_739/O
                         net (fo=1, routed)           0.000     3.765    y[7]_i_739_n_0
    SLICE_X49Y60         CARRY4 (Prop_carry4_S[0]_O[0])
                                                      0.247     4.012 r  y_reg[7]_i_721/O[0]
                         net (fo=1, routed)           0.712     4.724    y_reg[7]_i_721_n_7
    SLICE_X48Y57         LUT2 (Prop_lut2_I1_O)        0.299     5.023 r  y[7]_i_698/O
                         net (fo=1, routed)           0.000     5.023    y[7]_i_698_n_0
    SLICE_X48Y57         CARRY4 (Prop_carry4_S[0]_O[0])
                                                      0.247     5.270 r  y_reg[7]_i_675/O[0]
                         net (fo=1, routed)           0.473     5.743    y_reg[7]_i_675_n_7
    SLICE_X47Y57         LUT2 (Prop_lut2_I1_O)        0.299     6.042 r  y[7]_i_639/O
                         net (fo=1, routed)           0.000     6.042    y[7]_i_639_n_0
    SLICE_X47Y57         CARRY4 (Prop_carry4_S[1]_O[2])
                                                      0.580     6.622 r  y_reg[7]_i_612/O[2]
                         net (fo=1, routed)           0.454     7.076    y_reg[7]_i_612_n_5
    SLICE_X43Y58         LUT2 (Prop_lut2_I1_O)        0.302     7.378 r  y[7]_i_570/O
                         net (fo=1, routed)           0.000     7.378    y[7]_i_570_n_0
    SLICE_X43Y58         CARRY4 (Prop_carry4_S[3]_CO[3])
                                                      0.401     7.779 r  y_reg[7]_i_539/CO[3]
                         net (fo=1, routed)           0.000     7.779    y_reg[7]_i_539_n_0
    SLICE_X43Y59         CARRY4 (Prop_carry4_CI_O[0])
                                                      0.222     8.001 r  y_reg[7]_i_667/O[0]
                         net (fo=1, routed)           0.310     8.311    y_reg[7]_i_667_n_7
    SLICE_X42Y60         LUT2 (Prop_lut2_I1_O)        0.299     8.610 r  y[7]_i_634/O
                         net (fo=1, routed)           0.000     8.610    y[7]_i_634_n_0
    SLICE_X42Y60         CARRY4 (Prop_carry4_S[0]_O[0])
                                                      0.252     8.862 r  y_reg[7]_i_602/O[0]
                         net (fo=1, routed)           0.439     9.301    y_reg[7]_i_602_n_7
    SLICE_X40Y59         LUT2 (Prop_lut2_I1_O)        0.295     9.596 r  y[7]_i_563/O
                         net (fo=1, routed)           0.000     9.596    y[7]_i_563_n_0
    SLICE_X40Y59         CARRY4 (Prop_carry4_S[3]_CO[3])
                                                      0.401     9.997 r  y_reg[7]_i_528/CO[3]
                         net (fo=1, routed)           0.000     9.997    y_reg[7]_i_528_n_0
    SLICE_X40Y60         CARRY4 (Prop_carry4_CI_O[0])
                                                      0.222    10.219 r  y_reg[7]_i_590/O[0]
                         net (fo=1, routed)           0.603    10.821    y_reg[7]_i_590_n_7
    SLICE_X39Y60         LUT2 (Prop_lut2_I1_O)        0.299    11.120 r  y[7]_i_560/O
                         net (fo=1, routed)           0.000    11.120    y[7]_i_560_n_0
    SLICE_X39Y60         CARRY4 (Prop_carry4_S[0]_O[0])
                                                      0.247    11.367 r  y_reg[7]_i_517/O[0]
                         net (fo=1, routed)           0.568    11.935    y_reg[7]_i_517_n_7
    SLICE_X37Y60         LUT2 (Prop_lut2_I1_O)        0.299    12.234 r  y[7]_i_475/O
                         net (fo=1, routed)           0.000    12.234    y[7]_i_475_n_0
    SLICE_X37Y60         CARRY4 (Prop_carry4_S[1]_O[1])
                                                      0.227    12.461 r  y_reg[7]_i_450/O[1]
                         net (fo=1, routed)           0.610    13.071    y_reg[7]_i_450_n_6
    SLICE_X36Y60         LUT2 (Prop_lut2_I1_O)        0.303    13.374 r  y[7]_i_555/O
                         net (fo=1, routed)           0.000    13.374    y[7]_i_555_n_0
    SLICE_X36Y60         CARRY4 (Prop_carry4_S[0]_O[0])
                                                      0.252    13.626 r  y_reg[7]_i_513/O[0]
                         net (fo=1, routed)           0.559    14.186    y_reg[7]_i_513_n_7
    SLICE_X35Y60         LUT2 (Prop_lut2_I1_O)        0.295    14.481 r  y[7]_i_470/O
                         net (fo=1, routed)           0.000    14.481    y[7]_i_470_n_0
    SLICE_X35Y60         CARRY4 (Prop_carry4_S[1]_O[1])
                                                      0.227    14.708 r  y_reg[7]_i_446/O[1]
                         net (fo=1, routed)           0.459    15.166    y_reg[7]_i_446_n_6
    SLICE_X38Y60         LUT2 (Prop_lut2_I1_O)        0.303    15.469 r  y[7]_i_417/O
                         net (fo=1, routed)           0.000    15.469    y[7]_i_417_n_0
    SLICE_X38Y60         CARRY4 (Prop_carry4_S[1]_O[1])
                                                      0.230    15.699 r  y_reg[7]_i_393/O[1]
                         net (fo=1, routed)           0.713    16.413    y_reg[7]_i_393_n_6
    SLICE_X45Y60         LUT2 (Prop_lut2_I1_O)        0.306    16.719 r  y[7]_i_352/O
                         net (fo=1, routed)           0.000    16.719    y[7]_i_352_n_0
    SLICE_X45Y60         CARRY4 (Prop_carry4_S[3]_CO[3])
                                                      0.401    17.120 r  y_reg[7]_i_325/CO[3]
                         net (fo=1, routed)           0.000    17.120    y_reg[7]_i_325_n_0
    SLICE_X45Y61         CARRY4 (Prop_carry4_CI_O[0])
                                                      0.222    17.342 r  y_reg[7]_i_385/O[0]
                         net (fo=1, routed)           0.574    17.915    y_reg[7]_i_385_n_7
    SLICE_X46Y61         LUT2 (Prop_lut2_I1_O)        0.299    18.214 r  y[7]_i_348/O
                         net (fo=1, routed)           0.000    18.214    y[7]_i_348_n_0
    SLICE_X46Y61         CARRY4 (Prop_carry4_S[1]_O[1])
                                                      0.230    18.444 r  y_reg[7]_i_314/O[1]
                         net (fo=1, routed)           0.413    18.857    y_reg[7]_i_314_n_6
    SLICE_X44Y61         LUT2 (Prop_lut2_I1_O)        0.306    19.163 r  y[7]_i_281/O
                         net (fo=1, routed)           0.000    19.163    y[7]_i_281_n_0
    SLICE_X44Y61         CARRY4 (Prop_carry4_S[3]_CO[3])
                                                      0.401    19.564 r  y_reg[7]_i_264/CO[3]
                         net (fo=1, routed)           0.000    19.564    y_reg[7]_i_264_n_0
    SLICE_X44Y62         CARRY4 (Prop_carry4_CI_O[0])
                                                      0.222    19.786 r  y_reg[7]_i_306/O[0]
                         net (fo=1, routed)           0.638    20.425    y_reg[7]_i_306_n_7
    SLICE_X44Y58         LUT2 (Prop_lut2_I1_O)        0.299    20.724 r  y[7]_i_275/O
                         net (fo=1, routed)           0.000    20.724    y[7]_i_275_n_0
    SLICE_X44Y58         CARRY4 (Prop_carry4_S[3]_CO[3])
                                                      0.401    21.125 r  y_reg[7]_i_253/CO[3]
                         net (fo=1, routed)           0.000    21.125    y_reg[7]_i_253_n_0
    SLICE_X44Y59         CARRY4 (Prop_carry4_CI_O[0])
                                                      0.222    21.347 r  y_reg[15]_i_426/O[0]
                         net (fo=1, routed)           0.483    21.830    y_reg[15]_i_426_n_7
    SLICE_X45Y57         LUT2 (Prop_lut2_I1_O)        0.299    22.129 r  y[15]_i_435/O
                         net (fo=1, routed)           0.000    22.129    y[15]_i_435_n_0
    SLICE_X45Y57         CARRY4 (Prop_carry4_S[2]_O[2])
                                                      0.248    22.377 r  y_reg[15]_i_425/O[2]
                         net (fo=1, routed)           0.428    22.805    y_reg[15]_i_425_n_5
    SLICE_X43Y56         LUT2 (Prop_lut2_I1_O)        0.302    23.107 r  y[15]_i_420/O
                         net (fo=1, routed)           0.000    23.107    y[15]_i_420_n_0
    SLICE_X43Y56         CARRY4 (Prop_carry4_S[0]_O[0])
                                                      0.247    23.354 r  y_reg[15]_i_411/O[0]
                         net (fo=1, routed)           0.455    23.809    y_reg[15]_i_411_n_7
    SLICE_X44Y54         LUT2 (Prop_lut2_I1_O)        0.299    24.108 r  y[7]_i_330/O
                         net (fo=1, routed)           0.000    24.108    y[7]_i_330_n_0
    SLICE_X44Y54         CARRY4 (Prop_carry4_S[3]_O[3])
                                                      0.248    24.356 r  y_reg[7]_i_296/O[3]
                         net (fo=1, routed)           0.301    24.657    y_reg[7]_i_296_n_4
    SLICE_X45Y53         LUT2 (Prop_lut2_I1_O)        0.306    24.963 r  y[7]_i_267/O
                         net (fo=1, routed)           0.000    24.963    y[7]_i_267_n_0
    SLICE_X45Y53         CARRY4 (Prop_carry4_S[3]_O[3])
                                                      0.248    25.211 r  y_reg[7]_i_241/O[3]
                         net (fo=1, routed)           0.460    25.671    y_reg[7]_i_241_n_4
    SLICE_X46Y53         LUT2 (Prop_lut2_I1_O)        0.306    25.977 r  y[7]_i_218/O
                         net (fo=1, routed)           0.000    25.977    y[7]_i_218_n_0
    SLICE_X46Y53         CARRY4 (Prop_carry4_S[3]_O[3])
                                                      0.255    26.232 r  y_reg[7]_i_196/O[3]
                         net (fo=1, routed)           0.458    26.689    y_reg[7]_i_196_n_4
    SLICE_X47Y53         LUT2 (Prop_lut2_I1_O)        0.307    26.996 r  y[15]_i_380/O
                         net (fo=1, routed)           0.000    26.996    y[15]_i_380_n_0
    SLICE_X47Y53         CARRY4 (Prop_carry4_S[1]_O[1])
                                                      0.227    27.223 r  y_reg[15]_i_361/O[1]
                         net (fo=1, routed)           0.568    27.792    y_reg[15]_i_361_n_6
    SLICE_X44Y51         LUT2 (Prop_lut2_I1_O)        0.303    28.095 r  y[15]_i_359/O
                         net (fo=1, routed)           0.000    28.095    y[15]_i_359_n_0
    SLICE_X44Y51         CARRY4 (Prop_carry4_S[0]_O[0])
                                                      0.247    28.342 r  y_reg[15]_i_350/O[0]
                         net (fo=1, routed)           0.446    28.788    y_reg[15]_i_350_n_7
    SLICE_X43Y52         LUT2 (Prop_lut2_I1_O)        0.299    29.087 r  y[15]_i_346/O
                         net (fo=1, routed)           0.000    29.087    y[15]_i_346_n_0
    SLICE_X43Y52         CARRY4 (Prop_carry4_S[0]_O[0])
                                                      0.247    29.334 r  y_reg[15]_i_339/O[0]
                         net (fo=1, routed)           0.310    29.643    y_reg[15]_i_339_n_7
    SLICE_X42Y53         LUT2 (Prop_lut2_I1_O)        0.299    29.942 r  y[15]_i_338/O
                         net (fo=1, routed)           0.000    29.942    y[15]_i_338_n_0
    SLICE_X42Y53         CARRY4 (Prop_carry4_S[0]_O[0])
                                                      0.252    30.194 r  y_reg[15]_i_327/O[0]
                         net (fo=1, routed)           0.430    30.625    y_reg[15]_i_327_n_7
    SLICE_X41Y54         LUT2 (Prop_lut2_I1_O)        0.295    30.920 r  y[15]_i_324/O
                         net (fo=1, routed)           0.000    30.920    y[15]_i_324_n_0
    SLICE_X41Y54         CARRY4 (Prop_carry4_S[0]_O[0])
                                                      0.247    31.167 r  y_reg[15]_i_303/O[0]
                         net (fo=1, routed)           0.495    31.662    y_reg[15]_i_303_n_7
    SLICE_X40Y55         LUT2 (Prop_lut2_I1_O)        0.299    31.961 r  y[15]_i_308/O
                         net (fo=1, routed)           0.000    31.961    y[15]_i_308_n_0
    SLICE_X40Y55         CARRY4 (Prop_carry4_S[3]_O[3])
                                                      0.248    32.209 r  y_reg[15]_i_294/O[3]
                         net (fo=1, routed)           0.430    32.640    y_reg[15]_i_294_n_4
    SLICE_X39Y56         LUT2 (Prop_lut2_I1_O)        0.306    32.946 r  y[15]_i_286/O
                         net (fo=1, routed)           0.000    32.946    y[15]_i_286_n_0
    SLICE_X39Y56         CARRY4 (Prop_carry4_S[0]_O[0])
                                                      0.247    33.193 r  y_reg[15]_i_268/O[0]
                         net (fo=1, routed)           0.429    33.621    y_reg[15]_i_268_n_7
    SLICE_X38Y56         LUT2 (Prop_lut2_I1_O)        0.299    33.920 r  y[15]_i_265/O
                         net (fo=1, routed)           0.000    33.920    y[15]_i_265_n_0
    SLICE_X38Y56         CARRY4 (Prop_carry4_S[0]_O[0])
                                                      0.252    34.172 r  y_reg[15]_i_250/O[0]
                         net (fo=1, routed)           0.426    34.599    y_reg[15]_i_250_n_7
    SLICE_X37Y55         LUT2 (Prop_lut2_I1_O)        0.295    34.894 r  y[15]_i_256/O
                         net (fo=1, routed)           0.000    34.894    y[15]_i_256_n_0
    SLICE_X37Y55         CARRY4 (Prop_carry4_S[2]_O[2])
                                                      0.248    35.142 r  y_reg[15]_i_235/O[2]
                         net (fo=1, routed)           0.432    35.574    y_reg[15]_i_235_n_5
    SLICE_X36Y56         LUT2 (Prop_lut2_I1_O)        0.302    35.876 r  y[15]_i_246/O
                         net (fo=1, routed)           0.000    35.876    y[15]_i_246_n_0
    SLICE_X36Y56         CARRY4 (Prop_carry4_S[3]_O[3])
                                                      0.255    36.131 r  y_reg[15]_i_232/O[3]
                         net (fo=1, routed)           0.454    36.585    y_reg[15]_i_232_n_4
    SLICE_X36Y53         LUT2 (Prop_lut2_I1_O)        0.307    36.892 r  y[15]_i_198/O
                         net (fo=1, routed)           0.000    36.892    y[15]_i_198_n_0
    SLICE_X36Y53         CARRY4 (Prop_carry4_S[0]_O[0])
                                                      0.252    37.144 r  y_reg[15]_i_163/O[0]
                         net (fo=1, routed)           0.573    37.717    y_reg[15]_i_163_n_7
    SLICE_X35Y54         LUT2 (Prop_lut2_I1_O)        0.295    38.012 r  y[15]_i_180/O
                         net (fo=1, routed)           0.000    38.012    y[15]_i_180_n_0
    SLICE_X35Y54         CARRY4 (Prop_carry4_S[3]_O[3])
                                                      0.248    38.260 r  y_reg[15]_i_154/O[3]
                         net (fo=1, routed)           0.430    38.689    y_reg[15]_i_154_n_4
    SLICE_X34Y54         LUT2 (Prop_lut2_I1_O)        0.306    38.995 r  y[15]_i_142/O
                         net (fo=1, routed)           0.000    38.995    y[15]_i_142_n_0
    SLICE_X34Y54         CARRY4 (Prop_carry4_S[3]_O[3])
                                                      0.255    39.250 r  y_reg[15]_i_118/O[3]
                         net (fo=1, routed)           0.589    39.839    y_reg[15]_i_118_n_4
    SLICE_X32Y55         LUT2 (Prop_lut2_I1_O)        0.307    40.146 r  y[15]_i_108/O
                         net (fo=1, routed)           0.000    40.146    y[15]_i_108_n_0
    SLICE_X32Y55         CARRY4 (Prop_carry4_S[2]_O[2])
                                                      0.250    40.396 r  y_reg[15]_i_86/O[2]
                         net (fo=1, routed)           0.602    40.998    y_reg[15]_i_86_n_5
    SLICE_X32Y51         LUT2 (Prop_lut2_I1_O)        0.301    41.299 r  y[15]_i_75/O
                         net (fo=1, routed)           0.000    41.299    y[15]_i_75_n_0
    SLICE_X32Y51         CARRY4 (Prop_carry4_S[3]_O[3])
                                                      0.255    41.554 r  y_reg[15]_i_62/O[3]
                         net (fo=1, routed)           0.454    42.008    acc__0[8]
    SLICE_X33Y51         LUT2 (Prop_lut2_I1_O)        0.307    42.315 r  y[15]_i_38/O
                         net (fo=1, routed)           0.000    42.315    y[15]_i_38_n_0
    SLICE_X33Y51         CARRY4 (Prop_carry4_S[0]_O[0])
                                                      0.247    42.562 r  y_reg[15]_i_20/O[0]
                         net (fo=1, routed)           0.691    43.253    y_reg[15]_i_20_n_7
    SLICE_X33Y54         LUT2 (Prop_lut2_I1_O)        0.299    43.552 r  y[11]_i_26/O
                         net (fo=1, routed)           0.000    43.552    y[11]_i_26_n_0
    SLICE_X33Y54         CARRY4 (Prop_carry4_S[3]_CO[3])
                                                      0.401    43.953 r  y_reg[11]_i_18/CO[3]
                         net (fo=1, routed)           0.000    43.953    y_reg[11]_i_18_n_0
    SLICE_X33Y55         CARRY4 (Prop_carry4_CI_O[0])
                                                      0.222    44.175 r  y_reg[15]_i_8/O[0]
                         net (fo=1, routed)           0.766    44.941    y_reg[15]_i_8_n_7
    SLICE_X34Y59         LUT2 (Prop_lut2_I1_O)        0.299    45.240 r  y[11]_i_8/O
                         net (fo=1, routed)           0.000    45.240    y[11]_i_8_n_0
    SLICE_X34Y59         CARRY4 (Prop_carry4_S[1]_O[1])
                                                      0.230    45.470 r  y_reg[11]_i_2/O[1]
                         net (fo=1, routed)           0.555    46.025    p_0_in[9]
    SLICE_X33Y60         CARRY4 (Prop_carry4_S[1]_O[1])
                                                      0.533    46.558 r  y_reg[11]_i_1/O[1]
                         net (fo=1, routed)           0.000    46.558    acc[9]
    SLICE_X33Y60         FDRE                                         r  y_reg[9]/D
  -------------------------------------------------------------------    -------------------

                         (clock vclk rise edge)      42.714    42.714 r  <hidden>
                                                      0.000    42.714 r  clk
                         net (fo=351, unset)          0.924    43.638    clk
    SLICE_X33Y60         FDRE                                         r  y_reg[9]/C
                         clock pessimism              0.000    43.638    <hidden>
                         clock uncertainty           -0.035    43.603    <hidden>
    SLICE_X33Y60         FDRE (Setup_fdre_C_D)        0.062    43.665    y_reg[9]
  -------------------------------------------------------------------
                         required time                         43.665    <hidden>
                         arrival time                         -46.558    <hidden>
  -------------------------------------------------------------------
                         slack                                 -2.893    <hidden>

Slack (VIOLATED) :        -2.550ns  (required time - arrival time)
  Source:                 d41_reg[2]/C
                            (rising edge-triggered cell FDRE clocked by vclk  {rise@0.000ns fall@21.357ns period=42.714ns})
  Destination:            y_reg[8]/D
                            (rising edge-triggered cell FDRE clocked by vclk  {rise@0.000ns fall@21.357ns period=42.714ns})
  Path Group:             vclk
  Path Type:              Setup (Max at Slow Process Corner)
  Requirement:            42.714ns  (vclk rise@42.714ns - vclk rise@0.000ns)
  Data Path Delay:        45.242ns  (logic 25.000ns (55.259%)  route 20.242ns (44.741%))
  Logic Levels:           86  (CARRY4=46 LUT2=39 LUT4=1)
  Clock Path Skew:        -0.049ns (DCD - SCD + CPR)
    Destination Clock Delay (DCD):    0.924ns = ( 43.638 - 42.714 ) 
    Source Clock Delay      (SCD):    0.973ns
    Clock Pessimism Removal (CPR):    0.000ns
  Clock Uncertainty:      0.035ns  ((TSJ^2 + TIJ^2)^1/2 + DJ) / 2 + PE
    Total System Jitter     (TSJ):    0.071ns
    Total Input Jitter      (TIJ):    0.000ns
    Discrete Jitter          (DJ):    0.000ns
    Phase Error              (PE):    0.000ns

    Location             Delay type                Incr(ns)  Path(ns)    Netlist Resource(s)
  -------------------------------------------------------------------    -------------------
                         (clock vclk rise edge)       0.000     0.000 r  <hidden>
                                                      0.000     0.000 r  clk
                         net (fo=351, unset)          0.973     0.973    clk
    SLICE_X46Y61         FDRE                                         r  d41_reg[2]/C
  -------------------------------------------------------------------    -------------------
    SLICE_X46Y61         FDRE (Prop_fdre_C_Q)         0.518     1.491 r  d41_reg[2]/Q
                         net (fo=2, routed)           0.273     1.764    d41[2]
    SLICE_X47Y61         CARRY4 (Prop_carry4_S[0]_O[0])
                                                      0.371     2.135 r  y_reg[7]_i_771/O[0]
                         net (fo=2, routed)           0.486     2.621    acc0[2]
    SLICE_X48Y61         LUT2 (Prop_lut2_I0_O)        0.299     2.920 r  y[7]_i_775/O
                         net (fo=1, routed)           0.000     2.920    y[7]_i_775_n_0
    SLICE_X48Y61         CARRY4 (Prop_carry4_S[0]_O[0])
                                                      0.247     3.167 r  y_reg[7]_i_755/O[0]
                         net (fo=1, routed)           0.299     3.466    y_reg[7]_i_755_n_7
    SLICE_X49Y60         LUT2 (Prop_lut2_I1_O)        0.299     3.765 r  y[7]_i_739/O
                         net (fo=1, routed)           0.000     3.765    y[7]_i_739_n_0
    SLICE_X49Y60         CARRY4 (Prop_carry4_S[0]_O[0])
                                                      0.247     4.012 r  y_reg[7]_i_721/O[0]
                         net (fo=1, routed)           0.712     4.724    y_reg[7]_i_721_n_7
    SLICE_X48Y57         LUT2 (Prop_lut2_I1_O)        0.299     5.023 r  y[7]_i_698/O
                         net (fo=1, routed)           0.000     5.023    y[7]_i_698_n_0
    SLICE_X48Y57         CARRY4 (Prop_carry4_S[0]_O[0])
                                                      0.247     5.270 r  y_reg[7]_i_675/O[0]
                         net (fo=1, routed)           0.473     5.743    y_reg[7]_i_675_n_7
    SLICE_X47Y57         LUT2 (Prop_lut2_I1_O)        0.299     6.042 r  y[7]_i_639/O
                         net (fo=1, routed)           0.000     6.042    y[7]_i_639_n_0
    SLICE_X47Y57         CARRY4 (Prop_carry4_S[1]_O[2])
                                                      0.580     6.622 r  y_reg[7]_i_612/O[2]
                         net (fo=1, routed)           0.454     7.076    y_reg[7]_i_612_n_5
    SLICE_X43Y58         LUT2 (Prop_lut2_I1_O)        0.302     7.378 r  y[7]_i_570/O
                         net (fo=1, routed)           0.000     7.378    y[7]_i_570_n_0
    SLICE_X43Y58         CARRY4 (Prop_carry4_S[3]_CO[3])
                                                      0.401     7.779 r  y_reg[7]_i_539/CO[3]
                         net (fo=1, routed)           0.000     7.779    y_reg[7]_i_539_n_0
    SLICE_X43Y59         CARRY4 (Prop_carry4_CI_O[0])
                                                      0.222     8.001 r  y_reg[7]_i_667/O[0]
                         net (fo=1, routed)           0.310     8.311    y_reg[7]_i_667_n_7
    SLICE_X42Y60         LUT2 (Prop_lut2_I1_O)        0.299     8.610 r  y[7]_i_634/O
                         net (fo=1, routed)           0.000     8.610    y[7]_i_634_n_0
    SLICE_X42Y60         CARRY4 (Prop_carry4_S[0]_O[0])
                                                      0.252     8.862 r  y_reg[7]_i_602/O[0]
                         net (fo=1, routed)           0.439     9.301    y_reg[7]_i_602_n_7
    SLICE_X40Y59         LUT2 (Prop_lut2_I1_O)        0.295     9.596 r  y[7]_i_563/O
                         net (fo=1, routed)           0.000     9.596    y[7]_i_563_n_0
    SLICE_X40Y59         CARRY4 (Prop_carry4_S[3]_CO[3])
                                                      0.401     9.997 r  y_reg[7]_i_528/CO[3]
                         net (fo=1, routed)           0.000     9.997    y_reg[7]_i_528_n_0
    SLICE_X40Y60         CARRY4 (Prop_carry4_CI_O[0])
                                                      0.222    10.219 r  y_reg[7]_i_590/O[0]
                         net (fo=1, routed)           0.603    10.821    y_reg[7]_i_590_n_7
    SLICE_X39Y60         LUT2 (Prop_lut2_I1_O)        0.299    11.120 r  y[7]_i_560/O
                         net (fo=1, routed)           0.000    11.120    y[7]_i_560_n_0
    SLICE_X39Y60         CARRY4 (Prop_carry4_S[0]_O[0])
                                                      0.247    11.367 r  y_reg[7]_i_517/O[0]
                         net (fo=1, routed)           0.568    11.935    y_reg[7]_i_517_n_7
    SLICE_X37Y60         LUT2 (Prop_lut2_I1_O)        0.299    12.234 r  y[7]_i_475/O
                         net (fo=1, routed)           0.000    12.234    y[7]_i_475_n_0
    SLICE_X37Y60         CARRY4 (Prop_carry4_S[1]_O[1])
                                                      0.227    12.461 r  y_reg[7]_i_450/O[1]
                         net (fo=1, routed)           0.610    13.071    y_reg[7]_i_450_n_6
    SLICE_X36Y60         LUT2 (Prop_lut2_I1_O)        0.303    13.374 r  y[7]_i_555/O
                         net (fo=1, routed)           0.000    13.374    y[7]_i_555_n_0
    SLICE_X36Y60         CARRY4 (Prop_carry4_S[0]_O[0])
                                                      0.252    13.626 r  y_reg[7]_i_513/O[0]
                         net (fo=1, routed)           0.559    14.186    y_reg[7]_i_513_n_7
    SLICE_X35Y60         LUT2 (Prop_lut2_I1_O)        0.295    14.481 r  y[7]_i_470/O
                         net (fo=1, routed)           0.000    14.481    y[7]_i_470_n_0
    SLICE_X35Y60         CARRY4 (Prop_carry4_S[1]_O[1])
                                                      0.227    14.708 r  y_reg[7]_i_446/O[1]
                         net (fo=1, routed)           0.459    15.166    y_reg[7]_i_446_n_6
    SLICE_X38Y60         LUT2 (Prop_lut2_I1_O)        0.303    15.469 r  y[7]_i_417/O
                         net (fo=1, routed)           0.000    15.469    y[7]_i_417_n_0
    SLICE_X38Y60         CARRY4 (Prop_carry4_S[1]_O[1])
                                                      0.230    15.699 r  y_reg[7]_i_393/O[1]
                         net (fo=1, routed)           0.713    16.413    y_reg[7]_i_393_n_6
    SLICE_X45Y60         LUT2 (Prop_lut2_I1_O)        0.306    16.719 r  y[7]_i_352/O
                         net (fo=1, routed)           0.000    16.719    y[7]_i_352_n_0
    SLICE_X45Y60         CARRY4 (Prop_carry4_S[3]_CO[3])
                                                      0.401    17.120 r  y_reg[7]_i_325/CO[3]
                         net (fo=1, routed)           0.000    17.120    y_reg[7]_i_325_n_0
    SLICE_X45Y61         CARRY4 (Prop_carry4_CI_O[0])
                                                      0.222    17.342 r  y_reg[7]_i_385/O[0]
                         net (fo=1, routed)           0.574    17.915    y_reg[7]_i_385_n_7
    SLICE_X46Y61         LUT2 (Prop_lut2_I1_O)        0.299    18.214 r  y[7]_i_348/O
                         net (fo=1, routed)           0.000    18.214    y[7]_i_348_n_0
    SLICE_X46Y61         CARRY4 (Prop_carry4_S[1]_O[1])
                                                      0.230    18.444 r  y_reg[7]_i_314/O[1]
                         net (fo=1, routed)           0.413    18.857    y_reg[7]_i_314_n_6
    SLICE_X44Y61         LUT2 (Prop_lut2_I1_O)        0.306    19.163 r  y[7]_i_281/O
                         net (fo=1, routed)           0.000    19.163    y[7]_i_281_n_0
    SLICE_X44Y61         CARRY4 (Prop_carry4_S[3]_CO[3])
                                                      0.401    19.564 r  y_reg[7]_i_264/CO[3]
                         net (fo=1, routed)           0.000    19.564    y_reg[7]_i_264_n_0
    SLICE_X44Y62         CARRY4 (Prop_carry4_CI_O[0])
                                                      0.222    19.786 r  y_reg[7]_i_306/O[0]
                         net (fo=1, routed)           0.638    20.425    y_reg[7]_i_306_n_7
    SLICE_X44Y58         LUT2 (Prop_lut2_I1_O)        0.299    20.724 r  y[7]_i_275/O
                         net (fo=1, routed)           0.000    20.724    y[7]_i_275_n_0
    SLICE_X44Y58         CARRY4 (Prop_carry4_S[3]_CO[3])
                                                      0.401    21.125 r  y_reg[7]_i_253/CO[3]
                         net (fo=1, routed)           0.000    21.125    y_reg[7]_i_253_n_0
    SLICE_X44Y59         CARRY4 (Prop_carry4_CI_O[0])
                                                      0.222    21.347 r  y_reg[15]_i_426/O[0]
                         net (fo=1, routed)           0.483    21.830    y_reg[15]_i_426_n_7
    SLICE_X45Y57         LUT2 (Prop_lut2_I1_O)        0.299    22.129 r  y[15]_i_435/O
                         net (fo=1, routed)           0.000    22.129    y[15]_i_435_n_0
    SLICE_X45Y57         CARRY4 (Prop_carry4_S[2]_O[2])
                                                      0.248    22.377 r  y_reg[15]_i_425/O[2]
                         net (fo=1, routed)           0.428    22.805    y_reg[15]_i_425_n_5
    SLICE_X43Y56         LUT2 (Prop_lut2_I1_O)        0.302    23.107 r  y[15]_i_420/O
                         net (fo=1, routed)           0.000    23.107    y[15]_i_420_n_0
    SLICE_X43Y56         CARRY4 (Prop_carry4_S[0]_O[0])
                                                      0.247    23.354 r  y_reg[15]_i_411/O[0]
                         net (fo=1, routed)           0.455    23.809    y_reg[15]_i_411_n_7
    SLICE_X44Y54         LUT2 (Prop_lut2_I1_O)        0.299    24.108 r  y[7]_i_330/O
                         net (fo=1, routed)           0.000    24.108    y[7]_i_330_n_0
    SLICE_X44Y54         CARRY4 (Prop_carry4_S[3]_O[3])
                                                      0.248    24.356 r  y_reg[7]_i_296/O[3]
                         net (fo=1, routed)           0.301    24.657    y_reg[7]_i_296_n_4
    SLICE_X45Y53         LUT2 (Prop_lut2_I1_O)        0.306    24.963 r  y[7]_i_267/O
                         net (fo=1, routed)           0.000    24.963    y[7]_i_267_n_0
    SLICE_X45Y53         CARRY4 (Prop_carry4_S[3]_O[3])
                                                      0.248    25.211 r  y_reg[7]_i_241/O[3]
                         net (fo=1, routed)           0.460    25.671    y_reg[7]_i_241_n_4
    SLICE_X46Y53         LUT2 (Prop_lut2_I1_O)        0.306    25.977 r  y[7]_i_218/O
                         net (fo=1, routed)           0.000    25.977    y[7]_i_218_n_0
    SLICE_X46Y53         CARRY4 (Prop_carry4_S[3]_O[3])
                                                      0.255    26.232 r  y_reg[7]_i_196/O[3]
                         net (fo=1, routed)           0.458    26.689    y_reg[7]_i_196_n_4
    SLICE_X47Y53         LUT2 (Prop_lut2_I1_O)        0.307    26.996 r  y[15]_i_380/O
                         net (fo=1, routed)           0.000    26.996    y[15]_i_380_n_0
    SLICE_X47Y53         CARRY4 (Prop_carry4_S[1]_O[1])
                                                      0.227    27.223 r  y_reg[15]_i_361/O[1]
                         net (fo=1, routed)           0.568    27.792    y_reg[15]_i_361_n_6
    SLICE_X44Y51         LUT2 (Prop_lut2_I1_O)        0.303    28.095 r  y[15]_i_359/O
                         net (fo=1, routed)           0.000    28.095    y[15]_i_359_n_0
    SLICE_X44Y51         CARRY4 (Prop_carry4_S[0]_O[0])
                                                      0.247    28.342 r  y_reg[15]_i_350/O[0]
                         net (fo=1, routed)           0.446    28.788    y_reg[15]_i_350_n_7
    SLICE_X43Y52         LUT2 (Prop_lut2_I1_O)        0.299    29.087 r  y[15]_i_346/O
                         net (fo=1, routed)           0.000    29.087    y[15]_i_346_n_0
    SLICE_X43Y52         CARRY4 (Prop_carry4_S[0]_O[0])
                                                      0.247    29.334 r  y_reg[15]_i_339/O[0]
                         net (fo=1, routed)           0.310    29.643    y_reg[15]_i_339_n_7
    SLICE_X42Y53         LUT2 (Prop_lut2_I1_O)        0.299    29.942 r  y[15]_i_338/O
                         net (fo=1, routed)           0.000    29.942    y[15]_i_338_n_0
    SLICE_X42Y53         CARRY4 (Prop_carry4_S[0]_O[0])
                                                      0.252    30.194 r  y_reg[15]_i_327/O[0]
                         net (fo=1, routed)           0.430    30.625    y_reg[15]_i_327_n_7
    SLICE_X41Y54         LUT2 (Prop_lut2_I1_O)        0.295    30.920 r  y[15]_i_324/O
                         net (fo=1, routed)           0.000    30.920    y[15]_i_324_n_0
    SLICE_X41Y54         CARRY4 (Prop_carry4_S[0]_O[0])
                                                      0.247    31.167 r  y_reg[15]_i_303/O[0]
                         net (fo=1, routed)           0.495    31.662    y_reg[15]_i_303_n_7
    SLICE_X40Y55         LUT2 (Prop_lut2_I1_O)        0.299    31.961 r  y[15]_i_308/O
                         net (fo=1, routed)           0.000    31.961    y[15]_i_308_n_0
    SLICE_X40Y55         CARRY4 (Prop_carry4_S[3]_O[3])
                                                      0.248    32.209 r  y_reg[15]_i_294/O[3]
                         net (fo=1, routed)           0.430    32.640    y_reg[15]_i_294_n_4
    SLICE_X39Y56         LUT2 (Prop_lut2_I1_O)        0.306    32.946 r  y[15]_i_286/O
                         net (fo=1, routed)           0.000    32.946    y[15]_i_286_n_0
    SLICE_X39Y56         CARRY4 (Prop_carry4_S[0]_O[0])
                                                      0.247    33.193 r  y_reg[15]_i_268/O[0]
                         net (fo=1, routed)           0.429    33.621    y_reg[15]_i_268_n_7
    SLICE_X38Y56         LUT2 (Prop_lut2_I1_O)        0.299    33.920 r  y[15]_i_265/O
                         net (fo=1, routed)           0.000    33.920    y[15]_i_265_n_0
    SLICE_X38Y56         CARRY4 (Prop_carry4_S[0]_O[0])
                                                      0.252    34.172 r  y_reg[15]_i_250/O[0]
                         net (fo=1, routed)           0.426    34.599    y_reg[15]_i_250_n_7
    SLICE_X37Y55         LUT2 (Prop_lut2_I1_O)        0.295    34.894 r  y[15]_i_256/O
                         net (fo=1, routed)           0.000    34.894    y[15]_i_256_n_0
    SLICE_X37Y55         CARRY4 (Prop_carry4_S[2]_O[2])
                                                      0.248    35.142 r  y_reg[15]_i_235/O[2]
                         net (fo=1, routed)           0.432    35.574    y_reg[15]_i_235_n_5
    SLICE_X36Y56         LUT2 (Prop_lut2_I1_O)        0.302    35.876 r  y[15]_i_246/O
                         net (fo=1, routed)           0.000    35.876    y[15]_i_246_n_0
    SLICE_X36Y56         CARRY4 (Prop_carry4_S[3]_O[3])
                                                      0.255    36.131 r  y_reg[15]_i_232/O[3]
                         net (fo=1, routed)           0.454    36.585    y_reg[15]_i_232_n_4
    SLICE_X36Y53         LUT2 (Prop_lut2_I1_O)        0.307    36.892 r  y[15]_i_198/O
                         net (fo=1, routed)           0.000    36.892    y[15]_i_198_n_0
    SLICE_X36Y53         CARRY4 (Prop_carry4_S[0]_O[0])
                                                      0.252    37.144 r  y_reg[15]_i_163/O[0]
                         net (fo=1, routed)           0.573    37.717    y_reg[15]_i_163_n_7
    SLICE_X35Y54         LUT2 (Prop_lut2_I1_O)        0.295    38.012 r  y[15]_i_180/O
                         net (fo=1, routed)           0.000    38.012    y[15]_i_180_n_0
    SLICE_X35Y54         CARRY4 (Prop_carry4_S[3]_O[3])
                                                      0.248    38.260 r  y_reg[15]_i_154/O[3]
                         net (fo=1, routed)           0.430    38.689    y_reg[15]_i_154_n_4
    SLICE_X34Y54         LUT2 (Prop_lut2_I1_O)        0.306    38.995 r  y[15]_i_142/O
                         net (fo=1, routed)           0.000    38.995    y[15]_i_142_n_0
    SLICE_X34Y54         CARRY4 (Prop_carry4_S[3]_O[3])
                                                      0.255    39.250 r  y_reg[15]_i_118/O[3]
                         net (fo=1, routed)           0.589    39.839    y_reg[15]_i_118_n_4
    SLICE_X32Y55         LUT2 (Prop_lut2_I1_O)        0.307    40.146 r  y[15]_i_108/O
                         net (fo=1, routed)           0.000    40.146    y[15]_i_108_n_0
    SLICE_X32Y55         CARRY4 (Prop_carry4_S[2]_O[2])
                                                      0.250    40.396 r  y_reg[15]_i_86/O[2]
                         net (fo=1, routed)           0.602    40.998    y_reg[15]_i_86_n_5
    SLICE_X32Y51         LUT2 (Prop_lut2_I1_O)        0.301    41.299 r  y[15]_i_75/O
                         net (fo=1, routed)           0.000    41.299    y[15]_i_75_n_0
    SLICE_X32Y51         CARRY4 (Prop_carry4_S[3]_O[3])
                                                      0.255    41.554 r  y_reg[15]_i_62/O[3]
                         net (fo=1, routed)           0.454    42.008    acc__0[8]
    SLICE_X33Y51         LUT2 (Prop_lut2_I1_O)        0.307    42.315 r  y[15]_i_38/O
                         net (fo=1, routed)           0.000    42.315    y[15]_i_38_n_0
    SLICE_X33Y51         CARRY4 (Prop_carry4_S[0]_O[0])
                                                      0.247    42.562 r  y_reg[15]_i_20/O[0]
                         net (fo=1, routed)           0.691    43.253    y_reg[15]_i_20_n_7
    SLICE_X33Y54         LUT2 (Prop_lut2_I1_O)        0.299    43.552 r  y[11]_i_26/O
                         net (fo=1, routed)           0.000    43.552    y[11]_i_26_n_0
    SLICE_X33Y54         CARRY4 (Prop_carry4_S[3]_O[3])
                                                      0.248    43.800 r  y_reg[11]_i_18/O[3]
                         net (fo=1, routed)           0.762    44.561    y_reg[11]_i_18_n_4
    SLICE_X34Y59         LUT2 (Prop_lut2_I1_O)        0.306    44.867 r  y[11]_i_9/O
                         net (fo=1, routed)           0.000    44.867    y[11]_i_9_n_0
    SLICE_X34Y59         CARRY4 (Prop_carry4_S[0]_O[0])
                                                      0.252    45.119 r  y_reg[11]_i_2/O[0]
                         net (fo=2, routed)           0.553    45.673    p_0_in[8]
    SLICE_X33Y60         LUT4 (Prop_lut4_I3_O)        0.295    45.968 r  y[11]_i_3/O
                         net (fo=1, routed)           0.000    45.968    y[11]_i_3_n_0
    SLICE_X33Y60         CARRY4 (Prop_carry4_S[0]_O[0])
                                                      0.247    46.215 r  y_reg[11]_i_1/O[0]
                         net (fo=1, routed)           0.000    46.215    acc[8]
    SLICE_X33Y60         FDRE                                         r  y_reg[8]/D
  -------------------------------------------------------------------    -------------------

                         (clock vclk rise edge)      42.714    42.714 r  <hidden>
                                                      0.000    42.714 r  clk
                         net (fo=351, unset)          0.924    43.638    clk
    SLICE_X33Y60         FDRE                                         r  y_reg[8]/C
                         clock pessimism              0.000    43.638    <hidden>
                         clock uncertainty           -0.035    43.603    <hidden>
    SLICE_X33Y60         FDRE (Setup_fdre_C_D)        0.062    43.665    y_reg[8]
  -------------------------------------------------------------------
                         required time                         43.665    <hidden>
                         arrival time                         -46.215    <hidden>
  -------------------------------------------------------------------
                         slack                                 -2.550    <hidden>

Slack (VIOLATED) :        -2.044ns  (required time - arrival time)
  Source:                 d41_reg[2]/C
                            (rising edge-triggered cell FDRE clocked by vclk  {rise@0.000ns fall@21.357ns period=42.714ns})
  Destination:            y_reg[7]/D
                            (rising edge-triggered cell FDRE clocked by vclk  {rise@0.000ns fall@21.357ns period=42.714ns})
  Path Group:             vclk
  Path Type:              Setup (Max at Slow Process Corner)
  Requirement:            42.714ns  (vclk rise@42.714ns - vclk rise@0.000ns)
  Data Path Delay:        44.736ns  (logic 24.196ns (54.086%)  route 20.540ns (45.914%))
  Logic Levels:           83  (CARRY4=43 LUT2=38 LUT3=1 LUT4=1)
  Clock Path Skew:        -0.049ns (DCD - SCD + CPR)
    Destination Clock Delay (DCD):    0.924ns = ( 43.638 - 42.714 ) 
    Source Clock Delay      (SCD):    0.973ns
    Clock Pessimism Removal (CPR):    0.000ns
  Clock Uncertainty:      0.035ns  ((TSJ^2 + TIJ^2)^1/2 + DJ) / 2 + PE
    Total System Jitter     (TSJ):    0.071ns
    Total Input Jitter      (TIJ):    0.000ns
    Discrete Jitter          (DJ):    0.000ns
    Phase Error              (PE):    0.000ns

    Location             Delay type                Incr(ns)  Path(ns)    Netlist Resource(s)
  -------------------------------------------------------------------    -------------------
                         (clock vclk rise edge)       0.000     0.000 r  <hidden>
                                                      0.000     0.000 r  clk
                         net (fo=351, unset)          0.973     0.973    clk
    SLICE_X46Y61         FDRE                                         r  d41_reg[2]/C
  -------------------------------------------------------------------    -------------------
    SLICE_X46Y61         FDRE (Prop_fdre_C_Q)         0.518     1.491 r  d41_reg[2]/Q
                         net (fo=2, routed)           0.273     1.764    d41[2]
    SLICE_X47Y61         CARRY4 (Prop_carry4_S[0]_O[0])
                                                      0.371     2.135 r  y_reg[7]_i_771/O[0]
                         net (fo=2, routed)           0.486     2.621    acc0[2]
    SLICE_X48Y61         LUT2 (Prop_lut2_I0_O)        0.299     2.920 r  y[7]_i_775/O
                         net (fo=1, routed)           0.000     2.920    y[7]_i_775_n_0
    SLICE_X48Y61         CARRY4 (Prop_carry4_S[0]_O[0])
                                                      0.247     3.167 r  y_reg[7]_i_755/O[0]
                         net (fo=1, routed)           0.299     3.466    y_reg[7]_i_755_n_7
    SLICE_X49Y60         LUT2 (Prop_lut2_I1_O)        0.299     3.765 r  y[7]_i_739/O
                         net (fo=1, routed)           0.000     3.765    y[7]_i_739_n_0
    SLICE_X49Y60         CARRY4 (Prop_carry4_S[0]_O[0])
                                                      0.247     4.012 r  y_reg[7]_i_721/O[0]
                         net (fo=1, routed)           0.712     4.724    y_reg[7]_i_721_n_7
    SLICE_X48Y57         LUT2 (Prop_lut2_I1_O)        0.299     5.023 r  y[7]_i_698/O
                         net (fo=1, routed)           0.000     5.023    y[7]_i_698_n_0
    SLICE_X48Y57         CARRY4 (Prop_carry4_S[0]_O[0])
                                                      0.247     5.270 r  y_reg[7]_i_675/O[0]
                         net (fo=1, routed)           0.473     5.743    y_reg[7]_i_675_n_7
    SLICE_X47Y57         LUT2 (Prop_lut2_I1_O)        0.299     6.042 r  y[7]_i_639/O
                         net (fo=1, routed)           0.000     6.042    y[7]_i_639_n_0
    SLICE_X47Y57         CARRY4 (Prop_carry4_S[1]_O[1])
                                                      0.227     6.269 r  y_reg[7]_i_612/O[1]
                         net (fo=1, routed)           0.436     6.705    y_reg[7]_i_612_n_6
    SLICE_X43Y58         LUT2 (Prop_lut2_I1_O)        0.303     7.008 r  y[7]_i_571/O
                         net (fo=1, routed)           0.000     7.008    y[7]_i_571_n_0
    SLICE_X43Y58         CARRY4 (Prop_carry4_S[2]_O[2])
                                                      0.248     7.256 r  y_reg[7]_i_539/O[2]
                         net (fo=1, routed)           0.428     7.684    y_reg[7]_i_539_n_5
    SLICE_X42Y59         LUT2 (Prop_lut2_I1_O)        0.302     7.986 r  y[7]_i_486/O
                         net (fo=1, routed)           0.000     7.986    y[7]_i_486_n_0
    SLICE_X42Y59         CARRY4 (Prop_carry4_S[2]_O[2])
                                                      0.250     8.236 r  y_reg[7]_i_455/O[2]
                         net (fo=1, routed)           0.464     8.700    y_reg[7]_i_455_n_5
    SLICE_X40Y59         LUT2 (Prop_lut2_I1_O)        0.301     9.001 r  y[7]_i_565/O
                         net (fo=1, routed)           0.000     9.001    y[7]_i_565_n_0
    SLICE_X40Y59         CARRY4 (Prop_carry4_S[1]_O[1])
                                                      0.227     9.228 r  y_reg[7]_i_528/O[1]
                         net (fo=1, routed)           0.565     9.792    y_reg[7]_i_528_n_6
    SLICE_X39Y59         LUT2 (Prop_lut2_I1_O)        0.303    10.095 r  y[7]_i_481/O
                         net (fo=1, routed)           0.000    10.095    y[7]_i_481_n_0
    SLICE_X39Y59         CARRY4 (Prop_carry4_S[1]_O[1])
                                                      0.227    10.322 r  y_reg[7]_i_454/O[1]
                         net (fo=1, routed)           0.476    10.799    y_reg[7]_i_454_n_6
    SLICE_X37Y59         LUT2 (Prop_lut2_I1_O)        0.303    11.102 r  y[7]_i_426/O
                         net (fo=1, routed)           0.000    11.102    y[7]_i_426_n_0
    SLICE_X37Y59         CARRY4 (Prop_carry4_S[2]_O[2])
                                                      0.248    11.350 r  y_reg[7]_i_402/O[2]
                         net (fo=1, routed)           0.522    11.872    y_reg[7]_i_402_n_5
    SLICE_X36Y59         LUT2 (Prop_lut2_I1_O)        0.302    12.174 r  y[7]_i_422/O
                         net (fo=1, routed)           0.000    12.174    y[7]_i_422_n_0
    SLICE_X36Y59         CARRY4 (Prop_carry4_S[1]_O[1])
                                                      0.230    12.404 r  y_reg[7]_i_401/O[1]
                         net (fo=1, routed)           0.624    13.028    y_reg[7]_i_401_n_6
    SLICE_X35Y59         LUT2 (Prop_lut2_I1_O)        0.306    13.334 r  y[7]_i_358/O
                         net (fo=1, routed)           0.000    13.334    y[7]_i_358_n_0
    SLICE_X35Y59         CARRY4 (Prop_carry4_S[2]_O[2])
                                                      0.248    13.582 r  y_reg[7]_i_329/O[2]
                         net (fo=1, routed)           0.463    14.046    y_reg[7]_i_329_n_5
    SLICE_X38Y59         LUT2 (Prop_lut2_I1_O)        0.302    14.348 r  y[7]_i_293/O
                         net (fo=1, routed)           0.000    14.348    y[7]_i_293_n_0
    SLICE_X38Y59         CARRY4 (Prop_carry4_S[2]_O[2])
                                                      0.250    14.598 r  y_reg[7]_i_266/O[2]
                         net (fo=1, routed)           0.573    15.171    y_reg[7]_i_266_n_5
    SLICE_X45Y60         LUT2 (Prop_lut2_I1_O)        0.301    15.472 r  y[7]_i_355/O
                         net (fo=1, routed)           0.000    15.472    y[7]_i_355_n_0
    SLICE_X45Y60         CARRY4 (Prop_carry4_S[0]_O[0])
                                                      0.247    15.719 r  y_reg[7]_i_325/O[0]
                         net (fo=1, routed)           0.456    16.175    y_reg[7]_i_325_n_7
    SLICE_X46Y60         LUT2 (Prop_lut2_I1_O)        0.299    16.474 r  y[7]_i_289/O
                         net (fo=1, routed)           0.000    16.474    y[7]_i_289_n_0
    SLICE_X46Y60         CARRY4 (Prop_carry4_S[1]_O[2])
                                                      0.578    17.052 r  y_reg[7]_i_265/O[2]
                         net (fo=1, routed)           0.427    17.478    y_reg[7]_i_265_n_5
    SLICE_X44Y61         LUT2 (Prop_lut2_I1_O)        0.301    17.779 r  y[7]_i_284/O
                         net (fo=1, routed)           0.000    17.779    y[7]_i_284_n_0
    SLICE_X44Y61         CARRY4 (Prop_carry4_S[0]_O[0])
                                                      0.247    18.026 r  y_reg[7]_i_264/O[0]
                         net (fo=1, routed)           0.674    18.700    y_reg[7]_i_264_n_7
    SLICE_X44Y57         LUT2 (Prop_lut2_I1_O)        0.299    18.999 r  y[7]_i_233/O
                         net (fo=1, routed)           0.000    18.999    y[7]_i_233_n_0
    SLICE_X44Y57         CARRY4 (Prop_carry4_S[3]_CO[3])
                                                      0.401    19.400 r  y_reg[7]_i_212/CO[3]
                         net (fo=1, routed)           0.000    19.400    y_reg[7]_i_212_n_0
    SLICE_X44Y58         CARRY4 (Prop_carry4_CI_O[0])
                                                      0.222    19.622 r  y_reg[7]_i_253/O[0]
                         net (fo=1, routed)           0.483    20.106    y_reg[7]_i_253_n_7
    SLICE_X45Y56         LUT2 (Prop_lut2_I1_O)        0.299    20.405 r  y[7]_i_229/O
                         net (fo=1, routed)           0.000    20.405    y[7]_i_229_n_0
    SLICE_X45Y56         CARRY4 (Prop_carry4_S[2]_O[2])
                                                      0.248    20.653 r  y_reg[7]_i_211/O[2]
                         net (fo=1, routed)           0.428    21.080    y_reg[7]_i_211_n_5
    SLICE_X43Y55         LUT2 (Prop_lut2_I1_O)        0.302    21.382 r  y[7]_i_338/O
                         net (fo=1, routed)           0.000    21.382    y[7]_i_338_n_0
    SLICE_X43Y55         CARRY4 (Prop_carry4_S[0]_O[0])
                                                      0.247    21.629 r  y_reg[7]_i_297/O[0]
                         net (fo=1, routed)           0.455    22.084    y_reg[7]_i_297_n_7
    SLICE_X44Y53         LUT2 (Prop_lut2_I1_O)        0.299    22.383 r  y[7]_i_271/O
                         net (fo=1, routed)           0.000    22.383    y[7]_i_271_n_0
    SLICE_X44Y53         CARRY4 (Prop_carry4_S[3]_O[3])
                                                      0.248    22.631 r  y_reg[7]_i_249/O[3]
                         net (fo=1, routed)           0.301    22.933    y_reg[7]_i_249_n_4
    SLICE_X45Y52         LUT2 (Prop_lut2_I1_O)        0.306    23.239 r  y[7]_i_223/O
                         net (fo=1, routed)           0.000    23.239    y[7]_i_223_n_0
    SLICE_X45Y52         CARRY4 (Prop_carry4_S[3]_O[3])
                                                      0.248    23.487 r  y_reg[7]_i_200/O[3]
                         net (fo=1, routed)           0.460    23.946    y_reg[7]_i_200_n_4
    SLICE_X46Y52         LUT2 (Prop_lut2_I1_O)        0.306    24.252 r  y[7]_i_177/O
                         net (fo=1, routed)           0.000    24.252    y[7]_i_177_n_0
    SLICE_X46Y52         CARRY4 (Prop_carry4_S[3]_O[3])
                                                      0.255    24.507 r  y_reg[7]_i_166/O[3]
                         net (fo=1, routed)           0.458    24.965    y_reg[7]_i_166_n_4
    SLICE_X47Y52         LUT2 (Prop_lut2_I1_O)        0.307    25.272 r  y[7]_i_175/O
                         net (fo=1, routed)           0.000    25.272    y[7]_i_175_n_0
    SLICE_X47Y52         CARRY4 (Prop_carry4_S[1]_O[1])
                                                      0.227    25.499 r  y_reg[7]_i_165/O[1]
                         net (fo=1, routed)           0.571    26.069    y_reg[7]_i_165_n_6
    SLICE_X44Y50         LUT2 (Prop_lut2_I1_O)        0.303    26.372 r  y[7]_i_216/O
                         net (fo=1, routed)           0.000    26.372    y[7]_i_216_n_0
    SLICE_X44Y50         CARRY4 (Prop_carry4_S[0]_O[0])
                                                      0.247    26.619 r  y_reg[7]_i_195/O[0]
                         net (fo=1, routed)           0.446    27.065    y_reg[7]_i_195_n_7
    SLICE_X43Y51         LUT2 (Prop_lut2_I1_O)        0.299    27.364 r  y[7]_i_172/O
                         net (fo=1, routed)           0.000    27.364    y[7]_i_172_n_0
    SLICE_X43Y51         CARRY4 (Prop_carry4_S[0]_O[0])
                                                      0.247    27.611 r  y_reg[7]_i_153/O[0]
                         net (fo=1, routed)           0.310    27.921    y_reg[7]_i_153_n_7
    SLICE_X42Y52         LUT2 (Prop_lut2_I1_O)        0.299    28.220 r  y[7]_i_145/O
                         net (fo=1, routed)           0.000    28.220    y[7]_i_145_n_0
    SLICE_X42Y52         CARRY4 (Prop_carry4_S[0]_O[0])
                                                      0.252    28.472 r  y_reg[7]_i_129/O[0]
                         net (fo=1, routed)           0.430    28.903    y_reg[7]_i_129_n_7
    SLICE_X41Y53         LUT2 (Prop_lut2_I1_O)        0.295    29.198 r  y[7]_i_119/O
                         net (fo=1, routed)           0.000    29.198    y[7]_i_119_n_0
    SLICE_X41Y53         CARRY4 (Prop_carry4_S[0]_O[0])
                                                      0.247    29.445 r  y_reg[7]_i_106/O[0]
                         net (fo=1, routed)           0.495    29.940    y_reg[7]_i_106_n_7
    SLICE_X40Y54         LUT2 (Prop_lut2_I1_O)        0.299    30.239 r  y[7]_i_82/O
                         net (fo=1, routed)           0.000    30.239    y[7]_i_82_n_0
    SLICE_X40Y54         CARRY4 (Prop_carry4_S[3]_O[3])
                                                      0.248    30.487 r  y_reg[7]_i_73/O[3]
                         net (fo=1, routed)           0.602    31.089    y_reg[7]_i_73_n_4
    SLICE_X39Y55         CARRY4 (Prop_carry4_S[0]_O[0])
                                                      0.553    31.642 r  y_reg[15]_i_282/O[0]
                         net (fo=1, routed)           0.429    32.071    y_reg[15]_i_282_n_7
    SLICE_X38Y55         LUT2 (Prop_lut2_I1_O)        0.299    32.370 r  y[7]_i_114/O
                         net (fo=1, routed)           0.000    32.370    y[7]_i_114_n_0
    SLICE_X38Y55         CARRY4 (Prop_carry4_S[0]_O[0])
                                                      0.252    32.622 r  y_reg[7]_i_94/O[0]
                         net (fo=1, routed)           0.426    33.048    y_reg[7]_i_94_n_7
    SLICE_X37Y54         LUT2 (Prop_lut2_I1_O)        0.295    33.343 r  y[7]_i_77/O
                         net (fo=1, routed)           0.000    33.343    y[7]_i_77_n_0
    SLICE_X37Y54         CARRY4 (Prop_carry4_S[2]_O[2])
                                                      0.248    33.591 r  y_reg[7]_i_66/O[2]
                         net (fo=1, routed)           0.432    34.023    y_reg[7]_i_66_n_5
    SLICE_X36Y55         LUT2 (Prop_lut2_I1_O)        0.302    34.325 r  y[7]_i_57/O
                         net (fo=1, routed)           0.000    34.325    y[7]_i_57_n_0
    SLICE_X36Y55         CARRY4 (Prop_carry4_S[3]_CO[3])
                                                      0.376    34.701 r  y_reg[7]_i_51/CO[3]
                         net (fo=1, routed)           0.000    34.701    y_reg[7]_i_51_n_0
    SLICE_X36Y56         CARRY4 (Prop_carry4_CI_O[0])
                                                      0.219    34.920 r  y_reg[15]_i_232/O[0]
                         net (fo=1, routed)           0.589    35.509    y_reg[15]_i_232_n_7
    SLICE_X36Y52         LUT2 (Prop_lut2_I1_O)        0.295    35.804 r  y[15]_i_222/O
                         net (fo=1, routed)           0.000    35.804    y[15]_i_222_n_0
    SLICE_X36Y52         CARRY4 (Prop_carry4_S[1]_O[2])
                                                      0.578    36.382 r  y_reg[15]_i_193/O[2]
                         net (fo=1, routed)           0.580    36.961    y_reg[15]_i_193_n_5
    SLICE_X35Y54         LUT2 (Prop_lut2_I1_O)        0.301    37.262 r  y[15]_i_182/O
                         net (fo=1, routed)           0.000    37.262    y[15]_i_182_n_0
    SLICE_X35Y54         CARRY4 (Prop_carry4_S[1]_O[1])
                                                      0.227    37.489 r  y_reg[15]_i_154/O[1]
                         net (fo=1, routed)           0.602    38.091    y_reg[15]_i_154_n_6
    SLICE_X34Y54         LUT2 (Prop_lut2_I1_O)        0.303    38.394 r  y[15]_i_144/O
                         net (fo=1, routed)           0.000    38.394    y[15]_i_144_n_0
    SLICE_X34Y54         CARRY4 (Prop_carry4_S[1]_O[1])
                                                      0.230    38.624 r  y_reg[15]_i_118/O[1]
                         net (fo=1, routed)           0.429    39.053    y_reg[15]_i_118_n_6
    SLICE_X32Y55         LUT2 (Prop_lut2_I1_O)        0.306    39.359 r  y[15]_i_110/O
                         net (fo=1, routed)           0.000    39.359    y[15]_i_110_n_0
    SLICE_X32Y55         CARRY4 (Prop_carry4_S[0]_O[0])
                                                      0.252    39.611 r  y_reg[15]_i_86/O[0]
                         net (fo=1, routed)           0.602    40.213    y_reg[15]_i_86_n_7
    SLICE_X32Y51         LUT2 (Prop_lut2_I1_O)        0.295    40.508 r  y[15]_i_77/O
                         net (fo=1, routed)           0.000    40.508    y[15]_i_77_n_0
    SLICE_X32Y51         CARRY4 (Prop_carry4_S[1]_O[1])
                                                      0.230    40.738 r  y_reg[15]_i_62/O[1]
                         net (fo=1, routed)           0.408    41.146    acc__0[6]
    SLICE_X33Y50         LUT2 (Prop_lut2_I1_O)        0.306    41.452 r  y[15]_i_51/O
                         net (fo=1, routed)           0.000    41.452    y[15]_i_51_n_0
    SLICE_X33Y50         CARRY4 (Prop_carry4_S[2]_O[2])
                                                      0.248    41.700 r  y_reg[15]_i_33/O[2]
                         net (fo=1, routed)           0.695    42.395    y_reg[15]_i_33_n_5
    SLICE_X33Y54         LUT2 (Prop_lut2_I1_O)        0.302    42.697 r  y[11]_i_28/O
                         net (fo=1, routed)           0.000    42.697    y[11]_i_28_n_0
    SLICE_X33Y54         CARRY4 (Prop_carry4_S[1]_O[1])
                                                      0.227    42.924 r  y_reg[11]_i_18/O[1]
                         net (fo=1, routed)           0.596    43.520    y_reg[11]_i_18_n_6
    SLICE_X34Y58         LUT2 (Prop_lut2_I1_O)        0.303    43.823 r  y[11]_i_12/O
                         net (fo=1, routed)           0.000    43.823    y[11]_i_12_n_0
    SLICE_X34Y58         CARRY4 (Prop_carry4_S[2]_O[2])
                                                      0.250    44.073 r  y_reg[11]_i_4/O[2]
                         net (fo=2, routed)           0.311    44.384    p_0_in[6]
    SLICE_X35Y58         LUT3 (Prop_lut3_I1_O)        0.301    44.685 r  y[7]_i_2/O
                         net (fo=2, routed)           0.652    45.337    y[7]_i_2_n_0
    SLICE_X33Y59         LUT4 (Prop_lut4_I0_O)        0.124    45.461 r  y[7]_i_6/O
                         net (fo=1, routed)           0.000    45.461    y[7]_i_6_n_0
    SLICE_X33Y59         CARRY4 (Prop_carry4_S[3]_O[3])
                                                      0.248    45.709 r  y_reg[7]_i_1/O[3]
                         net (fo=1, routed)           0.000    45.709    acc[7]
    SLICE_X33Y59         FDRE                                         r  y_reg[7]/D
  -------------------------------------------------------------------    -------------------

                         (clock vclk rise edge)      42.714    42.714 r  <hidden>
                                                      0.000    42.714 r  clk
                         net (fo=351, unset)          0.924    43.638    clk
    SLICE_X33Y59         FDRE                                         r  y_reg[7]/C
                         clock pessimism              0.000    43.638    <hidden>
                         clock uncertainty           -0.035    43.603    <hidden>
    SLICE_X33Y59         FDRE (Setup_fdre_C_D)        0.062    43.665    y_reg[7]
  -------------------------------------------------------------------
                         required time                         43.665    <hidden>
                         arrival time                         -45.709    <hidden>
  -------------------------------------------------------------------
                         slack                                 -2.044    <hidden>

Slack (VIOLATED) :        -1.457ns  (required time - arrival time)
  Source:                 d41_reg[2]/C
                            (rising edge-triggered cell FDRE clocked by vclk  {rise@0.000ns fall@21.357ns period=42.714ns})
  Destination:            y_reg[6]/D
                            (rising edge-triggered cell FDRE clocked by vclk  {rise@0.000ns fall@21.357ns period=42.714ns})
  Path Group:             vclk
  Path Type:              Setup (Max at Slow Process Corner)
  Requirement:            42.714ns  (vclk rise@42.714ns - vclk rise@0.000ns)
  Data Path Delay:        44.149ns  (logic 23.794ns (53.894%)  route 20.355ns (46.106%))
  Logic Levels:           82  (CARRY4=42 LUT2=38 LUT3=1 LUT4=1)
  Clock Path Skew:        -0.049ns (DCD - SCD + CPR)
    Destination Clock Delay (DCD):    0.924ns = ( 43.638 - 42.714 ) 
    Source Clock Delay      (SCD):    0.973ns
    Clock Pessimism Removal (CPR):    0.000ns
  Clock Uncertainty:      0.035ns  ((TSJ^2 + TIJ^2)^1/2 + DJ) / 2 + PE
    Total System Jitter     (TSJ):    0.071ns
    Total Input Jitter      (TIJ):    0.000ns
    Discrete Jitter          (DJ):    0.000ns
    Phase Error              (PE):    0.000ns

    Location             Delay type                Incr(ns)  Path(ns)    Netlist Resource(s)
  -------------------------------------------------------------------    -------------------
                         (clock vclk rise edge)       0.000     0.000 r  <hidden>
                                                      0.000     0.000 r  clk
                         net (fo=351, unset)          0.973     0.973    clk
    SLICE_X46Y61         FDRE                                         r  d41_reg[2]/C
  -------------------------------------------------------------------    -------------------
    SLICE_X46Y61         FDRE (Prop_fdre_C_Q)         0.518     1.491 r  d41_reg[2]/Q
                         net (fo=2, routed)           0.273     1.764    d41[2]
    SLICE_X47Y61         CARRY4 (Prop_carry4_S[0]_O[0])
                                                      0.371     2.135 r  y_reg[7]_i_771/O[0]
                         net (fo=2, routed)           0.486     2.621    acc0[2]
    SLICE_X48Y61         LUT2 (Prop_lut2_I0_O)        0.299     2.920 r  y[7]_i_775/O
                         net (fo=1, routed)           0.000     2.920    y[7]_i_775_n_0
    SLICE_X48Y61         CARRY4 (Prop_carry4_S[0]_O[0])
                                                      0.247     3.167 r  y_reg[7]_i_755/O[0]
                         net (fo=1, routed)           0.299     3.466    y_reg[7]_i_755_n_7
    SLICE_X49Y60         LUT2 (Prop_lut2_I1_O)        0.299     3.765 r  y[7]_i_739/O
                         net (fo=1, routed)           0.000     3.765    y[7]_i_739_n_0
    SLICE_X49Y60         CARRY4 (Prop_carry4_S[0]_O[0])
                                                      0.247     4.012 r  y_reg[7]_i_721/O[0]
                         net (fo=1, routed)           0.712     4.724    y_reg[7]_i_721_n_7
    SLICE_X48Y57         LUT2 (Prop_lut2_I1_O)        0.299     5.023 r  y[7]_i_698/O
                         net (fo=1, routed)           0.000     5.023    y[7]_i_698_n_0
    SLICE_X48Y57         CARRY4 (Prop_carry4_S[0]_O[0])
                                                      0.247     5.270 r  y_reg[7]_i_675/O[0]
                         net (fo=1, routed)           0.473     5.743    y_reg[7]_i_675_n_7
    SLICE_X47Y57         LUT2 (Prop_lut2_I1_O)        0.299     6.042 r  y[7]_i_639/O
                         net (fo=1, routed)           0.000     6.042    y[7]_i_639_n_0
    SLICE_X47Y57         CARRY4 (Prop_carry4_S[1]_O[1])
                                                      0.227     6.269 r  y_reg[7]_i_612/O[1]
                         net (fo=1, routed)           0.436     6.705    y_reg[7]_i_612_n_6
    SLICE_X43Y58         LUT2 (Prop_lut2_I1_O)        0.303     7.008 r  y[7]_i_571/O
                         net (fo=1, routed)           0.000     7.008    y[7]_i_571_n_0
    SLICE_X43Y58         CARRY4 (Prop_carry4_S[2]_O[2])
                                                      0.248     7.256 r  y_reg[7]_i_539/O[2]
                         net (fo=1, routed)           0.428     7.684    y_reg[7]_i_539_n_5
    SLICE_X42Y59         LUT2 (Prop_lut2_I1_O)        0.302     7.986 r  y[7]_i_486/O
                         net (fo=1, routed)           0.000     7.986    y[7]_i_486_n_0
    SLICE_X42Y59         CARRY4 (Prop_carry4_S[2]_O[2])
                                                      0.250     8.236 r  y_reg[7]_i_455/O[2]
                         net (fo=1, routed)           0.464     8.700    y_reg[7]_i_455_n_5
    SLICE_X40Y59         LUT2 (Prop_lut2_I1_O)        0.301     9.001 r  y[7]_i_565/O
                         net (fo=1, routed)           0.000     9.001    y[7]_i_565_n_0
    SLICE_X40Y59         CARRY4 (Prop_carry4_S[1]_O[1])
                                                      0.227     9.228 r  y_reg[7]_i_528/O[1]
                         net (fo=1, routed)           0.565     9.792    y_reg[7]_i_528_n_6
    SLICE_X39Y59         LUT2 (Prop_lut2_I1_O)        0.303    10.095 r  y[7]_i_481/O
                         net (fo=1, routed)           0.000    10.095    y[7]_i_481_n_0
    SLICE_X39Y59         CARRY4 (Prop_carry4_S[1]_O[1])
                                                      0.227    10.322 r  y_reg[7]_i_454/O[1]
                         net (fo=1, routed)           0.476    10.799    y_reg[7]_i_454_n_6
    SLICE_X37Y59         LUT2 (Prop_lut2_I1_O)        0.303    11.102 r  y[7]_i_426/O
                         net (fo=1, routed)           0.000    11.102    y[7]_i_426_n_0
    SLICE_X37Y59         CARRY4 (Prop_carry4_S[2]_O[2])
                                                      0.248    11.350 r  y_reg[7]_i_402/O[2]
                         net (fo=1, routed)           0.522    11.872    y_reg[7]_i_402_n_5
    SLICE_X36Y59         LUT2 (Prop_lut2_I1_O)        0.302    12.174 r  y[7]_i_422/O
                         net (fo=1, routed)           0.000    12.174    y[7]_i_422_n_0
    SLICE_X36Y59         CARRY4 (Prop_carry4_S[1]_O[1])
                                                      0.230    12.404 r  y_reg[7]_i_401/O[1]
                         net (fo=1, routed)           0.624    13.028    y_reg[7]_i_401_n_6
    SLICE_X35Y59         LUT2 (Prop_lut2_I1_O)        0.306    13.334 r  y[7]_i_358/O
                         net (fo=1, routed)           0.000    13.334    y[7]_i_358_n_0
    SLICE_X35Y59         CARRY4 (Prop_carry4_S[2]_O[2])
                                                      0.248    13.582 r  y_reg[7]_i_329/O[2]
                         net (fo=1, routed)           0.463    14.046    y_reg[7]_i_329_n_5
    SLICE_X38Y59         LUT2 (Prop_lut2_I1_O)        0.302    14.348 r  y[7]_i_293/O
                         net (fo=1, routed)           0.000    14.348    y[7]_i_293_n_0
    SLICE_X38Y59         CARRY4 (Prop_carry4_S[2]_O[2])
                                                      0.250    14.598 r  y_reg[7]_i_266/O[2]
                         net (fo=1, routed)           0.573    15.171    y_reg[7]_i_266_n_5
    SLICE_X45Y60         LUT2 (Prop_lut2_I1_O)        0.301    15.472 r  y[7]_i_355/O
                         net (fo=1, routed)           0.000    15.472    y[7]_i_355_n_0
    SLICE_X45Y60         CARRY4 (Prop_carry4_S[0]_O[0])
                                                      0.247    15.719 r  y_reg[7]_i_325/O[0]
                         net (fo=1, routed)           0.456    16.175    y_reg[7]_i_325_n_7
    SLICE_X46Y60         LUT2 (Prop_lut2_I1_O)        0.299    16.474 r  y[7]_i_289/O
                         net (fo=1, routed)           0.000    16.474    y[7]_i_289_n_0
    SLICE_X46Y60         CARRY4 (Prop_carry4_S[1]_O[2])
                                                      0.578    17.052 r  y_reg[7]_i_265/O[2]
                         net (fo=1, routed)           0.427    17.478    y_reg[7]_i_265_n_5
    SLICE_X44Y61         LUT2 (Prop_lut2_I1_O)        0.301    17.779 r  y[7]_i_284/O
                         net (fo=1, routed)           0.000    17.779    y[7]_i_284_n_0
    SLICE_X44Y61         CARRY4 (Prop_carry4_S[0]_O[0])
                                                      0.247    18.026 r  y_reg[7]_i_264/O[0]
                         net (fo=1, routed)           0.674    18.700    y_reg[7]_i_264_n_7
    SLICE_X44Y57         LUT2 (Prop_lut2_I1_O)        0.299    18.999 r  y[7]_i_233/O
                         net (fo=1, routed)           0.000    18.999    y[7]_i_233_n_0
    SLICE_X44Y57         CARRY4 (Prop_carry4_S[3]_CO[3])
                                                      0.401    19.400 r  y_reg[7]_i_212/CO[3]
                         net (fo=1, routed)           0.000    19.400    y_reg[7]_i_212_n_0
    SLICE_X44Y58         CARRY4 (Prop_carry4_CI_O[0])
                                                      0.222    19.622 r  y_reg[7]_i_253/O[0]
                         net (fo=1, routed)           0.483    20.106    y_reg[7]_i_253_n_7
    SLICE_X45Y56         LUT2 (Prop_lut2_I1_O)        0.299    20.405 r  y[7]_i_229/O
                         net (fo=1, routed)           0.000    20.405    y[7]_i_229_n_0
    SLICE_X45Y56         CARRY4 (Prop_carry4_S[2]_O[2])
                                                      0.248    20.653 r  y_reg[7]_i_211/O[2]
                         net (fo=1, routed)           0.428    21.080    y_reg[7]_i_211_n_5
    SLICE_X43Y55         LUT2 (Prop_lut2_I1_O)        0.302    21.382 r  y[7]_i_338/O
                         net (fo=1, routed)           0.000    21.382    y[7]_i_338_n_0
    SLICE_X43Y55         CARRY4 (Prop_carry4_S[0]_O[0])
                                                      0.247    21.629 r  y_reg[7]_i_297/O[0]
                         net (fo=1, routed)           0.455    22.084    y_reg[7]_i_297_n_7
    SLICE_X44Y53         LUT2 (Prop_lut2_I1_O)        0.299    22.383 r  y[7]_i_271/O
                         net (fo=1, routed)           0.000    22.383    y[7]_i_271_n_0
    SLICE_X44Y53         CARRY4 (Prop_carry4_S[3]_O[3])
                                                      0.248    22.631 r  y_reg[7]_i_249/O[3]
                         net (fo=1, routed)           0.301    22.933    y_reg[7]_i_249_n_4
    SLICE_X45Y52         LUT2 (Prop_lut2_I1_O)        0.306    23.239 r  y[7]_i_223/O
                         net (fo=1, routed)           0.000    23.239    y[7]_i_223_n_0
    SLICE_X45Y52         CARRY4 (Prop_carry4_S[3]_O[3])
                                                      0.248    23.487 r  y_reg[7]_i_200/O[3]
                         net (fo=1, routed)           0.460    23.946    y_reg[7]_i_200_n_4
    SLICE_X46Y52         LUT2 (Prop_lut2_I1_O)        0.306    24.252 r  y[7]_i_177/O
                         net (fo=1, routed)           0.000    24.252    y[7]_i_177_n_0
    SLICE_X46Y52         CARRY4 (Prop_carry4_S[3]_O[3])
                                                      0.255    24.507 r  y_reg[7]_i_166/O[3]
                         net (fo=1, routed)           0.458    24.965    y_reg[7]_i_166_n_4
    SLICE_X47Y52         LUT2 (Prop_lut2_I1_O)        0.307    25.272 r  y[7]_i_175/O
                         net (fo=1, routed)           0.000    25.272    y[7]_i_175_n_0
    SLICE_X47Y52         CARRY4 (Prop_carry4_S[1]_O[1])
                                                      0.227    25.499 r  y_reg[7]_i_165/O[1]
                         net (fo=1, routed)           0.571    26.069    y_reg[7]_i_165_n_6
    SLICE_X44Y50         LUT2 (Prop_lut2_I1_O)        0.303    26.372 r  y[7]_i_216/O
                         net (fo=1, routed)           0.000    26.372    y[7]_i_216_n_0
    SLICE_X44Y50         CARRY4 (Prop_carry4_S[0]_O[0])
                                                      0.247    26.619 r  y_reg[7]_i_195/O[0]
                         net (fo=1, routed)           0.446    27.065    y_reg[7]_i_195_n_7
    SLICE_X43Y51         LUT2 (Prop_lut2_I1_O)        0.299    27.364 r  y[7]_i_172/O
                         net (fo=1, routed)           0.000    27.364    y[7]_i_172_n_0
    SLICE_X43Y51         CARRY4 (Prop_carry4_S[0]_O[0])
                                                      0.247    27.611 r  y_reg[7]_i_153/O[0]
                         net (fo=1, routed)           0.310    27.921    y_reg[7]_i_153_n_7
    SLICE_X42Y52         LUT2 (Prop_lut2_I1_O)        0.299    28.220 r  y[7]_i_145/O
                         net (fo=1, routed)           0.000    28.220    y[7]_i_145_n_0
    SLICE_X42Y52         CARRY4 (Prop_carry4_S[0]_O[0])
                                                      0.252    28.472 r  y_reg[7]_i_129/O[0]
                         net (fo=1, routed)           0.430    28.903    y_reg[7]_i_129_n_7
    SLICE_X41Y53         LUT2 (Prop_lut2_I1_O)        0.295    29.198 r  y[7]_i_119/O
                         net (fo=1, routed)           0.000    29.198    y[7]_i_119_n_0
    SLICE_X41Y53         CARRY4 (Prop_carry4_S[0]_O[0])
                                                      0.247    29.445 r  y_reg[7]_i_106/O[0]
                         net (fo=1, routed)           0.495    29.940    y_reg[7]_i_106_n_7
    SLICE_X40Y54         LUT2 (Prop_lut2_I1_O)        0.299    30.239 r  y[7]_i_82/O
                         net (fo=1, routed)           0.000    30.239    y[7]_i_82_n_0
    SLICE_X40Y54         CARRY4 (Prop_carry4_S[3]_O[3])
                                                      0.248    30.487 r  y_reg[7]_i_73/O[3]
                         net (fo=1, routed)           0.602    31.089    y_reg[7]_i_73_n_4
    SLICE_X39Y55         CARRY4 (Prop_carry4_S[0]_O[0])
                                                      0.553    31.642 r  y_reg[15]_i_282/O[0]
                         net (fo=1, routed)           0.429    32.071    y_reg[15]_i_282_n_7
    SLICE_X38Y55         LUT2 (Prop_lut2_I1_O)        0.299    32.370 r  y[7]_i_114/O
                         net (fo=1, routed)           0.000    32.370    y[7]_i_114_n_0
    SLICE_X38Y55         CARRY4 (Prop_carry4_S[0]_O[0])
                                                      0.252    32.622 r  y_reg[7]_i_94/O[0]
                         net (fo=1, routed)           0.426    33.048    y_reg[7]_i_94_n_7
    SLICE_X37Y54         LUT2 (Prop_lut2_I1_O)        0.295    33.343 r  y[7]_i_77/O
                         net (fo=1, routed)           0.000    33.343    y[7]_i_77_n_0
    SLICE_X37Y54         CARRY4 (Prop_carry4_S[2]_O[2])
                                                      0.248    33.591 r  y_reg[7]_i_66/O[2]
                         net (fo=1, routed)           0.432    34.023    y_reg[7]_i_66_n_5
    SLICE_X36Y55         LUT2 (Prop_lut2_I1_O)        0.302    34.325 r  y[7]_i_57/O
                         net (fo=1, routed)           0.000    34.325    y[7]_i_57_n_0
    SLICE_X36Y55         CARRY4 (Prop_carry4_S[3]_O[3])
                                                      0.255    34.580 r  y_reg[7]_i_51/O[3]
                         net (fo=1, routed)           0.454    35.034    y_reg[7]_i_51_n_4
    SLICE_X36Y52         LUT2 (Prop_lut2_I1_O)        0.307    35.341 r  y[15]_i_223/O
                         net (fo=1, routed)           0.000    35.341    y[15]_i_223_n_0
    SLICE_X36Y52         CARRY4 (Prop_carry4_S[0]_O[0])
                                                      0.252    35.593 r  y_reg[15]_i_193/O[0]
                         net (fo=1, routed)           0.573    36.166    y_reg[15]_i_193_n_7
    SLICE_X35Y53         LUT2 (Prop_lut2_I1_O)        0.295    36.461 r  y[15]_i_206/O
                         net (fo=1, routed)           0.000    36.461    y[15]_i_206_n_0
    SLICE_X35Y53         CARRY4 (Prop_carry4_S[3]_O[3])
                                                      0.248    36.709 r  y_reg[15]_i_178/O[3]
                         net (fo=1, routed)           0.430    37.139    y_reg[15]_i_178_n_4
    SLICE_X34Y53         LUT2 (Prop_lut2_I1_O)        0.306    37.445 r  y[7]_i_53/O
                         net (fo=1, routed)           0.000    37.445    y[7]_i_53_n_0
    SLICE_X34Y53         CARRY4 (Prop_carry4_S[3]_O[3])
                                                      0.255    37.700 r  y_reg[7]_i_47/O[3]
                         net (fo=1, routed)           0.589    38.289    y_reg[7]_i_47_n_4
    SLICE_X32Y54         LUT2 (Prop_lut2_I1_O)        0.307    38.596 r  y[15]_i_134/O
                         net (fo=1, routed)           0.000    38.596    y[15]_i_134_n_0
    SLICE_X32Y54         CARRY4 (Prop_carry4_S[2]_O[2])
                                                      0.250    38.846 r  y_reg[15]_i_105/O[2]
                         net (fo=1, routed)           0.602    39.447    y_reg[15]_i_105_n_5
    SLICE_X32Y50         LUT2 (Prop_lut2_I1_O)        0.301    39.748 r  y[7]_i_35/O
                         net (fo=1, routed)           0.000    39.748    y[7]_i_35_n_0
    SLICE_X32Y50         CARRY4 (Prop_carry4_S[3]_O[3])
                                                      0.255    40.003 r  y_reg[7]_i_32/O[3]
                         net (fo=1, routed)           0.455    40.458    acc__0[4]
    SLICE_X33Y50         LUT2 (Prop_lut2_I1_O)        0.307    40.765 r  y[15]_i_53/O
                         net (fo=1, routed)           0.000    40.765    y[15]_i_53_n_0
    SLICE_X33Y50         CARRY4 (Prop_carry4_S[0]_O[1])
                                                      0.424    41.189 r  y_reg[15]_i_33/O[1]
                         net (fo=1, routed)           0.685    41.875    y_reg[15]_i_33_n_6
    SLICE_X33Y54         LUT2 (Prop_lut2_I1_O)        0.303    42.178 r  y[11]_i_29/O
                         net (fo=1, routed)           0.000    42.178    y[11]_i_29_n_0
    SLICE_X33Y54         CARRY4 (Prop_carry4_S[0]_O[0])
                                                      0.247    42.425 r  y_reg[11]_i_18/O[0]
                         net (fo=1, routed)           0.614    43.039    y_reg[11]_i_18_n_7
    SLICE_X34Y58         LUT2 (Prop_lut2_I1_O)        0.299    43.338 r  y[11]_i_13/O
                         net (fo=1, routed)           0.000    43.338    y[11]_i_13_n_0
    SLICE_X34Y58         CARRY4 (Prop_carry4_S[1]_O[1])
                                                      0.230    43.568 r  y_reg[11]_i_4/O[1]
                         net (fo=2, routed)           0.311    43.879    p_0_in[5]
    SLICE_X35Y58         LUT3 (Prop_lut3_I1_O)        0.306    44.185 r  y[7]_i_3/O
                         net (fo=2, routed)           0.565    44.750    y[7]_i_3_n_0
    SLICE_X33Y59         LUT4 (Prop_lut4_I3_O)        0.124    44.874 r  y[7]_i_7/O
                         net (fo=1, routed)           0.000    44.874    y[7]_i_7_n_0
    SLICE_X33Y59         CARRY4 (Prop_carry4_S[2]_O[2])
                                                      0.248    45.122 r  y_reg[7]_i_1/O[2]
                         net (fo=1, routed)           0.000    45.122    acc[6]
    SLICE_X33Y59         FDRE                                         r  y_reg[6]/D
  -------------------------------------------------------------------    -------------------

                         (clock vclk rise edge)      42.714    42.714 r  <hidden>
                                                      0.000    42.714 r  clk
                         net (fo=351, unset)          0.924    43.638    clk
    SLICE_X33Y59         FDRE                                         r  y_reg[6]/C
                         clock pessimism              0.000    43.638    <hidden>
                         clock uncertainty           -0.035    43.603    <hidden>
    SLICE_X33Y59         FDRE (Setup_fdre_C_D)        0.062    43.665    y_reg[6]
  -------------------------------------------------------------------
                         required time                         43.665    <hidden>
                         arrival time                         -45.122    <hidden>
  -------------------------------------------------------------------
                         slack                                 -1.457    <hidden>





Pulse Width Checks
--------------------------------------------------------------------------------------
Clock Name:         vclk
Waveform(ns):       { 0.000 21.357 }
Period(ns):         42.714
Sources:            { clk }

Check Type        Corner  Lib Pin  Reference Pin  Required(ns)  Actual(ns)  Slack(ns)  Location      Pin
Min Period        n/a     FDRE/C   n/a            1.000         42.714      41.714     SLICE_X45Y62  d0_reg[0]/C
Min Period        n/a     FDRE/C   n/a            1.000         42.714      41.714     SLICE_X42Y62  d0_reg[1]/C
Min Period        n/a     FDRE/C   n/a            1.000         42.714      41.714     SLICE_X45Y61  d0_reg[2]/C
Min Period        n/a     FDRE/C   n/a            1.000         42.714      41.714     SLICE_X42Y62  d0_reg[3]/C
Min Period        n/a     FDRE/C   n/a            1.000         42.714      41.714     SLICE_X43Y62  d0_reg[4]/C
Min Period        n/a     FDRE/C   n/a            1.000         42.714      41.714     SLICE_X42Y62  d0_reg[5]/C
Min Period        n/a     FDRE/C   n/a            1.000         42.714      41.714     SLICE_X43Y63  d0_reg[6]/C
Min Period        n/a     FDRE/C   n/a            1.000         42.714      41.714     SLICE_X45Y63  d0_reg[7]/C
Min Period        n/a     FDRE/C   n/a            1.000         42.714      41.714     SLICE_X36Y54  d10_reg[0]/C
Min Period        n/a     FDRE/C   n/a            1.000         42.714      41.714     SLICE_X33Y54  d10_reg[1]/C
Low Pulse Width   Slow    FDRE/C   n/a            0.500         21.357      20.857     SLICE_X45Y62  d0_reg[0]/C
Low Pulse Width   Fast    FDRE/C   n/a            0.500         21.357      20.857     SLICE_X45Y62  d0_reg[0]/C
Low Pulse Width   Slow    FDRE/C   n/a            0.500         21.357      20.857     SLICE_X42Y62  d0_reg[1]/C
Low Pulse Width   Fast    FDRE/C   n/a            0.500         21.357      20.857     SLICE_X42Y62  d0_reg[1]/C
Low Pulse Width   Slow    FDRE/C   n/a            0.500         21.357      20.857     SLICE_X45Y61  d0_reg[2]/C
Low Pulse Width   Fast    FDRE/C   n/a            0.500         21.357      20.857     SLICE_X45Y61  d0_reg[2]/C
Low Pulse Width   Slow    FDRE/C   n/a            0.500         21.357      20.857     SLICE_X42Y62  d0_reg[3]/C
Low Pulse Width   Fast    FDRE/C   n/a            0.500         21.357      20.857     SLICE_X42Y62  d0_reg[3]/C
Low Pulse Width   Slow    FDRE/C   n/a            0.500         21.357      20.857     SLICE_X43Y62  d0_reg[4]/C
Low Pulse Width   Fast    FDRE/C   n/a            0.500         21.357      20.857     SLICE_X43Y62  d0_reg[4]/C
High Pulse Width  Slow    FDRE/C   n/a            0.500         21.357      20.857     SLICE_X45Y62  d0_reg[0]/C
High Pulse Width  Fast    FDRE/C   n/a            0.500         21.357      20.857     SLICE_X45Y62  d0_reg[0]/C
High Pulse Width  Slow    FDRE/C   n/a            0.500         21.357      20.857     SLICE_X42Y62  d0_reg[1]/C
High Pulse Width  Fast    FDRE/C   n/a            0.500         21.357      20.857     SLICE_X42Y62  d0_reg[1]/C
High Pulse Width  Slow    FDRE/C   n/a            0.500         21.357      20.857     SLICE_X45Y61  d0_reg[2]/C
High Pulse Width  Fast    FDRE/C   n/a            0.500         21.357      20.857     SLICE_X45Y61  d0_reg[2]/C
High Pulse Width  Slow    FDRE/C   n/a            0.500         21.357      20.857     SLICE_X42Y62  d0_reg[3]/C
High Pulse Width  Fast    FDRE/C   n/a            0.500         21.357      20.857     SLICE_X42Y62  d0_reg[3]/C
High Pulse Width  Slow    FDRE/C   n/a            0.500         21.357      20.857     SLICE_X43Y62  d0_reg[4]/C
High Pulse Width  Fast    FDRE/C   n/a            0.500         21.357      20.857     SLICE_X43Y62  d0_reg[4]/C



