Copyright 1986-2022 Xilinx, Inc. All Rights Reserved. Copyright 2022-2026 Advanced Micro Devices, Inc. All Rights Reserved.
----------------------------------------------------------------------------------------------------------------------------------------------------------------------------------------------------------------------------------------------------------------------------------------
| Tool Version : Vivado v.2026.1 (win64) Build 6511674 Tue Jun 16 11:02:23 MDT 2026
| Date         : Mon Aug 31 00:19:48 2026
| Host         : Amine running 64-bit major release  (build 9200)
| Command      : report_timing_summary -delay_type max -max_paths 10 -report_unconstrained -check_timing_verbose -warn_on_violation -file C:/Users/Amine/mas/fpga-repo/timing_closure_candidate_v7/results/c08_med_rf_med21/trial_006_search_p94p10053125_a0/reports/timing_summary.rpt
| Design       : rf_s1__med21__g0
| Device       : 7z020-clg400
| Speed File   : -1  PRODUCTION 1.12 2019-11-22
| Design State : Routed
----------------------------------------------------------------------------------------------------------------------------------------------------------------------------------------------------------------------------------------------------------------------------------------

Timing Summary Report

------------------------------------------------------------------------------------------------
| Timer Settings
| --------------
------------------------------------------------------------------------------------------------

  Enable Multi Corner Analysis               :  Yes
  Enable Pessimism Removal                   :  Yes
  Pessimism Removal Resolution               :  Nearest Common Node
  Enable Input Delay Default Clock           :  No
  Enable Preset / Clear Arcs                 :  No
  Disable Flight Delays                      :  No
  Ignore I/O Paths                           :  No
  Timing Early Launch at Borrowing Latches   :  No
  Borrow Time for Max Delay Exceptions       :  Yes
  Merge Timing Exceptions                    :  Yes
  Inter-SLR Compensation                     :  Conservative

  Corner  Analyze    Analyze    
  Name    Max Paths  Min Paths  
  ------  ---------  ---------  
  Slow    Yes        Yes        
  Fast    Yes        Yes        


------------------------------------------------------------------------------------------------
| Report Methodology
| ------------------
------------------------------------------------------------------------------------------------

No report available as report_methodology has not been run prior. Run report_methodology on the current design for the summary of methodology violations.



check_timing report

Table of Contents
-----------------
1. checking no_clock (0)
2. checking constant_clock (0)
3. checking pulse_width_clock (0)
4. checking unconstrained_internal_endpoints (0)
5. checking no_input_delay (0)
6. checking no_output_delay (0)
7. checking multiple_clock (0)
8. checking generated_clocks (0)
9. checking loops (0)
10. checking partial_input_delay (0)
11. checking partial_output_delay (0)
12. checking latch_loops (0)

1. checking no_clock (0)
------------------------
 There are 0 register/latch pins with no clock.


2. checking constant_clock (0)
------------------------------
 There are 0 register/latch pins with constant_clock.


3. checking pulse_width_clock (0)
---------------------------------
 There are 0 register/latch pins which need pulse_width check


4. checking unconstrained_internal_endpoints (0)
------------------------------------------------
 There are 0 pins that are not constrained for maximum delay.

 There are 0 pins that are not constrained for maximum delay due to constant clock.


5. checking no_input_delay (0)
------------------------------
 There are 0 input ports with no input delay specified.

 There are 0 input ports with no input delay but user has a false path constraint.


6. checking no_output_delay (0)
-------------------------------
 There are 0 ports with no output delay specified.

 There are 0 ports with no output delay but user has a false path constraint

 There are 0 ports with no output delay but with a timing clock defined on it or propagating through it


7. checking multiple_clock (0)
------------------------------
 There are 0 register/latch pins with multiple clocks.


8. checking generated_clocks (0)
--------------------------------
 There are 0 generated clocks that are not connected to a clock source.


9. checking loops (0)
---------------------
 There are 0 combinational loops in the design.


10. checking partial_input_delay (0)
------------------------------------
 There are 0 input ports with partial input delay specified.


11. checking partial_output_delay (0)
-------------------------------------
 There are 0 ports with partial output delay specified.


12. checking latch_loops (0)
----------------------------
 There are 0 combinational latch loops in the design through latch input



------------------------------------------------------------------------------------------------
| Design Timing Summary
| ---------------------
------------------------------------------------------------------------------------------------

    WNS(ns)      TNS(ns)  TNS Failing Endpoints  TNS Total Endpoints     WPWS(ns)     TPWS(ns)  TPWS Failing Endpoints  TPWS Total Endpoints  
    -------      -------  ---------------------  -------------------     --------     --------  ----------------------  --------------------  
     -1.661      -12.876                      8                  344       46.550        0.000                       0                   168  


Timing constraints are not met.


------------------------------------------------------------------------------------------------
| Clock Summary
| -------------
------------------------------------------------------------------------------------------------

Clock  Waveform(ns)       Period(ns)      Frequency(MHz)
-----  ------------       ----------      --------------
vclk   {0.000 47.050}     94.101          10.627          


------------------------------------------------------------------------------------------------
| Intra Clock Table
| -----------------
------------------------------------------------------------------------------------------------

Clock             WNS(ns)      TNS(ns)  TNS Failing Endpoints  TNS Total Endpoints     WPWS(ns)     TPWS(ns)  TPWS Failing Endpoints  TPWS Total Endpoints  
-----             -------      -------  ---------------------  -------------------     --------     --------  ----------------------  --------------------  
vclk               -1.661      -12.876                      8                  344       46.550        0.000                       0                   168  


------------------------------------------------------------------------------------------------
| Inter Clock Table
| -----------------
------------------------------------------------------------------------------------------------

From Clock    To Clock          WNS(ns)      TNS(ns)  TNS Failing Endpoints  TNS Total Endpoints  
----------    --------          -------      -------  ---------------------  -------------------  


------------------------------------------------------------------------------------------------
| Other Path Groups Table
| -----------------------
------------------------------------------------------------------------------------------------

Path Group    From Clock    To Clock          WNS(ns)      TNS(ns)  TNS Failing Endpoints  TNS Total Endpoints  
----------    ----------    --------          -------      -------  ---------------------  -------------------  


------------------------------------------------------------------------------------------------
| User Ignored Path Table
| -----------------------
------------------------------------------------------------------------------------------------

Path Group    From Clock    To Clock    
----------    ----------    --------    


------------------------------------------------------------------------------------------------
| Unconstrained Path Table
| ------------------------
------------------------------------------------------------------------------------------------

Path Group    From Clock    To Clock    
----------    ----------    --------    


------------------------------------------------------------------------------------------------
| Timing Details
| --------------
------------------------------------------------------------------------------------------------


---------------------------------------------------------------------------------------------------
From Clock:  vclk
  To Clock:  vclk

Setup :            8  Failing Endpoints,  Worst Slack       -1.661ns,  Total Violation      -12.876ns
Hold  :           NA  Failing Endpoints,  Worst Slack           NA  ,  Total Violation           NA
PW    :            0  Failing Endpoints,  Worst Slack       46.550ns,  Total Violation        0.000ns
---------------------------------------------------------------------------------------------------


Max Delay Paths
--------------------------------------------------------------------------------------
Slack (VIOLATED) :        -1.661ns  (required time - arrival time)
  Source:                 w0_reg[1]/C
                            (rising edge-triggered cell FDRE clocked by vclk  {rise@0.000ns fall@47.050ns period=94.101ns})
  Destination:            y_reg[2]/D
                            (rising edge-triggered cell FDRE clocked by vclk  {rise@0.000ns fall@47.050ns period=94.101ns})
  Path Group:             vclk
  Path Type:              Setup (Max at Slow Process Corner)
  Requirement:            94.101ns  (vclk rise@94.101ns - vclk rise@0.000ns)
  Data Path Delay:        95.759ns  (logic 27.889ns (29.124%)  route 67.870ns (70.876%))
  Logic Levels:           90  (CARRY4=30 LUT3=8 LUT4=12 LUT5=21 LUT6=19)
  Clock Path Skew:        -0.049ns (DCD - SCD + CPR)
    Destination Clock Delay (DCD):    0.924ns = ( 95.025 - 94.101 ) 
    Source Clock Delay      (SCD):    0.973ns
    Clock Pessimism Removal (CPR):    0.000ns
  Clock Uncertainty:      0.035ns  ((TSJ^2 + TIJ^2)^1/2 + DJ) / 2 + PE
    Total System Jitter     (TSJ):    0.071ns
    Total Input Jitter      (TIJ):    0.000ns
    Discrete Jitter          (DJ):    0.000ns
    Phase Error              (PE):    0.000ns

    Location             Delay type                Incr(ns)  Path(ns)    Netlist Resource(s)
  -------------------------------------------------------------------    -------------------
                         (clock vclk rise edge)       0.000     0.000 r  <hidden>
                                                      0.000     0.000 r  clk
                         net (fo=167, unset)          0.973     0.973    clk
    SLICE_X64Y72         FDRE                                         r  w0_reg[1]/C
  -------------------------------------------------------------------    -------------------
    SLICE_X64Y72         FDRE (Prop_fdre_C_Q)         0.456     1.429 r  w0_reg[1]/Q
                         net (fo=11, routed)          1.120     2.549    w0[1]
    SLICE_X65Y72         LUT4 (Prop_lut4_I0_O)        0.124     2.673 r  y[7]_i_2015/O
                         net (fo=1, routed)           0.000     2.673    y[7]_i_2015_n_0
    SLICE_X65Y72         CARRY4 (Prop_carry4_S[0]_CO[3])
                                                      0.532     3.205 r  y_reg[7]_i_1914/CO[3]
                         net (fo=64, routed)          1.181     4.386    y_reg[7]_i_1914_n_0
    SLICE_X62Y71         LUT3 (Prop_lut3_I1_O)        0.116     4.502 r  y[7]_i_2103/O
                         net (fo=1, routed)           0.452     4.955    y[7]_i_2103_n_0
    SLICE_X62Y71         LUT6 (Prop_lut6_I1_O)        0.328     5.283 r  y[7]_i_2019/O
                         net (fo=1, routed)           0.330     5.612    y[7]_i_2019_n_0
    SLICE_X62Y72         CARRY4 (Prop_carry4_DI[0]_CO[3])
                                                      0.550     6.162 r  y_reg[7]_i_1915/CO[3]
                         net (fo=40, routed)          1.276     7.438    y_reg[7]_i_1915_n_0
    SLICE_X63Y73         LUT5 (Prop_lut5_I1_O)        0.124     7.562 r  y[3]_i_226/O
                         net (fo=10, routed)          0.991     8.554    y[3]_i_226_n_0
    SLICE_X60Y74         LUT4 (Prop_lut4_I0_O)        0.124     8.678 r  y[7]_i_2046/O
                         net (fo=1, routed)           0.000     8.678    y[7]_i_2046_n_0
    SLICE_X60Y74         CARRY4 (Prop_carry4_S[1]_CO[3])
                                                      0.550     9.228 r  y_reg[7]_i_1927/CO[3]
                         net (fo=64, routed)          1.378    10.606    y_reg[7]_i_1927_n_0
    SLICE_X62Y76         LUT3 (Prop_lut3_I1_O)        0.153    10.759 r  y[7]_i_2123/O
                         net (fo=1, routed)           0.292    11.050    y[7]_i_2123_n_0
    SLICE_X61Y76         LUT6 (Prop_lut6_I1_O)        0.331    11.381 r  y[7]_i_2079/O
                         net (fo=1, routed)           0.612    11.993    y[7]_i_2079_n_0
    SLICE_X61Y75         CARRY4 (Prop_carry4_DI[0]_CO[3])
                                                      0.526    12.519 r  y_reg[7]_i_1995/CO[3]
                         net (fo=16, routed)          1.283    13.803    y_reg[7]_i_1995_n_0
    SLICE_X61Y76         LUT5 (Prop_lut5_I3_O)        0.120    13.923 r  y[1]_i_228/O
                         net (fo=4, routed)           0.724    14.647    y[1]_i_228_n_0
    SLICE_X61Y77         LUT4 (Prop_lut4_I0_O)        0.327    14.974 r  y[7]_i_2063/O
                         net (fo=1, routed)           0.000    14.974    y[7]_i_2063_n_0
    SLICE_X61Y77         CARRY4 (Prop_carry4_S[0]_CO[3])
                                                      0.532    15.506 r  y_reg[7]_i_1949/CO[3]
                         net (fo=16, routed)          0.984    16.490    y_reg[7]_i_1949_n_0
    SLICE_X60Y76         LUT3 (Prop_lut3_I1_O)        0.118    16.608 r  y[3]_i_223/O
                         net (fo=6, routed)           0.679    17.286    y[3]_i_223_n_0
    SLICE_X58Y77         LUT6 (Prop_lut6_I0_O)        0.326    17.612 r  y[5]_i_347/O
                         net (fo=1, routed)           0.552    18.164    y[5]_i_347_n_0
    SLICE_X58Y75         CARRY4 (Prop_carry4_DI[1]_CO[3])
                                                      0.520    18.684 r  y_reg[5]_i_322/CO[3]
                         net (fo=32, routed)          1.341    20.025    y_reg[5]_i_322_n_0
    SLICE_X58Y78         LUT5 (Prop_lut5_I3_O)        0.146    20.171 r  y[5]_i_357/O
                         net (fo=2, routed)           0.964    21.136    y[5]_i_357_n_0
    SLICE_X58Y76         LUT4 (Prop_lut4_I0_O)        0.328    21.464 r  y[5]_i_343/O
                         net (fo=1, routed)           0.000    21.464    y[5]_i_343_n_0
    SLICE_X58Y76         CARRY4 (Prop_carry4_S[1]_CO[3])
                                                      0.533    21.997 r  y_reg[5]_i_320/CO[3]
                         net (fo=16, routed)          0.806    22.802    y_reg[5]_i_320_n_0
    SLICE_X56Y76         LUT5 (Prop_lut5_I1_O)        0.124    22.926 r  y[1]_i_210/O
                         net (fo=6, routed)           1.033    23.959    y[1]_i_210_n_0
    SLICE_X52Y74         LUT6 (Prop_lut6_I1_O)        0.124    24.083 r  y[5]_i_314/O
                         net (fo=1, routed)           0.471    24.554    y[5]_i_314_n_0
    SLICE_X53Y74         CARRY4 (Prop_carry4_DI[0]_CO[3])
                                                      0.526    25.080 r  y_reg[5]_i_283/CO[3]
                         net (fo=32, routed)          0.982    26.062    y_reg[5]_i_283_n_0
    SLICE_X53Y76         LUT5 (Prop_lut5_I3_O)        0.118    26.180 r  y[5]_i_335/O
                         net (fo=2, routed)           0.867    27.047    y[5]_i_335_n_0
    SLICE_X52Y76         LUT4 (Prop_lut4_I0_O)        0.326    27.373 r  y[5]_i_310/O
                         net (fo=1, routed)           0.000    27.373    y[5]_i_310_n_0
    SLICE_X52Y76         CARRY4 (Prop_carry4_S[0]_CO[3])
                                                      0.532    27.905 r  y_reg[5]_i_281/CO[3]
                         net (fo=16, routed)          0.939    28.844    y_reg[5]_i_281_n_0
    SLICE_X52Y75         LUT5 (Prop_lut5_I1_O)        0.124    28.968 r  y[1]_i_194/O
                         net (fo=6, routed)           0.944    29.912    y[1]_i_194_n_0
    SLICE_X48Y75         LUT6 (Prop_lut6_I1_O)        0.124    30.036 r  y[5]_i_275/O
                         net (fo=1, routed)           0.652    30.688    y[5]_i_275_n_0
    SLICE_X47Y75         CARRY4 (Prop_carry4_DI[0]_CO[3])
                                                      0.526    31.214 r  y_reg[5]_i_249/CO[3]
                         net (fo=32, routed)          0.958    32.173    y_reg[5]_i_249_n_0
    SLICE_X48Y76         LUT5 (Prop_lut5_I3_O)        0.118    32.291 r  y[5]_i_299/O
                         net (fo=2, routed)           0.919    33.210    y[5]_i_299_n_0
    SLICE_X48Y77         LUT4 (Prop_lut4_I0_O)        0.326    33.536 r  y[5]_i_270/O
                         net (fo=1, routed)           0.000    33.536    y[5]_i_270_n_0
    SLICE_X48Y77         CARRY4 (Prop_carry4_S[1]_CO[3])
                                                      0.550    34.086 r  y_reg[5]_i_247/CO[3]
                         net (fo=16, routed)          1.188    35.274    y_reg[5]_i_247_n_0
    SLICE_X47Y77         LUT5 (Prop_lut5_I3_O)        0.154    35.428 f  y[3]_i_183/O
                         net (fo=4, routed)           1.043    36.471    y[3]_i_183_n_0
    SLICE_X50Y78         LUT6 (Prop_lut6_I3_O)        0.327    36.798 r  y[7]_i_1578/O
                         net (fo=1, routed)           0.471    37.269    y[7]_i_1578_n_0
    SLICE_X50Y77         CARRY4 (Prop_carry4_DI[1]_CO[3])
                                                      0.520    37.789 r  y_reg[7]_i_1361/CO[3]
                         net (fo=16, routed)          0.943    38.732    y_reg[7]_i_1361_n_0
    SLICE_X51Y79         LUT5 (Prop_lut5_I3_O)        0.120    38.852 f  y[7]_i_1338/O
                         net (fo=4, routed)           0.865    39.716    y[7]_i_1338_n_0
    SLICE_X53Y80         LUT6 (Prop_lut6_I3_O)        0.327    40.043 r  y[7]_i_1542/O
                         net (fo=1, routed)           0.673    40.716    y[7]_i_1542_n_0
    SLICE_X53Y81         CARRY4 (Prop_carry4_DI[3]_CO[3])
                                                      0.385    41.101 r  y_reg[7]_i_1337/CO[3]
                         net (fo=16, routed)          0.930    42.031    y_reg[7]_i_1337_n_0
    SLICE_X53Y82         LUT5 (Prop_lut5_I1_O)        0.150    42.181 r  y[3]_i_159/O
                         net (fo=4, routed)           0.705    42.886    y[3]_i_159_n_0
    SLICE_X50Y83         LUT6 (Prop_lut6_I3_O)        0.332    43.218 r  y[7]_i_1378/O
                         net (fo=1, routed)           0.549    43.767    y[7]_i_1378_n_0
    SLICE_X50Y82         CARRY4 (Prop_carry4_DI[1]_CO[3])
                                                      0.520    44.287 r  y_reg[7]_i_1154/CO[3]
                         net (fo=20, routed)          0.797    45.084    y_reg[7]_i_1154_n_0
    SLICE_X51Y82         LUT5 (Prop_lut5_I3_O)        0.118    45.202 r  y[1]_i_135/O
                         net (fo=7, routed)           1.126    46.328    y[1]_i_135_n_0
    SLICE_X48Y84         LUT4 (Prop_lut4_I0_O)        0.326    46.654 r  y[7]_i_1175/O
                         net (fo=1, routed)           0.000    46.654    y[7]_i_1175_n_0
    SLICE_X48Y84         CARRY4 (Prop_carry4_S[0]_CO[3])
                                                      0.532    47.186 r  y_reg[7]_i_946/CO[3]
                         net (fo=40, routed)          1.084    48.270    y_reg[7]_i_946_n_0
    SLICE_X49Y84         LUT3 (Prop_lut3_I1_O)        0.153    48.423 r  y[7]_i_834/O
                         net (fo=7, routed)           0.876    49.299    y[7]_i_834_n_0
    SLICE_X48Y83         LUT6 (Prop_lut6_I3_O)        0.327    49.626 r  y[7]_i_1053/O
                         net (fo=1, routed)           0.476    50.103    y[7]_i_1053_n_0
    SLICE_X47Y83         CARRY4 (Prop_carry4_DI[3]_CO[3])
                                                      0.385    50.488 r  y_reg[7]_i_833/CO[3]
                         net (fo=28, routed)          1.011    51.499    y_reg[7]_i_833_n_0
    SLICE_X47Y84         LUT5 (Prop_lut5_I4_O)        0.150    51.649 f  y[7]_i_1045/O
                         net (fo=7, routed)           0.628    52.277    y[7]_i_1045_n_0
    SLICE_X45Y85         LUT6 (Prop_lut6_I5_O)        0.332    52.609 r  y[7]_i_1062/O
                         net (fo=1, routed)           0.642    53.251    y[7]_i_1062_n_0
    SLICE_X45Y84         CARRY4 (Prop_carry4_DI[2]_CO[3])
                                                      0.398    53.649 r  y_reg[7]_i_836/CO[3]
                         net (fo=28, routed)          1.075    54.724    y_reg[7]_i_836_n_0
    SLICE_X45Y85         LUT5 (Prop_lut5_I4_O)        0.152    54.876 r  y[3]_i_98/O
                         net (fo=7, routed)           0.647    55.523    y[3]_i_98_n_0
    SLICE_X41Y84         LUT6 (Prop_lut6_I3_O)        0.332    55.855 r  y[7]_i_826/O
                         net (fo=1, routed)           0.808    56.662    y[7]_i_826_n_0
    SLICE_X43Y84         CARRY4 (Prop_carry4_DI[1]_CO[3])
                                                      0.507    57.169 r  y_reg[7]_i_615/CO[3]
                         net (fo=28, routed)          1.017    58.186    y_reg[7]_i_615_n_0
    SLICE_X44Y85         LUT3 (Prop_lut3_I1_O)        0.118    58.304 f  y[3]_i_88/O
                         net (fo=7, routed)           0.906    59.211    y[3]_i_88_n_0
    SLICE_X46Y86         LUT6 (Prop_lut6_I4_O)        0.326    59.537 r  y[7]_i_756/O
                         net (fo=1, routed)           0.513    60.050    y[7]_i_756_n_0
    SLICE_X45Y86         CARRY4 (Prop_carry4_DI[1]_CO[3])
                                                      0.507    60.557 r  y_reg[7]_i_560/CO[3]
                         net (fo=28, routed)          1.043    61.599    y_reg[7]_i_560_n_0
    SLICE_X45Y87         LUT5 (Prop_lut5_I4_O)        0.124    61.723 f  y[0]_i_79/O
                         net (fo=4, routed)           0.634    62.357    y[0]_i_79_n_0
    SLICE_X44Y88         LUT6 (Prop_lut6_I5_O)        0.124    62.481 r  y[7]_i_770/O
                         net (fo=1, routed)           0.479    62.960    y[7]_i_770_n_0
    SLICE_X44Y87         CARRY4 (Prop_carry4_DI[0]_CO[3])
                                                      0.526    63.486 r  y_reg[7]_i_563/CO[3]
                         net (fo=16, routed)          1.102    64.588    y_reg[7]_i_563_n_0
    SLICE_X43Y88         LUT5 (Prop_lut5_I3_O)        0.153    64.741 f  y[5]_i_68/O
                         net (fo=4, routed)           0.826    65.567    y[5]_i_68_n_0
    SLICE_X44Y89         LUT6 (Prop_lut6_I3_O)        0.327    65.894 r  y[7]_i_586/O
                         net (fo=1, routed)           0.636    66.531    y[7]_i_586_n_0
    SLICE_X43Y89         CARRY4 (Prop_carry4_DI[2]_CO[3])
                                                      0.398    66.929 r  y_reg[7]_i_387/CO[3]
                         net (fo=16, routed)          0.944    67.872    y_reg[7]_i_387_n_0
    SLICE_X44Y90         LUT5 (Prop_lut5_I3_O)        0.119    67.991 f  y[5]_i_59/O
                         net (fo=4, routed)           0.994    68.985    y[5]_i_59_n_0
    SLICE_X46Y92         LUT6 (Prop_lut6_I3_O)        0.332    69.317 r  y[7]_i_513/O
                         net (fo=1, routed)           0.568    69.885    y[7]_i_513_n_0
    SLICE_X47Y92         CARRY4 (Prop_carry4_DI[2]_CO[3])
                                                      0.398    70.283 r  y_reg[7]_i_332/CO[3]
                         net (fo=16, routed)          1.152    71.436    y_reg[7]_i_332_n_0
    SLICE_X46Y93         LUT5 (Prop_lut5_I4_O)        0.124    71.560 r  y[3]_i_37/O
                         net (fo=7, routed)           0.975    72.535    y[3]_i_37_n_0
    SLICE_X42Y93         LUT4 (Prop_lut4_I0_O)        0.124    72.659 r  y[7]_i_326/O
                         net (fo=1, routed)           0.000    72.659    y[7]_i_326_n_0
    SLICE_X42Y93         CARRY4 (Prop_carry4_S[1]_CO[3])
                                                      0.533    73.192 r  y_reg[7]_i_187/CO[3]
                         net (fo=32, routed)          1.308    74.500    y_reg[7]_i_187_n_0
    SLICE_X42Y92         LUT3 (Prop_lut3_I1_O)        0.150    74.650 f  y[0]_i_38/O
                         net (fo=4, routed)           0.467    75.117    y[0]_i_38_n_0
    SLICE_X42Y91         LUT6 (Prop_lut6_I5_O)        0.328    75.445 r  y[7]_i_336/O
                         net (fo=1, routed)           0.512    75.957    y[7]_i_336_n_0
    SLICE_X41Y91         CARRY4 (Prop_carry4_DI[0]_CO[3])
                                                      0.526    76.483 r  y_reg[7]_i_189/CO[3]
                         net (fo=20, routed)          1.125    77.608    y_reg[7]_i_189_n_0
    SLICE_X41Y93         LUT5 (Prop_lut5_I3_O)        0.117    77.725 f  y[7]_i_94/O
                         net (fo=4, routed)           0.965    78.690    y[7]_i_94_n_0
    SLICE_X42Y95         LUT6 (Prop_lut6_I3_O)        0.332    79.022 r  y[7]_i_191/O
                         net (fo=1, routed)           0.610    79.632    y[7]_i_191_n_0
    SLICE_X43Y95         CARRY4 (Prop_carry4_DI[3]_CO[3])
                                                      0.385    80.017 r  y_reg[7]_i_95/CO[3]
                         net (fo=28, routed)          1.402    81.419    y_reg[7]_i_95_n_0
    SLICE_X43Y96         LUT5 (Prop_lut5_I3_O)        0.152    81.571 r  y[2]_i_23/O
                         net (fo=4, routed)           0.606    82.177    y[2]_i_23_n_0
    SLICE_X42Y97         LUT6 (Prop_lut6_I4_O)        0.326    82.503 r  y[7]_i_240/O
                         net (fo=1, routed)           0.568    83.071    y[7]_i_240_n_0
    SLICE_X43Y97         CARRY4 (Prop_carry4_DI[1]_CO[3])
                                                      0.507    83.578 r  y_reg[7]_i_121/CO[3]
                         net (fo=16, routed)          1.388    84.966    y_reg[7]_i_121_n_0
    SLICE_X42Y96         LUT5 (Prop_lut5_I3_O)        0.150    85.116 r  y[0]_i_15/O
                         net (fo=6, routed)           0.966    86.082    y[0]_i_15_n_0
    SLICE_X44Y99         LUT4 (Prop_lut4_I2_O)        0.328    86.410 r  y[7]_i_155/O
                         net (fo=1, routed)           0.000    86.410    y[7]_i_155_n_0
    SLICE_X44Y99         CARRY4 (Prop_carry4_S[0]_CO[3])
                                                      0.532    86.942 r  y_reg[7]_i_62/CO[3]
                         net (fo=16, routed)          1.170    88.112    p_4_in
    SLICE_X43Y98         LUT5 (Prop_lut5_I1_O)        0.150    88.262 r  y[1]_i_7/O
                         net (fo=6, routed)           0.993    89.255    y[1]_i_7_n_0
    SLICE_X40Y99         LUT4 (Prop_lut4_I1_O)        0.332    89.587 r  y[7]_i_81/O
                         net (fo=1, routed)           0.000    89.587    y[7]_i_81_n_0
    SLICE_X40Y99         CARRY4 (Prop_carry4_S[0]_CO[3])
                                                      0.532    90.119 r  y_reg[7]_i_22/CO[3]
                         net (fo=16, routed)          0.961    91.080    y_reg[7]_i_22_n_0
    SLICE_X40Y98         LUT3 (Prop_lut3_I1_O)        0.118    91.198 r  y[1]_i_5/O
                         net (fo=5, routed)           0.828    92.027    y[1]_i_5_n_0
    SLICE_X39Y98         LUT4 (Prop_lut4_I1_O)        0.326    92.353 r  y[7]_i_33/O
                         net (fo=1, routed)           0.000    92.353    y[7]_i_33_n_0
    SLICE_X39Y98         CARRY4 (Prop_carry4_S[0]_CO[3])
                                                      0.532    92.885 r  y_reg[7]_i_6/CO[3]
                         net (fo=8, routed)           1.030    93.915    y_reg[7]_i_6_n_0
    SLICE_X38Y98         LUT6 (Prop_lut6_I0_O)        0.124    94.039 r  y[1]_i_2/O
                         net (fo=3, routed)           1.102    95.141    y[1]_i_2_n_0
    SLICE_X39Y102        LUT4 (Prop_lut4_I0_O)        0.124    95.265 r  y[7]_i_19/O
                         net (fo=1, routed)           0.000    95.265    y[7]_i_19_n_0
    SLICE_X39Y102        CARRY4 (Prop_carry4_S[0]_CO[3])
                                                      0.532    95.797 r  y_reg[7]_i_4/CO[3]
                         net (fo=8, routed)           0.810    96.608    s1
    SLICE_X38Y102        LUT3 (Prop_lut3_I2_O)        0.124    96.732 r  y[2]_i_1/O
                         net (fo=1, routed)           0.000    96.732    y[2]_i_1_n_0
    SLICE_X38Y102        FDRE                                         r  y_reg[2]/D
  -------------------------------------------------------------------    -------------------

                         (clock vclk rise edge)      94.101    94.101 r  <hidden>
                                                      0.000    94.101 r  clk
                         net (fo=167, unset)          0.924    95.025    clk
    SLICE_X38Y102        FDRE                                         r  y_reg[2]/C
                         clock pessimism              0.000    95.025    <hidden>
                         clock uncertainty           -0.035    94.990    <hidden>
    SLICE_X38Y102        FDRE (Setup_fdre_C_D)        0.081    95.071    y_reg[2]
  -------------------------------------------------------------------
                         required time                         95.071    <hidden>
                         arrival time                         -96.732    <hidden>
  -------------------------------------------------------------------
                         slack                                 -1.661    <hidden>

Slack (VIOLATED) :        -1.654ns  (required time - arrival time)
  Source:                 w0_reg[1]/C
                            (rising edge-triggered cell FDRE clocked by vclk  {rise@0.000ns fall@47.050ns period=94.101ns})
  Destination:            y_reg[0]/D
                            (rising edge-triggered cell FDRE clocked by vclk  {rise@0.000ns fall@47.050ns period=94.101ns})
  Path Group:             vclk
  Path Type:              Setup (Max at Slow Process Corner)
  Requirement:            94.101ns  (vclk rise@94.101ns - vclk rise@0.000ns)
  Data Path Delay:        95.748ns  (logic 27.889ns (29.128%)  route 67.859ns (70.872%))
  Logic Levels:           90  (CARRY4=30 LUT3=8 LUT4=12 LUT5=21 LUT6=19)
  Clock Path Skew:        -0.049ns (DCD - SCD + CPR)
    Destination Clock Delay (DCD):    0.924ns = ( 95.025 - 94.101 ) 
    Source Clock Delay      (SCD):    0.973ns
    Clock Pessimism Removal (CPR):    0.000ns
  Clock Uncertainty:      0.035ns  ((TSJ^2 + TIJ^2)^1/2 + DJ) / 2 + PE
    Total System Jitter     (TSJ):    0.071ns
    Total Input Jitter      (TIJ):    0.000ns
    Discrete Jitter          (DJ):    0.000ns
    Phase Error              (PE):    0.000ns

    Location             Delay type                Incr(ns)  Path(ns)    Netlist Resource(s)
  -------------------------------------------------------------------    -------------------
                         (clock vclk rise edge)       0.000     0.000 r  <hidden>
                                                      0.000     0.000 r  clk
                         net (fo=167, unset)          0.973     0.973    clk
    SLICE_X64Y72         FDRE                                         r  w0_reg[1]/C
  -------------------------------------------------------------------    -------------------
    SLICE_X64Y72         FDRE (Prop_fdre_C_Q)         0.456     1.429 r  w0_reg[1]/Q
                         net (fo=11, routed)          1.120     2.549    w0[1]
    SLICE_X65Y72         LUT4 (Prop_lut4_I0_O)        0.124     2.673 r  y[7]_i_2015/O
                         net (fo=1, routed)           0.000     2.673    y[7]_i_2015_n_0
    SLICE_X65Y72         CARRY4 (Prop_carry4_S[0]_CO[3])
                                                      0.532     3.205 r  y_reg[7]_i_1914/CO[3]
                         net (fo=64, routed)          1.181     4.386    y_reg[7]_i_1914_n_0
    SLICE_X62Y71         LUT3 (Prop_lut3_I1_O)        0.116     4.502 r  y[7]_i_2103/O
                         net (fo=1, routed)           0.452     4.955    y[7]_i_2103_n_0
    SLICE_X62Y71         LUT6 (Prop_lut6_I1_O)        0.328     5.283 r  y[7]_i_2019/O
                         net (fo=1, routed)           0.330     5.612    y[7]_i_2019_n_0
    SLICE_X62Y72         CARRY4 (Prop_carry4_DI[0]_CO[3])
                                                      0.550     6.162 r  y_reg[7]_i_1915/CO[3]
                         net (fo=40, routed)          1.276     7.438    y_reg[7]_i_1915_n_0
    SLICE_X63Y73         LUT5 (Prop_lut5_I1_O)        0.124     7.562 r  y[3]_i_226/O
                         net (fo=10, routed)          0.991     8.554    y[3]_i_226_n_0
    SLICE_X60Y74         LUT4 (Prop_lut4_I0_O)        0.124     8.678 r  y[7]_i_2046/O
                         net (fo=1, routed)           0.000     8.678    y[7]_i_2046_n_0
    SLICE_X60Y74         CARRY4 (Prop_carry4_S[1]_CO[3])
                                                      0.550     9.228 r  y_reg[7]_i_1927/CO[3]
                         net (fo=64, routed)          1.378    10.606    y_reg[7]_i_1927_n_0
    SLICE_X62Y76         LUT3 (Prop_lut3_I1_O)        0.153    10.759 r  y[7]_i_2123/O
                         net (fo=1, routed)           0.292    11.050    y[7]_i_2123_n_0
    SLICE_X61Y76         LUT6 (Prop_lut6_I1_O)        0.331    11.381 r  y[7]_i_2079/O
                         net (fo=1, routed)           0.612    11.993    y[7]_i_2079_n_0
    SLICE_X61Y75         CARRY4 (Prop_carry4_DI[0]_CO[3])
                                                      0.526    12.519 r  y_reg[7]_i_1995/CO[3]
                         net (fo=16, routed)          1.283    13.803    y_reg[7]_i_1995_n_0
    SLICE_X61Y76         LUT5 (Prop_lut5_I3_O)        0.120    13.923 r  y[1]_i_228/O
                         net (fo=4, routed)           0.724    14.647    y[1]_i_228_n_0
    SLICE_X61Y77         LUT4 (Prop_lut4_I0_O)        0.327    14.974 r  y[7]_i_2063/O
                         net (fo=1, routed)           0.000    14.974    y[7]_i_2063_n_0
    SLICE_X61Y77         CARRY4 (Prop_carry4_S[0]_CO[3])
                                                      0.532    15.506 r  y_reg[7]_i_1949/CO[3]
                         net (fo=16, routed)          0.984    16.490    y_reg[7]_i_1949_n_0
    SLICE_X60Y76         LUT3 (Prop_lut3_I1_O)        0.118    16.608 r  y[3]_i_223/O
                         net (fo=6, routed)           0.679    17.286    y[3]_i_223_n_0
    SLICE_X58Y77         LUT6 (Prop_lut6_I0_O)        0.326    17.612 r  y[5]_i_347/O
                         net (fo=1, routed)           0.552    18.164    y[5]_i_347_n_0
    SLICE_X58Y75         CARRY4 (Prop_carry4_DI[1]_CO[3])
                                                      0.520    18.684 r  y_reg[5]_i_322/CO[3]
                         net (fo=32, routed)          1.341    20.025    y_reg[5]_i_322_n_0
    SLICE_X58Y78         LUT5 (Prop_lut5_I3_O)        0.146    20.171 r  y[5]_i_357/O
                         net (fo=2, routed)           0.964    21.136    y[5]_i_357_n_0
    SLICE_X58Y76         LUT4 (Prop_lut4_I0_O)        0.328    21.464 r  y[5]_i_343/O
                         net (fo=1, routed)           0.000    21.464    y[5]_i_343_n_0
    SLICE_X58Y76         CARRY4 (Prop_carry4_S[1]_CO[3])
                                                      0.533    21.997 r  y_reg[5]_i_320/CO[3]
                         net (fo=16, routed)          0.806    22.802    y_reg[5]_i_320_n_0
    SLICE_X56Y76         LUT5 (Prop_lut5_I1_O)        0.124    22.926 r  y[1]_i_210/O
                         net (fo=6, routed)           1.033    23.959    y[1]_i_210_n_0
    SLICE_X52Y74         LUT6 (Prop_lut6_I1_O)        0.124    24.083 r  y[5]_i_314/O
                         net (fo=1, routed)           0.471    24.554    y[5]_i_314_n_0
    SLICE_X53Y74         CARRY4 (Prop_carry4_DI[0]_CO[3])
                                                      0.526    25.080 r  y_reg[5]_i_283/CO[3]
                         net (fo=32, routed)          0.982    26.062    y_reg[5]_i_283_n_0
    SLICE_X53Y76         LUT5 (Prop_lut5_I3_O)        0.118    26.180 r  y[5]_i_335/O
                         net (fo=2, routed)           0.867    27.047    y[5]_i_335_n_0
    SLICE_X52Y76         LUT4 (Prop_lut4_I0_O)        0.326    27.373 r  y[5]_i_310/O
                         net (fo=1, routed)           0.000    27.373    y[5]_i_310_n_0
    SLICE_X52Y76         CARRY4 (Prop_carry4_S[0]_CO[3])
                                                      0.532    27.905 r  y_reg[5]_i_281/CO[3]
                         net (fo=16, routed)          0.939    28.844    y_reg[5]_i_281_n_0
    SLICE_X52Y75         LUT5 (Prop_lut5_I1_O)        0.124    28.968 r  y[1]_i_194/O
                         net (fo=6, routed)           0.944    29.912    y[1]_i_194_n_0
    SLICE_X48Y75         LUT6 (Prop_lut6_I1_O)        0.124    30.036 r  y[5]_i_275/O
                         net (fo=1, routed)           0.652    30.688    y[5]_i_275_n_0
    SLICE_X47Y75         CARRY4 (Prop_carry4_DI[0]_CO[3])
                                                      0.526    31.214 r  y_reg[5]_i_249/CO[3]
                         net (fo=32, routed)          0.958    32.173    y_reg[5]_i_249_n_0
    SLICE_X48Y76         LUT5 (Prop_lut5_I3_O)        0.118    32.291 r  y[5]_i_299/O
                         net (fo=2, routed)           0.919    33.210    y[5]_i_299_n_0
    SLICE_X48Y77         LUT4 (Prop_lut4_I0_O)        0.326    33.536 r  y[5]_i_270/O
                         net (fo=1, routed)           0.000    33.536    y[5]_i_270_n_0
    SLICE_X48Y77         CARRY4 (Prop_carry4_S[1]_CO[3])
                                                      0.550    34.086 r  y_reg[5]_i_247/CO[3]
                         net (fo=16, routed)          1.188    35.274    y_reg[5]_i_247_n_0
    SLICE_X47Y77         LUT5 (Prop_lut5_I3_O)        0.154    35.428 f  y[3]_i_183/O
                         net (fo=4, routed)           1.043    36.471    y[3]_i_183_n_0
    SLICE_X50Y78         LUT6 (Prop_lut6_I3_O)        0.327    36.798 r  y[7]_i_1578/O
                         net (fo=1, routed)           0.471    37.269    y[7]_i_1578_n_0
    SLICE_X50Y77         CARRY4 (Prop_carry4_DI[1]_CO[3])
                                                      0.520    37.789 r  y_reg[7]_i_1361/CO[3]
                         net (fo=16, routed)          0.943    38.732    y_reg[7]_i_1361_n_0
    SLICE_X51Y79         LUT5 (Prop_lut5_I3_O)        0.120    38.852 f  y[7]_i_1338/O
                         net (fo=4, routed)           0.865    39.716    y[7]_i_1338_n_0
    SLICE_X53Y80         LUT6 (Prop_lut6_I3_O)        0.327    40.043 r  y[7]_i_1542/O
                         net (fo=1, routed)           0.673    40.716    y[7]_i_1542_n_0
    SLICE_X53Y81         CARRY4 (Prop_carry4_DI[3]_CO[3])
                                                      0.385    41.101 r  y_reg[7]_i_1337/CO[3]
                         net (fo=16, routed)          0.930    42.031    y_reg[7]_i_1337_n_0
    SLICE_X53Y82         LUT5 (Prop_lut5_I1_O)        0.150    42.181 r  y[3]_i_159/O
                         net (fo=4, routed)           0.705    42.886    y[3]_i_159_n_0
    SLICE_X50Y83         LUT6 (Prop_lut6_I3_O)        0.332    43.218 r  y[7]_i_1378/O
                         net (fo=1, routed)           0.549    43.767    y[7]_i_1378_n_0
    SLICE_X50Y82         CARRY4 (Prop_carry4_DI[1]_CO[3])
                                                      0.520    44.287 r  y_reg[7]_i_1154/CO[3]
                         net (fo=20, routed)          0.797    45.084    y_reg[7]_i_1154_n_0
    SLICE_X51Y82         LUT5 (Prop_lut5_I3_O)        0.118    45.202 r  y[1]_i_135/O
                         net (fo=7, routed)           1.126    46.328    y[1]_i_135_n_0
    SLICE_X48Y84         LUT4 (Prop_lut4_I0_O)        0.326    46.654 r  y[7]_i_1175/O
                         net (fo=1, routed)           0.000    46.654    y[7]_i_1175_n_0
    SLICE_X48Y84         CARRY4 (Prop_carry4_S[0]_CO[3])
                                                      0.532    47.186 r  y_reg[7]_i_946/CO[3]
                         net (fo=40, routed)          1.084    48.270    y_reg[7]_i_946_n_0
    SLICE_X49Y84         LUT3 (Prop_lut3_I1_O)        0.153    48.423 r  y[7]_i_834/O
                         net (fo=7, routed)           0.876    49.299    y[7]_i_834_n_0
    SLICE_X48Y83         LUT6 (Prop_lut6_I3_O)        0.327    49.626 r  y[7]_i_1053/O
                         net (fo=1, routed)           0.476    50.103    y[7]_i_1053_n_0
    SLICE_X47Y83         CARRY4 (Prop_carry4_DI[3]_CO[3])
                                                      0.385    50.488 r  y_reg[7]_i_833/CO[3]
                         net (fo=28, routed)          1.011    51.499    y_reg[7]_i_833_n_0
    SLICE_X47Y84         LUT5 (Prop_lut5_I4_O)        0.150    51.649 f  y[7]_i_1045/O
                         net (fo=7, routed)           0.628    52.277    y[7]_i_1045_n_0
    SLICE_X45Y85         LUT6 (Prop_lut6_I5_O)        0.332    52.609 r  y[7]_i_1062/O
                         net (fo=1, routed)           0.642    53.251    y[7]_i_1062_n_0
    SLICE_X45Y84         CARRY4 (Prop_carry4_DI[2]_CO[3])
                                                      0.398    53.649 r  y_reg[7]_i_836/CO[3]
                         net (fo=28, routed)          1.075    54.724    y_reg[7]_i_836_n_0
    SLICE_X45Y85         LUT5 (Prop_lut5_I4_O)        0.152    54.876 r  y[3]_i_98/O
                         net (fo=7, routed)           0.647    55.523    y[3]_i_98_n_0
    SLICE_X41Y84         LUT6 (Prop_lut6_I3_O)        0.332    55.855 r  y[7]_i_826/O
                         net (fo=1, routed)           0.808    56.662    y[7]_i_826_n_0
    SLICE_X43Y84         CARRY4 (Prop_carry4_DI[1]_CO[3])
                                                      0.507    57.169 r  y_reg[7]_i_615/CO[3]
                         net (fo=28, routed)          1.017    58.186    y_reg[7]_i_615_n_0
    SLICE_X44Y85         LUT3 (Prop_lut3_I1_O)        0.118    58.304 f  y[3]_i_88/O
                         net (fo=7, routed)           0.906    59.211    y[3]_i_88_n_0
    SLICE_X46Y86         LUT6 (Prop_lut6_I4_O)        0.326    59.537 r  y[7]_i_756/O
                         net (fo=1, routed)           0.513    60.050    y[7]_i_756_n_0
    SLICE_X45Y86         CARRY4 (Prop_carry4_DI[1]_CO[3])
                                                      0.507    60.557 r  y_reg[7]_i_560/CO[3]
                         net (fo=28, routed)          1.043    61.599    y_reg[7]_i_560_n_0
    SLICE_X45Y87         LUT5 (Prop_lut5_I4_O)        0.124    61.723 f  y[0]_i_79/O
                         net (fo=4, routed)           0.634    62.357    y[0]_i_79_n_0
    SLICE_X44Y88         LUT6 (Prop_lut6_I5_O)        0.124    62.481 r  y[7]_i_770/O
                         net (fo=1, routed)           0.479    62.960    y[7]_i_770_n_0
    SLICE_X44Y87         CARRY4 (Prop_carry4_DI[0]_CO[3])
                                                      0.526    63.486 r  y_reg[7]_i_563/CO[3]
                         net (fo=16, routed)          1.102    64.588    y_reg[7]_i_563_n_0
    SLICE_X43Y88         LUT5 (Prop_lut5_I3_O)        0.153    64.741 f  y[5]_i_68/O
                         net (fo=4, routed)           0.826    65.567    y[5]_i_68_n_0
    SLICE_X44Y89         LUT6 (Prop_lut6_I3_O)        0.327    65.894 r  y[7]_i_586/O
                         net (fo=1, routed)           0.636    66.531    y[7]_i_586_n_0
    SLICE_X43Y89         CARRY4 (Prop_carry4_DI[2]_CO[3])
                                                      0.398    66.929 r  y_reg[7]_i_387/CO[3]
                         net (fo=16, routed)          0.944    67.872    y_reg[7]_i_387_n_0
    SLICE_X44Y90         LUT5 (Prop_lut5_I3_O)        0.119    67.991 f  y[5]_i_59/O
                         net (fo=4, routed)           0.994    68.985    y[5]_i_59_n_0
    SLICE_X46Y92         LUT6 (Prop_lut6_I3_O)        0.332    69.317 r  y[7]_i_513/O
                         net (fo=1, routed)           0.568    69.885    y[7]_i_513_n_0
    SLICE_X47Y92         CARRY4 (Prop_carry4_DI[2]_CO[3])
                                                      0.398    70.283 r  y_reg[7]_i_332/CO[3]
                         net (fo=16, routed)          1.152    71.436    y_reg[7]_i_332_n_0
    SLICE_X46Y93         LUT5 (Prop_lut5_I4_O)        0.124    71.560 r  y[3]_i_37/O
                         net (fo=7, routed)           0.975    72.535    y[3]_i_37_n_0
    SLICE_X42Y93         LUT4 (Prop_lut4_I0_O)        0.124    72.659 r  y[7]_i_326/O
                         net (fo=1, routed)           0.000    72.659    y[7]_i_326_n_0
    SLICE_X42Y93         CARRY4 (Prop_carry4_S[1]_CO[3])
                                                      0.533    73.192 r  y_reg[7]_i_187/CO[3]
                         net (fo=32, routed)          1.308    74.500    y_reg[7]_i_187_n_0
    SLICE_X42Y92         LUT3 (Prop_lut3_I1_O)        0.150    74.650 f  y[0]_i_38/O
                         net (fo=4, routed)           0.467    75.117    y[0]_i_38_n_0
    SLICE_X42Y91         LUT6 (Prop_lut6_I5_O)        0.328    75.445 r  y[7]_i_336/O
                         net (fo=1, routed)           0.512    75.957    y[7]_i_336_n_0
    SLICE_X41Y91         CARRY4 (Prop_carry4_DI[0]_CO[3])
                                                      0.526    76.483 r  y_reg[7]_i_189/CO[3]
                         net (fo=20, routed)          1.125    77.608    y_reg[7]_i_189_n_0
    SLICE_X41Y93         LUT5 (Prop_lut5_I3_O)        0.117    77.725 f  y[7]_i_94/O
                         net (fo=4, routed)           0.965    78.690    y[7]_i_94_n_0
    SLICE_X42Y95         LUT6 (Prop_lut6_I3_O)        0.332    79.022 r  y[7]_i_191/O
                         net (fo=1, routed)           0.610    79.632    y[7]_i_191_n_0
    SLICE_X43Y95         CARRY4 (Prop_carry4_DI[3]_CO[3])
                                                      0.385    80.017 r  y_reg[7]_i_95/CO[3]
                         net (fo=28, routed)          1.402    81.419    y_reg[7]_i_95_n_0
    SLICE_X43Y96         LUT5 (Prop_lut5_I3_O)        0.152    81.571 r  y[2]_i_23/O
                         net (fo=4, routed)           0.606    82.177    y[2]_i_23_n_0
    SLICE_X42Y97         LUT6 (Prop_lut6_I4_O)        0.326    82.503 r  y[7]_i_240/O
                         net (fo=1, routed)           0.568    83.071    y[7]_i_240_n_0
    SLICE_X43Y97         CARRY4 (Prop_carry4_DI[1]_CO[3])
                                                      0.507    83.578 r  y_reg[7]_i_121/CO[3]
                         net (fo=16, routed)          1.388    84.966    y_reg[7]_i_121_n_0
    SLICE_X42Y96         LUT5 (Prop_lut5_I3_O)        0.150    85.116 r  y[0]_i_15/O
                         net (fo=6, routed)           0.966    86.082    y[0]_i_15_n_0
    SLICE_X44Y99         LUT4 (Prop_lut4_I2_O)        0.328    86.410 r  y[7]_i_155/O
                         net (fo=1, routed)           0.000    86.410    y[7]_i_155_n_0
    SLICE_X44Y99         CARRY4 (Prop_carry4_S[0]_CO[3])
                                                      0.532    86.942 r  y_reg[7]_i_62/CO[3]
                         net (fo=16, routed)          1.170    88.112    p_4_in
    SLICE_X43Y98         LUT5 (Prop_lut5_I1_O)        0.150    88.262 r  y[1]_i_7/O
                         net (fo=6, routed)           0.993    89.255    y[1]_i_7_n_0
    SLICE_X40Y99         LUT4 (Prop_lut4_I1_O)        0.332    89.587 r  y[7]_i_81/O
                         net (fo=1, routed)           0.000    89.587    y[7]_i_81_n_0
    SLICE_X40Y99         CARRY4 (Prop_carry4_S[0]_CO[3])
                                                      0.532    90.119 r  y_reg[7]_i_22/CO[3]
                         net (fo=16, routed)          0.961    91.080    y_reg[7]_i_22_n_0
    SLICE_X40Y98         LUT3 (Prop_lut3_I1_O)        0.118    91.198 r  y[1]_i_5/O
                         net (fo=5, routed)           0.828    92.027    y[1]_i_5_n_0
    SLICE_X39Y98         LUT4 (Prop_lut4_I1_O)        0.326    92.353 r  y[7]_i_33/O
                         net (fo=1, routed)           0.000    92.353    y[7]_i_33_n_0
    SLICE_X39Y98         CARRY4 (Prop_carry4_S[0]_CO[3])
                                                      0.532    92.885 r  y_reg[7]_i_6/CO[3]
                         net (fo=8, routed)           1.030    93.915    y_reg[7]_i_6_n_0
    SLICE_X38Y98         LUT6 (Prop_lut6_I0_O)        0.124    94.039 r  y[1]_i_2/O
                         net (fo=3, routed)           1.102    95.141    y[1]_i_2_n_0
    SLICE_X39Y102        LUT4 (Prop_lut4_I0_O)        0.124    95.265 r  y[7]_i_19/O
                         net (fo=1, routed)           0.000    95.265    y[7]_i_19_n_0
    SLICE_X39Y102        CARRY4 (Prop_carry4_S[0]_CO[3])
                                                      0.532    95.797 r  y_reg[7]_i_4/CO[3]
                         net (fo=8, routed)           0.799    96.597    s1
    SLICE_X38Y102        LUT3 (Prop_lut3_I2_O)        0.124    96.721 r  y[0]_i_1/O
                         net (fo=1, routed)           0.000    96.721    y[0]_i_1_n_0
    SLICE_X38Y102        FDRE                                         r  y_reg[0]/D
  -------------------------------------------------------------------    -------------------

                         (clock vclk rise edge)      94.101    94.101 r  <hidden>
                                                      0.000    94.101 r  clk
                         net (fo=167, unset)          0.924    95.025    clk
    SLICE_X38Y102        FDRE                                         r  y_reg[0]/C
                         clock pessimism              0.000    95.025    <hidden>
                         clock uncertainty           -0.035    94.990    <hidden>
    SLICE_X38Y102        FDRE (Setup_fdre_C_D)        0.077    95.067    y_reg[0]
  -------------------------------------------------------------------
                         required time                         95.067    <hidden>
                         arrival time                         -96.721    <hidden>
  -------------------------------------------------------------------
                         slack                                 -1.654    <hidden>

Slack (VIOLATED) :        -1.617ns  (required time - arrival time)
  Source:                 w0_reg[1]/C
                            (rising edge-triggered cell FDRE clocked by vclk  {rise@0.000ns fall@47.050ns period=94.101ns})
  Destination:            y_reg[3]/D
                            (rising edge-triggered cell FDRE clocked by vclk  {rise@0.000ns fall@47.050ns period=94.101ns})
  Path Group:             vclk
  Path Type:              Setup (Max at Slow Process Corner)
  Requirement:            94.101ns  (vclk rise@94.101ns - vclk rise@0.000ns)
  Data Path Delay:        95.752ns  (logic 27.882ns (29.119%)  route 67.870ns (70.881%))
  Logic Levels:           90  (CARRY4=30 LUT3=8 LUT4=12 LUT5=21 LUT6=19)
  Clock Path Skew:        -0.049ns (DCD - SCD + CPR)
    Destination Clock Delay (DCD):    0.924ns = ( 95.025 - 94.101 ) 
    Source Clock Delay      (SCD):    0.973ns
    Clock Pessimism Removal (CPR):    0.000ns
  Clock Uncertainty:      0.035ns  ((TSJ^2 + TIJ^2)^1/2 + DJ) / 2 + PE
    Total System Jitter     (TSJ):    0.071ns
    Total Input Jitter      (TIJ):    0.000ns
    Discrete Jitter          (DJ):    0.000ns
    Phase Error              (PE):    0.000ns

    Location             Delay type                Incr(ns)  Path(ns)    Netlist Resource(s)
  -------------------------------------------------------------------    -------------------
                         (clock vclk rise edge)       0.000     0.000 r  <hidden>
                                                      0.000     0.000 r  clk
                         net (fo=167, unset)          0.973     0.973    clk
    SLICE_X64Y72         FDRE                                         r  w0_reg[1]/C
  -------------------------------------------------------------------    -------------------
    SLICE_X64Y72         FDRE (Prop_fdre_C_Q)         0.456     1.429 r  w0_reg[1]/Q
                         net (fo=11, routed)          1.120     2.549    w0[1]
    SLICE_X65Y72         LUT4 (Prop_lut4_I0_O)        0.124     2.673 r  y[7]_i_2015/O
                         net (fo=1, routed)           0.000     2.673    y[7]_i_2015_n_0
    SLICE_X65Y72         CARRY4 (Prop_carry4_S[0]_CO[3])
                                                      0.532     3.205 r  y_reg[7]_i_1914/CO[3]
                         net (fo=64, routed)          1.181     4.386    y_reg[7]_i_1914_n_0
    SLICE_X62Y71         LUT3 (Prop_lut3_I1_O)        0.116     4.502 r  y[7]_i_2103/O
                         net (fo=1, routed)           0.452     4.955    y[7]_i_2103_n_0
    SLICE_X62Y71         LUT6 (Prop_lut6_I1_O)        0.328     5.283 r  y[7]_i_2019/O
                         net (fo=1, routed)           0.330     5.612    y[7]_i_2019_n_0
    SLICE_X62Y72         CARRY4 (Prop_carry4_DI[0]_CO[3])
                                                      0.550     6.162 r  y_reg[7]_i_1915/CO[3]
                         net (fo=40, routed)          1.276     7.438    y_reg[7]_i_1915_n_0
    SLICE_X63Y73         LUT5 (Prop_lut5_I1_O)        0.124     7.562 r  y[3]_i_226/O
                         net (fo=10, routed)          0.991     8.554    y[3]_i_226_n_0
    SLICE_X60Y74         LUT4 (Prop_lut4_I0_O)        0.124     8.678 r  y[7]_i_2046/O
                         net (fo=1, routed)           0.000     8.678    y[7]_i_2046_n_0
    SLICE_X60Y74         CARRY4 (Prop_carry4_S[1]_CO[3])
                                                      0.550     9.228 r  y_reg[7]_i_1927/CO[3]
                         net (fo=64, routed)          1.378    10.606    y_reg[7]_i_1927_n_0
    SLICE_X62Y76         LUT3 (Prop_lut3_I1_O)        0.153    10.759 r  y[7]_i_2123/O
                         net (fo=1, routed)           0.292    11.050    y[7]_i_2123_n_0
    SLICE_X61Y76         LUT6 (Prop_lut6_I1_O)        0.331    11.381 r  y[7]_i_2079/O
                         net (fo=1, routed)           0.612    11.993    y[7]_i_2079_n_0
    SLICE_X61Y75         CARRY4 (Prop_carry4_DI[0]_CO[3])
                                                      0.526    12.519 r  y_reg[7]_i_1995/CO[3]
                         net (fo=16, routed)          1.283    13.803    y_reg[7]_i_1995_n_0
    SLICE_X61Y76         LUT5 (Prop_lut5_I3_O)        0.120    13.923 r  y[1]_i_228/O
                         net (fo=4, routed)           0.724    14.647    y[1]_i_228_n_0
    SLICE_X61Y77         LUT4 (Prop_lut4_I0_O)        0.327    14.974 r  y[7]_i_2063/O
                         net (fo=1, routed)           0.000    14.974    y[7]_i_2063_n_0
    SLICE_X61Y77         CARRY4 (Prop_carry4_S[0]_CO[3])
                                                      0.532    15.506 r  y_reg[7]_i_1949/CO[3]
                         net (fo=16, routed)          0.984    16.490    y_reg[7]_i_1949_n_0
    SLICE_X60Y76         LUT3 (Prop_lut3_I1_O)        0.118    16.608 r  y[3]_i_223/O
                         net (fo=6, routed)           0.679    17.286    y[3]_i_223_n_0
    SLICE_X58Y77         LUT6 (Prop_lut6_I0_O)        0.326    17.612 r  y[5]_i_347/O
                         net (fo=1, routed)           0.552    18.164    y[5]_i_347_n_0
    SLICE_X58Y75         CARRY4 (Prop_carry4_DI[1]_CO[3])
                                                      0.520    18.684 r  y_reg[5]_i_322/CO[3]
                         net (fo=32, routed)          1.341    20.025    y_reg[5]_i_322_n_0
    SLICE_X58Y78         LUT5 (Prop_lut5_I3_O)        0.146    20.171 r  y[5]_i_357/O
                         net (fo=2, routed)           0.964    21.136    y[5]_i_357_n_0
    SLICE_X58Y76         LUT4 (Prop_lut4_I0_O)        0.328    21.464 r  y[5]_i_343/O
                         net (fo=1, routed)           0.000    21.464    y[5]_i_343_n_0
    SLICE_X58Y76         CARRY4 (Prop_carry4_S[1]_CO[3])
                                                      0.533    21.997 r  y_reg[5]_i_320/CO[3]
                         net (fo=16, routed)          0.806    22.802    y_reg[5]_i_320_n_0
    SLICE_X56Y76         LUT5 (Prop_lut5_I1_O)        0.124    22.926 r  y[1]_i_210/O
                         net (fo=6, routed)           1.033    23.959    y[1]_i_210_n_0
    SLICE_X52Y74         LUT6 (Prop_lut6_I1_O)        0.124    24.083 r  y[5]_i_314/O
                         net (fo=1, routed)           0.471    24.554    y[5]_i_314_n_0
    SLICE_X53Y74         CARRY4 (Prop_carry4_DI[0]_CO[3])
                                                      0.526    25.080 r  y_reg[5]_i_283/CO[3]
                         net (fo=32, routed)          0.982    26.062    y_reg[5]_i_283_n_0
    SLICE_X53Y76         LUT5 (Prop_lut5_I3_O)        0.118    26.180 r  y[5]_i_335/O
                         net (fo=2, routed)           0.867    27.047    y[5]_i_335_n_0
    SLICE_X52Y76         LUT4 (Prop_lut4_I0_O)        0.326    27.373 r  y[5]_i_310/O
                         net (fo=1, routed)           0.000    27.373    y[5]_i_310_n_0
    SLICE_X52Y76         CARRY4 (Prop_carry4_S[0]_CO[3])
                                                      0.532    27.905 r  y_reg[5]_i_281/CO[3]
                         net (fo=16, routed)          0.939    28.844    y_reg[5]_i_281_n_0
    SLICE_X52Y75         LUT5 (Prop_lut5_I1_O)        0.124    28.968 r  y[1]_i_194/O
                         net (fo=6, routed)           0.944    29.912    y[1]_i_194_n_0
    SLICE_X48Y75         LUT6 (Prop_lut6_I1_O)        0.124    30.036 r  y[5]_i_275/O
                         net (fo=1, routed)           0.652    30.688    y[5]_i_275_n_0
    SLICE_X47Y75         CARRY4 (Prop_carry4_DI[0]_CO[3])
                                                      0.526    31.214 r  y_reg[5]_i_249/CO[3]
                         net (fo=32, routed)          0.958    32.173    y_reg[5]_i_249_n_0
    SLICE_X48Y76         LUT5 (Prop_lut5_I3_O)        0.118    32.291 r  y[5]_i_299/O
                         net (fo=2, routed)           0.919    33.210    y[5]_i_299_n_0
    SLICE_X48Y77         LUT4 (Prop_lut4_I0_O)        0.326    33.536 r  y[5]_i_270/O
                         net (fo=1, routed)           0.000    33.536    y[5]_i_270_n_0
    SLICE_X48Y77         CARRY4 (Prop_carry4_S[1]_CO[3])
                                                      0.550    34.086 r  y_reg[5]_i_247/CO[3]
                         net (fo=16, routed)          1.188    35.274    y_reg[5]_i_247_n_0
    SLICE_X47Y77         LUT5 (Prop_lut5_I3_O)        0.154    35.428 f  y[3]_i_183/O
                         net (fo=4, routed)           1.043    36.471    y[3]_i_183_n_0
    SLICE_X50Y78         LUT6 (Prop_lut6_I3_O)        0.327    36.798 r  y[7]_i_1578/O
                         net (fo=1, routed)           0.471    37.269    y[7]_i_1578_n_0
    SLICE_X50Y77         CARRY4 (Prop_carry4_DI[1]_CO[3])
                                                      0.520    37.789 r  y_reg[7]_i_1361/CO[3]
                         net (fo=16, routed)          0.943    38.732    y_reg[7]_i_1361_n_0
    SLICE_X51Y79         LUT5 (Prop_lut5_I3_O)        0.120    38.852 f  y[7]_i_1338/O
                         net (fo=4, routed)           0.865    39.716    y[7]_i_1338_n_0
    SLICE_X53Y80         LUT6 (Prop_lut6_I3_O)        0.327    40.043 r  y[7]_i_1542/O
                         net (fo=1, routed)           0.673    40.716    y[7]_i_1542_n_0
    SLICE_X53Y81         CARRY4 (Prop_carry4_DI[3]_CO[3])
                                                      0.385    41.101 r  y_reg[7]_i_1337/CO[3]
                         net (fo=16, routed)          0.930    42.031    y_reg[7]_i_1337_n_0
    SLICE_X53Y82         LUT5 (Prop_lut5_I1_O)        0.150    42.181 r  y[3]_i_159/O
                         net (fo=4, routed)           0.705    42.886    y[3]_i_159_n_0
    SLICE_X50Y83         LUT6 (Prop_lut6_I3_O)        0.332    43.218 r  y[7]_i_1378/O
                         net (fo=1, routed)           0.549    43.767    y[7]_i_1378_n_0
    SLICE_X50Y82         CARRY4 (Prop_carry4_DI[1]_CO[3])
                                                      0.520    44.287 r  y_reg[7]_i_1154/CO[3]
                         net (fo=20, routed)          0.797    45.084    y_reg[7]_i_1154_n_0
    SLICE_X51Y82         LUT5 (Prop_lut5_I3_O)        0.118    45.202 r  y[1]_i_135/O
                         net (fo=7, routed)           1.126    46.328    y[1]_i_135_n_0
    SLICE_X48Y84         LUT4 (Prop_lut4_I0_O)        0.326    46.654 r  y[7]_i_1175/O
                         net (fo=1, routed)           0.000    46.654    y[7]_i_1175_n_0
    SLICE_X48Y84         CARRY4 (Prop_carry4_S[0]_CO[3])
                                                      0.532    47.186 r  y_reg[7]_i_946/CO[3]
                         net (fo=40, routed)          1.084    48.270    y_reg[7]_i_946_n_0
    SLICE_X49Y84         LUT3 (Prop_lut3_I1_O)        0.153    48.423 r  y[7]_i_834/O
                         net (fo=7, routed)           0.876    49.299    y[7]_i_834_n_0
    SLICE_X48Y83         LUT6 (Prop_lut6_I3_O)        0.327    49.626 r  y[7]_i_1053/O
                         net (fo=1, routed)           0.476    50.103    y[7]_i_1053_n_0
    SLICE_X47Y83         CARRY4 (Prop_carry4_DI[3]_CO[3])
                                                      0.385    50.488 r  y_reg[7]_i_833/CO[3]
                         net (fo=28, routed)          1.011    51.499    y_reg[7]_i_833_n_0
    SLICE_X47Y84         LUT5 (Prop_lut5_I4_O)        0.150    51.649 f  y[7]_i_1045/O
                         net (fo=7, routed)           0.628    52.277    y[7]_i_1045_n_0
    SLICE_X45Y85         LUT6 (Prop_lut6_I5_O)        0.332    52.609 r  y[7]_i_1062/O
                         net (fo=1, routed)           0.642    53.251    y[7]_i_1062_n_0
    SLICE_X45Y84         CARRY4 (Prop_carry4_DI[2]_CO[3])
                                                      0.398    53.649 r  y_reg[7]_i_836/CO[3]
                         net (fo=28, routed)          1.075    54.724    y_reg[7]_i_836_n_0
    SLICE_X45Y85         LUT5 (Prop_lut5_I4_O)        0.152    54.876 r  y[3]_i_98/O
                         net (fo=7, routed)           0.647    55.523    y[3]_i_98_n_0
    SLICE_X41Y84         LUT6 (Prop_lut6_I3_O)        0.332    55.855 r  y[7]_i_826/O
                         net (fo=1, routed)           0.808    56.662    y[7]_i_826_n_0
    SLICE_X43Y84         CARRY4 (Prop_carry4_DI[1]_CO[3])
                                                      0.507    57.169 r  y_reg[7]_i_615/CO[3]
                         net (fo=28, routed)          1.017    58.186    y_reg[7]_i_615_n_0
    SLICE_X44Y85         LUT3 (Prop_lut3_I1_O)        0.118    58.304 f  y[3]_i_88/O
                         net (fo=7, routed)           0.906    59.211    y[3]_i_88_n_0
    SLICE_X46Y86         LUT6 (Prop_lut6_I4_O)        0.326    59.537 r  y[7]_i_756/O
                         net (fo=1, routed)           0.513    60.050    y[7]_i_756_n_0
    SLICE_X45Y86         CARRY4 (Prop_carry4_DI[1]_CO[3])
                                                      0.507    60.557 r  y_reg[7]_i_560/CO[3]
                         net (fo=28, routed)          1.043    61.599    y_reg[7]_i_560_n_0
    SLICE_X45Y87         LUT5 (Prop_lut5_I4_O)        0.124    61.723 f  y[0]_i_79/O
                         net (fo=4, routed)           0.634    62.357    y[0]_i_79_n_0
    SLICE_X44Y88         LUT6 (Prop_lut6_I5_O)        0.124    62.481 r  y[7]_i_770/O
                         net (fo=1, routed)           0.479    62.960    y[7]_i_770_n_0
    SLICE_X44Y87         CARRY4 (Prop_carry4_DI[0]_CO[3])
                                                      0.526    63.486 r  y_reg[7]_i_563/CO[3]
                         net (fo=16, routed)          1.102    64.588    y_reg[7]_i_563_n_0
    SLICE_X43Y88         LUT5 (Prop_lut5_I3_O)        0.153    64.741 f  y[5]_i_68/O
                         net (fo=4, routed)           0.826    65.567    y[5]_i_68_n_0
    SLICE_X44Y89         LUT6 (Prop_lut6_I3_O)        0.327    65.894 r  y[7]_i_586/O
                         net (fo=1, routed)           0.636    66.531    y[7]_i_586_n_0
    SLICE_X43Y89         CARRY4 (Prop_carry4_DI[2]_CO[3])
                                                      0.398    66.929 r  y_reg[7]_i_387/CO[3]
                         net (fo=16, routed)          0.944    67.872    y_reg[7]_i_387_n_0
    SLICE_X44Y90         LUT5 (Prop_lut5_I3_O)        0.119    67.991 f  y[5]_i_59/O
                         net (fo=4, routed)           0.994    68.985    y[5]_i_59_n_0
    SLICE_X46Y92         LUT6 (Prop_lut6_I3_O)        0.332    69.317 r  y[7]_i_513/O
                         net (fo=1, routed)           0.568    69.885    y[7]_i_513_n_0
    SLICE_X47Y92         CARRY4 (Prop_carry4_DI[2]_CO[3])
                                                      0.398    70.283 r  y_reg[7]_i_332/CO[3]
                         net (fo=16, routed)          1.152    71.436    y_reg[7]_i_332_n_0
    SLICE_X46Y93         LUT5 (Prop_lut5_I4_O)        0.124    71.560 r  y[3]_i_37/O
                         net (fo=7, routed)           0.975    72.535    y[3]_i_37_n_0
    SLICE_X42Y93         LUT4 (Prop_lut4_I0_O)        0.124    72.659 r  y[7]_i_326/O
                         net (fo=1, routed)           0.000    72.659    y[7]_i_326_n_0
    SLICE_X42Y93         CARRY4 (Prop_carry4_S[1]_CO[3])
                                                      0.533    73.192 r  y_reg[7]_i_187/CO[3]
                         net (fo=32, routed)          1.308    74.500    y_reg[7]_i_187_n_0
    SLICE_X42Y92         LUT3 (Prop_lut3_I1_O)        0.150    74.650 f  y[0]_i_38/O
                         net (fo=4, routed)           0.467    75.117    y[0]_i_38_n_0
    SLICE_X42Y91         LUT6 (Prop_lut6_I5_O)        0.328    75.445 r  y[7]_i_336/O
                         net (fo=1, routed)           0.512    75.957    y[7]_i_336_n_0
    SLICE_X41Y91         CARRY4 (Prop_carry4_DI[0]_CO[3])
                                                      0.526    76.483 r  y_reg[7]_i_189/CO[3]
                         net (fo=20, routed)          1.125    77.608    y_reg[7]_i_189_n_0
    SLICE_X41Y93         LUT5 (Prop_lut5_I3_O)        0.117    77.725 f  y[7]_i_94/O
                         net (fo=4, routed)           0.965    78.690    y[7]_i_94_n_0
    SLICE_X42Y95         LUT6 (Prop_lut6_I3_O)        0.332    79.022 r  y[7]_i_191/O
                         net (fo=1, routed)           0.610    79.632    y[7]_i_191_n_0
    SLICE_X43Y95         CARRY4 (Prop_carry4_DI[3]_CO[3])
                                                      0.385    80.017 r  y_reg[7]_i_95/CO[3]
                         net (fo=28, routed)          1.402    81.419    y_reg[7]_i_95_n_0
    SLICE_X43Y96         LUT5 (Prop_lut5_I3_O)        0.152    81.571 r  y[2]_i_23/O
                         net (fo=4, routed)           0.606    82.177    y[2]_i_23_n_0
    SLICE_X42Y97         LUT6 (Prop_lut6_I4_O)        0.326    82.503 r  y[7]_i_240/O
                         net (fo=1, routed)           0.568    83.071    y[7]_i_240_n_0
    SLICE_X43Y97         CARRY4 (Prop_carry4_DI[1]_CO[3])
                                                      0.507    83.578 r  y_reg[7]_i_121/CO[3]
                         net (fo=16, routed)          1.388    84.966    y_reg[7]_i_121_n_0
    SLICE_X42Y96         LUT5 (Prop_lut5_I3_O)        0.150    85.116 r  y[0]_i_15/O
                         net (fo=6, routed)           0.966    86.082    y[0]_i_15_n_0
    SLICE_X44Y99         LUT4 (Prop_lut4_I2_O)        0.328    86.410 r  y[7]_i_155/O
                         net (fo=1, routed)           0.000    86.410    y[7]_i_155_n_0
    SLICE_X44Y99         CARRY4 (Prop_carry4_S[0]_CO[3])
                                                      0.532    86.942 r  y_reg[7]_i_62/CO[3]
                         net (fo=16, routed)          1.170    88.112    p_4_in
    SLICE_X43Y98         LUT5 (Prop_lut5_I1_O)        0.150    88.262 r  y[1]_i_7/O
                         net (fo=6, routed)           0.993    89.255    y[1]_i_7_n_0
    SLICE_X40Y99         LUT4 (Prop_lut4_I1_O)        0.332    89.587 r  y[7]_i_81/O
                         net (fo=1, routed)           0.000    89.587    y[7]_i_81_n_0
    SLICE_X40Y99         CARRY4 (Prop_carry4_S[0]_CO[3])
                                                      0.532    90.119 r  y_reg[7]_i_22/CO[3]
                         net (fo=16, routed)          0.961    91.080    y_reg[7]_i_22_n_0
    SLICE_X40Y98         LUT3 (Prop_lut3_I1_O)        0.118    91.198 r  y[1]_i_5/O
                         net (fo=5, routed)           0.828    92.027    y[1]_i_5_n_0
    SLICE_X39Y98         LUT4 (Prop_lut4_I1_O)        0.326    92.353 r  y[7]_i_33/O
                         net (fo=1, routed)           0.000    92.353    y[7]_i_33_n_0
    SLICE_X39Y98         CARRY4 (Prop_carry4_S[0]_CO[3])
                                                      0.532    92.885 r  y_reg[7]_i_6/CO[3]
                         net (fo=8, routed)           1.030    93.915    y_reg[7]_i_6_n_0
    SLICE_X38Y98         LUT6 (Prop_lut6_I0_O)        0.124    94.039 r  y[1]_i_2/O
                         net (fo=3, routed)           1.102    95.141    y[1]_i_2_n_0
    SLICE_X39Y102        LUT4 (Prop_lut4_I0_O)        0.124    95.265 r  y[7]_i_19/O
                         net (fo=1, routed)           0.000    95.265    y[7]_i_19_n_0
    SLICE_X39Y102        CARRY4 (Prop_carry4_S[0]_CO[3])
                                                      0.532    95.797 r  y_reg[7]_i_4/CO[3]
                         net (fo=8, routed)           0.810    96.608    s1
    SLICE_X38Y102        LUT3 (Prop_lut3_I1_O)        0.117    96.725 r  y[3]_i_1/O
                         net (fo=1, routed)           0.000    96.725    y[3]_i_1_n_0
    SLICE_X38Y102        FDRE                                         r  y_reg[3]/D
  -------------------------------------------------------------------    -------------------

                         (clock vclk rise edge)      94.101    94.101 r  <hidden>
                                                      0.000    94.101 r  clk
                         net (fo=167, unset)          0.924    95.025    clk
    SLICE_X38Y102        FDRE                                         r  y_reg[3]/C
                         clock pessimism              0.000    95.025    <hidden>
                         clock uncertainty           -0.035    94.990    <hidden>
    SLICE_X38Y102        FDRE (Setup_fdre_C_D)        0.118    95.108    y_reg[3]
  -------------------------------------------------------------------
                         required time                         95.108    <hidden>
                         arrival time                         -96.725    <hidden>
  -------------------------------------------------------------------
                         slack                                 -1.617    <hidden>

Slack (VIOLATED) :        -1.610ns  (required time - arrival time)
  Source:                 w0_reg[1]/C
                            (rising edge-triggered cell FDRE clocked by vclk  {rise@0.000ns fall@47.050ns period=94.101ns})
  Destination:            y_reg[6]/D
                            (rising edge-triggered cell FDRE clocked by vclk  {rise@0.000ns fall@47.050ns period=94.101ns})
  Path Group:             vclk
  Path Type:              Setup (Max at Slow Process Corner)
  Requirement:            94.101ns  (vclk rise@94.101ns - vclk rise@0.000ns)
  Data Path Delay:        95.706ns  (logic 27.889ns (29.140%)  route 67.817ns (70.860%))
  Logic Levels:           90  (CARRY4=30 LUT3=8 LUT4=12 LUT5=21 LUT6=19)
  Clock Path Skew:        -0.049ns (DCD - SCD + CPR)
    Destination Clock Delay (DCD):    0.924ns = ( 95.025 - 94.101 ) 
    Source Clock Delay      (SCD):    0.973ns
    Clock Pessimism Removal (CPR):    0.000ns
  Clock Uncertainty:      0.035ns  ((TSJ^2 + TIJ^2)^1/2 + DJ) / 2 + PE
    Total System Jitter     (TSJ):    0.071ns
    Total Input Jitter      (TIJ):    0.000ns
    Discrete Jitter          (DJ):    0.000ns
    Phase Error              (PE):    0.000ns

    Location             Delay type                Incr(ns)  Path(ns)    Netlist Resource(s)
  -------------------------------------------------------------------    -------------------
                         (clock vclk rise edge)       0.000     0.000 r  <hidden>
                                                      0.000     0.000 r  clk
                         net (fo=167, unset)          0.973     0.973    clk
    SLICE_X64Y72         FDRE                                         r  w0_reg[1]/C
  -------------------------------------------------------------------    -------------------
    SLICE_X64Y72         FDRE (Prop_fdre_C_Q)         0.456     1.429 r  w0_reg[1]/Q
                         net (fo=11, routed)          1.120     2.549    w0[1]
    SLICE_X65Y72         LUT4 (Prop_lut4_I0_O)        0.124     2.673 r  y[7]_i_2015/O
                         net (fo=1, routed)           0.000     2.673    y[7]_i_2015_n_0
    SLICE_X65Y72         CARRY4 (Prop_carry4_S[0]_CO[3])
                                                      0.532     3.205 r  y_reg[7]_i_1914/CO[3]
                         net (fo=64, routed)          1.181     4.386    y_reg[7]_i_1914_n_0
    SLICE_X62Y71         LUT3 (Prop_lut3_I1_O)        0.116     4.502 r  y[7]_i_2103/O
                         net (fo=1, routed)           0.452     4.955    y[7]_i_2103_n_0
    SLICE_X62Y71         LUT6 (Prop_lut6_I1_O)        0.328     5.283 r  y[7]_i_2019/O
                         net (fo=1, routed)           0.330     5.612    y[7]_i_2019_n_0
    SLICE_X62Y72         CARRY4 (Prop_carry4_DI[0]_CO[3])
                                                      0.550     6.162 r  y_reg[7]_i_1915/CO[3]
                         net (fo=40, routed)          1.276     7.438    y_reg[7]_i_1915_n_0
    SLICE_X63Y73         LUT5 (Prop_lut5_I1_O)        0.124     7.562 r  y[3]_i_226/O
                         net (fo=10, routed)          0.991     8.554    y[3]_i_226_n_0
    SLICE_X60Y74         LUT4 (Prop_lut4_I0_O)        0.124     8.678 r  y[7]_i_2046/O
                         net (fo=1, routed)           0.000     8.678    y[7]_i_2046_n_0
    SLICE_X60Y74         CARRY4 (Prop_carry4_S[1]_CO[3])
                                                      0.550     9.228 r  y_reg[7]_i_1927/CO[3]
                         net (fo=64, routed)          1.378    10.606    y_reg[7]_i_1927_n_0
    SLICE_X62Y76         LUT3 (Prop_lut3_I1_O)        0.153    10.759 r  y[7]_i_2123/O
                         net (fo=1, routed)           0.292    11.050    y[7]_i_2123_n_0
    SLICE_X61Y76         LUT6 (Prop_lut6_I1_O)        0.331    11.381 r  y[7]_i_2079/O
                         net (fo=1, routed)           0.612    11.993    y[7]_i_2079_n_0
    SLICE_X61Y75         CARRY4 (Prop_carry4_DI[0]_CO[3])
                                                      0.526    12.519 r  y_reg[7]_i_1995/CO[3]
                         net (fo=16, routed)          1.283    13.803    y_reg[7]_i_1995_n_0
    SLICE_X61Y76         LUT5 (Prop_lut5_I3_O)        0.120    13.923 r  y[1]_i_228/O
                         net (fo=4, routed)           0.724    14.647    y[1]_i_228_n_0
    SLICE_X61Y77         LUT4 (Prop_lut4_I0_O)        0.327    14.974 r  y[7]_i_2063/O
                         net (fo=1, routed)           0.000    14.974    y[7]_i_2063_n_0
    SLICE_X61Y77         CARRY4 (Prop_carry4_S[0]_CO[3])
                                                      0.532    15.506 r  y_reg[7]_i_1949/CO[3]
                         net (fo=16, routed)          0.984    16.490    y_reg[7]_i_1949_n_0
    SLICE_X60Y76         LUT3 (Prop_lut3_I1_O)        0.118    16.608 r  y[3]_i_223/O
                         net (fo=6, routed)           0.679    17.286    y[3]_i_223_n_0
    SLICE_X58Y77         LUT6 (Prop_lut6_I0_O)        0.326    17.612 r  y[5]_i_347/O
                         net (fo=1, routed)           0.552    18.164    y[5]_i_347_n_0
    SLICE_X58Y75         CARRY4 (Prop_carry4_DI[1]_CO[3])
                                                      0.520    18.684 r  y_reg[5]_i_322/CO[3]
                         net (fo=32, routed)          1.341    20.025    y_reg[5]_i_322_n_0
    SLICE_X58Y78         LUT5 (Prop_lut5_I3_O)        0.146    20.171 r  y[5]_i_357/O
                         net (fo=2, routed)           0.964    21.136    y[5]_i_357_n_0
    SLICE_X58Y76         LUT4 (Prop_lut4_I0_O)        0.328    21.464 r  y[5]_i_343/O
                         net (fo=1, routed)           0.000    21.464    y[5]_i_343_n_0
    SLICE_X58Y76         CARRY4 (Prop_carry4_S[1]_CO[3])
                                                      0.533    21.997 r  y_reg[5]_i_320/CO[3]
                         net (fo=16, routed)          0.806    22.802    y_reg[5]_i_320_n_0
    SLICE_X56Y76         LUT5 (Prop_lut5_I1_O)        0.124    22.926 r  y[1]_i_210/O
                         net (fo=6, routed)           1.033    23.959    y[1]_i_210_n_0
    SLICE_X52Y74         LUT6 (Prop_lut6_I1_O)        0.124    24.083 r  y[5]_i_314/O
                         net (fo=1, routed)           0.471    24.554    y[5]_i_314_n_0
    SLICE_X53Y74         CARRY4 (Prop_carry4_DI[0]_CO[3])
                                                      0.526    25.080 r  y_reg[5]_i_283/CO[3]
                         net (fo=32, routed)          0.982    26.062    y_reg[5]_i_283_n_0
    SLICE_X53Y76         LUT5 (Prop_lut5_I3_O)        0.118    26.180 r  y[5]_i_335/O
                         net (fo=2, routed)           0.867    27.047    y[5]_i_335_n_0
    SLICE_X52Y76         LUT4 (Prop_lut4_I0_O)        0.326    27.373 r  y[5]_i_310/O
                         net (fo=1, routed)           0.000    27.373    y[5]_i_310_n_0
    SLICE_X52Y76         CARRY4 (Prop_carry4_S[0]_CO[3])
                                                      0.532    27.905 r  y_reg[5]_i_281/CO[3]
                         net (fo=16, routed)          0.939    28.844    y_reg[5]_i_281_n_0
    SLICE_X52Y75         LUT5 (Prop_lut5_I1_O)        0.124    28.968 r  y[1]_i_194/O
                         net (fo=6, routed)           0.944    29.912    y[1]_i_194_n_0
    SLICE_X48Y75         LUT6 (Prop_lut6_I1_O)        0.124    30.036 r  y[5]_i_275/O
                         net (fo=1, routed)           0.652    30.688    y[5]_i_275_n_0
    SLICE_X47Y75         CARRY4 (Prop_carry4_DI[0]_CO[3])
                                                      0.526    31.214 r  y_reg[5]_i_249/CO[3]
                         net (fo=32, routed)          0.958    32.173    y_reg[5]_i_249_n_0
    SLICE_X48Y76         LUT5 (Prop_lut5_I3_O)        0.118    32.291 r  y[5]_i_299/O
                         net (fo=2, routed)           0.919    33.210    y[5]_i_299_n_0
    SLICE_X48Y77         LUT4 (Prop_lut4_I0_O)        0.326    33.536 r  y[5]_i_270/O
                         net (fo=1, routed)           0.000    33.536    y[5]_i_270_n_0
    SLICE_X48Y77         CARRY4 (Prop_carry4_S[1]_CO[3])
                                                      0.550    34.086 r  y_reg[5]_i_247/CO[3]
                         net (fo=16, routed)          1.188    35.274    y_reg[5]_i_247_n_0
    SLICE_X47Y77         LUT5 (Prop_lut5_I3_O)        0.154    35.428 f  y[3]_i_183/O
                         net (fo=4, routed)           1.043    36.471    y[3]_i_183_n_0
    SLICE_X50Y78         LUT6 (Prop_lut6_I3_O)        0.327    36.798 r  y[7]_i_1578/O
                         net (fo=1, routed)           0.471    37.269    y[7]_i_1578_n_0
    SLICE_X50Y77         CARRY4 (Prop_carry4_DI[1]_CO[3])
                                                      0.520    37.789 r  y_reg[7]_i_1361/CO[3]
                         net (fo=16, routed)          0.943    38.732    y_reg[7]_i_1361_n_0
    SLICE_X51Y79         LUT5 (Prop_lut5_I3_O)        0.120    38.852 f  y[7]_i_1338/O
                         net (fo=4, routed)           0.865    39.716    y[7]_i_1338_n_0
    SLICE_X53Y80         LUT6 (Prop_lut6_I3_O)        0.327    40.043 r  y[7]_i_1542/O
                         net (fo=1, routed)           0.673    40.716    y[7]_i_1542_n_0
    SLICE_X53Y81         CARRY4 (Prop_carry4_DI[3]_CO[3])
                                                      0.385    41.101 r  y_reg[7]_i_1337/CO[3]
                         net (fo=16, routed)          0.930    42.031    y_reg[7]_i_1337_n_0
    SLICE_X53Y82         LUT5 (Prop_lut5_I1_O)        0.150    42.181 r  y[3]_i_159/O
                         net (fo=4, routed)           0.705    42.886    y[3]_i_159_n_0
    SLICE_X50Y83         LUT6 (Prop_lut6_I3_O)        0.332    43.218 r  y[7]_i_1378/O
                         net (fo=1, routed)           0.549    43.767    y[7]_i_1378_n_0
    SLICE_X50Y82         CARRY4 (Prop_carry4_DI[1]_CO[3])
                                                      0.520    44.287 r  y_reg[7]_i_1154/CO[3]
                         net (fo=20, routed)          0.797    45.084    y_reg[7]_i_1154_n_0
    SLICE_X51Y82         LUT5 (Prop_lut5_I3_O)        0.118    45.202 r  y[1]_i_135/O
                         net (fo=7, routed)           1.126    46.328    y[1]_i_135_n_0
    SLICE_X48Y84         LUT4 (Prop_lut4_I0_O)        0.326    46.654 r  y[7]_i_1175/O
                         net (fo=1, routed)           0.000    46.654    y[7]_i_1175_n_0
    SLICE_X48Y84         CARRY4 (Prop_carry4_S[0]_CO[3])
                                                      0.532    47.186 r  y_reg[7]_i_946/CO[3]
                         net (fo=40, routed)          1.084    48.270    y_reg[7]_i_946_n_0
    SLICE_X49Y84         LUT3 (Prop_lut3_I1_O)        0.153    48.423 r  y[7]_i_834/O
                         net (fo=7, routed)           0.876    49.299    y[7]_i_834_n_0
    SLICE_X48Y83         LUT6 (Prop_lut6_I3_O)        0.327    49.626 r  y[7]_i_1053/O
                         net (fo=1, routed)           0.476    50.103    y[7]_i_1053_n_0
    SLICE_X47Y83         CARRY4 (Prop_carry4_DI[3]_CO[3])
                                                      0.385    50.488 r  y_reg[7]_i_833/CO[3]
                         net (fo=28, routed)          1.011    51.499    y_reg[7]_i_833_n_0
    SLICE_X47Y84         LUT5 (Prop_lut5_I4_O)        0.150    51.649 f  y[7]_i_1045/O
                         net (fo=7, routed)           0.628    52.277    y[7]_i_1045_n_0
    SLICE_X45Y85         LUT6 (Prop_lut6_I5_O)        0.332    52.609 r  y[7]_i_1062/O
                         net (fo=1, routed)           0.642    53.251    y[7]_i_1062_n_0
    SLICE_X45Y84         CARRY4 (Prop_carry4_DI[2]_CO[3])
                                                      0.398    53.649 r  y_reg[7]_i_836/CO[3]
                         net (fo=28, routed)          1.075    54.724    y_reg[7]_i_836_n_0
    SLICE_X45Y85         LUT5 (Prop_lut5_I4_O)        0.152    54.876 r  y[3]_i_98/O
                         net (fo=7, routed)           0.647    55.523    y[3]_i_98_n_0
    SLICE_X41Y84         LUT6 (Prop_lut6_I3_O)        0.332    55.855 r  y[7]_i_826/O
                         net (fo=1, routed)           0.808    56.662    y[7]_i_826_n_0
    SLICE_X43Y84         CARRY4 (Prop_carry4_DI[1]_CO[3])
                                                      0.507    57.169 r  y_reg[7]_i_615/CO[3]
                         net (fo=28, routed)          1.017    58.186    y_reg[7]_i_615_n_0
    SLICE_X44Y85         LUT3 (Prop_lut3_I1_O)        0.118    58.304 f  y[3]_i_88/O
                         net (fo=7, routed)           0.906    59.211    y[3]_i_88_n_0
    SLICE_X46Y86         LUT6 (Prop_lut6_I4_O)        0.326    59.537 r  y[7]_i_756/O
                         net (fo=1, routed)           0.513    60.050    y[7]_i_756_n_0
    SLICE_X45Y86         CARRY4 (Prop_carry4_DI[1]_CO[3])
                                                      0.507    60.557 r  y_reg[7]_i_560/CO[3]
                         net (fo=28, routed)          1.043    61.599    y_reg[7]_i_560_n_0
    SLICE_X45Y87         LUT5 (Prop_lut5_I4_O)        0.124    61.723 f  y[0]_i_79/O
                         net (fo=4, routed)           0.634    62.357    y[0]_i_79_n_0
    SLICE_X44Y88         LUT6 (Prop_lut6_I5_O)        0.124    62.481 r  y[7]_i_770/O
                         net (fo=1, routed)           0.479    62.960    y[7]_i_770_n_0
    SLICE_X44Y87         CARRY4 (Prop_carry4_DI[0]_CO[3])
                                                      0.526    63.486 r  y_reg[7]_i_563/CO[3]
                         net (fo=16, routed)          1.102    64.588    y_reg[7]_i_563_n_0
    SLICE_X43Y88         LUT5 (Prop_lut5_I3_O)        0.153    64.741 f  y[5]_i_68/O
                         net (fo=4, routed)           0.826    65.567    y[5]_i_68_n_0
    SLICE_X44Y89         LUT6 (Prop_lut6_I3_O)        0.327    65.894 r  y[7]_i_586/O
                         net (fo=1, routed)           0.636    66.531    y[7]_i_586_n_0
    SLICE_X43Y89         CARRY4 (Prop_carry4_DI[2]_CO[3])
                                                      0.398    66.929 r  y_reg[7]_i_387/CO[3]
                         net (fo=16, routed)          0.944    67.872    y_reg[7]_i_387_n_0
    SLICE_X44Y90         LUT5 (Prop_lut5_I3_O)        0.119    67.991 f  y[5]_i_59/O
                         net (fo=4, routed)           0.994    68.985    y[5]_i_59_n_0
    SLICE_X46Y92         LUT6 (Prop_lut6_I3_O)        0.332    69.317 r  y[7]_i_513/O
                         net (fo=1, routed)           0.568    69.885    y[7]_i_513_n_0
    SLICE_X47Y92         CARRY4 (Prop_carry4_DI[2]_CO[3])
                                                      0.398    70.283 r  y_reg[7]_i_332/CO[3]
                         net (fo=16, routed)          1.152    71.436    y_reg[7]_i_332_n_0
    SLICE_X46Y93         LUT5 (Prop_lut5_I4_O)        0.124    71.560 r  y[3]_i_37/O
                         net (fo=7, routed)           0.975    72.535    y[3]_i_37_n_0
    SLICE_X42Y93         LUT4 (Prop_lut4_I0_O)        0.124    72.659 r  y[7]_i_326/O
                         net (fo=1, routed)           0.000    72.659    y[7]_i_326_n_0
    SLICE_X42Y93         CARRY4 (Prop_carry4_S[1]_CO[3])
                                                      0.533    73.192 r  y_reg[7]_i_187/CO[3]
                         net (fo=32, routed)          1.308    74.500    y_reg[7]_i_187_n_0
    SLICE_X42Y92         LUT3 (Prop_lut3_I1_O)        0.150    74.650 f  y[0]_i_38/O
                         net (fo=4, routed)           0.467    75.117    y[0]_i_38_n_0
    SLICE_X42Y91         LUT6 (Prop_lut6_I5_O)        0.328    75.445 r  y[7]_i_336/O
                         net (fo=1, routed)           0.512    75.957    y[7]_i_336_n_0
    SLICE_X41Y91         CARRY4 (Prop_carry4_DI[0]_CO[3])
                                                      0.526    76.483 r  y_reg[7]_i_189/CO[3]
                         net (fo=20, routed)          1.125    77.608    y_reg[7]_i_189_n_0
    SLICE_X41Y93         LUT5 (Prop_lut5_I3_O)        0.117    77.725 f  y[7]_i_94/O
                         net (fo=4, routed)           0.965    78.690    y[7]_i_94_n_0
    SLICE_X42Y95         LUT6 (Prop_lut6_I3_O)        0.332    79.022 r  y[7]_i_191/O
                         net (fo=1, routed)           0.610    79.632    y[7]_i_191_n_0
    SLICE_X43Y95         CARRY4 (Prop_carry4_DI[3]_CO[3])
                                                      0.385    80.017 r  y_reg[7]_i_95/CO[3]
                         net (fo=28, routed)          1.402    81.419    y_reg[7]_i_95_n_0
    SLICE_X43Y96         LUT5 (Prop_lut5_I3_O)        0.152    81.571 r  y[2]_i_23/O
                         net (fo=4, routed)           0.606    82.177    y[2]_i_23_n_0
    SLICE_X42Y97         LUT6 (Prop_lut6_I4_O)        0.326    82.503 r  y[7]_i_240/O
                         net (fo=1, routed)           0.568    83.071    y[7]_i_240_n_0
    SLICE_X43Y97         CARRY4 (Prop_carry4_DI[1]_CO[3])
                                                      0.507    83.578 r  y_reg[7]_i_121/CO[3]
                         net (fo=16, routed)          1.388    84.966    y_reg[7]_i_121_n_0
    SLICE_X42Y96         LUT5 (Prop_lut5_I3_O)        0.150    85.116 r  y[0]_i_15/O
                         net (fo=6, routed)           0.966    86.082    y[0]_i_15_n_0
    SLICE_X44Y99         LUT4 (Prop_lut4_I2_O)        0.328    86.410 r  y[7]_i_155/O
                         net (fo=1, routed)           0.000    86.410    y[7]_i_155_n_0
    SLICE_X44Y99         CARRY4 (Prop_carry4_S[0]_CO[3])
                                                      0.532    86.942 r  y_reg[7]_i_62/CO[3]
                         net (fo=16, routed)          1.170    88.112    p_4_in
    SLICE_X43Y98         LUT5 (Prop_lut5_I1_O)        0.150    88.262 r  y[1]_i_7/O
                         net (fo=6, routed)           0.993    89.255    y[1]_i_7_n_0
    SLICE_X40Y99         LUT4 (Prop_lut4_I1_O)        0.332    89.587 r  y[7]_i_81/O
                         net (fo=1, routed)           0.000    89.587    y[7]_i_81_n_0
    SLICE_X40Y99         CARRY4 (Prop_carry4_S[0]_CO[3])
                                                      0.532    90.119 r  y_reg[7]_i_22/CO[3]
                         net (fo=16, routed)          0.961    91.080    y_reg[7]_i_22_n_0
    SLICE_X40Y98         LUT3 (Prop_lut3_I1_O)        0.118    91.198 r  y[1]_i_5/O
                         net (fo=5, routed)           0.828    92.027    y[1]_i_5_n_0
    SLICE_X39Y98         LUT4 (Prop_lut4_I1_O)        0.326    92.353 r  y[7]_i_33/O
                         net (fo=1, routed)           0.000    92.353    y[7]_i_33_n_0
    SLICE_X39Y98         CARRY4 (Prop_carry4_S[0]_CO[3])
                                                      0.532    92.885 r  y_reg[7]_i_6/CO[3]
                         net (fo=8, routed)           1.030    93.915    y_reg[7]_i_6_n_0
    SLICE_X38Y98         LUT6 (Prop_lut6_I0_O)        0.124    94.039 r  y[1]_i_2/O
                         net (fo=3, routed)           1.102    95.141    y[1]_i_2_n_0
    SLICE_X39Y102        LUT4 (Prop_lut4_I0_O)        0.124    95.265 r  y[7]_i_19/O
                         net (fo=1, routed)           0.000    95.265    y[7]_i_19_n_0
    SLICE_X39Y102        CARRY4 (Prop_carry4_S[0]_CO[3])
                                                      0.532    95.797 r  y_reg[7]_i_4/CO[3]
                         net (fo=8, routed)           0.758    96.555    s1
    SLICE_X38Y102        LUT3 (Prop_lut3_I2_O)        0.124    96.679 r  y[6]_i_1/O
                         net (fo=1, routed)           0.000    96.679    y[6]_i_1_n_0
    SLICE_X38Y102        FDRE                                         r  y_reg[6]/D
  -------------------------------------------------------------------    -------------------

                         (clock vclk rise edge)      94.101    94.101 r  <hidden>
                                                      0.000    94.101 r  clk
                         net (fo=167, unset)          0.924    95.025    clk
    SLICE_X38Y102        FDRE                                         r  y_reg[6]/C
                         clock pessimism              0.000    95.025    <hidden>
                         clock uncertainty           -0.035    94.990    <hidden>
    SLICE_X38Y102        FDRE (Setup_fdre_C_D)        0.079    95.069    y_reg[6]
  -------------------------------------------------------------------
                         required time                         95.069    <hidden>
                         arrival time                         -96.679    <hidden>
  -------------------------------------------------------------------
                         slack                                 -1.610    <hidden>

Slack (VIOLATED) :        -1.606ns  (required time - arrival time)
  Source:                 w0_reg[1]/C
                            (rising edge-triggered cell FDRE clocked by vclk  {rise@0.000ns fall@47.050ns period=94.101ns})
  Destination:            y_reg[4]/D
                            (rising edge-triggered cell FDRE clocked by vclk  {rise@0.000ns fall@47.050ns period=94.101ns})
  Path Group:             vclk
  Path Type:              Setup (Max at Slow Process Corner)
  Requirement:            94.101ns  (vclk rise@94.101ns - vclk rise@0.000ns)
  Data Path Delay:        95.702ns  (logic 27.889ns (29.142%)  route 67.813ns (70.858%))
  Logic Levels:           90  (CARRY4=30 LUT3=8 LUT4=12 LUT5=21 LUT6=19)
  Clock Path Skew:        -0.049ns (DCD - SCD + CPR)
    Destination Clock Delay (DCD):    0.924ns = ( 95.025 - 94.101 ) 
    Source Clock Delay      (SCD):    0.973ns
    Clock Pessimism Removal (CPR):    0.000ns
  Clock Uncertainty:      0.035ns  ((TSJ^2 + TIJ^2)^1/2 + DJ) / 2 + PE
    Total System Jitter     (TSJ):    0.071ns
    Total Input Jitter      (TIJ):    0.000ns
    Discrete Jitter          (DJ):    0.000ns
    Phase Error              (PE):    0.000ns

    Location             Delay type                Incr(ns)  Path(ns)    Netlist Resource(s)
  -------------------------------------------------------------------    -------------------
                         (clock vclk rise edge)       0.000     0.000 r  <hidden>
                                                      0.000     0.000 r  clk
                         net (fo=167, unset)          0.973     0.973    clk
    SLICE_X64Y72         FDRE                                         r  w0_reg[1]/C
  -------------------------------------------------------------------    -------------------
    SLICE_X64Y72         FDRE (Prop_fdre_C_Q)         0.456     1.429 r  w0_reg[1]/Q
                         net (fo=11, routed)          1.120     2.549    w0[1]
    SLICE_X65Y72         LUT4 (Prop_lut4_I0_O)        0.124     2.673 r  y[7]_i_2015/O
                         net (fo=1, routed)           0.000     2.673    y[7]_i_2015_n_0
    SLICE_X65Y72         CARRY4 (Prop_carry4_S[0]_CO[3])
                                                      0.532     3.205 r  y_reg[7]_i_1914/CO[3]
                         net (fo=64, routed)          1.181     4.386    y_reg[7]_i_1914_n_0
    SLICE_X62Y71         LUT3 (Prop_lut3_I1_O)        0.116     4.502 r  y[7]_i_2103/O
                         net (fo=1, routed)           0.452     4.955    y[7]_i_2103_n_0
    SLICE_X62Y71         LUT6 (Prop_lut6_I1_O)        0.328     5.283 r  y[7]_i_2019/O
                         net (fo=1, routed)           0.330     5.612    y[7]_i_2019_n_0
    SLICE_X62Y72         CARRY4 (Prop_carry4_DI[0]_CO[3])
                                                      0.550     6.162 r  y_reg[7]_i_1915/CO[3]
                         net (fo=40, routed)          1.276     7.438    y_reg[7]_i_1915_n_0
    SLICE_X63Y73         LUT5 (Prop_lut5_I1_O)        0.124     7.562 r  y[3]_i_226/O
                         net (fo=10, routed)          0.991     8.554    y[3]_i_226_n_0
    SLICE_X60Y74         LUT4 (Prop_lut4_I0_O)        0.124     8.678 r  y[7]_i_2046/O
                         net (fo=1, routed)           0.000     8.678    y[7]_i_2046_n_0
    SLICE_X60Y74         CARRY4 (Prop_carry4_S[1]_CO[3])
                                                      0.550     9.228 r  y_reg[7]_i_1927/CO[3]
                         net (fo=64, routed)          1.378    10.606    y_reg[7]_i_1927_n_0
    SLICE_X62Y76         LUT3 (Prop_lut3_I1_O)        0.153    10.759 r  y[7]_i_2123/O
                         net (fo=1, routed)           0.292    11.050    y[7]_i_2123_n_0
    SLICE_X61Y76         LUT6 (Prop_lut6_I1_O)        0.331    11.381 r  y[7]_i_2079/O
                         net (fo=1, routed)           0.612    11.993    y[7]_i_2079_n_0
    SLICE_X61Y75         CARRY4 (Prop_carry4_DI[0]_CO[3])
                                                      0.526    12.519 r  y_reg[7]_i_1995/CO[3]
                         net (fo=16, routed)          1.283    13.803    y_reg[7]_i_1995_n_0
    SLICE_X61Y76         LUT5 (Prop_lut5_I3_O)        0.120    13.923 r  y[1]_i_228/O
                         net (fo=4, routed)           0.724    14.647    y[1]_i_228_n_0
    SLICE_X61Y77         LUT4 (Prop_lut4_I0_O)        0.327    14.974 r  y[7]_i_2063/O
                         net (fo=1, routed)           0.000    14.974    y[7]_i_2063_n_0
    SLICE_X61Y77         CARRY4 (Prop_carry4_S[0]_CO[3])
                                                      0.532    15.506 r  y_reg[7]_i_1949/CO[3]
                         net (fo=16, routed)          0.984    16.490    y_reg[7]_i_1949_n_0
    SLICE_X60Y76         LUT3 (Prop_lut3_I1_O)        0.118    16.608 r  y[3]_i_223/O
                         net (fo=6, routed)           0.679    17.286    y[3]_i_223_n_0
    SLICE_X58Y77         LUT6 (Prop_lut6_I0_O)        0.326    17.612 r  y[5]_i_347/O
                         net (fo=1, routed)           0.552    18.164    y[5]_i_347_n_0
    SLICE_X58Y75         CARRY4 (Prop_carry4_DI[1]_CO[3])
                                                      0.520    18.684 r  y_reg[5]_i_322/CO[3]
                         net (fo=32, routed)          1.341    20.025    y_reg[5]_i_322_n_0
    SLICE_X58Y78         LUT5 (Prop_lut5_I3_O)        0.146    20.171 r  y[5]_i_357/O
                         net (fo=2, routed)           0.964    21.136    y[5]_i_357_n_0
    SLICE_X58Y76         LUT4 (Prop_lut4_I0_O)        0.328    21.464 r  y[5]_i_343/O
                         net (fo=1, routed)           0.000    21.464    y[5]_i_343_n_0
    SLICE_X58Y76         CARRY4 (Prop_carry4_S[1]_CO[3])
                                                      0.533    21.997 r  y_reg[5]_i_320/CO[3]
                         net (fo=16, routed)          0.806    22.802    y_reg[5]_i_320_n_0
    SLICE_X56Y76         LUT5 (Prop_lut5_I1_O)        0.124    22.926 r  y[1]_i_210/O
                         net (fo=6, routed)           1.033    23.959    y[1]_i_210_n_0
    SLICE_X52Y74         LUT6 (Prop_lut6_I1_O)        0.124    24.083 r  y[5]_i_314/O
                         net (fo=1, routed)           0.471    24.554    y[5]_i_314_n_0
    SLICE_X53Y74         CARRY4 (Prop_carry4_DI[0]_CO[3])
                                                      0.526    25.080 r  y_reg[5]_i_283/CO[3]
                         net (fo=32, routed)          0.982    26.062    y_reg[5]_i_283_n_0
    SLICE_X53Y76         LUT5 (Prop_lut5_I3_O)        0.118    26.180 r  y[5]_i_335/O
                         net (fo=2, routed)           0.867    27.047    y[5]_i_335_n_0
    SLICE_X52Y76         LUT4 (Prop_lut4_I0_O)        0.326    27.373 r  y[5]_i_310/O
                         net (fo=1, routed)           0.000    27.373    y[5]_i_310_n_0
    SLICE_X52Y76         CARRY4 (Prop_carry4_S[0]_CO[3])
                                                      0.532    27.905 r  y_reg[5]_i_281/CO[3]
                         net (fo=16, routed)          0.939    28.844    y_reg[5]_i_281_n_0
    SLICE_X52Y75         LUT5 (Prop_lut5_I1_O)        0.124    28.968 r  y[1]_i_194/O
                         net (fo=6, routed)           0.944    29.912    y[1]_i_194_n_0
    SLICE_X48Y75         LUT6 (Prop_lut6_I1_O)        0.124    30.036 r  y[5]_i_275/O
                         net (fo=1, routed)           0.652    30.688    y[5]_i_275_n_0
    SLICE_X47Y75         CARRY4 (Prop_carry4_DI[0]_CO[3])
                                                      0.526    31.214 r  y_reg[5]_i_249/CO[3]
                         net (fo=32, routed)          0.958    32.173    y_reg[5]_i_249_n_0
    SLICE_X48Y76         LUT5 (Prop_lut5_I3_O)        0.118    32.291 r  y[5]_i_299/O
                         net (fo=2, routed)           0.919    33.210    y[5]_i_299_n_0
    SLICE_X48Y77         LUT4 (Prop_lut4_I0_O)        0.326    33.536 r  y[5]_i_270/O
                         net (fo=1, routed)           0.000    33.536    y[5]_i_270_n_0
    SLICE_X48Y77         CARRY4 (Prop_carry4_S[1]_CO[3])
                                                      0.550    34.086 r  y_reg[5]_i_247/CO[3]
                         net (fo=16, routed)          1.188    35.274    y_reg[5]_i_247_n_0
    SLICE_X47Y77         LUT5 (Prop_lut5_I3_O)        0.154    35.428 f  y[3]_i_183/O
                         net (fo=4, routed)           1.043    36.471    y[3]_i_183_n_0
    SLICE_X50Y78         LUT6 (Prop_lut6_I3_O)        0.327    36.798 r  y[7]_i_1578/O
                         net (fo=1, routed)           0.471    37.269    y[7]_i_1578_n_0
    SLICE_X50Y77         CARRY4 (Prop_carry4_DI[1]_CO[3])
                                                      0.520    37.789 r  y_reg[7]_i_1361/CO[3]
                         net (fo=16, routed)          0.943    38.732    y_reg[7]_i_1361_n_0
    SLICE_X51Y79         LUT5 (Prop_lut5_I3_O)        0.120    38.852 f  y[7]_i_1338/O
                         net (fo=4, routed)           0.865    39.716    y[7]_i_1338_n_0
    SLICE_X53Y80         LUT6 (Prop_lut6_I3_O)        0.327    40.043 r  y[7]_i_1542/O
                         net (fo=1, routed)           0.673    40.716    y[7]_i_1542_n_0
    SLICE_X53Y81         CARRY4 (Prop_carry4_DI[3]_CO[3])
                                                      0.385    41.101 r  y_reg[7]_i_1337/CO[3]
                         net (fo=16, routed)          0.930    42.031    y_reg[7]_i_1337_n_0
    SLICE_X53Y82         LUT5 (Prop_lut5_I1_O)        0.150    42.181 r  y[3]_i_159/O
                         net (fo=4, routed)           0.705    42.886    y[3]_i_159_n_0
    SLICE_X50Y83         LUT6 (Prop_lut6_I3_O)        0.332    43.218 r  y[7]_i_1378/O
                         net (fo=1, routed)           0.549    43.767    y[7]_i_1378_n_0
    SLICE_X50Y82         CARRY4 (Prop_carry4_DI[1]_CO[3])
                                                      0.520    44.287 r  y_reg[7]_i_1154/CO[3]
                         net (fo=20, routed)          0.797    45.084    y_reg[7]_i_1154_n_0
    SLICE_X51Y82         LUT5 (Prop_lut5_I3_O)        0.118    45.202 r  y[1]_i_135/O
                         net (fo=7, routed)           1.126    46.328    y[1]_i_135_n_0
    SLICE_X48Y84         LUT4 (Prop_lut4_I0_O)        0.326    46.654 r  y[7]_i_1175/O
                         net (fo=1, routed)           0.000    46.654    y[7]_i_1175_n_0
    SLICE_X48Y84         CARRY4 (Prop_carry4_S[0]_CO[3])
                                                      0.532    47.186 r  y_reg[7]_i_946/CO[3]
                         net (fo=40, routed)          1.084    48.270    y_reg[7]_i_946_n_0
    SLICE_X49Y84         LUT3 (Prop_lut3_I1_O)        0.153    48.423 r  y[7]_i_834/O
                         net (fo=7, routed)           0.876    49.299    y[7]_i_834_n_0
    SLICE_X48Y83         LUT6 (Prop_lut6_I3_O)        0.327    49.626 r  y[7]_i_1053/O
                         net (fo=1, routed)           0.476    50.103    y[7]_i_1053_n_0
    SLICE_X47Y83         CARRY4 (Prop_carry4_DI[3]_CO[3])
                                                      0.385    50.488 r  y_reg[7]_i_833/CO[3]
                         net (fo=28, routed)          1.011    51.499    y_reg[7]_i_833_n_0
    SLICE_X47Y84         LUT5 (Prop_lut5_I4_O)        0.150    51.649 f  y[7]_i_1045/O
                         net (fo=7, routed)           0.628    52.277    y[7]_i_1045_n_0
    SLICE_X45Y85         LUT6 (Prop_lut6_I5_O)        0.332    52.609 r  y[7]_i_1062/O
                         net (fo=1, routed)           0.642    53.251    y[7]_i_1062_n_0
    SLICE_X45Y84         CARRY4 (Prop_carry4_DI[2]_CO[3])
                                                      0.398    53.649 r  y_reg[7]_i_836/CO[3]
                         net (fo=28, routed)          1.075    54.724    y_reg[7]_i_836_n_0
    SLICE_X45Y85         LUT5 (Prop_lut5_I4_O)        0.152    54.876 r  y[3]_i_98/O
                         net (fo=7, routed)           0.647    55.523    y[3]_i_98_n_0
    SLICE_X41Y84         LUT6 (Prop_lut6_I3_O)        0.332    55.855 r  y[7]_i_826/O
                         net (fo=1, routed)           0.808    56.662    y[7]_i_826_n_0
    SLICE_X43Y84         CARRY4 (Prop_carry4_DI[1]_CO[3])
                                                      0.507    57.169 r  y_reg[7]_i_615/CO[3]
                         net (fo=28, routed)          1.017    58.186    y_reg[7]_i_615_n_0
    SLICE_X44Y85         LUT3 (Prop_lut3_I1_O)        0.118    58.304 f  y[3]_i_88/O
                         net (fo=7, routed)           0.906    59.211    y[3]_i_88_n_0
    SLICE_X46Y86         LUT6 (Prop_lut6_I4_O)        0.326    59.537 r  y[7]_i_756/O
                         net (fo=1, routed)           0.513    60.050    y[7]_i_756_n_0
    SLICE_X45Y86         CARRY4 (Prop_carry4_DI[1]_CO[3])
                                                      0.507    60.557 r  y_reg[7]_i_560/CO[3]
                         net (fo=28, routed)          1.043    61.599    y_reg[7]_i_560_n_0
    SLICE_X45Y87         LUT5 (Prop_lut5_I4_O)        0.124    61.723 f  y[0]_i_79/O
                         net (fo=4, routed)           0.634    62.357    y[0]_i_79_n_0
    SLICE_X44Y88         LUT6 (Prop_lut6_I5_O)        0.124    62.481 r  y[7]_i_770/O
                         net (fo=1, routed)           0.479    62.960    y[7]_i_770_n_0
    SLICE_X44Y87         CARRY4 (Prop_carry4_DI[0]_CO[3])
                                                      0.526    63.486 r  y_reg[7]_i_563/CO[3]
                         net (fo=16, routed)          1.102    64.588    y_reg[7]_i_563_n_0
    SLICE_X43Y88         LUT5 (Prop_lut5_I3_O)        0.153    64.741 f  y[5]_i_68/O
                         net (fo=4, routed)           0.826    65.567    y[5]_i_68_n_0
    SLICE_X44Y89         LUT6 (Prop_lut6_I3_O)        0.327    65.894 r  y[7]_i_586/O
                         net (fo=1, routed)           0.636    66.531    y[7]_i_586_n_0
    SLICE_X43Y89         CARRY4 (Prop_carry4_DI[2]_CO[3])
                                                      0.398    66.929 r  y_reg[7]_i_387/CO[3]
                         net (fo=16, routed)          0.944    67.872    y_reg[7]_i_387_n_0
    SLICE_X44Y90         LUT5 (Prop_lut5_I3_O)        0.119    67.991 f  y[5]_i_59/O
                         net (fo=4, routed)           0.994    68.985    y[5]_i_59_n_0
    SLICE_X46Y92         LUT6 (Prop_lut6_I3_O)        0.332    69.317 r  y[7]_i_513/O
                         net (fo=1, routed)           0.568    69.885    y[7]_i_513_n_0
    SLICE_X47Y92         CARRY4 (Prop_carry4_DI[2]_CO[3])
                                                      0.398    70.283 r  y_reg[7]_i_332/CO[3]
                         net (fo=16, routed)          1.152    71.436    y_reg[7]_i_332_n_0
    SLICE_X46Y93         LUT5 (Prop_lut5_I4_O)        0.124    71.560 r  y[3]_i_37/O
                         net (fo=7, routed)           0.975    72.535    y[3]_i_37_n_0
    SLICE_X42Y93         LUT4 (Prop_lut4_I0_O)        0.124    72.659 r  y[7]_i_326/O
                         net (fo=1, routed)           0.000    72.659    y[7]_i_326_n_0
    SLICE_X42Y93         CARRY4 (Prop_carry4_S[1]_CO[3])
                                                      0.533    73.192 r  y_reg[7]_i_187/CO[3]
                         net (fo=32, routed)          1.308    74.500    y_reg[7]_i_187_n_0
    SLICE_X42Y92         LUT3 (Prop_lut3_I1_O)        0.150    74.650 f  y[0]_i_38/O
                         net (fo=4, routed)           0.467    75.117    y[0]_i_38_n_0
    SLICE_X42Y91         LUT6 (Prop_lut6_I5_O)        0.328    75.445 r  y[7]_i_336/O
                         net (fo=1, routed)           0.512    75.957    y[7]_i_336_n_0
    SLICE_X41Y91         CARRY4 (Prop_carry4_DI[0]_CO[3])
                                                      0.526    76.483 r  y_reg[7]_i_189/CO[3]
                         net (fo=20, routed)          1.125    77.608    y_reg[7]_i_189_n_0
    SLICE_X41Y93         LUT5 (Prop_lut5_I3_O)        0.117    77.725 f  y[7]_i_94/O
                         net (fo=4, routed)           0.965    78.690    y[7]_i_94_n_0
    SLICE_X42Y95         LUT6 (Prop_lut6_I3_O)        0.332    79.022 r  y[7]_i_191/O
                         net (fo=1, routed)           0.610    79.632    y[7]_i_191_n_0
    SLICE_X43Y95         CARRY4 (Prop_carry4_DI[3]_CO[3])
                                                      0.385    80.017 r  y_reg[7]_i_95/CO[3]
                         net (fo=28, routed)          1.402    81.419    y_reg[7]_i_95_n_0
    SLICE_X43Y96         LUT5 (Prop_lut5_I3_O)        0.152    81.571 r  y[2]_i_23/O
                         net (fo=4, routed)           0.606    82.177    y[2]_i_23_n_0
    SLICE_X42Y97         LUT6 (Prop_lut6_I4_O)        0.326    82.503 r  y[7]_i_240/O
                         net (fo=1, routed)           0.568    83.071    y[7]_i_240_n_0
    SLICE_X43Y97         CARRY4 (Prop_carry4_DI[1]_CO[3])
                                                      0.507    83.578 r  y_reg[7]_i_121/CO[3]
                         net (fo=16, routed)          1.388    84.966    y_reg[7]_i_121_n_0
    SLICE_X42Y96         LUT5 (Prop_lut5_I3_O)        0.150    85.116 r  y[0]_i_15/O
                         net (fo=6, routed)           0.966    86.082    y[0]_i_15_n_0
    SLICE_X44Y99         LUT4 (Prop_lut4_I2_O)        0.328    86.410 r  y[7]_i_155/O
                         net (fo=1, routed)           0.000    86.410    y[7]_i_155_n_0
    SLICE_X44Y99         CARRY4 (Prop_carry4_S[0]_CO[3])
                                                      0.532    86.942 r  y_reg[7]_i_62/CO[3]
                         net (fo=16, routed)          1.170    88.112    p_4_in
    SLICE_X43Y98         LUT5 (Prop_lut5_I1_O)        0.150    88.262 r  y[1]_i_7/O
                         net (fo=6, routed)           0.993    89.255    y[1]_i_7_n_0
    SLICE_X40Y99         LUT4 (Prop_lut4_I1_O)        0.332    89.587 r  y[7]_i_81/O
                         net (fo=1, routed)           0.000    89.587    y[7]_i_81_n_0
    SLICE_X40Y99         CARRY4 (Prop_carry4_S[0]_CO[3])
                                                      0.532    90.119 r  y_reg[7]_i_22/CO[3]
                         net (fo=16, routed)          0.961    91.080    y_reg[7]_i_22_n_0
    SLICE_X40Y98         LUT3 (Prop_lut3_I1_O)        0.118    91.198 r  y[1]_i_5/O
                         net (fo=5, routed)           0.828    92.027    y[1]_i_5_n_0
    SLICE_X39Y98         LUT4 (Prop_lut4_I1_O)        0.326    92.353 r  y[7]_i_33/O
                         net (fo=1, routed)           0.000    92.353    y[7]_i_33_n_0
    SLICE_X39Y98         CARRY4 (Prop_carry4_S[0]_CO[3])
                                                      0.532    92.885 r  y_reg[7]_i_6/CO[3]
                         net (fo=8, routed)           1.030    93.915    y_reg[7]_i_6_n_0
    SLICE_X38Y98         LUT6 (Prop_lut6_I0_O)        0.124    94.039 r  y[1]_i_2/O
                         net (fo=3, routed)           1.102    95.141    y[1]_i_2_n_0
    SLICE_X39Y102        LUT4 (Prop_lut4_I0_O)        0.124    95.265 r  y[7]_i_19/O
                         net (fo=1, routed)           0.000    95.265    y[7]_i_19_n_0
    SLICE_X39Y102        CARRY4 (Prop_carry4_S[0]_CO[3])
                                                      0.532    95.797 r  y_reg[7]_i_4/CO[3]
                         net (fo=8, routed)           0.754    96.551    s1
    SLICE_X38Y102        LUT3 (Prop_lut3_I2_O)        0.124    96.675 r  y[4]_i_1/O
                         net (fo=1, routed)           0.000    96.675    y[4]_i_1_n_0
    SLICE_X38Y102        FDRE                                         r  y_reg[4]/D
  -------------------------------------------------------------------    -------------------

                         (clock vclk rise edge)      94.101    94.101 r  <hidden>
                                                      0.000    94.101 r  clk
                         net (fo=167, unset)          0.924    95.025    clk
    SLICE_X38Y102        FDRE                                         r  y_reg[4]/C
                         clock pessimism              0.000    95.025    <hidden>
                         clock uncertainty           -0.035    94.990    <hidden>
    SLICE_X38Y102        FDRE (Setup_fdre_C_D)        0.079    95.069    y_reg[4]
  -------------------------------------------------------------------
                         required time                         95.069    <hidden>
                         arrival time                         -96.675    <hidden>
  -------------------------------------------------------------------
                         slack                                 -1.606    <hidden>

Slack (VIOLATED) :        -1.605ns  (required time - arrival time)
  Source:                 w0_reg[1]/C
                            (rising edge-triggered cell FDRE clocked by vclk  {rise@0.000ns fall@47.050ns period=94.101ns})
  Destination:            y_reg[1]/D
                            (rising edge-triggered cell FDRE clocked by vclk  {rise@0.000ns fall@47.050ns period=94.101ns})
  Path Group:             vclk
  Path Type:              Setup (Max at Slow Process Corner)
  Requirement:            94.101ns  (vclk rise@94.101ns - vclk rise@0.000ns)
  Data Path Delay:        95.740ns  (logic 27.881ns (29.122%)  route 67.859ns (70.878%))
  Logic Levels:           90  (CARRY4=30 LUT3=8 LUT4=12 LUT5=21 LUT6=19)
  Clock Path Skew:        -0.049ns (DCD - SCD + CPR)
    Destination Clock Delay (DCD):    0.924ns = ( 95.025 - 94.101 ) 
    Source Clock Delay      (SCD):    0.973ns
    Clock Pessimism Removal (CPR):    0.000ns
  Clock Uncertainty:      0.035ns  ((TSJ^2 + TIJ^2)^1/2 + DJ) / 2 + PE
    Total System Jitter     (TSJ):    0.071ns
    Total Input Jitter      (TIJ):    0.000ns
    Discrete Jitter          (DJ):    0.000ns
    Phase Error              (PE):    0.000ns

    Location             Delay type                Incr(ns)  Path(ns)    Netlist Resource(s)
  -------------------------------------------------------------------    -------------------
                         (clock vclk rise edge)       0.000     0.000 r  <hidden>
                                                      0.000     0.000 r  clk
                         net (fo=167, unset)          0.973     0.973    clk
    SLICE_X64Y72         FDRE                                         r  w0_reg[1]/C
  -------------------------------------------------------------------    -------------------
    SLICE_X64Y72         FDRE (Prop_fdre_C_Q)         0.456     1.429 r  w0_reg[1]/Q
                         net (fo=11, routed)          1.120     2.549    w0[1]
    SLICE_X65Y72         LUT4 (Prop_lut4_I0_O)        0.124     2.673 r  y[7]_i_2015/O
                         net (fo=1, routed)           0.000     2.673    y[7]_i_2015_n_0
    SLICE_X65Y72         CARRY4 (Prop_carry4_S[0]_CO[3])
                                                      0.532     3.205 r  y_reg[7]_i_1914/CO[3]
                         net (fo=64, routed)          1.181     4.386    y_reg[7]_i_1914_n_0
    SLICE_X62Y71         LUT3 (Prop_lut3_I1_O)        0.116     4.502 r  y[7]_i_2103/O
                         net (fo=1, routed)           0.452     4.955    y[7]_i_2103_n_0
    SLICE_X62Y71         LUT6 (Prop_lut6_I1_O)        0.328     5.283 r  y[7]_i_2019/O
                         net (fo=1, routed)           0.330     5.612    y[7]_i_2019_n_0
    SLICE_X62Y72         CARRY4 (Prop_carry4_DI[0]_CO[3])
                                                      0.550     6.162 r  y_reg[7]_i_1915/CO[3]
                         net (fo=40, routed)          1.276     7.438    y_reg[7]_i_1915_n_0
    SLICE_X63Y73         LUT5 (Prop_lut5_I1_O)        0.124     7.562 r  y[3]_i_226/O
                         net (fo=10, routed)          0.991     8.554    y[3]_i_226_n_0
    SLICE_X60Y74         LUT4 (Prop_lut4_I0_O)        0.124     8.678 r  y[7]_i_2046/O
                         net (fo=1, routed)           0.000     8.678    y[7]_i_2046_n_0
    SLICE_X60Y74         CARRY4 (Prop_carry4_S[1]_CO[3])
                                                      0.550     9.228 r  y_reg[7]_i_1927/CO[3]
                         net (fo=64, routed)          1.378    10.606    y_reg[7]_i_1927_n_0
    SLICE_X62Y76         LUT3 (Prop_lut3_I1_O)        0.153    10.759 r  y[7]_i_2123/O
                         net (fo=1, routed)           0.292    11.050    y[7]_i_2123_n_0
    SLICE_X61Y76         LUT6 (Prop_lut6_I1_O)        0.331    11.381 r  y[7]_i_2079/O
                         net (fo=1, routed)           0.612    11.993    y[7]_i_2079_n_0
    SLICE_X61Y75         CARRY4 (Prop_carry4_DI[0]_CO[3])
                                                      0.526    12.519 r  y_reg[7]_i_1995/CO[3]
                         net (fo=16, routed)          1.283    13.803    y_reg[7]_i_1995_n_0
    SLICE_X61Y76         LUT5 (Prop_lut5_I3_O)        0.120    13.923 r  y[1]_i_228/O
                         net (fo=4, routed)           0.724    14.647    y[1]_i_228_n_0
    SLICE_X61Y77         LUT4 (Prop_lut4_I0_O)        0.327    14.974 r  y[7]_i_2063/O
                         net (fo=1, routed)           0.000    14.974    y[7]_i_2063_n_0
    SLICE_X61Y77         CARRY4 (Prop_carry4_S[0]_CO[3])
                                                      0.532    15.506 r  y_reg[7]_i_1949/CO[3]
                         net (fo=16, routed)          0.984    16.490    y_reg[7]_i_1949_n_0
    SLICE_X60Y76         LUT3 (Prop_lut3_I1_O)        0.118    16.608 r  y[3]_i_223/O
                         net (fo=6, routed)           0.679    17.286    y[3]_i_223_n_0
    SLICE_X58Y77         LUT6 (Prop_lut6_I0_O)        0.326    17.612 r  y[5]_i_347/O
                         net (fo=1, routed)           0.552    18.164    y[5]_i_347_n_0
    SLICE_X58Y75         CARRY4 (Prop_carry4_DI[1]_CO[3])
                                                      0.520    18.684 r  y_reg[5]_i_322/CO[3]
                         net (fo=32, routed)          1.341    20.025    y_reg[5]_i_322_n_0
    SLICE_X58Y78         LUT5 (Prop_lut5_I3_O)        0.146    20.171 r  y[5]_i_357/O
                         net (fo=2, routed)           0.964    21.136    y[5]_i_357_n_0
    SLICE_X58Y76         LUT4 (Prop_lut4_I0_O)        0.328    21.464 r  y[5]_i_343/O
                         net (fo=1, routed)           0.000    21.464    y[5]_i_343_n_0
    SLICE_X58Y76         CARRY4 (Prop_carry4_S[1]_CO[3])
                                                      0.533    21.997 r  y_reg[5]_i_320/CO[3]
                         net (fo=16, routed)          0.806    22.802    y_reg[5]_i_320_n_0
    SLICE_X56Y76         LUT5 (Prop_lut5_I1_O)        0.124    22.926 r  y[1]_i_210/O
                         net (fo=6, routed)           1.033    23.959    y[1]_i_210_n_0
    SLICE_X52Y74         LUT6 (Prop_lut6_I1_O)        0.124    24.083 r  y[5]_i_314/O
                         net (fo=1, routed)           0.471    24.554    y[5]_i_314_n_0
    SLICE_X53Y74         CARRY4 (Prop_carry4_DI[0]_CO[3])
                                                      0.526    25.080 r  y_reg[5]_i_283/CO[3]
                         net (fo=32, routed)          0.982    26.062    y_reg[5]_i_283_n_0
    SLICE_X53Y76         LUT5 (Prop_lut5_I3_O)        0.118    26.180 r  y[5]_i_335/O
                         net (fo=2, routed)           0.867    27.047    y[5]_i_335_n_0
    SLICE_X52Y76         LUT4 (Prop_lut4_I0_O)        0.326    27.373 r  y[5]_i_310/O
                         net (fo=1, routed)           0.000    27.373    y[5]_i_310_n_0
    SLICE_X52Y76         CARRY4 (Prop_carry4_S[0]_CO[3])
                                                      0.532    27.905 r  y_reg[5]_i_281/CO[3]
                         net (fo=16, routed)          0.939    28.844    y_reg[5]_i_281_n_0
    SLICE_X52Y75         LUT5 (Prop_lut5_I1_O)        0.124    28.968 r  y[1]_i_194/O
                         net (fo=6, routed)           0.944    29.912    y[1]_i_194_n_0
    SLICE_X48Y75         LUT6 (Prop_lut6_I1_O)        0.124    30.036 r  y[5]_i_275/O
                         net (fo=1, routed)           0.652    30.688    y[5]_i_275_n_0
    SLICE_X47Y75         CARRY4 (Prop_carry4_DI[0]_CO[3])
                                                      0.526    31.214 r  y_reg[5]_i_249/CO[3]
                         net (fo=32, routed)          0.958    32.173    y_reg[5]_i_249_n_0
    SLICE_X48Y76         LUT5 (Prop_lut5_I3_O)        0.118    32.291 r  y[5]_i_299/O
                         net (fo=2, routed)           0.919    33.210    y[5]_i_299_n_0
    SLICE_X48Y77         LUT4 (Prop_lut4_I0_O)        0.326    33.536 r  y[5]_i_270/O
                         net (fo=1, routed)           0.000    33.536    y[5]_i_270_n_0
    SLICE_X48Y77         CARRY4 (Prop_carry4_S[1]_CO[3])
                                                      0.550    34.086 r  y_reg[5]_i_247/CO[3]
                         net (fo=16, routed)          1.188    35.274    y_reg[5]_i_247_n_0
    SLICE_X47Y77         LUT5 (Prop_lut5_I3_O)        0.154    35.428 f  y[3]_i_183/O
                         net (fo=4, routed)           1.043    36.471    y[3]_i_183_n_0
    SLICE_X50Y78         LUT6 (Prop_lut6_I3_O)        0.327    36.798 r  y[7]_i_1578/O
                         net (fo=1, routed)           0.471    37.269    y[7]_i_1578_n_0
    SLICE_X50Y77         CARRY4 (Prop_carry4_DI[1]_CO[3])
                                                      0.520    37.789 r  y_reg[7]_i_1361/CO[3]
                         net (fo=16, routed)          0.943    38.732    y_reg[7]_i_1361_n_0
    SLICE_X51Y79         LUT5 (Prop_lut5_I3_O)        0.120    38.852 f  y[7]_i_1338/O
                         net (fo=4, routed)           0.865    39.716    y[7]_i_1338_n_0
    SLICE_X53Y80         LUT6 (Prop_lut6_I3_O)        0.327    40.043 r  y[7]_i_1542/O
                         net (fo=1, routed)           0.673    40.716    y[7]_i_1542_n_0
    SLICE_X53Y81         CARRY4 (Prop_carry4_DI[3]_CO[3])
                                                      0.385    41.101 r  y_reg[7]_i_1337/CO[3]
                         net (fo=16, routed)          0.930    42.031    y_reg[7]_i_1337_n_0
    SLICE_X53Y82         LUT5 (Prop_lut5_I1_O)        0.150    42.181 r  y[3]_i_159/O
                         net (fo=4, routed)           0.705    42.886    y[3]_i_159_n_0
    SLICE_X50Y83         LUT6 (Prop_lut6_I3_O)        0.332    43.218 r  y[7]_i_1378/O
                         net (fo=1, routed)           0.549    43.767    y[7]_i_1378_n_0
    SLICE_X50Y82         CARRY4 (Prop_carry4_DI[1]_CO[3])
                                                      0.520    44.287 r  y_reg[7]_i_1154/CO[3]
                         net (fo=20, routed)          0.797    45.084    y_reg[7]_i_1154_n_0
    SLICE_X51Y82         LUT5 (Prop_lut5_I3_O)        0.118    45.202 r  y[1]_i_135/O
                         net (fo=7, routed)           1.126    46.328    y[1]_i_135_n_0
    SLICE_X48Y84         LUT4 (Prop_lut4_I0_O)        0.326    46.654 r  y[7]_i_1175/O
                         net (fo=1, routed)           0.000    46.654    y[7]_i_1175_n_0
    SLICE_X48Y84         CARRY4 (Prop_carry4_S[0]_CO[3])
                                                      0.532    47.186 r  y_reg[7]_i_946/CO[3]
                         net (fo=40, routed)          1.084    48.270    y_reg[7]_i_946_n_0
    SLICE_X49Y84         LUT3 (Prop_lut3_I1_O)        0.153    48.423 r  y[7]_i_834/O
                         net (fo=7, routed)           0.876    49.299    y[7]_i_834_n_0
    SLICE_X48Y83         LUT6 (Prop_lut6_I3_O)        0.327    49.626 r  y[7]_i_1053/O
                         net (fo=1, routed)           0.476    50.103    y[7]_i_1053_n_0
    SLICE_X47Y83         CARRY4 (Prop_carry4_DI[3]_CO[3])
                                                      0.385    50.488 r  y_reg[7]_i_833/CO[3]
                         net (fo=28, routed)          1.011    51.499    y_reg[7]_i_833_n_0
    SLICE_X47Y84         LUT5 (Prop_lut5_I4_O)        0.150    51.649 f  y[7]_i_1045/O
                         net (fo=7, routed)           0.628    52.277    y[7]_i_1045_n_0
    SLICE_X45Y85         LUT6 (Prop_lut6_I5_O)        0.332    52.609 r  y[7]_i_1062/O
                         net (fo=1, routed)           0.642    53.251    y[7]_i_1062_n_0
    SLICE_X45Y84         CARRY4 (Prop_carry4_DI[2]_CO[3])
                                                      0.398    53.649 r  y_reg[7]_i_836/CO[3]
                         net (fo=28, routed)          1.075    54.724    y_reg[7]_i_836_n_0
    SLICE_X45Y85         LUT5 (Prop_lut5_I4_O)        0.152    54.876 r  y[3]_i_98/O
                         net (fo=7, routed)           0.647    55.523    y[3]_i_98_n_0
    SLICE_X41Y84         LUT6 (Prop_lut6_I3_O)        0.332    55.855 r  y[7]_i_826/O
                         net (fo=1, routed)           0.808    56.662    y[7]_i_826_n_0
    SLICE_X43Y84         CARRY4 (Prop_carry4_DI[1]_CO[3])
                                                      0.507    57.169 r  y_reg[7]_i_615/CO[3]
                         net (fo=28, routed)          1.017    58.186    y_reg[7]_i_615_n_0
    SLICE_X44Y85         LUT3 (Prop_lut3_I1_O)        0.118    58.304 f  y[3]_i_88/O
                         net (fo=7, routed)           0.906    59.211    y[3]_i_88_n_0
    SLICE_X46Y86         LUT6 (Prop_lut6_I4_O)        0.326    59.537 r  y[7]_i_756/O
                         net (fo=1, routed)           0.513    60.050    y[7]_i_756_n_0
    SLICE_X45Y86         CARRY4 (Prop_carry4_DI[1]_CO[3])
                                                      0.507    60.557 r  y_reg[7]_i_560/CO[3]
                         net (fo=28, routed)          1.043    61.599    y_reg[7]_i_560_n_0
    SLICE_X45Y87         LUT5 (Prop_lut5_I4_O)        0.124    61.723 f  y[0]_i_79/O
                         net (fo=4, routed)           0.634    62.357    y[0]_i_79_n_0
    SLICE_X44Y88         LUT6 (Prop_lut6_I5_O)        0.124    62.481 r  y[7]_i_770/O
                         net (fo=1, routed)           0.479    62.960    y[7]_i_770_n_0
    SLICE_X44Y87         CARRY4 (Prop_carry4_DI[0]_CO[3])
                                                      0.526    63.486 r  y_reg[7]_i_563/CO[3]
                         net (fo=16, routed)          1.102    64.588    y_reg[7]_i_563_n_0
    SLICE_X43Y88         LUT5 (Prop_lut5_I3_O)        0.153    64.741 f  y[5]_i_68/O
                         net (fo=4, routed)           0.826    65.567    y[5]_i_68_n_0
    SLICE_X44Y89         LUT6 (Prop_lut6_I3_O)        0.327    65.894 r  y[7]_i_586/O
                         net (fo=1, routed)           0.636    66.531    y[7]_i_586_n_0
    SLICE_X43Y89         CARRY4 (Prop_carry4_DI[2]_CO[3])
                                                      0.398    66.929 r  y_reg[7]_i_387/CO[3]
                         net (fo=16, routed)          0.944    67.872    y_reg[7]_i_387_n_0
    SLICE_X44Y90         LUT5 (Prop_lut5_I3_O)        0.119    67.991 f  y[5]_i_59/O
                         net (fo=4, routed)           0.994    68.985    y[5]_i_59_n_0
    SLICE_X46Y92         LUT6 (Prop_lut6_I3_O)        0.332    69.317 r  y[7]_i_513/O
                         net (fo=1, routed)           0.568    69.885    y[7]_i_513_n_0
    SLICE_X47Y92         CARRY4 (Prop_carry4_DI[2]_CO[3])
                                                      0.398    70.283 r  y_reg[7]_i_332/CO[3]
                         net (fo=16, routed)          1.152    71.436    y_reg[7]_i_332_n_0
    SLICE_X46Y93         LUT5 (Prop_lut5_I4_O)        0.124    71.560 r  y[3]_i_37/O
                         net (fo=7, routed)           0.975    72.535    y[3]_i_37_n_0
    SLICE_X42Y93         LUT4 (Prop_lut4_I0_O)        0.124    72.659 r  y[7]_i_326/O
                         net (fo=1, routed)           0.000    72.659    y[7]_i_326_n_0
    SLICE_X42Y93         CARRY4 (Prop_carry4_S[1]_CO[3])
                                                      0.533    73.192 r  y_reg[7]_i_187/CO[3]
                         net (fo=32, routed)          1.308    74.500    y_reg[7]_i_187_n_0
    SLICE_X42Y92         LUT3 (Prop_lut3_I1_O)        0.150    74.650 f  y[0]_i_38/O
                         net (fo=4, routed)           0.467    75.117    y[0]_i_38_n_0
    SLICE_X42Y91         LUT6 (Prop_lut6_I5_O)        0.328    75.445 r  y[7]_i_336/O
                         net (fo=1, routed)           0.512    75.957    y[7]_i_336_n_0
    SLICE_X41Y91         CARRY4 (Prop_carry4_DI[0]_CO[3])
                                                      0.526    76.483 r  y_reg[7]_i_189/CO[3]
                         net (fo=20, routed)          1.125    77.608    y_reg[7]_i_189_n_0
    SLICE_X41Y93         LUT5 (Prop_lut5_I3_O)        0.117    77.725 f  y[7]_i_94/O
                         net (fo=4, routed)           0.965    78.690    y[7]_i_94_n_0
    SLICE_X42Y95         LUT6 (Prop_lut6_I3_O)        0.332    79.022 r  y[7]_i_191/O
                         net (fo=1, routed)           0.610    79.632    y[7]_i_191_n_0
    SLICE_X43Y95         CARRY4 (Prop_carry4_DI[3]_CO[3])
                                                      0.385    80.017 r  y_reg[7]_i_95/CO[3]
                         net (fo=28, routed)          1.402    81.419    y_reg[7]_i_95_n_0
    SLICE_X43Y96         LUT5 (Prop_lut5_I3_O)        0.152    81.571 r  y[2]_i_23/O
                         net (fo=4, routed)           0.606    82.177    y[2]_i_23_n_0
    SLICE_X42Y97         LUT6 (Prop_lut6_I4_O)        0.326    82.503 r  y[7]_i_240/O
                         net (fo=1, routed)           0.568    83.071    y[7]_i_240_n_0
    SLICE_X43Y97         CARRY4 (Prop_carry4_DI[1]_CO[3])
                                                      0.507    83.578 r  y_reg[7]_i_121/CO[3]
                         net (fo=16, routed)          1.388    84.966    y_reg[7]_i_121_n_0
    SLICE_X42Y96         LUT5 (Prop_lut5_I3_O)        0.150    85.116 r  y[0]_i_15/O
                         net (fo=6, routed)           0.966    86.082    y[0]_i_15_n_0
    SLICE_X44Y99         LUT4 (Prop_lut4_I2_O)        0.328    86.410 r  y[7]_i_155/O
                         net (fo=1, routed)           0.000    86.410    y[7]_i_155_n_0
    SLICE_X44Y99         CARRY4 (Prop_carry4_S[0]_CO[3])
                                                      0.532    86.942 r  y_reg[7]_i_62/CO[3]
                         net (fo=16, routed)          1.170    88.112    p_4_in
    SLICE_X43Y98         LUT5 (Prop_lut5_I1_O)        0.150    88.262 r  y[1]_i_7/O
                         net (fo=6, routed)           0.993    89.255    y[1]_i_7_n_0
    SLICE_X40Y99         LUT4 (Prop_lut4_I1_O)        0.332    89.587 r  y[7]_i_81/O
                         net (fo=1, routed)           0.000    89.587    y[7]_i_81_n_0
    SLICE_X40Y99         CARRY4 (Prop_carry4_S[0]_CO[3])
                                                      0.532    90.119 r  y_reg[7]_i_22/CO[3]
                         net (fo=16, routed)          0.961    91.080    y_reg[7]_i_22_n_0
    SLICE_X40Y98         LUT3 (Prop_lut3_I1_O)        0.118    91.198 r  y[1]_i_5/O
                         net (fo=5, routed)           0.828    92.027    y[1]_i_5_n_0
    SLICE_X39Y98         LUT4 (Prop_lut4_I1_O)        0.326    92.353 r  y[7]_i_33/O
                         net (fo=1, routed)           0.000    92.353    y[7]_i_33_n_0
    SLICE_X39Y98         CARRY4 (Prop_carry4_S[0]_CO[3])
                                                      0.532    92.885 r  y_reg[7]_i_6/CO[3]
                         net (fo=8, routed)           1.030    93.915    y_reg[7]_i_6_n_0
    SLICE_X38Y98         LUT6 (Prop_lut6_I0_O)        0.124    94.039 r  y[1]_i_2/O
                         net (fo=3, routed)           1.102    95.141    y[1]_i_2_n_0
    SLICE_X39Y102        LUT4 (Prop_lut4_I0_O)        0.124    95.265 r  y[7]_i_19/O
                         net (fo=1, routed)           0.000    95.265    y[7]_i_19_n_0
    SLICE_X39Y102        CARRY4 (Prop_carry4_S[0]_CO[3])
                                                      0.532    95.797 r  y_reg[7]_i_4/CO[3]
                         net (fo=8, routed)           0.799    96.597    s1
    SLICE_X38Y102        LUT3 (Prop_lut3_I1_O)        0.116    96.713 r  y[1]_i_1/O
                         net (fo=1, routed)           0.000    96.713    y[1]_i_1_n_0
    SLICE_X38Y102        FDRE                                         r  y_reg[1]/D
  -------------------------------------------------------------------    -------------------

                         (clock vclk rise edge)      94.101    94.101 r  <hidden>
                                                      0.000    94.101 r  clk
                         net (fo=167, unset)          0.924    95.025    clk
    SLICE_X38Y102        FDRE                                         r  y_reg[1]/C
                         clock pessimism              0.000    95.025    <hidden>
                         clock uncertainty           -0.035    94.990    <hidden>
    SLICE_X38Y102        FDRE (Setup_fdre_C_D)        0.118    95.108    y_reg[1]
  -------------------------------------------------------------------
                         required time                         95.108    <hidden>
                         arrival time                         -96.713    <hidden>
  -------------------------------------------------------------------
                         slack                                 -1.605    <hidden>

Slack (VIOLATED) :        -1.566ns  (required time - arrival time)
  Source:                 w0_reg[1]/C
                            (rising edge-triggered cell FDRE clocked by vclk  {rise@0.000ns fall@47.050ns period=94.101ns})
  Destination:            y_reg[7]/D
                            (rising edge-triggered cell FDRE clocked by vclk  {rise@0.000ns fall@47.050ns period=94.101ns})
  Path Group:             vclk
  Path Type:              Setup (Max at Slow Process Corner)
  Requirement:            94.101ns  (vclk rise@94.101ns - vclk rise@0.000ns)
  Data Path Delay:        95.701ns  (logic 27.884ns (29.137%)  route 67.817ns (70.863%))
  Logic Levels:           90  (CARRY4=30 LUT3=8 LUT4=12 LUT5=21 LUT6=19)
  Clock Path Skew:        -0.049ns (DCD - SCD + CPR)
    Destination Clock Delay (DCD):    0.924ns = ( 95.025 - 94.101 ) 
    Source Clock Delay      (SCD):    0.973ns
    Clock Pessimism Removal (CPR):    0.000ns
  Clock Uncertainty:      0.035ns  ((TSJ^2 + TIJ^2)^1/2 + DJ) / 2 + PE
    Total System Jitter     (TSJ):    0.071ns
    Total Input Jitter      (TIJ):    0.000ns
    Discrete Jitter          (DJ):    0.000ns
    Phase Error              (PE):    0.000ns

    Location             Delay type                Incr(ns)  Path(ns)    Netlist Resource(s)
  -------------------------------------------------------------------    -------------------
                         (clock vclk rise edge)       0.000     0.000 r  <hidden>
                                                      0.000     0.000 r  clk
                         net (fo=167, unset)          0.973     0.973    clk
    SLICE_X64Y72         FDRE                                         r  w0_reg[1]/C
  -------------------------------------------------------------------    -------------------
    SLICE_X64Y72         FDRE (Prop_fdre_C_Q)         0.456     1.429 r  w0_reg[1]/Q
                         net (fo=11, routed)          1.120     2.549    w0[1]
    SLICE_X65Y72         LUT4 (Prop_lut4_I0_O)        0.124     2.673 r  y[7]_i_2015/O
                         net (fo=1, routed)           0.000     2.673    y[7]_i_2015_n_0
    SLICE_X65Y72         CARRY4 (Prop_carry4_S[0]_CO[3])
                                                      0.532     3.205 r  y_reg[7]_i_1914/CO[3]
                         net (fo=64, routed)          1.181     4.386    y_reg[7]_i_1914_n_0
    SLICE_X62Y71         LUT3 (Prop_lut3_I1_O)        0.116     4.502 r  y[7]_i_2103/O
                         net (fo=1, routed)           0.452     4.955    y[7]_i_2103_n_0
    SLICE_X62Y71         LUT6 (Prop_lut6_I1_O)        0.328     5.283 r  y[7]_i_2019/O
                         net (fo=1, routed)           0.330     5.612    y[7]_i_2019_n_0
    SLICE_X62Y72         CARRY4 (Prop_carry4_DI[0]_CO[3])
                                                      0.550     6.162 r  y_reg[7]_i_1915/CO[3]
                         net (fo=40, routed)          1.276     7.438    y_reg[7]_i_1915_n_0
    SLICE_X63Y73         LUT5 (Prop_lut5_I1_O)        0.124     7.562 r  y[3]_i_226/O
                         net (fo=10, routed)          0.991     8.554    y[3]_i_226_n_0
    SLICE_X60Y74         LUT4 (Prop_lut4_I0_O)        0.124     8.678 r  y[7]_i_2046/O
                         net (fo=1, routed)           0.000     8.678    y[7]_i_2046_n_0
    SLICE_X60Y74         CARRY4 (Prop_carry4_S[1]_CO[3])
                                                      0.550     9.228 r  y_reg[7]_i_1927/CO[3]
                         net (fo=64, routed)          1.378    10.606    y_reg[7]_i_1927_n_0
    SLICE_X62Y76         LUT3 (Prop_lut3_I1_O)        0.153    10.759 r  y[7]_i_2123/O
                         net (fo=1, routed)           0.292    11.050    y[7]_i_2123_n_0
    SLICE_X61Y76         LUT6 (Prop_lut6_I1_O)        0.331    11.381 r  y[7]_i_2079/O
                         net (fo=1, routed)           0.612    11.993    y[7]_i_2079_n_0
    SLICE_X61Y75         CARRY4 (Prop_carry4_DI[0]_CO[3])
                                                      0.526    12.519 r  y_reg[7]_i_1995/CO[3]
                         net (fo=16, routed)          1.283    13.803    y_reg[7]_i_1995_n_0
    SLICE_X61Y76         LUT5 (Prop_lut5_I3_O)        0.120    13.923 r  y[1]_i_228/O
                         net (fo=4, routed)           0.724    14.647    y[1]_i_228_n_0
    SLICE_X61Y77         LUT4 (Prop_lut4_I0_O)        0.327    14.974 r  y[7]_i_2063/O
                         net (fo=1, routed)           0.000    14.974    y[7]_i_2063_n_0
    SLICE_X61Y77         CARRY4 (Prop_carry4_S[0]_CO[3])
                                                      0.532    15.506 r  y_reg[7]_i_1949/CO[3]
                         net (fo=16, routed)          0.984    16.490    y_reg[7]_i_1949_n_0
    SLICE_X60Y76         LUT3 (Prop_lut3_I1_O)        0.118    16.608 r  y[3]_i_223/O
                         net (fo=6, routed)           0.679    17.286    y[3]_i_223_n_0
    SLICE_X58Y77         LUT6 (Prop_lut6_I0_O)        0.326    17.612 r  y[5]_i_347/O
                         net (fo=1, routed)           0.552    18.164    y[5]_i_347_n_0
    SLICE_X58Y75         CARRY4 (Prop_carry4_DI[1]_CO[3])
                                                      0.520    18.684 r  y_reg[5]_i_322/CO[3]
                         net (fo=32, routed)          1.341    20.025    y_reg[5]_i_322_n_0
    SLICE_X58Y78         LUT5 (Prop_lut5_I3_O)        0.146    20.171 r  y[5]_i_357/O
                         net (fo=2, routed)           0.964    21.136    y[5]_i_357_n_0
    SLICE_X58Y76         LUT4 (Prop_lut4_I0_O)        0.328    21.464 r  y[5]_i_343/O
                         net (fo=1, routed)           0.000    21.464    y[5]_i_343_n_0
    SLICE_X58Y76         CARRY4 (Prop_carry4_S[1]_CO[3])
                                                      0.533    21.997 r  y_reg[5]_i_320/CO[3]
                         net (fo=16, routed)          0.806    22.802    y_reg[5]_i_320_n_0
    SLICE_X56Y76         LUT5 (Prop_lut5_I1_O)        0.124    22.926 r  y[1]_i_210/O
                         net (fo=6, routed)           1.033    23.959    y[1]_i_210_n_0
    SLICE_X52Y74         LUT6 (Prop_lut6_I1_O)        0.124    24.083 r  y[5]_i_314/O
                         net (fo=1, routed)           0.471    24.554    y[5]_i_314_n_0
    SLICE_X53Y74         CARRY4 (Prop_carry4_DI[0]_CO[3])
                                                      0.526    25.080 r  y_reg[5]_i_283/CO[3]
                         net (fo=32, routed)          0.982    26.062    y_reg[5]_i_283_n_0
    SLICE_X53Y76         LUT5 (Prop_lut5_I3_O)        0.118    26.180 r  y[5]_i_335/O
                         net (fo=2, routed)           0.867    27.047    y[5]_i_335_n_0
    SLICE_X52Y76         LUT4 (Prop_lut4_I0_O)        0.326    27.373 r  y[5]_i_310/O
                         net (fo=1, routed)           0.000    27.373    y[5]_i_310_n_0
    SLICE_X52Y76         CARRY4 (Prop_carry4_S[0]_CO[3])
                                                      0.532    27.905 r  y_reg[5]_i_281/CO[3]
                         net (fo=16, routed)          0.939    28.844    y_reg[5]_i_281_n_0
    SLICE_X52Y75         LUT5 (Prop_lut5_I1_O)        0.124    28.968 r  y[1]_i_194/O
                         net (fo=6, routed)           0.944    29.912    y[1]_i_194_n_0
    SLICE_X48Y75         LUT6 (Prop_lut6_I1_O)        0.124    30.036 r  y[5]_i_275/O
                         net (fo=1, routed)           0.652    30.688    y[5]_i_275_n_0
    SLICE_X47Y75         CARRY4 (Prop_carry4_DI[0]_CO[3])
                                                      0.526    31.214 r  y_reg[5]_i_249/CO[3]
                         net (fo=32, routed)          0.958    32.173    y_reg[5]_i_249_n_0
    SLICE_X48Y76         LUT5 (Prop_lut5_I3_O)        0.118    32.291 r  y[5]_i_299/O
                         net (fo=2, routed)           0.919    33.210    y[5]_i_299_n_0
    SLICE_X48Y77         LUT4 (Prop_lut4_I0_O)        0.326    33.536 r  y[5]_i_270/O
                         net (fo=1, routed)           0.000    33.536    y[5]_i_270_n_0
    SLICE_X48Y77         CARRY4 (Prop_carry4_S[1]_CO[3])
                                                      0.550    34.086 r  y_reg[5]_i_247/CO[3]
                         net (fo=16, routed)          1.188    35.274    y_reg[5]_i_247_n_0
    SLICE_X47Y77         LUT5 (Prop_lut5_I3_O)        0.154    35.428 f  y[3]_i_183/O
                         net (fo=4, routed)           1.043    36.471    y[3]_i_183_n_0
    SLICE_X50Y78         LUT6 (Prop_lut6_I3_O)        0.327    36.798 r  y[7]_i_1578/O
                         net (fo=1, routed)           0.471    37.269    y[7]_i_1578_n_0
    SLICE_X50Y77         CARRY4 (Prop_carry4_DI[1]_CO[3])
                                                      0.520    37.789 r  y_reg[7]_i_1361/CO[3]
                         net (fo=16, routed)          0.943    38.732    y_reg[7]_i_1361_n_0
    SLICE_X51Y79         LUT5 (Prop_lut5_I3_O)        0.120    38.852 f  y[7]_i_1338/O
                         net (fo=4, routed)           0.865    39.716    y[7]_i_1338_n_0
    SLICE_X53Y80         LUT6 (Prop_lut6_I3_O)        0.327    40.043 r  y[7]_i_1542/O
                         net (fo=1, routed)           0.673    40.716    y[7]_i_1542_n_0
    SLICE_X53Y81         CARRY4 (Prop_carry4_DI[3]_CO[3])
                                                      0.385    41.101 r  y_reg[7]_i_1337/CO[3]
                         net (fo=16, routed)          0.930    42.031    y_reg[7]_i_1337_n_0
    SLICE_X53Y82         LUT5 (Prop_lut5_I1_O)        0.150    42.181 r  y[3]_i_159/O
                         net (fo=4, routed)           0.705    42.886    y[3]_i_159_n_0
    SLICE_X50Y83         LUT6 (Prop_lut6_I3_O)        0.332    43.218 r  y[7]_i_1378/O
                         net (fo=1, routed)           0.549    43.767    y[7]_i_1378_n_0
    SLICE_X50Y82         CARRY4 (Prop_carry4_DI[1]_CO[3])
                                                      0.520    44.287 r  y_reg[7]_i_1154/CO[3]
                         net (fo=20, routed)          0.797    45.084    y_reg[7]_i_1154_n_0
    SLICE_X51Y82         LUT5 (Prop_lut5_I3_O)        0.118    45.202 r  y[1]_i_135/O
                         net (fo=7, routed)           1.126    46.328    y[1]_i_135_n_0
    SLICE_X48Y84         LUT4 (Prop_lut4_I0_O)        0.326    46.654 r  y[7]_i_1175/O
                         net (fo=1, routed)           0.000    46.654    y[7]_i_1175_n_0
    SLICE_X48Y84         CARRY4 (Prop_carry4_S[0]_CO[3])
                                                      0.532    47.186 r  y_reg[7]_i_946/CO[3]
                         net (fo=40, routed)          1.084    48.270    y_reg[7]_i_946_n_0
    SLICE_X49Y84         LUT3 (Prop_lut3_I1_O)        0.153    48.423 r  y[7]_i_834/O
                         net (fo=7, routed)           0.876    49.299    y[7]_i_834_n_0
    SLICE_X48Y83         LUT6 (Prop_lut6_I3_O)        0.327    49.626 r  y[7]_i_1053/O
                         net (fo=1, routed)           0.476    50.103    y[7]_i_1053_n_0
    SLICE_X47Y83         CARRY4 (Prop_carry4_DI[3]_CO[3])
                                                      0.385    50.488 r  y_reg[7]_i_833/CO[3]
                         net (fo=28, routed)          1.011    51.499    y_reg[7]_i_833_n_0
    SLICE_X47Y84         LUT5 (Prop_lut5_I4_O)        0.150    51.649 f  y[7]_i_1045/O
                         net (fo=7, routed)           0.628    52.277    y[7]_i_1045_n_0
    SLICE_X45Y85         LUT6 (Prop_lut6_I5_O)        0.332    52.609 r  y[7]_i_1062/O
                         net (fo=1, routed)           0.642    53.251    y[7]_i_1062_n_0
    SLICE_X45Y84         CARRY4 (Prop_carry4_DI[2]_CO[3])
                                                      0.398    53.649 r  y_reg[7]_i_836/CO[3]
                         net (fo=28, routed)          1.075    54.724    y_reg[7]_i_836_n_0
    SLICE_X45Y85         LUT5 (Prop_lut5_I4_O)        0.152    54.876 r  y[3]_i_98/O
                         net (fo=7, routed)           0.647    55.523    y[3]_i_98_n_0
    SLICE_X41Y84         LUT6 (Prop_lut6_I3_O)        0.332    55.855 r  y[7]_i_826/O
                         net (fo=1, routed)           0.808    56.662    y[7]_i_826_n_0
    SLICE_X43Y84         CARRY4 (Prop_carry4_DI[1]_CO[3])
                                                      0.507    57.169 r  y_reg[7]_i_615/CO[3]
                         net (fo=28, routed)          1.017    58.186    y_reg[7]_i_615_n_0
    SLICE_X44Y85         LUT3 (Prop_lut3_I1_O)        0.118    58.304 f  y[3]_i_88/O
                         net (fo=7, routed)           0.906    59.211    y[3]_i_88_n_0
    SLICE_X46Y86         LUT6 (Prop_lut6_I4_O)        0.326    59.537 r  y[7]_i_756/O
                         net (fo=1, routed)           0.513    60.050    y[7]_i_756_n_0
    SLICE_X45Y86         CARRY4 (Prop_carry4_DI[1]_CO[3])
                                                      0.507    60.557 r  y_reg[7]_i_560/CO[3]
                         net (fo=28, routed)          1.043    61.599    y_reg[7]_i_560_n_0
    SLICE_X45Y87         LUT5 (Prop_lut5_I4_O)        0.124    61.723 f  y[0]_i_79/O
                         net (fo=4, routed)           0.634    62.357    y[0]_i_79_n_0
    SLICE_X44Y88         LUT6 (Prop_lut6_I5_O)        0.124    62.481 r  y[7]_i_770/O
                         net (fo=1, routed)           0.479    62.960    y[7]_i_770_n_0
    SLICE_X44Y87         CARRY4 (Prop_carry4_DI[0]_CO[3])
                                                      0.526    63.486 r  y_reg[7]_i_563/CO[3]
                         net (fo=16, routed)          1.102    64.588    y_reg[7]_i_563_n_0
    SLICE_X43Y88         LUT5 (Prop_lut5_I3_O)        0.153    64.741 f  y[5]_i_68/O
                         net (fo=4, routed)           0.826    65.567    y[5]_i_68_n_0
    SLICE_X44Y89         LUT6 (Prop_lut6_I3_O)        0.327    65.894 r  y[7]_i_586/O
                         net (fo=1, routed)           0.636    66.531    y[7]_i_586_n_0
    SLICE_X43Y89         CARRY4 (Prop_carry4_DI[2]_CO[3])
                                                      0.398    66.929 r  y_reg[7]_i_387/CO[3]
                         net (fo=16, routed)          0.944    67.872    y_reg[7]_i_387_n_0
    SLICE_X44Y90         LUT5 (Prop_lut5_I3_O)        0.119    67.991 f  y[5]_i_59/O
                         net (fo=4, routed)           0.994    68.985    y[5]_i_59_n_0
    SLICE_X46Y92         LUT6 (Prop_lut6_I3_O)        0.332    69.317 r  y[7]_i_513/O
                         net (fo=1, routed)           0.568    69.885    y[7]_i_513_n_0
    SLICE_X47Y92         CARRY4 (Prop_carry4_DI[2]_CO[3])
                                                      0.398    70.283 r  y_reg[7]_i_332/CO[3]
                         net (fo=16, routed)          1.152    71.436    y_reg[7]_i_332_n_0
    SLICE_X46Y93         LUT5 (Prop_lut5_I4_O)        0.124    71.560 r  y[3]_i_37/O
                         net (fo=7, routed)           0.975    72.535    y[3]_i_37_n_0
    SLICE_X42Y93         LUT4 (Prop_lut4_I0_O)        0.124    72.659 r  y[7]_i_326/O
                         net (fo=1, routed)           0.000    72.659    y[7]_i_326_n_0
    SLICE_X42Y93         CARRY4 (Prop_carry4_S[1]_CO[3])
                                                      0.533    73.192 r  y_reg[7]_i_187/CO[3]
                         net (fo=32, routed)          1.308    74.500    y_reg[7]_i_187_n_0
    SLICE_X42Y92         LUT3 (Prop_lut3_I1_O)        0.150    74.650 f  y[0]_i_38/O
                         net (fo=4, routed)           0.467    75.117    y[0]_i_38_n_0
    SLICE_X42Y91         LUT6 (Prop_lut6_I5_O)        0.328    75.445 r  y[7]_i_336/O
                         net (fo=1, routed)           0.512    75.957    y[7]_i_336_n_0
    SLICE_X41Y91         CARRY4 (Prop_carry4_DI[0]_CO[3])
                                                      0.526    76.483 r  y_reg[7]_i_189/CO[3]
                         net (fo=20, routed)          1.125    77.608    y_reg[7]_i_189_n_0
    SLICE_X41Y93         LUT5 (Prop_lut5_I3_O)        0.117    77.725 f  y[7]_i_94/O
                         net (fo=4, routed)           0.965    78.690    y[7]_i_94_n_0
    SLICE_X42Y95         LUT6 (Prop_lut6_I3_O)        0.332    79.022 r  y[7]_i_191/O
                         net (fo=1, routed)           0.610    79.632    y[7]_i_191_n_0
    SLICE_X43Y95         CARRY4 (Prop_carry4_DI[3]_CO[3])
                                                      0.385    80.017 r  y_reg[7]_i_95/CO[3]
                         net (fo=28, routed)          1.402    81.419    y_reg[7]_i_95_n_0
    SLICE_X43Y96         LUT5 (Prop_lut5_I3_O)        0.152    81.571 r  y[2]_i_23/O
                         net (fo=4, routed)           0.606    82.177    y[2]_i_23_n_0
    SLICE_X42Y97         LUT6 (Prop_lut6_I4_O)        0.326    82.503 r  y[7]_i_240/O
                         net (fo=1, routed)           0.568    83.071    y[7]_i_240_n_0
    SLICE_X43Y97         CARRY4 (Prop_carry4_DI[1]_CO[3])
                                                      0.507    83.578 r  y_reg[7]_i_121/CO[3]
                         net (fo=16, routed)          1.388    84.966    y_reg[7]_i_121_n_0
    SLICE_X42Y96         LUT5 (Prop_lut5_I3_O)        0.150    85.116 r  y[0]_i_15/O
                         net (fo=6, routed)           0.966    86.082    y[0]_i_15_n_0
    SLICE_X44Y99         LUT4 (Prop_lut4_I2_O)        0.328    86.410 r  y[7]_i_155/O
                         net (fo=1, routed)           0.000    86.410    y[7]_i_155_n_0
    SLICE_X44Y99         CARRY4 (Prop_carry4_S[0]_CO[3])
                                                      0.532    86.942 r  y_reg[7]_i_62/CO[3]
                         net (fo=16, routed)          1.170    88.112    p_4_in
    SLICE_X43Y98         LUT5 (Prop_lut5_I1_O)        0.150    88.262 r  y[1]_i_7/O
                         net (fo=6, routed)           0.993    89.255    y[1]_i_7_n_0
    SLICE_X40Y99         LUT4 (Prop_lut4_I1_O)        0.332    89.587 r  y[7]_i_81/O
                         net (fo=1, routed)           0.000    89.587    y[7]_i_81_n_0
    SLICE_X40Y99         CARRY4 (Prop_carry4_S[0]_CO[3])
                                                      0.532    90.119 r  y_reg[7]_i_22/CO[3]
                         net (fo=16, routed)          0.961    91.080    y_reg[7]_i_22_n_0
    SLICE_X40Y98         LUT3 (Prop_lut3_I1_O)        0.118    91.198 r  y[1]_i_5/O
                         net (fo=5, routed)           0.828    92.027    y[1]_i_5_n_0
    SLICE_X39Y98         LUT4 (Prop_lut4_I1_O)        0.326    92.353 r  y[7]_i_33/O
                         net (fo=1, routed)           0.000    92.353    y[7]_i_33_n_0
    SLICE_X39Y98         CARRY4 (Prop_carry4_S[0]_CO[3])
                                                      0.532    92.885 r  y_reg[7]_i_6/CO[3]
                         net (fo=8, routed)           1.030    93.915    y_reg[7]_i_6_n_0
    SLICE_X38Y98         LUT6 (Prop_lut6_I0_O)        0.124    94.039 r  y[1]_i_2/O
                         net (fo=3, routed)           1.102    95.141    y[1]_i_2_n_0
    SLICE_X39Y102        LUT4 (Prop_lut4_I0_O)        0.124    95.265 r  y[7]_i_19/O
                         net (fo=1, routed)           0.000    95.265    y[7]_i_19_n_0
    SLICE_X39Y102        CARRY4 (Prop_carry4_S[0]_CO[3])
                                                      0.532    95.797 r  y_reg[7]_i_4/CO[3]
                         net (fo=8, routed)           0.758    96.555    s1
    SLICE_X38Y102        LUT3 (Prop_lut3_I1_O)        0.119    96.674 r  y[7]_i_2/O
                         net (fo=1, routed)           0.000    96.674    y[7]_i_2_n_0
    SLICE_X38Y102        FDRE                                         r  y_reg[7]/D
  -------------------------------------------------------------------    -------------------

                         (clock vclk rise edge)      94.101    94.101 r  <hidden>
                                                      0.000    94.101 r  clk
                         net (fo=167, unset)          0.924    95.025    clk
    SLICE_X38Y102        FDRE                                         r  y_reg[7]/C
                         clock pessimism              0.000    95.025    <hidden>
                         clock uncertainty           -0.035    94.990    <hidden>
    SLICE_X38Y102        FDRE (Setup_fdre_C_D)        0.118    95.108    y_reg[7]
  -------------------------------------------------------------------
                         required time                         95.108    <hidden>
                         arrival time                         -96.674    <hidden>
  -------------------------------------------------------------------
                         slack                                 -1.566    <hidden>

Slack (VIOLATED) :        -1.560ns  (required time - arrival time)
  Source:                 w0_reg[1]/C
                            (rising edge-triggered cell FDRE clocked by vclk  {rise@0.000ns fall@47.050ns period=94.101ns})
  Destination:            y_reg[5]/D
                            (rising edge-triggered cell FDRE clocked by vclk  {rise@0.000ns fall@47.050ns period=94.101ns})
  Path Group:             vclk
  Path Type:              Setup (Max at Slow Process Corner)
  Requirement:            94.101ns  (vclk rise@94.101ns - vclk rise@0.000ns)
  Data Path Delay:        95.695ns  (logic 27.882ns (29.136%)  route 67.813ns (70.864%))
  Logic Levels:           90  (CARRY4=30 LUT3=8 LUT4=12 LUT5=21 LUT6=19)
  Clock Path Skew:        -0.049ns (DCD - SCD + CPR)
    Destination Clock Delay (DCD):    0.924ns = ( 95.025 - 94.101 ) 
    Source Clock Delay      (SCD):    0.973ns
    Clock Pessimism Removal (CPR):    0.000ns
  Clock Uncertainty:      0.035ns  ((TSJ^2 + TIJ^2)^1/2 + DJ) / 2 + PE
    Total System Jitter     (TSJ):    0.071ns
    Total Input Jitter      (TIJ):    0.000ns
    Discrete Jitter          (DJ):    0.000ns
    Phase Error              (PE):    0.000ns

    Location             Delay type                Incr(ns)  Path(ns)    Netlist Resource(s)
  -------------------------------------------------------------------    -------------------
                         (clock vclk rise edge)       0.000     0.000 r  <hidden>
                                                      0.000     0.000 r  clk
                         net (fo=167, unset)          0.973     0.973    clk
    SLICE_X64Y72         FDRE                                         r  w0_reg[1]/C
  -------------------------------------------------------------------    -------------------
    SLICE_X64Y72         FDRE (Prop_fdre_C_Q)         0.456     1.429 r  w0_reg[1]/Q
                         net (fo=11, routed)          1.120     2.549    w0[1]
    SLICE_X65Y72         LUT4 (Prop_lut4_I0_O)        0.124     2.673 r  y[7]_i_2015/O
                         net (fo=1, routed)           0.000     2.673    y[7]_i_2015_n_0
    SLICE_X65Y72         CARRY4 (Prop_carry4_S[0]_CO[3])
                                                      0.532     3.205 r  y_reg[7]_i_1914/CO[3]
                         net (fo=64, routed)          1.181     4.386    y_reg[7]_i_1914_n_0
    SLICE_X62Y71         LUT3 (Prop_lut3_I1_O)        0.116     4.502 r  y[7]_i_2103/O
                         net (fo=1, routed)           0.452     4.955    y[7]_i_2103_n_0
    SLICE_X62Y71         LUT6 (Prop_lut6_I1_O)        0.328     5.283 r  y[7]_i_2019/O
                         net (fo=1, routed)           0.330     5.612    y[7]_i_2019_n_0
    SLICE_X62Y72         CARRY4 (Prop_carry4_DI[0]_CO[3])
                                                      0.550     6.162 r  y_reg[7]_i_1915/CO[3]
                         net (fo=40, routed)          1.276     7.438    y_reg[7]_i_1915_n_0
    SLICE_X63Y73         LUT5 (Prop_lut5_I1_O)        0.124     7.562 r  y[3]_i_226/O
                         net (fo=10, routed)          0.991     8.554    y[3]_i_226_n_0
    SLICE_X60Y74         LUT4 (Prop_lut4_I0_O)        0.124     8.678 r  y[7]_i_2046/O
                         net (fo=1, routed)           0.000     8.678    y[7]_i_2046_n_0
    SLICE_X60Y74         CARRY4 (Prop_carry4_S[1]_CO[3])
                                                      0.550     9.228 r  y_reg[7]_i_1927/CO[3]
                         net (fo=64, routed)          1.378    10.606    y_reg[7]_i_1927_n_0
    SLICE_X62Y76         LUT3 (Prop_lut3_I1_O)        0.153    10.759 r  y[7]_i_2123/O
                         net (fo=1, routed)           0.292    11.050    y[7]_i_2123_n_0
    SLICE_X61Y76         LUT6 (Prop_lut6_I1_O)        0.331    11.381 r  y[7]_i_2079/O
                         net (fo=1, routed)           0.612    11.993    y[7]_i_2079_n_0
    SLICE_X61Y75         CARRY4 (Prop_carry4_DI[0]_CO[3])
                                                      0.526    12.519 r  y_reg[7]_i_1995/CO[3]
                         net (fo=16, routed)          1.283    13.803    y_reg[7]_i_1995_n_0
    SLICE_X61Y76         LUT5 (Prop_lut5_I3_O)        0.120    13.923 r  y[1]_i_228/O
                         net (fo=4, routed)           0.724    14.647    y[1]_i_228_n_0
    SLICE_X61Y77         LUT4 (Prop_lut4_I0_O)        0.327    14.974 r  y[7]_i_2063/O
                         net (fo=1, routed)           0.000    14.974    y[7]_i_2063_n_0
    SLICE_X61Y77         CARRY4 (Prop_carry4_S[0]_CO[3])
                                                      0.532    15.506 r  y_reg[7]_i_1949/CO[3]
                         net (fo=16, routed)          0.984    16.490    y_reg[7]_i_1949_n_0
    SLICE_X60Y76         LUT3 (Prop_lut3_I1_O)        0.118    16.608 r  y[3]_i_223/O
                         net (fo=6, routed)           0.679    17.286    y[3]_i_223_n_0
    SLICE_X58Y77         LUT6 (Prop_lut6_I0_O)        0.326    17.612 r  y[5]_i_347/O
                         net (fo=1, routed)           0.552    18.164    y[5]_i_347_n_0
    SLICE_X58Y75         CARRY4 (Prop_carry4_DI[1]_CO[3])
                                                      0.520    18.684 r  y_reg[5]_i_322/CO[3]
                         net (fo=32, routed)          1.341    20.025    y_reg[5]_i_322_n_0
    SLICE_X58Y78         LUT5 (Prop_lut5_I3_O)        0.146    20.171 r  y[5]_i_357/O
                         net (fo=2, routed)           0.964    21.136    y[5]_i_357_n_0
    SLICE_X58Y76         LUT4 (Prop_lut4_I0_O)        0.328    21.464 r  y[5]_i_343/O
                         net (fo=1, routed)           0.000    21.464    y[5]_i_343_n_0
    SLICE_X58Y76         CARRY4 (Prop_carry4_S[1]_CO[3])
                                                      0.533    21.997 r  y_reg[5]_i_320/CO[3]
                         net (fo=16, routed)          0.806    22.802    y_reg[5]_i_320_n_0
    SLICE_X56Y76         LUT5 (Prop_lut5_I1_O)        0.124    22.926 r  y[1]_i_210/O
                         net (fo=6, routed)           1.033    23.959    y[1]_i_210_n_0
    SLICE_X52Y74         LUT6 (Prop_lut6_I1_O)        0.124    24.083 r  y[5]_i_314/O
                         net (fo=1, routed)           0.471    24.554    y[5]_i_314_n_0
    SLICE_X53Y74         CARRY4 (Prop_carry4_DI[0]_CO[3])
                                                      0.526    25.080 r  y_reg[5]_i_283/CO[3]
                         net (fo=32, routed)          0.982    26.062    y_reg[5]_i_283_n_0
    SLICE_X53Y76         LUT5 (Prop_lut5_I3_O)        0.118    26.180 r  y[5]_i_335/O
                         net (fo=2, routed)           0.867    27.047    y[5]_i_335_n_0
    SLICE_X52Y76         LUT4 (Prop_lut4_I0_O)        0.326    27.373 r  y[5]_i_310/O
                         net (fo=1, routed)           0.000    27.373    y[5]_i_310_n_0
    SLICE_X52Y76         CARRY4 (Prop_carry4_S[0]_CO[3])
                                                      0.532    27.905 r  y_reg[5]_i_281/CO[3]
                         net (fo=16, routed)          0.939    28.844    y_reg[5]_i_281_n_0
    SLICE_X52Y75         LUT5 (Prop_lut5_I1_O)        0.124    28.968 r  y[1]_i_194/O
                         net (fo=6, routed)           0.944    29.912    y[1]_i_194_n_0
    SLICE_X48Y75         LUT6 (Prop_lut6_I1_O)        0.124    30.036 r  y[5]_i_275/O
                         net (fo=1, routed)           0.652    30.688    y[5]_i_275_n_0
    SLICE_X47Y75         CARRY4 (Prop_carry4_DI[0]_CO[3])
                                                      0.526    31.214 r  y_reg[5]_i_249/CO[3]
                         net (fo=32, routed)          0.958    32.173    y_reg[5]_i_249_n_0
    SLICE_X48Y76         LUT5 (Prop_lut5_I3_O)        0.118    32.291 r  y[5]_i_299/O
                         net (fo=2, routed)           0.919    33.210    y[5]_i_299_n_0
    SLICE_X48Y77         LUT4 (Prop_lut4_I0_O)        0.326    33.536 r  y[5]_i_270/O
                         net (fo=1, routed)           0.000    33.536    y[5]_i_270_n_0
    SLICE_X48Y77         CARRY4 (Prop_carry4_S[1]_CO[3])
                                                      0.550    34.086 r  y_reg[5]_i_247/CO[3]
                         net (fo=16, routed)          1.188    35.274    y_reg[5]_i_247_n_0
    SLICE_X47Y77         LUT5 (Prop_lut5_I3_O)        0.154    35.428 f  y[3]_i_183/O
                         net (fo=4, routed)           1.043    36.471    y[3]_i_183_n_0
    SLICE_X50Y78         LUT6 (Prop_lut6_I3_O)        0.327    36.798 r  y[7]_i_1578/O
                         net (fo=1, routed)           0.471    37.269    y[7]_i_1578_n_0
    SLICE_X50Y77         CARRY4 (Prop_carry4_DI[1]_CO[3])
                                                      0.520    37.789 r  y_reg[7]_i_1361/CO[3]
                         net (fo=16, routed)          0.943    38.732    y_reg[7]_i_1361_n_0
    SLICE_X51Y79         LUT5 (Prop_lut5_I3_O)        0.120    38.852 f  y[7]_i_1338/O
                         net (fo=4, routed)           0.865    39.716    y[7]_i_1338_n_0
    SLICE_X53Y80         LUT6 (Prop_lut6_I3_O)        0.327    40.043 r  y[7]_i_1542/O
                         net (fo=1, routed)           0.673    40.716    y[7]_i_1542_n_0
    SLICE_X53Y81         CARRY4 (Prop_carry4_DI[3]_CO[3])
                                                      0.385    41.101 r  y_reg[7]_i_1337/CO[3]
                         net (fo=16, routed)          0.930    42.031    y_reg[7]_i_1337_n_0
    SLICE_X53Y82         LUT5 (Prop_lut5_I1_O)        0.150    42.181 r  y[3]_i_159/O
                         net (fo=4, routed)           0.705    42.886    y[3]_i_159_n_0
    SLICE_X50Y83         LUT6 (Prop_lut6_I3_O)        0.332    43.218 r  y[7]_i_1378/O
                         net (fo=1, routed)           0.549    43.767    y[7]_i_1378_n_0
    SLICE_X50Y82         CARRY4 (Prop_carry4_DI[1]_CO[3])
                                                      0.520    44.287 r  y_reg[7]_i_1154/CO[3]
                         net (fo=20, routed)          0.797    45.084    y_reg[7]_i_1154_n_0
    SLICE_X51Y82         LUT5 (Prop_lut5_I3_O)        0.118    45.202 r  y[1]_i_135/O
                         net (fo=7, routed)           1.126    46.328    y[1]_i_135_n_0
    SLICE_X48Y84         LUT4 (Prop_lut4_I0_O)        0.326    46.654 r  y[7]_i_1175/O
                         net (fo=1, routed)           0.000    46.654    y[7]_i_1175_n_0
    SLICE_X48Y84         CARRY4 (Prop_carry4_S[0]_CO[3])
                                                      0.532    47.186 r  y_reg[7]_i_946/CO[3]
                         net (fo=40, routed)          1.084    48.270    y_reg[7]_i_946_n_0
    SLICE_X49Y84         LUT3 (Prop_lut3_I1_O)        0.153    48.423 r  y[7]_i_834/O
                         net (fo=7, routed)           0.876    49.299    y[7]_i_834_n_0
    SLICE_X48Y83         LUT6 (Prop_lut6_I3_O)        0.327    49.626 r  y[7]_i_1053/O
                         net (fo=1, routed)           0.476    50.103    y[7]_i_1053_n_0
    SLICE_X47Y83         CARRY4 (Prop_carry4_DI[3]_CO[3])
                                                      0.385    50.488 r  y_reg[7]_i_833/CO[3]
                         net (fo=28, routed)          1.011    51.499    y_reg[7]_i_833_n_0
    SLICE_X47Y84         LUT5 (Prop_lut5_I4_O)        0.150    51.649 f  y[7]_i_1045/O
                         net (fo=7, routed)           0.628    52.277    y[7]_i_1045_n_0
    SLICE_X45Y85         LUT6 (Prop_lut6_I5_O)        0.332    52.609 r  y[7]_i_1062/O
                         net (fo=1, routed)           0.642    53.251    y[7]_i_1062_n_0
    SLICE_X45Y84         CARRY4 (Prop_carry4_DI[2]_CO[3])
                                                      0.398    53.649 r  y_reg[7]_i_836/CO[3]
                         net (fo=28, routed)          1.075    54.724    y_reg[7]_i_836_n_0
    SLICE_X45Y85         LUT5 (Prop_lut5_I4_O)        0.152    54.876 r  y[3]_i_98/O
                         net (fo=7, routed)           0.647    55.523    y[3]_i_98_n_0
    SLICE_X41Y84         LUT6 (Prop_lut6_I3_O)        0.332    55.855 r  y[7]_i_826/O
                         net (fo=1, routed)           0.808    56.662    y[7]_i_826_n_0
    SLICE_X43Y84         CARRY4 (Prop_carry4_DI[1]_CO[3])
                                                      0.507    57.169 r  y_reg[7]_i_615/CO[3]
                         net (fo=28, routed)          1.017    58.186    y_reg[7]_i_615_n_0
    SLICE_X44Y85         LUT3 (Prop_lut3_I1_O)        0.118    58.304 f  y[3]_i_88/O
                         net (fo=7, routed)           0.906    59.211    y[3]_i_88_n_0
    SLICE_X46Y86         LUT6 (Prop_lut6_I4_O)        0.326    59.537 r  y[7]_i_756/O
                         net (fo=1, routed)           0.513    60.050    y[7]_i_756_n_0
    SLICE_X45Y86         CARRY4 (Prop_carry4_DI[1]_CO[3])
                                                      0.507    60.557 r  y_reg[7]_i_560/CO[3]
                         net (fo=28, routed)          1.043    61.599    y_reg[7]_i_560_n_0
    SLICE_X45Y87         LUT5 (Prop_lut5_I4_O)        0.124    61.723 f  y[0]_i_79/O
                         net (fo=4, routed)           0.634    62.357    y[0]_i_79_n_0
    SLICE_X44Y88         LUT6 (Prop_lut6_I5_O)        0.124    62.481 r  y[7]_i_770/O
                         net (fo=1, routed)           0.479    62.960    y[7]_i_770_n_0
    SLICE_X44Y87         CARRY4 (Prop_carry4_DI[0]_CO[3])
                                                      0.526    63.486 r  y_reg[7]_i_563/CO[3]
                         net (fo=16, routed)          1.102    64.588    y_reg[7]_i_563_n_0
    SLICE_X43Y88         LUT5 (Prop_lut5_I3_O)        0.153    64.741 f  y[5]_i_68/O
                         net (fo=4, routed)           0.826    65.567    y[5]_i_68_n_0
    SLICE_X44Y89         LUT6 (Prop_lut6_I3_O)        0.327    65.894 r  y[7]_i_586/O
                         net (fo=1, routed)           0.636    66.531    y[7]_i_586_n_0
    SLICE_X43Y89         CARRY4 (Prop_carry4_DI[2]_CO[3])
                                                      0.398    66.929 r  y_reg[7]_i_387/CO[3]
                         net (fo=16, routed)          0.944    67.872    y_reg[7]_i_387_n_0
    SLICE_X44Y90         LUT5 (Prop_lut5_I3_O)        0.119    67.991 f  y[5]_i_59/O
                         net (fo=4, routed)           0.994    68.985    y[5]_i_59_n_0
    SLICE_X46Y92         LUT6 (Prop_lut6_I3_O)        0.332    69.317 r  y[7]_i_513/O
                         net (fo=1, routed)           0.568    69.885    y[7]_i_513_n_0
    SLICE_X47Y92         CARRY4 (Prop_carry4_DI[2]_CO[3])
                                                      0.398    70.283 r  y_reg[7]_i_332/CO[3]
                         net (fo=16, routed)          1.152    71.436    y_reg[7]_i_332_n_0
    SLICE_X46Y93         LUT5 (Prop_lut5_I4_O)        0.124    71.560 r  y[3]_i_37/O
                         net (fo=7, routed)           0.975    72.535    y[3]_i_37_n_0
    SLICE_X42Y93         LUT4 (Prop_lut4_I0_O)        0.124    72.659 r  y[7]_i_326/O
                         net (fo=1, routed)           0.000    72.659    y[7]_i_326_n_0
    SLICE_X42Y93         CARRY4 (Prop_carry4_S[1]_CO[3])
                                                      0.533    73.192 r  y_reg[7]_i_187/CO[3]
                         net (fo=32, routed)          1.308    74.500    y_reg[7]_i_187_n_0
    SLICE_X42Y92         LUT3 (Prop_lut3_I1_O)        0.150    74.650 f  y[0]_i_38/O
                         net (fo=4, routed)           0.467    75.117    y[0]_i_38_n_0
    SLICE_X42Y91         LUT6 (Prop_lut6_I5_O)        0.328    75.445 r  y[7]_i_336/O
                         net (fo=1, routed)           0.512    75.957    y[7]_i_336_n_0
    SLICE_X41Y91         CARRY4 (Prop_carry4_DI[0]_CO[3])
                                                      0.526    76.483 r  y_reg[7]_i_189/CO[3]
                         net (fo=20, routed)          1.125    77.608    y_reg[7]_i_189_n_0
    SLICE_X41Y93         LUT5 (Prop_lut5_I3_O)        0.117    77.725 f  y[7]_i_94/O
                         net (fo=4, routed)           0.965    78.690    y[7]_i_94_n_0
    SLICE_X42Y95         LUT6 (Prop_lut6_I3_O)        0.332    79.022 r  y[7]_i_191/O
                         net (fo=1, routed)           0.610    79.632    y[7]_i_191_n_0
    SLICE_X43Y95         CARRY4 (Prop_carry4_DI[3]_CO[3])
                                                      0.385    80.017 r  y_reg[7]_i_95/CO[3]
                         net (fo=28, routed)          1.402    81.419    y_reg[7]_i_95_n_0
    SLICE_X43Y96         LUT5 (Prop_lut5_I3_O)        0.152    81.571 r  y[2]_i_23/O
                         net (fo=4, routed)           0.606    82.177    y[2]_i_23_n_0
    SLICE_X42Y97         LUT6 (Prop_lut6_I4_O)        0.326    82.503 r  y[7]_i_240/O
                         net (fo=1, routed)           0.568    83.071    y[7]_i_240_n_0
    SLICE_X43Y97         CARRY4 (Prop_carry4_DI[1]_CO[3])
                                                      0.507    83.578 r  y_reg[7]_i_121/CO[3]
                         net (fo=16, routed)          1.388    84.966    y_reg[7]_i_121_n_0
    SLICE_X42Y96         LUT5 (Prop_lut5_I3_O)        0.150    85.116 r  y[0]_i_15/O
                         net (fo=6, routed)           0.966    86.082    y[0]_i_15_n_0
    SLICE_X44Y99         LUT4 (Prop_lut4_I2_O)        0.328    86.410 r  y[7]_i_155/O
                         net (fo=1, routed)           0.000    86.410    y[7]_i_155_n_0
    SLICE_X44Y99         CARRY4 (Prop_carry4_S[0]_CO[3])
                                                      0.532    86.942 r  y_reg[7]_i_62/CO[3]
                         net (fo=16, routed)          1.170    88.112    p_4_in
    SLICE_X43Y98         LUT5 (Prop_lut5_I1_O)        0.150    88.262 r  y[1]_i_7/O
                         net (fo=6, routed)           0.993    89.255    y[1]_i_7_n_0
    SLICE_X40Y99         LUT4 (Prop_lut4_I1_O)        0.332    89.587 r  y[7]_i_81/O
                         net (fo=1, routed)           0.000    89.587    y[7]_i_81_n_0
    SLICE_X40Y99         CARRY4 (Prop_carry4_S[0]_CO[3])
                                                      0.532    90.119 r  y_reg[7]_i_22/CO[3]
                         net (fo=16, routed)          0.961    91.080    y_reg[7]_i_22_n_0
    SLICE_X40Y98         LUT3 (Prop_lut3_I1_O)        0.118    91.198 r  y[1]_i_5/O
                         net (fo=5, routed)           0.828    92.027    y[1]_i_5_n_0
    SLICE_X39Y98         LUT4 (Prop_lut4_I1_O)        0.326    92.353 r  y[7]_i_33/O
                         net (fo=1, routed)           0.000    92.353    y[7]_i_33_n_0
    SLICE_X39Y98         CARRY4 (Prop_carry4_S[0]_CO[3])
                                                      0.532    92.885 r  y_reg[7]_i_6/CO[3]
                         net (fo=8, routed)           1.030    93.915    y_reg[7]_i_6_n_0
    SLICE_X38Y98         LUT6 (Prop_lut6_I0_O)        0.124    94.039 r  y[1]_i_2/O
                         net (fo=3, routed)           1.102    95.141    y[1]_i_2_n_0
    SLICE_X39Y102        LUT4 (Prop_lut4_I0_O)        0.124    95.265 r  y[7]_i_19/O
                         net (fo=1, routed)           0.000    95.265    y[7]_i_19_n_0
    SLICE_X39Y102        CARRY4 (Prop_carry4_S[0]_CO[3])
                                                      0.532    95.797 r  y_reg[7]_i_4/CO[3]
                         net (fo=8, routed)           0.754    96.551    s1
    SLICE_X38Y102        LUT3 (Prop_lut3_I1_O)        0.117    96.668 r  y[5]_i_1/O
                         net (fo=1, routed)           0.000    96.668    y[5]_i_1_n_0
    SLICE_X38Y102        FDRE                                         r  y_reg[5]/D
  -------------------------------------------------------------------    -------------------

                         (clock vclk rise edge)      94.101    94.101 r  <hidden>
                                                      0.000    94.101 r  clk
                         net (fo=167, unset)          0.924    95.025    clk
    SLICE_X38Y102        FDRE                                         r  y_reg[5]/C
                         clock pessimism              0.000    95.025    <hidden>
                         clock uncertainty           -0.035    94.990    <hidden>
    SLICE_X38Y102        FDRE (Setup_fdre_C_D)        0.118    95.108    y_reg[5]
  -------------------------------------------------------------------
                         required time                         95.108    <hidden>
                         arrival time                         -96.668    <hidden>
  -------------------------------------------------------------------
                         slack                                 -1.560    <hidden>

Slack (MET) :             89.919ns  (required time - arrival time)
  Source:                 rst_n
                            (input port clocked by vclk  {rise@0.000ns fall@47.050ns period=94.101ns})
  Destination:            w0_reg[1]/R
                            (rising edge-triggered cell FDRE clocked by vclk  {rise@0.000ns fall@47.050ns period=94.101ns})
  Path Group:             vclk
  Path Type:              Setup (Max at Slow Process Corner)
  Requirement:            94.101ns  (vclk rise@94.101ns - vclk rise@0.000ns)
  Data Path Delay:        4.642ns  (logic 0.124ns (2.671%)  route 4.518ns (97.329%))
  Logic Levels:           1  (LUT1=1)
  Input Delay:            0.000ns
  Clock Path Skew:        0.924ns (DCD - SCD + CPR)
    Destination Clock Delay (DCD):    0.924ns = ( 95.025 - 94.101 ) 
    Source Clock Delay      (SCD):    0.000ns
    Clock Pessimism Removal (CPR):    0.000ns
  Clock Uncertainty:      0.035ns  ((TSJ^2 + TIJ^2)^1/2 + DJ) / 2 + PE
    Total System Jitter     (TSJ):    0.071ns
    Total Input Jitter      (TIJ):    0.000ns
    Discrete Jitter          (DJ):    0.000ns
    Phase Error              (PE):    0.000ns

    Location             Delay type                Incr(ns)  Path(ns)    Netlist Resource(s)
  -------------------------------------------------------------------    -------------------
                         (clock vclk rise edge)       0.000     0.000 r  <hidden>
                         input delay                  0.000     0.000    <hidden>
                                                      0.000     0.000 f  rst_n
                         net (fo=0)                   0.973     0.973    rst_n
    SLICE_X36Y76         LUT1 (Prop_lut1_I0_O)        0.124     1.097 r  y[7]_i_1/O
                         net (fo=168, routed)         3.545     4.642    y[7]_i_1_n_0
    SLICE_X64Y72         FDRE                                         r  w0_reg[1]/R
  -------------------------------------------------------------------    -------------------

                         (clock vclk rise edge)      94.101    94.101 r  <hidden>
                                                      0.000    94.101 r  clk
                         net (fo=167, unset)          0.924    95.025    clk
    SLICE_X64Y72         FDRE                                         r  w0_reg[1]/C
                         clock pessimism              0.000    95.025    <hidden>
                         clock uncertainty           -0.035    94.990    <hidden>
    SLICE_X64Y72         FDRE (Setup_fdre_C_R)       -0.429    94.561    w0_reg[1]
  -------------------------------------------------------------------
                         required time                         94.561    <hidden>
                         arrival time                          -4.642    <hidden>
  -------------------------------------------------------------------
                         slack                                 89.919    <hidden>

Slack (MET) :             89.919ns  (required time - arrival time)
  Source:                 rst_n
                            (input port clocked by vclk  {rise@0.000ns fall@47.050ns period=94.101ns})
  Destination:            w0_reg[6]/R
                            (rising edge-triggered cell FDRE clocked by vclk  {rise@0.000ns fall@47.050ns period=94.101ns})
  Path Group:             vclk
  Path Type:              Setup (Max at Slow Process Corner)
  Requirement:            94.101ns  (vclk rise@94.101ns - vclk rise@0.000ns)
  Data Path Delay:        4.642ns  (logic 0.124ns (2.671%)  route 4.518ns (97.329%))
  Logic Levels:           1  (LUT1=1)
  Input Delay:            0.000ns
  Clock Path Skew:        0.924ns (DCD - SCD + CPR)
    Destination Clock Delay (DCD):    0.924ns = ( 95.025 - 94.101 ) 
    Source Clock Delay      (SCD):    0.000ns
    Clock Pessimism Removal (CPR):    0.000ns
  Clock Uncertainty:      0.035ns  ((TSJ^2 + TIJ^2)^1/2 + DJ) / 2 + PE
    Total System Jitter     (TSJ):    0.071ns
    Total Input Jitter      (TIJ):    0.000ns
    Discrete Jitter          (DJ):    0.000ns
    Phase Error              (PE):    0.000ns

    Location             Delay type                Incr(ns)  Path(ns)    Netlist Resource(s)
  -------------------------------------------------------------------    -------------------
                         (clock vclk rise edge)       0.000     0.000 r  <hidden>
                         input delay                  0.000     0.000    <hidden>
                                                      0.000     0.000 f  rst_n
                         net (fo=0)                   0.973     0.973    rst_n
    SLICE_X36Y76         LUT1 (Prop_lut1_I0_O)        0.124     1.097 r  y[7]_i_1/O
                         net (fo=168, routed)         3.545     4.642    y[7]_i_1_n_0
    SLICE_X64Y72         FDRE                                         r  w0_reg[6]/R
  -------------------------------------------------------------------    -------------------

                         (clock vclk rise edge)      94.101    94.101 r  <hidden>
                                                      0.000    94.101 r  clk
                         net (fo=167, unset)          0.924    95.025    clk
    SLICE_X64Y72         FDRE                                         r  w0_reg[6]/C
                         clock pessimism              0.000    95.025    <hidden>
                         clock uncertainty           -0.035    94.990    <hidden>
    SLICE_X64Y72         FDRE (Setup_fdre_C_R)       -0.429    94.561    w0_reg[6]
  -------------------------------------------------------------------
                         required time                         94.561    <hidden>
                         arrival time                          -4.642    <hidden>
  -------------------------------------------------------------------
                         slack                                 89.919    <hidden>





Pulse Width Checks
--------------------------------------------------------------------------------------
Clock Name:         vclk
Waveform(ns):       { 0.000 47.050 }
Period(ns):         94.101
Sources:            { clk }

Check Type        Corner  Lib Pin  Reference Pin  Required(ns)  Actual(ns)  Slack(ns)  Location      Pin
Min Period        n/a     FDRE/C   n/a            1.000         94.101      93.101     SLICE_X65Y72  w0_reg[0]/C
Min Period        n/a     FDRE/C   n/a            1.000         94.101      93.101     SLICE_X64Y72  w0_reg[1]/C
Min Period        n/a     FDRE/C   n/a            1.000         94.101      93.101     SLICE_X63Y72  w0_reg[2]/C
Min Period        n/a     FDRE/C   n/a            1.000         94.101      93.101     SLICE_X65Y72  w0_reg[3]/C
Min Period        n/a     FDRE/C   n/a            1.000         94.101      93.101     SLICE_X65Y72  w0_reg[4]/C
Min Period        n/a     FDRE/C   n/a            1.000         94.101      93.101     SLICE_X65Y72  w0_reg[5]/C
Min Period        n/a     FDRE/C   n/a            1.000         94.101      93.101     SLICE_X64Y72  w0_reg[6]/C
Min Period        n/a     FDRE/C   n/a            1.000         94.101      93.101     SLICE_X64Y72  w0_reg[7]/C
Min Period        n/a     FDRE/C   n/a            1.000         94.101      93.101     SLICE_X43Y76  w10_reg[0]/C
Min Period        n/a     FDRE/C   n/a            1.000         94.101      93.101     SLICE_X45Y76  w10_reg[1]/C
Low Pulse Width   Slow    FDRE/C   n/a            0.500         47.051      46.551     SLICE_X65Y72  w0_reg[0]/C
Low Pulse Width   Fast    FDRE/C   n/a            0.500         47.050      46.551     SLICE_X65Y72  w0_reg[0]/C
Low Pulse Width   Slow    FDRE/C   n/a            0.500         47.051      46.551     SLICE_X64Y72  w0_reg[1]/C
Low Pulse Width   Fast    FDRE/C   n/a            0.500         47.050      46.551     SLICE_X64Y72  w0_reg[1]/C
Low Pulse Width   Slow    FDRE/C   n/a            0.500         47.051      46.551     SLICE_X63Y72  w0_reg[2]/C
Low Pulse Width   Fast    FDRE/C   n/a            0.500         47.050      46.551     SLICE_X63Y72  w0_reg[2]/C
Low Pulse Width   Slow    FDRE/C   n/a            0.500         47.051      46.551     SLICE_X65Y72  w0_reg[3]/C
Low Pulse Width   Fast    FDRE/C   n/a            0.500         47.050      46.551     SLICE_X65Y72  w0_reg[3]/C
Low Pulse Width   Slow    FDRE/C   n/a            0.500         47.051      46.551     SLICE_X65Y72  w0_reg[4]/C
Low Pulse Width   Fast    FDRE/C   n/a            0.500         47.050      46.551     SLICE_X65Y72  w0_reg[4]/C
High Pulse Width  Slow    FDRE/C   n/a            0.500         47.050      46.551     SLICE_X65Y72  w0_reg[0]/C
High Pulse Width  Fast    FDRE/C   n/a            0.500         47.050      46.551     SLICE_X65Y72  w0_reg[0]/C
High Pulse Width  Slow    FDRE/C   n/a            0.500         47.050      46.551     SLICE_X64Y72  w0_reg[1]/C
High Pulse Width  Fast    FDRE/C   n/a            0.500         47.050      46.551     SLICE_X64Y72  w0_reg[1]/C
High Pulse Width  Slow    FDRE/C   n/a            0.500         47.050      46.551     SLICE_X63Y72  w0_reg[2]/C
High Pulse Width  Fast    FDRE/C   n/a            0.500         47.050      46.551     SLICE_X63Y72  w0_reg[2]/C
High Pulse Width  Slow    FDRE/C   n/a            0.500         47.050      46.551     SLICE_X65Y72  w0_reg[3]/C
High Pulse Width  Fast    FDRE/C   n/a            0.500         47.050      46.551     SLICE_X65Y72  w0_reg[3]/C
High Pulse Width  Slow    FDRE/C   n/a            0.500         47.050      46.551     SLICE_X65Y72  w0_reg[4]/C
High Pulse Width  Fast    FDRE/C   n/a            0.500         47.050      46.551     SLICE_X65Y72  w0_reg[4]/C



