Copyright 1986-2022 Xilinx, Inc. All Rights Reserved. Copyright 2022-2026 Advanced Micro Devices, Inc. All Rights Reserved.
-----------------------------------------------------------------------------------------------------------------------------------------------------------------------------------------------------------------------------------------------------------------------------------------
| Tool Version : Vivado v.2026.1 (win64) Build 6511674 Tue Jun 16 11:02:23 MDT 2026
| Date         : Sun Aug 30 22:38:15 2026
| Host         : Amine running 64-bit major release  (build 9200)
| Command      : report_timing_summary -delay_type max -max_paths 10 -report_unconstrained -check_timing_verbose -warn_on_violation -file C:/Users/Amine/mas/fpga-repo/timing_closure_candidate_v7/results/c01_fir_sft_fir42_v6_8b/trial_002_search_p61p02_a0/reports/timing_summary.rpt
| Design       : sft__fir42_v6_8b__g1
| Device       : 7z020-clg400
| Speed File   : -1  PRODUCTION 1.12 2019-11-22
| Design State : Routed
-----------------------------------------------------------------------------------------------------------------------------------------------------------------------------------------------------------------------------------------------------------------------------------------

Timing Summary Report

------------------------------------------------------------------------------------------------
| Timer Settings
| --------------
------------------------------------------------------------------------------------------------

  Enable Multi Corner Analysis               :  Yes
  Enable Pessimism Removal                   :  Yes
  Pessimism Removal Resolution               :  Nearest Common Node
  Enable Input Delay Default Clock           :  No
  Enable Preset / Clear Arcs                 :  No
  Disable Flight Delays                      :  No
  Ignore I/O Paths                           :  No
  Timing Early Launch at Borrowing Latches   :  No
  Borrow Time for Max Delay Exceptions       :  Yes
  Merge Timing Exceptions                    :  Yes
  Inter-SLR Compensation                     :  Conservative

  Corner  Analyze    Analyze    
  Name    Max Paths  Min Paths  
  ------  ---------  ---------  
  Slow    Yes        Yes        
  Fast    Yes        Yes        


------------------------------------------------------------------------------------------------
| Report Methodology
| ------------------
------------------------------------------------------------------------------------------------

No report available as report_methodology has not been run prior. Run report_methodology on the current design for the summary of methodology violations.



check_timing report

Table of Contents
-----------------
1. checking no_clock (0)
2. checking constant_clock (0)
3. checking pulse_width_clock (0)
4. checking unconstrained_internal_endpoints (0)
5. checking no_input_delay (0)
6. checking no_output_delay (0)
7. checking multiple_clock (0)
8. checking generated_clocks (0)
9. checking loops (0)
10. checking partial_input_delay (0)
11. checking partial_output_delay (0)
12. checking latch_loops (0)

1. checking no_clock (0)
------------------------
 There are 0 register/latch pins with no clock.


2. checking constant_clock (0)
------------------------------
 There are 0 register/latch pins with constant_clock.


3. checking pulse_width_clock (0)
---------------------------------
 There are 0 register/latch pins which need pulse_width check


4. checking unconstrained_internal_endpoints (0)
------------------------------------------------
 There are 0 pins that are not constrained for maximum delay.

 There are 0 pins that are not constrained for maximum delay due to constant clock.


5. checking no_input_delay (0)
------------------------------
 There are 0 input ports with no input delay specified.

 There are 0 input ports with no input delay but user has a false path constraint.


6. checking no_output_delay (0)
-------------------------------
 There are 0 ports with no output delay specified.

 There are 0 ports with no output delay but user has a false path constraint

 There are 0 ports with no output delay but with a timing clock defined on it or propagating through it


7. checking multiple_clock (0)
------------------------------
 There are 0 register/latch pins with multiple clocks.


8. checking generated_clocks (0)
--------------------------------
 There are 0 generated clocks that are not connected to a clock source.


9. checking loops (0)
---------------------
 There are 0 combinational loops in the design.


10. checking partial_input_delay (0)
------------------------------------
 There are 0 input ports with partial input delay specified.


11. checking partial_output_delay (0)
-------------------------------------
 There are 0 ports with partial output delay specified.


12. checking latch_loops (0)
----------------------------
 There are 0 combinational latch loops in the design through latch input



------------------------------------------------------------------------------------------------
| Design Timing Summary
| ---------------------
------------------------------------------------------------------------------------------------

    WNS(ns)      TNS(ns)  TNS Failing Endpoints  TNS Total Endpoints     WPWS(ns)     TPWS(ns)  TPWS Failing Endpoints  TPWS Total Endpoints  
    -------      -------  ---------------------  -------------------     --------     --------  ----------------------  --------------------  
     12.877        0.000                      0                  720       30.010        0.000                       0                   352  


All user specified timing constraints are met.


------------------------------------------------------------------------------------------------
| Clock Summary
| -------------
------------------------------------------------------------------------------------------------

Clock  Waveform(ns)       Period(ns)      Frequency(MHz)
-----  ------------       ----------      --------------
vclk   {0.000 30.510}     61.020          16.388          


------------------------------------------------------------------------------------------------
| Intra Clock Table
| -----------------
------------------------------------------------------------------------------------------------

Clock             WNS(ns)      TNS(ns)  TNS Failing Endpoints  TNS Total Endpoints     WPWS(ns)     TPWS(ns)  TPWS Failing Endpoints  TPWS Total Endpoints  
-----             -------      -------  ---------------------  -------------------     --------     --------  ----------------------  --------------------  
vclk               12.877        0.000                      0                  720       30.010        0.000                       0                   352  


------------------------------------------------------------------------------------------------
| Inter Clock Table
| -----------------
------------------------------------------------------------------------------------------------

From Clock    To Clock          WNS(ns)      TNS(ns)  TNS Failing Endpoints  TNS Total Endpoints  
----------    --------          -------      -------  ---------------------  -------------------  


------------------------------------------------------------------------------------------------
| Other Path Groups Table
| -----------------------
------------------------------------------------------------------------------------------------

Path Group    From Clock    To Clock          WNS(ns)      TNS(ns)  TNS Failing Endpoints  TNS Total Endpoints  
----------    ----------    --------          -------      -------  ---------------------  -------------------  


------------------------------------------------------------------------------------------------
| User Ignored Path Table
| -----------------------
------------------------------------------------------------------------------------------------

Path Group    From Clock    To Clock    
----------    ----------    --------    


------------------------------------------------------------------------------------------------
| Unconstrained Path Table
| ------------------------
------------------------------------------------------------------------------------------------

Path Group    From Clock    To Clock    
----------    ----------    --------    


------------------------------------------------------------------------------------------------
| Timing Details
| --------------
------------------------------------------------------------------------------------------------


---------------------------------------------------------------------------------------------------
From Clock:  vclk
  To Clock:  vclk

Setup :            0  Failing Endpoints,  Worst Slack       12.877ns,  Total Violation        0.000ns
Hold  :           NA  Failing Endpoints,  Worst Slack           NA  ,  Total Violation           NA
PW    :            0  Failing Endpoints,  Worst Slack       30.010ns,  Total Violation        0.000ns
---------------------------------------------------------------------------------------------------


Max Delay Paths
--------------------------------------------------------------------------------------
Slack (MET) :             12.877ns  (required time - arrival time)
  Source:                 d41_reg[2]/C
                            (rising edge-triggered cell FDRE clocked by vclk  {rise@0.000ns fall@30.510ns period=61.020ns})
  Destination:            y_reg[15]/D
                            (rising edge-triggered cell FDRE clocked by vclk  {rise@0.000ns fall@30.510ns period=61.020ns})
  Path Group:             vclk
  Path Type:              Setup (Max at Slow Process Corner)
  Requirement:            61.020ns  (vclk rise@61.020ns - vclk rise@0.000ns)
  Data Path Delay:        48.121ns  (logic 26.748ns (55.585%)  route 21.373ns (44.415%))
  Logic Levels:           83  (CARRY4=44 LUT2=39)
  Clock Path Skew:        -0.049ns (DCD - SCD + CPR)
    Destination Clock Delay (DCD):    0.924ns = ( 61.944 - 61.020 ) 
    Source Clock Delay      (SCD):    0.973ns
    Clock Pessimism Removal (CPR):    0.000ns
  Clock Uncertainty:      0.035ns  ((TSJ^2 + TIJ^2)^1/2 + DJ) / 2 + PE
    Total System Jitter     (TSJ):    0.071ns
    Total Input Jitter      (TIJ):    0.000ns
    Discrete Jitter          (DJ):    0.000ns
    Phase Error              (PE):    0.000ns

    Location             Delay type                Incr(ns)  Path(ns)    Netlist Resource(s)
  -------------------------------------------------------------------    -------------------
                         (clock vclk rise edge)       0.000     0.000 r  <hidden>
                                                      0.000     0.000 r  clk
                         net (fo=351, unset)          0.973     0.973    clk
    SLICE_X50Y69         FDRE                                         r  d41_reg[2]/C
  -------------------------------------------------------------------    -------------------
    SLICE_X50Y69         FDRE (Prop_fdre_C_Q)         0.518     1.491 r  d41_reg[2]/Q
                         net (fo=2, routed)           0.447     1.938    d41[2]
    SLICE_X51Y70         CARRY4 (Prop_carry4_S[0]_O[0])
                                                      0.371     2.309 r  y_reg[7]_i_771/O[0]
                         net (fo=2, routed)           0.466     2.776    acc0[2]
    SLICE_X50Y68         LUT2 (Prop_lut2_I0_O)        0.299     3.075 r  y[7]_i_775/O
                         net (fo=1, routed)           0.000     3.075    y[7]_i_775_n_0
    SLICE_X50Y68         CARRY4 (Prop_carry4_S[0]_O[0])
                                                      0.252     3.327 r  y_reg[7]_i_755/O[0]
                         net (fo=1, routed)           0.313     3.640    y_reg[7]_i_755_n_7
    SLICE_X52Y67         LUT2 (Prop_lut2_I1_O)        0.295     3.935 r  y[7]_i_739/O
                         net (fo=1, routed)           0.000     3.935    y[7]_i_739_n_0
    SLICE_X52Y67         CARRY4 (Prop_carry4_S[0]_O[0])
                                                      0.247     4.182 r  y_reg[7]_i_721/O[0]
                         net (fo=1, routed)           0.601     4.783    y_reg[7]_i_721_n_7
    SLICE_X51Y66         LUT2 (Prop_lut2_I1_O)        0.299     5.082 r  y[7]_i_698/O
                         net (fo=1, routed)           0.000     5.082    y[7]_i_698_n_0
    SLICE_X51Y66         CARRY4 (Prop_carry4_S[0]_O[0])
                                                      0.247     5.329 r  y_reg[7]_i_675/O[0]
                         net (fo=1, routed)           0.758     6.087    y_reg[7]_i_675_n_7
    SLICE_X46Y66         LUT2 (Prop_lut2_I1_O)        0.299     6.386 r  y[7]_i_639/O
                         net (fo=1, routed)           0.000     6.386    y[7]_i_639_n_0
    SLICE_X46Y66         CARRY4 (Prop_carry4_S[1]_O[1])
                                                      0.230     6.616 r  y_reg[7]_i_612/O[1]
                         net (fo=1, routed)           0.435     7.051    y_reg[7]_i_612_n_6
    SLICE_X43Y66         LUT2 (Prop_lut2_I1_O)        0.306     7.357 r  y[7]_i_571/O
                         net (fo=1, routed)           0.000     7.357    y[7]_i_571_n_0
    SLICE_X43Y66         CARRY4 (Prop_carry4_S[2]_O[2])
                                                      0.248     7.605 r  y_reg[7]_i_539/O[2]
                         net (fo=1, routed)           0.451     8.057    y_reg[7]_i_539_n_5
    SLICE_X44Y65         LUT2 (Prop_lut2_I1_O)        0.302     8.359 r  y[7]_i_486/O
                         net (fo=1, routed)           0.000     8.359    y[7]_i_486_n_0
    SLICE_X44Y65         CARRY4 (Prop_carry4_S[2]_O[3])
                                                      0.352     8.711 r  y_reg[7]_i_455/O[3]
                         net (fo=1, routed)           0.580     9.291    y_reg[7]_i_455_n_4
    SLICE_X45Y65         LUT2 (Prop_lut2_I1_O)        0.306     9.597 r  y[7]_i_564/O
                         net (fo=1, routed)           0.000     9.597    y[7]_i_564_n_0
    SLICE_X45Y65         CARRY4 (Prop_carry4_S[2]_O[2])
                                                      0.248     9.845 r  y_reg[7]_i_528/O[2]
                         net (fo=1, routed)           0.634    10.479    y_reg[7]_i_528_n_5
    SLICE_X45Y61         LUT2 (Prop_lut2_I1_O)        0.302    10.781 r  y[7]_i_480/O
                         net (fo=1, routed)           0.000    10.781    y[7]_i_480_n_0
    SLICE_X45Y61         CARRY4 (Prop_carry4_S[2]_O[2])
                                                      0.248    11.029 r  y_reg[7]_i_454/O[2]
                         net (fo=1, routed)           0.457    11.486    y_reg[7]_i_454_n_5
    SLICE_X43Y59         LUT2 (Prop_lut2_I1_O)        0.302    11.788 r  y[7]_i_425/O
                         net (fo=1, routed)           0.000    11.788    y[7]_i_425_n_0
    SLICE_X43Y59         CARRY4 (Prop_carry4_S[3]_CO[3])
                                                      0.401    12.189 r  y_reg[7]_i_402/CO[3]
                         net (fo=1, routed)           0.000    12.189    y_reg[7]_i_402_n_0
    SLICE_X43Y60         CARRY4 (Prop_carry4_CI_O[0])
                                                      0.222    12.411 r  y_reg[7]_i_450/O[0]
                         net (fo=1, routed)           0.440    12.851    y_reg[7]_i_450_n_7
    SLICE_X42Y59         LUT2 (Prop_lut2_I1_O)        0.299    13.150 r  y[7]_i_420/O
                         net (fo=1, routed)           0.000    13.150    y[7]_i_420_n_0
    SLICE_X42Y59         CARRY4 (Prop_carry4_S[3]_O[3])
                                                      0.255    13.405 r  y_reg[7]_i_401/O[3]
                         net (fo=1, routed)           0.552    13.958    y_reg[7]_i_401_n_4
    SLICE_X40Y60         LUT2 (Prop_lut2_I1_O)        0.307    14.265 r  y[7]_i_471/O
                         net (fo=1, routed)           0.000    14.265    y[7]_i_471_n_0
    SLICE_X40Y60         CARRY4 (Prop_carry4_S[0]_O[0])
                                                      0.247    14.512 r  y_reg[7]_i_446/O[0]
                         net (fo=1, routed)           0.571    15.082    y_reg[7]_i_446_n_7
    SLICE_X39Y62         LUT2 (Prop_lut2_I1_O)        0.299    15.381 r  y[7]_i_418/O
                         net (fo=1, routed)           0.000    15.381    y[7]_i_418_n_0
    SLICE_X39Y62         CARRY4 (Prop_carry4_S[0]_O[0])
                                                      0.247    15.628 r  y_reg[7]_i_393/O[0]
                         net (fo=1, routed)           0.581    16.209    y_reg[7]_i_393_n_7
    SLICE_X37Y61         LUT2 (Prop_lut2_I1_O)        0.299    16.508 r  y[7]_i_353/O
                         net (fo=1, routed)           0.000    16.508    y[7]_i_353_n_0
    SLICE_X37Y61         CARRY4 (Prop_carry4_S[2]_O[2])
                                                      0.248    16.756 r  y_reg[7]_i_325/O[2]
                         net (fo=1, routed)           0.327    17.083    y_reg[7]_i_325_n_5
    SLICE_X35Y61         LUT2 (Prop_lut2_I1_O)        0.302    17.385 r  y[7]_i_287/O
                         net (fo=1, routed)           0.000    17.385    y[7]_i_287_n_0
    SLICE_X35Y61         CARRY4 (Prop_carry4_S[3]_O[3])
                                                      0.248    17.633 r  y_reg[7]_i_265/O[3]
                         net (fo=1, routed)           0.687    18.320    y_reg[7]_i_265_n_4
    SLICE_X29Y62         LUT2 (Prop_lut2_I1_O)        0.306    18.626 r  y[7]_i_283/O
                         net (fo=1, routed)           0.000    18.626    y[7]_i_283_n_0
    SLICE_X29Y62         CARRY4 (Prop_carry4_S[1]_O[1])
                                                      0.227    18.853 r  y_reg[7]_i_264/O[1]
                         net (fo=1, routed)           0.291    19.144    y_reg[7]_i_264_n_6
    SLICE_X31Y62         LUT2 (Prop_lut2_I1_O)        0.303    19.447 r  y[7]_i_278/O
                         net (fo=1, routed)           0.000    19.447    y[7]_i_278_n_0
    SLICE_X31Y62         CARRY4 (Prop_carry4_S[0]_O[0])
                                                      0.247    19.694 r  y_reg[7]_i_253/O[0]
                         net (fo=1, routed)           0.602    20.296    y_reg[7]_i_253_n_7
    SLICE_X30Y63         LUT2 (Prop_lut2_I1_O)        0.299    20.595 r  y[7]_i_229/O
                         net (fo=1, routed)           0.000    20.595    y[7]_i_229_n_0
    SLICE_X30Y63         CARRY4 (Prop_carry4_S[2]_O[2])
                                                      0.250    20.845 r  y_reg[7]_i_211/O[2]
                         net (fo=1, routed)           0.627    21.472    y_reg[7]_i_211_n_5
    SLICE_X31Y66         LUT2 (Prop_lut2_I1_O)        0.301    21.773 r  y[7]_i_338/O
                         net (fo=1, routed)           0.000    21.773    y[7]_i_338_n_0
    SLICE_X31Y66         CARRY4 (Prop_carry4_S[0]_O[0])
                                                      0.247    22.020 r  y_reg[7]_i_297/O[0]
                         net (fo=1, routed)           0.505    22.525    y_reg[7]_i_297_n_7
    SLICE_X30Y67         LUT2 (Prop_lut2_I1_O)        0.299    22.824 r  y[7]_i_271/O
                         net (fo=1, routed)           0.000    22.824    y[7]_i_271_n_0
    SLICE_X30Y67         CARRY4 (Prop_carry4_S[3]_O[3])
                                                      0.255    23.079 r  y_reg[7]_i_249/O[3]
                         net (fo=1, routed)           0.547    23.626    y_reg[7]_i_249_n_4
    SLICE_X27Y67         LUT2 (Prop_lut2_I1_O)        0.307    23.933 r  y[7]_i_223/O
                         net (fo=1, routed)           0.000    23.933    y[7]_i_223_n_0
    SLICE_X27Y67         CARRY4 (Prop_carry4_S[3]_O[3])
                                                      0.248    24.181 r  y_reg[7]_i_200/O[3]
                         net (fo=1, routed)           0.317    24.498    y_reg[7]_i_200_n_4
    SLICE_X29Y68         LUT2 (Prop_lut2_I1_O)        0.306    24.804 r  y[7]_i_177/O
                         net (fo=1, routed)           0.000    24.804    y[7]_i_177_n_0
    SLICE_X29Y68         CARRY4 (Prop_carry4_S[3]_O[3])
                                                      0.248    25.052 r  y_reg[7]_i_166/O[3]
                         net (fo=1, routed)           0.423    25.475    y_reg[7]_i_166_n_4
    SLICE_X28Y69         LUT2 (Prop_lut2_I1_O)        0.306    25.781 r  y[7]_i_175/O
                         net (fo=1, routed)           0.000    25.781    y[7]_i_175_n_0
    SLICE_X28Y69         CARRY4 (Prop_carry4_S[1]_O[2])
                                                      0.580    26.361 r  y_reg[7]_i_165/O[2]
                         net (fo=1, routed)           0.440    26.801    y_reg[7]_i_165_n_5
    SLICE_X31Y70         LUT2 (Prop_lut2_I1_O)        0.302    27.103 r  y[7]_i_215/O
                         net (fo=1, routed)           0.000    27.103    y[7]_i_215_n_0
    SLICE_X31Y70         CARRY4 (Prop_carry4_S[1]_O[2])
                                                      0.580    27.683 r  y_reg[7]_i_195/O[2]
                         net (fo=1, routed)           0.693    28.375    y_reg[7]_i_195_n_5
    SLICE_X31Y74         LUT2 (Prop_lut2_I1_O)        0.302    28.677 r  y[7]_i_170/O
                         net (fo=1, routed)           0.000    28.677    y[7]_i_170_n_0
    SLICE_X31Y74         CARRY4 (Prop_carry4_S[2]_O[2])
                                                      0.248    28.925 r  y_reg[7]_i_153/O[2]
                         net (fo=1, routed)           0.713    29.638    y_reg[7]_i_153_n_5
    SLICE_X32Y76         LUT2 (Prop_lut2_I1_O)        0.302    29.940 r  y[7]_i_143/O
                         net (fo=1, routed)           0.000    29.940    y[7]_i_143_n_0
    SLICE_X32Y76         CARRY4 (Prop_carry4_S[2]_O[2])
                                                      0.250    30.190 r  y_reg[7]_i_129/O[2]
                         net (fo=1, routed)           0.445    30.635    y_reg[7]_i_129_n_5
    SLICE_X34Y76         LUT2 (Prop_lut2_I1_O)        0.301    30.936 r  y[7]_i_117/O
                         net (fo=1, routed)           0.000    30.936    y[7]_i_117_n_0
    SLICE_X34Y76         CARRY4 (Prop_carry4_S[2]_O[2])
                                                      0.250    31.186 r  y_reg[7]_i_106/O[2]
                         net (fo=1, routed)           0.574    31.760    y_reg[7]_i_106_n_5
    SLICE_X34Y80         LUT2 (Prop_lut2_I1_O)        0.301    32.061 r  y[15]_i_310/O
                         net (fo=1, routed)           0.000    32.061    y[15]_i_310_n_0
    SLICE_X34Y80         CARRY4 (Prop_carry4_S[1]_O[2])
                                                      0.578    32.639 r  y_reg[15]_i_294/O[2]
                         net (fo=1, routed)           0.407    33.046    y_reg[15]_i_294_n_5
    SLICE_X35Y80         LUT2 (Prop_lut2_I1_O)        0.301    33.347 r  y[15]_i_291/O
                         net (fo=1, routed)           0.000    33.347    y[15]_i_291_n_0
    SLICE_X35Y80         CARRY4 (Prop_carry4_S[3]_O[3])
                                                      0.248    33.595 r  y_reg[15]_i_282/O[3]
                         net (fo=1, routed)           0.589    34.183    y_reg[15]_i_282_n_4
    SLICE_X35Y77         LUT2 (Prop_lut2_I1_O)        0.306    34.489 r  y[7]_i_111/O
                         net (fo=1, routed)           0.000    34.489    y[7]_i_111_n_0
    SLICE_X35Y77         CARRY4 (Prop_carry4_S[3]_O[3])
                                                      0.248    34.737 r  y_reg[7]_i_94/O[3]
                         net (fo=1, routed)           0.618    35.355    y_reg[7]_i_94_n_4
    SLICE_X36Y77         LUT2 (Prop_lut2_I1_O)        0.306    35.661 r  y[15]_i_257/O
                         net (fo=1, routed)           0.000    35.661    y[15]_i_257_n_0
    SLICE_X36Y77         CARRY4 (Prop_carry4_S[1]_O[2])
                                                      0.578    36.239 r  y_reg[15]_i_235/O[2]
                         net (fo=1, routed)           0.399    36.638    y_reg[15]_i_235_n_5
    SLICE_X39Y76         LUT2 (Prop_lut2_I1_O)        0.301    36.939 r  y[15]_i_246/O
                         net (fo=1, routed)           0.000    36.939    y[15]_i_246_n_0
    SLICE_X39Y76         CARRY4 (Prop_carry4_S[3]_CO[3])
                                                      0.401    37.340 r  y_reg[15]_i_232/CO[3]
                         net (fo=1, routed)           0.000    37.340    y_reg[15]_i_232_n_0
    SLICE_X39Y77         CARRY4 (Prop_carry4_CI_O[0])
                                                      0.222    37.562 r  y_reg[15]_i_202/O[0]
                         net (fo=1, routed)           0.465    38.027    y_reg[15]_i_202_n_7
    SLICE_X40Y77         LUT2 (Prop_lut2_I1_O)        0.299    38.326 r  y[15]_i_197/O
                         net (fo=1, routed)           0.000    38.326    y[15]_i_197_n_0
    SLICE_X40Y77         CARRY4 (Prop_carry4_S[1]_O[2])
                                                      0.580    38.906 r  y_reg[15]_i_163/O[2]
                         net (fo=1, routed)           0.587    39.492    y_reg[15]_i_163_n_5
    SLICE_X42Y77         LUT2 (Prop_lut2_I1_O)        0.302    39.794 r  y[15]_i_158/O
                         net (fo=1, routed)           0.000    39.794    y[15]_i_158_n_0
    SLICE_X42Y77         CARRY4 (Prop_carry4_S[1]_O[1])
                                                      0.230    40.024 r  y_reg[15]_i_128/O[1]
                         net (fo=1, routed)           0.485    40.510    y_reg[15]_i_128_n_6
    SLICE_X43Y78         LUT2 (Prop_lut2_I1_O)        0.306    40.816 r  y[15]_i_122/O
                         net (fo=1, routed)           0.000    40.816    y[15]_i_122_n_0
    SLICE_X43Y78         CARRY4 (Prop_carry4_S[1]_O[2])
                                                      0.580    41.396 r  y_reg[15]_i_94/O[2]
                         net (fo=1, routed)           0.418    41.814    y_reg[15]_i_94_n_5
    SLICE_X47Y78         LUT2 (Prop_lut2_I1_O)        0.302    42.116 r  y[15]_i_92/O
                         net (fo=1, routed)           0.000    42.116    y[15]_i_92_n_0
    SLICE_X47Y78         CARRY4 (Prop_carry4_S[1]_O[2])
                                                      0.580    42.696 r  y_reg[15]_i_71/O[2]
                         net (fo=1, routed)           0.671    43.366    y_reg[15]_i_71_n_5
    SLICE_X46Y78         LUT2 (Prop_lut2_I1_O)        0.302    43.668 r  y[15]_i_65/O
                         net (fo=1, routed)           0.000    43.668    y[15]_i_65_n_0
    SLICE_X46Y78         CARRY4 (Prop_carry4_S[3]_O[3])
                                                      0.255    43.923 r  y_reg[15]_i_46/O[3]
                         net (fo=1, routed)           0.398    44.321    acc__0[12]
    SLICE_X45Y78         LUT2 (Prop_lut2_I1_O)        0.307    44.628 r  y[15]_i_24/O
                         net (fo=1, routed)           0.000    44.628    y[15]_i_24_n_0
    SLICE_X45Y78         CARRY4 (Prop_carry4_S[0]_O[0])
                                                      0.247    44.875 r  y_reg[15]_i_10/O[0]
                         net (fo=1, routed)           0.693    45.568    y_reg[15]_i_10_n_7
    SLICE_X46Y73         LUT2 (Prop_lut2_I1_O)        0.299    45.867 r  y[15]_i_13/O
                         net (fo=1, routed)           0.000    45.867    y[15]_i_13_n_0
    SLICE_X46Y73         CARRY4 (Prop_carry4_S[3]_CO[3])
                                                      0.376    46.243 r  y_reg[15]_i_8/CO[3]
                         net (fo=1, routed)           0.000    46.243    y_reg[15]_i_8_n_0
    SLICE_X46Y74         CARRY4 (Prop_carry4_CI_O[0])
                                                      0.219    46.462 r  y_reg[15]_i_5/O[0]
                         net (fo=1, routed)           0.599    47.061    y_reg[15]_i_5_n_7
    SLICE_X47Y72         LUT2 (Prop_lut2_I1_O)        0.295    47.356 r  y[15]_i_6/O
                         net (fo=1, routed)           0.000    47.356    y[15]_i_6_n_0
    SLICE_X47Y72         CARRY4 (Prop_carry4_S[1]_O[1])
                                                      0.227    47.583 r  y_reg[15]_i_3/O[1]
                         net (fo=1, routed)           0.568    48.151    p_0_in[13]
    SLICE_X44Y72         CARRY4 (Prop_carry4_S[1]_O[3])
                                                      0.943    49.094 r  y_reg[15]_i_2/O[3]
                         net (fo=1, routed)           0.000    49.094    acc[15]
    SLICE_X44Y72         FDRE                                         r  y_reg[15]/D
  -------------------------------------------------------------------    -------------------

                         (clock vclk rise edge)      61.020    61.020 r  <hidden>
                                                      0.000    61.020 r  clk
                         net (fo=351, unset)          0.924    61.944    clk
    SLICE_X44Y72         FDRE                                         r  y_reg[15]/C
                         clock pessimism              0.000    61.944    <hidden>
                         clock uncertainty           -0.035    61.909    <hidden>
    SLICE_X44Y72         FDRE (Setup_fdre_C_D)        0.062    61.971    y_reg[15]
  -------------------------------------------------------------------
                         required time                         61.971    <hidden>
                         arrival time                         -49.094    <hidden>
  -------------------------------------------------------------------
                         slack                                 12.877    <hidden>

Slack (MET) :             12.937ns  (required time - arrival time)
  Source:                 d41_reg[2]/C
                            (rising edge-triggered cell FDRE clocked by vclk  {rise@0.000ns fall@30.510ns period=61.020ns})
  Destination:            y_reg[14]/D
                            (rising edge-triggered cell FDRE clocked by vclk  {rise@0.000ns fall@30.510ns period=61.020ns})
  Path Group:             vclk
  Path Type:              Setup (Max at Slow Process Corner)
  Requirement:            61.020ns  (vclk rise@61.020ns - vclk rise@0.000ns)
  Data Path Delay:        48.061ns  (logic 26.688ns (55.530%)  route 21.373ns (44.470%))
  Logic Levels:           83  (CARRY4=44 LUT2=39)
  Clock Path Skew:        -0.049ns (DCD - SCD + CPR)
    Destination Clock Delay (DCD):    0.924ns = ( 61.944 - 61.020 ) 
    Source Clock Delay      (SCD):    0.973ns
    Clock Pessimism Removal (CPR):    0.000ns
  Clock Uncertainty:      0.035ns  ((TSJ^2 + TIJ^2)^1/2 + DJ) / 2 + PE
    Total System Jitter     (TSJ):    0.071ns
    Total Input Jitter      (TIJ):    0.000ns
    Discrete Jitter          (DJ):    0.000ns
    Phase Error              (PE):    0.000ns

    Location             Delay type                Incr(ns)  Path(ns)    Netlist Resource(s)
  -------------------------------------------------------------------    -------------------
                         (clock vclk rise edge)       0.000     0.000 r  <hidden>
                                                      0.000     0.000 r  clk
                         net (fo=351, unset)          0.973     0.973    clk
    SLICE_X50Y69         FDRE                                         r  d41_reg[2]/C
  -------------------------------------------------------------------    -------------------
    SLICE_X50Y69         FDRE (Prop_fdre_C_Q)         0.518     1.491 r  d41_reg[2]/Q
                         net (fo=2, routed)           0.447     1.938    d41[2]
    SLICE_X51Y70         CARRY4 (Prop_carry4_S[0]_O[0])
                                                      0.371     2.309 r  y_reg[7]_i_771/O[0]
                         net (fo=2, routed)           0.466     2.776    acc0[2]
    SLICE_X50Y68         LUT2 (Prop_lut2_I0_O)        0.299     3.075 r  y[7]_i_775/O
                         net (fo=1, routed)           0.000     3.075    y[7]_i_775_n_0
    SLICE_X50Y68         CARRY4 (Prop_carry4_S[0]_O[0])
                                                      0.252     3.327 r  y_reg[7]_i_755/O[0]
                         net (fo=1, routed)           0.313     3.640    y_reg[7]_i_755_n_7
    SLICE_X52Y67         LUT2 (Prop_lut2_I1_O)        0.295     3.935 r  y[7]_i_739/O
                         net (fo=1, routed)           0.000     3.935    y[7]_i_739_n_0
    SLICE_X52Y67         CARRY4 (Prop_carry4_S[0]_O[0])
                                                      0.247     4.182 r  y_reg[7]_i_721/O[0]
                         net (fo=1, routed)           0.601     4.783    y_reg[7]_i_721_n_7
    SLICE_X51Y66         LUT2 (Prop_lut2_I1_O)        0.299     5.082 r  y[7]_i_698/O
                         net (fo=1, routed)           0.000     5.082    y[7]_i_698_n_0
    SLICE_X51Y66         CARRY4 (Prop_carry4_S[0]_O[0])
                                                      0.247     5.329 r  y_reg[7]_i_675/O[0]
                         net (fo=1, routed)           0.758     6.087    y_reg[7]_i_675_n_7
    SLICE_X46Y66         LUT2 (Prop_lut2_I1_O)        0.299     6.386 r  y[7]_i_639/O
                         net (fo=1, routed)           0.000     6.386    y[7]_i_639_n_0
    SLICE_X46Y66         CARRY4 (Prop_carry4_S[1]_O[1])
                                                      0.230     6.616 r  y_reg[7]_i_612/O[1]
                         net (fo=1, routed)           0.435     7.051    y_reg[7]_i_612_n_6
    SLICE_X43Y66         LUT2 (Prop_lut2_I1_O)        0.306     7.357 r  y[7]_i_571/O
                         net (fo=1, routed)           0.000     7.357    y[7]_i_571_n_0
    SLICE_X43Y66         CARRY4 (Prop_carry4_S[2]_O[2])
                                                      0.248     7.605 r  y_reg[7]_i_539/O[2]
                         net (fo=1, routed)           0.451     8.057    y_reg[7]_i_539_n_5
    SLICE_X44Y65         LUT2 (Prop_lut2_I1_O)        0.302     8.359 r  y[7]_i_486/O
                         net (fo=1, routed)           0.000     8.359    y[7]_i_486_n_0
    SLICE_X44Y65         CARRY4 (Prop_carry4_S[2]_O[3])
                                                      0.352     8.711 r  y_reg[7]_i_455/O[3]
                         net (fo=1, routed)           0.580     9.291    y_reg[7]_i_455_n_4
    SLICE_X45Y65         LUT2 (Prop_lut2_I1_O)        0.306     9.597 r  y[7]_i_564/O
                         net (fo=1, routed)           0.000     9.597    y[7]_i_564_n_0
    SLICE_X45Y65         CARRY4 (Prop_carry4_S[2]_O[2])
                                                      0.248     9.845 r  y_reg[7]_i_528/O[2]
                         net (fo=1, routed)           0.634    10.479    y_reg[7]_i_528_n_5
    SLICE_X45Y61         LUT2 (Prop_lut2_I1_O)        0.302    10.781 r  y[7]_i_480/O
                         net (fo=1, routed)           0.000    10.781    y[7]_i_480_n_0
    SLICE_X45Y61         CARRY4 (Prop_carry4_S[2]_O[2])
                                                      0.248    11.029 r  y_reg[7]_i_454/O[2]
                         net (fo=1, routed)           0.457    11.486    y_reg[7]_i_454_n_5
    SLICE_X43Y59         LUT2 (Prop_lut2_I1_O)        0.302    11.788 r  y[7]_i_425/O
                         net (fo=1, routed)           0.000    11.788    y[7]_i_425_n_0
    SLICE_X43Y59         CARRY4 (Prop_carry4_S[3]_CO[3])
                                                      0.401    12.189 r  y_reg[7]_i_402/CO[3]
                         net (fo=1, routed)           0.000    12.189    y_reg[7]_i_402_n_0
    SLICE_X43Y60         CARRY4 (Prop_carry4_CI_O[0])
                                                      0.222    12.411 r  y_reg[7]_i_450/O[0]
                         net (fo=1, routed)           0.440    12.851    y_reg[7]_i_450_n_7
    SLICE_X42Y59         LUT2 (Prop_lut2_I1_O)        0.299    13.150 r  y[7]_i_420/O
                         net (fo=1, routed)           0.000    13.150    y[7]_i_420_n_0
    SLICE_X42Y59         CARRY4 (Prop_carry4_S[3]_O[3])
                                                      0.255    13.405 r  y_reg[7]_i_401/O[3]
                         net (fo=1, routed)           0.552    13.958    y_reg[7]_i_401_n_4
    SLICE_X40Y60         LUT2 (Prop_lut2_I1_O)        0.307    14.265 r  y[7]_i_471/O
                         net (fo=1, routed)           0.000    14.265    y[7]_i_471_n_0
    SLICE_X40Y60         CARRY4 (Prop_carry4_S[0]_O[0])
                                                      0.247    14.512 r  y_reg[7]_i_446/O[0]
                         net (fo=1, routed)           0.571    15.082    y_reg[7]_i_446_n_7
    SLICE_X39Y62         LUT2 (Prop_lut2_I1_O)        0.299    15.381 r  y[7]_i_418/O
                         net (fo=1, routed)           0.000    15.381    y[7]_i_418_n_0
    SLICE_X39Y62         CARRY4 (Prop_carry4_S[0]_O[0])
                                                      0.247    15.628 r  y_reg[7]_i_393/O[0]
                         net (fo=1, routed)           0.581    16.209    y_reg[7]_i_393_n_7
    SLICE_X37Y61         LUT2 (Prop_lut2_I1_O)        0.299    16.508 r  y[7]_i_353/O
                         net (fo=1, routed)           0.000    16.508    y[7]_i_353_n_0
    SLICE_X37Y61         CARRY4 (Prop_carry4_S[2]_O[2])
                                                      0.248    16.756 r  y_reg[7]_i_325/O[2]
                         net (fo=1, routed)           0.327    17.083    y_reg[7]_i_325_n_5
    SLICE_X35Y61         LUT2 (Prop_lut2_I1_O)        0.302    17.385 r  y[7]_i_287/O
                         net (fo=1, routed)           0.000    17.385    y[7]_i_287_n_0
    SLICE_X35Y61         CARRY4 (Prop_carry4_S[3]_O[3])
                                                      0.248    17.633 r  y_reg[7]_i_265/O[3]
                         net (fo=1, routed)           0.687    18.320    y_reg[7]_i_265_n_4
    SLICE_X29Y62         LUT2 (Prop_lut2_I1_O)        0.306    18.626 r  y[7]_i_283/O
                         net (fo=1, routed)           0.000    18.626    y[7]_i_283_n_0
    SLICE_X29Y62         CARRY4 (Prop_carry4_S[1]_O[1])
                                                      0.227    18.853 r  y_reg[7]_i_264/O[1]
                         net (fo=1, routed)           0.291    19.144    y_reg[7]_i_264_n_6
    SLICE_X31Y62         LUT2 (Prop_lut2_I1_O)        0.303    19.447 r  y[7]_i_278/O
                         net (fo=1, routed)           0.000    19.447    y[7]_i_278_n_0
    SLICE_X31Y62         CARRY4 (Prop_carry4_S[0]_O[0])
                                                      0.247    19.694 r  y_reg[7]_i_253/O[0]
                         net (fo=1, routed)           0.602    20.296    y_reg[7]_i_253_n_7
    SLICE_X30Y63         LUT2 (Prop_lut2_I1_O)        0.299    20.595 r  y[7]_i_229/O
                         net (fo=1, routed)           0.000    20.595    y[7]_i_229_n_0
    SLICE_X30Y63         CARRY4 (Prop_carry4_S[2]_O[2])
                                                      0.250    20.845 r  y_reg[7]_i_211/O[2]
                         net (fo=1, routed)           0.627    21.472    y_reg[7]_i_211_n_5
    SLICE_X31Y66         LUT2 (Prop_lut2_I1_O)        0.301    21.773 r  y[7]_i_338/O
                         net (fo=1, routed)           0.000    21.773    y[7]_i_338_n_0
    SLICE_X31Y66         CARRY4 (Prop_carry4_S[0]_O[0])
                                                      0.247    22.020 r  y_reg[7]_i_297/O[0]
                         net (fo=1, routed)           0.505    22.525    y_reg[7]_i_297_n_7
    SLICE_X30Y67         LUT2 (Prop_lut2_I1_O)        0.299    22.824 r  y[7]_i_271/O
                         net (fo=1, routed)           0.000    22.824    y[7]_i_271_n_0
    SLICE_X30Y67         CARRY4 (Prop_carry4_S[3]_O[3])
                                                      0.255    23.079 r  y_reg[7]_i_249/O[3]
                         net (fo=1, routed)           0.547    23.626    y_reg[7]_i_249_n_4
    SLICE_X27Y67         LUT2 (Prop_lut2_I1_O)        0.307    23.933 r  y[7]_i_223/O
                         net (fo=1, routed)           0.000    23.933    y[7]_i_223_n_0
    SLICE_X27Y67         CARRY4 (Prop_carry4_S[3]_O[3])
                                                      0.248    24.181 r  y_reg[7]_i_200/O[3]
                         net (fo=1, routed)           0.317    24.498    y_reg[7]_i_200_n_4
    SLICE_X29Y68         LUT2 (Prop_lut2_I1_O)        0.306    24.804 r  y[7]_i_177/O
                         net (fo=1, routed)           0.000    24.804    y[7]_i_177_n_0
    SLICE_X29Y68         CARRY4 (Prop_carry4_S[3]_O[3])
                                                      0.248    25.052 r  y_reg[7]_i_166/O[3]
                         net (fo=1, routed)           0.423    25.475    y_reg[7]_i_166_n_4
    SLICE_X28Y69         LUT2 (Prop_lut2_I1_O)        0.306    25.781 r  y[7]_i_175/O
                         net (fo=1, routed)           0.000    25.781    y[7]_i_175_n_0
    SLICE_X28Y69         CARRY4 (Prop_carry4_S[1]_O[2])
                                                      0.580    26.361 r  y_reg[7]_i_165/O[2]
                         net (fo=1, routed)           0.440    26.801    y_reg[7]_i_165_n_5
    SLICE_X31Y70         LUT2 (Prop_lut2_I1_O)        0.302    27.103 r  y[7]_i_215/O
                         net (fo=1, routed)           0.000    27.103    y[7]_i_215_n_0
    SLICE_X31Y70         CARRY4 (Prop_carry4_S[1]_O[2])
                                                      0.580    27.683 r  y_reg[7]_i_195/O[2]
                         net (fo=1, routed)           0.693    28.375    y_reg[7]_i_195_n_5
    SLICE_X31Y74         LUT2 (Prop_lut2_I1_O)        0.302    28.677 r  y[7]_i_170/O
                         net (fo=1, routed)           0.000    28.677    y[7]_i_170_n_0
    SLICE_X31Y74         CARRY4 (Prop_carry4_S[2]_O[2])
                                                      0.248    28.925 r  y_reg[7]_i_153/O[2]
                         net (fo=1, routed)           0.713    29.638    y_reg[7]_i_153_n_5
    SLICE_X32Y76         LUT2 (Prop_lut2_I1_O)        0.302    29.940 r  y[7]_i_143/O
                         net (fo=1, routed)           0.000    29.940    y[7]_i_143_n_0
    SLICE_X32Y76         CARRY4 (Prop_carry4_S[2]_O[2])
                                                      0.250    30.190 r  y_reg[7]_i_129/O[2]
                         net (fo=1, routed)           0.445    30.635    y_reg[7]_i_129_n_5
    SLICE_X34Y76         LUT2 (Prop_lut2_I1_O)        0.301    30.936 r  y[7]_i_117/O
                         net (fo=1, routed)           0.000    30.936    y[7]_i_117_n_0
    SLICE_X34Y76         CARRY4 (Prop_carry4_S[2]_O[2])
                                                      0.250    31.186 r  y_reg[7]_i_106/O[2]
                         net (fo=1, routed)           0.574    31.760    y_reg[7]_i_106_n_5
    SLICE_X34Y80         LUT2 (Prop_lut2_I1_O)        0.301    32.061 r  y[15]_i_310/O
                         net (fo=1, routed)           0.000    32.061    y[15]_i_310_n_0
    SLICE_X34Y80         CARRY4 (Prop_carry4_S[1]_O[2])
                                                      0.578    32.639 r  y_reg[15]_i_294/O[2]
                         net (fo=1, routed)           0.407    33.046    y_reg[15]_i_294_n_5
    SLICE_X35Y80         LUT2 (Prop_lut2_I1_O)        0.301    33.347 r  y[15]_i_291/O
                         net (fo=1, routed)           0.000    33.347    y[15]_i_291_n_0
    SLICE_X35Y80         CARRY4 (Prop_carry4_S[3]_O[3])
                                                      0.248    33.595 r  y_reg[15]_i_282/O[3]
                         net (fo=1, routed)           0.589    34.183    y_reg[15]_i_282_n_4
    SLICE_X35Y77         LUT2 (Prop_lut2_I1_O)        0.306    34.489 r  y[7]_i_111/O
                         net (fo=1, routed)           0.000    34.489    y[7]_i_111_n_0
    SLICE_X35Y77         CARRY4 (Prop_carry4_S[3]_O[3])
                                                      0.248    34.737 r  y_reg[7]_i_94/O[3]
                         net (fo=1, routed)           0.618    35.355    y_reg[7]_i_94_n_4
    SLICE_X36Y77         LUT2 (Prop_lut2_I1_O)        0.306    35.661 r  y[15]_i_257/O
                         net (fo=1, routed)           0.000    35.661    y[15]_i_257_n_0
    SLICE_X36Y77         CARRY4 (Prop_carry4_S[1]_O[2])
                                                      0.578    36.239 r  y_reg[15]_i_235/O[2]
                         net (fo=1, routed)           0.399    36.638    y_reg[15]_i_235_n_5
    SLICE_X39Y76         LUT2 (Prop_lut2_I1_O)        0.301    36.939 r  y[15]_i_246/O
                         net (fo=1, routed)           0.000    36.939    y[15]_i_246_n_0
    SLICE_X39Y76         CARRY4 (Prop_carry4_S[3]_CO[3])
                                                      0.401    37.340 r  y_reg[15]_i_232/CO[3]
                         net (fo=1, routed)           0.000    37.340    y_reg[15]_i_232_n_0
    SLICE_X39Y77         CARRY4 (Prop_carry4_CI_O[0])
                                                      0.222    37.562 r  y_reg[15]_i_202/O[0]
                         net (fo=1, routed)           0.465    38.027    y_reg[15]_i_202_n_7
    SLICE_X40Y77         LUT2 (Prop_lut2_I1_O)        0.299    38.326 r  y[15]_i_197/O
                         net (fo=1, routed)           0.000    38.326    y[15]_i_197_n_0
    SLICE_X40Y77         CARRY4 (Prop_carry4_S[1]_O[2])
                                                      0.580    38.906 r  y_reg[15]_i_163/O[2]
                         net (fo=1, routed)           0.587    39.492    y_reg[15]_i_163_n_5
    SLICE_X42Y77         LUT2 (Prop_lut2_I1_O)        0.302    39.794 r  y[15]_i_158/O
                         net (fo=1, routed)           0.000    39.794    y[15]_i_158_n_0
    SLICE_X42Y77         CARRY4 (Prop_carry4_S[1]_O[1])
                                                      0.230    40.024 r  y_reg[15]_i_128/O[1]
                         net (fo=1, routed)           0.485    40.510    y_reg[15]_i_128_n_6
    SLICE_X43Y78         LUT2 (Prop_lut2_I1_O)        0.306    40.816 r  y[15]_i_122/O
                         net (fo=1, routed)           0.000    40.816    y[15]_i_122_n_0
    SLICE_X43Y78         CARRY4 (Prop_carry4_S[1]_O[2])
                                                      0.580    41.396 r  y_reg[15]_i_94/O[2]
                         net (fo=1, routed)           0.418    41.814    y_reg[15]_i_94_n_5
    SLICE_X47Y78         LUT2 (Prop_lut2_I1_O)        0.302    42.116 r  y[15]_i_92/O
                         net (fo=1, routed)           0.000    42.116    y[15]_i_92_n_0
    SLICE_X47Y78         CARRY4 (Prop_carry4_S[1]_O[2])
                                                      0.580    42.696 r  y_reg[15]_i_71/O[2]
                         net (fo=1, routed)           0.671    43.366    y_reg[15]_i_71_n_5
    SLICE_X46Y78         LUT2 (Prop_lut2_I1_O)        0.302    43.668 r  y[15]_i_65/O
                         net (fo=1, routed)           0.000    43.668    y[15]_i_65_n_0
    SLICE_X46Y78         CARRY4 (Prop_carry4_S[3]_O[3])
                                                      0.255    43.923 r  y_reg[15]_i_46/O[3]
                         net (fo=1, routed)           0.398    44.321    acc__0[12]
    SLICE_X45Y78         LUT2 (Prop_lut2_I1_O)        0.307    44.628 r  y[15]_i_24/O
                         net (fo=1, routed)           0.000    44.628    y[15]_i_24_n_0
    SLICE_X45Y78         CARRY4 (Prop_carry4_S[0]_O[0])
                                                      0.247    44.875 r  y_reg[15]_i_10/O[0]
                         net (fo=1, routed)           0.693    45.568    y_reg[15]_i_10_n_7
    SLICE_X46Y73         LUT2 (Prop_lut2_I1_O)        0.299    45.867 r  y[15]_i_13/O
                         net (fo=1, routed)           0.000    45.867    y[15]_i_13_n_0
    SLICE_X46Y73         CARRY4 (Prop_carry4_S[3]_CO[3])
                                                      0.376    46.243 r  y_reg[15]_i_8/CO[3]
                         net (fo=1, routed)           0.000    46.243    y_reg[15]_i_8_n_0
    SLICE_X46Y74         CARRY4 (Prop_carry4_CI_O[0])
                                                      0.219    46.462 r  y_reg[15]_i_5/O[0]
                         net (fo=1, routed)           0.599    47.061    y_reg[15]_i_5_n_7
    SLICE_X47Y72         LUT2 (Prop_lut2_I1_O)        0.295    47.356 r  y[15]_i_6/O
                         net (fo=1, routed)           0.000    47.356    y[15]_i_6_n_0
    SLICE_X47Y72         CARRY4 (Prop_carry4_S[1]_O[1])
                                                      0.227    47.583 r  y_reg[15]_i_3/O[1]
                         net (fo=1, routed)           0.568    48.151    p_0_in[13]
    SLICE_X44Y72         CARRY4 (Prop_carry4_S[1]_O[2])
                                                      0.883    49.034 r  y_reg[15]_i_2/O[2]
                         net (fo=1, routed)           0.000    49.034    acc[14]
    SLICE_X44Y72         FDRE                                         r  y_reg[14]/D
  -------------------------------------------------------------------    -------------------

                         (clock vclk rise edge)      61.020    61.020 r  <hidden>
                                                      0.000    61.020 r  clk
                         net (fo=351, unset)          0.924    61.944    clk
    SLICE_X44Y72         FDRE                                         r  y_reg[14]/C
                         clock pessimism              0.000    61.944    <hidden>
                         clock uncertainty           -0.035    61.909    <hidden>
    SLICE_X44Y72         FDRE (Setup_fdre_C_D)        0.062    61.971    y_reg[14]
  -------------------------------------------------------------------
                         required time                         61.971    <hidden>
                         arrival time                         -49.034    <hidden>
  -------------------------------------------------------------------
                         slack                                 12.937    <hidden>

Slack (MET) :             13.290ns  (required time - arrival time)
  Source:                 d41_reg[2]/C
                            (rising edge-triggered cell FDRE clocked by vclk  {rise@0.000ns fall@30.510ns period=61.020ns})
  Destination:            y_reg[13]/D
                            (rising edge-triggered cell FDRE clocked by vclk  {rise@0.000ns fall@30.510ns period=61.020ns})
  Path Group:             vclk
  Path Type:              Setup (Max at Slow Process Corner)
  Requirement:            61.020ns  (vclk rise@61.020ns - vclk rise@0.000ns)
  Data Path Delay:        47.708ns  (logic 26.335ns (55.201%)  route 21.373ns (44.799%))
  Logic Levels:           83  (CARRY4=44 LUT2=39)
  Clock Path Skew:        -0.049ns (DCD - SCD + CPR)
    Destination Clock Delay (DCD):    0.924ns = ( 61.944 - 61.020 ) 
    Source Clock Delay      (SCD):    0.973ns
    Clock Pessimism Removal (CPR):    0.000ns
  Clock Uncertainty:      0.035ns  ((TSJ^2 + TIJ^2)^1/2 + DJ) / 2 + PE
    Total System Jitter     (TSJ):    0.071ns
    Total Input Jitter      (TIJ):    0.000ns
    Discrete Jitter          (DJ):    0.000ns
    Phase Error              (PE):    0.000ns

    Location             Delay type                Incr(ns)  Path(ns)    Netlist Resource(s)
  -------------------------------------------------------------------    -------------------
                         (clock vclk rise edge)       0.000     0.000 r  <hidden>
                                                      0.000     0.000 r  clk
                         net (fo=351, unset)          0.973     0.973    clk
    SLICE_X50Y69         FDRE                                         r  d41_reg[2]/C
  -------------------------------------------------------------------    -------------------
    SLICE_X50Y69         FDRE (Prop_fdre_C_Q)         0.518     1.491 r  d41_reg[2]/Q
                         net (fo=2, routed)           0.447     1.938    d41[2]
    SLICE_X51Y70         CARRY4 (Prop_carry4_S[0]_O[0])
                                                      0.371     2.309 r  y_reg[7]_i_771/O[0]
                         net (fo=2, routed)           0.466     2.776    acc0[2]
    SLICE_X50Y68         LUT2 (Prop_lut2_I0_O)        0.299     3.075 r  y[7]_i_775/O
                         net (fo=1, routed)           0.000     3.075    y[7]_i_775_n_0
    SLICE_X50Y68         CARRY4 (Prop_carry4_S[0]_O[0])
                                                      0.252     3.327 r  y_reg[7]_i_755/O[0]
                         net (fo=1, routed)           0.313     3.640    y_reg[7]_i_755_n_7
    SLICE_X52Y67         LUT2 (Prop_lut2_I1_O)        0.295     3.935 r  y[7]_i_739/O
                         net (fo=1, routed)           0.000     3.935    y[7]_i_739_n_0
    SLICE_X52Y67         CARRY4 (Prop_carry4_S[0]_O[0])
                                                      0.247     4.182 r  y_reg[7]_i_721/O[0]
                         net (fo=1, routed)           0.601     4.783    y_reg[7]_i_721_n_7
    SLICE_X51Y66         LUT2 (Prop_lut2_I1_O)        0.299     5.082 r  y[7]_i_698/O
                         net (fo=1, routed)           0.000     5.082    y[7]_i_698_n_0
    SLICE_X51Y66         CARRY4 (Prop_carry4_S[0]_O[0])
                                                      0.247     5.329 r  y_reg[7]_i_675/O[0]
                         net (fo=1, routed)           0.758     6.087    y_reg[7]_i_675_n_7
    SLICE_X46Y66         LUT2 (Prop_lut2_I1_O)        0.299     6.386 r  y[7]_i_639/O
                         net (fo=1, routed)           0.000     6.386    y[7]_i_639_n_0
    SLICE_X46Y66         CARRY4 (Prop_carry4_S[1]_O[1])
                                                      0.230     6.616 r  y_reg[7]_i_612/O[1]
                         net (fo=1, routed)           0.435     7.051    y_reg[7]_i_612_n_6
    SLICE_X43Y66         LUT2 (Prop_lut2_I1_O)        0.306     7.357 r  y[7]_i_571/O
                         net (fo=1, routed)           0.000     7.357    y[7]_i_571_n_0
    SLICE_X43Y66         CARRY4 (Prop_carry4_S[2]_O[2])
                                                      0.248     7.605 r  y_reg[7]_i_539/O[2]
                         net (fo=1, routed)           0.451     8.057    y_reg[7]_i_539_n_5
    SLICE_X44Y65         LUT2 (Prop_lut2_I1_O)        0.302     8.359 r  y[7]_i_486/O
                         net (fo=1, routed)           0.000     8.359    y[7]_i_486_n_0
    SLICE_X44Y65         CARRY4 (Prop_carry4_S[2]_O[3])
                                                      0.352     8.711 r  y_reg[7]_i_455/O[3]
                         net (fo=1, routed)           0.580     9.291    y_reg[7]_i_455_n_4
    SLICE_X45Y65         LUT2 (Prop_lut2_I1_O)        0.306     9.597 r  y[7]_i_564/O
                         net (fo=1, routed)           0.000     9.597    y[7]_i_564_n_0
    SLICE_X45Y65         CARRY4 (Prop_carry4_S[2]_O[2])
                                                      0.248     9.845 r  y_reg[7]_i_528/O[2]
                         net (fo=1, routed)           0.634    10.479    y_reg[7]_i_528_n_5
    SLICE_X45Y61         LUT2 (Prop_lut2_I1_O)        0.302    10.781 r  y[7]_i_480/O
                         net (fo=1, routed)           0.000    10.781    y[7]_i_480_n_0
    SLICE_X45Y61         CARRY4 (Prop_carry4_S[2]_O[2])
                                                      0.248    11.029 r  y_reg[7]_i_454/O[2]
                         net (fo=1, routed)           0.457    11.486    y_reg[7]_i_454_n_5
    SLICE_X43Y59         LUT2 (Prop_lut2_I1_O)        0.302    11.788 r  y[7]_i_425/O
                         net (fo=1, routed)           0.000    11.788    y[7]_i_425_n_0
    SLICE_X43Y59         CARRY4 (Prop_carry4_S[3]_CO[3])
                                                      0.401    12.189 r  y_reg[7]_i_402/CO[3]
                         net (fo=1, routed)           0.000    12.189    y_reg[7]_i_402_n_0
    SLICE_X43Y60         CARRY4 (Prop_carry4_CI_O[0])
                                                      0.222    12.411 r  y_reg[7]_i_450/O[0]
                         net (fo=1, routed)           0.440    12.851    y_reg[7]_i_450_n_7
    SLICE_X42Y59         LUT2 (Prop_lut2_I1_O)        0.299    13.150 r  y[7]_i_420/O
                         net (fo=1, routed)           0.000    13.150    y[7]_i_420_n_0
    SLICE_X42Y59         CARRY4 (Prop_carry4_S[3]_O[3])
                                                      0.255    13.405 r  y_reg[7]_i_401/O[3]
                         net (fo=1, routed)           0.552    13.958    y_reg[7]_i_401_n_4
    SLICE_X40Y60         LUT2 (Prop_lut2_I1_O)        0.307    14.265 r  y[7]_i_471/O
                         net (fo=1, routed)           0.000    14.265    y[7]_i_471_n_0
    SLICE_X40Y60         CARRY4 (Prop_carry4_S[0]_O[0])
                                                      0.247    14.512 r  y_reg[7]_i_446/O[0]
                         net (fo=1, routed)           0.571    15.082    y_reg[7]_i_446_n_7
    SLICE_X39Y62         LUT2 (Prop_lut2_I1_O)        0.299    15.381 r  y[7]_i_418/O
                         net (fo=1, routed)           0.000    15.381    y[7]_i_418_n_0
    SLICE_X39Y62         CARRY4 (Prop_carry4_S[0]_O[0])
                                                      0.247    15.628 r  y_reg[7]_i_393/O[0]
                         net (fo=1, routed)           0.581    16.209    y_reg[7]_i_393_n_7
    SLICE_X37Y61         LUT2 (Prop_lut2_I1_O)        0.299    16.508 r  y[7]_i_353/O
                         net (fo=1, routed)           0.000    16.508    y[7]_i_353_n_0
    SLICE_X37Y61         CARRY4 (Prop_carry4_S[2]_O[2])
                                                      0.248    16.756 r  y_reg[7]_i_325/O[2]
                         net (fo=1, routed)           0.327    17.083    y_reg[7]_i_325_n_5
    SLICE_X35Y61         LUT2 (Prop_lut2_I1_O)        0.302    17.385 r  y[7]_i_287/O
                         net (fo=1, routed)           0.000    17.385    y[7]_i_287_n_0
    SLICE_X35Y61         CARRY4 (Prop_carry4_S[3]_O[3])
                                                      0.248    17.633 r  y_reg[7]_i_265/O[3]
                         net (fo=1, routed)           0.687    18.320    y_reg[7]_i_265_n_4
    SLICE_X29Y62         LUT2 (Prop_lut2_I1_O)        0.306    18.626 r  y[7]_i_283/O
                         net (fo=1, routed)           0.000    18.626    y[7]_i_283_n_0
    SLICE_X29Y62         CARRY4 (Prop_carry4_S[1]_O[1])
                                                      0.227    18.853 r  y_reg[7]_i_264/O[1]
                         net (fo=1, routed)           0.291    19.144    y_reg[7]_i_264_n_6
    SLICE_X31Y62         LUT2 (Prop_lut2_I1_O)        0.303    19.447 r  y[7]_i_278/O
                         net (fo=1, routed)           0.000    19.447    y[7]_i_278_n_0
    SLICE_X31Y62         CARRY4 (Prop_carry4_S[0]_O[0])
                                                      0.247    19.694 r  y_reg[7]_i_253/O[0]
                         net (fo=1, routed)           0.602    20.296    y_reg[7]_i_253_n_7
    SLICE_X30Y63         LUT2 (Prop_lut2_I1_O)        0.299    20.595 r  y[7]_i_229/O
                         net (fo=1, routed)           0.000    20.595    y[7]_i_229_n_0
    SLICE_X30Y63         CARRY4 (Prop_carry4_S[2]_O[2])
                                                      0.250    20.845 r  y_reg[7]_i_211/O[2]
                         net (fo=1, routed)           0.627    21.472    y_reg[7]_i_211_n_5
    SLICE_X31Y66         LUT2 (Prop_lut2_I1_O)        0.301    21.773 r  y[7]_i_338/O
                         net (fo=1, routed)           0.000    21.773    y[7]_i_338_n_0
    SLICE_X31Y66         CARRY4 (Prop_carry4_S[0]_O[0])
                                                      0.247    22.020 r  y_reg[7]_i_297/O[0]
                         net (fo=1, routed)           0.505    22.525    y_reg[7]_i_297_n_7
    SLICE_X30Y67         LUT2 (Prop_lut2_I1_O)        0.299    22.824 r  y[7]_i_271/O
                         net (fo=1, routed)           0.000    22.824    y[7]_i_271_n_0
    SLICE_X30Y67         CARRY4 (Prop_carry4_S[3]_O[3])
                                                      0.255    23.079 r  y_reg[7]_i_249/O[3]
                         net (fo=1, routed)           0.547    23.626    y_reg[7]_i_249_n_4
    SLICE_X27Y67         LUT2 (Prop_lut2_I1_O)        0.307    23.933 r  y[7]_i_223/O
                         net (fo=1, routed)           0.000    23.933    y[7]_i_223_n_0
    SLICE_X27Y67         CARRY4 (Prop_carry4_S[3]_O[3])
                                                      0.248    24.181 r  y_reg[7]_i_200/O[3]
                         net (fo=1, routed)           0.317    24.498    y_reg[7]_i_200_n_4
    SLICE_X29Y68         LUT2 (Prop_lut2_I1_O)        0.306    24.804 r  y[7]_i_177/O
                         net (fo=1, routed)           0.000    24.804    y[7]_i_177_n_0
    SLICE_X29Y68         CARRY4 (Prop_carry4_S[3]_O[3])
                                                      0.248    25.052 r  y_reg[7]_i_166/O[3]
                         net (fo=1, routed)           0.423    25.475    y_reg[7]_i_166_n_4
    SLICE_X28Y69         LUT2 (Prop_lut2_I1_O)        0.306    25.781 r  y[7]_i_175/O
                         net (fo=1, routed)           0.000    25.781    y[7]_i_175_n_0
    SLICE_X28Y69         CARRY4 (Prop_carry4_S[1]_O[2])
                                                      0.580    26.361 r  y_reg[7]_i_165/O[2]
                         net (fo=1, routed)           0.440    26.801    y_reg[7]_i_165_n_5
    SLICE_X31Y70         LUT2 (Prop_lut2_I1_O)        0.302    27.103 r  y[7]_i_215/O
                         net (fo=1, routed)           0.000    27.103    y[7]_i_215_n_0
    SLICE_X31Y70         CARRY4 (Prop_carry4_S[1]_O[2])
                                                      0.580    27.683 r  y_reg[7]_i_195/O[2]
                         net (fo=1, routed)           0.693    28.375    y_reg[7]_i_195_n_5
    SLICE_X31Y74         LUT2 (Prop_lut2_I1_O)        0.302    28.677 r  y[7]_i_170/O
                         net (fo=1, routed)           0.000    28.677    y[7]_i_170_n_0
    SLICE_X31Y74         CARRY4 (Prop_carry4_S[2]_O[2])
                                                      0.248    28.925 r  y_reg[7]_i_153/O[2]
                         net (fo=1, routed)           0.713    29.638    y_reg[7]_i_153_n_5
    SLICE_X32Y76         LUT2 (Prop_lut2_I1_O)        0.302    29.940 r  y[7]_i_143/O
                         net (fo=1, routed)           0.000    29.940    y[7]_i_143_n_0
    SLICE_X32Y76         CARRY4 (Prop_carry4_S[2]_O[2])
                                                      0.250    30.190 r  y_reg[7]_i_129/O[2]
                         net (fo=1, routed)           0.445    30.635    y_reg[7]_i_129_n_5
    SLICE_X34Y76         LUT2 (Prop_lut2_I1_O)        0.301    30.936 r  y[7]_i_117/O
                         net (fo=1, routed)           0.000    30.936    y[7]_i_117_n_0
    SLICE_X34Y76         CARRY4 (Prop_carry4_S[2]_O[2])
                                                      0.250    31.186 r  y_reg[7]_i_106/O[2]
                         net (fo=1, routed)           0.574    31.760    y_reg[7]_i_106_n_5
    SLICE_X34Y80         LUT2 (Prop_lut2_I1_O)        0.301    32.061 r  y[15]_i_310/O
                         net (fo=1, routed)           0.000    32.061    y[15]_i_310_n_0
    SLICE_X34Y80         CARRY4 (Prop_carry4_S[1]_O[2])
                                                      0.578    32.639 r  y_reg[15]_i_294/O[2]
                         net (fo=1, routed)           0.407    33.046    y_reg[15]_i_294_n_5
    SLICE_X35Y80         LUT2 (Prop_lut2_I1_O)        0.301    33.347 r  y[15]_i_291/O
                         net (fo=1, routed)           0.000    33.347    y[15]_i_291_n_0
    SLICE_X35Y80         CARRY4 (Prop_carry4_S[3]_O[3])
                                                      0.248    33.595 r  y_reg[15]_i_282/O[3]
                         net (fo=1, routed)           0.589    34.183    y_reg[15]_i_282_n_4
    SLICE_X35Y77         LUT2 (Prop_lut2_I1_O)        0.306    34.489 r  y[7]_i_111/O
                         net (fo=1, routed)           0.000    34.489    y[7]_i_111_n_0
    SLICE_X35Y77         CARRY4 (Prop_carry4_S[3]_O[3])
                                                      0.248    34.737 r  y_reg[7]_i_94/O[3]
                         net (fo=1, routed)           0.618    35.355    y_reg[7]_i_94_n_4
    SLICE_X36Y77         LUT2 (Prop_lut2_I1_O)        0.306    35.661 r  y[15]_i_257/O
                         net (fo=1, routed)           0.000    35.661    y[15]_i_257_n_0
    SLICE_X36Y77         CARRY4 (Prop_carry4_S[1]_O[2])
                                                      0.578    36.239 r  y_reg[15]_i_235/O[2]
                         net (fo=1, routed)           0.399    36.638    y_reg[15]_i_235_n_5
    SLICE_X39Y76         LUT2 (Prop_lut2_I1_O)        0.301    36.939 r  y[15]_i_246/O
                         net (fo=1, routed)           0.000    36.939    y[15]_i_246_n_0
    SLICE_X39Y76         CARRY4 (Prop_carry4_S[3]_CO[3])
                                                      0.401    37.340 r  y_reg[15]_i_232/CO[3]
                         net (fo=1, routed)           0.000    37.340    y_reg[15]_i_232_n_0
    SLICE_X39Y77         CARRY4 (Prop_carry4_CI_O[0])
                                                      0.222    37.562 r  y_reg[15]_i_202/O[0]
                         net (fo=1, routed)           0.465    38.027    y_reg[15]_i_202_n_7
    SLICE_X40Y77         LUT2 (Prop_lut2_I1_O)        0.299    38.326 r  y[15]_i_197/O
                         net (fo=1, routed)           0.000    38.326    y[15]_i_197_n_0
    SLICE_X40Y77         CARRY4 (Prop_carry4_S[1]_O[2])
                                                      0.580    38.906 r  y_reg[15]_i_163/O[2]
                         net (fo=1, routed)           0.587    39.492    y_reg[15]_i_163_n_5
    SLICE_X42Y77         LUT2 (Prop_lut2_I1_O)        0.302    39.794 r  y[15]_i_158/O
                         net (fo=1, routed)           0.000    39.794    y[15]_i_158_n_0
    SLICE_X42Y77         CARRY4 (Prop_carry4_S[1]_O[1])
                                                      0.230    40.024 r  y_reg[15]_i_128/O[1]
                         net (fo=1, routed)           0.485    40.510    y_reg[15]_i_128_n_6
    SLICE_X43Y78         LUT2 (Prop_lut2_I1_O)        0.306    40.816 r  y[15]_i_122/O
                         net (fo=1, routed)           0.000    40.816    y[15]_i_122_n_0
    SLICE_X43Y78         CARRY4 (Prop_carry4_S[1]_O[2])
                                                      0.580    41.396 r  y_reg[15]_i_94/O[2]
                         net (fo=1, routed)           0.418    41.814    y_reg[15]_i_94_n_5
    SLICE_X47Y78         LUT2 (Prop_lut2_I1_O)        0.302    42.116 r  y[15]_i_92/O
                         net (fo=1, routed)           0.000    42.116    y[15]_i_92_n_0
    SLICE_X47Y78         CARRY4 (Prop_carry4_S[1]_O[2])
                                                      0.580    42.696 r  y_reg[15]_i_71/O[2]
                         net (fo=1, routed)           0.671    43.366    y_reg[15]_i_71_n_5
    SLICE_X46Y78         LUT2 (Prop_lut2_I1_O)        0.302    43.668 r  y[15]_i_65/O
                         net (fo=1, routed)           0.000    43.668    y[15]_i_65_n_0
    SLICE_X46Y78         CARRY4 (Prop_carry4_S[3]_O[3])
                                                      0.255    43.923 r  y_reg[15]_i_46/O[3]
                         net (fo=1, routed)           0.398    44.321    acc__0[12]
    SLICE_X45Y78         LUT2 (Prop_lut2_I1_O)        0.307    44.628 r  y[15]_i_24/O
                         net (fo=1, routed)           0.000    44.628    y[15]_i_24_n_0
    SLICE_X45Y78         CARRY4 (Prop_carry4_S[0]_O[0])
                                                      0.247    44.875 r  y_reg[15]_i_10/O[0]
                         net (fo=1, routed)           0.693    45.568    y_reg[15]_i_10_n_7
    SLICE_X46Y73         LUT2 (Prop_lut2_I1_O)        0.299    45.867 r  y[15]_i_13/O
                         net (fo=1, routed)           0.000    45.867    y[15]_i_13_n_0
    SLICE_X46Y73         CARRY4 (Prop_carry4_S[3]_CO[3])
                                                      0.376    46.243 r  y_reg[15]_i_8/CO[3]
                         net (fo=1, routed)           0.000    46.243    y_reg[15]_i_8_n_0
    SLICE_X46Y74         CARRY4 (Prop_carry4_CI_O[0])
                                                      0.219    46.462 r  y_reg[15]_i_5/O[0]
                         net (fo=1, routed)           0.599    47.061    y_reg[15]_i_5_n_7
    SLICE_X47Y72         LUT2 (Prop_lut2_I1_O)        0.295    47.356 r  y[15]_i_6/O
                         net (fo=1, routed)           0.000    47.356    y[15]_i_6_n_0
    SLICE_X47Y72         CARRY4 (Prop_carry4_S[1]_O[1])
                                                      0.227    47.583 r  y_reg[15]_i_3/O[1]
                         net (fo=1, routed)           0.568    48.151    p_0_in[13]
    SLICE_X44Y72         CARRY4 (Prop_carry4_S[1]_O[1])
                                                      0.530    48.681 r  y_reg[15]_i_2/O[1]
                         net (fo=1, routed)           0.000    48.681    acc[13]
    SLICE_X44Y72         FDRE                                         r  y_reg[13]/D
  -------------------------------------------------------------------    -------------------

                         (clock vclk rise edge)      61.020    61.020 r  <hidden>
                                                      0.000    61.020 r  clk
                         net (fo=351, unset)          0.924    61.944    clk
    SLICE_X44Y72         FDRE                                         r  y_reg[13]/C
                         clock pessimism              0.000    61.944    <hidden>
                         clock uncertainty           -0.035    61.909    <hidden>
    SLICE_X44Y72         FDRE (Setup_fdre_C_D)        0.062    61.971    y_reg[13]
  -------------------------------------------------------------------
                         required time                         61.971    <hidden>
                         arrival time                         -48.681    <hidden>
  -------------------------------------------------------------------
                         slack                                 13.290    <hidden>

Slack (MET) :             13.589ns  (required time - arrival time)
  Source:                 d41_reg[2]/C
                            (rising edge-triggered cell FDRE clocked by vclk  {rise@0.000ns fall@30.510ns period=61.020ns})
  Destination:            y_reg[12]/D
                            (rising edge-triggered cell FDRE clocked by vclk  {rise@0.000ns fall@30.510ns period=61.020ns})
  Path Group:             vclk
  Path Type:              Setup (Max at Slow Process Corner)
  Requirement:            61.020ns  (vclk rise@61.020ns - vclk rise@0.000ns)
  Data Path Delay:        47.409ns  (logic 26.043ns (54.932%)  route 21.366ns (45.068%))
  Logic Levels:           82  (CARRY4=43 LUT2=39)
  Clock Path Skew:        -0.049ns (DCD - SCD + CPR)
    Destination Clock Delay (DCD):    0.924ns = ( 61.944 - 61.020 ) 
    Source Clock Delay      (SCD):    0.973ns
    Clock Pessimism Removal (CPR):    0.000ns
  Clock Uncertainty:      0.035ns  ((TSJ^2 + TIJ^2)^1/2 + DJ) / 2 + PE
    Total System Jitter     (TSJ):    0.071ns
    Total Input Jitter      (TIJ):    0.000ns
    Discrete Jitter          (DJ):    0.000ns
    Phase Error              (PE):    0.000ns

    Location             Delay type                Incr(ns)  Path(ns)    Netlist Resource(s)
  -------------------------------------------------------------------    -------------------
                         (clock vclk rise edge)       0.000     0.000 r  <hidden>
                                                      0.000     0.000 r  clk
                         net (fo=351, unset)          0.973     0.973    clk
    SLICE_X50Y69         FDRE                                         r  d41_reg[2]/C
  -------------------------------------------------------------------    -------------------
    SLICE_X50Y69         FDRE (Prop_fdre_C_Q)         0.518     1.491 r  d41_reg[2]/Q
                         net (fo=2, routed)           0.447     1.938    d41[2]
    SLICE_X51Y70         CARRY4 (Prop_carry4_S[0]_O[0])
                                                      0.371     2.309 r  y_reg[7]_i_771/O[0]
                         net (fo=2, routed)           0.466     2.776    acc0[2]
    SLICE_X50Y68         LUT2 (Prop_lut2_I0_O)        0.299     3.075 r  y[7]_i_775/O
                         net (fo=1, routed)           0.000     3.075    y[7]_i_775_n_0
    SLICE_X50Y68         CARRY4 (Prop_carry4_S[0]_O[0])
                                                      0.252     3.327 r  y_reg[7]_i_755/O[0]
                         net (fo=1, routed)           0.313     3.640    y_reg[7]_i_755_n_7
    SLICE_X52Y67         LUT2 (Prop_lut2_I1_O)        0.295     3.935 r  y[7]_i_739/O
                         net (fo=1, routed)           0.000     3.935    y[7]_i_739_n_0
    SLICE_X52Y67         CARRY4 (Prop_carry4_S[0]_O[0])
                                                      0.247     4.182 r  y_reg[7]_i_721/O[0]
                         net (fo=1, routed)           0.601     4.783    y_reg[7]_i_721_n_7
    SLICE_X51Y66         LUT2 (Prop_lut2_I1_O)        0.299     5.082 r  y[7]_i_698/O
                         net (fo=1, routed)           0.000     5.082    y[7]_i_698_n_0
    SLICE_X51Y66         CARRY4 (Prop_carry4_S[0]_O[0])
                                                      0.247     5.329 r  y_reg[7]_i_675/O[0]
                         net (fo=1, routed)           0.758     6.087    y_reg[7]_i_675_n_7
    SLICE_X46Y66         LUT2 (Prop_lut2_I1_O)        0.299     6.386 r  y[7]_i_639/O
                         net (fo=1, routed)           0.000     6.386    y[7]_i_639_n_0
    SLICE_X46Y66         CARRY4 (Prop_carry4_S[1]_O[1])
                                                      0.230     6.616 r  y_reg[7]_i_612/O[1]
                         net (fo=1, routed)           0.435     7.051    y_reg[7]_i_612_n_6
    SLICE_X43Y66         LUT2 (Prop_lut2_I1_O)        0.306     7.357 r  y[7]_i_571/O
                         net (fo=1, routed)           0.000     7.357    y[7]_i_571_n_0
    SLICE_X43Y66         CARRY4 (Prop_carry4_S[2]_O[2])
                                                      0.248     7.605 r  y_reg[7]_i_539/O[2]
                         net (fo=1, routed)           0.451     8.057    y_reg[7]_i_539_n_5
    SLICE_X44Y65         LUT2 (Prop_lut2_I1_O)        0.302     8.359 r  y[7]_i_486/O
                         net (fo=1, routed)           0.000     8.359    y[7]_i_486_n_0
    SLICE_X44Y65         CARRY4 (Prop_carry4_S[2]_O[3])
                                                      0.352     8.711 r  y_reg[7]_i_455/O[3]
                         net (fo=1, routed)           0.580     9.291    y_reg[7]_i_455_n_4
    SLICE_X45Y65         LUT2 (Prop_lut2_I1_O)        0.306     9.597 r  y[7]_i_564/O
                         net (fo=1, routed)           0.000     9.597    y[7]_i_564_n_0
    SLICE_X45Y65         CARRY4 (Prop_carry4_S[2]_O[2])
                                                      0.248     9.845 r  y_reg[7]_i_528/O[2]
                         net (fo=1, routed)           0.634    10.479    y_reg[7]_i_528_n_5
    SLICE_X45Y61         LUT2 (Prop_lut2_I1_O)        0.302    10.781 r  y[7]_i_480/O
                         net (fo=1, routed)           0.000    10.781    y[7]_i_480_n_0
    SLICE_X45Y61         CARRY4 (Prop_carry4_S[2]_O[2])
                                                      0.248    11.029 r  y_reg[7]_i_454/O[2]
                         net (fo=1, routed)           0.457    11.486    y_reg[7]_i_454_n_5
    SLICE_X43Y59         LUT2 (Prop_lut2_I1_O)        0.302    11.788 r  y[7]_i_425/O
                         net (fo=1, routed)           0.000    11.788    y[7]_i_425_n_0
    SLICE_X43Y59         CARRY4 (Prop_carry4_S[3]_CO[3])
                                                      0.401    12.189 r  y_reg[7]_i_402/CO[3]
                         net (fo=1, routed)           0.000    12.189    y_reg[7]_i_402_n_0
    SLICE_X43Y60         CARRY4 (Prop_carry4_CI_O[0])
                                                      0.222    12.411 r  y_reg[7]_i_450/O[0]
                         net (fo=1, routed)           0.440    12.851    y_reg[7]_i_450_n_7
    SLICE_X42Y59         LUT2 (Prop_lut2_I1_O)        0.299    13.150 r  y[7]_i_420/O
                         net (fo=1, routed)           0.000    13.150    y[7]_i_420_n_0
    SLICE_X42Y59         CARRY4 (Prop_carry4_S[3]_O[3])
                                                      0.255    13.405 r  y_reg[7]_i_401/O[3]
                         net (fo=1, routed)           0.552    13.958    y_reg[7]_i_401_n_4
    SLICE_X40Y60         LUT2 (Prop_lut2_I1_O)        0.307    14.265 r  y[7]_i_471/O
                         net (fo=1, routed)           0.000    14.265    y[7]_i_471_n_0
    SLICE_X40Y60         CARRY4 (Prop_carry4_S[0]_O[0])
                                                      0.247    14.512 r  y_reg[7]_i_446/O[0]
                         net (fo=1, routed)           0.571    15.082    y_reg[7]_i_446_n_7
    SLICE_X39Y62         LUT2 (Prop_lut2_I1_O)        0.299    15.381 r  y[7]_i_418/O
                         net (fo=1, routed)           0.000    15.381    y[7]_i_418_n_0
    SLICE_X39Y62         CARRY4 (Prop_carry4_S[0]_O[0])
                                                      0.247    15.628 r  y_reg[7]_i_393/O[0]
                         net (fo=1, routed)           0.581    16.209    y_reg[7]_i_393_n_7
    SLICE_X37Y61         LUT2 (Prop_lut2_I1_O)        0.299    16.508 r  y[7]_i_353/O
                         net (fo=1, routed)           0.000    16.508    y[7]_i_353_n_0
    SLICE_X37Y61         CARRY4 (Prop_carry4_S[2]_O[2])
                                                      0.248    16.756 r  y_reg[7]_i_325/O[2]
                         net (fo=1, routed)           0.327    17.083    y_reg[7]_i_325_n_5
    SLICE_X35Y61         LUT2 (Prop_lut2_I1_O)        0.302    17.385 r  y[7]_i_287/O
                         net (fo=1, routed)           0.000    17.385    y[7]_i_287_n_0
    SLICE_X35Y61         CARRY4 (Prop_carry4_S[3]_O[3])
                                                      0.248    17.633 r  y_reg[7]_i_265/O[3]
                         net (fo=1, routed)           0.687    18.320    y_reg[7]_i_265_n_4
    SLICE_X29Y62         LUT2 (Prop_lut2_I1_O)        0.306    18.626 r  y[7]_i_283/O
                         net (fo=1, routed)           0.000    18.626    y[7]_i_283_n_0
    SLICE_X29Y62         CARRY4 (Prop_carry4_S[1]_O[1])
                                                      0.227    18.853 r  y_reg[7]_i_264/O[1]
                         net (fo=1, routed)           0.291    19.144    y_reg[7]_i_264_n_6
    SLICE_X31Y62         LUT2 (Prop_lut2_I1_O)        0.303    19.447 r  y[7]_i_278/O
                         net (fo=1, routed)           0.000    19.447    y[7]_i_278_n_0
    SLICE_X31Y62         CARRY4 (Prop_carry4_S[0]_O[0])
                                                      0.247    19.694 r  y_reg[7]_i_253/O[0]
                         net (fo=1, routed)           0.602    20.296    y_reg[7]_i_253_n_7
    SLICE_X30Y63         LUT2 (Prop_lut2_I1_O)        0.299    20.595 r  y[7]_i_229/O
                         net (fo=1, routed)           0.000    20.595    y[7]_i_229_n_0
    SLICE_X30Y63         CARRY4 (Prop_carry4_S[2]_O[2])
                                                      0.250    20.845 r  y_reg[7]_i_211/O[2]
                         net (fo=1, routed)           0.627    21.472    y_reg[7]_i_211_n_5
    SLICE_X31Y66         LUT2 (Prop_lut2_I1_O)        0.301    21.773 r  y[7]_i_338/O
                         net (fo=1, routed)           0.000    21.773    y[7]_i_338_n_0
    SLICE_X31Y66         CARRY4 (Prop_carry4_S[0]_O[0])
                                                      0.247    22.020 r  y_reg[7]_i_297/O[0]
                         net (fo=1, routed)           0.505    22.525    y_reg[7]_i_297_n_7
    SLICE_X30Y67         LUT2 (Prop_lut2_I1_O)        0.299    22.824 r  y[7]_i_271/O
                         net (fo=1, routed)           0.000    22.824    y[7]_i_271_n_0
    SLICE_X30Y67         CARRY4 (Prop_carry4_S[3]_O[3])
                                                      0.255    23.079 r  y_reg[7]_i_249/O[3]
                         net (fo=1, routed)           0.547    23.626    y_reg[7]_i_249_n_4
    SLICE_X27Y67         LUT2 (Prop_lut2_I1_O)        0.307    23.933 r  y[7]_i_223/O
                         net (fo=1, routed)           0.000    23.933    y[7]_i_223_n_0
    SLICE_X27Y67         CARRY4 (Prop_carry4_S[3]_O[3])
                                                      0.248    24.181 r  y_reg[7]_i_200/O[3]
                         net (fo=1, routed)           0.317    24.498    y_reg[7]_i_200_n_4
    SLICE_X29Y68         LUT2 (Prop_lut2_I1_O)        0.306    24.804 r  y[7]_i_177/O
                         net (fo=1, routed)           0.000    24.804    y[7]_i_177_n_0
    SLICE_X29Y68         CARRY4 (Prop_carry4_S[3]_O[3])
                                                      0.248    25.052 r  y_reg[7]_i_166/O[3]
                         net (fo=1, routed)           0.423    25.475    y_reg[7]_i_166_n_4
    SLICE_X28Y69         LUT2 (Prop_lut2_I1_O)        0.306    25.781 r  y[7]_i_175/O
                         net (fo=1, routed)           0.000    25.781    y[7]_i_175_n_0
    SLICE_X28Y69         CARRY4 (Prop_carry4_S[1]_O[2])
                                                      0.580    26.361 r  y_reg[7]_i_165/O[2]
                         net (fo=1, routed)           0.440    26.801    y_reg[7]_i_165_n_5
    SLICE_X31Y70         LUT2 (Prop_lut2_I1_O)        0.302    27.103 r  y[7]_i_215/O
                         net (fo=1, routed)           0.000    27.103    y[7]_i_215_n_0
    SLICE_X31Y70         CARRY4 (Prop_carry4_S[1]_O[2])
                                                      0.580    27.683 r  y_reg[7]_i_195/O[2]
                         net (fo=1, routed)           0.693    28.375    y_reg[7]_i_195_n_5
    SLICE_X31Y74         LUT2 (Prop_lut2_I1_O)        0.302    28.677 r  y[7]_i_170/O
                         net (fo=1, routed)           0.000    28.677    y[7]_i_170_n_0
    SLICE_X31Y74         CARRY4 (Prop_carry4_S[2]_O[2])
                                                      0.248    28.925 r  y_reg[7]_i_153/O[2]
                         net (fo=1, routed)           0.713    29.638    y_reg[7]_i_153_n_5
    SLICE_X32Y76         LUT2 (Prop_lut2_I1_O)        0.302    29.940 r  y[7]_i_143/O
                         net (fo=1, routed)           0.000    29.940    y[7]_i_143_n_0
    SLICE_X32Y76         CARRY4 (Prop_carry4_S[2]_O[2])
                                                      0.250    30.190 r  y_reg[7]_i_129/O[2]
                         net (fo=1, routed)           0.445    30.635    y_reg[7]_i_129_n_5
    SLICE_X34Y76         LUT2 (Prop_lut2_I1_O)        0.301    30.936 r  y[7]_i_117/O
                         net (fo=1, routed)           0.000    30.936    y[7]_i_117_n_0
    SLICE_X34Y76         CARRY4 (Prop_carry4_S[2]_O[2])
                                                      0.250    31.186 r  y_reg[7]_i_106/O[2]
                         net (fo=1, routed)           0.574    31.760    y_reg[7]_i_106_n_5
    SLICE_X34Y80         LUT2 (Prop_lut2_I1_O)        0.301    32.061 r  y[15]_i_310/O
                         net (fo=1, routed)           0.000    32.061    y[15]_i_310_n_0
    SLICE_X34Y80         CARRY4 (Prop_carry4_S[1]_O[2])
                                                      0.578    32.639 r  y_reg[15]_i_294/O[2]
                         net (fo=1, routed)           0.407    33.046    y_reg[15]_i_294_n_5
    SLICE_X35Y80         LUT2 (Prop_lut2_I1_O)        0.301    33.347 r  y[15]_i_291/O
                         net (fo=1, routed)           0.000    33.347    y[15]_i_291_n_0
    SLICE_X35Y80         CARRY4 (Prop_carry4_S[3]_O[3])
                                                      0.248    33.595 r  y_reg[15]_i_282/O[3]
                         net (fo=1, routed)           0.589    34.183    y_reg[15]_i_282_n_4
    SLICE_X35Y77         LUT2 (Prop_lut2_I1_O)        0.306    34.489 r  y[7]_i_111/O
                         net (fo=1, routed)           0.000    34.489    y[7]_i_111_n_0
    SLICE_X35Y77         CARRY4 (Prop_carry4_S[3]_O[3])
                                                      0.248    34.737 r  y_reg[7]_i_94/O[3]
                         net (fo=1, routed)           0.618    35.355    y_reg[7]_i_94_n_4
    SLICE_X36Y77         LUT2 (Prop_lut2_I1_O)        0.306    35.661 r  y[15]_i_257/O
                         net (fo=1, routed)           0.000    35.661    y[15]_i_257_n_0
    SLICE_X36Y77         CARRY4 (Prop_carry4_S[1]_O[2])
                                                      0.578    36.239 r  y_reg[15]_i_235/O[2]
                         net (fo=1, routed)           0.399    36.638    y_reg[15]_i_235_n_5
    SLICE_X39Y76         LUT2 (Prop_lut2_I1_O)        0.301    36.939 r  y[15]_i_246/O
                         net (fo=1, routed)           0.000    36.939    y[15]_i_246_n_0
    SLICE_X39Y76         CARRY4 (Prop_carry4_S[3]_CO[3])
                                                      0.401    37.340 r  y_reg[15]_i_232/CO[3]
                         net (fo=1, routed)           0.000    37.340    y_reg[15]_i_232_n_0
    SLICE_X39Y77         CARRY4 (Prop_carry4_CI_O[0])
                                                      0.222    37.562 r  y_reg[15]_i_202/O[0]
                         net (fo=1, routed)           0.465    38.027    y_reg[15]_i_202_n_7
    SLICE_X40Y77         LUT2 (Prop_lut2_I1_O)        0.299    38.326 r  y[15]_i_197/O
                         net (fo=1, routed)           0.000    38.326    y[15]_i_197_n_0
    SLICE_X40Y77         CARRY4 (Prop_carry4_S[1]_O[2])
                                                      0.580    38.906 r  y_reg[15]_i_163/O[2]
                         net (fo=1, routed)           0.587    39.492    y_reg[15]_i_163_n_5
    SLICE_X42Y77         LUT2 (Prop_lut2_I1_O)        0.302    39.794 r  y[15]_i_158/O
                         net (fo=1, routed)           0.000    39.794    y[15]_i_158_n_0
    SLICE_X42Y77         CARRY4 (Prop_carry4_S[1]_O[1])
                                                      0.230    40.024 r  y_reg[15]_i_128/O[1]
                         net (fo=1, routed)           0.485    40.510    y_reg[15]_i_128_n_6
    SLICE_X43Y78         LUT2 (Prop_lut2_I1_O)        0.306    40.816 r  y[15]_i_122/O
                         net (fo=1, routed)           0.000    40.816    y[15]_i_122_n_0
    SLICE_X43Y78         CARRY4 (Prop_carry4_S[1]_O[2])
                                                      0.580    41.396 r  y_reg[15]_i_94/O[2]
                         net (fo=1, routed)           0.418    41.814    y_reg[15]_i_94_n_5
    SLICE_X47Y78         LUT2 (Prop_lut2_I1_O)        0.302    42.116 r  y[15]_i_92/O
                         net (fo=1, routed)           0.000    42.116    y[15]_i_92_n_0
    SLICE_X47Y78         CARRY4 (Prop_carry4_S[1]_O[2])
                                                      0.580    42.696 r  y_reg[15]_i_71/O[2]
                         net (fo=1, routed)           0.671    43.366    y_reg[15]_i_71_n_5
    SLICE_X46Y78         LUT2 (Prop_lut2_I1_O)        0.302    43.668 r  y[15]_i_65/O
                         net (fo=1, routed)           0.000    43.668    y[15]_i_65_n_0
    SLICE_X46Y78         CARRY4 (Prop_carry4_S[3]_O[3])
                                                      0.255    43.923 r  y_reg[15]_i_46/O[3]
                         net (fo=1, routed)           0.398    44.321    acc__0[12]
    SLICE_X45Y78         LUT2 (Prop_lut2_I1_O)        0.307    44.628 r  y[15]_i_24/O
                         net (fo=1, routed)           0.000    44.628    y[15]_i_24_n_0
    SLICE_X45Y78         CARRY4 (Prop_carry4_S[0]_O[0])
                                                      0.247    44.875 r  y_reg[15]_i_10/O[0]
                         net (fo=1, routed)           0.693    45.568    y_reg[15]_i_10_n_7
    SLICE_X46Y73         LUT2 (Prop_lut2_I1_O)        0.299    45.867 r  y[15]_i_13/O
                         net (fo=1, routed)           0.000    45.867    y[15]_i_13_n_0
    SLICE_X46Y73         CARRY4 (Prop_carry4_S[3]_O[3])
                                                      0.255    46.122 r  y_reg[15]_i_8/O[3]
                         net (fo=1, routed)           0.580    46.702    y_reg[15]_i_8_n_4
    SLICE_X47Y72         LUT2 (Prop_lut2_I1_O)        0.307    47.009 r  y[15]_i_7/O
                         net (fo=1, routed)           0.000    47.009    y[15]_i_7_n_0
    SLICE_X47Y72         CARRY4 (Prop_carry4_S[0]_O[0])
                                                      0.247    47.256 r  y_reg[15]_i_3/O[0]
                         net (fo=1, routed)           0.581    47.836    p_0_in[12]
    SLICE_X44Y72         CARRY4 (Prop_carry4_S[0]_O[0])
                                                      0.546    48.382 r  y_reg[15]_i_2/O[0]
                         net (fo=1, routed)           0.000    48.382    acc[12]
    SLICE_X44Y72         FDRE                                         r  y_reg[12]/D
  -------------------------------------------------------------------    -------------------

                         (clock vclk rise edge)      61.020    61.020 r  <hidden>
                                                      0.000    61.020 r  clk
                         net (fo=351, unset)          0.924    61.944    clk
    SLICE_X44Y72         FDRE                                         r  y_reg[12]/C
                         clock pessimism              0.000    61.944    <hidden>
                         clock uncertainty           -0.035    61.909    <hidden>
    SLICE_X44Y72         FDRE (Setup_fdre_C_D)        0.062    61.971    y_reg[12]
  -------------------------------------------------------------------
                         required time                         61.971    <hidden>
                         arrival time                         -48.382    <hidden>
  -------------------------------------------------------------------
                         slack                                 13.589    <hidden>

Slack (MET) :             14.356ns  (required time - arrival time)
  Source:                 d41_reg[2]/C
                            (rising edge-triggered cell FDRE clocked by vclk  {rise@0.000ns fall@30.510ns period=61.020ns})
  Destination:            y_reg[11]/D
                            (rising edge-triggered cell FDRE clocked by vclk  {rise@0.000ns fall@30.510ns period=61.020ns})
  Path Group:             vclk
  Path Type:              Setup (Max at Slow Process Corner)
  Requirement:            61.020ns  (vclk rise@61.020ns - vclk rise@0.000ns)
  Data Path Delay:        46.642ns  (logic 25.059ns (53.726%)  route 21.583ns (46.274%))
  Logic Levels:           83  (CARRY4=44 LUT2=39)
  Clock Path Skew:        -0.049ns (DCD - SCD + CPR)
    Destination Clock Delay (DCD):    0.924ns = ( 61.944 - 61.020 ) 
    Source Clock Delay      (SCD):    0.973ns
    Clock Pessimism Removal (CPR):    0.000ns
  Clock Uncertainty:      0.035ns  ((TSJ^2 + TIJ^2)^1/2 + DJ) / 2 + PE
    Total System Jitter     (TSJ):    0.071ns
    Total Input Jitter      (TIJ):    0.000ns
    Discrete Jitter          (DJ):    0.000ns
    Phase Error              (PE):    0.000ns

    Location             Delay type                Incr(ns)  Path(ns)    Netlist Resource(s)
  -------------------------------------------------------------------    -------------------
                         (clock vclk rise edge)       0.000     0.000 r  <hidden>
                                                      0.000     0.000 r  clk
                         net (fo=351, unset)          0.973     0.973    clk
    SLICE_X50Y69         FDRE                                         r  d41_reg[2]/C
  -------------------------------------------------------------------    -------------------
    SLICE_X50Y69         FDRE (Prop_fdre_C_Q)         0.518     1.491 r  d41_reg[2]/Q
                         net (fo=2, routed)           0.447     1.938    d41[2]
    SLICE_X51Y70         CARRY4 (Prop_carry4_S[0]_O[0])
                                                      0.371     2.309 r  y_reg[7]_i_771/O[0]
                         net (fo=2, routed)           0.466     2.776    acc0[2]
    SLICE_X50Y68         LUT2 (Prop_lut2_I0_O)        0.299     3.075 r  y[7]_i_775/O
                         net (fo=1, routed)           0.000     3.075    y[7]_i_775_n_0
    SLICE_X50Y68         CARRY4 (Prop_carry4_S[0]_O[0])
                                                      0.252     3.327 r  y_reg[7]_i_755/O[0]
                         net (fo=1, routed)           0.313     3.640    y_reg[7]_i_755_n_7
    SLICE_X52Y67         LUT2 (Prop_lut2_I1_O)        0.295     3.935 r  y[7]_i_739/O
                         net (fo=1, routed)           0.000     3.935    y[7]_i_739_n_0
    SLICE_X52Y67         CARRY4 (Prop_carry4_S[0]_O[0])
                                                      0.247     4.182 r  y_reg[7]_i_721/O[0]
                         net (fo=1, routed)           0.601     4.783    y_reg[7]_i_721_n_7
    SLICE_X51Y66         LUT2 (Prop_lut2_I1_O)        0.299     5.082 r  y[7]_i_698/O
                         net (fo=1, routed)           0.000     5.082    y[7]_i_698_n_0
    SLICE_X51Y66         CARRY4 (Prop_carry4_S[0]_O[0])
                                                      0.247     5.329 r  y_reg[7]_i_675/O[0]
                         net (fo=1, routed)           0.758     6.087    y_reg[7]_i_675_n_7
    SLICE_X46Y66         LUT2 (Prop_lut2_I1_O)        0.299     6.386 r  y[7]_i_639/O
                         net (fo=1, routed)           0.000     6.386    y[7]_i_639_n_0
    SLICE_X46Y66         CARRY4 (Prop_carry4_S[1]_O[1])
                                                      0.230     6.616 r  y_reg[7]_i_612/O[1]
                         net (fo=1, routed)           0.435     7.051    y_reg[7]_i_612_n_6
    SLICE_X43Y66         LUT2 (Prop_lut2_I1_O)        0.306     7.357 r  y[7]_i_571/O
                         net (fo=1, routed)           0.000     7.357    y[7]_i_571_n_0
    SLICE_X43Y66         CARRY4 (Prop_carry4_S[2]_O[2])
                                                      0.248     7.605 r  y_reg[7]_i_539/O[2]
                         net (fo=1, routed)           0.451     8.057    y_reg[7]_i_539_n_5
    SLICE_X44Y65         LUT2 (Prop_lut2_I1_O)        0.302     8.359 r  y[7]_i_486/O
                         net (fo=1, routed)           0.000     8.359    y[7]_i_486_n_0
    SLICE_X44Y65         CARRY4 (Prop_carry4_S[2]_O[3])
                                                      0.352     8.711 r  y_reg[7]_i_455/O[3]
                         net (fo=1, routed)           0.580     9.291    y_reg[7]_i_455_n_4
    SLICE_X45Y65         LUT2 (Prop_lut2_I1_O)        0.306     9.597 r  y[7]_i_564/O
                         net (fo=1, routed)           0.000     9.597    y[7]_i_564_n_0
    SLICE_X45Y65         CARRY4 (Prop_carry4_S[2]_O[2])
                                                      0.248     9.845 r  y_reg[7]_i_528/O[2]
                         net (fo=1, routed)           0.634    10.479    y_reg[7]_i_528_n_5
    SLICE_X45Y61         LUT2 (Prop_lut2_I1_O)        0.302    10.781 r  y[7]_i_480/O
                         net (fo=1, routed)           0.000    10.781    y[7]_i_480_n_0
    SLICE_X45Y61         CARRY4 (Prop_carry4_S[2]_O[2])
                                                      0.248    11.029 r  y_reg[7]_i_454/O[2]
                         net (fo=1, routed)           0.457    11.486    y_reg[7]_i_454_n_5
    SLICE_X43Y59         LUT2 (Prop_lut2_I1_O)        0.302    11.788 r  y[7]_i_425/O
                         net (fo=1, routed)           0.000    11.788    y[7]_i_425_n_0
    SLICE_X43Y59         CARRY4 (Prop_carry4_S[3]_CO[3])
                                                      0.401    12.189 r  y_reg[7]_i_402/CO[3]
                         net (fo=1, routed)           0.000    12.189    y_reg[7]_i_402_n_0
    SLICE_X43Y60         CARRY4 (Prop_carry4_CI_O[0])
                                                      0.222    12.411 r  y_reg[7]_i_450/O[0]
                         net (fo=1, routed)           0.440    12.851    y_reg[7]_i_450_n_7
    SLICE_X42Y59         LUT2 (Prop_lut2_I1_O)        0.299    13.150 r  y[7]_i_420/O
                         net (fo=1, routed)           0.000    13.150    y[7]_i_420_n_0
    SLICE_X42Y59         CARRY4 (Prop_carry4_S[3]_O[3])
                                                      0.255    13.405 r  y_reg[7]_i_401/O[3]
                         net (fo=1, routed)           0.552    13.958    y_reg[7]_i_401_n_4
    SLICE_X40Y60         LUT2 (Prop_lut2_I1_O)        0.307    14.265 r  y[7]_i_471/O
                         net (fo=1, routed)           0.000    14.265    y[7]_i_471_n_0
    SLICE_X40Y60         CARRY4 (Prop_carry4_S[0]_O[0])
                                                      0.247    14.512 r  y_reg[7]_i_446/O[0]
                         net (fo=1, routed)           0.571    15.082    y_reg[7]_i_446_n_7
    SLICE_X39Y62         LUT2 (Prop_lut2_I1_O)        0.299    15.381 r  y[7]_i_418/O
                         net (fo=1, routed)           0.000    15.381    y[7]_i_418_n_0
    SLICE_X39Y62         CARRY4 (Prop_carry4_S[0]_O[0])
                                                      0.247    15.628 r  y_reg[7]_i_393/O[0]
                         net (fo=1, routed)           0.581    16.209    y_reg[7]_i_393_n_7
    SLICE_X37Y61         LUT2 (Prop_lut2_I1_O)        0.299    16.508 r  y[7]_i_353/O
                         net (fo=1, routed)           0.000    16.508    y[7]_i_353_n_0
    SLICE_X37Y61         CARRY4 (Prop_carry4_S[2]_O[2])
                                                      0.248    16.756 r  y_reg[7]_i_325/O[2]
                         net (fo=1, routed)           0.327    17.083    y_reg[7]_i_325_n_5
    SLICE_X35Y61         LUT2 (Prop_lut2_I1_O)        0.302    17.385 r  y[7]_i_287/O
                         net (fo=1, routed)           0.000    17.385    y[7]_i_287_n_0
    SLICE_X35Y61         CARRY4 (Prop_carry4_S[3]_O[3])
                                                      0.248    17.633 r  y_reg[7]_i_265/O[3]
                         net (fo=1, routed)           0.687    18.320    y_reg[7]_i_265_n_4
    SLICE_X29Y62         LUT2 (Prop_lut2_I1_O)        0.306    18.626 r  y[7]_i_283/O
                         net (fo=1, routed)           0.000    18.626    y[7]_i_283_n_0
    SLICE_X29Y62         CARRY4 (Prop_carry4_S[1]_O[1])
                                                      0.227    18.853 r  y_reg[7]_i_264/O[1]
                         net (fo=1, routed)           0.291    19.144    y_reg[7]_i_264_n_6
    SLICE_X31Y62         LUT2 (Prop_lut2_I1_O)        0.303    19.447 r  y[7]_i_278/O
                         net (fo=1, routed)           0.000    19.447    y[7]_i_278_n_0
    SLICE_X31Y62         CARRY4 (Prop_carry4_S[0]_O[0])
                                                      0.247    19.694 r  y_reg[7]_i_253/O[0]
                         net (fo=1, routed)           0.602    20.296    y_reg[7]_i_253_n_7
    SLICE_X30Y63         LUT2 (Prop_lut2_I1_O)        0.299    20.595 r  y[7]_i_229/O
                         net (fo=1, routed)           0.000    20.595    y[7]_i_229_n_0
    SLICE_X30Y63         CARRY4 (Prop_carry4_S[2]_O[2])
                                                      0.250    20.845 r  y_reg[7]_i_211/O[2]
                         net (fo=1, routed)           0.627    21.472    y_reg[7]_i_211_n_5
    SLICE_X31Y66         LUT2 (Prop_lut2_I1_O)        0.301    21.773 r  y[7]_i_338/O
                         net (fo=1, routed)           0.000    21.773    y[7]_i_338_n_0
    SLICE_X31Y66         CARRY4 (Prop_carry4_S[0]_O[0])
                                                      0.247    22.020 r  y_reg[7]_i_297/O[0]
                         net (fo=1, routed)           0.505    22.525    y_reg[7]_i_297_n_7
    SLICE_X30Y67         LUT2 (Prop_lut2_I1_O)        0.299    22.824 r  y[7]_i_271/O
                         net (fo=1, routed)           0.000    22.824    y[7]_i_271_n_0
    SLICE_X30Y67         CARRY4 (Prop_carry4_S[3]_O[3])
                                                      0.255    23.079 r  y_reg[7]_i_249/O[3]
                         net (fo=1, routed)           0.547    23.626    y_reg[7]_i_249_n_4
    SLICE_X27Y67         LUT2 (Prop_lut2_I1_O)        0.307    23.933 r  y[7]_i_223/O
                         net (fo=1, routed)           0.000    23.933    y[7]_i_223_n_0
    SLICE_X27Y67         CARRY4 (Prop_carry4_S[3]_O[3])
                                                      0.248    24.181 r  y_reg[7]_i_200/O[3]
                         net (fo=1, routed)           0.317    24.498    y_reg[7]_i_200_n_4
    SLICE_X29Y68         LUT2 (Prop_lut2_I1_O)        0.306    24.804 r  y[7]_i_177/O
                         net (fo=1, routed)           0.000    24.804    y[7]_i_177_n_0
    SLICE_X29Y68         CARRY4 (Prop_carry4_S[3]_O[3])
                                                      0.248    25.052 r  y_reg[7]_i_166/O[3]
                         net (fo=1, routed)           0.423    25.475    y_reg[7]_i_166_n_4
    SLICE_X28Y69         LUT2 (Prop_lut2_I1_O)        0.306    25.781 r  y[7]_i_175/O
                         net (fo=1, routed)           0.000    25.781    y[7]_i_175_n_0
    SLICE_X28Y69         CARRY4 (Prop_carry4_S[1]_O[2])
                                                      0.580    26.361 r  y_reg[7]_i_165/O[2]
                         net (fo=1, routed)           0.440    26.801    y_reg[7]_i_165_n_5
    SLICE_X31Y70         LUT2 (Prop_lut2_I1_O)        0.302    27.103 r  y[7]_i_215/O
                         net (fo=1, routed)           0.000    27.103    y[7]_i_215_n_0
    SLICE_X31Y70         CARRY4 (Prop_carry4_S[1]_O[1])
                                                      0.227    27.330 r  y_reg[7]_i_195/O[1]
                         net (fo=1, routed)           0.580    27.910    y_reg[7]_i_195_n_6
    SLICE_X31Y74         LUT2 (Prop_lut2_I1_O)        0.303    28.213 r  y[7]_i_171/O
                         net (fo=1, routed)           0.000    28.213    y[7]_i_171_n_0
    SLICE_X31Y74         CARRY4 (Prop_carry4_S[1]_O[1])
                                                      0.227    28.440 r  y_reg[7]_i_153/O[1]
                         net (fo=1, routed)           0.702    29.142    y_reg[7]_i_153_n_6
    SLICE_X32Y76         LUT2 (Prop_lut2_I1_O)        0.303    29.445 r  y[7]_i_144/O
                         net (fo=1, routed)           0.000    29.445    y[7]_i_144_n_0
    SLICE_X32Y76         CARRY4 (Prop_carry4_S[1]_O[1])
                                                      0.230    29.675 r  y_reg[7]_i_129/O[1]
                         net (fo=1, routed)           0.598    30.273    y_reg[7]_i_129_n_6
    SLICE_X34Y76         LUT2 (Prop_lut2_I1_O)        0.306    30.579 r  y[7]_i_118/O
                         net (fo=1, routed)           0.000    30.579    y[7]_i_118_n_0
    SLICE_X34Y76         CARRY4 (Prop_carry4_S[1]_O[1])
                                                      0.230    30.809 r  y_reg[7]_i_106/O[1]
                         net (fo=1, routed)           0.594    31.403    y_reg[7]_i_106_n_6
    SLICE_X34Y80         LUT2 (Prop_lut2_I1_O)        0.306    31.709 r  y[15]_i_311/O
                         net (fo=1, routed)           0.000    31.709    y[15]_i_311_n_0
    SLICE_X34Y80         CARRY4 (Prop_carry4_S[0]_O[0])
                                                      0.252    31.961 r  y_reg[15]_i_294/O[0]
                         net (fo=1, routed)           0.584    32.545    y_reg[15]_i_294_n_7
    SLICE_X35Y80         LUT2 (Prop_lut2_I1_O)        0.295    32.840 r  y[15]_i_293/O
                         net (fo=1, routed)           0.000    32.840    y[15]_i_293_n_0
    SLICE_X35Y80         CARRY4 (Prop_carry4_S[1]_O[1])
                                                      0.227    33.067 r  y_reg[15]_i_282/O[1]
                         net (fo=1, routed)           0.576    33.643    y_reg[15]_i_282_n_6
    SLICE_X35Y77         LUT2 (Prop_lut2_I1_O)        0.303    33.946 r  y[7]_i_113/O
                         net (fo=1, routed)           0.000    33.946    y[7]_i_113_n_0
    SLICE_X35Y77         CARRY4 (Prop_carry4_S[1]_O[1])
                                                      0.227    34.173 r  y_reg[7]_i_94/O[1]
                         net (fo=1, routed)           0.591    34.764    y_reg[7]_i_94_n_6
    SLICE_X36Y76         LUT2 (Prop_lut2_I1_O)        0.303    35.067 r  y[7]_i_76/O
                         net (fo=1, routed)           0.000    35.067    y[7]_i_76_n_0
    SLICE_X36Y76         CARRY4 (Prop_carry4_S[3]_CO[3])
                                                      0.376    35.443 r  y_reg[7]_i_66/CO[3]
                         net (fo=1, routed)           0.000    35.443    y_reg[7]_i_66_n_0
    SLICE_X36Y77         CARRY4 (Prop_carry4_CI_O[0])
                                                      0.219    35.662 r  y_reg[15]_i_235/O[0]
                         net (fo=1, routed)           0.606    36.268    y_reg[15]_i_235_n_7
    SLICE_X39Y76         LUT2 (Prop_lut2_I1_O)        0.295    36.563 r  y[15]_i_248/O
                         net (fo=1, routed)           0.000    36.563    y[15]_i_248_n_0
    SLICE_X39Y76         CARRY4 (Prop_carry4_S[1]_O[1])
                                                      0.227    36.790 r  y_reg[15]_i_232/O[1]
                         net (fo=1, routed)           0.307    37.097    y_reg[15]_i_232_n_6
    SLICE_X40Y76         LUT2 (Prop_lut2_I1_O)        0.303    37.400 r  y[15]_i_221/O
                         net (fo=1, routed)           0.000    37.400    y[15]_i_221_n_0
    SLICE_X40Y76         CARRY4 (Prop_carry4_S[2]_O[2])
                                                      0.248    37.648 r  y_reg[15]_i_193/O[2]
                         net (fo=1, routed)           0.587    38.235    y_reg[15]_i_193_n_5
    SLICE_X42Y76         LUT2 (Prop_lut2_I1_O)        0.302    38.537 r  y[15]_i_182/O
                         net (fo=1, routed)           0.000    38.537    y[15]_i_182_n_0
    SLICE_X42Y76         CARRY4 (Prop_carry4_S[1]_O[1])
                                                      0.230    38.767 r  y_reg[15]_i_154/O[1]
                         net (fo=1, routed)           0.438    39.205    y_reg[15]_i_154_n_6
    SLICE_X43Y77         LUT2 (Prop_lut2_I1_O)        0.306    39.511 r  y[15]_i_144/O
                         net (fo=1, routed)           0.000    39.511    y[15]_i_144_n_0
    SLICE_X43Y77         CARRY4 (Prop_carry4_S[1]_O[1])
                                                      0.227    39.738 r  y_reg[15]_i_118/O[1]
                         net (fo=1, routed)           0.562    40.300    y_reg[15]_i_118_n_6
    SLICE_X47Y77         LUT2 (Prop_lut2_I1_O)        0.303    40.603 r  y[15]_i_110/O
                         net (fo=1, routed)           0.000    40.603    y[15]_i_110_n_0
    SLICE_X47Y77         CARRY4 (Prop_carry4_S[0]_O[0])
                                                      0.247    40.850 r  y_reg[15]_i_86/O[0]
                         net (fo=1, routed)           0.440    41.290    y_reg[15]_i_86_n_7
    SLICE_X46Y77         LUT2 (Prop_lut2_I1_O)        0.299    41.589 r  y[15]_i_77/O
                         net (fo=1, routed)           0.000    41.589    y[15]_i_77_n_0
    SLICE_X46Y77         CARRY4 (Prop_carry4_S[1]_O[2])
                                                      0.578    42.167 r  y_reg[15]_i_62/O[2]
                         net (fo=1, routed)           0.400    42.566    acc__0[7]
    SLICE_X45Y76         LUT2 (Prop_lut2_I1_O)        0.301    42.867 r  y[15]_i_50/O
                         net (fo=1, routed)           0.000    42.867    y[15]_i_50_n_0
    SLICE_X45Y76         CARRY4 (Prop_carry4_S[3]_O[3])
                                                      0.248    43.115 r  y_reg[15]_i_33/O[3]
                         net (fo=1, routed)           0.922    44.037    y_reg[15]_i_33_n_4
    SLICE_X46Y72         LUT2 (Prop_lut2_I1_O)        0.306    44.343 r  y[11]_i_27/O
                         net (fo=1, routed)           0.000    44.343    y[11]_i_27_n_0
    SLICE_X46Y72         CARRY4 (Prop_carry4_S[2]_O[2])
                                                      0.250    44.593 r  y_reg[11]_i_18/O[2]
                         net (fo=1, routed)           0.557    45.150    y_reg[11]_i_18_n_5
    SLICE_X47Y70         LUT2 (Prop_lut2_I1_O)        0.301    45.451 r  y[11]_i_11/O
                         net (fo=1, routed)           0.000    45.451    y[11]_i_11_n_0
    SLICE_X47Y70         CARRY4 (Prop_carry4_S[3]_CO[3])
                                                      0.401    45.852 r  y_reg[11]_i_4/CO[3]
                         net (fo=1, routed)           0.000    45.852    y_reg[11]_i_4_n_0
    SLICE_X47Y71         CARRY4 (Prop_carry4_CI_O[1])
                                                      0.334    46.186 r  y_reg[11]_i_2/O[1]
                         net (fo=1, routed)           0.486    46.672    p_0_in[9]
    SLICE_X44Y71         CARRY4 (Prop_carry4_S[1]_O[3])
                                                      0.943    47.615 r  y_reg[11]_i_1/O[3]
                         net (fo=1, routed)           0.000    47.615    acc[11]
    SLICE_X44Y71         FDRE                                         r  y_reg[11]/D
  -------------------------------------------------------------------    -------------------

                         (clock vclk rise edge)      61.020    61.020 r  <hidden>
                                                      0.000    61.020 r  clk
                         net (fo=351, unset)          0.924    61.944    clk
    SLICE_X44Y71         FDRE                                         r  y_reg[11]/C
                         clock pessimism              0.000    61.944    <hidden>
                         clock uncertainty           -0.035    61.909    <hidden>
    SLICE_X44Y71         FDRE (Setup_fdre_C_D)        0.062    61.971    y_reg[11]
  -------------------------------------------------------------------
                         required time                         61.971    <hidden>
                         arrival time                         -47.615    <hidden>
  -------------------------------------------------------------------
                         slack                                 14.356    <hidden>

Slack (MET) :             14.416ns  (required time - arrival time)
  Source:                 d41_reg[2]/C
                            (rising edge-triggered cell FDRE clocked by vclk  {rise@0.000ns fall@30.510ns period=61.020ns})
  Destination:            y_reg[10]/D
                            (rising edge-triggered cell FDRE clocked by vclk  {rise@0.000ns fall@30.510ns period=61.020ns})
  Path Group:             vclk
  Path Type:              Setup (Max at Slow Process Corner)
  Requirement:            61.020ns  (vclk rise@61.020ns - vclk rise@0.000ns)
  Data Path Delay:        46.582ns  (logic 24.999ns (53.667%)  route 21.583ns (46.333%))
  Logic Levels:           83  (CARRY4=44 LUT2=39)
  Clock Path Skew:        -0.049ns (DCD - SCD + CPR)
    Destination Clock Delay (DCD):    0.924ns = ( 61.944 - 61.020 ) 
    Source Clock Delay      (SCD):    0.973ns
    Clock Pessimism Removal (CPR):    0.000ns
  Clock Uncertainty:      0.035ns  ((TSJ^2 + TIJ^2)^1/2 + DJ) / 2 + PE
    Total System Jitter     (TSJ):    0.071ns
    Total Input Jitter      (TIJ):    0.000ns
    Discrete Jitter          (DJ):    0.000ns
    Phase Error              (PE):    0.000ns

    Location             Delay type                Incr(ns)  Path(ns)    Netlist Resource(s)
  -------------------------------------------------------------------    -------------------
                         (clock vclk rise edge)       0.000     0.000 r  <hidden>
                                                      0.000     0.000 r  clk
                         net (fo=351, unset)          0.973     0.973    clk
    SLICE_X50Y69         FDRE                                         r  d41_reg[2]/C
  -------------------------------------------------------------------    -------------------
    SLICE_X50Y69         FDRE (Prop_fdre_C_Q)         0.518     1.491 r  d41_reg[2]/Q
                         net (fo=2, routed)           0.447     1.938    d41[2]
    SLICE_X51Y70         CARRY4 (Prop_carry4_S[0]_O[0])
                                                      0.371     2.309 r  y_reg[7]_i_771/O[0]
                         net (fo=2, routed)           0.466     2.776    acc0[2]
    SLICE_X50Y68         LUT2 (Prop_lut2_I0_O)        0.299     3.075 r  y[7]_i_775/O
                         net (fo=1, routed)           0.000     3.075    y[7]_i_775_n_0
    SLICE_X50Y68         CARRY4 (Prop_carry4_S[0]_O[0])
                                                      0.252     3.327 r  y_reg[7]_i_755/O[0]
                         net (fo=1, routed)           0.313     3.640    y_reg[7]_i_755_n_7
    SLICE_X52Y67         LUT2 (Prop_lut2_I1_O)        0.295     3.935 r  y[7]_i_739/O
                         net (fo=1, routed)           0.000     3.935    y[7]_i_739_n_0
    SLICE_X52Y67         CARRY4 (Prop_carry4_S[0]_O[0])
                                                      0.247     4.182 r  y_reg[7]_i_721/O[0]
                         net (fo=1, routed)           0.601     4.783    y_reg[7]_i_721_n_7
    SLICE_X51Y66         LUT2 (Prop_lut2_I1_O)        0.299     5.082 r  y[7]_i_698/O
                         net (fo=1, routed)           0.000     5.082    y[7]_i_698_n_0
    SLICE_X51Y66         CARRY4 (Prop_carry4_S[0]_O[0])
                                                      0.247     5.329 r  y_reg[7]_i_675/O[0]
                         net (fo=1, routed)           0.758     6.087    y_reg[7]_i_675_n_7
    SLICE_X46Y66         LUT2 (Prop_lut2_I1_O)        0.299     6.386 r  y[7]_i_639/O
                         net (fo=1, routed)           0.000     6.386    y[7]_i_639_n_0
    SLICE_X46Y66         CARRY4 (Prop_carry4_S[1]_O[1])
                                                      0.230     6.616 r  y_reg[7]_i_612/O[1]
                         net (fo=1, routed)           0.435     7.051    y_reg[7]_i_612_n_6
    SLICE_X43Y66         LUT2 (Prop_lut2_I1_O)        0.306     7.357 r  y[7]_i_571/O
                         net (fo=1, routed)           0.000     7.357    y[7]_i_571_n_0
    SLICE_X43Y66         CARRY4 (Prop_carry4_S[2]_O[2])
                                                      0.248     7.605 r  y_reg[7]_i_539/O[2]
                         net (fo=1, routed)           0.451     8.057    y_reg[7]_i_539_n_5
    SLICE_X44Y65         LUT2 (Prop_lut2_I1_O)        0.302     8.359 r  y[7]_i_486/O
                         net (fo=1, routed)           0.000     8.359    y[7]_i_486_n_0
    SLICE_X44Y65         CARRY4 (Prop_carry4_S[2]_O[3])
                                                      0.352     8.711 r  y_reg[7]_i_455/O[3]
                         net (fo=1, routed)           0.580     9.291    y_reg[7]_i_455_n_4
    SLICE_X45Y65         LUT2 (Prop_lut2_I1_O)        0.306     9.597 r  y[7]_i_564/O
                         net (fo=1, routed)           0.000     9.597    y[7]_i_564_n_0
    SLICE_X45Y65         CARRY4 (Prop_carry4_S[2]_O[2])
                                                      0.248     9.845 r  y_reg[7]_i_528/O[2]
                         net (fo=1, routed)           0.634    10.479    y_reg[7]_i_528_n_5
    SLICE_X45Y61         LUT2 (Prop_lut2_I1_O)        0.302    10.781 r  y[7]_i_480/O
                         net (fo=1, routed)           0.000    10.781    y[7]_i_480_n_0
    SLICE_X45Y61         CARRY4 (Prop_carry4_S[2]_O[2])
                                                      0.248    11.029 r  y_reg[7]_i_454/O[2]
                         net (fo=1, routed)           0.457    11.486    y_reg[7]_i_454_n_5
    SLICE_X43Y59         LUT2 (Prop_lut2_I1_O)        0.302    11.788 r  y[7]_i_425/O
                         net (fo=1, routed)           0.000    11.788    y[7]_i_425_n_0
    SLICE_X43Y59         CARRY4 (Prop_carry4_S[3]_CO[3])
                                                      0.401    12.189 r  y_reg[7]_i_402/CO[3]
                         net (fo=1, routed)           0.000    12.189    y_reg[7]_i_402_n_0
    SLICE_X43Y60         CARRY4 (Prop_carry4_CI_O[0])
                                                      0.222    12.411 r  y_reg[7]_i_450/O[0]
                         net (fo=1, routed)           0.440    12.851    y_reg[7]_i_450_n_7
    SLICE_X42Y59         LUT2 (Prop_lut2_I1_O)        0.299    13.150 r  y[7]_i_420/O
                         net (fo=1, routed)           0.000    13.150    y[7]_i_420_n_0
    SLICE_X42Y59         CARRY4 (Prop_carry4_S[3]_O[3])
                                                      0.255    13.405 r  y_reg[7]_i_401/O[3]
                         net (fo=1, routed)           0.552    13.958    y_reg[7]_i_401_n_4
    SLICE_X40Y60         LUT2 (Prop_lut2_I1_O)        0.307    14.265 r  y[7]_i_471/O
                         net (fo=1, routed)           0.000    14.265    y[7]_i_471_n_0
    SLICE_X40Y60         CARRY4 (Prop_carry4_S[0]_O[0])
                                                      0.247    14.512 r  y_reg[7]_i_446/O[0]
                         net (fo=1, routed)           0.571    15.082    y_reg[7]_i_446_n_7
    SLICE_X39Y62         LUT2 (Prop_lut2_I1_O)        0.299    15.381 r  y[7]_i_418/O
                         net (fo=1, routed)           0.000    15.381    y[7]_i_418_n_0
    SLICE_X39Y62         CARRY4 (Prop_carry4_S[0]_O[0])
                                                      0.247    15.628 r  y_reg[7]_i_393/O[0]
                         net (fo=1, routed)           0.581    16.209    y_reg[7]_i_393_n_7
    SLICE_X37Y61         LUT2 (Prop_lut2_I1_O)        0.299    16.508 r  y[7]_i_353/O
                         net (fo=1, routed)           0.000    16.508    y[7]_i_353_n_0
    SLICE_X37Y61         CARRY4 (Prop_carry4_S[2]_O[2])
                                                      0.248    16.756 r  y_reg[7]_i_325/O[2]
                         net (fo=1, routed)           0.327    17.083    y_reg[7]_i_325_n_5
    SLICE_X35Y61         LUT2 (Prop_lut2_I1_O)        0.302    17.385 r  y[7]_i_287/O
                         net (fo=1, routed)           0.000    17.385    y[7]_i_287_n_0
    SLICE_X35Y61         CARRY4 (Prop_carry4_S[3]_O[3])
                                                      0.248    17.633 r  y_reg[7]_i_265/O[3]
                         net (fo=1, routed)           0.687    18.320    y_reg[7]_i_265_n_4
    SLICE_X29Y62         LUT2 (Prop_lut2_I1_O)        0.306    18.626 r  y[7]_i_283/O
                         net (fo=1, routed)           0.000    18.626    y[7]_i_283_n_0
    SLICE_X29Y62         CARRY4 (Prop_carry4_S[1]_O[1])
                                                      0.227    18.853 r  y_reg[7]_i_264/O[1]
                         net (fo=1, routed)           0.291    19.144    y_reg[7]_i_264_n_6
    SLICE_X31Y62         LUT2 (Prop_lut2_I1_O)        0.303    19.447 r  y[7]_i_278/O
                         net (fo=1, routed)           0.000    19.447    y[7]_i_278_n_0
    SLICE_X31Y62         CARRY4 (Prop_carry4_S[0]_O[0])
                                                      0.247    19.694 r  y_reg[7]_i_253/O[0]
                         net (fo=1, routed)           0.602    20.296    y_reg[7]_i_253_n_7
    SLICE_X30Y63         LUT2 (Prop_lut2_I1_O)        0.299    20.595 r  y[7]_i_229/O
                         net (fo=1, routed)           0.000    20.595    y[7]_i_229_n_0
    SLICE_X30Y63         CARRY4 (Prop_carry4_S[2]_O[2])
                                                      0.250    20.845 r  y_reg[7]_i_211/O[2]
                         net (fo=1, routed)           0.627    21.472    y_reg[7]_i_211_n_5
    SLICE_X31Y66         LUT2 (Prop_lut2_I1_O)        0.301    21.773 r  y[7]_i_338/O
                         net (fo=1, routed)           0.000    21.773    y[7]_i_338_n_0
    SLICE_X31Y66         CARRY4 (Prop_carry4_S[0]_O[0])
                                                      0.247    22.020 r  y_reg[7]_i_297/O[0]
                         net (fo=1, routed)           0.505    22.525    y_reg[7]_i_297_n_7
    SLICE_X30Y67         LUT2 (Prop_lut2_I1_O)        0.299    22.824 r  y[7]_i_271/O
                         net (fo=1, routed)           0.000    22.824    y[7]_i_271_n_0
    SLICE_X30Y67         CARRY4 (Prop_carry4_S[3]_O[3])
                                                      0.255    23.079 r  y_reg[7]_i_249/O[3]
                         net (fo=1, routed)           0.547    23.626    y_reg[7]_i_249_n_4
    SLICE_X27Y67         LUT2 (Prop_lut2_I1_O)        0.307    23.933 r  y[7]_i_223/O
                         net (fo=1, routed)           0.000    23.933    y[7]_i_223_n_0
    SLICE_X27Y67         CARRY4 (Prop_carry4_S[3]_O[3])
                                                      0.248    24.181 r  y_reg[7]_i_200/O[3]
                         net (fo=1, routed)           0.317    24.498    y_reg[7]_i_200_n_4
    SLICE_X29Y68         LUT2 (Prop_lut2_I1_O)        0.306    24.804 r  y[7]_i_177/O
                         net (fo=1, routed)           0.000    24.804    y[7]_i_177_n_0
    SLICE_X29Y68         CARRY4 (Prop_carry4_S[3]_O[3])
                                                      0.248    25.052 r  y_reg[7]_i_166/O[3]
                         net (fo=1, routed)           0.423    25.475    y_reg[7]_i_166_n_4
    SLICE_X28Y69         LUT2 (Prop_lut2_I1_O)        0.306    25.781 r  y[7]_i_175/O
                         net (fo=1, routed)           0.000    25.781    y[7]_i_175_n_0
    SLICE_X28Y69         CARRY4 (Prop_carry4_S[1]_O[2])
                                                      0.580    26.361 r  y_reg[7]_i_165/O[2]
                         net (fo=1, routed)           0.440    26.801    y_reg[7]_i_165_n_5
    SLICE_X31Y70         LUT2 (Prop_lut2_I1_O)        0.302    27.103 r  y[7]_i_215/O
                         net (fo=1, routed)           0.000    27.103    y[7]_i_215_n_0
    SLICE_X31Y70         CARRY4 (Prop_carry4_S[1]_O[1])
                                                      0.227    27.330 r  y_reg[7]_i_195/O[1]
                         net (fo=1, routed)           0.580    27.910    y_reg[7]_i_195_n_6
    SLICE_X31Y74         LUT2 (Prop_lut2_I1_O)        0.303    28.213 r  y[7]_i_171/O
                         net (fo=1, routed)           0.000    28.213    y[7]_i_171_n_0
    SLICE_X31Y74         CARRY4 (Prop_carry4_S[1]_O[1])
                                                      0.227    28.440 r  y_reg[7]_i_153/O[1]
                         net (fo=1, routed)           0.702    29.142    y_reg[7]_i_153_n_6
    SLICE_X32Y76         LUT2 (Prop_lut2_I1_O)        0.303    29.445 r  y[7]_i_144/O
                         net (fo=1, routed)           0.000    29.445    y[7]_i_144_n_0
    SLICE_X32Y76         CARRY4 (Prop_carry4_S[1]_O[1])
                                                      0.230    29.675 r  y_reg[7]_i_129/O[1]
                         net (fo=1, routed)           0.598    30.273    y_reg[7]_i_129_n_6
    SLICE_X34Y76         LUT2 (Prop_lut2_I1_O)        0.306    30.579 r  y[7]_i_118/O
                         net (fo=1, routed)           0.000    30.579    y[7]_i_118_n_0
    SLICE_X34Y76         CARRY4 (Prop_carry4_S[1]_O[1])
                                                      0.230    30.809 r  y_reg[7]_i_106/O[1]
                         net (fo=1, routed)           0.594    31.403    y_reg[7]_i_106_n_6
    SLICE_X34Y80         LUT2 (Prop_lut2_I1_O)        0.306    31.709 r  y[15]_i_311/O
                         net (fo=1, routed)           0.000    31.709    y[15]_i_311_n_0
    SLICE_X34Y80         CARRY4 (Prop_carry4_S[0]_O[0])
                                                      0.252    31.961 r  y_reg[15]_i_294/O[0]
                         net (fo=1, routed)           0.584    32.545    y_reg[15]_i_294_n_7
    SLICE_X35Y80         LUT2 (Prop_lut2_I1_O)        0.295    32.840 r  y[15]_i_293/O
                         net (fo=1, routed)           0.000    32.840    y[15]_i_293_n_0
    SLICE_X35Y80         CARRY4 (Prop_carry4_S[1]_O[1])
                                                      0.227    33.067 r  y_reg[15]_i_282/O[1]
                         net (fo=1, routed)           0.576    33.643    y_reg[15]_i_282_n_6
    SLICE_X35Y77         LUT2 (Prop_lut2_I1_O)        0.303    33.946 r  y[7]_i_113/O
                         net (fo=1, routed)           0.000    33.946    y[7]_i_113_n_0
    SLICE_X35Y77         CARRY4 (Prop_carry4_S[1]_O[1])
                                                      0.227    34.173 r  y_reg[7]_i_94/O[1]
                         net (fo=1, routed)           0.591    34.764    y_reg[7]_i_94_n_6
    SLICE_X36Y76         LUT2 (Prop_lut2_I1_O)        0.303    35.067 r  y[7]_i_76/O
                         net (fo=1, routed)           0.000    35.067    y[7]_i_76_n_0
    SLICE_X36Y76         CARRY4 (Prop_carry4_S[3]_CO[3])
                                                      0.376    35.443 r  y_reg[7]_i_66/CO[3]
                         net (fo=1, routed)           0.000    35.443    y_reg[7]_i_66_n_0
    SLICE_X36Y77         CARRY4 (Prop_carry4_CI_O[0])
                                                      0.219    35.662 r  y_reg[15]_i_235/O[0]
                         net (fo=1, routed)           0.606    36.268    y_reg[15]_i_235_n_7
    SLICE_X39Y76         LUT2 (Prop_lut2_I1_O)        0.295    36.563 r  y[15]_i_248/O
                         net (fo=1, routed)           0.000    36.563    y[15]_i_248_n_0
    SLICE_X39Y76         CARRY4 (Prop_carry4_S[1]_O[1])
                                                      0.227    36.790 r  y_reg[15]_i_232/O[1]
                         net (fo=1, routed)           0.307    37.097    y_reg[15]_i_232_n_6
    SLICE_X40Y76         LUT2 (Prop_lut2_I1_O)        0.303    37.400 r  y[15]_i_221/O
                         net (fo=1, routed)           0.000    37.400    y[15]_i_221_n_0
    SLICE_X40Y76         CARRY4 (Prop_carry4_S[2]_O[2])
                                                      0.248    37.648 r  y_reg[15]_i_193/O[2]
                         net (fo=1, routed)           0.587    38.235    y_reg[15]_i_193_n_5
    SLICE_X42Y76         LUT2 (Prop_lut2_I1_O)        0.302    38.537 r  y[15]_i_182/O
                         net (fo=1, routed)           0.000    38.537    y[15]_i_182_n_0
    SLICE_X42Y76         CARRY4 (Prop_carry4_S[1]_O[1])
                                                      0.230    38.767 r  y_reg[15]_i_154/O[1]
                         net (fo=1, routed)           0.438    39.205    y_reg[15]_i_154_n_6
    SLICE_X43Y77         LUT2 (Prop_lut2_I1_O)        0.306    39.511 r  y[15]_i_144/O
                         net (fo=1, routed)           0.000    39.511    y[15]_i_144_n_0
    SLICE_X43Y77         CARRY4 (Prop_carry4_S[1]_O[1])
                                                      0.227    39.738 r  y_reg[15]_i_118/O[1]
                         net (fo=1, routed)           0.562    40.300    y_reg[15]_i_118_n_6
    SLICE_X47Y77         LUT2 (Prop_lut2_I1_O)        0.303    40.603 r  y[15]_i_110/O
                         net (fo=1, routed)           0.000    40.603    y[15]_i_110_n_0
    SLICE_X47Y77         CARRY4 (Prop_carry4_S[0]_O[0])
                                                      0.247    40.850 r  y_reg[15]_i_86/O[0]
                         net (fo=1, routed)           0.440    41.290    y_reg[15]_i_86_n_7
    SLICE_X46Y77         LUT2 (Prop_lut2_I1_O)        0.299    41.589 r  y[15]_i_77/O
                         net (fo=1, routed)           0.000    41.589    y[15]_i_77_n_0
    SLICE_X46Y77         CARRY4 (Prop_carry4_S[1]_O[2])
                                                      0.578    42.167 r  y_reg[15]_i_62/O[2]
                         net (fo=1, routed)           0.400    42.566    acc__0[7]
    SLICE_X45Y76         LUT2 (Prop_lut2_I1_O)        0.301    42.867 r  y[15]_i_50/O
                         net (fo=1, routed)           0.000    42.867    y[15]_i_50_n_0
    SLICE_X45Y76         CARRY4 (Prop_carry4_S[3]_O[3])
                                                      0.248    43.115 r  y_reg[15]_i_33/O[3]
                         net (fo=1, routed)           0.922    44.037    y_reg[15]_i_33_n_4
    SLICE_X46Y72         LUT2 (Prop_lut2_I1_O)        0.306    44.343 r  y[11]_i_27/O
                         net (fo=1, routed)           0.000    44.343    y[11]_i_27_n_0
    SLICE_X46Y72         CARRY4 (Prop_carry4_S[2]_O[2])
                                                      0.250    44.593 r  y_reg[11]_i_18/O[2]
                         net (fo=1, routed)           0.557    45.150    y_reg[11]_i_18_n_5
    SLICE_X47Y70         LUT2 (Prop_lut2_I1_O)        0.301    45.451 r  y[11]_i_11/O
                         net (fo=1, routed)           0.000    45.451    y[11]_i_11_n_0
    SLICE_X47Y70         CARRY4 (Prop_carry4_S[3]_CO[3])
                                                      0.401    45.852 r  y_reg[11]_i_4/CO[3]
                         net (fo=1, routed)           0.000    45.852    y_reg[11]_i_4_n_0
    SLICE_X47Y71         CARRY4 (Prop_carry4_CI_O[1])
                                                      0.334    46.186 r  y_reg[11]_i_2/O[1]
                         net (fo=1, routed)           0.486    46.672    p_0_in[9]
    SLICE_X44Y71         CARRY4 (Prop_carry4_S[1]_O[2])
                                                      0.883    47.555 r  y_reg[11]_i_1/O[2]
                         net (fo=1, routed)           0.000    47.555    acc[10]
    SLICE_X44Y71         FDRE                                         r  y_reg[10]/D
  -------------------------------------------------------------------    -------------------

                         (clock vclk rise edge)      61.020    61.020 r  <hidden>
                                                      0.000    61.020 r  clk
                         net (fo=351, unset)          0.924    61.944    clk
    SLICE_X44Y71         FDRE                                         r  y_reg[10]/C
                         clock pessimism              0.000    61.944    <hidden>
                         clock uncertainty           -0.035    61.909    <hidden>
    SLICE_X44Y71         FDRE (Setup_fdre_C_D)        0.062    61.971    y_reg[10]
  -------------------------------------------------------------------
                         required time                         61.971    <hidden>
                         arrival time                         -47.555    <hidden>
  -------------------------------------------------------------------
                         slack                                 14.416    <hidden>

Slack (MET) :             14.615ns  (required time - arrival time)
  Source:                 d41_reg[2]/C
                            (rising edge-triggered cell FDRE clocked by vclk  {rise@0.000ns fall@30.510ns period=61.020ns})
  Destination:            y_reg[9]/D
                            (rising edge-triggered cell FDRE clocked by vclk  {rise@0.000ns fall@30.510ns period=61.020ns})
  Path Group:             vclk
  Path Type:              Setup (Max at Slow Process Corner)
  Requirement:            61.020ns  (vclk rise@61.020ns - vclk rise@0.000ns)
  Data Path Delay:        46.383ns  (logic 24.589ns (53.013%)  route 21.794ns (46.987%))
  Logic Levels:           84  (CARRY4=44 LUT2=38 LUT3=1 LUT4=1)
  Clock Path Skew:        -0.049ns (DCD - SCD + CPR)
    Destination Clock Delay (DCD):    0.924ns = ( 61.944 - 61.020 ) 
    Source Clock Delay      (SCD):    0.973ns
    Clock Pessimism Removal (CPR):    0.000ns
  Clock Uncertainty:      0.035ns  ((TSJ^2 + TIJ^2)^1/2 + DJ) / 2 + PE
    Total System Jitter     (TSJ):    0.071ns
    Total Input Jitter      (TIJ):    0.000ns
    Discrete Jitter          (DJ):    0.000ns
    Phase Error              (PE):    0.000ns

    Location             Delay type                Incr(ns)  Path(ns)    Netlist Resource(s)
  -------------------------------------------------------------------    -------------------
                         (clock vclk rise edge)       0.000     0.000 r  <hidden>
                                                      0.000     0.000 r  clk
                         net (fo=351, unset)          0.973     0.973    clk
    SLICE_X50Y69         FDRE                                         r  d41_reg[2]/C
  -------------------------------------------------------------------    -------------------
    SLICE_X50Y69         FDRE (Prop_fdre_C_Q)         0.518     1.491 r  d41_reg[2]/Q
                         net (fo=2, routed)           0.447     1.938    d41[2]
    SLICE_X51Y70         CARRY4 (Prop_carry4_S[0]_O[0])
                                                      0.371     2.309 r  y_reg[7]_i_771/O[0]
                         net (fo=2, routed)           0.466     2.776    acc0[2]
    SLICE_X50Y68         LUT2 (Prop_lut2_I0_O)        0.299     3.075 r  y[7]_i_775/O
                         net (fo=1, routed)           0.000     3.075    y[7]_i_775_n_0
    SLICE_X50Y68         CARRY4 (Prop_carry4_S[0]_O[0])
                                                      0.252     3.327 r  y_reg[7]_i_755/O[0]
                         net (fo=1, routed)           0.313     3.640    y_reg[7]_i_755_n_7
    SLICE_X52Y67         LUT2 (Prop_lut2_I1_O)        0.295     3.935 r  y[7]_i_739/O
                         net (fo=1, routed)           0.000     3.935    y[7]_i_739_n_0
    SLICE_X52Y67         CARRY4 (Prop_carry4_S[0]_O[0])
                                                      0.247     4.182 r  y_reg[7]_i_721/O[0]
                         net (fo=1, routed)           0.601     4.783    y_reg[7]_i_721_n_7
    SLICE_X51Y66         LUT2 (Prop_lut2_I1_O)        0.299     5.082 r  y[7]_i_698/O
                         net (fo=1, routed)           0.000     5.082    y[7]_i_698_n_0
    SLICE_X51Y66         CARRY4 (Prop_carry4_S[0]_O[0])
                                                      0.247     5.329 r  y_reg[7]_i_675/O[0]
                         net (fo=1, routed)           0.758     6.087    y_reg[7]_i_675_n_7
    SLICE_X46Y66         LUT2 (Prop_lut2_I1_O)        0.299     6.386 r  y[7]_i_639/O
                         net (fo=1, routed)           0.000     6.386    y[7]_i_639_n_0
    SLICE_X46Y66         CARRY4 (Prop_carry4_S[1]_O[1])
                                                      0.230     6.616 r  y_reg[7]_i_612/O[1]
                         net (fo=1, routed)           0.435     7.051    y_reg[7]_i_612_n_6
    SLICE_X43Y66         LUT2 (Prop_lut2_I1_O)        0.306     7.357 r  y[7]_i_571/O
                         net (fo=1, routed)           0.000     7.357    y[7]_i_571_n_0
    SLICE_X43Y66         CARRY4 (Prop_carry4_S[2]_O[2])
                                                      0.248     7.605 r  y_reg[7]_i_539/O[2]
                         net (fo=1, routed)           0.451     8.057    y_reg[7]_i_539_n_5
    SLICE_X44Y65         LUT2 (Prop_lut2_I1_O)        0.302     8.359 r  y[7]_i_486/O
                         net (fo=1, routed)           0.000     8.359    y[7]_i_486_n_0
    SLICE_X44Y65         CARRY4 (Prop_carry4_S[2]_O[3])
                                                      0.352     8.711 r  y_reg[7]_i_455/O[3]
                         net (fo=1, routed)           0.580     9.291    y_reg[7]_i_455_n_4
    SLICE_X45Y65         LUT2 (Prop_lut2_I1_O)        0.306     9.597 r  y[7]_i_564/O
                         net (fo=1, routed)           0.000     9.597    y[7]_i_564_n_0
    SLICE_X45Y65         CARRY4 (Prop_carry4_S[2]_O[2])
                                                      0.248     9.845 r  y_reg[7]_i_528/O[2]
                         net (fo=1, routed)           0.634    10.479    y_reg[7]_i_528_n_5
    SLICE_X45Y61         LUT2 (Prop_lut2_I1_O)        0.302    10.781 r  y[7]_i_480/O
                         net (fo=1, routed)           0.000    10.781    y[7]_i_480_n_0
    SLICE_X45Y61         CARRY4 (Prop_carry4_S[2]_O[2])
                                                      0.248    11.029 r  y_reg[7]_i_454/O[2]
                         net (fo=1, routed)           0.457    11.486    y_reg[7]_i_454_n_5
    SLICE_X43Y59         LUT2 (Prop_lut2_I1_O)        0.302    11.788 r  y[7]_i_425/O
                         net (fo=1, routed)           0.000    11.788    y[7]_i_425_n_0
    SLICE_X43Y59         CARRY4 (Prop_carry4_S[3]_CO[3])
                                                      0.401    12.189 r  y_reg[7]_i_402/CO[3]
                         net (fo=1, routed)           0.000    12.189    y_reg[7]_i_402_n_0
    SLICE_X43Y60         CARRY4 (Prop_carry4_CI_O[0])
                                                      0.222    12.411 r  y_reg[7]_i_450/O[0]
                         net (fo=1, routed)           0.440    12.851    y_reg[7]_i_450_n_7
    SLICE_X42Y59         LUT2 (Prop_lut2_I1_O)        0.299    13.150 r  y[7]_i_420/O
                         net (fo=1, routed)           0.000    13.150    y[7]_i_420_n_0
    SLICE_X42Y59         CARRY4 (Prop_carry4_S[3]_O[3])
                                                      0.255    13.405 r  y_reg[7]_i_401/O[3]
                         net (fo=1, routed)           0.552    13.958    y_reg[7]_i_401_n_4
    SLICE_X40Y60         LUT2 (Prop_lut2_I1_O)        0.307    14.265 r  y[7]_i_471/O
                         net (fo=1, routed)           0.000    14.265    y[7]_i_471_n_0
    SLICE_X40Y60         CARRY4 (Prop_carry4_S[0]_O[0])
                                                      0.247    14.512 r  y_reg[7]_i_446/O[0]
                         net (fo=1, routed)           0.571    15.082    y_reg[7]_i_446_n_7
    SLICE_X39Y62         LUT2 (Prop_lut2_I1_O)        0.299    15.381 r  y[7]_i_418/O
                         net (fo=1, routed)           0.000    15.381    y[7]_i_418_n_0
    SLICE_X39Y62         CARRY4 (Prop_carry4_S[0]_O[0])
                                                      0.247    15.628 r  y_reg[7]_i_393/O[0]
                         net (fo=1, routed)           0.581    16.209    y_reg[7]_i_393_n_7
    SLICE_X37Y61         LUT2 (Prop_lut2_I1_O)        0.299    16.508 r  y[7]_i_353/O
                         net (fo=1, routed)           0.000    16.508    y[7]_i_353_n_0
    SLICE_X37Y61         CARRY4 (Prop_carry4_S[2]_O[2])
                                                      0.248    16.756 r  y_reg[7]_i_325/O[2]
                         net (fo=1, routed)           0.327    17.083    y_reg[7]_i_325_n_5
    SLICE_X35Y61         LUT2 (Prop_lut2_I1_O)        0.302    17.385 r  y[7]_i_287/O
                         net (fo=1, routed)           0.000    17.385    y[7]_i_287_n_0
    SLICE_X35Y61         CARRY4 (Prop_carry4_S[3]_O[3])
                                                      0.248    17.633 r  y_reg[7]_i_265/O[3]
                         net (fo=1, routed)           0.687    18.320    y_reg[7]_i_265_n_4
    SLICE_X29Y62         LUT2 (Prop_lut2_I1_O)        0.306    18.626 r  y[7]_i_283/O
                         net (fo=1, routed)           0.000    18.626    y[7]_i_283_n_0
    SLICE_X29Y62         CARRY4 (Prop_carry4_S[1]_O[1])
                                                      0.227    18.853 r  y_reg[7]_i_264/O[1]
                         net (fo=1, routed)           0.291    19.144    y_reg[7]_i_264_n_6
    SLICE_X31Y62         LUT2 (Prop_lut2_I1_O)        0.303    19.447 r  y[7]_i_278/O
                         net (fo=1, routed)           0.000    19.447    y[7]_i_278_n_0
    SLICE_X31Y62         CARRY4 (Prop_carry4_S[0]_O[0])
                                                      0.247    19.694 r  y_reg[7]_i_253/O[0]
                         net (fo=1, routed)           0.602    20.296    y_reg[7]_i_253_n_7
    SLICE_X30Y63         LUT2 (Prop_lut2_I1_O)        0.299    20.595 r  y[7]_i_229/O
                         net (fo=1, routed)           0.000    20.595    y[7]_i_229_n_0
    SLICE_X30Y63         CARRY4 (Prop_carry4_S[2]_O[2])
                                                      0.250    20.845 r  y_reg[7]_i_211/O[2]
                         net (fo=1, routed)           0.627    21.472    y_reg[7]_i_211_n_5
    SLICE_X31Y66         LUT2 (Prop_lut2_I1_O)        0.301    21.773 r  y[7]_i_338/O
                         net (fo=1, routed)           0.000    21.773    y[7]_i_338_n_0
    SLICE_X31Y66         CARRY4 (Prop_carry4_S[0]_O[0])
                                                      0.247    22.020 r  y_reg[7]_i_297/O[0]
                         net (fo=1, routed)           0.505    22.525    y_reg[7]_i_297_n_7
    SLICE_X30Y67         LUT2 (Prop_lut2_I1_O)        0.299    22.824 r  y[7]_i_271/O
                         net (fo=1, routed)           0.000    22.824    y[7]_i_271_n_0
    SLICE_X30Y67         CARRY4 (Prop_carry4_S[3]_O[3])
                                                      0.255    23.079 r  y_reg[7]_i_249/O[3]
                         net (fo=1, routed)           0.547    23.626    y_reg[7]_i_249_n_4
    SLICE_X27Y67         LUT2 (Prop_lut2_I1_O)        0.307    23.933 r  y[7]_i_223/O
                         net (fo=1, routed)           0.000    23.933    y[7]_i_223_n_0
    SLICE_X27Y67         CARRY4 (Prop_carry4_S[3]_O[3])
                                                      0.248    24.181 r  y_reg[7]_i_200/O[3]
                         net (fo=1, routed)           0.317    24.498    y_reg[7]_i_200_n_4
    SLICE_X29Y68         LUT2 (Prop_lut2_I1_O)        0.306    24.804 r  y[7]_i_177/O
                         net (fo=1, routed)           0.000    24.804    y[7]_i_177_n_0
    SLICE_X29Y68         CARRY4 (Prop_carry4_S[3]_O[3])
                                                      0.248    25.052 r  y_reg[7]_i_166/O[3]
                         net (fo=1, routed)           0.423    25.475    y_reg[7]_i_166_n_4
    SLICE_X28Y69         LUT2 (Prop_lut2_I1_O)        0.306    25.781 r  y[7]_i_175/O
                         net (fo=1, routed)           0.000    25.781    y[7]_i_175_n_0
    SLICE_X28Y69         CARRY4 (Prop_carry4_S[1]_O[1])
                                                      0.227    26.008 r  y_reg[7]_i_165/O[1]
                         net (fo=1, routed)           0.403    26.411    y_reg[7]_i_165_n_6
    SLICE_X31Y70         LUT2 (Prop_lut2_I1_O)        0.303    26.714 r  y[7]_i_216/O
                         net (fo=1, routed)           0.000    26.714    y[7]_i_216_n_0
    SLICE_X31Y70         CARRY4 (Prop_carry4_S[0]_O[0])
                                                      0.247    26.961 r  y_reg[7]_i_195/O[0]
                         net (fo=1, routed)           0.600    27.562    y_reg[7]_i_195_n_7
    SLICE_X31Y74         LUT2 (Prop_lut2_I1_O)        0.299    27.861 r  y[7]_i_172/O
                         net (fo=1, routed)           0.000    27.861    y[7]_i_172_n_0
    SLICE_X31Y74         CARRY4 (Prop_carry4_S[0]_O[0])
                                                      0.247    28.108 r  y_reg[7]_i_153/O[0]
                         net (fo=1, routed)           0.569    28.677    y_reg[7]_i_153_n_7
    SLICE_X32Y76         LUT2 (Prop_lut2_I1_O)        0.299    28.976 r  y[7]_i_145/O
                         net (fo=1, routed)           0.000    28.976    y[7]_i_145_n_0
    SLICE_X32Y76         CARRY4 (Prop_carry4_S[0]_O[0])
                                                      0.252    29.228 r  y_reg[7]_i_129/O[0]
                         net (fo=1, routed)           0.602    29.829    y_reg[7]_i_129_n_7
    SLICE_X34Y76         LUT2 (Prop_lut2_I1_O)        0.295    30.124 r  y[7]_i_119/O
                         net (fo=1, routed)           0.000    30.124    y[7]_i_119_n_0
    SLICE_X34Y76         CARRY4 (Prop_carry4_S[0]_O[0])
                                                      0.252    30.376 r  y_reg[7]_i_106/O[0]
                         net (fo=1, routed)           0.459    30.835    y_reg[7]_i_106_n_7
    SLICE_X34Y79         LUT2 (Prop_lut2_I1_O)        0.295    31.130 r  y[7]_i_82/O
                         net (fo=1, routed)           0.000    31.130    y[7]_i_82_n_0
    SLICE_X34Y79         CARRY4 (Prop_carry4_S[3]_O[3])
                                                      0.255    31.385 r  y_reg[7]_i_73/O[3]
                         net (fo=1, routed)           0.482    31.867    y_reg[7]_i_73_n_4
    SLICE_X35Y80         CARRY4 (Prop_carry4_S[0]_O[0])
                                                      0.554    32.421 r  y_reg[15]_i_282/O[0]
                         net (fo=1, routed)           0.698    33.119    y_reg[15]_i_282_n_7
    SLICE_X35Y77         LUT2 (Prop_lut2_I1_O)        0.299    33.418 r  y[7]_i_114/O
                         net (fo=1, routed)           0.000    33.418    y[7]_i_114_n_0
    SLICE_X35Y77         CARRY4 (Prop_carry4_S[0]_O[0])
                                                      0.247    33.665 r  y_reg[7]_i_94/O[0]
                         net (fo=1, routed)           0.589    34.254    y_reg[7]_i_94_n_7
    SLICE_X36Y76         LUT2 (Prop_lut2_I1_O)        0.299    34.553 r  y[7]_i_77/O
                         net (fo=1, routed)           0.000    34.553    y[7]_i_77_n_0
    SLICE_X36Y76         CARRY4 (Prop_carry4_S[2]_O[2])
                                                      0.250    34.803 r  y_reg[7]_i_66/O[2]
                         net (fo=1, routed)           0.399    35.201    y_reg[7]_i_66_n_5
    SLICE_X39Y75         LUT2 (Prop_lut2_I1_O)        0.301    35.502 r  y[7]_i_57/O
                         net (fo=1, routed)           0.000    35.502    y[7]_i_57_n_0
    SLICE_X39Y75         CARRY4 (Prop_carry4_S[3]_O[3])
                                                      0.248    35.750 r  y_reg[7]_i_51/O[3]
                         net (fo=1, routed)           0.453    36.203    y_reg[7]_i_51_n_4
    SLICE_X40Y76         LUT2 (Prop_lut2_I1_O)        0.306    36.509 r  y[15]_i_223/O
                         net (fo=1, routed)           0.000    36.509    y[15]_i_223_n_0
    SLICE_X40Y76         CARRY4 (Prop_carry4_S[0]_O[0])
                                                      0.247    36.756 r  y_reg[15]_i_193/O[0]
                         net (fo=1, routed)           0.450    37.206    y_reg[15]_i_193_n_7
    SLICE_X42Y75         LUT2 (Prop_lut2_I1_O)        0.299    37.505 r  y[15]_i_206/O
                         net (fo=1, routed)           0.000    37.505    y[15]_i_206_n_0
    SLICE_X42Y75         CARRY4 (Prop_carry4_S[3]_O[3])
                                                      0.255    37.760 r  y_reg[15]_i_178/O[3]
                         net (fo=1, routed)           0.300    38.060    y_reg[15]_i_178_n_4
    SLICE_X43Y76         LUT2 (Prop_lut2_I1_O)        0.307    38.367 r  y[7]_i_53/O
                         net (fo=1, routed)           0.000    38.367    y[7]_i_53_n_0
    SLICE_X43Y76         CARRY4 (Prop_carry4_S[3]_O[3])
                                                      0.248    38.615 r  y_reg[7]_i_47/O[3]
                         net (fo=1, routed)           0.545    39.160    y_reg[7]_i_47_n_4
    SLICE_X47Y76         LUT2 (Prop_lut2_I1_O)        0.306    39.466 r  y[15]_i_134/O
                         net (fo=1, routed)           0.000    39.466    y[15]_i_134_n_0
    SLICE_X47Y76         CARRY4 (Prop_carry4_S[2]_O[2])
                                                      0.248    39.714 r  y_reg[15]_i_105/O[2]
                         net (fo=1, routed)           0.671    40.384    y_reg[15]_i_105_n_5
    SLICE_X46Y76         LUT2 (Prop_lut2_I1_O)        0.302    40.686 r  y[7]_i_35/O
                         net (fo=1, routed)           0.000    40.686    y[7]_i_35_n_0
    SLICE_X46Y76         CARRY4 (Prop_carry4_S[3]_CO[3])
                                                      0.376    41.062 r  y_reg[7]_i_32/CO[3]
                         net (fo=1, routed)           0.000    41.062    y_reg[7]_i_32_n_0
    SLICE_X46Y77         CARRY4 (Prop_carry4_CI_O[0])
                                                      0.219    41.281 r  y_reg[15]_i_62/O[0]
                         net (fo=1, routed)           0.605    41.887    acc__0[5]
    SLICE_X45Y76         LUT2 (Prop_lut2_I1_O)        0.295    42.182 r  y[15]_i_52/O
                         net (fo=1, routed)           0.000    42.182    y[15]_i_52_n_0
    SLICE_X45Y76         CARRY4 (Prop_carry4_S[1]_O[1])
                                                      0.227    42.409 r  y_reg[15]_i_33/O[1]
                         net (fo=1, routed)           0.671    43.080    y_reg[15]_i_33_n_6
    SLICE_X46Y72         LUT2 (Prop_lut2_I1_O)        0.303    43.383 r  y[11]_i_29/O
                         net (fo=1, routed)           0.000    43.383    y[11]_i_29_n_0
    SLICE_X46Y72         CARRY4 (Prop_carry4_S[0]_O[0])
                                                      0.252    43.635 r  y_reg[11]_i_18/O[0]
                         net (fo=1, routed)           0.599    44.234    y_reg[11]_i_18_n_7
    SLICE_X47Y70         LUT2 (Prop_lut2_I1_O)        0.295    44.529 r  y[11]_i_13/O
                         net (fo=1, routed)           0.000    44.529    y[11]_i_13_n_0
    SLICE_X47Y70         CARRY4 (Prop_carry4_S[1]_O[2])
                                                      0.580    45.109 r  y_reg[11]_i_4/O[2]
                         net (fo=2, routed)           0.586    45.695    p_0_in[6]
    SLICE_X45Y70         LUT3 (Prop_lut3_I1_O)        0.302    45.997 r  y[7]_i_2/O
                         net (fo=2, routed)           0.500    46.497    y[7]_i_2_n_0
    SLICE_X44Y70         LUT4 (Prop_lut4_I0_O)        0.124    46.621 r  y[7]_i_6/O
                         net (fo=1, routed)           0.000    46.621    y[7]_i_6_n_0
    SLICE_X44Y70         CARRY4 (Prop_carry4_S[3]_CO[3])
                                                      0.401    47.022 r  y_reg[7]_i_1/CO[3]
                         net (fo=1, routed)           0.000    47.022    y_reg[7]_i_1_n_0
    SLICE_X44Y71         CARRY4 (Prop_carry4_CI_O[1])
                                                      0.334    47.356 r  y_reg[11]_i_1/O[1]
                         net (fo=1, routed)           0.000    47.356    acc[9]
    SLICE_X44Y71         FDRE                                         r  y_reg[9]/D
  -------------------------------------------------------------------    -------------------

                         (clock vclk rise edge)      61.020    61.020 r  <hidden>
                                                      0.000    61.020 r  clk
                         net (fo=351, unset)          0.924    61.944    clk
    SLICE_X44Y71         FDRE                                         r  y_reg[9]/C
                         clock pessimism              0.000    61.944    <hidden>
                         clock uncertainty           -0.035    61.909    <hidden>
    SLICE_X44Y71         FDRE (Setup_fdre_C_D)        0.062    61.971    y_reg[9]
  -------------------------------------------------------------------
                         required time                         61.971    <hidden>
                         arrival time                         -47.356    <hidden>
  -------------------------------------------------------------------
                         slack                                 14.615    <hidden>

Slack (MET) :             14.726ns  (required time - arrival time)
  Source:                 d41_reg[2]/C
                            (rising edge-triggered cell FDRE clocked by vclk  {rise@0.000ns fall@30.510ns period=61.020ns})
  Destination:            y_reg[8]/D
                            (rising edge-triggered cell FDRE clocked by vclk  {rise@0.000ns fall@30.510ns period=61.020ns})
  Path Group:             vclk
  Path Type:              Setup (Max at Slow Process Corner)
  Requirement:            61.020ns  (vclk rise@61.020ns - vclk rise@0.000ns)
  Data Path Delay:        46.272ns  (logic 24.478ns (52.900%)  route 21.794ns (47.100%))
  Logic Levels:           84  (CARRY4=44 LUT2=38 LUT3=1 LUT4=1)
  Clock Path Skew:        -0.049ns (DCD - SCD + CPR)
    Destination Clock Delay (DCD):    0.924ns = ( 61.944 - 61.020 ) 
    Source Clock Delay      (SCD):    0.973ns
    Clock Pessimism Removal (CPR):    0.000ns
  Clock Uncertainty:      0.035ns  ((TSJ^2 + TIJ^2)^1/2 + DJ) / 2 + PE
    Total System Jitter     (TSJ):    0.071ns
    Total Input Jitter      (TIJ):    0.000ns
    Discrete Jitter          (DJ):    0.000ns
    Phase Error              (PE):    0.000ns

    Location             Delay type                Incr(ns)  Path(ns)    Netlist Resource(s)
  -------------------------------------------------------------------    -------------------
                         (clock vclk rise edge)       0.000     0.000 r  <hidden>
                                                      0.000     0.000 r  clk
                         net (fo=351, unset)          0.973     0.973    clk
    SLICE_X50Y69         FDRE                                         r  d41_reg[2]/C
  -------------------------------------------------------------------    -------------------
    SLICE_X50Y69         FDRE (Prop_fdre_C_Q)         0.518     1.491 r  d41_reg[2]/Q
                         net (fo=2, routed)           0.447     1.938    d41[2]
    SLICE_X51Y70         CARRY4 (Prop_carry4_S[0]_O[0])
                                                      0.371     2.309 r  y_reg[7]_i_771/O[0]
                         net (fo=2, routed)           0.466     2.776    acc0[2]
    SLICE_X50Y68         LUT2 (Prop_lut2_I0_O)        0.299     3.075 r  y[7]_i_775/O
                         net (fo=1, routed)           0.000     3.075    y[7]_i_775_n_0
    SLICE_X50Y68         CARRY4 (Prop_carry4_S[0]_O[0])
                                                      0.252     3.327 r  y_reg[7]_i_755/O[0]
                         net (fo=1, routed)           0.313     3.640    y_reg[7]_i_755_n_7
    SLICE_X52Y67         LUT2 (Prop_lut2_I1_O)        0.295     3.935 r  y[7]_i_739/O
                         net (fo=1, routed)           0.000     3.935    y[7]_i_739_n_0
    SLICE_X52Y67         CARRY4 (Prop_carry4_S[0]_O[0])
                                                      0.247     4.182 r  y_reg[7]_i_721/O[0]
                         net (fo=1, routed)           0.601     4.783    y_reg[7]_i_721_n_7
    SLICE_X51Y66         LUT2 (Prop_lut2_I1_O)        0.299     5.082 r  y[7]_i_698/O
                         net (fo=1, routed)           0.000     5.082    y[7]_i_698_n_0
    SLICE_X51Y66         CARRY4 (Prop_carry4_S[0]_O[0])
                                                      0.247     5.329 r  y_reg[7]_i_675/O[0]
                         net (fo=1, routed)           0.758     6.087    y_reg[7]_i_675_n_7
    SLICE_X46Y66         LUT2 (Prop_lut2_I1_O)        0.299     6.386 r  y[7]_i_639/O
                         net (fo=1, routed)           0.000     6.386    y[7]_i_639_n_0
    SLICE_X46Y66         CARRY4 (Prop_carry4_S[1]_O[1])
                                                      0.230     6.616 r  y_reg[7]_i_612/O[1]
                         net (fo=1, routed)           0.435     7.051    y_reg[7]_i_612_n_6
    SLICE_X43Y66         LUT2 (Prop_lut2_I1_O)        0.306     7.357 r  y[7]_i_571/O
                         net (fo=1, routed)           0.000     7.357    y[7]_i_571_n_0
    SLICE_X43Y66         CARRY4 (Prop_carry4_S[2]_O[2])
                                                      0.248     7.605 r  y_reg[7]_i_539/O[2]
                         net (fo=1, routed)           0.451     8.057    y_reg[7]_i_539_n_5
    SLICE_X44Y65         LUT2 (Prop_lut2_I1_O)        0.302     8.359 r  y[7]_i_486/O
                         net (fo=1, routed)           0.000     8.359    y[7]_i_486_n_0
    SLICE_X44Y65         CARRY4 (Prop_carry4_S[2]_O[3])
                                                      0.352     8.711 r  y_reg[7]_i_455/O[3]
                         net (fo=1, routed)           0.580     9.291    y_reg[7]_i_455_n_4
    SLICE_X45Y65         LUT2 (Prop_lut2_I1_O)        0.306     9.597 r  y[7]_i_564/O
                         net (fo=1, routed)           0.000     9.597    y[7]_i_564_n_0
    SLICE_X45Y65         CARRY4 (Prop_carry4_S[2]_O[2])
                                                      0.248     9.845 r  y_reg[7]_i_528/O[2]
                         net (fo=1, routed)           0.634    10.479    y_reg[7]_i_528_n_5
    SLICE_X45Y61         LUT2 (Prop_lut2_I1_O)        0.302    10.781 r  y[7]_i_480/O
                         net (fo=1, routed)           0.000    10.781    y[7]_i_480_n_0
    SLICE_X45Y61         CARRY4 (Prop_carry4_S[2]_O[2])
                                                      0.248    11.029 r  y_reg[7]_i_454/O[2]
                         net (fo=1, routed)           0.457    11.486    y_reg[7]_i_454_n_5
    SLICE_X43Y59         LUT2 (Prop_lut2_I1_O)        0.302    11.788 r  y[7]_i_425/O
                         net (fo=1, routed)           0.000    11.788    y[7]_i_425_n_0
    SLICE_X43Y59         CARRY4 (Prop_carry4_S[3]_CO[3])
                                                      0.401    12.189 r  y_reg[7]_i_402/CO[3]
                         net (fo=1, routed)           0.000    12.189    y_reg[7]_i_402_n_0
    SLICE_X43Y60         CARRY4 (Prop_carry4_CI_O[0])
                                                      0.222    12.411 r  y_reg[7]_i_450/O[0]
                         net (fo=1, routed)           0.440    12.851    y_reg[7]_i_450_n_7
    SLICE_X42Y59         LUT2 (Prop_lut2_I1_O)        0.299    13.150 r  y[7]_i_420/O
                         net (fo=1, routed)           0.000    13.150    y[7]_i_420_n_0
    SLICE_X42Y59         CARRY4 (Prop_carry4_S[3]_O[3])
                                                      0.255    13.405 r  y_reg[7]_i_401/O[3]
                         net (fo=1, routed)           0.552    13.958    y_reg[7]_i_401_n_4
    SLICE_X40Y60         LUT2 (Prop_lut2_I1_O)        0.307    14.265 r  y[7]_i_471/O
                         net (fo=1, routed)           0.000    14.265    y[7]_i_471_n_0
    SLICE_X40Y60         CARRY4 (Prop_carry4_S[0]_O[0])
                                                      0.247    14.512 r  y_reg[7]_i_446/O[0]
                         net (fo=1, routed)           0.571    15.082    y_reg[7]_i_446_n_7
    SLICE_X39Y62         LUT2 (Prop_lut2_I1_O)        0.299    15.381 r  y[7]_i_418/O
                         net (fo=1, routed)           0.000    15.381    y[7]_i_418_n_0
    SLICE_X39Y62         CARRY4 (Prop_carry4_S[0]_O[0])
                                                      0.247    15.628 r  y_reg[7]_i_393/O[0]
                         net (fo=1, routed)           0.581    16.209    y_reg[7]_i_393_n_7
    SLICE_X37Y61         LUT2 (Prop_lut2_I1_O)        0.299    16.508 r  y[7]_i_353/O
                         net (fo=1, routed)           0.000    16.508    y[7]_i_353_n_0
    SLICE_X37Y61         CARRY4 (Prop_carry4_S[2]_O[2])
                                                      0.248    16.756 r  y_reg[7]_i_325/O[2]
                         net (fo=1, routed)           0.327    17.083    y_reg[7]_i_325_n_5
    SLICE_X35Y61         LUT2 (Prop_lut2_I1_O)        0.302    17.385 r  y[7]_i_287/O
                         net (fo=1, routed)           0.000    17.385    y[7]_i_287_n_0
    SLICE_X35Y61         CARRY4 (Prop_carry4_S[3]_O[3])
                                                      0.248    17.633 r  y_reg[7]_i_265/O[3]
                         net (fo=1, routed)           0.687    18.320    y_reg[7]_i_265_n_4
    SLICE_X29Y62         LUT2 (Prop_lut2_I1_O)        0.306    18.626 r  y[7]_i_283/O
                         net (fo=1, routed)           0.000    18.626    y[7]_i_283_n_0
    SLICE_X29Y62         CARRY4 (Prop_carry4_S[1]_O[1])
                                                      0.227    18.853 r  y_reg[7]_i_264/O[1]
                         net (fo=1, routed)           0.291    19.144    y_reg[7]_i_264_n_6
    SLICE_X31Y62         LUT2 (Prop_lut2_I1_O)        0.303    19.447 r  y[7]_i_278/O
                         net (fo=1, routed)           0.000    19.447    y[7]_i_278_n_0
    SLICE_X31Y62         CARRY4 (Prop_carry4_S[0]_O[0])
                                                      0.247    19.694 r  y_reg[7]_i_253/O[0]
                         net (fo=1, routed)           0.602    20.296    y_reg[7]_i_253_n_7
    SLICE_X30Y63         LUT2 (Prop_lut2_I1_O)        0.299    20.595 r  y[7]_i_229/O
                         net (fo=1, routed)           0.000    20.595    y[7]_i_229_n_0
    SLICE_X30Y63         CARRY4 (Prop_carry4_S[2]_O[2])
                                                      0.250    20.845 r  y_reg[7]_i_211/O[2]
                         net (fo=1, routed)           0.627    21.472    y_reg[7]_i_211_n_5
    SLICE_X31Y66         LUT2 (Prop_lut2_I1_O)        0.301    21.773 r  y[7]_i_338/O
                         net (fo=1, routed)           0.000    21.773    y[7]_i_338_n_0
    SLICE_X31Y66         CARRY4 (Prop_carry4_S[0]_O[0])
                                                      0.247    22.020 r  y_reg[7]_i_297/O[0]
                         net (fo=1, routed)           0.505    22.525    y_reg[7]_i_297_n_7
    SLICE_X30Y67         LUT2 (Prop_lut2_I1_O)        0.299    22.824 r  y[7]_i_271/O
                         net (fo=1, routed)           0.000    22.824    y[7]_i_271_n_0
    SLICE_X30Y67         CARRY4 (Prop_carry4_S[3]_O[3])
                                                      0.255    23.079 r  y_reg[7]_i_249/O[3]
                         net (fo=1, routed)           0.547    23.626    y_reg[7]_i_249_n_4
    SLICE_X27Y67         LUT2 (Prop_lut2_I1_O)        0.307    23.933 r  y[7]_i_223/O
                         net (fo=1, routed)           0.000    23.933    y[7]_i_223_n_0
    SLICE_X27Y67         CARRY4 (Prop_carry4_S[3]_O[3])
                                                      0.248    24.181 r  y_reg[7]_i_200/O[3]
                         net (fo=1, routed)           0.317    24.498    y_reg[7]_i_200_n_4
    SLICE_X29Y68         LUT2 (Prop_lut2_I1_O)        0.306    24.804 r  y[7]_i_177/O
                         net (fo=1, routed)           0.000    24.804    y[7]_i_177_n_0
    SLICE_X29Y68         CARRY4 (Prop_carry4_S[3]_O[3])
                                                      0.248    25.052 r  y_reg[7]_i_166/O[3]
                         net (fo=1, routed)           0.423    25.475    y_reg[7]_i_166_n_4
    SLICE_X28Y69         LUT2 (Prop_lut2_I1_O)        0.306    25.781 r  y[7]_i_175/O
                         net (fo=1, routed)           0.000    25.781    y[7]_i_175_n_0
    SLICE_X28Y69         CARRY4 (Prop_carry4_S[1]_O[1])
                                                      0.227    26.008 r  y_reg[7]_i_165/O[1]
                         net (fo=1, routed)           0.403    26.411    y_reg[7]_i_165_n_6
    SLICE_X31Y70         LUT2 (Prop_lut2_I1_O)        0.303    26.714 r  y[7]_i_216/O
                         net (fo=1, routed)           0.000    26.714    y[7]_i_216_n_0
    SLICE_X31Y70         CARRY4 (Prop_carry4_S[0]_O[0])
                                                      0.247    26.961 r  y_reg[7]_i_195/O[0]
                         net (fo=1, routed)           0.600    27.562    y_reg[7]_i_195_n_7
    SLICE_X31Y74         LUT2 (Prop_lut2_I1_O)        0.299    27.861 r  y[7]_i_172/O
                         net (fo=1, routed)           0.000    27.861    y[7]_i_172_n_0
    SLICE_X31Y74         CARRY4 (Prop_carry4_S[0]_O[0])
                                                      0.247    28.108 r  y_reg[7]_i_153/O[0]
                         net (fo=1, routed)           0.569    28.677    y_reg[7]_i_153_n_7
    SLICE_X32Y76         LUT2 (Prop_lut2_I1_O)        0.299    28.976 r  y[7]_i_145/O
                         net (fo=1, routed)           0.000    28.976    y[7]_i_145_n_0
    SLICE_X32Y76         CARRY4 (Prop_carry4_S[0]_O[0])
                                                      0.252    29.228 r  y_reg[7]_i_129/O[0]
                         net (fo=1, routed)           0.602    29.829    y_reg[7]_i_129_n_7
    SLICE_X34Y76         LUT2 (Prop_lut2_I1_O)        0.295    30.124 r  y[7]_i_119/O
                         net (fo=1, routed)           0.000    30.124    y[7]_i_119_n_0
    SLICE_X34Y76         CARRY4 (Prop_carry4_S[0]_O[0])
                                                      0.252    30.376 r  y_reg[7]_i_106/O[0]
                         net (fo=1, routed)           0.459    30.835    y_reg[7]_i_106_n_7
    SLICE_X34Y79         LUT2 (Prop_lut2_I1_O)        0.295    31.130 r  y[7]_i_82/O
                         net (fo=1, routed)           0.000    31.130    y[7]_i_82_n_0
    SLICE_X34Y79         CARRY4 (Prop_carry4_S[3]_O[3])
                                                      0.255    31.385 r  y_reg[7]_i_73/O[3]
                         net (fo=1, routed)           0.482    31.867    y_reg[7]_i_73_n_4
    SLICE_X35Y80         CARRY4 (Prop_carry4_S[0]_O[0])
                                                      0.554    32.421 r  y_reg[15]_i_282/O[0]
                         net (fo=1, routed)           0.698    33.119    y_reg[15]_i_282_n_7
    SLICE_X35Y77         LUT2 (Prop_lut2_I1_O)        0.299    33.418 r  y[7]_i_114/O
                         net (fo=1, routed)           0.000    33.418    y[7]_i_114_n_0
    SLICE_X35Y77         CARRY4 (Prop_carry4_S[0]_O[0])
                                                      0.247    33.665 r  y_reg[7]_i_94/O[0]
                         net (fo=1, routed)           0.589    34.254    y_reg[7]_i_94_n_7
    SLICE_X36Y76         LUT2 (Prop_lut2_I1_O)        0.299    34.553 r  y[7]_i_77/O
                         net (fo=1, routed)           0.000    34.553    y[7]_i_77_n_0
    SLICE_X36Y76         CARRY4 (Prop_carry4_S[2]_O[2])
                                                      0.250    34.803 r  y_reg[7]_i_66/O[2]
                         net (fo=1, routed)           0.399    35.201    y_reg[7]_i_66_n_5
    SLICE_X39Y75         LUT2 (Prop_lut2_I1_O)        0.301    35.502 r  y[7]_i_57/O
                         net (fo=1, routed)           0.000    35.502    y[7]_i_57_n_0
    SLICE_X39Y75         CARRY4 (Prop_carry4_S[3]_O[3])
                                                      0.248    35.750 r  y_reg[7]_i_51/O[3]
                         net (fo=1, routed)           0.453    36.203    y_reg[7]_i_51_n_4
    SLICE_X40Y76         LUT2 (Prop_lut2_I1_O)        0.306    36.509 r  y[15]_i_223/O
                         net (fo=1, routed)           0.000    36.509    y[15]_i_223_n_0
    SLICE_X40Y76         CARRY4 (Prop_carry4_S[0]_O[0])
                                                      0.247    36.756 r  y_reg[15]_i_193/O[0]
                         net (fo=1, routed)           0.450    37.206    y_reg[15]_i_193_n_7
    SLICE_X42Y75         LUT2 (Prop_lut2_I1_O)        0.299    37.505 r  y[15]_i_206/O
                         net (fo=1, routed)           0.000    37.505    y[15]_i_206_n_0
    SLICE_X42Y75         CARRY4 (Prop_carry4_S[3]_O[3])
                                                      0.255    37.760 r  y_reg[15]_i_178/O[3]
                         net (fo=1, routed)           0.300    38.060    y_reg[15]_i_178_n_4
    SLICE_X43Y76         LUT2 (Prop_lut2_I1_O)        0.307    38.367 r  y[7]_i_53/O
                         net (fo=1, routed)           0.000    38.367    y[7]_i_53_n_0
    SLICE_X43Y76         CARRY4 (Prop_carry4_S[3]_O[3])
                                                      0.248    38.615 r  y_reg[7]_i_47/O[3]
                         net (fo=1, routed)           0.545    39.160    y_reg[7]_i_47_n_4
    SLICE_X47Y76         LUT2 (Prop_lut2_I1_O)        0.306    39.466 r  y[15]_i_134/O
                         net (fo=1, routed)           0.000    39.466    y[15]_i_134_n_0
    SLICE_X47Y76         CARRY4 (Prop_carry4_S[2]_O[2])
                                                      0.248    39.714 r  y_reg[15]_i_105/O[2]
                         net (fo=1, routed)           0.671    40.384    y_reg[15]_i_105_n_5
    SLICE_X46Y76         LUT2 (Prop_lut2_I1_O)        0.302    40.686 r  y[7]_i_35/O
                         net (fo=1, routed)           0.000    40.686    y[7]_i_35_n_0
    SLICE_X46Y76         CARRY4 (Prop_carry4_S[3]_CO[3])
                                                      0.376    41.062 r  y_reg[7]_i_32/CO[3]
                         net (fo=1, routed)           0.000    41.062    y_reg[7]_i_32_n_0
    SLICE_X46Y77         CARRY4 (Prop_carry4_CI_O[0])
                                                      0.219    41.281 r  y_reg[15]_i_62/O[0]
                         net (fo=1, routed)           0.605    41.887    acc__0[5]
    SLICE_X45Y76         LUT2 (Prop_lut2_I1_O)        0.295    42.182 r  y[15]_i_52/O
                         net (fo=1, routed)           0.000    42.182    y[15]_i_52_n_0
    SLICE_X45Y76         CARRY4 (Prop_carry4_S[1]_O[1])
                                                      0.227    42.409 r  y_reg[15]_i_33/O[1]
                         net (fo=1, routed)           0.671    43.080    y_reg[15]_i_33_n_6
    SLICE_X46Y72         LUT2 (Prop_lut2_I1_O)        0.303    43.383 r  y[11]_i_29/O
                         net (fo=1, routed)           0.000    43.383    y[11]_i_29_n_0
    SLICE_X46Y72         CARRY4 (Prop_carry4_S[0]_O[0])
                                                      0.252    43.635 r  y_reg[11]_i_18/O[0]
                         net (fo=1, routed)           0.599    44.234    y_reg[11]_i_18_n_7
    SLICE_X47Y70         LUT2 (Prop_lut2_I1_O)        0.295    44.529 r  y[11]_i_13/O
                         net (fo=1, routed)           0.000    44.529    y[11]_i_13_n_0
    SLICE_X47Y70         CARRY4 (Prop_carry4_S[1]_O[2])
                                                      0.580    45.109 r  y_reg[11]_i_4/O[2]
                         net (fo=2, routed)           0.586    45.695    p_0_in[6]
    SLICE_X45Y70         LUT3 (Prop_lut3_I1_O)        0.302    45.997 r  y[7]_i_2/O
                         net (fo=2, routed)           0.500    46.497    y[7]_i_2_n_0
    SLICE_X44Y70         LUT4 (Prop_lut4_I0_O)        0.124    46.621 r  y[7]_i_6/O
                         net (fo=1, routed)           0.000    46.621    y[7]_i_6_n_0
    SLICE_X44Y70         CARRY4 (Prop_carry4_S[3]_CO[3])
                                                      0.401    47.022 r  y_reg[7]_i_1/CO[3]
                         net (fo=1, routed)           0.000    47.022    y_reg[7]_i_1_n_0
    SLICE_X44Y71         CARRY4 (Prop_carry4_CI_O[0])
                                                      0.223    47.245 r  y_reg[11]_i_1/O[0]
                         net (fo=1, routed)           0.000    47.245    acc[8]
    SLICE_X44Y71         FDRE                                         r  y_reg[8]/D
  -------------------------------------------------------------------    -------------------

                         (clock vclk rise edge)      61.020    61.020 r  <hidden>
                                                      0.000    61.020 r  clk
                         net (fo=351, unset)          0.924    61.944    clk
    SLICE_X44Y71         FDRE                                         r  y_reg[8]/C
                         clock pessimism              0.000    61.944    <hidden>
                         clock uncertainty           -0.035    61.909    <hidden>
    SLICE_X44Y71         FDRE (Setup_fdre_C_D)        0.062    61.971    y_reg[8]
  -------------------------------------------------------------------
                         required time                         61.971    <hidden>
                         arrival time                         -47.245    <hidden>
  -------------------------------------------------------------------
                         slack                                 14.726    <hidden>

Slack (MET) :             15.102ns  (required time - arrival time)
  Source:                 d41_reg[2]/C
                            (rising edge-triggered cell FDRE clocked by vclk  {rise@0.000ns fall@30.510ns period=61.020ns})
  Destination:            y_reg[7]/D
                            (rising edge-triggered cell FDRE clocked by vclk  {rise@0.000ns fall@30.510ns period=61.020ns})
  Path Group:             vclk
  Path Type:              Setup (Max at Slow Process Corner)
  Requirement:            61.020ns  (vclk rise@61.020ns - vclk rise@0.000ns)
  Data Path Delay:        45.896ns  (logic 24.102ns (52.515%)  route 21.794ns (47.485%))
  Logic Levels:           83  (CARRY4=43 LUT2=38 LUT3=1 LUT4=1)
  Clock Path Skew:        -0.049ns (DCD - SCD + CPR)
    Destination Clock Delay (DCD):    0.924ns = ( 61.944 - 61.020 ) 
    Source Clock Delay      (SCD):    0.973ns
    Clock Pessimism Removal (CPR):    0.000ns
  Clock Uncertainty:      0.035ns  ((TSJ^2 + TIJ^2)^1/2 + DJ) / 2 + PE
    Total System Jitter     (TSJ):    0.071ns
    Total Input Jitter      (TIJ):    0.000ns
    Discrete Jitter          (DJ):    0.000ns
    Phase Error              (PE):    0.000ns

    Location             Delay type                Incr(ns)  Path(ns)    Netlist Resource(s)
  -------------------------------------------------------------------    -------------------
                         (clock vclk rise edge)       0.000     0.000 r  <hidden>
                                                      0.000     0.000 r  clk
                         net (fo=351, unset)          0.973     0.973    clk
    SLICE_X50Y69         FDRE                                         r  d41_reg[2]/C
  -------------------------------------------------------------------    -------------------
    SLICE_X50Y69         FDRE (Prop_fdre_C_Q)         0.518     1.491 r  d41_reg[2]/Q
                         net (fo=2, routed)           0.447     1.938    d41[2]
    SLICE_X51Y70         CARRY4 (Prop_carry4_S[0]_O[0])
                                                      0.371     2.309 r  y_reg[7]_i_771/O[0]
                         net (fo=2, routed)           0.466     2.776    acc0[2]
    SLICE_X50Y68         LUT2 (Prop_lut2_I0_O)        0.299     3.075 r  y[7]_i_775/O
                         net (fo=1, routed)           0.000     3.075    y[7]_i_775_n_0
    SLICE_X50Y68         CARRY4 (Prop_carry4_S[0]_O[0])
                                                      0.252     3.327 r  y_reg[7]_i_755/O[0]
                         net (fo=1, routed)           0.313     3.640    y_reg[7]_i_755_n_7
    SLICE_X52Y67         LUT2 (Prop_lut2_I1_O)        0.295     3.935 r  y[7]_i_739/O
                         net (fo=1, routed)           0.000     3.935    y[7]_i_739_n_0
    SLICE_X52Y67         CARRY4 (Prop_carry4_S[0]_O[0])
                                                      0.247     4.182 r  y_reg[7]_i_721/O[0]
                         net (fo=1, routed)           0.601     4.783    y_reg[7]_i_721_n_7
    SLICE_X51Y66         LUT2 (Prop_lut2_I1_O)        0.299     5.082 r  y[7]_i_698/O
                         net (fo=1, routed)           0.000     5.082    y[7]_i_698_n_0
    SLICE_X51Y66         CARRY4 (Prop_carry4_S[0]_O[0])
                                                      0.247     5.329 r  y_reg[7]_i_675/O[0]
                         net (fo=1, routed)           0.758     6.087    y_reg[7]_i_675_n_7
    SLICE_X46Y66         LUT2 (Prop_lut2_I1_O)        0.299     6.386 r  y[7]_i_639/O
                         net (fo=1, routed)           0.000     6.386    y[7]_i_639_n_0
    SLICE_X46Y66         CARRY4 (Prop_carry4_S[1]_O[1])
                                                      0.230     6.616 r  y_reg[7]_i_612/O[1]
                         net (fo=1, routed)           0.435     7.051    y_reg[7]_i_612_n_6
    SLICE_X43Y66         LUT2 (Prop_lut2_I1_O)        0.306     7.357 r  y[7]_i_571/O
                         net (fo=1, routed)           0.000     7.357    y[7]_i_571_n_0
    SLICE_X43Y66         CARRY4 (Prop_carry4_S[2]_O[2])
                                                      0.248     7.605 r  y_reg[7]_i_539/O[2]
                         net (fo=1, routed)           0.451     8.057    y_reg[7]_i_539_n_5
    SLICE_X44Y65         LUT2 (Prop_lut2_I1_O)        0.302     8.359 r  y[7]_i_486/O
                         net (fo=1, routed)           0.000     8.359    y[7]_i_486_n_0
    SLICE_X44Y65         CARRY4 (Prop_carry4_S[2]_O[3])
                                                      0.352     8.711 r  y_reg[7]_i_455/O[3]
                         net (fo=1, routed)           0.580     9.291    y_reg[7]_i_455_n_4
    SLICE_X45Y65         LUT2 (Prop_lut2_I1_O)        0.306     9.597 r  y[7]_i_564/O
                         net (fo=1, routed)           0.000     9.597    y[7]_i_564_n_0
    SLICE_X45Y65         CARRY4 (Prop_carry4_S[2]_O[2])
                                                      0.248     9.845 r  y_reg[7]_i_528/O[2]
                         net (fo=1, routed)           0.634    10.479    y_reg[7]_i_528_n_5
    SLICE_X45Y61         LUT2 (Prop_lut2_I1_O)        0.302    10.781 r  y[7]_i_480/O
                         net (fo=1, routed)           0.000    10.781    y[7]_i_480_n_0
    SLICE_X45Y61         CARRY4 (Prop_carry4_S[2]_O[2])
                                                      0.248    11.029 r  y_reg[7]_i_454/O[2]
                         net (fo=1, routed)           0.457    11.486    y_reg[7]_i_454_n_5
    SLICE_X43Y59         LUT2 (Prop_lut2_I1_O)        0.302    11.788 r  y[7]_i_425/O
                         net (fo=1, routed)           0.000    11.788    y[7]_i_425_n_0
    SLICE_X43Y59         CARRY4 (Prop_carry4_S[3]_CO[3])
                                                      0.401    12.189 r  y_reg[7]_i_402/CO[3]
                         net (fo=1, routed)           0.000    12.189    y_reg[7]_i_402_n_0
    SLICE_X43Y60         CARRY4 (Prop_carry4_CI_O[0])
                                                      0.222    12.411 r  y_reg[7]_i_450/O[0]
                         net (fo=1, routed)           0.440    12.851    y_reg[7]_i_450_n_7
    SLICE_X42Y59         LUT2 (Prop_lut2_I1_O)        0.299    13.150 r  y[7]_i_420/O
                         net (fo=1, routed)           0.000    13.150    y[7]_i_420_n_0
    SLICE_X42Y59         CARRY4 (Prop_carry4_S[3]_O[3])
                                                      0.255    13.405 r  y_reg[7]_i_401/O[3]
                         net (fo=1, routed)           0.552    13.958    y_reg[7]_i_401_n_4
    SLICE_X40Y60         LUT2 (Prop_lut2_I1_O)        0.307    14.265 r  y[7]_i_471/O
                         net (fo=1, routed)           0.000    14.265    y[7]_i_471_n_0
    SLICE_X40Y60         CARRY4 (Prop_carry4_S[0]_O[0])
                                                      0.247    14.512 r  y_reg[7]_i_446/O[0]
                         net (fo=1, routed)           0.571    15.082    y_reg[7]_i_446_n_7
    SLICE_X39Y62         LUT2 (Prop_lut2_I1_O)        0.299    15.381 r  y[7]_i_418/O
                         net (fo=1, routed)           0.000    15.381    y[7]_i_418_n_0
    SLICE_X39Y62         CARRY4 (Prop_carry4_S[0]_O[0])
                                                      0.247    15.628 r  y_reg[7]_i_393/O[0]
                         net (fo=1, routed)           0.581    16.209    y_reg[7]_i_393_n_7
    SLICE_X37Y61         LUT2 (Prop_lut2_I1_O)        0.299    16.508 r  y[7]_i_353/O
                         net (fo=1, routed)           0.000    16.508    y[7]_i_353_n_0
    SLICE_X37Y61         CARRY4 (Prop_carry4_S[2]_O[2])
                                                      0.248    16.756 r  y_reg[7]_i_325/O[2]
                         net (fo=1, routed)           0.327    17.083    y_reg[7]_i_325_n_5
    SLICE_X35Y61         LUT2 (Prop_lut2_I1_O)        0.302    17.385 r  y[7]_i_287/O
                         net (fo=1, routed)           0.000    17.385    y[7]_i_287_n_0
    SLICE_X35Y61         CARRY4 (Prop_carry4_S[3]_O[3])
                                                      0.248    17.633 r  y_reg[7]_i_265/O[3]
                         net (fo=1, routed)           0.687    18.320    y_reg[7]_i_265_n_4
    SLICE_X29Y62         LUT2 (Prop_lut2_I1_O)        0.306    18.626 r  y[7]_i_283/O
                         net (fo=1, routed)           0.000    18.626    y[7]_i_283_n_0
    SLICE_X29Y62         CARRY4 (Prop_carry4_S[1]_O[1])
                                                      0.227    18.853 r  y_reg[7]_i_264/O[1]
                         net (fo=1, routed)           0.291    19.144    y_reg[7]_i_264_n_6
    SLICE_X31Y62         LUT2 (Prop_lut2_I1_O)        0.303    19.447 r  y[7]_i_278/O
                         net (fo=1, routed)           0.000    19.447    y[7]_i_278_n_0
    SLICE_X31Y62         CARRY4 (Prop_carry4_S[0]_O[0])
                                                      0.247    19.694 r  y_reg[7]_i_253/O[0]
                         net (fo=1, routed)           0.602    20.296    y_reg[7]_i_253_n_7
    SLICE_X30Y63         LUT2 (Prop_lut2_I1_O)        0.299    20.595 r  y[7]_i_229/O
                         net (fo=1, routed)           0.000    20.595    y[7]_i_229_n_0
    SLICE_X30Y63         CARRY4 (Prop_carry4_S[2]_O[2])
                                                      0.250    20.845 r  y_reg[7]_i_211/O[2]
                         net (fo=1, routed)           0.627    21.472    y_reg[7]_i_211_n_5
    SLICE_X31Y66         LUT2 (Prop_lut2_I1_O)        0.301    21.773 r  y[7]_i_338/O
                         net (fo=1, routed)           0.000    21.773    y[7]_i_338_n_0
    SLICE_X31Y66         CARRY4 (Prop_carry4_S[0]_O[0])
                                                      0.247    22.020 r  y_reg[7]_i_297/O[0]
                         net (fo=1, routed)           0.505    22.525    y_reg[7]_i_297_n_7
    SLICE_X30Y67         LUT2 (Prop_lut2_I1_O)        0.299    22.824 r  y[7]_i_271/O
                         net (fo=1, routed)           0.000    22.824    y[7]_i_271_n_0
    SLICE_X30Y67         CARRY4 (Prop_carry4_S[3]_O[3])
                                                      0.255    23.079 r  y_reg[7]_i_249/O[3]
                         net (fo=1, routed)           0.547    23.626    y_reg[7]_i_249_n_4
    SLICE_X27Y67         LUT2 (Prop_lut2_I1_O)        0.307    23.933 r  y[7]_i_223/O
                         net (fo=1, routed)           0.000    23.933    y[7]_i_223_n_0
    SLICE_X27Y67         CARRY4 (Prop_carry4_S[3]_O[3])
                                                      0.248    24.181 r  y_reg[7]_i_200/O[3]
                         net (fo=1, routed)           0.317    24.498    y_reg[7]_i_200_n_4
    SLICE_X29Y68         LUT2 (Prop_lut2_I1_O)        0.306    24.804 r  y[7]_i_177/O
                         net (fo=1, routed)           0.000    24.804    y[7]_i_177_n_0
    SLICE_X29Y68         CARRY4 (Prop_carry4_S[3]_O[3])
                                                      0.248    25.052 r  y_reg[7]_i_166/O[3]
                         net (fo=1, routed)           0.423    25.475    y_reg[7]_i_166_n_4
    SLICE_X28Y69         LUT2 (Prop_lut2_I1_O)        0.306    25.781 r  y[7]_i_175/O
                         net (fo=1, routed)           0.000    25.781    y[7]_i_175_n_0
    SLICE_X28Y69         CARRY4 (Prop_carry4_S[1]_O[1])
                                                      0.227    26.008 r  y_reg[7]_i_165/O[1]
                         net (fo=1, routed)           0.403    26.411    y_reg[7]_i_165_n_6
    SLICE_X31Y70         LUT2 (Prop_lut2_I1_O)        0.303    26.714 r  y[7]_i_216/O
                         net (fo=1, routed)           0.000    26.714    y[7]_i_216_n_0
    SLICE_X31Y70         CARRY4 (Prop_carry4_S[0]_O[0])
                                                      0.247    26.961 r  y_reg[7]_i_195/O[0]
                         net (fo=1, routed)           0.600    27.562    y_reg[7]_i_195_n_7
    SLICE_X31Y74         LUT2 (Prop_lut2_I1_O)        0.299    27.861 r  y[7]_i_172/O
                         net (fo=1, routed)           0.000    27.861    y[7]_i_172_n_0
    SLICE_X31Y74         CARRY4 (Prop_carry4_S[0]_O[0])
                                                      0.247    28.108 r  y_reg[7]_i_153/O[0]
                         net (fo=1, routed)           0.569    28.677    y_reg[7]_i_153_n_7
    SLICE_X32Y76         LUT2 (Prop_lut2_I1_O)        0.299    28.976 r  y[7]_i_145/O
                         net (fo=1, routed)           0.000    28.976    y[7]_i_145_n_0
    SLICE_X32Y76         CARRY4 (Prop_carry4_S[0]_O[0])
                                                      0.252    29.228 r  y_reg[7]_i_129/O[0]
                         net (fo=1, routed)           0.602    29.829    y_reg[7]_i_129_n_7
    SLICE_X34Y76         LUT2 (Prop_lut2_I1_O)        0.295    30.124 r  y[7]_i_119/O
                         net (fo=1, routed)           0.000    30.124    y[7]_i_119_n_0
    SLICE_X34Y76         CARRY4 (Prop_carry4_S[0]_O[0])
                                                      0.252    30.376 r  y_reg[7]_i_106/O[0]
                         net (fo=1, routed)           0.459    30.835    y_reg[7]_i_106_n_7
    SLICE_X34Y79         LUT2 (Prop_lut2_I1_O)        0.295    31.130 r  y[7]_i_82/O
                         net (fo=1, routed)           0.000    31.130    y[7]_i_82_n_0
    SLICE_X34Y79         CARRY4 (Prop_carry4_S[3]_O[3])
                                                      0.255    31.385 r  y_reg[7]_i_73/O[3]
                         net (fo=1, routed)           0.482    31.867    y_reg[7]_i_73_n_4
    SLICE_X35Y80         CARRY4 (Prop_carry4_S[0]_O[0])
                                                      0.554    32.421 r  y_reg[15]_i_282/O[0]
                         net (fo=1, routed)           0.698    33.119    y_reg[15]_i_282_n_7
    SLICE_X35Y77         LUT2 (Prop_lut2_I1_O)        0.299    33.418 r  y[7]_i_114/O
                         net (fo=1, routed)           0.000    33.418    y[7]_i_114_n_0
    SLICE_X35Y77         CARRY4 (Prop_carry4_S[0]_O[0])
                                                      0.247    33.665 r  y_reg[7]_i_94/O[0]
                         net (fo=1, routed)           0.589    34.254    y_reg[7]_i_94_n_7
    SLICE_X36Y76         LUT2 (Prop_lut2_I1_O)        0.299    34.553 r  y[7]_i_77/O
                         net (fo=1, routed)           0.000    34.553    y[7]_i_77_n_0
    SLICE_X36Y76         CARRY4 (Prop_carry4_S[2]_O[2])
                                                      0.250    34.803 r  y_reg[7]_i_66/O[2]
                         net (fo=1, routed)           0.399    35.201    y_reg[7]_i_66_n_5
    SLICE_X39Y75         LUT2 (Prop_lut2_I1_O)        0.301    35.502 r  y[7]_i_57/O
                         net (fo=1, routed)           0.000    35.502    y[7]_i_57_n_0
    SLICE_X39Y75         CARRY4 (Prop_carry4_S[3]_O[3])
                                                      0.248    35.750 r  y_reg[7]_i_51/O[3]
                         net (fo=1, routed)           0.453    36.203    y_reg[7]_i_51_n_4
    SLICE_X40Y76         LUT2 (Prop_lut2_I1_O)        0.306    36.509 r  y[15]_i_223/O
                         net (fo=1, routed)           0.000    36.509    y[15]_i_223_n_0
    SLICE_X40Y76         CARRY4 (Prop_carry4_S[0]_O[0])
                                                      0.247    36.756 r  y_reg[15]_i_193/O[0]
                         net (fo=1, routed)           0.450    37.206    y_reg[15]_i_193_n_7
    SLICE_X42Y75         LUT2 (Prop_lut2_I1_O)        0.299    37.505 r  y[15]_i_206/O
                         net (fo=1, routed)           0.000    37.505    y[15]_i_206_n_0
    SLICE_X42Y75         CARRY4 (Prop_carry4_S[3]_O[3])
                                                      0.255    37.760 r  y_reg[15]_i_178/O[3]
                         net (fo=1, routed)           0.300    38.060    y_reg[15]_i_178_n_4
    SLICE_X43Y76         LUT2 (Prop_lut2_I1_O)        0.307    38.367 r  y[7]_i_53/O
                         net (fo=1, routed)           0.000    38.367    y[7]_i_53_n_0
    SLICE_X43Y76         CARRY4 (Prop_carry4_S[3]_O[3])
                                                      0.248    38.615 r  y_reg[7]_i_47/O[3]
                         net (fo=1, routed)           0.545    39.160    y_reg[7]_i_47_n_4
    SLICE_X47Y76         LUT2 (Prop_lut2_I1_O)        0.306    39.466 r  y[15]_i_134/O
                         net (fo=1, routed)           0.000    39.466    y[15]_i_134_n_0
    SLICE_X47Y76         CARRY4 (Prop_carry4_S[2]_O[2])
                                                      0.248    39.714 r  y_reg[15]_i_105/O[2]
                         net (fo=1, routed)           0.671    40.384    y_reg[15]_i_105_n_5
    SLICE_X46Y76         LUT2 (Prop_lut2_I1_O)        0.302    40.686 r  y[7]_i_35/O
                         net (fo=1, routed)           0.000    40.686    y[7]_i_35_n_0
    SLICE_X46Y76         CARRY4 (Prop_carry4_S[3]_CO[3])
                                                      0.376    41.062 r  y_reg[7]_i_32/CO[3]
                         net (fo=1, routed)           0.000    41.062    y_reg[7]_i_32_n_0
    SLICE_X46Y77         CARRY4 (Prop_carry4_CI_O[0])
                                                      0.219    41.281 r  y_reg[15]_i_62/O[0]
                         net (fo=1, routed)           0.605    41.887    acc__0[5]
    SLICE_X45Y76         LUT2 (Prop_lut2_I1_O)        0.295    42.182 r  y[15]_i_52/O
                         net (fo=1, routed)           0.000    42.182    y[15]_i_52_n_0
    SLICE_X45Y76         CARRY4 (Prop_carry4_S[1]_O[1])
                                                      0.227    42.409 r  y_reg[15]_i_33/O[1]
                         net (fo=1, routed)           0.671    43.080    y_reg[15]_i_33_n_6
    SLICE_X46Y72         LUT2 (Prop_lut2_I1_O)        0.303    43.383 r  y[11]_i_29/O
                         net (fo=1, routed)           0.000    43.383    y[11]_i_29_n_0
    SLICE_X46Y72         CARRY4 (Prop_carry4_S[0]_O[0])
                                                      0.252    43.635 r  y_reg[11]_i_18/O[0]
                         net (fo=1, routed)           0.599    44.234    y_reg[11]_i_18_n_7
    SLICE_X47Y70         LUT2 (Prop_lut2_I1_O)        0.295    44.529 r  y[11]_i_13/O
                         net (fo=1, routed)           0.000    44.529    y[11]_i_13_n_0
    SLICE_X47Y70         CARRY4 (Prop_carry4_S[1]_O[2])
                                                      0.580    45.109 r  y_reg[11]_i_4/O[2]
                         net (fo=2, routed)           0.586    45.695    p_0_in[6]
    SLICE_X45Y70         LUT3 (Prop_lut3_I1_O)        0.302    45.997 r  y[7]_i_2/O
                         net (fo=2, routed)           0.500    46.497    y[7]_i_2_n_0
    SLICE_X44Y70         LUT4 (Prop_lut4_I0_O)        0.124    46.621 r  y[7]_i_6/O
                         net (fo=1, routed)           0.000    46.621    y[7]_i_6_n_0
    SLICE_X44Y70         CARRY4 (Prop_carry4_S[3]_O[3])
                                                      0.248    46.869 r  y_reg[7]_i_1/O[3]
                         net (fo=1, routed)           0.000    46.869    acc[7]
    SLICE_X44Y70         FDRE                                         r  y_reg[7]/D
  -------------------------------------------------------------------    -------------------

                         (clock vclk rise edge)      61.020    61.020 r  <hidden>
                                                      0.000    61.020 r  clk
                         net (fo=351, unset)          0.924    61.944    clk
    SLICE_X44Y70         FDRE                                         r  y_reg[7]/C
                         clock pessimism              0.000    61.944    <hidden>
                         clock uncertainty           -0.035    61.909    <hidden>
    SLICE_X44Y70         FDRE (Setup_fdre_C_D)        0.062    61.971    y_reg[7]
  -------------------------------------------------------------------
                         required time                         61.971    <hidden>
                         arrival time                         -46.869    <hidden>
  -------------------------------------------------------------------
                         slack                                 15.102    <hidden>

Slack (MET) :             15.814ns  (required time - arrival time)
  Source:                 d41_reg[2]/C
                            (rising edge-triggered cell FDRE clocked by vclk  {rise@0.000ns fall@30.510ns period=61.020ns})
  Destination:            y_reg[6]/D
                            (rising edge-triggered cell FDRE clocked by vclk  {rise@0.000ns fall@30.510ns period=61.020ns})
  Path Group:             vclk
  Path Type:              Setup (Max at Slow Process Corner)
  Requirement:            61.020ns  (vclk rise@61.020ns - vclk rise@0.000ns)
  Data Path Delay:        45.184ns  (logic 23.750ns (52.563%)  route 21.434ns (47.437%))
  Logic Levels:           83  (CARRY4=43 LUT2=38 LUT3=1 LUT4=1)
  Clock Path Skew:        -0.049ns (DCD - SCD + CPR)
    Destination Clock Delay (DCD):    0.924ns = ( 61.944 - 61.020 ) 
    Source Clock Delay      (SCD):    0.973ns
    Clock Pessimism Removal (CPR):    0.000ns
  Clock Uncertainty:      0.035ns  ((TSJ^2 + TIJ^2)^1/2 + DJ) / 2 + PE
    Total System Jitter     (TSJ):    0.071ns
    Total Input Jitter      (TIJ):    0.000ns
    Discrete Jitter          (DJ):    0.000ns
    Phase Error              (PE):    0.000ns

    Location             Delay type                Incr(ns)  Path(ns)    Netlist Resource(s)
  -------------------------------------------------------------------    -------------------
                         (clock vclk rise edge)       0.000     0.000 r  <hidden>
                                                      0.000     0.000 r  clk
                         net (fo=351, unset)          0.973     0.973    clk
    SLICE_X50Y69         FDRE                                         r  d41_reg[2]/C
  -------------------------------------------------------------------    -------------------
    SLICE_X50Y69         FDRE (Prop_fdre_C_Q)         0.518     1.491 r  d41_reg[2]/Q
                         net (fo=2, routed)           0.447     1.938    d41[2]
    SLICE_X51Y70         CARRY4 (Prop_carry4_S[0]_O[0])
                                                      0.371     2.309 r  y_reg[7]_i_771/O[0]
                         net (fo=2, routed)           0.466     2.776    acc0[2]
    SLICE_X50Y68         LUT2 (Prop_lut2_I0_O)        0.299     3.075 r  y[7]_i_775/O
                         net (fo=1, routed)           0.000     3.075    y[7]_i_775_n_0
    SLICE_X50Y68         CARRY4 (Prop_carry4_S[0]_O[0])
                                                      0.252     3.327 r  y_reg[7]_i_755/O[0]
                         net (fo=1, routed)           0.313     3.640    y_reg[7]_i_755_n_7
    SLICE_X52Y67         LUT2 (Prop_lut2_I1_O)        0.295     3.935 r  y[7]_i_739/O
                         net (fo=1, routed)           0.000     3.935    y[7]_i_739_n_0
    SLICE_X52Y67         CARRY4 (Prop_carry4_S[0]_O[0])
                                                      0.247     4.182 r  y_reg[7]_i_721/O[0]
                         net (fo=1, routed)           0.601     4.783    y_reg[7]_i_721_n_7
    SLICE_X51Y66         LUT2 (Prop_lut2_I1_O)        0.299     5.082 r  y[7]_i_698/O
                         net (fo=1, routed)           0.000     5.082    y[7]_i_698_n_0
    SLICE_X51Y66         CARRY4 (Prop_carry4_S[0]_O[0])
                                                      0.247     5.329 r  y_reg[7]_i_675/O[0]
                         net (fo=1, routed)           0.758     6.087    y_reg[7]_i_675_n_7
    SLICE_X46Y66         LUT2 (Prop_lut2_I1_O)        0.299     6.386 r  y[7]_i_639/O
                         net (fo=1, routed)           0.000     6.386    y[7]_i_639_n_0
    SLICE_X46Y66         CARRY4 (Prop_carry4_S[1]_O[1])
                                                      0.230     6.616 r  y_reg[7]_i_612/O[1]
                         net (fo=1, routed)           0.435     7.051    y_reg[7]_i_612_n_6
    SLICE_X43Y66         LUT2 (Prop_lut2_I1_O)        0.306     7.357 r  y[7]_i_571/O
                         net (fo=1, routed)           0.000     7.357    y[7]_i_571_n_0
    SLICE_X43Y66         CARRY4 (Prop_carry4_S[2]_O[2])
                                                      0.248     7.605 r  y_reg[7]_i_539/O[2]
                         net (fo=1, routed)           0.451     8.057    y_reg[7]_i_539_n_5
    SLICE_X44Y65         LUT2 (Prop_lut2_I1_O)        0.302     8.359 r  y[7]_i_486/O
                         net (fo=1, routed)           0.000     8.359    y[7]_i_486_n_0
    SLICE_X44Y65         CARRY4 (Prop_carry4_S[2]_O[3])
                                                      0.352     8.711 r  y_reg[7]_i_455/O[3]
                         net (fo=1, routed)           0.580     9.291    y_reg[7]_i_455_n_4
    SLICE_X45Y65         LUT2 (Prop_lut2_I1_O)        0.306     9.597 r  y[7]_i_564/O
                         net (fo=1, routed)           0.000     9.597    y[7]_i_564_n_0
    SLICE_X45Y65         CARRY4 (Prop_carry4_S[2]_O[2])
                                                      0.248     9.845 r  y_reg[7]_i_528/O[2]
                         net (fo=1, routed)           0.634    10.479    y_reg[7]_i_528_n_5
    SLICE_X45Y61         LUT2 (Prop_lut2_I1_O)        0.302    10.781 r  y[7]_i_480/O
                         net (fo=1, routed)           0.000    10.781    y[7]_i_480_n_0
    SLICE_X45Y61         CARRY4 (Prop_carry4_S[2]_O[2])
                                                      0.248    11.029 r  y_reg[7]_i_454/O[2]
                         net (fo=1, routed)           0.457    11.486    y_reg[7]_i_454_n_5
    SLICE_X43Y59         LUT2 (Prop_lut2_I1_O)        0.302    11.788 r  y[7]_i_425/O
                         net (fo=1, routed)           0.000    11.788    y[7]_i_425_n_0
    SLICE_X43Y59         CARRY4 (Prop_carry4_S[3]_CO[3])
                                                      0.401    12.189 r  y_reg[7]_i_402/CO[3]
                         net (fo=1, routed)           0.000    12.189    y_reg[7]_i_402_n_0
    SLICE_X43Y60         CARRY4 (Prop_carry4_CI_O[0])
                                                      0.222    12.411 r  y_reg[7]_i_450/O[0]
                         net (fo=1, routed)           0.440    12.851    y_reg[7]_i_450_n_7
    SLICE_X42Y59         LUT2 (Prop_lut2_I1_O)        0.299    13.150 r  y[7]_i_420/O
                         net (fo=1, routed)           0.000    13.150    y[7]_i_420_n_0
    SLICE_X42Y59         CARRY4 (Prop_carry4_S[3]_O[3])
                                                      0.255    13.405 r  y_reg[7]_i_401/O[3]
                         net (fo=1, routed)           0.552    13.958    y_reg[7]_i_401_n_4
    SLICE_X40Y60         LUT2 (Prop_lut2_I1_O)        0.307    14.265 r  y[7]_i_471/O
                         net (fo=1, routed)           0.000    14.265    y[7]_i_471_n_0
    SLICE_X40Y60         CARRY4 (Prop_carry4_S[0]_O[0])
                                                      0.247    14.512 r  y_reg[7]_i_446/O[0]
                         net (fo=1, routed)           0.571    15.082    y_reg[7]_i_446_n_7
    SLICE_X39Y62         LUT2 (Prop_lut2_I1_O)        0.299    15.381 r  y[7]_i_418/O
                         net (fo=1, routed)           0.000    15.381    y[7]_i_418_n_0
    SLICE_X39Y62         CARRY4 (Prop_carry4_S[0]_O[0])
                                                      0.247    15.628 r  y_reg[7]_i_393/O[0]
                         net (fo=1, routed)           0.581    16.209    y_reg[7]_i_393_n_7
    SLICE_X37Y61         LUT2 (Prop_lut2_I1_O)        0.299    16.508 r  y[7]_i_353/O
                         net (fo=1, routed)           0.000    16.508    y[7]_i_353_n_0
    SLICE_X37Y61         CARRY4 (Prop_carry4_S[2]_O[2])
                                                      0.248    16.756 r  y_reg[7]_i_325/O[2]
                         net (fo=1, routed)           0.327    17.083    y_reg[7]_i_325_n_5
    SLICE_X35Y61         LUT2 (Prop_lut2_I1_O)        0.302    17.385 r  y[7]_i_287/O
                         net (fo=1, routed)           0.000    17.385    y[7]_i_287_n_0
    SLICE_X35Y61         CARRY4 (Prop_carry4_S[3]_O[3])
                                                      0.248    17.633 r  y_reg[7]_i_265/O[3]
                         net (fo=1, routed)           0.687    18.320    y_reg[7]_i_265_n_4
    SLICE_X29Y62         LUT2 (Prop_lut2_I1_O)        0.306    18.626 r  y[7]_i_283/O
                         net (fo=1, routed)           0.000    18.626    y[7]_i_283_n_0
    SLICE_X29Y62         CARRY4 (Prop_carry4_S[1]_O[1])
                                                      0.227    18.853 r  y_reg[7]_i_264/O[1]
                         net (fo=1, routed)           0.291    19.144    y_reg[7]_i_264_n_6
    SLICE_X31Y62         LUT2 (Prop_lut2_I1_O)        0.303    19.447 r  y[7]_i_278/O
                         net (fo=1, routed)           0.000    19.447    y[7]_i_278_n_0
    SLICE_X31Y62         CARRY4 (Prop_carry4_S[0]_O[0])
                                                      0.247    19.694 r  y_reg[7]_i_253/O[0]
                         net (fo=1, routed)           0.602    20.296    y_reg[7]_i_253_n_7
    SLICE_X30Y63         LUT2 (Prop_lut2_I1_O)        0.299    20.595 r  y[7]_i_229/O
                         net (fo=1, routed)           0.000    20.595    y[7]_i_229_n_0
    SLICE_X30Y63         CARRY4 (Prop_carry4_S[2]_O[2])
                                                      0.250    20.845 r  y_reg[7]_i_211/O[2]
                         net (fo=1, routed)           0.627    21.472    y_reg[7]_i_211_n_5
    SLICE_X31Y66         LUT2 (Prop_lut2_I1_O)        0.301    21.773 r  y[7]_i_338/O
                         net (fo=1, routed)           0.000    21.773    y[7]_i_338_n_0
    SLICE_X31Y66         CARRY4 (Prop_carry4_S[0]_O[0])
                                                      0.247    22.020 r  y_reg[7]_i_297/O[0]
                         net (fo=1, routed)           0.505    22.525    y_reg[7]_i_297_n_7
    SLICE_X30Y67         LUT2 (Prop_lut2_I1_O)        0.299    22.824 r  y[7]_i_271/O
                         net (fo=1, routed)           0.000    22.824    y[7]_i_271_n_0
    SLICE_X30Y67         CARRY4 (Prop_carry4_S[3]_O[3])
                                                      0.255    23.079 r  y_reg[7]_i_249/O[3]
                         net (fo=1, routed)           0.547    23.626    y_reg[7]_i_249_n_4
    SLICE_X27Y67         LUT2 (Prop_lut2_I1_O)        0.307    23.933 r  y[7]_i_223/O
                         net (fo=1, routed)           0.000    23.933    y[7]_i_223_n_0
    SLICE_X27Y67         CARRY4 (Prop_carry4_S[3]_O[3])
                                                      0.248    24.181 r  y_reg[7]_i_200/O[3]
                         net (fo=1, routed)           0.317    24.498    y_reg[7]_i_200_n_4
    SLICE_X29Y68         LUT2 (Prop_lut2_I1_O)        0.306    24.804 r  y[7]_i_177/O
                         net (fo=1, routed)           0.000    24.804    y[7]_i_177_n_0
    SLICE_X29Y68         CARRY4 (Prop_carry4_S[3]_O[3])
                                                      0.248    25.052 r  y_reg[7]_i_166/O[3]
                         net (fo=1, routed)           0.423    25.475    y_reg[7]_i_166_n_4
    SLICE_X28Y69         LUT2 (Prop_lut2_I1_O)        0.306    25.781 r  y[7]_i_175/O
                         net (fo=1, routed)           0.000    25.781    y[7]_i_175_n_0
    SLICE_X28Y69         CARRY4 (Prop_carry4_S[1]_O[1])
                                                      0.227    26.008 r  y_reg[7]_i_165/O[1]
                         net (fo=1, routed)           0.403    26.411    y_reg[7]_i_165_n_6
    SLICE_X31Y70         LUT2 (Prop_lut2_I1_O)        0.303    26.714 r  y[7]_i_216/O
                         net (fo=1, routed)           0.000    26.714    y[7]_i_216_n_0
    SLICE_X31Y70         CARRY4 (Prop_carry4_S[0]_O[0])
                                                      0.247    26.961 r  y_reg[7]_i_195/O[0]
                         net (fo=1, routed)           0.600    27.562    y_reg[7]_i_195_n_7
    SLICE_X31Y74         LUT2 (Prop_lut2_I1_O)        0.299    27.861 r  y[7]_i_172/O
                         net (fo=1, routed)           0.000    27.861    y[7]_i_172_n_0
    SLICE_X31Y74         CARRY4 (Prop_carry4_S[0]_O[0])
                                                      0.247    28.108 r  y_reg[7]_i_153/O[0]
                         net (fo=1, routed)           0.569    28.677    y_reg[7]_i_153_n_7
    SLICE_X32Y76         LUT2 (Prop_lut2_I1_O)        0.299    28.976 r  y[7]_i_145/O
                         net (fo=1, routed)           0.000    28.976    y[7]_i_145_n_0
    SLICE_X32Y76         CARRY4 (Prop_carry4_S[0]_O[0])
                                                      0.252    29.228 r  y_reg[7]_i_129/O[0]
                         net (fo=1, routed)           0.602    29.829    y_reg[7]_i_129_n_7
    SLICE_X34Y76         LUT2 (Prop_lut2_I1_O)        0.295    30.124 r  y[7]_i_119/O
                         net (fo=1, routed)           0.000    30.124    y[7]_i_119_n_0
    SLICE_X34Y76         CARRY4 (Prop_carry4_S[0]_O[0])
                                                      0.252    30.376 r  y_reg[7]_i_106/O[0]
                         net (fo=1, routed)           0.459    30.835    y_reg[7]_i_106_n_7
    SLICE_X34Y79         LUT2 (Prop_lut2_I1_O)        0.295    31.130 r  y[7]_i_82/O
                         net (fo=1, routed)           0.000    31.130    y[7]_i_82_n_0
    SLICE_X34Y79         CARRY4 (Prop_carry4_S[3]_O[3])
                                                      0.255    31.385 r  y_reg[7]_i_73/O[3]
                         net (fo=1, routed)           0.482    31.867    y_reg[7]_i_73_n_4
    SLICE_X35Y80         CARRY4 (Prop_carry4_S[0]_O[0])
                                                      0.554    32.421 r  y_reg[15]_i_282/O[0]
                         net (fo=1, routed)           0.698    33.119    y_reg[15]_i_282_n_7
    SLICE_X35Y77         LUT2 (Prop_lut2_I1_O)        0.299    33.418 r  y[7]_i_114/O
                         net (fo=1, routed)           0.000    33.418    y[7]_i_114_n_0
    SLICE_X35Y77         CARRY4 (Prop_carry4_S[0]_O[0])
                                                      0.247    33.665 r  y_reg[7]_i_94/O[0]
                         net (fo=1, routed)           0.589    34.254    y_reg[7]_i_94_n_7
    SLICE_X36Y76         LUT2 (Prop_lut2_I1_O)        0.299    34.553 r  y[7]_i_77/O
                         net (fo=1, routed)           0.000    34.553    y[7]_i_77_n_0
    SLICE_X36Y76         CARRY4 (Prop_carry4_S[2]_O[2])
                                                      0.250    34.803 r  y_reg[7]_i_66/O[2]
                         net (fo=1, routed)           0.399    35.201    y_reg[7]_i_66_n_5
    SLICE_X39Y75         LUT2 (Prop_lut2_I1_O)        0.301    35.502 r  y[7]_i_57/O
                         net (fo=1, routed)           0.000    35.502    y[7]_i_57_n_0
    SLICE_X39Y75         CARRY4 (Prop_carry4_S[3]_O[3])
                                                      0.248    35.750 r  y_reg[7]_i_51/O[3]
                         net (fo=1, routed)           0.453    36.203    y_reg[7]_i_51_n_4
    SLICE_X40Y76         LUT2 (Prop_lut2_I1_O)        0.306    36.509 r  y[15]_i_223/O
                         net (fo=1, routed)           0.000    36.509    y[15]_i_223_n_0
    SLICE_X40Y76         CARRY4 (Prop_carry4_S[0]_O[0])
                                                      0.247    36.756 r  y_reg[15]_i_193/O[0]
                         net (fo=1, routed)           0.450    37.206    y_reg[15]_i_193_n_7
    SLICE_X42Y75         LUT2 (Prop_lut2_I1_O)        0.299    37.505 r  y[15]_i_206/O
                         net (fo=1, routed)           0.000    37.505    y[15]_i_206_n_0
    SLICE_X42Y75         CARRY4 (Prop_carry4_S[3]_O[3])
                                                      0.255    37.760 r  y_reg[15]_i_178/O[3]
                         net (fo=1, routed)           0.300    38.060    y_reg[15]_i_178_n_4
    SLICE_X43Y76         LUT2 (Prop_lut2_I1_O)        0.307    38.367 r  y[7]_i_53/O
                         net (fo=1, routed)           0.000    38.367    y[7]_i_53_n_0
    SLICE_X43Y76         CARRY4 (Prop_carry4_S[3]_O[3])
                                                      0.248    38.615 r  y_reg[7]_i_47/O[3]
                         net (fo=1, routed)           0.545    39.160    y_reg[7]_i_47_n_4
    SLICE_X47Y76         LUT2 (Prop_lut2_I1_O)        0.306    39.466 r  y[15]_i_134/O
                         net (fo=1, routed)           0.000    39.466    y[15]_i_134_n_0
    SLICE_X47Y76         CARRY4 (Prop_carry4_S[2]_O[2])
                                                      0.248    39.714 r  y_reg[15]_i_105/O[2]
                         net (fo=1, routed)           0.671    40.384    y_reg[15]_i_105_n_5
    SLICE_X46Y76         LUT2 (Prop_lut2_I1_O)        0.302    40.686 r  y[7]_i_35/O
                         net (fo=1, routed)           0.000    40.686    y[7]_i_35_n_0
    SLICE_X46Y76         CARRY4 (Prop_carry4_S[3]_CO[3])
                                                      0.376    41.062 r  y_reg[7]_i_32/CO[3]
                         net (fo=1, routed)           0.000    41.062    y_reg[7]_i_32_n_0
    SLICE_X46Y77         CARRY4 (Prop_carry4_CI_O[0])
                                                      0.219    41.281 r  y_reg[15]_i_62/O[0]
                         net (fo=1, routed)           0.605    41.887    acc__0[5]
    SLICE_X45Y76         LUT2 (Prop_lut2_I1_O)        0.295    42.182 r  y[15]_i_52/O
                         net (fo=1, routed)           0.000    42.182    y[15]_i_52_n_0
    SLICE_X45Y76         CARRY4 (Prop_carry4_S[1]_O[1])
                                                      0.227    42.409 r  y_reg[15]_i_33/O[1]
                         net (fo=1, routed)           0.671    43.080    y_reg[15]_i_33_n_6
    SLICE_X46Y72         LUT2 (Prop_lut2_I1_O)        0.303    43.383 r  y[11]_i_29/O
                         net (fo=1, routed)           0.000    43.383    y[11]_i_29_n_0
    SLICE_X46Y72         CARRY4 (Prop_carry4_S[0]_O[0])
                                                      0.252    43.635 r  y_reg[11]_i_18/O[0]
                         net (fo=1, routed)           0.599    44.234    y_reg[11]_i_18_n_7
    SLICE_X47Y70         LUT2 (Prop_lut2_I1_O)        0.295    44.529 r  y[11]_i_13/O
                         net (fo=1, routed)           0.000    44.529    y[11]_i_13_n_0
    SLICE_X47Y70         CARRY4 (Prop_carry4_S[1]_O[1])
                                                      0.227    44.756 r  y_reg[11]_i_4/O[1]
                         net (fo=2, routed)           0.298    45.054    p_0_in[5]
    SLICE_X45Y70         LUT3 (Prop_lut3_I1_O)        0.303    45.357 r  y[7]_i_3/O
                         net (fo=2, routed)           0.428    45.785    y[7]_i_3_n_0
    SLICE_X44Y70         LUT4 (Prop_lut4_I3_O)        0.124    45.909 r  y[7]_i_7/O
                         net (fo=1, routed)           0.000    45.909    y[7]_i_7_n_0
    SLICE_X44Y70         CARRY4 (Prop_carry4_S[2]_O[2])
                                                      0.248    46.157 r  y_reg[7]_i_1/O[2]
                         net (fo=1, routed)           0.000    46.157    acc[6]
    SLICE_X44Y70         FDRE                                         r  y_reg[6]/D
  -------------------------------------------------------------------    -------------------

                         (clock vclk rise edge)      61.020    61.020 r  <hidden>
                                                      0.000    61.020 r  clk
                         net (fo=351, unset)          0.924    61.944    clk
    SLICE_X44Y70         FDRE                                         r  y_reg[6]/C
                         clock pessimism              0.000    61.944    <hidden>
                         clock uncertainty           -0.035    61.909    <hidden>
    SLICE_X44Y70         FDRE (Setup_fdre_C_D)        0.062    61.971    y_reg[6]
  -------------------------------------------------------------------
                         required time                         61.971    <hidden>
                         arrival time                         -46.157    <hidden>
  -------------------------------------------------------------------
                         slack                                 15.814    <hidden>





Pulse Width Checks
--------------------------------------------------------------------------------------
Clock Name:         vclk
Waveform(ns):       { 0.000 30.510 }
Period(ns):         61.020
Sources:            { clk }

Check Type        Corner  Lib Pin  Reference Pin  Required(ns)  Actual(ns)  Slack(ns)  Location      Pin
Min Period        n/a     FDRE/C   n/a            1.000         61.020      60.020     SLICE_X48Y67  d0_reg[0]/C
Min Period        n/a     FDRE/C   n/a            1.000         61.020      60.020     SLICE_X50Y69  d0_reg[1]/C
Min Period        n/a     FDRE/C   n/a            1.000         61.020      60.020     SLICE_X47Y69  d0_reg[2]/C
Min Period        n/a     FDRE/C   n/a            1.000         61.020      60.020     SLICE_X48Y67  d0_reg[3]/C
Min Period        n/a     FDRE/C   n/a            1.000         61.020      60.020     SLICE_X48Y67  d0_reg[4]/C
Min Period        n/a     FDRE/C   n/a            1.000         61.020      60.020     SLICE_X47Y67  d0_reg[5]/C
Min Period        n/a     FDRE/C   n/a            1.000         61.020      60.020     SLICE_X47Y70  d0_reg[6]/C
Min Period        n/a     FDRE/C   n/a            1.000         61.020      60.020     SLICE_X47Y69  d0_reg[7]/C
Min Period        n/a     FDRE/C   n/a            1.000         61.020      60.020     SLICE_X39Y75  d10_reg[0]/C
Min Period        n/a     FDRE/C   n/a            1.000         61.020      60.020     SLICE_X38Y75  d10_reg[1]/C
Low Pulse Width   Slow    FDRE/C   n/a            0.500         30.510      30.010     SLICE_X48Y67  d0_reg[0]/C
Low Pulse Width   Fast    FDRE/C   n/a            0.500         30.510      30.010     SLICE_X48Y67  d0_reg[0]/C
Low Pulse Width   Slow    FDRE/C   n/a            0.500         30.510      30.010     SLICE_X50Y69  d0_reg[1]/C
Low Pulse Width   Fast    FDRE/C   n/a            0.500         30.510      30.010     SLICE_X50Y69  d0_reg[1]/C
Low Pulse Width   Slow    FDRE/C   n/a            0.500         30.510      30.010     SLICE_X47Y69  d0_reg[2]/C
Low Pulse Width   Fast    FDRE/C   n/a            0.500         30.510      30.010     SLICE_X47Y69  d0_reg[2]/C
Low Pulse Width   Slow    FDRE/C   n/a            0.500         30.510      30.010     SLICE_X48Y67  d0_reg[3]/C
Low Pulse Width   Fast    FDRE/C   n/a            0.500         30.510      30.010     SLICE_X48Y67  d0_reg[3]/C
Low Pulse Width   Slow    FDRE/C   n/a            0.500         30.510      30.010     SLICE_X48Y67  d0_reg[4]/C
Low Pulse Width   Fast    FDRE/C   n/a            0.500         30.510      30.010     SLICE_X48Y67  d0_reg[4]/C
High Pulse Width  Slow    FDRE/C   n/a            0.500         30.510      30.010     SLICE_X48Y67  d0_reg[0]/C
High Pulse Width  Fast    FDRE/C   n/a            0.500         30.510      30.010     SLICE_X48Y67  d0_reg[0]/C
High Pulse Width  Slow    FDRE/C   n/a            0.500         30.510      30.010     SLICE_X50Y69  d0_reg[1]/C
High Pulse Width  Fast    FDRE/C   n/a            0.500         30.510      30.010     SLICE_X50Y69  d0_reg[1]/C
High Pulse Width  Slow    FDRE/C   n/a            0.500         30.510      30.010     SLICE_X47Y69  d0_reg[2]/C
High Pulse Width  Fast    FDRE/C   n/a            0.500         30.510      30.010     SLICE_X47Y69  d0_reg[2]/C
High Pulse Width  Slow    FDRE/C   n/a            0.500         30.510      30.010     SLICE_X48Y67  d0_reg[3]/C
High Pulse Width  Fast    FDRE/C   n/a            0.500         30.510      30.010     SLICE_X48Y67  d0_reg[3]/C
High Pulse Width  Slow    FDRE/C   n/a            0.500         30.510      30.010     SLICE_X48Y67  d0_reg[4]/C
High Pulse Width  Fast    FDRE/C   n/a            0.500         30.510      30.010     SLICE_X48Y67  d0_reg[4]/C



