Copyright 1986-2022 Xilinx, Inc. All Rights Reserved. Copyright 2022-2026 Advanced Micro Devices, Inc. All Rights Reserved.
--------------------------------------------------------------------------------------------------------------------------------------------------------------------------------------------------------------------------------------------------------------------------------------------
| Tool Version : Vivado v.2026.1 (win64) Build 6511674 Tue Jun 16 11:02:23 MDT 2026
| Date         : Sun Aug 30 22:44:55 2026
| Host         : Amine running 64-bit major release  (build 9200)
| Command      : report_timing_summary -delay_type max -max_paths 10 -report_unconstrained -check_timing_verbose -warn_on_violation -file C:/Users/Amine/mas/fpga-repo/timing_closure_candidate_v7/results/c01_fir_sft_fir42_v6_8b/trial_007_search_p48p05325_a0/reports/timing_summary.rpt
| Design       : sft__fir42_v6_8b__g1
| Device       : 7z020-clg400
| Speed File   : -1  PRODUCTION 1.12 2019-11-22
| Design State : Routed
--------------------------------------------------------------------------------------------------------------------------------------------------------------------------------------------------------------------------------------------------------------------------------------------

Timing Summary Report

------------------------------------------------------------------------------------------------
| Timer Settings
| --------------
------------------------------------------------------------------------------------------------

  Enable Multi Corner Analysis               :  Yes
  Enable Pessimism Removal                   :  Yes
  Pessimism Removal Resolution               :  Nearest Common Node
  Enable Input Delay Default Clock           :  No
  Enable Preset / Clear Arcs                 :  No
  Disable Flight Delays                      :  No
  Ignore I/O Paths                           :  No
  Timing Early Launch at Borrowing Latches   :  No
  Borrow Time for Max Delay Exceptions       :  Yes
  Merge Timing Exceptions                    :  Yes
  Inter-SLR Compensation                     :  Conservative

  Corner  Analyze    Analyze    
  Name    Max Paths  Min Paths  
  ------  ---------  ---------  
  Slow    Yes        Yes        
  Fast    Yes        Yes        


------------------------------------------------------------------------------------------------
| Report Methodology
| ------------------
------------------------------------------------------------------------------------------------

No report available as report_methodology has not been run prior. Run report_methodology on the current design for the summary of methodology violations.



check_timing report

Table of Contents
-----------------
1. checking no_clock (0)
2. checking constant_clock (0)
3. checking pulse_width_clock (0)
4. checking unconstrained_internal_endpoints (0)
5. checking no_input_delay (0)
6. checking no_output_delay (0)
7. checking multiple_clock (0)
8. checking generated_clocks (0)
9. checking loops (0)
10. checking partial_input_delay (0)
11. checking partial_output_delay (0)
12. checking latch_loops (0)

1. checking no_clock (0)
------------------------
 There are 0 register/latch pins with no clock.


2. checking constant_clock (0)
------------------------------
 There are 0 register/latch pins with constant_clock.


3. checking pulse_width_clock (0)
---------------------------------
 There are 0 register/latch pins which need pulse_width check


4. checking unconstrained_internal_endpoints (0)
------------------------------------------------
 There are 0 pins that are not constrained for maximum delay.

 There are 0 pins that are not constrained for maximum delay due to constant clock.


5. checking no_input_delay (0)
------------------------------
 There are 0 input ports with no input delay specified.

 There are 0 input ports with no input delay but user has a false path constraint.


6. checking no_output_delay (0)
-------------------------------
 There are 0 ports with no output delay specified.

 There are 0 ports with no output delay but user has a false path constraint

 There are 0 ports with no output delay but with a timing clock defined on it or propagating through it


7. checking multiple_clock (0)
------------------------------
 There are 0 register/latch pins with multiple clocks.


8. checking generated_clocks (0)
--------------------------------
 There are 0 generated clocks that are not connected to a clock source.


9. checking loops (0)
---------------------
 There are 0 combinational loops in the design.


10. checking partial_input_delay (0)
------------------------------------
 There are 0 input ports with partial input delay specified.


11. checking partial_output_delay (0)
-------------------------------------
 There are 0 ports with partial output delay specified.


12. checking latch_loops (0)
----------------------------
 There are 0 combinational latch loops in the design through latch input



------------------------------------------------------------------------------------------------
| Design Timing Summary
| ---------------------
------------------------------------------------------------------------------------------------

    WNS(ns)      TNS(ns)  TNS Failing Endpoints  TNS Total Endpoints     WPWS(ns)     TPWS(ns)  TPWS Failing Endpoints  TPWS Total Endpoints  
    -------      -------  ---------------------  -------------------     --------     --------  ----------------------  --------------------  
     -0.635       -0.635                      1                  720       23.527        0.000                       0                   352  


Timing constraints are not met.


------------------------------------------------------------------------------------------------
| Clock Summary
| -------------
------------------------------------------------------------------------------------------------

Clock  Waveform(ns)       Period(ns)      Frequency(MHz)
-----  ------------       ----------      --------------
vclk   {0.000 24.026}     48.053          20.810          


------------------------------------------------------------------------------------------------
| Intra Clock Table
| -----------------
------------------------------------------------------------------------------------------------

Clock             WNS(ns)      TNS(ns)  TNS Failing Endpoints  TNS Total Endpoints     WPWS(ns)     TPWS(ns)  TPWS Failing Endpoints  TPWS Total Endpoints  
-----             -------      -------  ---------------------  -------------------     --------     --------  ----------------------  --------------------  
vclk               -0.635       -0.635                      1                  720       23.527        0.000                       0                   352  


------------------------------------------------------------------------------------------------
| Inter Clock Table
| -----------------
------------------------------------------------------------------------------------------------

From Clock    To Clock          WNS(ns)      TNS(ns)  TNS Failing Endpoints  TNS Total Endpoints  
----------    --------          -------      -------  ---------------------  -------------------  


------------------------------------------------------------------------------------------------
| Other Path Groups Table
| -----------------------
------------------------------------------------------------------------------------------------

Path Group    From Clock    To Clock          WNS(ns)      TNS(ns)  TNS Failing Endpoints  TNS Total Endpoints  
----------    ----------    --------          -------      -------  ---------------------  -------------------  


------------------------------------------------------------------------------------------------
| User Ignored Path Table
| -----------------------
------------------------------------------------------------------------------------------------

Path Group    From Clock    To Clock    
----------    ----------    --------    


------------------------------------------------------------------------------------------------
| Unconstrained Path Table
| ------------------------
------------------------------------------------------------------------------------------------

Path Group    From Clock    To Clock    
----------    ----------    --------    


------------------------------------------------------------------------------------------------
| Timing Details
| --------------
------------------------------------------------------------------------------------------------


---------------------------------------------------------------------------------------------------
From Clock:  vclk
  To Clock:  vclk

Setup :            1  Failing Endpoint ,  Worst Slack       -0.635ns,  Total Violation       -0.635ns
Hold  :           NA  Failing Endpoints,  Worst Slack           NA  ,  Total Violation           NA
PW    :            0  Failing Endpoints,  Worst Slack       23.527ns,  Total Violation        0.000ns
---------------------------------------------------------------------------------------------------


Max Delay Paths
--------------------------------------------------------------------------------------
Slack (VIOLATED) :        -0.635ns  (required time - arrival time)
  Source:                 d41_reg[3]/C
                            (rising edge-triggered cell FDRE clocked by vclk  {rise@0.000ns fall@24.027ns period=48.053ns})
  Destination:            y_reg[15]/D
                            (rising edge-triggered cell FDRE clocked by vclk  {rise@0.000ns fall@24.027ns period=48.053ns})
  Path Group:             vclk
  Path Type:              Setup (Max at Slow Process Corner)
  Requirement:            48.053ns  (vclk rise@48.053ns - vclk rise@0.000ns)
  Data Path Delay:        48.713ns  (logic 26.376ns (54.146%)  route 22.337ns (45.854%))
  Logic Levels:           64  (CARRY4=46 LUT2=18)
  Clock Path Skew:        -0.049ns (DCD - SCD + CPR)
    Destination Clock Delay (DCD):    0.924ns = ( 48.977 - 48.053 ) 
    Source Clock Delay      (SCD):    0.973ns
    Clock Pessimism Removal (CPR):    0.000ns
  Clock Uncertainty:      0.035ns  ((TSJ^2 + TIJ^2)^1/2 + DJ) / 2 + PE
    Total System Jitter     (TSJ):    0.071ns
    Total Input Jitter      (TIJ):    0.000ns
    Discrete Jitter          (DJ):    0.000ns
    Phase Error              (PE):    0.000ns

    Location             Delay type                Incr(ns)  Path(ns)    Netlist Resource(s)
  -------------------------------------------------------------------    -------------------
                         (clock vclk rise edge)       0.000     0.000 r  <hidden>
                                                      0.000     0.000 r  clk
                         net (fo=351, unset)          0.973     0.973    clk
    SLICE_X45Y59         FDRE                                         r  d41_reg[3]/C
  -------------------------------------------------------------------    -------------------
    SLICE_X45Y59         FDRE (Prop_fdre_C_Q)         0.456     1.429 r  d41_reg[3]/Q
                         net (fo=3, routed)           0.445     1.874    d41[3]
    SLICE_X46Y59         LUT2 (Prop_lut2_I0_O)        0.124     1.998 r  y[7]_i_795/O
                         net (fo=1, routed)           0.000     1.998    y[7]_i_795_n_0
    SLICE_X46Y59         CARRY4 (Prop_carry4_S[1]_O[2])
                                                      0.578     2.576 r  y_reg[7]_i_771/O[2]
                         net (fo=2, routed)           0.675     3.250    acc0[4]
    SLICE_X47Y61         CARRY4 (Prop_carry4_DI[2]_O[3])
                                                      0.615     3.865 r  y_reg[7]_i_755/O[3]
                         net (fo=1, routed)           0.585     4.451    y_reg[7]_i_755_n_4
    SLICE_X48Y61         LUT2 (Prop_lut2_I1_O)        0.306     4.757 r  y[7]_i_736/O
                         net (fo=1, routed)           0.000     4.757    y[7]_i_736_n_0
    SLICE_X48Y61         CARRY4 (Prop_carry4_S[3]_O[3])
                                                      0.248     5.005 r  y_reg[7]_i_721/O[3]
                         net (fo=1, routed)           0.871     5.876    y_reg[7]_i_721_n_4
    SLICE_X48Y57         LUT2 (Prop_lut2_I1_O)        0.306     6.182 r  y[7]_i_695/O
                         net (fo=1, routed)           0.000     6.182    y[7]_i_695_n_0
    SLICE_X48Y57         CARRY4 (Prop_carry4_S[3]_CO[3])
                                                      0.401     6.583 r  y_reg[7]_i_675/CO[3]
                         net (fo=1, routed)           0.000     6.583    y_reg[7]_i_675_n_0
    SLICE_X48Y58         CARRY4 (Prop_carry4_CI_O[0])
                                                      0.222     6.805 r  y_reg[7]_i_751/O[0]
                         net (fo=1, routed)           0.585     7.390    y_reg[7]_i_751_n_7
    SLICE_X47Y58         LUT2 (Prop_lut2_I1_O)        0.299     7.689 r  y[7]_i_733/O
                         net (fo=1, routed)           0.000     7.689    y[7]_i_733_n_0
    SLICE_X47Y58         CARRY4 (Prop_carry4_S[1]_O[1])
                                                      0.227     7.916 r  y_reg[7]_i_717/O[1]
                         net (fo=1, routed)           0.436     8.353    y_reg[7]_i_717_n_6
    SLICE_X43Y59         LUT2 (Prop_lut2_I1_O)        0.303     8.656 r  y[7]_i_691/O
                         net (fo=1, routed)           0.000     8.656    y[7]_i_691_n_0
    SLICE_X43Y59         CARRY4 (Prop_carry4_S[2]_O[2])
                                                      0.248     8.904 r  y_reg[7]_i_667/O[2]
                         net (fo=1, routed)           0.428     9.331    y_reg[7]_i_667_n_5
    SLICE_X42Y60         LUT2 (Prop_lut2_I1_O)        0.302     9.633 r  y[7]_i_632/O
                         net (fo=1, routed)           0.000     9.633    y[7]_i_632_n_0
    SLICE_X42Y60         CARRY4 (Prop_carry4_S[2]_O[2])
                                                      0.250     9.883 r  y_reg[7]_i_602/O[2]
                         net (fo=1, routed)           0.464    10.347    y_reg[7]_i_602_n_5
    SLICE_X40Y60         LUT2 (Prop_lut2_I1_O)        0.301    10.648 r  y[7]_i_628/O
                         net (fo=1, routed)           0.000    10.648    y[7]_i_628_n_0
    SLICE_X40Y60         CARRY4 (Prop_carry4_S[1]_O[1])
                                                      0.227    10.875 r  y_reg[7]_i_590/O[1]
                         net (fo=1, routed)           0.612    11.487    y_reg[7]_i_590_n_6
    SLICE_X39Y60         LUT2 (Prop_lut2_I1_O)        0.303    11.790 r  y[7]_i_559/O
                         net (fo=1, routed)           0.000    11.790    y[7]_i_559_n_0
    SLICE_X39Y60         CARRY4 (Prop_carry4_S[1]_O[2])
                                                      0.580    12.370 r  y_reg[7]_i_517/O[2]
                         net (fo=1, routed)           0.432    12.802    y_reg[7]_i_517_n_5
    SLICE_X38Y61         LUT2 (Prop_lut2_I1_O)        0.302    13.104 r  y[7]_i_473/O
                         net (fo=1, routed)           0.000    13.104    y[7]_i_473_n_0
    SLICE_X38Y61         CARRY4 (Prop_carry4_S[3]_CO[3])
                                                      0.376    13.480 r  y_reg[7]_i_450/CO[3]
                         net (fo=1, routed)           0.000    13.480    y_reg[7]_i_450_n_0
    SLICE_X38Y62         CARRY4 (Prop_carry4_CI_O[0])
                                                      0.219    13.699 r  y_reg[7]_i_581/O[0]
                         net (fo=1, routed)           0.432    14.131    y_reg[7]_i_581_n_7
    SLICE_X37Y60         LUT2 (Prop_lut2_I1_O)        0.295    14.426 r  y[7]_i_552/O
                         net (fo=1, routed)           0.000    14.426    y[7]_i_552_n_0
    SLICE_X37Y60         CARRY4 (Prop_carry4_S[3]_O[3])
                                                      0.248    14.674 r  y_reg[7]_i_513/O[3]
                         net (fo=1, routed)           0.419    15.093    y_reg[7]_i_513_n_4
    SLICE_X36Y61         LUT2 (Prop_lut2_I1_O)        0.306    15.399 r  y[7]_i_550/O
                         net (fo=1, routed)           0.000    15.399    y[7]_i_550_n_0
    SLICE_X36Y61         CARRY4 (Prop_carry4_S[0]_O[0])
                                                      0.252    15.651 r  y_reg[7]_i_501/O[0]
                         net (fo=1, routed)           0.697    16.348    y_reg[7]_i_501_n_7
    SLICE_X35Y63         LUT2 (Prop_lut2_I1_O)        0.295    16.643 r  y[7]_i_465/O
                         net (fo=1, routed)           0.000    16.643    y[7]_i_465_n_0
    SLICE_X35Y63         CARRY4 (Prop_carry4_S[0]_O[0])
                                                      0.247    16.890 r  y_reg[7]_i_438/O[0]
                         net (fo=1, routed)           0.762    17.652    y_reg[7]_i_438_n_7
    SLICE_X44Y64         LUT2 (Prop_lut2_I1_O)        0.299    17.951 r  y[7]_i_411/O
                         net (fo=1, routed)           0.000    17.951    y[7]_i_411_n_0
    SLICE_X44Y64         CARRY4 (Prop_carry4_S[2]_O[2])
                                                      0.248    18.199 r  y_reg[7]_i_385/O[2]
                         net (fo=1, routed)           0.449    18.648    y_reg[7]_i_385_n_5
    SLICE_X46Y63         LUT2 (Prop_lut2_I1_O)        0.302    18.950 r  y[7]_i_346/O
                         net (fo=1, routed)           0.000    18.950    y[7]_i_346_n_0
    SLICE_X46Y63         CARRY4 (Prop_carry4_S[3]_CO[3])
                                                      0.376    19.326 r  y_reg[7]_i_314/CO[3]
                         net (fo=1, routed)           0.000    19.326    y_reg[7]_i_314_n_0
    SLICE_X46Y64         CARRY4 (Prop_carry4_CI_O[1])
                                                      0.323    19.649 r  y_reg[7]_i_376/O[1]
                         net (fo=1, routed)           0.555    20.204    y_reg[7]_i_376_n_6
    SLICE_X45Y61         LUT2 (Prop_lut2_I1_O)        0.306    20.510 r  y[7]_i_341/O
                         net (fo=1, routed)           0.000    20.510    y[7]_i_341_n_0
    SLICE_X45Y61         CARRY4 (Prop_carry4_S[3]_CO[3])
                                                      0.401    20.911 r  y_reg[7]_i_306/CO[3]
                         net (fo=1, routed)           0.000    20.911    y_reg[7]_i_306_n_0
    SLICE_X45Y62         CARRY4 (Prop_carry4_CI_O[0])
                                                      0.222    21.133 r  y_reg[15]_i_431/O[0]
                         net (fo=1, routed)           0.629    21.762    y_reg[15]_i_431_n_7
    SLICE_X45Y58         LUT2 (Prop_lut2_I1_O)        0.299    22.061 r  y[15]_i_438/O
                         net (fo=1, routed)           0.000    22.061    y[15]_i_438_n_0
    SLICE_X45Y58         CARRY4 (Prop_carry4_S[3]_O[3])
                                                      0.248    22.309 r  y_reg[15]_i_426/O[3]
                         net (fo=1, routed)           0.585    22.894    y_reg[15]_i_426_n_4
    SLICE_X44Y58         CARRY4 (Prop_carry4_S[1]_O[1])
                                                      0.533    23.427 r  y_reg[15]_i_415/O[1]
                         net (fo=1, routed)           0.575    24.002    y_reg[15]_i_415_n_6
    SLICE_X43Y56         LUT2 (Prop_lut2_I1_O)        0.303    24.305 r  y[15]_i_417/O
                         net (fo=1, routed)           0.000    24.305    y[15]_i_417_n_0
    SLICE_X43Y56         CARRY4 (Prop_carry4_S[3]_CO[3])
                                                      0.401    24.706 r  y_reg[15]_i_411/CO[3]
                         net (fo=1, routed)           0.000    24.706    y_reg[15]_i_411_n_0
    SLICE_X43Y57         CARRY4 (Prop_carry4_CI_O[0])
                                                      0.222    24.928 r  y_reg[15]_i_402/O[0]
                         net (fo=1, routed)           0.596    25.524    y_reg[15]_i_402_n_7
    SLICE_X44Y54         CARRY4 (Prop_carry4_S[3]_O[3])
                                                      0.547    26.071 r  y_reg[15]_i_401/O[3]
                         net (fo=1, routed)           0.591    26.662    y_reg[15]_i_401_n_4
    SLICE_X45Y54         LUT2 (Prop_lut2_I1_O)        0.306    26.968 r  y[15]_i_394/O
                         net (fo=1, routed)           0.000    26.968    y[15]_i_394_n_0
    SLICE_X45Y54         CARRY4 (Prop_carry4_S[3]_O[3])
                                                      0.248    27.216 r  y_reg[15]_i_383/O[3]
                         net (fo=1, routed)           0.443    27.659    y_reg[15]_i_383_n_4
    SLICE_X47Y54         CARRY4 (Prop_carry4_S[3]_O[3])
                                                      0.554    28.213 r  y_reg[15]_i_362/O[3]
                         net (fo=1, routed)           0.450    28.663    y_reg[15]_i_362_n_4
    SLICE_X46Y55         CARRY4 (Prop_carry4_S[1]_O[2])
                                                      0.884    29.547 r  y_reg[15]_i_352/O[2]
                         net (fo=1, routed)           0.598    30.145    y_reg[15]_i_352_n_5
    SLICE_X46Y52         CARRY4 (Prop_carry4_S[1]_O[1])
                                                      0.531    30.676 r  y_reg[15]_i_341/O[1]
                         net (fo=1, routed)           0.579    31.255    y_reg[15]_i_341_n_6
    SLICE_X43Y53         CARRY4 (Prop_carry4_S[1]_O[1])
                                                      0.533    31.788 r  y_reg[15]_i_329/O[1]
                         net (fo=1, routed)           0.496    32.284    y_reg[15]_i_329_n_6
    SLICE_X42Y54         CARRY4 (Prop_carry4_S[1]_O[2])
                                                      0.881    33.165 r  y_reg[15]_i_305/O[2]
                         net (fo=1, routed)           0.428    33.594    y_reg[15]_i_305_n_5
    SLICE_X41Y55         CARRY4 (Prop_carry4_S[2]_O[2])
                                                      0.549    34.143 r  y_reg[15]_i_289/O[2]
                         net (fo=1, routed)           0.493    34.636    y_reg[15]_i_289_n_5
    SLICE_X40Y56         CARRY4 (Prop_carry4_S[1]_O[1])
                                                      0.529    35.165 r  y_reg[15]_i_269/O[1]
                         net (fo=1, routed)           0.449    35.614    y_reg[15]_i_269_n_6
    SLICE_X39Y56         CARRY4 (Prop_carry4_S[2]_O[2])
                                                      0.551    36.165 r  y_reg[15]_i_252/O[2]
                         net (fo=1, routed)           0.617    36.782    y_reg[15]_i_252_n_5
    SLICE_X38Y56         CARRY4 (Prop_carry4_S[2]_O[2])
                                                      0.552    37.334 r  y_reg[15]_i_234/O[2]
                         net (fo=1, routed)           0.541    37.875    y_reg[15]_i_234_n_5
    SLICE_X37Y58         CARRY4 (Prop_carry4_S[0]_O[0])
                                                      0.548    38.423 r  y_reg[15]_i_203/O[0]
                         net (fo=1, routed)           0.578    39.000    y_reg[15]_i_203_n_7
    SLICE_X37Y54         CARRY4 (Prop_carry4_S[1]_O[2])
                                                      0.879    39.879 r  y_reg[15]_i_165/O[2]
                         net (fo=1, routed)           0.583    40.463    y_reg[15]_i_165_n_5
    SLICE_X36Y55         CARRY4 (Prop_carry4_S[3]_O[3])
                                                      0.557    41.020 r  y_reg[15]_i_130/O[3]
                         net (fo=1, routed)           0.558    41.578    y_reg[15]_i_130_n_4
    SLICE_X35Y55         CARRY4 (Prop_carry4_S[2]_O[2])
                                                      0.555    42.133 r  y_reg[15]_i_96/O[2]
                         net (fo=1, routed)           0.495    42.627    y_reg[15]_i_96_n_5
    SLICE_X34Y55         CARRY4 (Prop_carry4_S[2]_O[2])
                                                      0.552    43.179 r  y_reg[15]_i_72/O[2]
                         net (fo=1, routed)           0.592    43.772    y_reg[15]_i_72_n_5
    SLICE_X32Y56         CARRY4 (Prop_carry4_S[1]_O[1])
                                                      0.531    44.303 r  y_reg[15]_i_48/O[1]
                         net (fo=1, routed)           0.643    44.946    y_reg[15]_i_48_n_6
    SLICE_X32Y52         CARRY4 (Prop_carry4_S[2]_O[2])
                                                      0.556    45.502 r  y_reg[15]_i_22/O[2]
                         net (fo=1, routed)           0.581    46.082    acc__0[15]
    SLICE_X33Y52         CARRY4 (Prop_carry4_S[3]_O[3])
                                                      0.549    46.631 r  y_reg[15]_i_10/O[3]
                         net (fo=1, routed)           0.437    47.068    y_reg[15]_i_10_n_4
    SLICE_X33Y56         CARRY4 (Prop_carry4_S[2]_O[2])
                                                      0.554    47.622 r  y_reg[15]_i_5/O[2]
                         net (fo=1, routed)           0.496    48.118    y_reg[15]_i_5_n_5
    SLICE_X33Y61         CARRY4 (Prop_carry4_S[3]_O[3])
                                                      0.550    48.668 r  y_reg[15]_i_3/O[3]
                         net (fo=1, routed)           0.457    49.125    p_0_in[15]
    SLICE_X34Y61         CARRY4 (Prop_carry4_S[3]_O[3])
                                                      0.561    49.686 r  y_reg[15]_i_2/O[3]
                         net (fo=1, routed)           0.000    49.686    acc[15]
    SLICE_X34Y61         FDRE                                         r  y_reg[15]/D
  -------------------------------------------------------------------    -------------------

                         (clock vclk rise edge)      48.053    48.053 r  <hidden>
                                                      0.000    48.053 r  clk
                         net (fo=351, unset)          0.924    48.977    clk
    SLICE_X34Y61         FDRE                                         r  y_reg[15]/C
                         clock pessimism              0.000    48.977    <hidden>
                         clock uncertainty           -0.035    48.942    <hidden>
    SLICE_X34Y61         FDRE (Setup_fdre_C_D)        0.109    49.051    y_reg[15]
  -------------------------------------------------------------------
                         required time                         49.051    <hidden>
                         arrival time                         -49.686    <hidden>
  -------------------------------------------------------------------
                         slack                                 -0.635    <hidden>

Slack (MET) :             0.301ns  (required time - arrival time)
  Source:                 d41_reg[3]/C
                            (rising edge-triggered cell FDRE clocked by vclk  {rise@0.000ns fall@24.027ns period=48.053ns})
  Destination:            y_reg[14]/D
                            (rising edge-triggered cell FDRE clocked by vclk  {rise@0.000ns fall@24.027ns period=48.053ns})
  Path Group:             vclk
  Path Type:              Setup (Max at Slow Process Corner)
  Requirement:            48.053ns  (vclk rise@48.053ns - vclk rise@0.000ns)
  Data Path Delay:        47.777ns  (logic 25.941ns (54.296%)  route 21.836ns (45.704%))
  Logic Levels:           64  (CARRY4=46 LUT2=18)
  Clock Path Skew:        -0.049ns (DCD - SCD + CPR)
    Destination Clock Delay (DCD):    0.924ns = ( 48.977 - 48.053 ) 
    Source Clock Delay      (SCD):    0.973ns
    Clock Pessimism Removal (CPR):    0.000ns
  Clock Uncertainty:      0.035ns  ((TSJ^2 + TIJ^2)^1/2 + DJ) / 2 + PE
    Total System Jitter     (TSJ):    0.071ns
    Total Input Jitter      (TIJ):    0.000ns
    Discrete Jitter          (DJ):    0.000ns
    Phase Error              (PE):    0.000ns

    Location             Delay type                Incr(ns)  Path(ns)    Netlist Resource(s)
  -------------------------------------------------------------------    -------------------
                         (clock vclk rise edge)       0.000     0.000 r  <hidden>
                                                      0.000     0.000 r  clk
                         net (fo=351, unset)          0.973     0.973    clk
    SLICE_X45Y59         FDRE                                         r  d41_reg[3]/C
  -------------------------------------------------------------------    -------------------
    SLICE_X45Y59         FDRE (Prop_fdre_C_Q)         0.456     1.429 r  d41_reg[3]/Q
                         net (fo=3, routed)           0.445     1.874    d41[3]
    SLICE_X46Y59         LUT2 (Prop_lut2_I0_O)        0.124     1.998 r  y[7]_i_795/O
                         net (fo=1, routed)           0.000     1.998    y[7]_i_795_n_0
    SLICE_X46Y59         CARRY4 (Prop_carry4_S[1]_O[2])
                                                      0.578     2.576 r  y_reg[7]_i_771/O[2]
                         net (fo=2, routed)           0.675     3.250    acc0[4]
    SLICE_X47Y61         CARRY4 (Prop_carry4_DI[2]_O[3])
                                                      0.615     3.865 r  y_reg[7]_i_755/O[3]
                         net (fo=1, routed)           0.585     4.451    y_reg[7]_i_755_n_4
    SLICE_X48Y61         LUT2 (Prop_lut2_I1_O)        0.306     4.757 r  y[7]_i_736/O
                         net (fo=1, routed)           0.000     4.757    y[7]_i_736_n_0
    SLICE_X48Y61         CARRY4 (Prop_carry4_S[3]_O[3])
                                                      0.248     5.005 r  y_reg[7]_i_721/O[3]
                         net (fo=1, routed)           0.871     5.876    y_reg[7]_i_721_n_4
    SLICE_X48Y57         LUT2 (Prop_lut2_I1_O)        0.306     6.182 r  y[7]_i_695/O
                         net (fo=1, routed)           0.000     6.182    y[7]_i_695_n_0
    SLICE_X48Y57         CARRY4 (Prop_carry4_S[3]_CO[3])
                                                      0.401     6.583 r  y_reg[7]_i_675/CO[3]
                         net (fo=1, routed)           0.000     6.583    y_reg[7]_i_675_n_0
    SLICE_X48Y58         CARRY4 (Prop_carry4_CI_O[0])
                                                      0.222     6.805 r  y_reg[7]_i_751/O[0]
                         net (fo=1, routed)           0.585     7.390    y_reg[7]_i_751_n_7
    SLICE_X47Y58         LUT2 (Prop_lut2_I1_O)        0.299     7.689 r  y[7]_i_733/O
                         net (fo=1, routed)           0.000     7.689    y[7]_i_733_n_0
    SLICE_X47Y58         CARRY4 (Prop_carry4_S[1]_O[1])
                                                      0.227     7.916 r  y_reg[7]_i_717/O[1]
                         net (fo=1, routed)           0.436     8.353    y_reg[7]_i_717_n_6
    SLICE_X43Y59         LUT2 (Prop_lut2_I1_O)        0.303     8.656 r  y[7]_i_691/O
                         net (fo=1, routed)           0.000     8.656    y[7]_i_691_n_0
    SLICE_X43Y59         CARRY4 (Prop_carry4_S[2]_O[2])
                                                      0.248     8.904 r  y_reg[7]_i_667/O[2]
                         net (fo=1, routed)           0.428     9.331    y_reg[7]_i_667_n_5
    SLICE_X42Y60         LUT2 (Prop_lut2_I1_O)        0.302     9.633 r  y[7]_i_632/O
                         net (fo=1, routed)           0.000     9.633    y[7]_i_632_n_0
    SLICE_X42Y60         CARRY4 (Prop_carry4_S[2]_O[2])
                                                      0.250     9.883 r  y_reg[7]_i_602/O[2]
                         net (fo=1, routed)           0.464    10.347    y_reg[7]_i_602_n_5
    SLICE_X40Y60         LUT2 (Prop_lut2_I1_O)        0.301    10.648 r  y[7]_i_628/O
                         net (fo=1, routed)           0.000    10.648    y[7]_i_628_n_0
    SLICE_X40Y60         CARRY4 (Prop_carry4_S[1]_O[1])
                                                      0.227    10.875 r  y_reg[7]_i_590/O[1]
                         net (fo=1, routed)           0.612    11.487    y_reg[7]_i_590_n_6
    SLICE_X39Y60         LUT2 (Prop_lut2_I1_O)        0.303    11.790 r  y[7]_i_559/O
                         net (fo=1, routed)           0.000    11.790    y[7]_i_559_n_0
    SLICE_X39Y60         CARRY4 (Prop_carry4_S[1]_O[2])
                                                      0.580    12.370 r  y_reg[7]_i_517/O[2]
                         net (fo=1, routed)           0.432    12.802    y_reg[7]_i_517_n_5
    SLICE_X38Y61         LUT2 (Prop_lut2_I1_O)        0.302    13.104 r  y[7]_i_473/O
                         net (fo=1, routed)           0.000    13.104    y[7]_i_473_n_0
    SLICE_X38Y61         CARRY4 (Prop_carry4_S[3]_CO[3])
                                                      0.376    13.480 r  y_reg[7]_i_450/CO[3]
                         net (fo=1, routed)           0.000    13.480    y_reg[7]_i_450_n_0
    SLICE_X38Y62         CARRY4 (Prop_carry4_CI_O[0])
                                                      0.219    13.699 r  y_reg[7]_i_581/O[0]
                         net (fo=1, routed)           0.432    14.131    y_reg[7]_i_581_n_7
    SLICE_X37Y60         LUT2 (Prop_lut2_I1_O)        0.295    14.426 r  y[7]_i_552/O
                         net (fo=1, routed)           0.000    14.426    y[7]_i_552_n_0
    SLICE_X37Y60         CARRY4 (Prop_carry4_S[3]_O[3])
                                                      0.248    14.674 r  y_reg[7]_i_513/O[3]
                         net (fo=1, routed)           0.419    15.093    y_reg[7]_i_513_n_4
    SLICE_X36Y61         LUT2 (Prop_lut2_I1_O)        0.306    15.399 r  y[7]_i_550/O
                         net (fo=1, routed)           0.000    15.399    y[7]_i_550_n_0
    SLICE_X36Y61         CARRY4 (Prop_carry4_S[0]_O[0])
                                                      0.252    15.651 r  y_reg[7]_i_501/O[0]
                         net (fo=1, routed)           0.697    16.348    y_reg[7]_i_501_n_7
    SLICE_X35Y63         LUT2 (Prop_lut2_I1_O)        0.295    16.643 r  y[7]_i_465/O
                         net (fo=1, routed)           0.000    16.643    y[7]_i_465_n_0
    SLICE_X35Y63         CARRY4 (Prop_carry4_S[0]_O[0])
                                                      0.247    16.890 r  y_reg[7]_i_438/O[0]
                         net (fo=1, routed)           0.762    17.652    y_reg[7]_i_438_n_7
    SLICE_X44Y64         LUT2 (Prop_lut2_I1_O)        0.299    17.951 r  y[7]_i_411/O
                         net (fo=1, routed)           0.000    17.951    y[7]_i_411_n_0
    SLICE_X44Y64         CARRY4 (Prop_carry4_S[2]_O[2])
                                                      0.248    18.199 r  y_reg[7]_i_385/O[2]
                         net (fo=1, routed)           0.449    18.648    y_reg[7]_i_385_n_5
    SLICE_X46Y63         LUT2 (Prop_lut2_I1_O)        0.302    18.950 r  y[7]_i_346/O
                         net (fo=1, routed)           0.000    18.950    y[7]_i_346_n_0
    SLICE_X46Y63         CARRY4 (Prop_carry4_S[3]_CO[3])
                                                      0.376    19.326 r  y_reg[7]_i_314/CO[3]
                         net (fo=1, routed)           0.000    19.326    y_reg[7]_i_314_n_0
    SLICE_X46Y64         CARRY4 (Prop_carry4_CI_O[1])
                                                      0.323    19.649 r  y_reg[7]_i_376/O[1]
                         net (fo=1, routed)           0.555    20.204    y_reg[7]_i_376_n_6
    SLICE_X45Y61         LUT2 (Prop_lut2_I1_O)        0.306    20.510 r  y[7]_i_341/O
                         net (fo=1, routed)           0.000    20.510    y[7]_i_341_n_0
    SLICE_X45Y61         CARRY4 (Prop_carry4_S[3]_CO[3])
                                                      0.401    20.911 r  y_reg[7]_i_306/CO[3]
                         net (fo=1, routed)           0.000    20.911    y_reg[7]_i_306_n_0
    SLICE_X45Y62         CARRY4 (Prop_carry4_CI_O[0])
                                                      0.222    21.133 r  y_reg[15]_i_431/O[0]
                         net (fo=1, routed)           0.629    21.762    y_reg[15]_i_431_n_7
    SLICE_X45Y58         LUT2 (Prop_lut2_I1_O)        0.299    22.061 r  y[15]_i_438/O
                         net (fo=1, routed)           0.000    22.061    y[15]_i_438_n_0
    SLICE_X45Y58         CARRY4 (Prop_carry4_S[3]_O[3])
                                                      0.248    22.309 r  y_reg[15]_i_426/O[3]
                         net (fo=1, routed)           0.585    22.894    y_reg[15]_i_426_n_4
    SLICE_X44Y58         CARRY4 (Prop_carry4_S[1]_O[1])
                                                      0.533    23.427 r  y_reg[15]_i_415/O[1]
                         net (fo=1, routed)           0.575    24.002    y_reg[15]_i_415_n_6
    SLICE_X43Y56         LUT2 (Prop_lut2_I1_O)        0.303    24.305 r  y[15]_i_417/O
                         net (fo=1, routed)           0.000    24.305    y[15]_i_417_n_0
    SLICE_X43Y56         CARRY4 (Prop_carry4_S[3]_CO[3])
                                                      0.401    24.706 r  y_reg[15]_i_411/CO[3]
                         net (fo=1, routed)           0.000    24.706    y_reg[15]_i_411_n_0
    SLICE_X43Y57         CARRY4 (Prop_carry4_CI_O[0])
                                                      0.222    24.928 r  y_reg[15]_i_402/O[0]
                         net (fo=1, routed)           0.596    25.524    y_reg[15]_i_402_n_7
    SLICE_X44Y54         CARRY4 (Prop_carry4_S[3]_O[3])
                                                      0.547    26.071 r  y_reg[15]_i_401/O[3]
                         net (fo=1, routed)           0.591    26.662    y_reg[15]_i_401_n_4
    SLICE_X45Y54         LUT2 (Prop_lut2_I1_O)        0.306    26.968 r  y[15]_i_394/O
                         net (fo=1, routed)           0.000    26.968    y[15]_i_394_n_0
    SLICE_X45Y54         CARRY4 (Prop_carry4_S[3]_O[3])
                                                      0.248    27.216 r  y_reg[15]_i_383/O[3]
                         net (fo=1, routed)           0.443    27.659    y_reg[15]_i_383_n_4
    SLICE_X47Y54         CARRY4 (Prop_carry4_S[3]_O[3])
                                                      0.554    28.213 r  y_reg[15]_i_362/O[3]
                         net (fo=1, routed)           0.450    28.663    y_reg[15]_i_362_n_4
    SLICE_X46Y55         CARRY4 (Prop_carry4_S[1]_O[2])
                                                      0.884    29.547 r  y_reg[15]_i_352/O[2]
                         net (fo=1, routed)           0.598    30.145    y_reg[15]_i_352_n_5
    SLICE_X46Y52         CARRY4 (Prop_carry4_S[1]_O[1])
                                                      0.531    30.676 r  y_reg[15]_i_341/O[1]
                         net (fo=1, routed)           0.579    31.255    y_reg[15]_i_341_n_6
    SLICE_X43Y53         CARRY4 (Prop_carry4_S[1]_O[1])
                                                      0.533    31.788 r  y_reg[15]_i_329/O[1]
                         net (fo=1, routed)           0.496    32.284    y_reg[15]_i_329_n_6
    SLICE_X42Y54         CARRY4 (Prop_carry4_S[1]_O[2])
                                                      0.881    33.165 r  y_reg[15]_i_305/O[2]
                         net (fo=1, routed)           0.428    33.594    y_reg[15]_i_305_n_5
    SLICE_X41Y55         CARRY4 (Prop_carry4_S[2]_O[2])
                                                      0.549    34.143 r  y_reg[15]_i_289/O[2]
                         net (fo=1, routed)           0.493    34.636    y_reg[15]_i_289_n_5
    SLICE_X40Y56         CARRY4 (Prop_carry4_S[1]_O[1])
                                                      0.529    35.165 r  y_reg[15]_i_269/O[1]
                         net (fo=1, routed)           0.449    35.614    y_reg[15]_i_269_n_6
    SLICE_X39Y56         CARRY4 (Prop_carry4_S[2]_O[2])
                                                      0.551    36.165 r  y_reg[15]_i_252/O[2]
                         net (fo=1, routed)           0.617    36.782    y_reg[15]_i_252_n_5
    SLICE_X38Y56         CARRY4 (Prop_carry4_S[2]_O[2])
                                                      0.552    37.334 r  y_reg[15]_i_234/O[2]
                         net (fo=1, routed)           0.541    37.875    y_reg[15]_i_234_n_5
    SLICE_X37Y58         CARRY4 (Prop_carry4_S[0]_O[0])
                                                      0.548    38.423 r  y_reg[15]_i_203/O[0]
                         net (fo=1, routed)           0.578    39.000    y_reg[15]_i_203_n_7
    SLICE_X37Y54         CARRY4 (Prop_carry4_S[1]_O[1])
                                                      0.526    39.526 r  y_reg[15]_i_165/O[1]
                         net (fo=1, routed)           0.306    39.832    y_reg[15]_i_165_n_6
    SLICE_X36Y55         CARRY4 (Prop_carry4_S[2]_O[2])
                                                      0.553    40.385 r  y_reg[15]_i_130/O[2]
                         net (fo=1, routed)           0.438    40.823    y_reg[15]_i_130_n_5
    SLICE_X35Y55         CARRY4 (Prop_carry4_S[1]_O[1])
                                                      0.528    41.351 r  y_reg[15]_i_96/O[1]
                         net (fo=1, routed)           0.602    41.953    y_reg[15]_i_96_n_6
    SLICE_X34Y55         CARRY4 (Prop_carry4_S[1]_O[1])
                                                      0.533    42.486 r  y_reg[15]_i_72/O[1]
                         net (fo=1, routed)           0.460    42.946    y_reg[15]_i_72_n_6
    SLICE_X32Y56         CARRY4 (Prop_carry4_S[0]_O[0])
                                                      0.558    43.504 r  y_reg[15]_i_48/O[0]
                         net (fo=1, routed)           0.602    44.106    y_reg[15]_i_48_n_7
    SLICE_X32Y52         CARRY4 (Prop_carry4_S[1]_O[1])
                                                      0.525    44.631 r  y_reg[15]_i_22/O[1]
                         net (fo=1, routed)           0.295    44.926    acc__0[14]
    SLICE_X33Y52         CARRY4 (Prop_carry4_S[2]_O[2])
                                                      0.554    45.480 r  y_reg[15]_i_10/O[2]
                         net (fo=1, routed)           0.695    46.174    y_reg[15]_i_10_n_5
    SLICE_X33Y56         CARRY4 (Prop_carry4_S[1]_O[1])
                                                      0.529    46.703 r  y_reg[15]_i_5/O[1]
                         net (fo=1, routed)           0.630    47.333    y_reg[15]_i_5_n_6
    SLICE_X33Y61         CARRY4 (Prop_carry4_S[2]_O[2])
                                                      0.551    47.884 r  y_reg[15]_i_3/O[2]
                         net (fo=1, routed)           0.313    48.198    p_0_in[14]
    SLICE_X34Y61         CARRY4 (Prop_carry4_S[2]_O[2])
                                                      0.552    48.750 r  y_reg[15]_i_2/O[2]
                         net (fo=1, routed)           0.000    48.750    acc[14]
    SLICE_X34Y61         FDRE                                         r  y_reg[14]/D
  -------------------------------------------------------------------    -------------------

                         (clock vclk rise edge)      48.053    48.053 r  <hidden>
                                                      0.000    48.053 r  clk
                         net (fo=351, unset)          0.924    48.977    clk
    SLICE_X34Y61         FDRE                                         r  y_reg[14]/C
                         clock pessimism              0.000    48.977    <hidden>
                         clock uncertainty           -0.035    48.942    <hidden>
    SLICE_X34Y61         FDRE (Setup_fdre_C_D)        0.109    49.051    y_reg[14]
  -------------------------------------------------------------------
                         required time                         49.051    <hidden>
                         arrival time                         -48.750    <hidden>
  -------------------------------------------------------------------
                         slack                                  0.301    <hidden>

Slack (MET) :             0.773ns  (required time - arrival time)
  Source:                 d41_reg[3]/C
                            (rising edge-triggered cell FDRE clocked by vclk  {rise@0.000ns fall@24.027ns period=48.053ns})
  Destination:            y_reg[13]/D
                            (rising edge-triggered cell FDRE clocked by vclk  {rise@0.000ns fall@24.027ns period=48.053ns})
  Path Group:             vclk
  Path Type:              Setup (Max at Slow Process Corner)
  Requirement:            48.053ns  (vclk rise@48.053ns - vclk rise@0.000ns)
  Data Path Delay:        47.305ns  (logic 25.602ns (54.121%)  route 21.703ns (45.879%))
  Logic Levels:           78  (CARRY4=46 LUT2=32)
  Clock Path Skew:        -0.049ns (DCD - SCD + CPR)
    Destination Clock Delay (DCD):    0.924ns = ( 48.977 - 48.053 ) 
    Source Clock Delay      (SCD):    0.973ns
    Clock Pessimism Removal (CPR):    0.000ns
  Clock Uncertainty:      0.035ns  ((TSJ^2 + TIJ^2)^1/2 + DJ) / 2 + PE
    Total System Jitter     (TSJ):    0.071ns
    Total Input Jitter      (TIJ):    0.000ns
    Discrete Jitter          (DJ):    0.000ns
    Phase Error              (PE):    0.000ns

    Location             Delay type                Incr(ns)  Path(ns)    Netlist Resource(s)
  -------------------------------------------------------------------    -------------------
                         (clock vclk rise edge)       0.000     0.000 r  <hidden>
                                                      0.000     0.000 r  clk
                         net (fo=351, unset)          0.973     0.973    clk
    SLICE_X45Y59         FDRE                                         r  d41_reg[3]/C
  -------------------------------------------------------------------    -------------------
    SLICE_X45Y59         FDRE (Prop_fdre_C_Q)         0.456     1.429 r  d41_reg[3]/Q
                         net (fo=3, routed)           0.445     1.874    d41[3]
    SLICE_X46Y59         LUT2 (Prop_lut2_I0_O)        0.124     1.998 r  y[7]_i_795/O
                         net (fo=1, routed)           0.000     1.998    y[7]_i_795_n_0
    SLICE_X46Y59         CARRY4 (Prop_carry4_S[1]_O[2])
                                                      0.578     2.576 r  y_reg[7]_i_771/O[2]
                         net (fo=2, routed)           0.675     3.250    acc0[4]
    SLICE_X47Y61         CARRY4 (Prop_carry4_DI[2]_O[3])
                                                      0.615     3.865 r  y_reg[7]_i_755/O[3]
                         net (fo=1, routed)           0.585     4.451    y_reg[7]_i_755_n_4
    SLICE_X48Y61         LUT2 (Prop_lut2_I1_O)        0.306     4.757 r  y[7]_i_736/O
                         net (fo=1, routed)           0.000     4.757    y[7]_i_736_n_0
    SLICE_X48Y61         CARRY4 (Prop_carry4_S[3]_O[3])
                                                      0.248     5.005 r  y_reg[7]_i_721/O[3]
                         net (fo=1, routed)           0.871     5.876    y_reg[7]_i_721_n_4
    SLICE_X48Y57         LUT2 (Prop_lut2_I1_O)        0.306     6.182 r  y[7]_i_695/O
                         net (fo=1, routed)           0.000     6.182    y[7]_i_695_n_0
    SLICE_X48Y57         CARRY4 (Prop_carry4_S[3]_CO[3])
                                                      0.401     6.583 r  y_reg[7]_i_675/CO[3]
                         net (fo=1, routed)           0.000     6.583    y_reg[7]_i_675_n_0
    SLICE_X48Y58         CARRY4 (Prop_carry4_CI_O[0])
                                                      0.222     6.805 r  y_reg[7]_i_751/O[0]
                         net (fo=1, routed)           0.585     7.390    y_reg[7]_i_751_n_7
    SLICE_X47Y58         LUT2 (Prop_lut2_I1_O)        0.299     7.689 r  y[7]_i_733/O
                         net (fo=1, routed)           0.000     7.689    y[7]_i_733_n_0
    SLICE_X47Y58         CARRY4 (Prop_carry4_S[1]_O[1])
                                                      0.227     7.916 r  y_reg[7]_i_717/O[1]
                         net (fo=1, routed)           0.436     8.353    y_reg[7]_i_717_n_6
    SLICE_X43Y59         LUT2 (Prop_lut2_I1_O)        0.303     8.656 r  y[7]_i_691/O
                         net (fo=1, routed)           0.000     8.656    y[7]_i_691_n_0
    SLICE_X43Y59         CARRY4 (Prop_carry4_S[2]_O[2])
                                                      0.248     8.904 r  y_reg[7]_i_667/O[2]
                         net (fo=1, routed)           0.428     9.331    y_reg[7]_i_667_n_5
    SLICE_X42Y60         LUT2 (Prop_lut2_I1_O)        0.302     9.633 r  y[7]_i_632/O
                         net (fo=1, routed)           0.000     9.633    y[7]_i_632_n_0
    SLICE_X42Y60         CARRY4 (Prop_carry4_S[2]_O[2])
                                                      0.250     9.883 r  y_reg[7]_i_602/O[2]
                         net (fo=1, routed)           0.464    10.347    y_reg[7]_i_602_n_5
    SLICE_X40Y60         LUT2 (Prop_lut2_I1_O)        0.301    10.648 r  y[7]_i_628/O
                         net (fo=1, routed)           0.000    10.648    y[7]_i_628_n_0
    SLICE_X40Y60         CARRY4 (Prop_carry4_S[1]_O[1])
                                                      0.227    10.875 r  y_reg[7]_i_590/O[1]
                         net (fo=1, routed)           0.612    11.487    y_reg[7]_i_590_n_6
    SLICE_X39Y60         LUT2 (Prop_lut2_I1_O)        0.303    11.790 r  y[7]_i_559/O
                         net (fo=1, routed)           0.000    11.790    y[7]_i_559_n_0
    SLICE_X39Y60         CARRY4 (Prop_carry4_S[1]_O[2])
                                                      0.580    12.370 r  y_reg[7]_i_517/O[2]
                         net (fo=1, routed)           0.432    12.802    y_reg[7]_i_517_n_5
    SLICE_X38Y61         LUT2 (Prop_lut2_I1_O)        0.302    13.104 r  y[7]_i_473/O
                         net (fo=1, routed)           0.000    13.104    y[7]_i_473_n_0
    SLICE_X38Y61         CARRY4 (Prop_carry4_S[3]_CO[3])
                                                      0.376    13.480 r  y_reg[7]_i_450/CO[3]
                         net (fo=1, routed)           0.000    13.480    y_reg[7]_i_450_n_0
    SLICE_X38Y62         CARRY4 (Prop_carry4_CI_O[0])
                                                      0.219    13.699 r  y_reg[7]_i_581/O[0]
                         net (fo=1, routed)           0.432    14.131    y_reg[7]_i_581_n_7
    SLICE_X37Y60         LUT2 (Prop_lut2_I1_O)        0.295    14.426 r  y[7]_i_552/O
                         net (fo=1, routed)           0.000    14.426    y[7]_i_552_n_0
    SLICE_X37Y60         CARRY4 (Prop_carry4_S[3]_O[3])
                                                      0.248    14.674 r  y_reg[7]_i_513/O[3]
                         net (fo=1, routed)           0.419    15.093    y_reg[7]_i_513_n_4
    SLICE_X36Y61         LUT2 (Prop_lut2_I1_O)        0.306    15.399 r  y[7]_i_550/O
                         net (fo=1, routed)           0.000    15.399    y[7]_i_550_n_0
    SLICE_X36Y61         CARRY4 (Prop_carry4_S[0]_O[0])
                                                      0.252    15.651 r  y_reg[7]_i_501/O[0]
                         net (fo=1, routed)           0.697    16.348    y_reg[7]_i_501_n_7
    SLICE_X35Y63         LUT2 (Prop_lut2_I1_O)        0.295    16.643 r  y[7]_i_465/O
                         net (fo=1, routed)           0.000    16.643    y[7]_i_465_n_0
    SLICE_X35Y63         CARRY4 (Prop_carry4_S[0]_O[0])
                                                      0.247    16.890 r  y_reg[7]_i_438/O[0]
                         net (fo=1, routed)           0.762    17.652    y_reg[7]_i_438_n_7
    SLICE_X44Y64         LUT2 (Prop_lut2_I1_O)        0.299    17.951 r  y[7]_i_411/O
                         net (fo=1, routed)           0.000    17.951    y[7]_i_411_n_0
    SLICE_X44Y64         CARRY4 (Prop_carry4_S[2]_O[2])
                                                      0.248    18.199 r  y_reg[7]_i_385/O[2]
                         net (fo=1, routed)           0.449    18.648    y_reg[7]_i_385_n_5
    SLICE_X46Y63         LUT2 (Prop_lut2_I1_O)        0.302    18.950 r  y[7]_i_346/O
                         net (fo=1, routed)           0.000    18.950    y[7]_i_346_n_0
    SLICE_X46Y63         CARRY4 (Prop_carry4_S[3]_CO[3])
                                                      0.376    19.326 r  y_reg[7]_i_314/CO[3]
                         net (fo=1, routed)           0.000    19.326    y_reg[7]_i_314_n_0
    SLICE_X46Y64         CARRY4 (Prop_carry4_CI_O[1])
                                                      0.323    19.649 r  y_reg[7]_i_376/O[1]
                         net (fo=1, routed)           0.555    20.204    y_reg[7]_i_376_n_6
    SLICE_X45Y61         LUT2 (Prop_lut2_I1_O)        0.306    20.510 r  y[7]_i_341/O
                         net (fo=1, routed)           0.000    20.510    y[7]_i_341_n_0
    SLICE_X45Y61         CARRY4 (Prop_carry4_S[3]_CO[3])
                                                      0.401    20.911 r  y_reg[7]_i_306/CO[3]
                         net (fo=1, routed)           0.000    20.911    y_reg[7]_i_306_n_0
    SLICE_X45Y62         CARRY4 (Prop_carry4_CI_O[0])
                                                      0.222    21.133 r  y_reg[15]_i_431/O[0]
                         net (fo=1, routed)           0.629    21.762    y_reg[15]_i_431_n_7
    SLICE_X45Y58         LUT2 (Prop_lut2_I1_O)        0.299    22.061 r  y[15]_i_438/O
                         net (fo=1, routed)           0.000    22.061    y[15]_i_438_n_0
    SLICE_X45Y58         CARRY4 (Prop_carry4_S[3]_O[3])
                                                      0.248    22.309 r  y_reg[15]_i_426/O[3]
                         net (fo=1, routed)           0.585    22.894    y_reg[15]_i_426_n_4
    SLICE_X44Y58         CARRY4 (Prop_carry4_S[1]_O[1])
                                                      0.533    23.427 r  y_reg[15]_i_415/O[1]
                         net (fo=1, routed)           0.575    24.002    y_reg[15]_i_415_n_6
    SLICE_X43Y56         LUT2 (Prop_lut2_I1_O)        0.303    24.305 r  y[15]_i_417/O
                         net (fo=1, routed)           0.000    24.305    y[15]_i_417_n_0
    SLICE_X43Y56         CARRY4 (Prop_carry4_S[3]_CO[3])
                                                      0.401    24.706 r  y_reg[15]_i_411/CO[3]
                         net (fo=1, routed)           0.000    24.706    y_reg[15]_i_411_n_0
    SLICE_X43Y57         CARRY4 (Prop_carry4_CI_O[0])
                                                      0.222    24.928 r  y_reg[15]_i_402/O[0]
                         net (fo=1, routed)           0.596    25.524    y_reg[15]_i_402_n_7
    SLICE_X44Y54         CARRY4 (Prop_carry4_S[3]_O[3])
                                                      0.547    26.071 r  y_reg[15]_i_401/O[3]
                         net (fo=1, routed)           0.591    26.662    y_reg[15]_i_401_n_4
    SLICE_X45Y54         LUT2 (Prop_lut2_I1_O)        0.306    26.968 r  y[15]_i_394/O
                         net (fo=1, routed)           0.000    26.968    y[15]_i_394_n_0
    SLICE_X45Y54         CARRY4 (Prop_carry4_S[3]_O[3])
                                                      0.248    27.216 r  y_reg[15]_i_383/O[3]
                         net (fo=1, routed)           0.443    27.659    y_reg[15]_i_383_n_4
    SLICE_X47Y54         CARRY4 (Prop_carry4_S[3]_O[3])
                                                      0.554    28.213 r  y_reg[15]_i_362/O[3]
                         net (fo=1, routed)           0.450    28.663    y_reg[15]_i_362_n_4
    SLICE_X46Y55         CARRY4 (Prop_carry4_S[1]_O[1])
                                                      0.536    29.198 r  y_reg[15]_i_352/O[1]
                         net (fo=1, routed)           0.594    29.793    y_reg[15]_i_352_n_6
    SLICE_X46Y52         CARRY4 (Prop_carry4_S[0]_O[0])
                                                      0.558    30.351 r  y_reg[15]_i_341/O[0]
                         net (fo=1, routed)           0.457    30.807    y_reg[15]_i_341_n_7
    SLICE_X43Y53         LUT2 (Prop_lut2_I1_O)        0.295    31.102 r  y[15]_i_342/O
                         net (fo=1, routed)           0.000    31.102    y[15]_i_342_n_0
    SLICE_X43Y53         CARRY4 (Prop_carry4_S[0]_O[0])
                                                      0.247    31.349 r  y_reg[15]_i_329/O[0]
                         net (fo=1, routed)           0.310    31.659    y_reg[15]_i_329_n_7
    SLICE_X42Y54         LUT2 (Prop_lut2_I1_O)        0.299    31.958 r  y[15]_i_330/O
                         net (fo=1, routed)           0.000    31.958    y[15]_i_330_n_0
    SLICE_X42Y54         CARRY4 (Prop_carry4_S[0]_O[0])
                                                      0.252    32.210 r  y_reg[15]_i_305/O[0]
                         net (fo=1, routed)           0.430    32.641    y_reg[15]_i_305_n_7
    SLICE_X41Y55         LUT2 (Prop_lut2_I1_O)        0.295    32.936 r  y[15]_i_307/O
                         net (fo=1, routed)           0.000    32.936    y[15]_i_307_n_0
    SLICE_X41Y55         CARRY4 (Prop_carry4_S[0]_O[0])
                                                      0.247    33.183 r  y_reg[15]_i_289/O[0]
                         net (fo=1, routed)           0.354    33.537    y_reg[15]_i_289_n_7
    SLICE_X40Y55         LUT2 (Prop_lut2_I1_O)        0.299    33.836 r  y[15]_i_296/O
                         net (fo=1, routed)           0.000    33.836    y[15]_i_296_n_0
    SLICE_X40Y55         CARRY4 (Prop_carry4_S[3]_O[3])
                                                      0.248    34.084 r  y_reg[15]_i_287/O[3]
                         net (fo=1, routed)           0.430    34.514    y_reg[15]_i_287_n_4
    SLICE_X39Y56         LUT2 (Prop_lut2_I1_O)        0.306    34.820 r  y[15]_i_270/O
                         net (fo=1, routed)           0.000    34.820    y[15]_i_270_n_0
    SLICE_X39Y56         CARRY4 (Prop_carry4_S[0]_O[0])
                                                      0.247    35.067 r  y_reg[15]_i_252/O[0]
                         net (fo=1, routed)           0.429    35.496    y_reg[15]_i_252_n_7
    SLICE_X38Y56         LUT2 (Prop_lut2_I1_O)        0.299    35.795 r  y[15]_i_253/O
                         net (fo=1, routed)           0.000    35.795    y[15]_i_253_n_0
    SLICE_X38Y56         CARRY4 (Prop_carry4_S[0]_O[0])
                                                      0.252    36.047 r  y_reg[15]_i_234/O[0]
                         net (fo=1, routed)           0.540    36.587    y_reg[15]_i_234_n_7
    SLICE_X37Y57         CARRY4 (Prop_carry4_S[2]_O[2])
                                                      0.543    37.130 r  y_reg[15]_i_204/O[2]
                         net (fo=1, routed)           0.585    37.715    y_reg[15]_i_204_n_5
    SLICE_X37Y53         CARRY4 (Prop_carry4_S[3]_O[3])
                                                      0.550    38.265 r  y_reg[15]_i_202/O[3]
                         net (fo=1, routed)           0.560    38.825    y_reg[15]_i_202_n_4
    SLICE_X36Y55         LUT2 (Prop_lut2_I1_O)        0.306    39.131 r  y[15]_i_167/O
                         net (fo=1, routed)           0.000    39.131    y[15]_i_167_n_0
    SLICE_X36Y55         CARRY4 (Prop_carry4_S[0]_O[0])
                                                      0.252    39.383 r  y_reg[15]_i_130/O[0]
                         net (fo=1, routed)           0.458    39.841    y_reg[15]_i_130_n_7
    SLICE_X35Y54         LUT2 (Prop_lut2_I1_O)        0.295    40.136 r  y[15]_i_156/O
                         net (fo=1, routed)           0.000    40.136    y[15]_i_156_n_0
    SLICE_X35Y54         CARRY4 (Prop_carry4_S[3]_O[3])
                                                      0.248    40.384 r  y_reg[15]_i_128/O[3]
                         net (fo=1, routed)           0.430    40.813    y_reg[15]_i_128_n_4
    SLICE_X34Y54         LUT2 (Prop_lut2_I1_O)        0.306    41.119 r  y[15]_i_120/O
                         net (fo=1, routed)           0.000    41.119    y[15]_i_120_n_0
    SLICE_X34Y54         CARRY4 (Prop_carry4_S[3]_O[3])
                                                      0.255    41.374 r  y_reg[15]_i_94/O[3]
                         net (fo=1, routed)           0.455    41.829    y_reg[15]_i_94_n_4
    SLICE_X32Y55         LUT2 (Prop_lut2_I1_O)        0.307    42.136 r  y[15]_i_91/O
                         net (fo=1, routed)           0.000    42.136    y[15]_i_91_n_0
    SLICE_X32Y55         CARRY4 (Prop_carry4_S[2]_O[2])
                                                      0.250    42.386 r  y_reg[15]_i_71/O[2]
                         net (fo=1, routed)           0.602    42.988    y_reg[15]_i_71_n_5
    SLICE_X32Y51         LUT2 (Prop_lut2_I1_O)        0.301    43.289 r  y[15]_i_65/O
                         net (fo=1, routed)           0.000    43.289    y[15]_i_65_n_0
    SLICE_X32Y51         CARRY4 (Prop_carry4_S[3]_O[3])
                                                      0.255    43.544 r  y_reg[15]_i_46/O[3]
                         net (fo=1, routed)           0.439    43.983    acc__0[12]
    SLICE_X33Y52         LUT2 (Prop_lut2_I1_O)        0.307    44.290 r  y[15]_i_24/O
                         net (fo=1, routed)           0.000    44.290    y[15]_i_24_n_0
    SLICE_X33Y52         CARRY4 (Prop_carry4_S[0]_O[0])
                                                      0.247    44.537 r  y_reg[15]_i_10/O[0]
                         net (fo=1, routed)           0.691    45.228    y_reg[15]_i_10_n_7
    SLICE_X33Y55         LUT2 (Prop_lut2_I1_O)        0.299    45.527 r  y[15]_i_13/O
                         net (fo=1, routed)           0.000    45.527    y[15]_i_13_n_0
    SLICE_X33Y55         CARRY4 (Prop_carry4_S[3]_O[3])
                                                      0.248    45.775 r  y_reg[15]_i_8/O[3]
                         net (fo=1, routed)           0.752    46.527    y_reg[15]_i_8_n_4
    SLICE_X33Y61         LUT2 (Prop_lut2_I1_O)        0.306    46.833 r  y[15]_i_7/O
                         net (fo=1, routed)           0.000    46.833    y[15]_i_7_n_0
    SLICE_X33Y61         CARRY4 (Prop_carry4_S[0]_O[0])
                                                      0.247    47.080 r  y_reg[15]_i_3/O[0]
                         net (fo=1, routed)           0.472    47.552    p_0_in[12]
    SLICE_X34Y61         CARRY4 (Prop_carry4_S[0]_O[1])
                                                      0.726    48.278 r  y_reg[15]_i_2/O[1]
                         net (fo=1, routed)           0.000    48.278    acc[13]
    SLICE_X34Y61         FDRE                                         r  y_reg[13]/D
  -------------------------------------------------------------------    -------------------

                         (clock vclk rise edge)      48.053    48.053 r  <hidden>
                                                      0.000    48.053 r  clk
                         net (fo=351, unset)          0.924    48.977    clk
    SLICE_X34Y61         FDRE                                         r  y_reg[13]/C
                         clock pessimism              0.000    48.977    <hidden>
                         clock uncertainty           -0.035    48.942    <hidden>
    SLICE_X34Y61         FDRE (Setup_fdre_C_D)        0.109    49.051    y_reg[13]
  -------------------------------------------------------------------
                         required time                         49.051    <hidden>
                         arrival time                         -48.278    <hidden>
  -------------------------------------------------------------------
                         slack                                  0.773    <hidden>

Slack (MET) :             0.948ns  (required time - arrival time)
  Source:                 d41_reg[3]/C
                            (rising edge-triggered cell FDRE clocked by vclk  {rise@0.000ns fall@24.027ns period=48.053ns})
  Destination:            y_reg[12]/D
                            (rising edge-triggered cell FDRE clocked by vclk  {rise@0.000ns fall@24.027ns period=48.053ns})
  Path Group:             vclk
  Path Type:              Setup (Max at Slow Process Corner)
  Requirement:            48.053ns  (vclk rise@48.053ns - vclk rise@0.000ns)
  Data Path Delay:        47.130ns  (logic 25.427ns (53.951%)  route 21.703ns (46.049%))
  Logic Levels:           78  (CARRY4=46 LUT2=32)
  Clock Path Skew:        -0.049ns (DCD - SCD + CPR)
    Destination Clock Delay (DCD):    0.924ns = ( 48.977 - 48.053 ) 
    Source Clock Delay      (SCD):    0.973ns
    Clock Pessimism Removal (CPR):    0.000ns
  Clock Uncertainty:      0.035ns  ((TSJ^2 + TIJ^2)^1/2 + DJ) / 2 + PE
    Total System Jitter     (TSJ):    0.071ns
    Total Input Jitter      (TIJ):    0.000ns
    Discrete Jitter          (DJ):    0.000ns
    Phase Error              (PE):    0.000ns

    Location             Delay type                Incr(ns)  Path(ns)    Netlist Resource(s)
  -------------------------------------------------------------------    -------------------
                         (clock vclk rise edge)       0.000     0.000 r  <hidden>
                                                      0.000     0.000 r  clk
                         net (fo=351, unset)          0.973     0.973    clk
    SLICE_X45Y59         FDRE                                         r  d41_reg[3]/C
  -------------------------------------------------------------------    -------------------
    SLICE_X45Y59         FDRE (Prop_fdre_C_Q)         0.456     1.429 r  d41_reg[3]/Q
                         net (fo=3, routed)           0.445     1.874    d41[3]
    SLICE_X46Y59         LUT2 (Prop_lut2_I0_O)        0.124     1.998 r  y[7]_i_795/O
                         net (fo=1, routed)           0.000     1.998    y[7]_i_795_n_0
    SLICE_X46Y59         CARRY4 (Prop_carry4_S[1]_O[2])
                                                      0.578     2.576 r  y_reg[7]_i_771/O[2]
                         net (fo=2, routed)           0.675     3.250    acc0[4]
    SLICE_X47Y61         CARRY4 (Prop_carry4_DI[2]_O[3])
                                                      0.615     3.865 r  y_reg[7]_i_755/O[3]
                         net (fo=1, routed)           0.585     4.451    y_reg[7]_i_755_n_4
    SLICE_X48Y61         LUT2 (Prop_lut2_I1_O)        0.306     4.757 r  y[7]_i_736/O
                         net (fo=1, routed)           0.000     4.757    y[7]_i_736_n_0
    SLICE_X48Y61         CARRY4 (Prop_carry4_S[3]_O[3])
                                                      0.248     5.005 r  y_reg[7]_i_721/O[3]
                         net (fo=1, routed)           0.871     5.876    y_reg[7]_i_721_n_4
    SLICE_X48Y57         LUT2 (Prop_lut2_I1_O)        0.306     6.182 r  y[7]_i_695/O
                         net (fo=1, routed)           0.000     6.182    y[7]_i_695_n_0
    SLICE_X48Y57         CARRY4 (Prop_carry4_S[3]_CO[3])
                                                      0.401     6.583 r  y_reg[7]_i_675/CO[3]
                         net (fo=1, routed)           0.000     6.583    y_reg[7]_i_675_n_0
    SLICE_X48Y58         CARRY4 (Prop_carry4_CI_O[0])
                                                      0.222     6.805 r  y_reg[7]_i_751/O[0]
                         net (fo=1, routed)           0.585     7.390    y_reg[7]_i_751_n_7
    SLICE_X47Y58         LUT2 (Prop_lut2_I1_O)        0.299     7.689 r  y[7]_i_733/O
                         net (fo=1, routed)           0.000     7.689    y[7]_i_733_n_0
    SLICE_X47Y58         CARRY4 (Prop_carry4_S[1]_O[1])
                                                      0.227     7.916 r  y_reg[7]_i_717/O[1]
                         net (fo=1, routed)           0.436     8.353    y_reg[7]_i_717_n_6
    SLICE_X43Y59         LUT2 (Prop_lut2_I1_O)        0.303     8.656 r  y[7]_i_691/O
                         net (fo=1, routed)           0.000     8.656    y[7]_i_691_n_0
    SLICE_X43Y59         CARRY4 (Prop_carry4_S[2]_O[2])
                                                      0.248     8.904 r  y_reg[7]_i_667/O[2]
                         net (fo=1, routed)           0.428     9.331    y_reg[7]_i_667_n_5
    SLICE_X42Y60         LUT2 (Prop_lut2_I1_O)        0.302     9.633 r  y[7]_i_632/O
                         net (fo=1, routed)           0.000     9.633    y[7]_i_632_n_0
    SLICE_X42Y60         CARRY4 (Prop_carry4_S[2]_O[2])
                                                      0.250     9.883 r  y_reg[7]_i_602/O[2]
                         net (fo=1, routed)           0.464    10.347    y_reg[7]_i_602_n_5
    SLICE_X40Y60         LUT2 (Prop_lut2_I1_O)        0.301    10.648 r  y[7]_i_628/O
                         net (fo=1, routed)           0.000    10.648    y[7]_i_628_n_0
    SLICE_X40Y60         CARRY4 (Prop_carry4_S[1]_O[1])
                                                      0.227    10.875 r  y_reg[7]_i_590/O[1]
                         net (fo=1, routed)           0.612    11.487    y_reg[7]_i_590_n_6
    SLICE_X39Y60         LUT2 (Prop_lut2_I1_O)        0.303    11.790 r  y[7]_i_559/O
                         net (fo=1, routed)           0.000    11.790    y[7]_i_559_n_0
    SLICE_X39Y60         CARRY4 (Prop_carry4_S[1]_O[2])
                                                      0.580    12.370 r  y_reg[7]_i_517/O[2]
                         net (fo=1, routed)           0.432    12.802    y_reg[7]_i_517_n_5
    SLICE_X38Y61         LUT2 (Prop_lut2_I1_O)        0.302    13.104 r  y[7]_i_473/O
                         net (fo=1, routed)           0.000    13.104    y[7]_i_473_n_0
    SLICE_X38Y61         CARRY4 (Prop_carry4_S[3]_CO[3])
                                                      0.376    13.480 r  y_reg[7]_i_450/CO[3]
                         net (fo=1, routed)           0.000    13.480    y_reg[7]_i_450_n_0
    SLICE_X38Y62         CARRY4 (Prop_carry4_CI_O[0])
                                                      0.219    13.699 r  y_reg[7]_i_581/O[0]
                         net (fo=1, routed)           0.432    14.131    y_reg[7]_i_581_n_7
    SLICE_X37Y60         LUT2 (Prop_lut2_I1_O)        0.295    14.426 r  y[7]_i_552/O
                         net (fo=1, routed)           0.000    14.426    y[7]_i_552_n_0
    SLICE_X37Y60         CARRY4 (Prop_carry4_S[3]_O[3])
                                                      0.248    14.674 r  y_reg[7]_i_513/O[3]
                         net (fo=1, routed)           0.419    15.093    y_reg[7]_i_513_n_4
    SLICE_X36Y61         LUT2 (Prop_lut2_I1_O)        0.306    15.399 r  y[7]_i_550/O
                         net (fo=1, routed)           0.000    15.399    y[7]_i_550_n_0
    SLICE_X36Y61         CARRY4 (Prop_carry4_S[0]_O[0])
                                                      0.252    15.651 r  y_reg[7]_i_501/O[0]
                         net (fo=1, routed)           0.697    16.348    y_reg[7]_i_501_n_7
    SLICE_X35Y63         LUT2 (Prop_lut2_I1_O)        0.295    16.643 r  y[7]_i_465/O
                         net (fo=1, routed)           0.000    16.643    y[7]_i_465_n_0
    SLICE_X35Y63         CARRY4 (Prop_carry4_S[0]_O[0])
                                                      0.247    16.890 r  y_reg[7]_i_438/O[0]
                         net (fo=1, routed)           0.762    17.652    y_reg[7]_i_438_n_7
    SLICE_X44Y64         LUT2 (Prop_lut2_I1_O)        0.299    17.951 r  y[7]_i_411/O
                         net (fo=1, routed)           0.000    17.951    y[7]_i_411_n_0
    SLICE_X44Y64         CARRY4 (Prop_carry4_S[2]_O[2])
                                                      0.248    18.199 r  y_reg[7]_i_385/O[2]
                         net (fo=1, routed)           0.449    18.648    y_reg[7]_i_385_n_5
    SLICE_X46Y63         LUT2 (Prop_lut2_I1_O)        0.302    18.950 r  y[7]_i_346/O
                         net (fo=1, routed)           0.000    18.950    y[7]_i_346_n_0
    SLICE_X46Y63         CARRY4 (Prop_carry4_S[3]_CO[3])
                                                      0.376    19.326 r  y_reg[7]_i_314/CO[3]
                         net (fo=1, routed)           0.000    19.326    y_reg[7]_i_314_n_0
    SLICE_X46Y64         CARRY4 (Prop_carry4_CI_O[1])
                                                      0.323    19.649 r  y_reg[7]_i_376/O[1]
                         net (fo=1, routed)           0.555    20.204    y_reg[7]_i_376_n_6
    SLICE_X45Y61         LUT2 (Prop_lut2_I1_O)        0.306    20.510 r  y[7]_i_341/O
                         net (fo=1, routed)           0.000    20.510    y[7]_i_341_n_0
    SLICE_X45Y61         CARRY4 (Prop_carry4_S[3]_CO[3])
                                                      0.401    20.911 r  y_reg[7]_i_306/CO[3]
                         net (fo=1, routed)           0.000    20.911    y_reg[7]_i_306_n_0
    SLICE_X45Y62         CARRY4 (Prop_carry4_CI_O[0])
                                                      0.222    21.133 r  y_reg[15]_i_431/O[0]
                         net (fo=1, routed)           0.629    21.762    y_reg[15]_i_431_n_7
    SLICE_X45Y58         LUT2 (Prop_lut2_I1_O)        0.299    22.061 r  y[15]_i_438/O
                         net (fo=1, routed)           0.000    22.061    y[15]_i_438_n_0
    SLICE_X45Y58         CARRY4 (Prop_carry4_S[3]_O[3])
                                                      0.248    22.309 r  y_reg[15]_i_426/O[3]
                         net (fo=1, routed)           0.585    22.894    y_reg[15]_i_426_n_4
    SLICE_X44Y58         CARRY4 (Prop_carry4_S[1]_O[1])
                                                      0.533    23.427 r  y_reg[15]_i_415/O[1]
                         net (fo=1, routed)           0.575    24.002    y_reg[15]_i_415_n_6
    SLICE_X43Y56         LUT2 (Prop_lut2_I1_O)        0.303    24.305 r  y[15]_i_417/O
                         net (fo=1, routed)           0.000    24.305    y[15]_i_417_n_0
    SLICE_X43Y56         CARRY4 (Prop_carry4_S[3]_CO[3])
                                                      0.401    24.706 r  y_reg[15]_i_411/CO[3]
                         net (fo=1, routed)           0.000    24.706    y_reg[15]_i_411_n_0
    SLICE_X43Y57         CARRY4 (Prop_carry4_CI_O[0])
                                                      0.222    24.928 r  y_reg[15]_i_402/O[0]
                         net (fo=1, routed)           0.596    25.524    y_reg[15]_i_402_n_7
    SLICE_X44Y54         CARRY4 (Prop_carry4_S[3]_O[3])
                                                      0.547    26.071 r  y_reg[15]_i_401/O[3]
                         net (fo=1, routed)           0.591    26.662    y_reg[15]_i_401_n_4
    SLICE_X45Y54         LUT2 (Prop_lut2_I1_O)        0.306    26.968 r  y[15]_i_394/O
                         net (fo=1, routed)           0.000    26.968    y[15]_i_394_n_0
    SLICE_X45Y54         CARRY4 (Prop_carry4_S[3]_O[3])
                                                      0.248    27.216 r  y_reg[15]_i_383/O[3]
                         net (fo=1, routed)           0.443    27.659    y_reg[15]_i_383_n_4
    SLICE_X47Y54         CARRY4 (Prop_carry4_S[3]_O[3])
                                                      0.554    28.213 r  y_reg[15]_i_362/O[3]
                         net (fo=1, routed)           0.450    28.663    y_reg[15]_i_362_n_4
    SLICE_X46Y55         CARRY4 (Prop_carry4_S[1]_O[1])
                                                      0.536    29.198 r  y_reg[15]_i_352/O[1]
                         net (fo=1, routed)           0.594    29.793    y_reg[15]_i_352_n_6
    SLICE_X46Y52         CARRY4 (Prop_carry4_S[0]_O[0])
                                                      0.558    30.351 r  y_reg[15]_i_341/O[0]
                         net (fo=1, routed)           0.457    30.807    y_reg[15]_i_341_n_7
    SLICE_X43Y53         LUT2 (Prop_lut2_I1_O)        0.295    31.102 r  y[15]_i_342/O
                         net (fo=1, routed)           0.000    31.102    y[15]_i_342_n_0
    SLICE_X43Y53         CARRY4 (Prop_carry4_S[0]_O[0])
                                                      0.247    31.349 r  y_reg[15]_i_329/O[0]
                         net (fo=1, routed)           0.310    31.659    y_reg[15]_i_329_n_7
    SLICE_X42Y54         LUT2 (Prop_lut2_I1_O)        0.299    31.958 r  y[15]_i_330/O
                         net (fo=1, routed)           0.000    31.958    y[15]_i_330_n_0
    SLICE_X42Y54         CARRY4 (Prop_carry4_S[0]_O[0])
                                                      0.252    32.210 r  y_reg[15]_i_305/O[0]
                         net (fo=1, routed)           0.430    32.641    y_reg[15]_i_305_n_7
    SLICE_X41Y55         LUT2 (Prop_lut2_I1_O)        0.295    32.936 r  y[15]_i_307/O
                         net (fo=1, routed)           0.000    32.936    y[15]_i_307_n_0
    SLICE_X41Y55         CARRY4 (Prop_carry4_S[0]_O[0])
                                                      0.247    33.183 r  y_reg[15]_i_289/O[0]
                         net (fo=1, routed)           0.354    33.537    y_reg[15]_i_289_n_7
    SLICE_X40Y55         LUT2 (Prop_lut2_I1_O)        0.299    33.836 r  y[15]_i_296/O
                         net (fo=1, routed)           0.000    33.836    y[15]_i_296_n_0
    SLICE_X40Y55         CARRY4 (Prop_carry4_S[3]_O[3])
                                                      0.248    34.084 r  y_reg[15]_i_287/O[3]
                         net (fo=1, routed)           0.430    34.514    y_reg[15]_i_287_n_4
    SLICE_X39Y56         LUT2 (Prop_lut2_I1_O)        0.306    34.820 r  y[15]_i_270/O
                         net (fo=1, routed)           0.000    34.820    y[15]_i_270_n_0
    SLICE_X39Y56         CARRY4 (Prop_carry4_S[0]_O[0])
                                                      0.247    35.067 r  y_reg[15]_i_252/O[0]
                         net (fo=1, routed)           0.429    35.496    y_reg[15]_i_252_n_7
    SLICE_X38Y56         LUT2 (Prop_lut2_I1_O)        0.299    35.795 r  y[15]_i_253/O
                         net (fo=1, routed)           0.000    35.795    y[15]_i_253_n_0
    SLICE_X38Y56         CARRY4 (Prop_carry4_S[0]_O[0])
                                                      0.252    36.047 r  y_reg[15]_i_234/O[0]
                         net (fo=1, routed)           0.540    36.587    y_reg[15]_i_234_n_7
    SLICE_X37Y57         CARRY4 (Prop_carry4_S[2]_O[2])
                                                      0.543    37.130 r  y_reg[15]_i_204/O[2]
                         net (fo=1, routed)           0.585    37.715    y_reg[15]_i_204_n_5
    SLICE_X37Y53         CARRY4 (Prop_carry4_S[3]_O[3])
                                                      0.550    38.265 r  y_reg[15]_i_202/O[3]
                         net (fo=1, routed)           0.560    38.825    y_reg[15]_i_202_n_4
    SLICE_X36Y55         LUT2 (Prop_lut2_I1_O)        0.306    39.131 r  y[15]_i_167/O
                         net (fo=1, routed)           0.000    39.131    y[15]_i_167_n_0
    SLICE_X36Y55         CARRY4 (Prop_carry4_S[0]_O[0])
                                                      0.252    39.383 r  y_reg[15]_i_130/O[0]
                         net (fo=1, routed)           0.458    39.841    y_reg[15]_i_130_n_7
    SLICE_X35Y54         LUT2 (Prop_lut2_I1_O)        0.295    40.136 r  y[15]_i_156/O
                         net (fo=1, routed)           0.000    40.136    y[15]_i_156_n_0
    SLICE_X35Y54         CARRY4 (Prop_carry4_S[3]_O[3])
                                                      0.248    40.384 r  y_reg[15]_i_128/O[3]
                         net (fo=1, routed)           0.430    40.813    y_reg[15]_i_128_n_4
    SLICE_X34Y54         LUT2 (Prop_lut2_I1_O)        0.306    41.119 r  y[15]_i_120/O
                         net (fo=1, routed)           0.000    41.119    y[15]_i_120_n_0
    SLICE_X34Y54         CARRY4 (Prop_carry4_S[3]_O[3])
                                                      0.255    41.374 r  y_reg[15]_i_94/O[3]
                         net (fo=1, routed)           0.455    41.829    y_reg[15]_i_94_n_4
    SLICE_X32Y55         LUT2 (Prop_lut2_I1_O)        0.307    42.136 r  y[15]_i_91/O
                         net (fo=1, routed)           0.000    42.136    y[15]_i_91_n_0
    SLICE_X32Y55         CARRY4 (Prop_carry4_S[2]_O[2])
                                                      0.250    42.386 r  y_reg[15]_i_71/O[2]
                         net (fo=1, routed)           0.602    42.988    y_reg[15]_i_71_n_5
    SLICE_X32Y51         LUT2 (Prop_lut2_I1_O)        0.301    43.289 r  y[15]_i_65/O
                         net (fo=1, routed)           0.000    43.289    y[15]_i_65_n_0
    SLICE_X32Y51         CARRY4 (Prop_carry4_S[3]_O[3])
                                                      0.255    43.544 r  y_reg[15]_i_46/O[3]
                         net (fo=1, routed)           0.439    43.983    acc__0[12]
    SLICE_X33Y52         LUT2 (Prop_lut2_I1_O)        0.307    44.290 r  y[15]_i_24/O
                         net (fo=1, routed)           0.000    44.290    y[15]_i_24_n_0
    SLICE_X33Y52         CARRY4 (Prop_carry4_S[0]_O[0])
                                                      0.247    44.537 r  y_reg[15]_i_10/O[0]
                         net (fo=1, routed)           0.691    45.228    y_reg[15]_i_10_n_7
    SLICE_X33Y55         LUT2 (Prop_lut2_I1_O)        0.299    45.527 r  y[15]_i_13/O
                         net (fo=1, routed)           0.000    45.527    y[15]_i_13_n_0
    SLICE_X33Y55         CARRY4 (Prop_carry4_S[3]_O[3])
                                                      0.248    45.775 r  y_reg[15]_i_8/O[3]
                         net (fo=1, routed)           0.752    46.527    y_reg[15]_i_8_n_4
    SLICE_X33Y61         LUT2 (Prop_lut2_I1_O)        0.306    46.833 r  y[15]_i_7/O
                         net (fo=1, routed)           0.000    46.833    y[15]_i_7_n_0
    SLICE_X33Y61         CARRY4 (Prop_carry4_S[0]_O[0])
                                                      0.247    47.080 r  y_reg[15]_i_3/O[0]
                         net (fo=1, routed)           0.472    47.552    p_0_in[12]
    SLICE_X34Y61         CARRY4 (Prop_carry4_S[0]_O[0])
                                                      0.551    48.103 r  y_reg[15]_i_2/O[0]
                         net (fo=1, routed)           0.000    48.103    acc[12]
    SLICE_X34Y61         FDRE                                         r  y_reg[12]/D
  -------------------------------------------------------------------    -------------------

                         (clock vclk rise edge)      48.053    48.053 r  <hidden>
                                                      0.000    48.053 r  clk
                         net (fo=351, unset)          0.924    48.977    clk
    SLICE_X34Y61         FDRE                                         r  y_reg[12]/C
                         clock pessimism              0.000    48.977    <hidden>
                         clock uncertainty           -0.035    48.942    <hidden>
    SLICE_X34Y61         FDRE (Setup_fdre_C_D)        0.109    49.051    y_reg[12]
  -------------------------------------------------------------------
                         required time                         49.051    <hidden>
                         arrival time                         -48.103    <hidden>
  -------------------------------------------------------------------
                         slack                                  0.948    <hidden>

Slack (MET) :             1.548ns  (required time - arrival time)
  Source:                 d41_reg[2]/C
                            (rising edge-triggered cell FDRE clocked by vclk  {rise@0.000ns fall@24.027ns period=48.053ns})
  Destination:            y_reg[11]/D
                            (rising edge-triggered cell FDRE clocked by vclk  {rise@0.000ns fall@24.027ns period=48.053ns})
  Path Group:             vclk
  Path Type:              Setup (Max at Slow Process Corner)
  Requirement:            48.053ns  (vclk rise@48.053ns - vclk rise@0.000ns)
  Data Path Delay:        46.530ns  (logic 25.736ns (55.310%)  route 20.794ns (44.690%))
  Logic Levels:           85  (CARRY4=46 LUT2=39)
  Clock Path Skew:        -0.049ns (DCD - SCD + CPR)
    Destination Clock Delay (DCD):    0.924ns = ( 48.977 - 48.053 ) 
    Source Clock Delay      (SCD):    0.973ns
    Clock Pessimism Removal (CPR):    0.000ns
  Clock Uncertainty:      0.035ns  ((TSJ^2 + TIJ^2)^1/2 + DJ) / 2 + PE
    Total System Jitter     (TSJ):    0.071ns
    Total Input Jitter      (TIJ):    0.000ns
    Discrete Jitter          (DJ):    0.000ns
    Phase Error              (PE):    0.000ns

    Location             Delay type                Incr(ns)  Path(ns)    Netlist Resource(s)
  -------------------------------------------------------------------    -------------------
                         (clock vclk rise edge)       0.000     0.000 r  <hidden>
                                                      0.000     0.000 r  clk
                         net (fo=351, unset)          0.973     0.973    clk
    SLICE_X47Y59         FDRE                                         r  d41_reg[2]/C
  -------------------------------------------------------------------    -------------------
    SLICE_X47Y59         FDRE (Prop_fdre_C_Q)         0.456     1.429 r  d41_reg[2]/Q
                         net (fo=2, routed)           0.287     1.716    d41[2]
    SLICE_X46Y59         CARRY4 (Prop_carry4_S[0]_O[0])
                                                      0.376     2.092 r  y_reg[7]_i_771/O[0]
                         net (fo=2, routed)           0.316     2.409    acc0[2]
    SLICE_X47Y61         LUT2 (Prop_lut2_I0_O)        0.295     2.704 r  y[7]_i_775/O
                         net (fo=1, routed)           0.000     2.704    y[7]_i_775_n_0
    SLICE_X47Y61         CARRY4 (Prop_carry4_S[0]_O[0])
                                                      0.247     2.951 r  y_reg[7]_i_755/O[0]
                         net (fo=1, routed)           0.596     3.547    y_reg[7]_i_755_n_7
    SLICE_X48Y61         LUT2 (Prop_lut2_I1_O)        0.299     3.846 r  y[7]_i_739/O
                         net (fo=1, routed)           0.000     3.846    y[7]_i_739_n_0
    SLICE_X48Y61         CARRY4 (Prop_carry4_S[0]_O[0])
                                                      0.247     4.093 r  y_reg[7]_i_721/O[0]
                         net (fo=1, routed)           0.712     4.804    y_reg[7]_i_721_n_7
    SLICE_X48Y57         LUT2 (Prop_lut2_I1_O)        0.299     5.103 r  y[7]_i_698/O
                         net (fo=1, routed)           0.000     5.103    y[7]_i_698_n_0
    SLICE_X48Y57         CARRY4 (Prop_carry4_S[0]_O[0])
                                                      0.247     5.350 r  y_reg[7]_i_675/O[0]
                         net (fo=1, routed)           0.585     5.936    y_reg[7]_i_675_n_7
    SLICE_X47Y57         LUT2 (Prop_lut2_I1_O)        0.299     6.235 r  y[7]_i_639/O
                         net (fo=1, routed)           0.000     6.235    y[7]_i_639_n_0
    SLICE_X47Y57         CARRY4 (Prop_carry4_S[1]_O[1])
                                                      0.227     6.462 r  y_reg[7]_i_612/O[1]
                         net (fo=1, routed)           0.452     6.913    y_reg[7]_i_612_n_6
    SLICE_X43Y58         LUT2 (Prop_lut2_I1_O)        0.303     7.216 r  y[7]_i_571/O
                         net (fo=1, routed)           0.000     7.216    y[7]_i_571_n_0
    SLICE_X43Y58         CARRY4 (Prop_carry4_S[2]_O[2])
                                                      0.248     7.464 r  y_reg[7]_i_539/O[2]
                         net (fo=1, routed)           0.428     7.892    y_reg[7]_i_539_n_5
    SLICE_X42Y59         LUT2 (Prop_lut2_I1_O)        0.302     8.194 r  y[7]_i_486/O
                         net (fo=1, routed)           0.000     8.194    y[7]_i_486_n_0
    SLICE_X42Y59         CARRY4 (Prop_carry4_S[2]_O[2])
                                                      0.250     8.444 r  y_reg[7]_i_455/O[2]
                         net (fo=1, routed)           0.571     9.015    y_reg[7]_i_455_n_5
    SLICE_X40Y59         LUT2 (Prop_lut2_I1_O)        0.301     9.316 r  y[7]_i_565/O
                         net (fo=1, routed)           0.000     9.316    y[7]_i_565_n_0
    SLICE_X40Y59         CARRY4 (Prop_carry4_S[1]_O[1])
                                                      0.227     9.543 r  y_reg[7]_i_528/O[1]
                         net (fo=1, routed)           0.565    10.107    y_reg[7]_i_528_n_6
    SLICE_X39Y59         LUT2 (Prop_lut2_I1_O)        0.303    10.410 r  y[7]_i_481/O
                         net (fo=1, routed)           0.000    10.410    y[7]_i_481_n_0
    SLICE_X39Y59         CARRY4 (Prop_carry4_S[1]_O[1])
                                                      0.227    10.637 r  y_reg[7]_i_454/O[1]
                         net (fo=1, routed)           0.448    11.086    y_reg[7]_i_454_n_6
    SLICE_X38Y60         LUT2 (Prop_lut2_I1_O)        0.303    11.389 r  y[7]_i_426/O
                         net (fo=1, routed)           0.000    11.389    y[7]_i_426_n_0
    SLICE_X38Y60         CARRY4 (Prop_carry4_S[2]_O[2])
                                                      0.250    11.639 r  y_reg[7]_i_402/O[2]
                         net (fo=1, routed)           0.416    12.054    y_reg[7]_i_402_n_5
    SLICE_X37Y59         LUT2 (Prop_lut2_I1_O)        0.301    12.355 r  y[7]_i_422/O
                         net (fo=1, routed)           0.000    12.355    y[7]_i_422_n_0
    SLICE_X37Y59         CARRY4 (Prop_carry4_S[1]_O[2])
                                                      0.580    12.935 r  y_reg[7]_i_401/O[2]
                         net (fo=1, routed)           0.505    13.440    y_reg[7]_i_401_n_5
    SLICE_X36Y59         LUT2 (Prop_lut2_I1_O)        0.302    13.742 r  y[7]_i_357/O
                         net (fo=1, routed)           0.000    13.742    y[7]_i_357_n_0
    SLICE_X36Y59         CARRY4 (Prop_carry4_S[3]_O[3])
                                                      0.255    13.997 r  y_reg[7]_i_329/O[3]
                         net (fo=1, routed)           0.477    14.474    y_reg[7]_i_329_n_4
    SLICE_X35Y61         LUT2 (Prop_lut2_I1_O)        0.307    14.781 r  y[7]_i_292/O
                         net (fo=1, routed)           0.000    14.781    y[7]_i_292_n_0
    SLICE_X35Y61         CARRY4 (Prop_carry4_S[3]_O[3])
                                                      0.248    15.029 r  y_reg[7]_i_266/O[3]
                         net (fo=1, routed)           0.696    15.725    y_reg[7]_i_266_n_4
    SLICE_X44Y63         LUT2 (Prop_lut2_I1_O)        0.306    16.031 r  y[7]_i_354/O
                         net (fo=1, routed)           0.000    16.031    y[7]_i_354_n_0
    SLICE_X44Y63         CARRY4 (Prop_carry4_S[1]_O[1])
                                                      0.227    16.258 r  y_reg[7]_i_325/O[1]
                         net (fo=1, routed)           0.439    16.697    y_reg[7]_i_325_n_6
    SLICE_X46Y62         LUT2 (Prop_lut2_I1_O)        0.303    17.000 r  y[7]_i_288/O
                         net (fo=1, routed)           0.000    17.000    y[7]_i_288_n_0
    SLICE_X46Y62         CARRY4 (Prop_carry4_S[2]_O[2])
                                                      0.250    17.250 r  y_reg[7]_i_265/O[2]
                         net (fo=1, routed)           0.553    17.803    y_reg[7]_i_265_n_5
    SLICE_X45Y60         LUT2 (Prop_lut2_I1_O)        0.301    18.104 r  y[7]_i_284/O
                         net (fo=1, routed)           0.000    18.104    y[7]_i_284_n_0
    SLICE_X45Y60         CARRY4 (Prop_carry4_S[0]_O[0])
                                                      0.247    18.351 r  y_reg[7]_i_264/O[0]
                         net (fo=1, routed)           0.644    18.995    y_reg[7]_i_264_n_7
    SLICE_X45Y56         LUT2 (Prop_lut2_I1_O)        0.299    19.294 r  y[7]_i_233/O
                         net (fo=1, routed)           0.000    19.294    y[7]_i_233_n_0
    SLICE_X45Y56         CARRY4 (Prop_carry4_S[3]_O[3])
                                                      0.248    19.542 r  y_reg[7]_i_212/O[3]
                         net (fo=1, routed)           0.472    20.014    y_reg[7]_i_212_n_4
    SLICE_X44Y56         LUT2 (Prop_lut2_I1_O)        0.306    20.320 r  y[7]_i_230/O
                         net (fo=1, routed)           0.000    20.320    y[7]_i_230_n_0
    SLICE_X44Y56         CARRY4 (Prop_carry4_S[1]_O[1])
                                                      0.227    20.547 r  y_reg[7]_i_211/O[1]
                         net (fo=1, routed)           0.574    21.121    y_reg[7]_i_211_n_6
    SLICE_X43Y54         LUT2 (Prop_lut2_I1_O)        0.303    21.424 r  y[7]_i_183/O
                         net (fo=1, routed)           0.000    21.424    y[7]_i_183_n_0
    SLICE_X43Y54         CARRY4 (Prop_carry4_S[3]_CO[3])
                                                      0.401    21.825 r  y_reg[7]_i_167/CO[3]
                         net (fo=1, routed)           0.000    21.825    y_reg[7]_i_167_n_0
    SLICE_X43Y55         CARRY4 (Prop_carry4_CI_O[0])
                                                      0.222    22.047 r  y_reg[7]_i_297/O[0]
                         net (fo=1, routed)           0.596    22.644    y_reg[7]_i_297_n_7
    SLICE_X44Y52         LUT2 (Prop_lut2_I1_O)        0.299    22.943 r  y[7]_i_271/O
                         net (fo=1, routed)           0.000    22.943    y[7]_i_271_n_0
    SLICE_X44Y52         CARRY4 (Prop_carry4_S[3]_O[3])
                                                      0.248    23.191 r  y_reg[7]_i_249/O[3]
                         net (fo=1, routed)           0.585    23.776    y_reg[7]_i_249_n_4
    SLICE_X45Y52         LUT2 (Prop_lut2_I1_O)        0.306    24.082 r  y[7]_i_223/O
                         net (fo=1, routed)           0.000    24.082    y[7]_i_223_n_0
    SLICE_X45Y52         CARRY4 (Prop_carry4_S[3]_CO[3])
                                                      0.401    24.483 r  y_reg[7]_i_200/CO[3]
                         net (fo=1, routed)           0.000    24.483    y_reg[7]_i_200_n_0
    SLICE_X45Y53         CARRY4 (Prop_carry4_CI_O[0])
                                                      0.222    24.705 r  y_reg[7]_i_241/O[0]
                         net (fo=1, routed)           0.447    25.152    y_reg[7]_i_241_n_7
    SLICE_X47Y53         LUT2 (Prop_lut2_I1_O)        0.299    25.451 r  y[7]_i_221/O
                         net (fo=1, routed)           0.000    25.451    y[7]_i_221_n_0
    SLICE_X47Y53         CARRY4 (Prop_carry4_S[0]_O[1])
                                                      0.424    25.875 r  y_reg[7]_i_196/O[1]
                         net (fo=1, routed)           0.530    26.404    y_reg[7]_i_196_n_6
    SLICE_X46Y53         LUT2 (Prop_lut2_I1_O)        0.303    26.707 r  y[7]_i_173/O
                         net (fo=1, routed)           0.000    26.707    y[7]_i_173_n_0
    SLICE_X46Y53         CARRY4 (Prop_carry4_S[3]_CO[3])
                                                      0.376    27.083 r  y_reg[7]_i_165/CO[3]
                         net (fo=1, routed)           0.000    27.083    y_reg[7]_i_165_n_0
    SLICE_X46Y54         CARRY4 (Prop_carry4_CI_O[0])
                                                      0.219    27.302 r  y_reg[15]_i_361/O[0]
                         net (fo=1, routed)           0.646    27.948    y_reg[15]_i_361_n_7
    SLICE_X46Y50         LUT2 (Prop_lut2_I1_O)        0.295    28.243 r  y[7]_i_213/O
                         net (fo=1, routed)           0.000    28.243    y[7]_i_213_n_0
    SLICE_X46Y50         CARRY4 (Prop_carry4_S[3]_O[3])
                                                      0.255    28.498 r  y_reg[7]_i_195/O[3]
                         net (fo=1, routed)           0.451    28.949    y_reg[7]_i_195_n_4
    SLICE_X43Y51         LUT2 (Prop_lut2_I1_O)        0.307    29.256 r  y[7]_i_169/O
                         net (fo=1, routed)           0.000    29.256    y[7]_i_169_n_0
    SLICE_X43Y51         CARRY4 (Prop_carry4_S[3]_CO[3])
                                                      0.401    29.657 r  y_reg[7]_i_153/CO[3]
                         net (fo=1, routed)           0.000    29.657    y_reg[7]_i_153_n_0
    SLICE_X43Y52         CARRY4 (Prop_carry4_CI_O[0])
                                                      0.222    29.879 r  y_reg[15]_i_339/O[0]
                         net (fo=1, routed)           0.310    30.189    y_reg[15]_i_339_n_7
    SLICE_X42Y53         LUT2 (Prop_lut2_I1_O)        0.299    30.488 r  y[15]_i_338/O
                         net (fo=1, routed)           0.000    30.488    y[15]_i_338_n_0
    SLICE_X42Y53         CARRY4 (Prop_carry4_S[0]_O[0])
                                                      0.252    30.740 r  y_reg[15]_i_327/O[0]
                         net (fo=1, routed)           0.430    31.171    y_reg[15]_i_327_n_7
    SLICE_X41Y54         LUT2 (Prop_lut2_I1_O)        0.295    31.466 r  y[15]_i_324/O
                         net (fo=1, routed)           0.000    31.466    y[15]_i_324_n_0
    SLICE_X41Y54         CARRY4 (Prop_carry4_S[0]_O[0])
                                                      0.247    31.713 r  y_reg[15]_i_303/O[0]
                         net (fo=1, routed)           0.354    32.067    y_reg[15]_i_303_n_7
    SLICE_X40Y54         LUT2 (Prop_lut2_I1_O)        0.299    32.366 r  y[15]_i_308/O
                         net (fo=1, routed)           0.000    32.366    y[15]_i_308_n_0
    SLICE_X40Y54         CARRY4 (Prop_carry4_S[3]_O[3])
                                                      0.248    32.614 r  y_reg[15]_i_294/O[3]
                         net (fo=1, routed)           0.430    33.044    y_reg[15]_i_294_n_4
    SLICE_X39Y55         LUT2 (Prop_lut2_I1_O)        0.306    33.350 r  y[15]_i_286/O
                         net (fo=1, routed)           0.000    33.350    y[15]_i_286_n_0
    SLICE_X39Y55         CARRY4 (Prop_carry4_S[0]_O[0])
                                                      0.247    33.597 r  y_reg[15]_i_268/O[0]
                         net (fo=1, routed)           0.429    34.026    y_reg[15]_i_268_n_7
    SLICE_X38Y55         LUT2 (Prop_lut2_I1_O)        0.299    34.325 r  y[15]_i_265/O
                         net (fo=1, routed)           0.000    34.325    y[15]_i_265_n_0
    SLICE_X38Y55         CARRY4 (Prop_carry4_S[0]_O[0])
                                                      0.252    34.577 r  y_reg[15]_i_250/O[0]
                         net (fo=1, routed)           0.425    35.002    y_reg[15]_i_250_n_7
    SLICE_X37Y56         LUT2 (Prop_lut2_I1_O)        0.295    35.297 r  y[15]_i_256/O
                         net (fo=1, routed)           0.000    35.297    y[15]_i_256_n_0
    SLICE_X37Y56         CARRY4 (Prop_carry4_S[2]_O[2])
                                                      0.248    35.545 r  y_reg[15]_i_235/O[2]
                         net (fo=1, routed)           0.585    36.130    y_reg[15]_i_235_n_5
    SLICE_X37Y52         LUT2 (Prop_lut2_I1_O)        0.302    36.432 r  y[15]_i_246/O
                         net (fo=1, routed)           0.000    36.432    y[15]_i_246_n_0
    SLICE_X37Y52         CARRY4 (Prop_carry4_S[3]_O[3])
                                                      0.248    36.680 r  y_reg[15]_i_232/O[3]
                         net (fo=1, routed)           0.560    37.240    y_reg[15]_i_232_n_4
    SLICE_X36Y54         LUT2 (Prop_lut2_I1_O)        0.306    37.546 r  y[15]_i_198/O
                         net (fo=1, routed)           0.000    37.546    y[15]_i_198_n_0
    SLICE_X36Y54         CARRY4 (Prop_carry4_S[0]_O[0])
                                                      0.252    37.798 r  y_reg[15]_i_163/O[0]
                         net (fo=1, routed)           0.458    38.256    y_reg[15]_i_163_n_7
    SLICE_X35Y53         LUT2 (Prop_lut2_I1_O)        0.295    38.551 r  y[15]_i_180/O
                         net (fo=1, routed)           0.000    38.551    y[15]_i_180_n_0
    SLICE_X35Y53         CARRY4 (Prop_carry4_S[3]_O[3])
                                                      0.248    38.799 r  y_reg[15]_i_154/O[3]
                         net (fo=1, routed)           0.430    39.228    y_reg[15]_i_154_n_4
    SLICE_X34Y53         LUT2 (Prop_lut2_I1_O)        0.306    39.534 r  y[15]_i_142/O
                         net (fo=1, routed)           0.000    39.534    y[15]_i_142_n_0
    SLICE_X34Y53         CARRY4 (Prop_carry4_S[3]_O[3])
                                                      0.255    39.789 r  y_reg[15]_i_118/O[3]
                         net (fo=1, routed)           0.589    40.378    y_reg[15]_i_118_n_4
    SLICE_X32Y54         LUT2 (Prop_lut2_I1_O)        0.307    40.685 r  y[15]_i_108/O
                         net (fo=1, routed)           0.000    40.685    y[15]_i_108_n_0
    SLICE_X32Y54         CARRY4 (Prop_carry4_S[2]_O[2])
                                                      0.250    40.935 r  y_reg[15]_i_86/O[2]
                         net (fo=1, routed)           0.602    41.537    y_reg[15]_i_86_n_5
    SLICE_X32Y50         LUT2 (Prop_lut2_I1_O)        0.301    41.838 r  y[15]_i_75/O
                         net (fo=1, routed)           0.000    41.838    y[15]_i_75_n_0
    SLICE_X32Y50         CARRY4 (Prop_carry4_S[3]_CO[3])
                                                      0.376    42.214 r  y_reg[15]_i_62/CO[3]
                         net (fo=1, routed)           0.000    42.214    y_reg[15]_i_62_n_0
    SLICE_X32Y51         CARRY4 (Prop_carry4_CI_O[0])
                                                      0.219    42.433 r  y_reg[15]_i_46/O[0]
                         net (fo=1, routed)           0.484    42.917    acc__0[9]
    SLICE_X33Y51         LUT2 (Prop_lut2_I1_O)        0.295    43.212 r  y[15]_i_37/O
                         net (fo=1, routed)           0.000    43.212    y[15]_i_37_n_0
    SLICE_X33Y51         CARRY4 (Prop_carry4_S[1]_O[2])
                                                      0.580    43.792 r  y_reg[15]_i_20/O[2]
                         net (fo=1, routed)           0.748    44.540    y_reg[15]_i_20_n_5
    SLICE_X33Y55         LUT2 (Prop_lut2_I1_O)        0.302    44.842 r  y[15]_i_15/O
                         net (fo=1, routed)           0.000    44.842    y[15]_i_15_n_0
    SLICE_X33Y55         CARRY4 (Prop_carry4_S[1]_O[2])
                                                      0.580    45.422 r  y_reg[15]_i_8/O[2]
                         net (fo=1, routed)           0.496    45.918    y_reg[15]_i_8_n_5
    SLICE_X33Y60         LUT2 (Prop_lut2_I1_O)        0.302    46.220 r  y[11]_i_6/O
                         net (fo=1, routed)           0.000    46.220    y[11]_i_6_n_0
    SLICE_X33Y60         CARRY4 (Prop_carry4_S[3]_O[3])
                                                      0.248    46.468 r  y_reg[11]_i_2/O[3]
                         net (fo=1, routed)           0.475    46.942    p_0_in[11]
    SLICE_X34Y60         CARRY4 (Prop_carry4_S[3]_O[3])
                                                      0.561    47.503 r  y_reg[11]_i_1/O[3]
                         net (fo=1, routed)           0.000    47.503    acc[11]
    SLICE_X34Y60         FDRE                                         r  y_reg[11]/D
  -------------------------------------------------------------------    -------------------

                         (clock vclk rise edge)      48.053    48.053 r  <hidden>
                                                      0.000    48.053 r  clk
                         net (fo=351, unset)          0.924    48.977    clk
    SLICE_X34Y60         FDRE                                         r  y_reg[11]/C
                         clock pessimism              0.000    48.977    <hidden>
                         clock uncertainty           -0.035    48.942    <hidden>
    SLICE_X34Y60         FDRE (Setup_fdre_C_D)        0.109    49.051    y_reg[11]
  -------------------------------------------------------------------
                         required time                         49.051    <hidden>
                         arrival time                         -47.503    <hidden>
  -------------------------------------------------------------------
                         slack                                  1.548    <hidden>

Slack (MET) :             1.870ns  (required time - arrival time)
  Source:                 d41_reg[2]/C
                            (rising edge-triggered cell FDRE clocked by vclk  {rise@0.000ns fall@24.027ns period=48.053ns})
  Destination:            y_reg[10]/D
                            (rising edge-triggered cell FDRE clocked by vclk  {rise@0.000ns fall@24.027ns period=48.053ns})
  Path Group:             vclk
  Path Type:              Setup (Max at Slow Process Corner)
  Requirement:            48.053ns  (vclk rise@48.053ns - vclk rise@0.000ns)
  Data Path Delay:        46.208ns  (logic 25.435ns (55.045%)  route 20.773ns (44.955%))
  Logic Levels:           85  (CARRY4=46 LUT2=39)
  Clock Path Skew:        -0.049ns (DCD - SCD + CPR)
    Destination Clock Delay (DCD):    0.924ns = ( 48.977 - 48.053 ) 
    Source Clock Delay      (SCD):    0.973ns
    Clock Pessimism Removal (CPR):    0.000ns
  Clock Uncertainty:      0.035ns  ((TSJ^2 + TIJ^2)^1/2 + DJ) / 2 + PE
    Total System Jitter     (TSJ):    0.071ns
    Total Input Jitter      (TIJ):    0.000ns
    Discrete Jitter          (DJ):    0.000ns
    Phase Error              (PE):    0.000ns

    Location             Delay type                Incr(ns)  Path(ns)    Netlist Resource(s)
  -------------------------------------------------------------------    -------------------
                         (clock vclk rise edge)       0.000     0.000 r  <hidden>
                                                      0.000     0.000 r  clk
                         net (fo=351, unset)          0.973     0.973    clk
    SLICE_X47Y59         FDRE                                         r  d41_reg[2]/C
  -------------------------------------------------------------------    -------------------
    SLICE_X47Y59         FDRE (Prop_fdre_C_Q)         0.456     1.429 r  d41_reg[2]/Q
                         net (fo=2, routed)           0.287     1.716    d41[2]
    SLICE_X46Y59         CARRY4 (Prop_carry4_S[0]_O[0])
                                                      0.376     2.092 r  y_reg[7]_i_771/O[0]
                         net (fo=2, routed)           0.316     2.409    acc0[2]
    SLICE_X47Y61         LUT2 (Prop_lut2_I0_O)        0.295     2.704 r  y[7]_i_775/O
                         net (fo=1, routed)           0.000     2.704    y[7]_i_775_n_0
    SLICE_X47Y61         CARRY4 (Prop_carry4_S[0]_O[0])
                                                      0.247     2.951 r  y_reg[7]_i_755/O[0]
                         net (fo=1, routed)           0.596     3.547    y_reg[7]_i_755_n_7
    SLICE_X48Y61         LUT2 (Prop_lut2_I1_O)        0.299     3.846 r  y[7]_i_739/O
                         net (fo=1, routed)           0.000     3.846    y[7]_i_739_n_0
    SLICE_X48Y61         CARRY4 (Prop_carry4_S[0]_O[0])
                                                      0.247     4.093 r  y_reg[7]_i_721/O[0]
                         net (fo=1, routed)           0.712     4.804    y_reg[7]_i_721_n_7
    SLICE_X48Y57         LUT2 (Prop_lut2_I1_O)        0.299     5.103 r  y[7]_i_698/O
                         net (fo=1, routed)           0.000     5.103    y[7]_i_698_n_0
    SLICE_X48Y57         CARRY4 (Prop_carry4_S[0]_O[0])
                                                      0.247     5.350 r  y_reg[7]_i_675/O[0]
                         net (fo=1, routed)           0.585     5.936    y_reg[7]_i_675_n_7
    SLICE_X47Y57         LUT2 (Prop_lut2_I1_O)        0.299     6.235 r  y[7]_i_639/O
                         net (fo=1, routed)           0.000     6.235    y[7]_i_639_n_0
    SLICE_X47Y57         CARRY4 (Prop_carry4_S[1]_O[1])
                                                      0.227     6.462 r  y_reg[7]_i_612/O[1]
                         net (fo=1, routed)           0.452     6.913    y_reg[7]_i_612_n_6
    SLICE_X43Y58         LUT2 (Prop_lut2_I1_O)        0.303     7.216 r  y[7]_i_571/O
                         net (fo=1, routed)           0.000     7.216    y[7]_i_571_n_0
    SLICE_X43Y58         CARRY4 (Prop_carry4_S[2]_O[2])
                                                      0.248     7.464 r  y_reg[7]_i_539/O[2]
                         net (fo=1, routed)           0.428     7.892    y_reg[7]_i_539_n_5
    SLICE_X42Y59         LUT2 (Prop_lut2_I1_O)        0.302     8.194 r  y[7]_i_486/O
                         net (fo=1, routed)           0.000     8.194    y[7]_i_486_n_0
    SLICE_X42Y59         CARRY4 (Prop_carry4_S[2]_O[2])
                                                      0.250     8.444 r  y_reg[7]_i_455/O[2]
                         net (fo=1, routed)           0.571     9.015    y_reg[7]_i_455_n_5
    SLICE_X40Y59         LUT2 (Prop_lut2_I1_O)        0.301     9.316 r  y[7]_i_565/O
                         net (fo=1, routed)           0.000     9.316    y[7]_i_565_n_0
    SLICE_X40Y59         CARRY4 (Prop_carry4_S[1]_O[1])
                                                      0.227     9.543 r  y_reg[7]_i_528/O[1]
                         net (fo=1, routed)           0.565    10.107    y_reg[7]_i_528_n_6
    SLICE_X39Y59         LUT2 (Prop_lut2_I1_O)        0.303    10.410 r  y[7]_i_481/O
                         net (fo=1, routed)           0.000    10.410    y[7]_i_481_n_0
    SLICE_X39Y59         CARRY4 (Prop_carry4_S[1]_O[1])
                                                      0.227    10.637 r  y_reg[7]_i_454/O[1]
                         net (fo=1, routed)           0.448    11.086    y_reg[7]_i_454_n_6
    SLICE_X38Y60         LUT2 (Prop_lut2_I1_O)        0.303    11.389 r  y[7]_i_426/O
                         net (fo=1, routed)           0.000    11.389    y[7]_i_426_n_0
    SLICE_X38Y60         CARRY4 (Prop_carry4_S[2]_O[2])
                                                      0.250    11.639 r  y_reg[7]_i_402/O[2]
                         net (fo=1, routed)           0.416    12.054    y_reg[7]_i_402_n_5
    SLICE_X37Y59         LUT2 (Prop_lut2_I1_O)        0.301    12.355 r  y[7]_i_422/O
                         net (fo=1, routed)           0.000    12.355    y[7]_i_422_n_0
    SLICE_X37Y59         CARRY4 (Prop_carry4_S[1]_O[2])
                                                      0.580    12.935 r  y_reg[7]_i_401/O[2]
                         net (fo=1, routed)           0.505    13.440    y_reg[7]_i_401_n_5
    SLICE_X36Y59         LUT2 (Prop_lut2_I1_O)        0.302    13.742 r  y[7]_i_357/O
                         net (fo=1, routed)           0.000    13.742    y[7]_i_357_n_0
    SLICE_X36Y59         CARRY4 (Prop_carry4_S[3]_O[3])
                                                      0.255    13.997 r  y_reg[7]_i_329/O[3]
                         net (fo=1, routed)           0.477    14.474    y_reg[7]_i_329_n_4
    SLICE_X35Y61         LUT2 (Prop_lut2_I1_O)        0.307    14.781 r  y[7]_i_292/O
                         net (fo=1, routed)           0.000    14.781    y[7]_i_292_n_0
    SLICE_X35Y61         CARRY4 (Prop_carry4_S[3]_O[3])
                                                      0.248    15.029 r  y_reg[7]_i_266/O[3]
                         net (fo=1, routed)           0.696    15.725    y_reg[7]_i_266_n_4
    SLICE_X44Y63         LUT2 (Prop_lut2_I1_O)        0.306    16.031 r  y[7]_i_354/O
                         net (fo=1, routed)           0.000    16.031    y[7]_i_354_n_0
    SLICE_X44Y63         CARRY4 (Prop_carry4_S[1]_O[1])
                                                      0.227    16.258 r  y_reg[7]_i_325/O[1]
                         net (fo=1, routed)           0.439    16.697    y_reg[7]_i_325_n_6
    SLICE_X46Y62         LUT2 (Prop_lut2_I1_O)        0.303    17.000 r  y[7]_i_288/O
                         net (fo=1, routed)           0.000    17.000    y[7]_i_288_n_0
    SLICE_X46Y62         CARRY4 (Prop_carry4_S[2]_O[2])
                                                      0.250    17.250 r  y_reg[7]_i_265/O[2]
                         net (fo=1, routed)           0.553    17.803    y_reg[7]_i_265_n_5
    SLICE_X45Y60         LUT2 (Prop_lut2_I1_O)        0.301    18.104 r  y[7]_i_284/O
                         net (fo=1, routed)           0.000    18.104    y[7]_i_284_n_0
    SLICE_X45Y60         CARRY4 (Prop_carry4_S[0]_O[0])
                                                      0.247    18.351 r  y_reg[7]_i_264/O[0]
                         net (fo=1, routed)           0.644    18.995    y_reg[7]_i_264_n_7
    SLICE_X45Y56         LUT2 (Prop_lut2_I1_O)        0.299    19.294 r  y[7]_i_233/O
                         net (fo=1, routed)           0.000    19.294    y[7]_i_233_n_0
    SLICE_X45Y56         CARRY4 (Prop_carry4_S[3]_O[3])
                                                      0.248    19.542 r  y_reg[7]_i_212/O[3]
                         net (fo=1, routed)           0.472    20.014    y_reg[7]_i_212_n_4
    SLICE_X44Y56         LUT2 (Prop_lut2_I1_O)        0.306    20.320 r  y[7]_i_230/O
                         net (fo=1, routed)           0.000    20.320    y[7]_i_230_n_0
    SLICE_X44Y56         CARRY4 (Prop_carry4_S[1]_O[1])
                                                      0.227    20.547 r  y_reg[7]_i_211/O[1]
                         net (fo=1, routed)           0.574    21.121    y_reg[7]_i_211_n_6
    SLICE_X43Y54         LUT2 (Prop_lut2_I1_O)        0.303    21.424 r  y[7]_i_183/O
                         net (fo=1, routed)           0.000    21.424    y[7]_i_183_n_0
    SLICE_X43Y54         CARRY4 (Prop_carry4_S[3]_CO[3])
                                                      0.401    21.825 r  y_reg[7]_i_167/CO[3]
                         net (fo=1, routed)           0.000    21.825    y_reg[7]_i_167_n_0
    SLICE_X43Y55         CARRY4 (Prop_carry4_CI_O[0])
                                                      0.222    22.047 r  y_reg[7]_i_297/O[0]
                         net (fo=1, routed)           0.596    22.644    y_reg[7]_i_297_n_7
    SLICE_X44Y52         LUT2 (Prop_lut2_I1_O)        0.299    22.943 r  y[7]_i_271/O
                         net (fo=1, routed)           0.000    22.943    y[7]_i_271_n_0
    SLICE_X44Y52         CARRY4 (Prop_carry4_S[3]_O[3])
                                                      0.248    23.191 r  y_reg[7]_i_249/O[3]
                         net (fo=1, routed)           0.585    23.776    y_reg[7]_i_249_n_4
    SLICE_X45Y52         LUT2 (Prop_lut2_I1_O)        0.306    24.082 r  y[7]_i_223/O
                         net (fo=1, routed)           0.000    24.082    y[7]_i_223_n_0
    SLICE_X45Y52         CARRY4 (Prop_carry4_S[3]_CO[3])
                                                      0.401    24.483 r  y_reg[7]_i_200/CO[3]
                         net (fo=1, routed)           0.000    24.483    y_reg[7]_i_200_n_0
    SLICE_X45Y53         CARRY4 (Prop_carry4_CI_O[0])
                                                      0.222    24.705 r  y_reg[7]_i_241/O[0]
                         net (fo=1, routed)           0.447    25.152    y_reg[7]_i_241_n_7
    SLICE_X47Y53         LUT2 (Prop_lut2_I1_O)        0.299    25.451 r  y[7]_i_221/O
                         net (fo=1, routed)           0.000    25.451    y[7]_i_221_n_0
    SLICE_X47Y53         CARRY4 (Prop_carry4_S[0]_O[1])
                                                      0.424    25.875 r  y_reg[7]_i_196/O[1]
                         net (fo=1, routed)           0.530    26.404    y_reg[7]_i_196_n_6
    SLICE_X46Y53         LUT2 (Prop_lut2_I1_O)        0.303    26.707 r  y[7]_i_173/O
                         net (fo=1, routed)           0.000    26.707    y[7]_i_173_n_0
    SLICE_X46Y53         CARRY4 (Prop_carry4_S[3]_CO[3])
                                                      0.376    27.083 r  y_reg[7]_i_165/CO[3]
                         net (fo=1, routed)           0.000    27.083    y_reg[7]_i_165_n_0
    SLICE_X46Y54         CARRY4 (Prop_carry4_CI_O[0])
                                                      0.219    27.302 r  y_reg[15]_i_361/O[0]
                         net (fo=1, routed)           0.646    27.948    y_reg[15]_i_361_n_7
    SLICE_X46Y50         LUT2 (Prop_lut2_I1_O)        0.295    28.243 r  y[7]_i_213/O
                         net (fo=1, routed)           0.000    28.243    y[7]_i_213_n_0
    SLICE_X46Y50         CARRY4 (Prop_carry4_S[3]_O[3])
                                                      0.255    28.498 r  y_reg[7]_i_195/O[3]
                         net (fo=1, routed)           0.451    28.949    y_reg[7]_i_195_n_4
    SLICE_X43Y51         LUT2 (Prop_lut2_I1_O)        0.307    29.256 r  y[7]_i_169/O
                         net (fo=1, routed)           0.000    29.256    y[7]_i_169_n_0
    SLICE_X43Y51         CARRY4 (Prop_carry4_S[3]_CO[3])
                                                      0.401    29.657 r  y_reg[7]_i_153/CO[3]
                         net (fo=1, routed)           0.000    29.657    y_reg[7]_i_153_n_0
    SLICE_X43Y52         CARRY4 (Prop_carry4_CI_O[0])
                                                      0.222    29.879 r  y_reg[15]_i_339/O[0]
                         net (fo=1, routed)           0.310    30.189    y_reg[15]_i_339_n_7
    SLICE_X42Y53         LUT2 (Prop_lut2_I1_O)        0.299    30.488 r  y[15]_i_338/O
                         net (fo=1, routed)           0.000    30.488    y[15]_i_338_n_0
    SLICE_X42Y53         CARRY4 (Prop_carry4_S[0]_O[0])
                                                      0.252    30.740 r  y_reg[15]_i_327/O[0]
                         net (fo=1, routed)           0.430    31.171    y_reg[15]_i_327_n_7
    SLICE_X41Y54         LUT2 (Prop_lut2_I1_O)        0.295    31.466 r  y[15]_i_324/O
                         net (fo=1, routed)           0.000    31.466    y[15]_i_324_n_0
    SLICE_X41Y54         CARRY4 (Prop_carry4_S[0]_O[0])
                                                      0.247    31.713 r  y_reg[15]_i_303/O[0]
                         net (fo=1, routed)           0.354    32.067    y_reg[15]_i_303_n_7
    SLICE_X40Y54         LUT2 (Prop_lut2_I1_O)        0.299    32.366 r  y[15]_i_308/O
                         net (fo=1, routed)           0.000    32.366    y[15]_i_308_n_0
    SLICE_X40Y54         CARRY4 (Prop_carry4_S[3]_O[3])
                                                      0.248    32.614 r  y_reg[15]_i_294/O[3]
                         net (fo=1, routed)           0.430    33.044    y_reg[15]_i_294_n_4
    SLICE_X39Y55         LUT2 (Prop_lut2_I1_O)        0.306    33.350 r  y[15]_i_286/O
                         net (fo=1, routed)           0.000    33.350    y[15]_i_286_n_0
    SLICE_X39Y55         CARRY4 (Prop_carry4_S[0]_O[0])
                                                      0.247    33.597 r  y_reg[15]_i_268/O[0]
                         net (fo=1, routed)           0.429    34.026    y_reg[15]_i_268_n_7
    SLICE_X38Y55         LUT2 (Prop_lut2_I1_O)        0.299    34.325 r  y[15]_i_265/O
                         net (fo=1, routed)           0.000    34.325    y[15]_i_265_n_0
    SLICE_X38Y55         CARRY4 (Prop_carry4_S[0]_O[0])
                                                      0.252    34.577 r  y_reg[15]_i_250/O[0]
                         net (fo=1, routed)           0.425    35.002    y_reg[15]_i_250_n_7
    SLICE_X37Y56         LUT2 (Prop_lut2_I1_O)        0.295    35.297 r  y[15]_i_256/O
                         net (fo=1, routed)           0.000    35.297    y[15]_i_256_n_0
    SLICE_X37Y56         CARRY4 (Prop_carry4_S[2]_O[2])
                                                      0.248    35.545 r  y_reg[15]_i_235/O[2]
                         net (fo=1, routed)           0.585    36.130    y_reg[15]_i_235_n_5
    SLICE_X37Y52         LUT2 (Prop_lut2_I1_O)        0.302    36.432 r  y[15]_i_246/O
                         net (fo=1, routed)           0.000    36.432    y[15]_i_246_n_0
    SLICE_X37Y52         CARRY4 (Prop_carry4_S[3]_O[3])
                                                      0.248    36.680 r  y_reg[15]_i_232/O[3]
                         net (fo=1, routed)           0.560    37.240    y_reg[15]_i_232_n_4
    SLICE_X36Y54         LUT2 (Prop_lut2_I1_O)        0.306    37.546 r  y[15]_i_198/O
                         net (fo=1, routed)           0.000    37.546    y[15]_i_198_n_0
    SLICE_X36Y54         CARRY4 (Prop_carry4_S[0]_O[0])
                                                      0.252    37.798 r  y_reg[15]_i_163/O[0]
                         net (fo=1, routed)           0.458    38.256    y_reg[15]_i_163_n_7
    SLICE_X35Y53         LUT2 (Prop_lut2_I1_O)        0.295    38.551 r  y[15]_i_180/O
                         net (fo=1, routed)           0.000    38.551    y[15]_i_180_n_0
    SLICE_X35Y53         CARRY4 (Prop_carry4_S[3]_O[3])
                                                      0.248    38.799 r  y_reg[15]_i_154/O[3]
                         net (fo=1, routed)           0.430    39.228    y_reg[15]_i_154_n_4
    SLICE_X34Y53         LUT2 (Prop_lut2_I1_O)        0.306    39.534 r  y[15]_i_142/O
                         net (fo=1, routed)           0.000    39.534    y[15]_i_142_n_0
    SLICE_X34Y53         CARRY4 (Prop_carry4_S[3]_O[3])
                                                      0.255    39.789 r  y_reg[15]_i_118/O[3]
                         net (fo=1, routed)           0.589    40.378    y_reg[15]_i_118_n_4
    SLICE_X32Y54         LUT2 (Prop_lut2_I1_O)        0.307    40.685 r  y[15]_i_108/O
                         net (fo=1, routed)           0.000    40.685    y[15]_i_108_n_0
    SLICE_X32Y54         CARRY4 (Prop_carry4_S[2]_O[2])
                                                      0.250    40.935 r  y_reg[15]_i_86/O[2]
                         net (fo=1, routed)           0.602    41.537    y_reg[15]_i_86_n_5
    SLICE_X32Y50         LUT2 (Prop_lut2_I1_O)        0.301    41.838 r  y[15]_i_75/O
                         net (fo=1, routed)           0.000    41.838    y[15]_i_75_n_0
    SLICE_X32Y50         CARRY4 (Prop_carry4_S[3]_O[3])
                                                      0.255    42.093 r  y_reg[15]_i_62/O[3]
                         net (fo=1, routed)           0.482    42.575    acc__0[8]
    SLICE_X33Y51         LUT2 (Prop_lut2_I1_O)        0.307    42.882 r  y[15]_i_38/O
                         net (fo=1, routed)           0.000    42.882    y[15]_i_38_n_0
    SLICE_X33Y51         CARRY4 (Prop_carry4_S[0]_O[0])
                                                      0.247    43.129 r  y_reg[15]_i_20/O[0]
                         net (fo=1, routed)           0.691    43.820    y_reg[15]_i_20_n_7
    SLICE_X33Y54         LUT2 (Prop_lut2_I1_O)        0.299    44.119 r  y[11]_i_26/O
                         net (fo=1, routed)           0.000    44.119    y[11]_i_26_n_0
    SLICE_X33Y54         CARRY4 (Prop_carry4_S[3]_CO[3])
                                                      0.401    44.520 r  y_reg[11]_i_18/CO[3]
                         net (fo=1, routed)           0.000    44.520    y_reg[11]_i_18_n_0
    SLICE_X33Y55         CARRY4 (Prop_carry4_CI_O[0])
                                                      0.222    44.742 r  y_reg[15]_i_8/O[0]
                         net (fo=1, routed)           0.694    45.436    y_reg[15]_i_8_n_7
    SLICE_X33Y60         LUT2 (Prop_lut2_I1_O)        0.299    45.735 r  y[11]_i_8/O
                         net (fo=1, routed)           0.000    45.735    y[11]_i_8_n_0
    SLICE_X33Y60         CARRY4 (Prop_carry4_S[1]_O[2])
                                                      0.580    46.315 r  y_reg[11]_i_2/O[2]
                         net (fo=1, routed)           0.313    46.629    p_0_in[10]
    SLICE_X34Y60         CARRY4 (Prop_carry4_S[2]_O[2])
                                                      0.552    47.181 r  y_reg[11]_i_1/O[2]
                         net (fo=1, routed)           0.000    47.181    acc[10]
    SLICE_X34Y60         FDRE                                         r  y_reg[10]/D
  -------------------------------------------------------------------    -------------------

                         (clock vclk rise edge)      48.053    48.053 r  <hidden>
                                                      0.000    48.053 r  clk
                         net (fo=351, unset)          0.924    48.977    clk
    SLICE_X34Y60         FDRE                                         r  y_reg[10]/C
                         clock pessimism              0.000    48.977    <hidden>
                         clock uncertainty           -0.035    48.942    <hidden>
    SLICE_X34Y60         FDRE (Setup_fdre_C_D)        0.109    49.051    y_reg[10]
  -------------------------------------------------------------------
                         required time                         49.051    <hidden>
                         arrival time                         -47.181    <hidden>
  -------------------------------------------------------------------
                         slack                                  1.870    <hidden>

Slack (MET) :             2.165ns  (required time - arrival time)
  Source:                 d41_reg[2]/C
                            (rising edge-triggered cell FDRE clocked by vclk  {rise@0.000ns fall@24.027ns period=48.053ns})
  Destination:            y_reg[9]/D
                            (rising edge-triggered cell FDRE clocked by vclk  {rise@0.000ns fall@24.027ns period=48.053ns})
  Path Group:             vclk
  Path Type:              Setup (Max at Slow Process Corner)
  Requirement:            48.053ns  (vclk rise@48.053ns - vclk rise@0.000ns)
  Data Path Delay:        45.913ns  (logic 24.908ns (54.250%)  route 21.005ns (45.750%))
  Logic Levels:           85  (CARRY4=45 LUT2=39 LUT4=1)
  Clock Path Skew:        -0.049ns (DCD - SCD + CPR)
    Destination Clock Delay (DCD):    0.924ns = ( 48.977 - 48.053 ) 
    Source Clock Delay      (SCD):    0.973ns
    Clock Pessimism Removal (CPR):    0.000ns
  Clock Uncertainty:      0.035ns  ((TSJ^2 + TIJ^2)^1/2 + DJ) / 2 + PE
    Total System Jitter     (TSJ):    0.071ns
    Total Input Jitter      (TIJ):    0.000ns
    Discrete Jitter          (DJ):    0.000ns
    Phase Error              (PE):    0.000ns

    Location             Delay type                Incr(ns)  Path(ns)    Netlist Resource(s)
  -------------------------------------------------------------------    -------------------
                         (clock vclk rise edge)       0.000     0.000 r  <hidden>
                                                      0.000     0.000 r  clk
                         net (fo=351, unset)          0.973     0.973    clk
    SLICE_X47Y59         FDRE                                         r  d41_reg[2]/C
  -------------------------------------------------------------------    -------------------
    SLICE_X47Y59         FDRE (Prop_fdre_C_Q)         0.456     1.429 r  d41_reg[2]/Q
                         net (fo=2, routed)           0.287     1.716    d41[2]
    SLICE_X46Y59         CARRY4 (Prop_carry4_S[0]_O[0])
                                                      0.376     2.092 r  y_reg[7]_i_771/O[0]
                         net (fo=2, routed)           0.316     2.409    acc0[2]
    SLICE_X47Y61         LUT2 (Prop_lut2_I0_O)        0.295     2.704 r  y[7]_i_775/O
                         net (fo=1, routed)           0.000     2.704    y[7]_i_775_n_0
    SLICE_X47Y61         CARRY4 (Prop_carry4_S[0]_O[0])
                                                      0.247     2.951 r  y_reg[7]_i_755/O[0]
                         net (fo=1, routed)           0.596     3.547    y_reg[7]_i_755_n_7
    SLICE_X48Y61         LUT2 (Prop_lut2_I1_O)        0.299     3.846 r  y[7]_i_739/O
                         net (fo=1, routed)           0.000     3.846    y[7]_i_739_n_0
    SLICE_X48Y61         CARRY4 (Prop_carry4_S[0]_O[0])
                                                      0.247     4.093 r  y_reg[7]_i_721/O[0]
                         net (fo=1, routed)           0.712     4.804    y_reg[7]_i_721_n_7
    SLICE_X48Y57         LUT2 (Prop_lut2_I1_O)        0.299     5.103 r  y[7]_i_698/O
                         net (fo=1, routed)           0.000     5.103    y[7]_i_698_n_0
    SLICE_X48Y57         CARRY4 (Prop_carry4_S[0]_O[0])
                                                      0.247     5.350 r  y_reg[7]_i_675/O[0]
                         net (fo=1, routed)           0.585     5.936    y_reg[7]_i_675_n_7
    SLICE_X47Y57         LUT2 (Prop_lut2_I1_O)        0.299     6.235 r  y[7]_i_639/O
                         net (fo=1, routed)           0.000     6.235    y[7]_i_639_n_0
    SLICE_X47Y57         CARRY4 (Prop_carry4_S[1]_O[1])
                                                      0.227     6.462 r  y_reg[7]_i_612/O[1]
                         net (fo=1, routed)           0.452     6.913    y_reg[7]_i_612_n_6
    SLICE_X43Y58         LUT2 (Prop_lut2_I1_O)        0.303     7.216 r  y[7]_i_571/O
                         net (fo=1, routed)           0.000     7.216    y[7]_i_571_n_0
    SLICE_X43Y58         CARRY4 (Prop_carry4_S[2]_O[2])
                                                      0.248     7.464 r  y_reg[7]_i_539/O[2]
                         net (fo=1, routed)           0.428     7.892    y_reg[7]_i_539_n_5
    SLICE_X42Y59         LUT2 (Prop_lut2_I1_O)        0.302     8.194 r  y[7]_i_486/O
                         net (fo=1, routed)           0.000     8.194    y[7]_i_486_n_0
    SLICE_X42Y59         CARRY4 (Prop_carry4_S[2]_O[2])
                                                      0.250     8.444 r  y_reg[7]_i_455/O[2]
                         net (fo=1, routed)           0.571     9.015    y_reg[7]_i_455_n_5
    SLICE_X40Y59         LUT2 (Prop_lut2_I1_O)        0.301     9.316 r  y[7]_i_565/O
                         net (fo=1, routed)           0.000     9.316    y[7]_i_565_n_0
    SLICE_X40Y59         CARRY4 (Prop_carry4_S[1]_O[1])
                                                      0.227     9.543 r  y_reg[7]_i_528/O[1]
                         net (fo=1, routed)           0.565    10.107    y_reg[7]_i_528_n_6
    SLICE_X39Y59         LUT2 (Prop_lut2_I1_O)        0.303    10.410 r  y[7]_i_481/O
                         net (fo=1, routed)           0.000    10.410    y[7]_i_481_n_0
    SLICE_X39Y59         CARRY4 (Prop_carry4_S[1]_O[1])
                                                      0.227    10.637 r  y_reg[7]_i_454/O[1]
                         net (fo=1, routed)           0.448    11.086    y_reg[7]_i_454_n_6
    SLICE_X38Y60         LUT2 (Prop_lut2_I1_O)        0.303    11.389 r  y[7]_i_426/O
                         net (fo=1, routed)           0.000    11.389    y[7]_i_426_n_0
    SLICE_X38Y60         CARRY4 (Prop_carry4_S[2]_O[2])
                                                      0.250    11.639 r  y_reg[7]_i_402/O[2]
                         net (fo=1, routed)           0.416    12.054    y_reg[7]_i_402_n_5
    SLICE_X37Y59         LUT2 (Prop_lut2_I1_O)        0.301    12.355 r  y[7]_i_422/O
                         net (fo=1, routed)           0.000    12.355    y[7]_i_422_n_0
    SLICE_X37Y59         CARRY4 (Prop_carry4_S[1]_O[2])
                                                      0.580    12.935 r  y_reg[7]_i_401/O[2]
                         net (fo=1, routed)           0.505    13.440    y_reg[7]_i_401_n_5
    SLICE_X36Y59         LUT2 (Prop_lut2_I1_O)        0.302    13.742 r  y[7]_i_357/O
                         net (fo=1, routed)           0.000    13.742    y[7]_i_357_n_0
    SLICE_X36Y59         CARRY4 (Prop_carry4_S[3]_O[3])
                                                      0.255    13.997 r  y_reg[7]_i_329/O[3]
                         net (fo=1, routed)           0.477    14.474    y_reg[7]_i_329_n_4
    SLICE_X35Y61         LUT2 (Prop_lut2_I1_O)        0.307    14.781 r  y[7]_i_292/O
                         net (fo=1, routed)           0.000    14.781    y[7]_i_292_n_0
    SLICE_X35Y61         CARRY4 (Prop_carry4_S[3]_O[3])
                                                      0.248    15.029 r  y_reg[7]_i_266/O[3]
                         net (fo=1, routed)           0.696    15.725    y_reg[7]_i_266_n_4
    SLICE_X44Y63         LUT2 (Prop_lut2_I1_O)        0.306    16.031 r  y[7]_i_354/O
                         net (fo=1, routed)           0.000    16.031    y[7]_i_354_n_0
    SLICE_X44Y63         CARRY4 (Prop_carry4_S[1]_O[1])
                                                      0.227    16.258 r  y_reg[7]_i_325/O[1]
                         net (fo=1, routed)           0.439    16.697    y_reg[7]_i_325_n_6
    SLICE_X46Y62         LUT2 (Prop_lut2_I1_O)        0.303    17.000 r  y[7]_i_288/O
                         net (fo=1, routed)           0.000    17.000    y[7]_i_288_n_0
    SLICE_X46Y62         CARRY4 (Prop_carry4_S[2]_O[2])
                                                      0.250    17.250 r  y_reg[7]_i_265/O[2]
                         net (fo=1, routed)           0.553    17.803    y_reg[7]_i_265_n_5
    SLICE_X45Y60         LUT2 (Prop_lut2_I1_O)        0.301    18.104 r  y[7]_i_284/O
                         net (fo=1, routed)           0.000    18.104    y[7]_i_284_n_0
    SLICE_X45Y60         CARRY4 (Prop_carry4_S[0]_O[0])
                                                      0.247    18.351 r  y_reg[7]_i_264/O[0]
                         net (fo=1, routed)           0.644    18.995    y_reg[7]_i_264_n_7
    SLICE_X45Y56         LUT2 (Prop_lut2_I1_O)        0.299    19.294 r  y[7]_i_233/O
                         net (fo=1, routed)           0.000    19.294    y[7]_i_233_n_0
    SLICE_X45Y56         CARRY4 (Prop_carry4_S[3]_O[3])
                                                      0.248    19.542 r  y_reg[7]_i_212/O[3]
                         net (fo=1, routed)           0.472    20.014    y_reg[7]_i_212_n_4
    SLICE_X44Y56         LUT2 (Prop_lut2_I1_O)        0.306    20.320 r  y[7]_i_230/O
                         net (fo=1, routed)           0.000    20.320    y[7]_i_230_n_0
    SLICE_X44Y56         CARRY4 (Prop_carry4_S[1]_O[1])
                                                      0.227    20.547 r  y_reg[7]_i_211/O[1]
                         net (fo=1, routed)           0.574    21.121    y_reg[7]_i_211_n_6
    SLICE_X43Y54         LUT2 (Prop_lut2_I1_O)        0.303    21.424 r  y[7]_i_183/O
                         net (fo=1, routed)           0.000    21.424    y[7]_i_183_n_0
    SLICE_X43Y54         CARRY4 (Prop_carry4_S[3]_CO[3])
                                                      0.401    21.825 r  y_reg[7]_i_167/CO[3]
                         net (fo=1, routed)           0.000    21.825    y_reg[7]_i_167_n_0
    SLICE_X43Y55         CARRY4 (Prop_carry4_CI_O[0])
                                                      0.222    22.047 r  y_reg[7]_i_297/O[0]
                         net (fo=1, routed)           0.596    22.644    y_reg[7]_i_297_n_7
    SLICE_X44Y52         LUT2 (Prop_lut2_I1_O)        0.299    22.943 r  y[7]_i_271/O
                         net (fo=1, routed)           0.000    22.943    y[7]_i_271_n_0
    SLICE_X44Y52         CARRY4 (Prop_carry4_S[3]_O[3])
                                                      0.248    23.191 r  y_reg[7]_i_249/O[3]
                         net (fo=1, routed)           0.585    23.776    y_reg[7]_i_249_n_4
    SLICE_X45Y52         LUT2 (Prop_lut2_I1_O)        0.306    24.082 r  y[7]_i_223/O
                         net (fo=1, routed)           0.000    24.082    y[7]_i_223_n_0
    SLICE_X45Y52         CARRY4 (Prop_carry4_S[3]_CO[3])
                                                      0.401    24.483 r  y_reg[7]_i_200/CO[3]
                         net (fo=1, routed)           0.000    24.483    y_reg[7]_i_200_n_0
    SLICE_X45Y53         CARRY4 (Prop_carry4_CI_O[0])
                                                      0.222    24.705 r  y_reg[7]_i_241/O[0]
                         net (fo=1, routed)           0.447    25.152    y_reg[7]_i_241_n_7
    SLICE_X47Y53         LUT2 (Prop_lut2_I1_O)        0.299    25.451 r  y[7]_i_221/O
                         net (fo=1, routed)           0.000    25.451    y[7]_i_221_n_0
    SLICE_X47Y53         CARRY4 (Prop_carry4_S[0]_O[1])
                                                      0.424    25.875 r  y_reg[7]_i_196/O[1]
                         net (fo=1, routed)           0.530    26.404    y_reg[7]_i_196_n_6
    SLICE_X46Y53         LUT2 (Prop_lut2_I1_O)        0.303    26.707 r  y[7]_i_173/O
                         net (fo=1, routed)           0.000    26.707    y[7]_i_173_n_0
    SLICE_X46Y53         CARRY4 (Prop_carry4_S[3]_CO[3])
                                                      0.376    27.083 r  y_reg[7]_i_165/CO[3]
                         net (fo=1, routed)           0.000    27.083    y_reg[7]_i_165_n_0
    SLICE_X46Y54         CARRY4 (Prop_carry4_CI_O[0])
                                                      0.219    27.302 r  y_reg[15]_i_361/O[0]
                         net (fo=1, routed)           0.646    27.948    y_reg[15]_i_361_n_7
    SLICE_X46Y50         LUT2 (Prop_lut2_I1_O)        0.295    28.243 r  y[7]_i_213/O
                         net (fo=1, routed)           0.000    28.243    y[7]_i_213_n_0
    SLICE_X46Y50         CARRY4 (Prop_carry4_S[3]_O[3])
                                                      0.255    28.498 r  y_reg[7]_i_195/O[3]
                         net (fo=1, routed)           0.451    28.949    y_reg[7]_i_195_n_4
    SLICE_X43Y51         LUT2 (Prop_lut2_I1_O)        0.307    29.256 r  y[7]_i_169/O
                         net (fo=1, routed)           0.000    29.256    y[7]_i_169_n_0
    SLICE_X43Y51         CARRY4 (Prop_carry4_S[3]_CO[3])
                                                      0.401    29.657 r  y_reg[7]_i_153/CO[3]
                         net (fo=1, routed)           0.000    29.657    y_reg[7]_i_153_n_0
    SLICE_X43Y52         CARRY4 (Prop_carry4_CI_O[0])
                                                      0.222    29.879 r  y_reg[15]_i_339/O[0]
                         net (fo=1, routed)           0.310    30.189    y_reg[15]_i_339_n_7
    SLICE_X42Y53         LUT2 (Prop_lut2_I1_O)        0.299    30.488 r  y[15]_i_338/O
                         net (fo=1, routed)           0.000    30.488    y[15]_i_338_n_0
    SLICE_X42Y53         CARRY4 (Prop_carry4_S[0]_O[0])
                                                      0.252    30.740 r  y_reg[15]_i_327/O[0]
                         net (fo=1, routed)           0.430    31.171    y_reg[15]_i_327_n_7
    SLICE_X41Y54         LUT2 (Prop_lut2_I1_O)        0.295    31.466 r  y[15]_i_324/O
                         net (fo=1, routed)           0.000    31.466    y[15]_i_324_n_0
    SLICE_X41Y54         CARRY4 (Prop_carry4_S[0]_O[0])
                                                      0.247    31.713 r  y_reg[15]_i_303/O[0]
                         net (fo=1, routed)           0.354    32.067    y_reg[15]_i_303_n_7
    SLICE_X40Y54         LUT2 (Prop_lut2_I1_O)        0.299    32.366 r  y[15]_i_308/O
                         net (fo=1, routed)           0.000    32.366    y[15]_i_308_n_0
    SLICE_X40Y54         CARRY4 (Prop_carry4_S[3]_O[3])
                                                      0.248    32.614 r  y_reg[15]_i_294/O[3]
                         net (fo=1, routed)           0.430    33.044    y_reg[15]_i_294_n_4
    SLICE_X39Y55         LUT2 (Prop_lut2_I1_O)        0.306    33.350 r  y[15]_i_286/O
                         net (fo=1, routed)           0.000    33.350    y[15]_i_286_n_0
    SLICE_X39Y55         CARRY4 (Prop_carry4_S[0]_O[0])
                                                      0.247    33.597 r  y_reg[15]_i_268/O[0]
                         net (fo=1, routed)           0.429    34.026    y_reg[15]_i_268_n_7
    SLICE_X38Y55         LUT2 (Prop_lut2_I1_O)        0.299    34.325 r  y[15]_i_265/O
                         net (fo=1, routed)           0.000    34.325    y[15]_i_265_n_0
    SLICE_X38Y55         CARRY4 (Prop_carry4_S[0]_O[0])
                                                      0.252    34.577 r  y_reg[15]_i_250/O[0]
                         net (fo=1, routed)           0.425    35.002    y_reg[15]_i_250_n_7
    SLICE_X37Y56         LUT2 (Prop_lut2_I1_O)        0.295    35.297 r  y[15]_i_256/O
                         net (fo=1, routed)           0.000    35.297    y[15]_i_256_n_0
    SLICE_X37Y56         CARRY4 (Prop_carry4_S[2]_O[2])
                                                      0.248    35.545 r  y_reg[15]_i_235/O[2]
                         net (fo=1, routed)           0.585    36.130    y_reg[15]_i_235_n_5
    SLICE_X37Y52         LUT2 (Prop_lut2_I1_O)        0.302    36.432 r  y[15]_i_246/O
                         net (fo=1, routed)           0.000    36.432    y[15]_i_246_n_0
    SLICE_X37Y52         CARRY4 (Prop_carry4_S[3]_O[3])
                                                      0.248    36.680 r  y_reg[15]_i_232/O[3]
                         net (fo=1, routed)           0.560    37.240    y_reg[15]_i_232_n_4
    SLICE_X36Y54         LUT2 (Prop_lut2_I1_O)        0.306    37.546 r  y[15]_i_198/O
                         net (fo=1, routed)           0.000    37.546    y[15]_i_198_n_0
    SLICE_X36Y54         CARRY4 (Prop_carry4_S[0]_O[0])
                                                      0.252    37.798 r  y_reg[15]_i_163/O[0]
                         net (fo=1, routed)           0.458    38.256    y_reg[15]_i_163_n_7
    SLICE_X35Y53         LUT2 (Prop_lut2_I1_O)        0.295    38.551 r  y[15]_i_180/O
                         net (fo=1, routed)           0.000    38.551    y[15]_i_180_n_0
    SLICE_X35Y53         CARRY4 (Prop_carry4_S[3]_O[3])
                                                      0.248    38.799 r  y_reg[15]_i_154/O[3]
                         net (fo=1, routed)           0.430    39.228    y_reg[15]_i_154_n_4
    SLICE_X34Y53         LUT2 (Prop_lut2_I1_O)        0.306    39.534 r  y[15]_i_142/O
                         net (fo=1, routed)           0.000    39.534    y[15]_i_142_n_0
    SLICE_X34Y53         CARRY4 (Prop_carry4_S[3]_O[3])
                                                      0.255    39.789 r  y_reg[15]_i_118/O[3]
                         net (fo=1, routed)           0.589    40.378    y_reg[15]_i_118_n_4
    SLICE_X32Y54         LUT2 (Prop_lut2_I1_O)        0.307    40.685 r  y[15]_i_108/O
                         net (fo=1, routed)           0.000    40.685    y[15]_i_108_n_0
    SLICE_X32Y54         CARRY4 (Prop_carry4_S[2]_O[2])
                                                      0.250    40.935 r  y_reg[15]_i_86/O[2]
                         net (fo=1, routed)           0.602    41.537    y_reg[15]_i_86_n_5
    SLICE_X32Y50         LUT2 (Prop_lut2_I1_O)        0.301    41.838 r  y[15]_i_75/O
                         net (fo=1, routed)           0.000    41.838    y[15]_i_75_n_0
    SLICE_X32Y50         CARRY4 (Prop_carry4_S[3]_O[3])
                                                      0.255    42.093 r  y_reg[15]_i_62/O[3]
                         net (fo=1, routed)           0.482    42.575    acc__0[8]
    SLICE_X33Y51         LUT2 (Prop_lut2_I1_O)        0.307    42.882 r  y[15]_i_38/O
                         net (fo=1, routed)           0.000    42.882    y[15]_i_38_n_0
    SLICE_X33Y51         CARRY4 (Prop_carry4_S[0]_O[0])
                                                      0.247    43.129 r  y_reg[15]_i_20/O[0]
                         net (fo=1, routed)           0.691    43.820    y_reg[15]_i_20_n_7
    SLICE_X33Y54         LUT2 (Prop_lut2_I1_O)        0.299    44.119 r  y[11]_i_26/O
                         net (fo=1, routed)           0.000    44.119    y[11]_i_26_n_0
    SLICE_X33Y54         CARRY4 (Prop_carry4_S[3]_O[3])
                                                      0.248    44.367 r  y_reg[11]_i_18/O[3]
                         net (fo=1, routed)           0.752    45.120    y_reg[11]_i_18_n_4
    SLICE_X33Y60         LUT2 (Prop_lut2_I1_O)        0.306    45.426 r  y[11]_i_9/O
                         net (fo=1, routed)           0.000    45.426    y[11]_i_9_n_0
    SLICE_X33Y60         CARRY4 (Prop_carry4_S[0]_O[0])
                                                      0.247    45.673 r  y_reg[11]_i_2/O[0]
                         net (fo=2, routed)           0.488    46.160    p_0_in[8]
    SLICE_X34Y60         LUT4 (Prop_lut4_I3_O)        0.299    46.459 r  y[11]_i_3/O
                         net (fo=1, routed)           0.000    46.459    y[11]_i_3_n_0
    SLICE_X34Y60         CARRY4 (Prop_carry4_S[0]_O[1])
                                                      0.427    46.886 r  y_reg[11]_i_1/O[1]
                         net (fo=1, routed)           0.000    46.886    acc[9]
    SLICE_X34Y60         FDRE                                         r  y_reg[9]/D
  -------------------------------------------------------------------    -------------------

                         (clock vclk rise edge)      48.053    48.053 r  <hidden>
                                                      0.000    48.053 r  clk
                         net (fo=351, unset)          0.924    48.977    clk
    SLICE_X34Y60         FDRE                                         r  y_reg[9]/C
                         clock pessimism              0.000    48.977    <hidden>
                         clock uncertainty           -0.035    48.942    <hidden>
    SLICE_X34Y60         FDRE (Setup_fdre_C_D)        0.109    49.051    y_reg[9]
  -------------------------------------------------------------------
                         required time                         49.051    <hidden>
                         arrival time                         -46.886    <hidden>
  -------------------------------------------------------------------
                         slack                                  2.165    <hidden>

Slack (MET) :             2.281ns  (required time - arrival time)
  Source:                 d41_reg[2]/C
                            (rising edge-triggered cell FDRE clocked by vclk  {rise@0.000ns fall@24.027ns period=48.053ns})
  Destination:            y_reg[8]/D
                            (rising edge-triggered cell FDRE clocked by vclk  {rise@0.000ns fall@24.027ns period=48.053ns})
  Path Group:             vclk
  Path Type:              Setup (Max at Slow Process Corner)
  Requirement:            48.053ns  (vclk rise@48.053ns - vclk rise@0.000ns)
  Data Path Delay:        45.797ns  (logic 24.450ns (53.388%)  route 21.347ns (46.612%))
  Logic Levels:           83  (CARRY4=44 LUT2=38 LUT3=1)
  Clock Path Skew:        -0.049ns (DCD - SCD + CPR)
    Destination Clock Delay (DCD):    0.924ns = ( 48.977 - 48.053 ) 
    Source Clock Delay      (SCD):    0.973ns
    Clock Pessimism Removal (CPR):    0.000ns
  Clock Uncertainty:      0.035ns  ((TSJ^2 + TIJ^2)^1/2 + DJ) / 2 + PE
    Total System Jitter     (TSJ):    0.071ns
    Total Input Jitter      (TIJ):    0.000ns
    Discrete Jitter          (DJ):    0.000ns
    Phase Error              (PE):    0.000ns

    Location             Delay type                Incr(ns)  Path(ns)    Netlist Resource(s)
  -------------------------------------------------------------------    -------------------
                         (clock vclk rise edge)       0.000     0.000 r  <hidden>
                                                      0.000     0.000 r  clk
                         net (fo=351, unset)          0.973     0.973    clk
    SLICE_X47Y59         FDRE                                         r  d41_reg[2]/C
  -------------------------------------------------------------------    -------------------
    SLICE_X47Y59         FDRE (Prop_fdre_C_Q)         0.456     1.429 r  d41_reg[2]/Q
                         net (fo=2, routed)           0.287     1.716    d41[2]
    SLICE_X46Y59         CARRY4 (Prop_carry4_S[0]_O[0])
                                                      0.376     2.092 r  y_reg[7]_i_771/O[0]
                         net (fo=2, routed)           0.316     2.409    acc0[2]
    SLICE_X47Y61         LUT2 (Prop_lut2_I0_O)        0.295     2.704 r  y[7]_i_775/O
                         net (fo=1, routed)           0.000     2.704    y[7]_i_775_n_0
    SLICE_X47Y61         CARRY4 (Prop_carry4_S[0]_O[0])
                                                      0.247     2.951 r  y_reg[7]_i_755/O[0]
                         net (fo=1, routed)           0.596     3.547    y_reg[7]_i_755_n_7
    SLICE_X48Y61         LUT2 (Prop_lut2_I1_O)        0.299     3.846 r  y[7]_i_739/O
                         net (fo=1, routed)           0.000     3.846    y[7]_i_739_n_0
    SLICE_X48Y61         CARRY4 (Prop_carry4_S[0]_O[0])
                                                      0.247     4.093 r  y_reg[7]_i_721/O[0]
                         net (fo=1, routed)           0.712     4.804    y_reg[7]_i_721_n_7
    SLICE_X48Y57         LUT2 (Prop_lut2_I1_O)        0.299     5.103 r  y[7]_i_698/O
                         net (fo=1, routed)           0.000     5.103    y[7]_i_698_n_0
    SLICE_X48Y57         CARRY4 (Prop_carry4_S[0]_O[0])
                                                      0.247     5.350 r  y_reg[7]_i_675/O[0]
                         net (fo=1, routed)           0.585     5.936    y_reg[7]_i_675_n_7
    SLICE_X47Y57         LUT2 (Prop_lut2_I1_O)        0.299     6.235 r  y[7]_i_639/O
                         net (fo=1, routed)           0.000     6.235    y[7]_i_639_n_0
    SLICE_X47Y57         CARRY4 (Prop_carry4_S[1]_O[1])
                                                      0.227     6.462 r  y_reg[7]_i_612/O[1]
                         net (fo=1, routed)           0.452     6.913    y_reg[7]_i_612_n_6
    SLICE_X43Y58         LUT2 (Prop_lut2_I1_O)        0.303     7.216 r  y[7]_i_571/O
                         net (fo=1, routed)           0.000     7.216    y[7]_i_571_n_0
    SLICE_X43Y58         CARRY4 (Prop_carry4_S[2]_O[2])
                                                      0.248     7.464 r  y_reg[7]_i_539/O[2]
                         net (fo=1, routed)           0.428     7.892    y_reg[7]_i_539_n_5
    SLICE_X42Y59         LUT2 (Prop_lut2_I1_O)        0.302     8.194 r  y[7]_i_486/O
                         net (fo=1, routed)           0.000     8.194    y[7]_i_486_n_0
    SLICE_X42Y59         CARRY4 (Prop_carry4_S[2]_O[2])
                                                      0.250     8.444 r  y_reg[7]_i_455/O[2]
                         net (fo=1, routed)           0.571     9.015    y_reg[7]_i_455_n_5
    SLICE_X40Y59         LUT2 (Prop_lut2_I1_O)        0.301     9.316 r  y[7]_i_565/O
                         net (fo=1, routed)           0.000     9.316    y[7]_i_565_n_0
    SLICE_X40Y59         CARRY4 (Prop_carry4_S[1]_O[1])
                                                      0.227     9.543 r  y_reg[7]_i_528/O[1]
                         net (fo=1, routed)           0.565    10.107    y_reg[7]_i_528_n_6
    SLICE_X39Y59         LUT2 (Prop_lut2_I1_O)        0.303    10.410 r  y[7]_i_481/O
                         net (fo=1, routed)           0.000    10.410    y[7]_i_481_n_0
    SLICE_X39Y59         CARRY4 (Prop_carry4_S[1]_O[1])
                                                      0.227    10.637 r  y_reg[7]_i_454/O[1]
                         net (fo=1, routed)           0.448    11.086    y_reg[7]_i_454_n_6
    SLICE_X38Y60         LUT2 (Prop_lut2_I1_O)        0.303    11.389 r  y[7]_i_426/O
                         net (fo=1, routed)           0.000    11.389    y[7]_i_426_n_0
    SLICE_X38Y60         CARRY4 (Prop_carry4_S[2]_O[2])
                                                      0.250    11.639 r  y_reg[7]_i_402/O[2]
                         net (fo=1, routed)           0.416    12.054    y_reg[7]_i_402_n_5
    SLICE_X37Y59         LUT2 (Prop_lut2_I1_O)        0.301    12.355 r  y[7]_i_422/O
                         net (fo=1, routed)           0.000    12.355    y[7]_i_422_n_0
    SLICE_X37Y59         CARRY4 (Prop_carry4_S[1]_O[2])
                                                      0.580    12.935 r  y_reg[7]_i_401/O[2]
                         net (fo=1, routed)           0.505    13.440    y_reg[7]_i_401_n_5
    SLICE_X36Y59         LUT2 (Prop_lut2_I1_O)        0.302    13.742 r  y[7]_i_357/O
                         net (fo=1, routed)           0.000    13.742    y[7]_i_357_n_0
    SLICE_X36Y59         CARRY4 (Prop_carry4_S[3]_O[3])
                                                      0.255    13.997 r  y_reg[7]_i_329/O[3]
                         net (fo=1, routed)           0.477    14.474    y_reg[7]_i_329_n_4
    SLICE_X35Y61         LUT2 (Prop_lut2_I1_O)        0.307    14.781 r  y[7]_i_292/O
                         net (fo=1, routed)           0.000    14.781    y[7]_i_292_n_0
    SLICE_X35Y61         CARRY4 (Prop_carry4_S[3]_O[3])
                                                      0.248    15.029 r  y_reg[7]_i_266/O[3]
                         net (fo=1, routed)           0.696    15.725    y_reg[7]_i_266_n_4
    SLICE_X44Y63         LUT2 (Prop_lut2_I1_O)        0.306    16.031 r  y[7]_i_354/O
                         net (fo=1, routed)           0.000    16.031    y[7]_i_354_n_0
    SLICE_X44Y63         CARRY4 (Prop_carry4_S[1]_O[1])
                                                      0.227    16.258 r  y_reg[7]_i_325/O[1]
                         net (fo=1, routed)           0.439    16.697    y_reg[7]_i_325_n_6
    SLICE_X46Y62         LUT2 (Prop_lut2_I1_O)        0.303    17.000 r  y[7]_i_288/O
                         net (fo=1, routed)           0.000    17.000    y[7]_i_288_n_0
    SLICE_X46Y62         CARRY4 (Prop_carry4_S[2]_O[2])
                                                      0.250    17.250 r  y_reg[7]_i_265/O[2]
                         net (fo=1, routed)           0.553    17.803    y_reg[7]_i_265_n_5
    SLICE_X45Y60         LUT2 (Prop_lut2_I1_O)        0.301    18.104 r  y[7]_i_284/O
                         net (fo=1, routed)           0.000    18.104    y[7]_i_284_n_0
    SLICE_X45Y60         CARRY4 (Prop_carry4_S[0]_O[0])
                                                      0.247    18.351 r  y_reg[7]_i_264/O[0]
                         net (fo=1, routed)           0.644    18.995    y_reg[7]_i_264_n_7
    SLICE_X45Y56         LUT2 (Prop_lut2_I1_O)        0.299    19.294 r  y[7]_i_233/O
                         net (fo=1, routed)           0.000    19.294    y[7]_i_233_n_0
    SLICE_X45Y56         CARRY4 (Prop_carry4_S[3]_O[3])
                                                      0.248    19.542 r  y_reg[7]_i_212/O[3]
                         net (fo=1, routed)           0.472    20.014    y_reg[7]_i_212_n_4
    SLICE_X44Y56         LUT2 (Prop_lut2_I1_O)        0.306    20.320 r  y[7]_i_230/O
                         net (fo=1, routed)           0.000    20.320    y[7]_i_230_n_0
    SLICE_X44Y56         CARRY4 (Prop_carry4_S[1]_O[1])
                                                      0.227    20.547 r  y_reg[7]_i_211/O[1]
                         net (fo=1, routed)           0.574    21.121    y_reg[7]_i_211_n_6
    SLICE_X43Y54         LUT2 (Prop_lut2_I1_O)        0.303    21.424 r  y[7]_i_183/O
                         net (fo=1, routed)           0.000    21.424    y[7]_i_183_n_0
    SLICE_X43Y54         CARRY4 (Prop_carry4_S[3]_CO[3])
                                                      0.401    21.825 r  y_reg[7]_i_167/CO[3]
                         net (fo=1, routed)           0.000    21.825    y_reg[7]_i_167_n_0
    SLICE_X43Y55         CARRY4 (Prop_carry4_CI_O[0])
                                                      0.222    22.047 r  y_reg[7]_i_297/O[0]
                         net (fo=1, routed)           0.596    22.644    y_reg[7]_i_297_n_7
    SLICE_X44Y52         LUT2 (Prop_lut2_I1_O)        0.299    22.943 r  y[7]_i_271/O
                         net (fo=1, routed)           0.000    22.943    y[7]_i_271_n_0
    SLICE_X44Y52         CARRY4 (Prop_carry4_S[3]_O[3])
                                                      0.248    23.191 r  y_reg[7]_i_249/O[3]
                         net (fo=1, routed)           0.585    23.776    y_reg[7]_i_249_n_4
    SLICE_X45Y52         LUT2 (Prop_lut2_I1_O)        0.306    24.082 r  y[7]_i_223/O
                         net (fo=1, routed)           0.000    24.082    y[7]_i_223_n_0
    SLICE_X45Y52         CARRY4 (Prop_carry4_S[3]_O[3])
                                                      0.248    24.330 r  y_reg[7]_i_200/O[3]
                         net (fo=1, routed)           0.448    24.777    y_reg[7]_i_200_n_4
    SLICE_X47Y52         LUT2 (Prop_lut2_I1_O)        0.306    25.083 r  y[7]_i_177/O
                         net (fo=1, routed)           0.000    25.083    y[7]_i_177_n_0
    SLICE_X47Y52         CARRY4 (Prop_carry4_S[3]_O[3])
                                                      0.248    25.331 r  y_reg[7]_i_166/O[3]
                         net (fo=1, routed)           0.430    25.761    y_reg[7]_i_166_n_4
    SLICE_X46Y53         LUT2 (Prop_lut2_I1_O)        0.306    26.067 r  y[7]_i_175/O
                         net (fo=1, routed)           0.000    26.067    y[7]_i_175_n_0
    SLICE_X46Y53         CARRY4 (Prop_carry4_S[1]_O[1])
                                                      0.230    26.297 r  y_reg[7]_i_165/O[1]
                         net (fo=1, routed)           0.564    26.861    y_reg[7]_i_165_n_6
    SLICE_X46Y50         LUT2 (Prop_lut2_I1_O)        0.306    27.167 r  y[7]_i_216/O
                         net (fo=1, routed)           0.000    27.167    y[7]_i_216_n_0
    SLICE_X46Y50         CARRY4 (Prop_carry4_S[0]_O[0])
                                                      0.252    27.419 r  y_reg[7]_i_195/O[0]
                         net (fo=1, routed)           0.457    27.876    y_reg[7]_i_195_n_7
    SLICE_X43Y51         LUT2 (Prop_lut2_I1_O)        0.295    28.171 r  y[7]_i_172/O
                         net (fo=1, routed)           0.000    28.171    y[7]_i_172_n_0
    SLICE_X43Y51         CARRY4 (Prop_carry4_S[0]_O[0])
                                                      0.247    28.418 r  y_reg[7]_i_153/O[0]
                         net (fo=1, routed)           0.310    28.727    y_reg[7]_i_153_n_7
    SLICE_X42Y52         LUT2 (Prop_lut2_I1_O)        0.299    29.026 r  y[7]_i_145/O
                         net (fo=1, routed)           0.000    29.026    y[7]_i_145_n_0
    SLICE_X42Y52         CARRY4 (Prop_carry4_S[0]_O[0])
                                                      0.252    29.278 r  y_reg[7]_i_129/O[0]
                         net (fo=1, routed)           0.430    29.709    y_reg[7]_i_129_n_7
    SLICE_X41Y53         LUT2 (Prop_lut2_I1_O)        0.295    30.004 r  y[7]_i_119/O
                         net (fo=1, routed)           0.000    30.004    y[7]_i_119_n_0
    SLICE_X41Y53         CARRY4 (Prop_carry4_S[0]_O[0])
                                                      0.247    30.251 r  y_reg[7]_i_106/O[0]
                         net (fo=1, routed)           0.354    30.605    y_reg[7]_i_106_n_7
    SLICE_X40Y53         LUT2 (Prop_lut2_I1_O)        0.299    30.904 r  y[7]_i_82/O
                         net (fo=1, routed)           0.000    30.904    y[7]_i_82_n_0
    SLICE_X40Y53         CARRY4 (Prop_carry4_S[3]_O[3])
                                                      0.248    31.152 r  y_reg[7]_i_73/O[3]
                         net (fo=1, routed)           0.430    31.582    y_reg[7]_i_73_n_4
    SLICE_X39Y54         CARRY4 (Prop_carry4_S[0]_O[0])
                                                      0.553    32.135 r  y_reg[15]_i_282/O[0]
                         net (fo=1, routed)           0.429    32.564    y_reg[15]_i_282_n_7
    SLICE_X38Y54         LUT2 (Prop_lut2_I1_O)        0.299    32.863 r  y[7]_i_114/O
                         net (fo=1, routed)           0.000    32.863    y[7]_i_114_n_0
    SLICE_X38Y54         CARRY4 (Prop_carry4_S[0]_O[0])
                                                      0.252    33.115 r  y_reg[7]_i_94/O[0]
                         net (fo=1, routed)           0.425    33.540    y_reg[7]_i_94_n_7
    SLICE_X37Y55         LUT2 (Prop_lut2_I1_O)        0.295    33.835 r  y[7]_i_77/O
                         net (fo=1, routed)           0.000    33.835    y[7]_i_77_n_0
    SLICE_X37Y55         CARRY4 (Prop_carry4_S[2]_O[2])
                                                      0.248    34.083 r  y_reg[7]_i_66/O[2]
                         net (fo=1, routed)           0.585    34.668    y_reg[7]_i_66_n_5
    SLICE_X37Y51         LUT2 (Prop_lut2_I1_O)        0.302    34.970 r  y[7]_i_57/O
                         net (fo=1, routed)           0.000    34.970    y[7]_i_57_n_0
    SLICE_X37Y51         CARRY4 (Prop_carry4_S[3]_O[3])
                                                      0.248    35.218 r  y_reg[7]_i_51/O[3]
                         net (fo=1, routed)           0.560    35.778    y_reg[7]_i_51_n_4
    SLICE_X36Y53         LUT2 (Prop_lut2_I1_O)        0.306    36.084 r  y[15]_i_223/O
                         net (fo=1, routed)           0.000    36.084    y[15]_i_223_n_0
    SLICE_X36Y53         CARRY4 (Prop_carry4_S[0]_O[0])
                                                      0.252    36.336 r  y_reg[15]_i_193/O[0]
                         net (fo=1, routed)           0.458    36.794    y_reg[15]_i_193_n_7
    SLICE_X35Y52         LUT2 (Prop_lut2_I1_O)        0.295    37.089 r  y[15]_i_206/O
                         net (fo=1, routed)           0.000    37.089    y[15]_i_206_n_0
    SLICE_X35Y52         CARRY4 (Prop_carry4_S[3]_O[3])
                                                      0.248    37.337 r  y_reg[15]_i_178/O[3]
                         net (fo=1, routed)           0.430    37.766    y_reg[15]_i_178_n_4
    SLICE_X34Y52         LUT2 (Prop_lut2_I1_O)        0.306    38.072 r  y[7]_i_53/O
                         net (fo=1, routed)           0.000    38.072    y[7]_i_53_n_0
    SLICE_X34Y52         CARRY4 (Prop_carry4_S[3]_O[3])
                                                      0.255    38.327 r  y_reg[7]_i_47/O[3]
                         net (fo=1, routed)           0.455    38.783    y_reg[7]_i_47_n_4
    SLICE_X32Y53         LUT2 (Prop_lut2_I1_O)        0.307    39.090 r  y[15]_i_134/O
                         net (fo=1, routed)           0.000    39.090    y[15]_i_134_n_0
    SLICE_X32Y53         CARRY4 (Prop_carry4_S[2]_O[2])
                                                      0.250    39.340 r  y_reg[15]_i_105/O[2]
                         net (fo=1, routed)           0.603    39.942    y_reg[15]_i_105_n_5
    SLICE_X32Y49         LUT2 (Prop_lut2_I1_O)        0.301    40.243 r  y[7]_i_35/O
                         net (fo=1, routed)           0.000    40.243    y[7]_i_35_n_0
    SLICE_X32Y49         CARRY4 (Prop_carry4_S[3]_CO[3])
                                                      0.376    40.619 r  y_reg[7]_i_32/CO[3]
                         net (fo=1, routed)           0.001    40.620    y_reg[7]_i_32_n_0
    SLICE_X32Y50         CARRY4 (Prop_carry4_CI_O[0])
                                                      0.219    40.839 r  y_reg[15]_i_62/O[0]
                         net (fo=1, routed)           0.484    41.323    acc__0[5]
    SLICE_X33Y50         LUT2 (Prop_lut2_I1_O)        0.295    41.618 r  y[15]_i_52/O
                         net (fo=1, routed)           0.000    41.618    y[15]_i_52_n_0
    SLICE_X33Y50         CARRY4 (Prop_carry4_S[1]_O[1])
                                                      0.227    41.845 r  y_reg[15]_i_33/O[1]
                         net (fo=1, routed)           0.689    42.534    y_reg[15]_i_33_n_6
    SLICE_X33Y54         LUT2 (Prop_lut2_I1_O)        0.303    42.837 r  y[11]_i_29/O
                         net (fo=1, routed)           0.000    42.837    y[11]_i_29_n_0
    SLICE_X33Y54         CARRY4 (Prop_carry4_S[0]_O[0])
                                                      0.247    43.084 r  y_reg[11]_i_18/O[0]
                         net (fo=1, routed)           0.694    43.778    y_reg[11]_i_18_n_7
    SLICE_X33Y59         LUT2 (Prop_lut2_I1_O)        0.299    44.077 r  y[11]_i_13/O
                         net (fo=1, routed)           0.000    44.077    y[11]_i_13_n_0
    SLICE_X33Y59         CARRY4 (Prop_carry4_S[1]_O[2])
                                                      0.580    44.657 r  y_reg[11]_i_4/O[2]
                         net (fo=2, routed)           0.567    45.224    p_0_in[6]
    SLICE_X35Y59         LUT3 (Prop_lut3_I1_O)        0.302    45.526 r  y[7]_i_2/O
                         net (fo=2, routed)           0.629    46.155    y[7]_i_2_n_0
    SLICE_X34Y59         CARRY4 (Prop_carry4_DI[3]_CO[3])
                                                      0.396    46.551 r  y_reg[7]_i_1/CO[3]
                         net (fo=1, routed)           0.000    46.551    y_reg[7]_i_1_n_0
    SLICE_X34Y60         CARRY4 (Prop_carry4_CI_O[0])
                                                      0.219    46.770 r  y_reg[11]_i_1/O[0]
                         net (fo=1, routed)           0.000    46.770    acc[8]
    SLICE_X34Y60         FDRE                                         r  y_reg[8]/D
  -------------------------------------------------------------------    -------------------

                         (clock vclk rise edge)      48.053    48.053 r  <hidden>
                                                      0.000    48.053 r  clk
                         net (fo=351, unset)          0.924    48.977    clk
    SLICE_X34Y60         FDRE                                         r  y_reg[8]/C
                         clock pessimism              0.000    48.977    <hidden>
                         clock uncertainty           -0.035    48.942    <hidden>
    SLICE_X34Y60         FDRE (Setup_fdre_C_D)        0.109    49.051    y_reg[8]
  -------------------------------------------------------------------
                         required time                         49.051    <hidden>
                         arrival time                         -46.770    <hidden>
  -------------------------------------------------------------------
                         slack                                  2.281    <hidden>

Slack (MET) :             2.708ns  (required time - arrival time)
  Source:                 d41_reg[2]/C
                            (rising edge-triggered cell FDRE clocked by vclk  {rise@0.000ns fall@24.027ns period=48.053ns})
  Destination:            y_reg[7]/D
                            (rising edge-triggered cell FDRE clocked by vclk  {rise@0.000ns fall@24.027ns period=48.053ns})
  Path Group:             vclk
  Path Type:              Setup (Max at Slow Process Corner)
  Requirement:            48.053ns  (vclk rise@48.053ns - vclk rise@0.000ns)
  Data Path Delay:        45.370ns  (logic 24.214ns (53.370%)  route 21.156ns (46.630%))
  Logic Levels:           83  (CARRY4=43 LUT2=38 LUT3=1 LUT4=1)
  Clock Path Skew:        -0.049ns (DCD - SCD + CPR)
    Destination Clock Delay (DCD):    0.924ns = ( 48.977 - 48.053 ) 
    Source Clock Delay      (SCD):    0.973ns
    Clock Pessimism Removal (CPR):    0.000ns
  Clock Uncertainty:      0.035ns  ((TSJ^2 + TIJ^2)^1/2 + DJ) / 2 + PE
    Total System Jitter     (TSJ):    0.071ns
    Total Input Jitter      (TIJ):    0.000ns
    Discrete Jitter          (DJ):    0.000ns
    Phase Error              (PE):    0.000ns

    Location             Delay type                Incr(ns)  Path(ns)    Netlist Resource(s)
  -------------------------------------------------------------------    -------------------
                         (clock vclk rise edge)       0.000     0.000 r  <hidden>
                                                      0.000     0.000 r  clk
                         net (fo=351, unset)          0.973     0.973    clk
    SLICE_X47Y59         FDRE                                         r  d41_reg[2]/C
  -------------------------------------------------------------------    -------------------
    SLICE_X47Y59         FDRE (Prop_fdre_C_Q)         0.456     1.429 r  d41_reg[2]/Q
                         net (fo=2, routed)           0.287     1.716    d41[2]
    SLICE_X46Y59         CARRY4 (Prop_carry4_S[0]_O[0])
                                                      0.376     2.092 r  y_reg[7]_i_771/O[0]
                         net (fo=2, routed)           0.316     2.409    acc0[2]
    SLICE_X47Y61         LUT2 (Prop_lut2_I0_O)        0.295     2.704 r  y[7]_i_775/O
                         net (fo=1, routed)           0.000     2.704    y[7]_i_775_n_0
    SLICE_X47Y61         CARRY4 (Prop_carry4_S[0]_O[0])
                                                      0.247     2.951 r  y_reg[7]_i_755/O[0]
                         net (fo=1, routed)           0.596     3.547    y_reg[7]_i_755_n_7
    SLICE_X48Y61         LUT2 (Prop_lut2_I1_O)        0.299     3.846 r  y[7]_i_739/O
                         net (fo=1, routed)           0.000     3.846    y[7]_i_739_n_0
    SLICE_X48Y61         CARRY4 (Prop_carry4_S[0]_O[0])
                                                      0.247     4.093 r  y_reg[7]_i_721/O[0]
                         net (fo=1, routed)           0.712     4.804    y_reg[7]_i_721_n_7
    SLICE_X48Y57         LUT2 (Prop_lut2_I1_O)        0.299     5.103 r  y[7]_i_698/O
                         net (fo=1, routed)           0.000     5.103    y[7]_i_698_n_0
    SLICE_X48Y57         CARRY4 (Prop_carry4_S[0]_O[0])
                                                      0.247     5.350 r  y_reg[7]_i_675/O[0]
                         net (fo=1, routed)           0.585     5.936    y_reg[7]_i_675_n_7
    SLICE_X47Y57         LUT2 (Prop_lut2_I1_O)        0.299     6.235 r  y[7]_i_639/O
                         net (fo=1, routed)           0.000     6.235    y[7]_i_639_n_0
    SLICE_X47Y57         CARRY4 (Prop_carry4_S[1]_O[1])
                                                      0.227     6.462 r  y_reg[7]_i_612/O[1]
                         net (fo=1, routed)           0.452     6.913    y_reg[7]_i_612_n_6
    SLICE_X43Y58         LUT2 (Prop_lut2_I1_O)        0.303     7.216 r  y[7]_i_571/O
                         net (fo=1, routed)           0.000     7.216    y[7]_i_571_n_0
    SLICE_X43Y58         CARRY4 (Prop_carry4_S[2]_O[2])
                                                      0.248     7.464 r  y_reg[7]_i_539/O[2]
                         net (fo=1, routed)           0.428     7.892    y_reg[7]_i_539_n_5
    SLICE_X42Y59         LUT2 (Prop_lut2_I1_O)        0.302     8.194 r  y[7]_i_486/O
                         net (fo=1, routed)           0.000     8.194    y[7]_i_486_n_0
    SLICE_X42Y59         CARRY4 (Prop_carry4_S[2]_O[2])
                                                      0.250     8.444 r  y_reg[7]_i_455/O[2]
                         net (fo=1, routed)           0.571     9.015    y_reg[7]_i_455_n_5
    SLICE_X40Y59         LUT2 (Prop_lut2_I1_O)        0.301     9.316 r  y[7]_i_565/O
                         net (fo=1, routed)           0.000     9.316    y[7]_i_565_n_0
    SLICE_X40Y59         CARRY4 (Prop_carry4_S[1]_O[1])
                                                      0.227     9.543 r  y_reg[7]_i_528/O[1]
                         net (fo=1, routed)           0.565    10.107    y_reg[7]_i_528_n_6
    SLICE_X39Y59         LUT2 (Prop_lut2_I1_O)        0.303    10.410 r  y[7]_i_481/O
                         net (fo=1, routed)           0.000    10.410    y[7]_i_481_n_0
    SLICE_X39Y59         CARRY4 (Prop_carry4_S[1]_O[1])
                                                      0.227    10.637 r  y_reg[7]_i_454/O[1]
                         net (fo=1, routed)           0.448    11.086    y_reg[7]_i_454_n_6
    SLICE_X38Y60         LUT2 (Prop_lut2_I1_O)        0.303    11.389 r  y[7]_i_426/O
                         net (fo=1, routed)           0.000    11.389    y[7]_i_426_n_0
    SLICE_X38Y60         CARRY4 (Prop_carry4_S[2]_O[2])
                                                      0.250    11.639 r  y_reg[7]_i_402/O[2]
                         net (fo=1, routed)           0.416    12.054    y_reg[7]_i_402_n_5
    SLICE_X37Y59         LUT2 (Prop_lut2_I1_O)        0.301    12.355 r  y[7]_i_422/O
                         net (fo=1, routed)           0.000    12.355    y[7]_i_422_n_0
    SLICE_X37Y59         CARRY4 (Prop_carry4_S[1]_O[2])
                                                      0.580    12.935 r  y_reg[7]_i_401/O[2]
                         net (fo=1, routed)           0.505    13.440    y_reg[7]_i_401_n_5
    SLICE_X36Y59         LUT2 (Prop_lut2_I1_O)        0.302    13.742 r  y[7]_i_357/O
                         net (fo=1, routed)           0.000    13.742    y[7]_i_357_n_0
    SLICE_X36Y59         CARRY4 (Prop_carry4_S[3]_O[3])
                                                      0.255    13.997 r  y_reg[7]_i_329/O[3]
                         net (fo=1, routed)           0.477    14.474    y_reg[7]_i_329_n_4
    SLICE_X35Y61         LUT2 (Prop_lut2_I1_O)        0.307    14.781 r  y[7]_i_292/O
                         net (fo=1, routed)           0.000    14.781    y[7]_i_292_n_0
    SLICE_X35Y61         CARRY4 (Prop_carry4_S[3]_O[3])
                                                      0.248    15.029 r  y_reg[7]_i_266/O[3]
                         net (fo=1, routed)           0.696    15.725    y_reg[7]_i_266_n_4
    SLICE_X44Y63         LUT2 (Prop_lut2_I1_O)        0.306    16.031 r  y[7]_i_354/O
                         net (fo=1, routed)           0.000    16.031    y[7]_i_354_n_0
    SLICE_X44Y63         CARRY4 (Prop_carry4_S[1]_O[1])
                                                      0.227    16.258 r  y_reg[7]_i_325/O[1]
                         net (fo=1, routed)           0.439    16.697    y_reg[7]_i_325_n_6
    SLICE_X46Y62         LUT2 (Prop_lut2_I1_O)        0.303    17.000 r  y[7]_i_288/O
                         net (fo=1, routed)           0.000    17.000    y[7]_i_288_n_0
    SLICE_X46Y62         CARRY4 (Prop_carry4_S[2]_O[2])
                                                      0.250    17.250 r  y_reg[7]_i_265/O[2]
                         net (fo=1, routed)           0.553    17.803    y_reg[7]_i_265_n_5
    SLICE_X45Y60         LUT2 (Prop_lut2_I1_O)        0.301    18.104 r  y[7]_i_284/O
                         net (fo=1, routed)           0.000    18.104    y[7]_i_284_n_0
    SLICE_X45Y60         CARRY4 (Prop_carry4_S[0]_O[0])
                                                      0.247    18.351 r  y_reg[7]_i_264/O[0]
                         net (fo=1, routed)           0.644    18.995    y_reg[7]_i_264_n_7
    SLICE_X45Y56         LUT2 (Prop_lut2_I1_O)        0.299    19.294 r  y[7]_i_233/O
                         net (fo=1, routed)           0.000    19.294    y[7]_i_233_n_0
    SLICE_X45Y56         CARRY4 (Prop_carry4_S[3]_O[3])
                                                      0.248    19.542 r  y_reg[7]_i_212/O[3]
                         net (fo=1, routed)           0.472    20.014    y_reg[7]_i_212_n_4
    SLICE_X44Y56         LUT2 (Prop_lut2_I1_O)        0.306    20.320 r  y[7]_i_230/O
                         net (fo=1, routed)           0.000    20.320    y[7]_i_230_n_0
    SLICE_X44Y56         CARRY4 (Prop_carry4_S[1]_O[1])
                                                      0.227    20.547 r  y_reg[7]_i_211/O[1]
                         net (fo=1, routed)           0.574    21.121    y_reg[7]_i_211_n_6
    SLICE_X43Y54         LUT2 (Prop_lut2_I1_O)        0.303    21.424 r  y[7]_i_183/O
                         net (fo=1, routed)           0.000    21.424    y[7]_i_183_n_0
    SLICE_X43Y54         CARRY4 (Prop_carry4_S[3]_CO[3])
                                                      0.401    21.825 r  y_reg[7]_i_167/CO[3]
                         net (fo=1, routed)           0.000    21.825    y_reg[7]_i_167_n_0
    SLICE_X43Y55         CARRY4 (Prop_carry4_CI_O[0])
                                                      0.222    22.047 r  y_reg[7]_i_297/O[0]
                         net (fo=1, routed)           0.596    22.644    y_reg[7]_i_297_n_7
    SLICE_X44Y52         LUT2 (Prop_lut2_I1_O)        0.299    22.943 r  y[7]_i_271/O
                         net (fo=1, routed)           0.000    22.943    y[7]_i_271_n_0
    SLICE_X44Y52         CARRY4 (Prop_carry4_S[3]_O[3])
                                                      0.248    23.191 r  y_reg[7]_i_249/O[3]
                         net (fo=1, routed)           0.585    23.776    y_reg[7]_i_249_n_4
    SLICE_X45Y52         LUT2 (Prop_lut2_I1_O)        0.306    24.082 r  y[7]_i_223/O
                         net (fo=1, routed)           0.000    24.082    y[7]_i_223_n_0
    SLICE_X45Y52         CARRY4 (Prop_carry4_S[3]_O[3])
                                                      0.248    24.330 r  y_reg[7]_i_200/O[3]
                         net (fo=1, routed)           0.448    24.777    y_reg[7]_i_200_n_4
    SLICE_X47Y52         LUT2 (Prop_lut2_I1_O)        0.306    25.083 r  y[7]_i_177/O
                         net (fo=1, routed)           0.000    25.083    y[7]_i_177_n_0
    SLICE_X47Y52         CARRY4 (Prop_carry4_S[3]_O[3])
                                                      0.248    25.331 r  y_reg[7]_i_166/O[3]
                         net (fo=1, routed)           0.430    25.761    y_reg[7]_i_166_n_4
    SLICE_X46Y53         LUT2 (Prop_lut2_I1_O)        0.306    26.067 r  y[7]_i_175/O
                         net (fo=1, routed)           0.000    26.067    y[7]_i_175_n_0
    SLICE_X46Y53         CARRY4 (Prop_carry4_S[1]_O[1])
                                                      0.230    26.297 r  y_reg[7]_i_165/O[1]
                         net (fo=1, routed)           0.564    26.861    y_reg[7]_i_165_n_6
    SLICE_X46Y50         LUT2 (Prop_lut2_I1_O)        0.306    27.167 r  y[7]_i_216/O
                         net (fo=1, routed)           0.000    27.167    y[7]_i_216_n_0
    SLICE_X46Y50         CARRY4 (Prop_carry4_S[0]_O[0])
                                                      0.252    27.419 r  y_reg[7]_i_195/O[0]
                         net (fo=1, routed)           0.457    27.876    y_reg[7]_i_195_n_7
    SLICE_X43Y51         LUT2 (Prop_lut2_I1_O)        0.295    28.171 r  y[7]_i_172/O
                         net (fo=1, routed)           0.000    28.171    y[7]_i_172_n_0
    SLICE_X43Y51         CARRY4 (Prop_carry4_S[0]_O[0])
                                                      0.247    28.418 r  y_reg[7]_i_153/O[0]
                         net (fo=1, routed)           0.310    28.727    y_reg[7]_i_153_n_7
    SLICE_X42Y52         LUT2 (Prop_lut2_I1_O)        0.299    29.026 r  y[7]_i_145/O
                         net (fo=1, routed)           0.000    29.026    y[7]_i_145_n_0
    SLICE_X42Y52         CARRY4 (Prop_carry4_S[0]_O[0])
                                                      0.252    29.278 r  y_reg[7]_i_129/O[0]
                         net (fo=1, routed)           0.430    29.709    y_reg[7]_i_129_n_7
    SLICE_X41Y53         LUT2 (Prop_lut2_I1_O)        0.295    30.004 r  y[7]_i_119/O
                         net (fo=1, routed)           0.000    30.004    y[7]_i_119_n_0
    SLICE_X41Y53         CARRY4 (Prop_carry4_S[0]_O[0])
                                                      0.247    30.251 r  y_reg[7]_i_106/O[0]
                         net (fo=1, routed)           0.354    30.605    y_reg[7]_i_106_n_7
    SLICE_X40Y53         LUT2 (Prop_lut2_I1_O)        0.299    30.904 r  y[7]_i_82/O
                         net (fo=1, routed)           0.000    30.904    y[7]_i_82_n_0
    SLICE_X40Y53         CARRY4 (Prop_carry4_S[3]_O[3])
                                                      0.248    31.152 r  y_reg[7]_i_73/O[3]
                         net (fo=1, routed)           0.430    31.582    y_reg[7]_i_73_n_4
    SLICE_X39Y54         CARRY4 (Prop_carry4_S[0]_O[0])
                                                      0.553    32.135 r  y_reg[15]_i_282/O[0]
                         net (fo=1, routed)           0.429    32.564    y_reg[15]_i_282_n_7
    SLICE_X38Y54         LUT2 (Prop_lut2_I1_O)        0.299    32.863 r  y[7]_i_114/O
                         net (fo=1, routed)           0.000    32.863    y[7]_i_114_n_0
    SLICE_X38Y54         CARRY4 (Prop_carry4_S[0]_O[0])
                                                      0.252    33.115 r  y_reg[7]_i_94/O[0]
                         net (fo=1, routed)           0.425    33.540    y_reg[7]_i_94_n_7
    SLICE_X37Y55         LUT2 (Prop_lut2_I1_O)        0.295    33.835 r  y[7]_i_77/O
                         net (fo=1, routed)           0.000    33.835    y[7]_i_77_n_0
    SLICE_X37Y55         CARRY4 (Prop_carry4_S[2]_O[2])
                                                      0.248    34.083 r  y_reg[7]_i_66/O[2]
                         net (fo=1, routed)           0.585    34.668    y_reg[7]_i_66_n_5
    SLICE_X37Y51         LUT2 (Prop_lut2_I1_O)        0.302    34.970 r  y[7]_i_57/O
                         net (fo=1, routed)           0.000    34.970    y[7]_i_57_n_0
    SLICE_X37Y51         CARRY4 (Prop_carry4_S[3]_O[3])
                                                      0.248    35.218 r  y_reg[7]_i_51/O[3]
                         net (fo=1, routed)           0.560    35.778    y_reg[7]_i_51_n_4
    SLICE_X36Y53         LUT2 (Prop_lut2_I1_O)        0.306    36.084 r  y[15]_i_223/O
                         net (fo=1, routed)           0.000    36.084    y[15]_i_223_n_0
    SLICE_X36Y53         CARRY4 (Prop_carry4_S[0]_O[0])
                                                      0.252    36.336 r  y_reg[15]_i_193/O[0]
                         net (fo=1, routed)           0.458    36.794    y_reg[15]_i_193_n_7
    SLICE_X35Y52         LUT2 (Prop_lut2_I1_O)        0.295    37.089 r  y[15]_i_206/O
                         net (fo=1, routed)           0.000    37.089    y[15]_i_206_n_0
    SLICE_X35Y52         CARRY4 (Prop_carry4_S[3]_O[3])
                                                      0.248    37.337 r  y_reg[15]_i_178/O[3]
                         net (fo=1, routed)           0.430    37.766    y_reg[15]_i_178_n_4
    SLICE_X34Y52         LUT2 (Prop_lut2_I1_O)        0.306    38.072 r  y[7]_i_53/O
                         net (fo=1, routed)           0.000    38.072    y[7]_i_53_n_0
    SLICE_X34Y52         CARRY4 (Prop_carry4_S[3]_O[3])
                                                      0.255    38.327 r  y_reg[7]_i_47/O[3]
                         net (fo=1, routed)           0.455    38.783    y_reg[7]_i_47_n_4
    SLICE_X32Y53         LUT2 (Prop_lut2_I1_O)        0.307    39.090 r  y[15]_i_134/O
                         net (fo=1, routed)           0.000    39.090    y[15]_i_134_n_0
    SLICE_X32Y53         CARRY4 (Prop_carry4_S[2]_O[2])
                                                      0.250    39.340 r  y_reg[15]_i_105/O[2]
                         net (fo=1, routed)           0.603    39.942    y_reg[15]_i_105_n_5
    SLICE_X32Y49         LUT2 (Prop_lut2_I1_O)        0.301    40.243 r  y[7]_i_35/O
                         net (fo=1, routed)           0.000    40.243    y[7]_i_35_n_0
    SLICE_X32Y49         CARRY4 (Prop_carry4_S[3]_CO[3])
                                                      0.376    40.619 r  y_reg[7]_i_32/CO[3]
                         net (fo=1, routed)           0.001    40.620    y_reg[7]_i_32_n_0
    SLICE_X32Y50         CARRY4 (Prop_carry4_CI_O[0])
                                                      0.219    40.839 r  y_reg[15]_i_62/O[0]
                         net (fo=1, routed)           0.484    41.323    acc__0[5]
    SLICE_X33Y50         LUT2 (Prop_lut2_I1_O)        0.295    41.618 r  y[15]_i_52/O
                         net (fo=1, routed)           0.000    41.618    y[15]_i_52_n_0
    SLICE_X33Y50         CARRY4 (Prop_carry4_S[1]_O[1])
                                                      0.227    41.845 r  y_reg[15]_i_33/O[1]
                         net (fo=1, routed)           0.689    42.534    y_reg[15]_i_33_n_6
    SLICE_X33Y54         LUT2 (Prop_lut2_I1_O)        0.303    42.837 r  y[11]_i_29/O
                         net (fo=1, routed)           0.000    42.837    y[11]_i_29_n_0
    SLICE_X33Y54         CARRY4 (Prop_carry4_S[0]_O[0])
                                                      0.247    43.084 r  y_reg[11]_i_18/O[0]
                         net (fo=1, routed)           0.694    43.778    y_reg[11]_i_18_n_7
    SLICE_X33Y59         LUT2 (Prop_lut2_I1_O)        0.299    44.077 r  y[11]_i_13/O
                         net (fo=1, routed)           0.000    44.077    y[11]_i_13_n_0
    SLICE_X33Y59         CARRY4 (Prop_carry4_S[1]_O[2])
                                                      0.580    44.657 r  y_reg[11]_i_4/O[2]
                         net (fo=2, routed)           0.567    45.224    p_0_in[6]
    SLICE_X35Y59         LUT3 (Prop_lut3_I1_O)        0.302    45.526 r  y[7]_i_2/O
                         net (fo=2, routed)           0.438    45.964    y[7]_i_2_n_0
    SLICE_X34Y59         LUT4 (Prop_lut4_I0_O)        0.124    46.088 r  y[7]_i_6/O
                         net (fo=1, routed)           0.000    46.088    y[7]_i_6_n_0
    SLICE_X34Y59         CARRY4 (Prop_carry4_S[3]_O[3])
                                                      0.255    46.343 r  y_reg[7]_i_1/O[3]
                         net (fo=1, routed)           0.000    46.343    acc[7]
    SLICE_X34Y59         FDRE                                         r  y_reg[7]/D
  -------------------------------------------------------------------    -------------------

                         (clock vclk rise edge)      48.053    48.053 r  <hidden>
                                                      0.000    48.053 r  clk
                         net (fo=351, unset)          0.924    48.977    clk
    SLICE_X34Y59         FDRE                                         r  y_reg[7]/C
                         clock pessimism              0.000    48.977    <hidden>
                         clock uncertainty           -0.035    48.942    <hidden>
    SLICE_X34Y59         FDRE (Setup_fdre_C_D)        0.109    49.051    y_reg[7]
  -------------------------------------------------------------------
                         required time                         49.051    <hidden>
                         arrival time                         -46.343    <hidden>
  -------------------------------------------------------------------
                         slack                                  2.708    <hidden>

Slack (MET) :             3.120ns  (required time - arrival time)
  Source:                 d41_reg[2]/C
                            (rising edge-triggered cell FDRE clocked by vclk  {rise@0.000ns fall@24.027ns period=48.053ns})
  Destination:            y_reg[6]/D
                            (rising edge-triggered cell FDRE clocked by vclk  {rise@0.000ns fall@24.027ns period=48.053ns})
  Path Group:             vclk
  Path Type:              Setup (Max at Slow Process Corner)
  Requirement:            48.053ns  (vclk rise@48.053ns - vclk rise@0.000ns)
  Data Path Delay:        44.958ns  (logic 23.857ns (53.065%)  route 21.101ns (46.935%))
  Logic Levels:           83  (CARRY4=43 LUT2=38 LUT3=1 LUT4=1)
  Clock Path Skew:        -0.049ns (DCD - SCD + CPR)
    Destination Clock Delay (DCD):    0.924ns = ( 48.977 - 48.053 ) 
    Source Clock Delay      (SCD):    0.973ns
    Clock Pessimism Removal (CPR):    0.000ns
  Clock Uncertainty:      0.035ns  ((TSJ^2 + TIJ^2)^1/2 + DJ) / 2 + PE
    Total System Jitter     (TSJ):    0.071ns
    Total Input Jitter      (TIJ):    0.000ns
    Discrete Jitter          (DJ):    0.000ns
    Phase Error              (PE):    0.000ns

    Location             Delay type                Incr(ns)  Path(ns)    Netlist Resource(s)
  -------------------------------------------------------------------    -------------------
                         (clock vclk rise edge)       0.000     0.000 r  <hidden>
                                                      0.000     0.000 r  clk
                         net (fo=351, unset)          0.973     0.973    clk
    SLICE_X47Y59         FDRE                                         r  d41_reg[2]/C
  -------------------------------------------------------------------    -------------------
    SLICE_X47Y59         FDRE (Prop_fdre_C_Q)         0.456     1.429 r  d41_reg[2]/Q
                         net (fo=2, routed)           0.287     1.716    d41[2]
    SLICE_X46Y59         CARRY4 (Prop_carry4_S[0]_O[0])
                                                      0.376     2.092 r  y_reg[7]_i_771/O[0]
                         net (fo=2, routed)           0.316     2.409    acc0[2]
    SLICE_X47Y61         LUT2 (Prop_lut2_I0_O)        0.295     2.704 r  y[7]_i_775/O
                         net (fo=1, routed)           0.000     2.704    y[7]_i_775_n_0
    SLICE_X47Y61         CARRY4 (Prop_carry4_S[0]_O[0])
                                                      0.247     2.951 r  y_reg[7]_i_755/O[0]
                         net (fo=1, routed)           0.596     3.547    y_reg[7]_i_755_n_7
    SLICE_X48Y61         LUT2 (Prop_lut2_I1_O)        0.299     3.846 r  y[7]_i_739/O
                         net (fo=1, routed)           0.000     3.846    y[7]_i_739_n_0
    SLICE_X48Y61         CARRY4 (Prop_carry4_S[0]_O[0])
                                                      0.247     4.093 r  y_reg[7]_i_721/O[0]
                         net (fo=1, routed)           0.712     4.804    y_reg[7]_i_721_n_7
    SLICE_X48Y57         LUT2 (Prop_lut2_I1_O)        0.299     5.103 r  y[7]_i_698/O
                         net (fo=1, routed)           0.000     5.103    y[7]_i_698_n_0
    SLICE_X48Y57         CARRY4 (Prop_carry4_S[0]_O[0])
                                                      0.247     5.350 r  y_reg[7]_i_675/O[0]
                         net (fo=1, routed)           0.585     5.936    y_reg[7]_i_675_n_7
    SLICE_X47Y57         LUT2 (Prop_lut2_I1_O)        0.299     6.235 r  y[7]_i_639/O
                         net (fo=1, routed)           0.000     6.235    y[7]_i_639_n_0
    SLICE_X47Y57         CARRY4 (Prop_carry4_S[1]_O[1])
                                                      0.227     6.462 r  y_reg[7]_i_612/O[1]
                         net (fo=1, routed)           0.452     6.913    y_reg[7]_i_612_n_6
    SLICE_X43Y58         LUT2 (Prop_lut2_I1_O)        0.303     7.216 r  y[7]_i_571/O
                         net (fo=1, routed)           0.000     7.216    y[7]_i_571_n_0
    SLICE_X43Y58         CARRY4 (Prop_carry4_S[2]_O[2])
                                                      0.248     7.464 r  y_reg[7]_i_539/O[2]
                         net (fo=1, routed)           0.428     7.892    y_reg[7]_i_539_n_5
    SLICE_X42Y59         LUT2 (Prop_lut2_I1_O)        0.302     8.194 r  y[7]_i_486/O
                         net (fo=1, routed)           0.000     8.194    y[7]_i_486_n_0
    SLICE_X42Y59         CARRY4 (Prop_carry4_S[2]_O[2])
                                                      0.250     8.444 r  y_reg[7]_i_455/O[2]
                         net (fo=1, routed)           0.571     9.015    y_reg[7]_i_455_n_5
    SLICE_X40Y59         LUT2 (Prop_lut2_I1_O)        0.301     9.316 r  y[7]_i_565/O
                         net (fo=1, routed)           0.000     9.316    y[7]_i_565_n_0
    SLICE_X40Y59         CARRY4 (Prop_carry4_S[1]_O[1])
                                                      0.227     9.543 r  y_reg[7]_i_528/O[1]
                         net (fo=1, routed)           0.565    10.107    y_reg[7]_i_528_n_6
    SLICE_X39Y59         LUT2 (Prop_lut2_I1_O)        0.303    10.410 r  y[7]_i_481/O
                         net (fo=1, routed)           0.000    10.410    y[7]_i_481_n_0
    SLICE_X39Y59         CARRY4 (Prop_carry4_S[1]_O[1])
                                                      0.227    10.637 r  y_reg[7]_i_454/O[1]
                         net (fo=1, routed)           0.448    11.086    y_reg[7]_i_454_n_6
    SLICE_X38Y60         LUT2 (Prop_lut2_I1_O)        0.303    11.389 r  y[7]_i_426/O
                         net (fo=1, routed)           0.000    11.389    y[7]_i_426_n_0
    SLICE_X38Y60         CARRY4 (Prop_carry4_S[2]_O[2])
                                                      0.250    11.639 r  y_reg[7]_i_402/O[2]
                         net (fo=1, routed)           0.416    12.054    y_reg[7]_i_402_n_5
    SLICE_X37Y59         LUT2 (Prop_lut2_I1_O)        0.301    12.355 r  y[7]_i_422/O
                         net (fo=1, routed)           0.000    12.355    y[7]_i_422_n_0
    SLICE_X37Y59         CARRY4 (Prop_carry4_S[1]_O[2])
                                                      0.580    12.935 r  y_reg[7]_i_401/O[2]
                         net (fo=1, routed)           0.505    13.440    y_reg[7]_i_401_n_5
    SLICE_X36Y59         LUT2 (Prop_lut2_I1_O)        0.302    13.742 r  y[7]_i_357/O
                         net (fo=1, routed)           0.000    13.742    y[7]_i_357_n_0
    SLICE_X36Y59         CARRY4 (Prop_carry4_S[3]_O[3])
                                                      0.255    13.997 r  y_reg[7]_i_329/O[3]
                         net (fo=1, routed)           0.477    14.474    y_reg[7]_i_329_n_4
    SLICE_X35Y61         LUT2 (Prop_lut2_I1_O)        0.307    14.781 r  y[7]_i_292/O
                         net (fo=1, routed)           0.000    14.781    y[7]_i_292_n_0
    SLICE_X35Y61         CARRY4 (Prop_carry4_S[3]_O[3])
                                                      0.248    15.029 r  y_reg[7]_i_266/O[3]
                         net (fo=1, routed)           0.696    15.725    y_reg[7]_i_266_n_4
    SLICE_X44Y63         LUT2 (Prop_lut2_I1_O)        0.306    16.031 r  y[7]_i_354/O
                         net (fo=1, routed)           0.000    16.031    y[7]_i_354_n_0
    SLICE_X44Y63         CARRY4 (Prop_carry4_S[1]_O[1])
                                                      0.227    16.258 r  y_reg[7]_i_325/O[1]
                         net (fo=1, routed)           0.439    16.697    y_reg[7]_i_325_n_6
    SLICE_X46Y62         LUT2 (Prop_lut2_I1_O)        0.303    17.000 r  y[7]_i_288/O
                         net (fo=1, routed)           0.000    17.000    y[7]_i_288_n_0
    SLICE_X46Y62         CARRY4 (Prop_carry4_S[2]_O[2])
                                                      0.250    17.250 r  y_reg[7]_i_265/O[2]
                         net (fo=1, routed)           0.553    17.803    y_reg[7]_i_265_n_5
    SLICE_X45Y60         LUT2 (Prop_lut2_I1_O)        0.301    18.104 r  y[7]_i_284/O
                         net (fo=1, routed)           0.000    18.104    y[7]_i_284_n_0
    SLICE_X45Y60         CARRY4 (Prop_carry4_S[0]_O[0])
                                                      0.247    18.351 r  y_reg[7]_i_264/O[0]
                         net (fo=1, routed)           0.644    18.995    y_reg[7]_i_264_n_7
    SLICE_X45Y56         LUT2 (Prop_lut2_I1_O)        0.299    19.294 r  y[7]_i_233/O
                         net (fo=1, routed)           0.000    19.294    y[7]_i_233_n_0
    SLICE_X45Y56         CARRY4 (Prop_carry4_S[3]_O[3])
                                                      0.248    19.542 r  y_reg[7]_i_212/O[3]
                         net (fo=1, routed)           0.472    20.014    y_reg[7]_i_212_n_4
    SLICE_X44Y56         LUT2 (Prop_lut2_I1_O)        0.306    20.320 r  y[7]_i_230/O
                         net (fo=1, routed)           0.000    20.320    y[7]_i_230_n_0
    SLICE_X44Y56         CARRY4 (Prop_carry4_S[1]_O[1])
                                                      0.227    20.547 r  y_reg[7]_i_211/O[1]
                         net (fo=1, routed)           0.574    21.121    y_reg[7]_i_211_n_6
    SLICE_X43Y54         LUT2 (Prop_lut2_I1_O)        0.303    21.424 r  y[7]_i_183/O
                         net (fo=1, routed)           0.000    21.424    y[7]_i_183_n_0
    SLICE_X43Y54         CARRY4 (Prop_carry4_S[3]_CO[3])
                                                      0.401    21.825 r  y_reg[7]_i_167/CO[3]
                         net (fo=1, routed)           0.000    21.825    y_reg[7]_i_167_n_0
    SLICE_X43Y55         CARRY4 (Prop_carry4_CI_O[0])
                                                      0.222    22.047 r  y_reg[7]_i_297/O[0]
                         net (fo=1, routed)           0.596    22.644    y_reg[7]_i_297_n_7
    SLICE_X44Y52         LUT2 (Prop_lut2_I1_O)        0.299    22.943 r  y[7]_i_271/O
                         net (fo=1, routed)           0.000    22.943    y[7]_i_271_n_0
    SLICE_X44Y52         CARRY4 (Prop_carry4_S[3]_O[3])
                                                      0.248    23.191 r  y_reg[7]_i_249/O[3]
                         net (fo=1, routed)           0.585    23.776    y_reg[7]_i_249_n_4
    SLICE_X45Y52         LUT2 (Prop_lut2_I1_O)        0.306    24.082 r  y[7]_i_223/O
                         net (fo=1, routed)           0.000    24.082    y[7]_i_223_n_0
    SLICE_X45Y52         CARRY4 (Prop_carry4_S[3]_O[3])
                                                      0.248    24.330 r  y_reg[7]_i_200/O[3]
                         net (fo=1, routed)           0.448    24.777    y_reg[7]_i_200_n_4
    SLICE_X47Y52         LUT2 (Prop_lut2_I1_O)        0.306    25.083 r  y[7]_i_177/O
                         net (fo=1, routed)           0.000    25.083    y[7]_i_177_n_0
    SLICE_X47Y52         CARRY4 (Prop_carry4_S[3]_O[3])
                                                      0.248    25.331 r  y_reg[7]_i_166/O[3]
                         net (fo=1, routed)           0.430    25.761    y_reg[7]_i_166_n_4
    SLICE_X46Y53         LUT2 (Prop_lut2_I1_O)        0.306    26.067 r  y[7]_i_175/O
                         net (fo=1, routed)           0.000    26.067    y[7]_i_175_n_0
    SLICE_X46Y53         CARRY4 (Prop_carry4_S[1]_O[1])
                                                      0.230    26.297 r  y_reg[7]_i_165/O[1]
                         net (fo=1, routed)           0.564    26.861    y_reg[7]_i_165_n_6
    SLICE_X46Y50         LUT2 (Prop_lut2_I1_O)        0.306    27.167 r  y[7]_i_216/O
                         net (fo=1, routed)           0.000    27.167    y[7]_i_216_n_0
    SLICE_X46Y50         CARRY4 (Prop_carry4_S[0]_O[0])
                                                      0.252    27.419 r  y_reg[7]_i_195/O[0]
                         net (fo=1, routed)           0.457    27.876    y_reg[7]_i_195_n_7
    SLICE_X43Y51         LUT2 (Prop_lut2_I1_O)        0.295    28.171 r  y[7]_i_172/O
                         net (fo=1, routed)           0.000    28.171    y[7]_i_172_n_0
    SLICE_X43Y51         CARRY4 (Prop_carry4_S[0]_O[0])
                                                      0.247    28.418 r  y_reg[7]_i_153/O[0]
                         net (fo=1, routed)           0.310    28.727    y_reg[7]_i_153_n_7
    SLICE_X42Y52         LUT2 (Prop_lut2_I1_O)        0.299    29.026 r  y[7]_i_145/O
                         net (fo=1, routed)           0.000    29.026    y[7]_i_145_n_0
    SLICE_X42Y52         CARRY4 (Prop_carry4_S[0]_O[0])
                                                      0.252    29.278 r  y_reg[7]_i_129/O[0]
                         net (fo=1, routed)           0.430    29.709    y_reg[7]_i_129_n_7
    SLICE_X41Y53         LUT2 (Prop_lut2_I1_O)        0.295    30.004 r  y[7]_i_119/O
                         net (fo=1, routed)           0.000    30.004    y[7]_i_119_n_0
    SLICE_X41Y53         CARRY4 (Prop_carry4_S[0]_O[0])
                                                      0.247    30.251 r  y_reg[7]_i_106/O[0]
                         net (fo=1, routed)           0.354    30.605    y_reg[7]_i_106_n_7
    SLICE_X40Y53         LUT2 (Prop_lut2_I1_O)        0.299    30.904 r  y[7]_i_82/O
                         net (fo=1, routed)           0.000    30.904    y[7]_i_82_n_0
    SLICE_X40Y53         CARRY4 (Prop_carry4_S[3]_O[3])
                                                      0.248    31.152 r  y_reg[7]_i_73/O[3]
                         net (fo=1, routed)           0.430    31.582    y_reg[7]_i_73_n_4
    SLICE_X39Y54         CARRY4 (Prop_carry4_S[0]_O[0])
                                                      0.553    32.135 r  y_reg[15]_i_282/O[0]
                         net (fo=1, routed)           0.429    32.564    y_reg[15]_i_282_n_7
    SLICE_X38Y54         LUT2 (Prop_lut2_I1_O)        0.299    32.863 r  y[7]_i_114/O
                         net (fo=1, routed)           0.000    32.863    y[7]_i_114_n_0
    SLICE_X38Y54         CARRY4 (Prop_carry4_S[0]_O[0])
                                                      0.252    33.115 r  y_reg[7]_i_94/O[0]
                         net (fo=1, routed)           0.425    33.540    y_reg[7]_i_94_n_7
    SLICE_X37Y55         LUT2 (Prop_lut2_I1_O)        0.295    33.835 r  y[7]_i_77/O
                         net (fo=1, routed)           0.000    33.835    y[7]_i_77_n_0
    SLICE_X37Y55         CARRY4 (Prop_carry4_S[2]_O[2])
                                                      0.248    34.083 r  y_reg[7]_i_66/O[2]
                         net (fo=1, routed)           0.585    34.668    y_reg[7]_i_66_n_5
    SLICE_X37Y51         LUT2 (Prop_lut2_I1_O)        0.302    34.970 r  y[7]_i_57/O
                         net (fo=1, routed)           0.000    34.970    y[7]_i_57_n_0
    SLICE_X37Y51         CARRY4 (Prop_carry4_S[3]_O[3])
                                                      0.248    35.218 r  y_reg[7]_i_51/O[3]
                         net (fo=1, routed)           0.560    35.778    y_reg[7]_i_51_n_4
    SLICE_X36Y53         LUT2 (Prop_lut2_I1_O)        0.306    36.084 r  y[15]_i_223/O
                         net (fo=1, routed)           0.000    36.084    y[15]_i_223_n_0
    SLICE_X36Y53         CARRY4 (Prop_carry4_S[0]_O[0])
                                                      0.252    36.336 r  y_reg[15]_i_193/O[0]
                         net (fo=1, routed)           0.458    36.794    y_reg[15]_i_193_n_7
    SLICE_X35Y52         LUT2 (Prop_lut2_I1_O)        0.295    37.089 r  y[15]_i_206/O
                         net (fo=1, routed)           0.000    37.089    y[15]_i_206_n_0
    SLICE_X35Y52         CARRY4 (Prop_carry4_S[3]_O[3])
                                                      0.248    37.337 r  y_reg[15]_i_178/O[3]
                         net (fo=1, routed)           0.430    37.766    y_reg[15]_i_178_n_4
    SLICE_X34Y52         LUT2 (Prop_lut2_I1_O)        0.306    38.072 r  y[7]_i_53/O
                         net (fo=1, routed)           0.000    38.072    y[7]_i_53_n_0
    SLICE_X34Y52         CARRY4 (Prop_carry4_S[3]_O[3])
                                                      0.255    38.327 r  y_reg[7]_i_47/O[3]
                         net (fo=1, routed)           0.455    38.783    y_reg[7]_i_47_n_4
    SLICE_X32Y53         LUT2 (Prop_lut2_I1_O)        0.307    39.090 r  y[15]_i_134/O
                         net (fo=1, routed)           0.000    39.090    y[15]_i_134_n_0
    SLICE_X32Y53         CARRY4 (Prop_carry4_S[2]_O[2])
                                                      0.250    39.340 r  y_reg[15]_i_105/O[2]
                         net (fo=1, routed)           0.603    39.942    y_reg[15]_i_105_n_5
    SLICE_X32Y49         LUT2 (Prop_lut2_I1_O)        0.301    40.243 r  y[7]_i_35/O
                         net (fo=1, routed)           0.000    40.243    y[7]_i_35_n_0
    SLICE_X32Y49         CARRY4 (Prop_carry4_S[3]_CO[3])
                                                      0.376    40.619 r  y_reg[7]_i_32/CO[3]
                         net (fo=1, routed)           0.001    40.620    y_reg[7]_i_32_n_0
    SLICE_X32Y50         CARRY4 (Prop_carry4_CI_O[0])
                                                      0.219    40.839 r  y_reg[15]_i_62/O[0]
                         net (fo=1, routed)           0.484    41.323    acc__0[5]
    SLICE_X33Y50         LUT2 (Prop_lut2_I1_O)        0.295    41.618 r  y[15]_i_52/O
                         net (fo=1, routed)           0.000    41.618    y[15]_i_52_n_0
    SLICE_X33Y50         CARRY4 (Prop_carry4_S[1]_O[1])
                                                      0.227    41.845 r  y_reg[15]_i_33/O[1]
                         net (fo=1, routed)           0.689    42.534    y_reg[15]_i_33_n_6
    SLICE_X33Y54         LUT2 (Prop_lut2_I1_O)        0.303    42.837 r  y[11]_i_29/O
                         net (fo=1, routed)           0.000    42.837    y[11]_i_29_n_0
    SLICE_X33Y54         CARRY4 (Prop_carry4_S[0]_O[0])
                                                      0.247    43.084 r  y_reg[11]_i_18/O[0]
                         net (fo=1, routed)           0.694    43.778    y_reg[11]_i_18_n_7
    SLICE_X33Y59         LUT2 (Prop_lut2_I1_O)        0.299    44.077 r  y[11]_i_13/O
                         net (fo=1, routed)           0.000    44.077    y[11]_i_13_n_0
    SLICE_X33Y59         CARRY4 (Prop_carry4_S[1]_O[1])
                                                      0.227    44.304 r  y_reg[11]_i_4/O[1]
                         net (fo=2, routed)           0.588    44.892    p_0_in[5]
    SLICE_X35Y59         LUT3 (Prop_lut3_I1_O)        0.303    45.195 r  y[7]_i_3/O
                         net (fo=2, routed)           0.362    45.557    y[7]_i_3_n_0
    SLICE_X34Y59         LUT4 (Prop_lut4_I3_O)        0.124    45.681 r  y[7]_i_7/O
                         net (fo=1, routed)           0.000    45.681    y[7]_i_7_n_0
    SLICE_X34Y59         CARRY4 (Prop_carry4_S[2]_O[2])
                                                      0.250    45.931 r  y_reg[7]_i_1/O[2]
                         net (fo=1, routed)           0.000    45.931    acc[6]
    SLICE_X34Y59         FDRE                                         r  y_reg[6]/D
  -------------------------------------------------------------------    -------------------

                         (clock vclk rise edge)      48.053    48.053 r  <hidden>
                                                      0.000    48.053 r  clk
                         net (fo=351, unset)          0.924    48.977    clk
    SLICE_X34Y59         FDRE                                         r  y_reg[6]/C
                         clock pessimism              0.000    48.977    <hidden>
                         clock uncertainty           -0.035    48.942    <hidden>
    SLICE_X34Y59         FDRE (Setup_fdre_C_D)        0.109    49.051    y_reg[6]
  -------------------------------------------------------------------
                         required time                         49.051    <hidden>
                         arrival time                         -45.931    <hidden>
  -------------------------------------------------------------------
                         slack                                  3.120    <hidden>





Pulse Width Checks
--------------------------------------------------------------------------------------
Clock Name:         vclk
Waveform(ns):       { 0.000 24.027 }
Period(ns):         48.053
Sources:            { clk }

Check Type        Corner  Lib Pin  Reference Pin  Required(ns)  Actual(ns)  Slack(ns)  Location      Pin
Min Period        n/a     FDRE/C   n/a            1.000         48.053      47.053     SLICE_X41Y62  d0_reg[0]/C
Min Period        n/a     FDRE/C   n/a            1.000         48.053      47.053     SLICE_X43Y62  d0_reg[1]/C
Min Period        n/a     FDRE/C   n/a            1.000         48.053      47.053     SLICE_X41Y62  d0_reg[2]/C
Min Period        n/a     FDRE/C   n/a            1.000         48.053      47.053     SLICE_X42Y62  d0_reg[3]/C
Min Period        n/a     FDRE/C   n/a            1.000         48.053      47.053     SLICE_X42Y63  d0_reg[4]/C
Min Period        n/a     FDRE/C   n/a            1.000         48.053      47.053     SLICE_X42Y63  d0_reg[5]/C
Min Period        n/a     FDRE/C   n/a            1.000         48.053      47.053     SLICE_X43Y64  d0_reg[6]/C
Min Period        n/a     FDRE/C   n/a            1.000         48.053      47.053     SLICE_X42Y63  d0_reg[7]/C
Min Period        n/a     FDRE/C   n/a            1.000         48.053      47.053     SLICE_X33Y53  d10_reg[0]/C
Min Period        n/a     FDRE/C   n/a            1.000         48.053      47.053     SLICE_X33Y53  d10_reg[1]/C
Low Pulse Width   Slow    FDRE/C   n/a            0.500         24.026      23.526     SLICE_X41Y62  d0_reg[0]/C
Low Pulse Width   Fast    FDRE/C   n/a            0.500         24.026      23.526     SLICE_X41Y62  d0_reg[0]/C
Low Pulse Width   Slow    FDRE/C   n/a            0.500         24.026      23.526     SLICE_X43Y62  d0_reg[1]/C
Low Pulse Width   Fast    FDRE/C   n/a            0.500         24.026      23.526     SLICE_X43Y62  d0_reg[1]/C
Low Pulse Width   Slow    FDRE/C   n/a            0.500         24.026      23.526     SLICE_X41Y62  d0_reg[2]/C
Low Pulse Width   Fast    FDRE/C   n/a            0.500         24.026      23.526     SLICE_X41Y62  d0_reg[2]/C
Low Pulse Width   Slow    FDRE/C   n/a            0.500         24.026      23.526     SLICE_X42Y62  d0_reg[3]/C
Low Pulse Width   Fast    FDRE/C   n/a            0.500         24.026      23.526     SLICE_X42Y62  d0_reg[3]/C
Low Pulse Width   Slow    FDRE/C   n/a            0.500         24.026      23.526     SLICE_X42Y63  d0_reg[4]/C
Low Pulse Width   Fast    FDRE/C   n/a            0.500         24.026      23.526     SLICE_X42Y63  d0_reg[4]/C
High Pulse Width  Slow    FDRE/C   n/a            0.500         24.026      23.526     SLICE_X41Y62  d0_reg[0]/C
High Pulse Width  Fast    FDRE/C   n/a            0.500         24.026      23.526     SLICE_X41Y62  d0_reg[0]/C
High Pulse Width  Slow    FDRE/C   n/a            0.500         24.026      23.526     SLICE_X43Y62  d0_reg[1]/C
High Pulse Width  Fast    FDRE/C   n/a            0.500         24.026      23.526     SLICE_X43Y62  d0_reg[1]/C
High Pulse Width  Slow    FDRE/C   n/a            0.500         24.026      23.526     SLICE_X41Y62  d0_reg[2]/C
High Pulse Width  Fast    FDRE/C   n/a            0.500         24.026      23.526     SLICE_X41Y62  d0_reg[2]/C
High Pulse Width  Slow    FDRE/C   n/a            0.500         24.026      23.526     SLICE_X42Y62  d0_reg[3]/C
High Pulse Width  Fast    FDRE/C   n/a            0.500         24.026      23.526     SLICE_X42Y62  d0_reg[3]/C
High Pulse Width  Slow    FDRE/C   n/a            0.500         24.026      23.526     SLICE_X42Y63  d0_reg[4]/C
High Pulse Width  Fast    FDRE/C   n/a            0.500         24.026      23.526     SLICE_X42Y63  d0_reg[4]/C



