ECHO is off.
ECHO is off.

****** Vivado v2023.1 (64-bit)
  **** SW Build 3865809 on Sun May  7 15:05:29 MDT 2023
  **** IP Build 3864474 on Sun May  7 20:36:21 MDT 2023
  **** SharedData Build 3865790 on Sun May 07 13:33:03 MDT 2023
    ** Copyright 1986-2022 Xilinx, Inc. All Rights Reserved.
    ** Copyright 2022-2023 Advanced Micro Devices, Inc. All Rights Reserved.

source {C:\Users\Amine\mas\fpga-repo\rtl\sealed_study2_board\build_study2_board.tcl}
# set PART "xc7z020clg400-1"
# set CLK_MHZ 200
# set ROOT [file normalize [file join [file dirname [info script]] .. ..]]
# set OUT [file join $ROOT rtl sealed_study2_board out]
# file mkdir $OUT
# create_project sys_study2_board [file join $OUT proj] -part $PART -force
create_project: Time (s): cpu = 00:00:06 ; elapsed = 00:00:11 . Memory (MB): peak = 455.797 ; gain = 161.461
# set original_sources [list \
#     [file join $ROOT rtl la_axi_fast.v] \
#     [file join $ROOT rtl sealed_study2_board dut_top.v] \
#     [file join $ROOT rtl_library echo8b design.v] \
#     [file join $ROOT rtl sealed_study2_board duts sft__fir34_v1_8b__g0.v] \
#     [file join $ROOT rtl sealed_study2_board duts rf_s2__fir34_v1_8b__g0.v] \
#     [file join $ROOT rtl sealed_study2_board duts sft__firr20_v6__g0.v] \
#     [file join $ROOT rtl sealed_study2_board duts rf_s2__firr20_v6__g0.v] \
#     [file join $ROOT rtl sealed_study2_board duts sft__poly16_v13_8b__g0.v] \
#     [file join $ROOT rtl sealed_study2_board duts rf_s2__poly16_v13_8b__g0.v] \
#     [file join $ROOT rtl sealed_study2_board duts sft__iir18_v7__g0.v] \
#     [file join $ROOT rtl sealed_study2_board duts rf_s1__iir18_v7__g1.v] \
#     [file join $ROOT rtl sealed_study2_board duts sft__med19__g0.v] \
#     [file join $ROOT rtl sealed_study2_board duts rf_s2__med19__g6.v]]
# add_files $original_sources
# update_compile_order -fileset sources_1
# create_bd_design "system"
Wrote  : <C:\Users\Amine\mas\fpga-repo\rtl\sealed_study2_board\out\proj\sys_study2_board.srcs\sources_1\bd\system\system.bd> 
# create_bd_cell -type ip -vlnv xilinx.com:ip:processing_system7:5.5 ps7
# apply_bd_automation -rule xilinx.com:bd_rule:processing_system7 \
#     -config {make_external "FIXED_IO, DDR" apply_board_preset "1"} \
#     [get_bd_cells ps7]
WARNING: [Boardtcl 53-1] No current board_part set.
# set_property -dict [list CONFIG.PCW_FPGA0_PERIPHERAL_FREQMHZ $CLK_MHZ] [get_bd_cells ps7]
# create_bd_cell -type module -reference la_axi_fast la0
INFO: [IP_Flow 19-5107] Inferred bus interface 'S_AXI' of definition 'xilinx.com:interface:aximm:1.0' (from Xilinx Repository).
INFO: [IP_Flow 19-5107] Inferred bus interface 'S_AXI_ARESETN' of definition 'xilinx.com:signal:reset:1.0' (from Xilinx Repository).
INFO: [IP_Flow 19-5107] Inferred bus interface 'S_AXI_ACLK' of definition 'xilinx.com:signal:clock:1.0' (from Xilinx Repository).
INFO: [IP_Flow 19-4728] Bus Interface 'S_AXI_ARESETN': Added interface parameter 'POLARITY' with value 'ACTIVE_LOW'.
INFO: [IP_Flow 19-4728] Bus Interface 'S_AXI_ACLK': Added interface parameter 'ASSOCIATED_BUSIF' with value 'S_AXI'.
INFO: [IP_Flow 19-4728] Bus Interface 'S_AXI_ACLK': Added interface parameter 'ASSOCIATED_RESET' with value 'S_AXI_ARESETN'.
WARNING: [IP_Flow 19-11770] Clock interface 'S_AXI_ACLK' has no FREQ_HZ parameter.
# create_bd_cell -type module -reference dut_top dut0
INFO: [IP_Flow 19-5107] Inferred bus interface 'rst_n' of definition 'xilinx.com:signal:reset:1.0' (from Xilinx Repository).
INFO: [IP_Flow 19-5107] Inferred bus interface 'clk' of definition 'xilinx.com:signal:clock:1.0' (from Xilinx Repository).
INFO: [IP_Flow 19-4728] Bus Interface 'rst_n': Added interface parameter 'POLARITY' with value 'ACTIVE_LOW'.
WARNING: [IP_Flow 19-5661] Bus Interface 'clk' does not have any bus interfaces associated with it.
WARNING: [IP_Flow 19-11770] Clock interface 'clk' has no FREQ_HZ parameter.
# apply_bd_automation -rule xilinx.com:bd_rule:axi4 \
#     -config {Master "/ps7/M_AXI_GP0" Clk "Auto"} [get_bd_intf_pins la0/S_AXI]
Slave segment '/la0/S_AXI/reg0' is being assigned into address space '/ps7/Data' at <0x4000_0000 [ 4K ]>.
# connect_bd_net [get_bd_pins la0/sel] [get_bd_pins dut0/sel]
# connect_bd_net [get_bd_pins la0/probe] [get_bd_pins dut0/probe]
# connect_bd_net [get_bd_pins la0/capturing] [get_bd_pins dut0/cap]
# connect_bd_net [get_bd_pins dut0/clk] [get_bd_pins la0/S_AXI_ACLK]
# connect_bd_net [get_bd_pins dut0/rst_n] [get_bd_pins la0/S_AXI_ARESETN]
# assign_bd_address
# validate_bd_design
# save_bd_design
Wrote  : <C:\Users\Amine\mas\fpga-repo\rtl\sealed_study2_board\out\proj\sys_study2_board.srcs\sources_1\bd\system\system.bd> 
# set_property synth_checkpoint_mode None [get_files system.bd]
# generate_target all [get_files system.bd]
INFO: [BD 41-1662] The design 'system.bd' is already validated. Therefore parameter propagation will not be re-run.
Verilog Output written to : C:/Users/Amine/mas/fpga-repo/rtl/sealed_study2_board/out/proj/sys_study2_board.gen/sources_1/bd/system/synth/system.v
Verilog Output written to : C:/Users/Amine/mas/fpga-repo/rtl/sealed_study2_board/out/proj/sys_study2_board.gen/sources_1/bd/system/sim/system.v
Verilog Output written to : C:/Users/Amine/mas/fpga-repo/rtl/sealed_study2_board/out/proj/sys_study2_board.gen/sources_1/bd/system/hdl/system_wrapper.v
INFO: [IP_Flow 19-5611] Unable to find an associated reset port for the interface 'M_AXI_GP0'. A default connection has been created.
INFO: [BD 41-1029] Generation completed for the IP Integrator block ps7 .
INFO: [BD 41-1029] Generation completed for the IP Integrator block la0 .
INFO: [BD 41-1029] Generation completed for the IP Integrator block dut0 .
INFO: [BD 41-1029] Generation completed for the IP Integrator block ps7_axi_periph/s00_couplers/auto_pc .
INFO: [BD 41-1029] Generation completed for the IP Integrator block rst_ps7_200M .
Exporting to file C:/Users/Amine/mas/fpga-repo/rtl/sealed_study2_board/out/proj/sys_study2_board.gen/sources_1/bd/system/hw_handoff/system.hwh
Generated Hardware Definition File C:/Users/Amine/mas/fpga-repo/rtl/sealed_study2_board/out/proj/sys_study2_board.gen/sources_1/bd/system/synth/system.hwdef
generate_target: Time (s): cpu = 00:00:15 ; elapsed = 00:00:26 . Memory (MB): peak = 867.234 ; gain = 282.480
# make_wrapper -files [get_files system.bd] -top -force
# add_files -norecurse [glob \
#     [file join $OUT proj *.gen sources_1 bd system hdl system_wrapper.v] \
#     [file join $OUT proj *.srcs sources_1 bd system hdl system_wrapper.v]]
# proc append_source {dst src} {
#     set in [open $src r]
#     set data [read $in]
#     close $in
#     set out [open $dst a]
#     puts $out ""
#     puts $out $data
#     close $out
# }
# set la_wrap [lindex [glob [file join $OUT proj *.gen sources_1 bd system ip system_la0_0 synth system_la0_0.v]] 0]
# set dut_wrap [lindex [glob [file join $OUT proj *.gen sources_1 bd system ip system_dut0_0 synth system_dut0_0.v]] 0]
# append_source $la_wrap [file join $ROOT rtl la_axi_fast.v]
# append_source $dut_wrap [file join $ROOT rtl sealed_study2_board dut_top.v]
# append_source $dut_wrap [file join $ROOT rtl_library echo8b design.v]
# foreach src [list \
#     [file join $ROOT rtl sealed_study2_board duts sft__fir34_v1_8b__g0.v] \
#     [file join $ROOT rtl sealed_study2_board duts rf_s2__fir34_v1_8b__g0.v] \
#     [file join $ROOT rtl sealed_study2_board duts sft__firr20_v6__g0.v] \
#     [file join $ROOT rtl sealed_study2_board duts rf_s2__firr20_v6__g0.v] \
#     [file join $ROOT rtl sealed_study2_board duts sft__poly16_v13_8b__g0.v] \
#     [file join $ROOT rtl sealed_study2_board duts rf_s2__poly16_v13_8b__g0.v] \
#     [file join $ROOT rtl sealed_study2_board duts sft__iir18_v7__g0.v] \
#     [file join $ROOT rtl sealed_study2_board duts rf_s1__iir18_v7__g1.v] \
#     [file join $ROOT rtl sealed_study2_board duts sft__med19__g0.v] \
#     [file join $ROOT rtl sealed_study2_board duts rf_s2__med19__g6.v]] { append_source $dut_wrap $src }
# set_property used_in_synthesis false [get_files -of_objects [get_filesets sources_1] $original_sources]
# set_property top system_wrapper [current_fileset]
# update_compile_order -fileset sources_1
# synth_design -top system_wrapper -part $PART -flatten_hierarchy rebuilt
Command: synth_design -top system_wrapper -part xc7z020clg400-1 -flatten_hierarchy rebuilt
Starting synth_design
Attempting to get a license for feature 'Synthesis' and/or device 'xc7z020'
INFO: [Common 17-349] Got license for feature 'Synthesis' and/or device 'xc7z020'
INFO: [Device 21-403] Loading part xc7z020clg400-1
INFO: [Synth 8-7079] Multithreading enabled for synth_design using a maximum of 2 processes.
INFO: [Synth 8-7078] Launching helper process for spawning children vivado processes
INFO: [Synth 8-7075] Helper process launched with PID 56296
---------------------------------------------------------------------------------
Starting RTL Elaboration : Time (s): cpu = 00:00:06 ; elapsed = 00:00:07 . Memory (MB): peak = 1426.367 ; gain = 409.684
---------------------------------------------------------------------------------
INFO: [Synth 8-6157] synthesizing module 'system_wrapper' [C:/Users/Amine/mas/fpga-repo/rtl/sealed_study2_board/out/proj/sys_study2_board.gen/sources_1/bd/system/hdl/system_wrapper.v:13]
INFO: [Synth 8-6157] synthesizing module 'system' [C:/Users/Amine/mas/fpga-repo/rtl/sealed_study2_board/out/proj/sys_study2_board.gen/sources_1/bd/system/synth/system.v:308]
INFO: [Synth 8-6157] synthesizing module 'system_dut0_0' [c:/Users/Amine/mas/fpga-repo/rtl/sealed_study2_board/out/proj/sys_study2_board.gen/sources_1/bd/system/ip/system_dut0_0/synth/system_dut0_0.v:53]
INFO: [Synth 8-6157] synthesizing module 'dut_top' [c:/Users/Amine/mas/fpga-repo/rtl/sealed_study2_board/out/proj/sys_study2_board.gen/sources_1/bd/system/ip/system_dut0_0/synth/system_dut0_0.v:87]
INFO: [Synth 8-6157] synthesizing module 'sft__fir34_v1_8b__g0' [c:/Users/Amine/mas/fpga-repo/rtl/sealed_study2_board/out/proj/sys_study2_board.gen/sources_1/bd/system/ip/system_dut0_0/synth/system_dut0_0.v:164]
INFO: [Synth 8-6155] done synthesizing module 'sft__fir34_v1_8b__g0' (0#1) [c:/Users/Amine/mas/fpga-repo/rtl/sealed_study2_board/out/proj/sys_study2_board.gen/sources_1/bd/system/ip/system_dut0_0/synth/system_dut0_0.v:164]
INFO: [Synth 8-6157] synthesizing module 'rf_s2__fir34_v1_8b__g0' [c:/Users/Amine/mas/fpga-repo/rtl/sealed_study2_board/out/proj/sys_study2_board.gen/sources_1/bd/system/ip/system_dut0_0/synth/system_dut0_0.v:220]
INFO: [Synth 8-6155] done synthesizing module 'rf_s2__fir34_v1_8b__g0' (0#1) [c:/Users/Amine/mas/fpga-repo/rtl/sealed_study2_board/out/proj/sys_study2_board.gen/sources_1/bd/system/ip/system_dut0_0/synth/system_dut0_0.v:220]
INFO: [Synth 8-6157] synthesizing module 'sft__firr20_v6__g0' [c:/Users/Amine/mas/fpga-repo/rtl/sealed_study2_board/out/proj/sys_study2_board.gen/sources_1/bd/system/ip/system_dut0_0/synth/system_dut0_0.v:271]
INFO: [Synth 8-6155] done synthesizing module 'sft__firr20_v6__g0' (0#1) [c:/Users/Amine/mas/fpga-repo/rtl/sealed_study2_board/out/proj/sys_study2_board.gen/sources_1/bd/system/ip/system_dut0_0/synth/system_dut0_0.v:271]
INFO: [Synth 8-6157] synthesizing module 'rf_s2__firr20_v6__g0' [c:/Users/Amine/mas/fpga-repo/rtl/sealed_study2_board/out/proj/sys_study2_board.gen/sources_1/bd/system/ip/system_dut0_0/synth/system_dut0_0.v:294]
INFO: [Synth 8-6155] done synthesizing module 'rf_s2__firr20_v6__g0' (0#1) [c:/Users/Amine/mas/fpga-repo/rtl/sealed_study2_board/out/proj/sys_study2_board.gen/sources_1/bd/system/ip/system_dut0_0/synth/system_dut0_0.v:294]
INFO: [Synth 8-6157] synthesizing module 'sft__poly16_v13_8b__g0' [c:/Users/Amine/mas/fpga-repo/rtl/sealed_study2_board/out/proj/sys_study2_board.gen/sources_1/bd/system/ip/system_dut0_0/synth/system_dut0_0.v:331]
INFO: [Synth 8-6155] done synthesizing module 'sft__poly16_v13_8b__g0' (0#1) [c:/Users/Amine/mas/fpga-repo/rtl/sealed_study2_board/out/proj/sys_study2_board.gen/sources_1/bd/system/ip/system_dut0_0/synth/system_dut0_0.v:331]
INFO: [Synth 8-6157] synthesizing module 'rf_s2__poly16_v13_8b__g0' [c:/Users/Amine/mas/fpga-repo/rtl/sealed_study2_board/out/proj/sys_study2_board.gen/sources_1/bd/system/ip/system_dut0_0/synth/system_dut0_0.v:361]
INFO: [Synth 8-6155] done synthesizing module 'rf_s2__poly16_v13_8b__g0' (0#1) [c:/Users/Amine/mas/fpga-repo/rtl/sealed_study2_board/out/proj/sys_study2_board.gen/sources_1/bd/system/ip/system_dut0_0/synth/system_dut0_0.v:361]
INFO: [Synth 8-6157] synthesizing module 'sft__iir18_v7__g0' [c:/Users/Amine/mas/fpga-repo/rtl/sealed_study2_board/out/proj/sys_study2_board.gen/sources_1/bd/system/ip/system_dut0_0/synth/system_dut0_0.v:391]
INFO: [Synth 8-6155] done synthesizing module 'sft__iir18_v7__g0' (0#1) [c:/Users/Amine/mas/fpga-repo/rtl/sealed_study2_board/out/proj/sys_study2_board.gen/sources_1/bd/system/ip/system_dut0_0/synth/system_dut0_0.v:391]
INFO: [Synth 8-6157] synthesizing module 'rf_s1__iir18_v7__g1' [c:/Users/Amine/mas/fpga-repo/rtl/sealed_study2_board/out/proj/sys_study2_board.gen/sources_1/bd/system/ip/system_dut0_0/synth/system_dut0_0.v:442]
INFO: [Synth 8-6155] done synthesizing module 'rf_s1__iir18_v7__g1' (0#1) [c:/Users/Amine/mas/fpga-repo/rtl/sealed_study2_board/out/proj/sys_study2_board.gen/sources_1/bd/system/ip/system_dut0_0/synth/system_dut0_0.v:442]
INFO: [Synth 8-6157] synthesizing module 'sft__med19__g0' [c:/Users/Amine/mas/fpga-repo/rtl/sealed_study2_board/out/proj/sys_study2_board.gen/sources_1/bd/system/ip/system_dut0_0/synth/system_dut0_0.v:467]
INFO: [Synth 8-6155] done synthesizing module 'sft__med19__g0' (0#1) [c:/Users/Amine/mas/fpga-repo/rtl/sealed_study2_board/out/proj/sys_study2_board.gen/sources_1/bd/system/ip/system_dut0_0/synth/system_dut0_0.v:467]
INFO: [Synth 8-6157] synthesizing module 'rf_s2__med19__g6' [c:/Users/Amine/mas/fpga-repo/rtl/sealed_study2_board/out/proj/sys_study2_board.gen/sources_1/bd/system/ip/system_dut0_0/synth/system_dut0_0.v:507]
INFO: [Synth 8-6155] done synthesizing module 'rf_s2__med19__g6' (0#1) [c:/Users/Amine/mas/fpga-repo/rtl/sealed_study2_board/out/proj/sys_study2_board.gen/sources_1/bd/system/ip/system_dut0_0/synth/system_dut0_0.v:507]
INFO: [Synth 8-6157] synthesizing module 'echo8b' [c:/Users/Amine/mas/fpga-repo/rtl/sealed_study2_board/out/proj/sys_study2_board.gen/sources_1/bd/system/ip/system_dut0_0/synth/system_dut0_0.v:145]
INFO: [Synth 8-6155] done synthesizing module 'echo8b' (0#1) [c:/Users/Amine/mas/fpga-repo/rtl/sealed_study2_board/out/proj/sys_study2_board.gen/sources_1/bd/system/ip/system_dut0_0/synth/system_dut0_0.v:145]
INFO: [Synth 8-6155] done synthesizing module 'dut_top' (0#1) [c:/Users/Amine/mas/fpga-repo/rtl/sealed_study2_board/out/proj/sys_study2_board.gen/sources_1/bd/system/ip/system_dut0_0/synth/system_dut0_0.v:87]
INFO: [Synth 8-6155] done synthesizing module 'system_dut0_0' (0#1) [c:/Users/Amine/mas/fpga-repo/rtl/sealed_study2_board/out/proj/sys_study2_board.gen/sources_1/bd/system/ip/system_dut0_0/synth/system_dut0_0.v:53]
INFO: [Synth 8-6157] synthesizing module 'system_la0_0' [c:/Users/Amine/mas/fpga-repo/rtl/sealed_study2_board/out/proj/sys_study2_board.gen/sources_1/bd/system/ip/system_la0_0/synth/system_la0_0.v:53]
INFO: [Synth 8-6157] synthesizing module 'la_axi_fast' [c:/Users/Amine/mas/fpga-repo/rtl/sealed_study2_board/out/proj/sys_study2_board.gen/sources_1/bd/system/ip/system_la0_0/synth/system_la0_0.v:176]
INFO: [Synth 8-6155] done synthesizing module 'la_axi_fast' (0#1) [c:/Users/Amine/mas/fpga-repo/rtl/sealed_study2_board/out/proj/sys_study2_board.gen/sources_1/bd/system/ip/system_la0_0/synth/system_la0_0.v:176]
INFO: [Synth 8-6155] done synthesizing module 'system_la0_0' (0#1) [c:/Users/Amine/mas/fpga-repo/rtl/sealed_study2_board/out/proj/sys_study2_board.gen/sources_1/bd/system/ip/system_la0_0/synth/system_la0_0.v:53]
INFO: [Synth 8-6157] synthesizing module 'system_ps7_0' [c:/Users/Amine/mas/fpga-repo/rtl/sealed_study2_board/out/proj/sys_study2_board.gen/sources_1/bd/system/ip/system_ps7_0/synth/system_ps7_0.v:53]
INFO: [Synth 8-6157] synthesizing module 'processing_system7_v5_5_processing_system7' [c:/Users/Amine/mas/fpga-repo/rtl/sealed_study2_board/out/proj/sys_study2_board.gen/sources_1/bd/system/ip/system_ps7_0/hdl/verilog/processing_system7_v5_5_processing_system7.v:152]
INFO: [Synth 8-6157] synthesizing module 'BUFG' [C:/Xilinx/Vivado/2023.1/scripts/rt/data/unisim_comp.v:1519]
INFO: [Synth 8-6155] done synthesizing module 'BUFG' (0#1) [C:/Xilinx/Vivado/2023.1/scripts/rt/data/unisim_comp.v:1519]
INFO: [Synth 8-6157] synthesizing module 'BIBUF' [C:/Xilinx/Vivado/2023.1/scripts/rt/data/unisim_comp.v:1166]
INFO: [Synth 8-6155] done synthesizing module 'BIBUF' (0#1) [C:/Xilinx/Vivado/2023.1/scripts/rt/data/unisim_comp.v:1166]
INFO: [Synth 8-6157] synthesizing module 'PS7' [C:/Xilinx/Vivado/2023.1/scripts/rt/data/unisim_comp.v:109921]
INFO: [Synth 8-6155] done synthesizing module 'PS7' (0#1) [C:/Xilinx/Vivado/2023.1/scripts/rt/data/unisim_comp.v:109921]
INFO: [Synth 8-6155] done synthesizing module 'processing_system7_v5_5_processing_system7' (0#1) [c:/Users/Amine/mas/fpga-repo/rtl/sealed_study2_board/out/proj/sys_study2_board.gen/sources_1/bd/system/ip/system_ps7_0/hdl/verilog/processing_system7_v5_5_processing_system7.v:152]
WARNING: [Synth 8-7071] port 'M_AXI_GP0_ARESETN' of module 'processing_system7_v5_5_processing_system7' is unconnected for instance 'inst' [c:/Users/Amine/mas/fpga-repo/rtl/sealed_study2_board/out/proj/sys_study2_board.gen/sources_1/bd/system/ip/system_ps7_0/synth/system_ps7_0.v:314]
WARNING: [Synth 8-7071] port 'M_AXI_GP1_ARESETN' of module 'processing_system7_v5_5_processing_system7' is unconnected for instance 'inst' [c:/Users/Amine/mas/fpga-repo/rtl/sealed_study2_board/out/proj/sys_study2_board.gen/sources_1/bd/system/ip/system_ps7_0/synth/system_ps7_0.v:314]
WARNING: [Synth 8-7071] port 'S_AXI_GP0_ARESETN' of module 'processing_system7_v5_5_processing_system7' is unconnected for instance 'inst' [c:/Users/Amine/mas/fpga-repo/rtl/sealed_study2_board/out/proj/sys_study2_board.gen/sources_1/bd/system/ip/system_ps7_0/synth/system_ps7_0.v:314]
WARNING: [Synth 8-7071] port 'S_AXI_GP1_ARESETN' of module 'processing_system7_v5_5_processing_system7' is unconnected for instance 'inst' [c:/Users/Amine/mas/fpga-repo/rtl/sealed_study2_board/out/proj/sys_study2_board.gen/sources_1/bd/system/ip/system_ps7_0/synth/system_ps7_0.v:314]
WARNING: [Synth 8-7071] port 'S_AXI_ACP_ARESETN' of module 'processing_system7_v5_5_processing_system7' is unconnected for instance 'inst' [c:/Users/Amine/mas/fpga-repo/rtl/sealed_study2_board/out/proj/sys_study2_board.gen/sources_1/bd/system/ip/system_ps7_0/synth/system_ps7_0.v:314]
WARNING: [Synth 8-7071] port 'S_AXI_HP0_ARESETN' of module 'processing_system7_v5_5_processing_system7' is unconnected for instance 'inst' [c:/Users/Amine/mas/fpga-repo/rtl/sealed_study2_board/out/proj/sys_study2_board.gen/sources_1/bd/system/ip/system_ps7_0/synth/system_ps7_0.v:314]
WARNING: [Synth 8-7071] port 'S_AXI_HP1_ARESETN' of module 'processing_system7_v5_5_processing_system7' is unconnected for instance 'inst' [c:/Users/Amine/mas/fpga-repo/rtl/sealed_study2_board/out/proj/sys_study2_board.gen/sources_1/bd/system/ip/system_ps7_0/synth/system_ps7_0.v:314]
WARNING: [Synth 8-7071] port 'S_AXI_HP2_ARESETN' of module 'processing_system7_v5_5_processing_system7' is unconnected for instance 'inst' [c:/Users/Amine/mas/fpga-repo/rtl/sealed_study2_board/out/proj/sys_study2_board.gen/sources_1/bd/system/ip/system_ps7_0/synth/system_ps7_0.v:314]
WARNING: [Synth 8-7071] port 'S_AXI_HP3_ARESETN' of module 'processing_system7_v5_5_processing_system7' is unconnected for instance 'inst' [c:/Users/Amine/mas/fpga-repo/rtl/sealed_study2_board/out/proj/sys_study2_board.gen/sources_1/bd/system/ip/system_ps7_0/synth/system_ps7_0.v:314]
WARNING: [Synth 8-7071] port 'DMA0_RSTN' of module 'processing_system7_v5_5_processing_system7' is unconnected for instance 'inst' [c:/Users/Amine/mas/fpga-repo/rtl/sealed_study2_board/out/proj/sys_study2_board.gen/sources_1/bd/system/ip/system_ps7_0/synth/system_ps7_0.v:314]
WARNING: [Synth 8-7071] port 'DMA1_RSTN' of module 'processing_system7_v5_5_processing_system7' is unconnected for instance 'inst' [c:/Users/Amine/mas/fpga-repo/rtl/sealed_study2_board/out/proj/sys_study2_board.gen/sources_1/bd/system/ip/system_ps7_0/synth/system_ps7_0.v:314]
WARNING: [Synth 8-7071] port 'DMA2_RSTN' of module 'processing_system7_v5_5_processing_system7' is unconnected for instance 'inst' [c:/Users/Amine/mas/fpga-repo/rtl/sealed_study2_board/out/proj/sys_study2_board.gen/sources_1/bd/system/ip/system_ps7_0/synth/system_ps7_0.v:314]
WARNING: [Synth 8-7071] port 'DMA3_RSTN' of module 'processing_system7_v5_5_processing_system7' is unconnected for instance 'inst' [c:/Users/Amine/mas/fpga-repo/rtl/sealed_study2_board/out/proj/sys_study2_board.gen/sources_1/bd/system/ip/system_ps7_0/synth/system_ps7_0.v:314]
WARNING: [Synth 8-7023] instance 'inst' of module 'processing_system7_v5_5_processing_system7' has 685 connections declared, but only 672 given [c:/Users/Amine/mas/fpga-repo/rtl/sealed_study2_board/out/proj/sys_study2_board.gen/sources_1/bd/system/ip/system_ps7_0/synth/system_ps7_0.v:314]
INFO: [Synth 8-6155] done synthesizing module 'system_ps7_0' (0#1) [c:/Users/Amine/mas/fpga-repo/rtl/sealed_study2_board/out/proj/sys_study2_board.gen/sources_1/bd/system/ip/system_ps7_0/synth/system_ps7_0.v:53]
INFO: [Synth 8-6157] synthesizing module 'system_ps7_axi_periph_0' [C:/Users/Amine/mas/fpga-repo/rtl/sealed_study2_board/out/proj/sys_study2_board.gen/sources_1/bd/system/synth/system.v:599]
INFO: [Synth 8-6157] synthesizing module 's00_couplers_imp_1C0N0JZ' [C:/Users/Amine/mas/fpga-repo/rtl/sealed_study2_board/out/proj/sys_study2_board.gen/sources_1/bd/system/synth/system.v:13]
INFO: [Synth 8-6157] synthesizing module 'system_auto_pc_0' [c:/Users/Amine/mas/fpga-repo/rtl/sealed_study2_board/out/proj/sys_study2_board.gen/sources_1/bd/system/ip/system_auto_pc_0/synth/system_auto_pc_0.v:53]
INFO: [Synth 8-6157] synthesizing module 'axi_protocol_converter_v2_1_28_axi_protocol_converter' [c:/Users/Amine/mas/fpga-repo/rtl/sealed_study2_board/out/proj/sys_study2_board.gen/sources_1/bd/system/ipshared/8c02/hdl/axi_protocol_converter_v2_1_vl_rfs.v:4807]
INFO: [Synth 8-6157] synthesizing module 'axi_protocol_converter_v2_1_28_b2s' [c:/Users/Amine/mas/fpga-repo/rtl/sealed_study2_board/out/proj/sys_study2_board.gen/sources_1/bd/system/ipshared/8c02/hdl/axi_protocol_converter_v2_1_vl_rfs.v:4225]
INFO: [Synth 8-6157] synthesizing module 'axi_protocol_converter_v2_1_28_b2s_aw_channel' [c:/Users/Amine/mas/fpga-repo/rtl/sealed_study2_board/out/proj/sys_study2_board.gen/sources_1/bd/system/ipshared/8c02/hdl/axi_protocol_converter_v2_1_vl_rfs.v:3970]
INFO: [Synth 8-6157] synthesizing module 'axi_protocol_converter_v2_1_28_b2s_cmd_translator' [c:/Users/Amine/mas/fpga-repo/rtl/sealed_study2_board/out/proj/sys_study2_board.gen/sources_1/bd/system/ipshared/8c02/hdl/axi_protocol_converter_v2_1_vl_rfs.v:3463]
INFO: [Synth 8-6157] synthesizing module 'axi_protocol_converter_v2_1_28_b2s_incr_cmd' [c:/Users/Amine/mas/fpga-repo/rtl/sealed_study2_board/out/proj/sys_study2_board.gen/sources_1/bd/system/ipshared/8c02/hdl/axi_protocol_converter_v2_1_vl_rfs.v:3091]
INFO: [Synth 8-6155] done synthesizing module 'axi_protocol_converter_v2_1_28_b2s_incr_cmd' (0#1) [c:/Users/Amine/mas/fpga-repo/rtl/sealed_study2_board/out/proj/sys_study2_board.gen/sources_1/bd/system/ipshared/8c02/hdl/axi_protocol_converter_v2_1_vl_rfs.v:3091]
INFO: [Synth 8-6157] synthesizing module 'axi_protocol_converter_v2_1_28_b2s_wrap_cmd' [c:/Users/Amine/mas/fpga-repo/rtl/sealed_study2_board/out/proj/sys_study2_board.gen/sources_1/bd/system/ipshared/8c02/hdl/axi_protocol_converter_v2_1_vl_rfs.v:2901]
INFO: [Synth 8-6155] done synthesizing module 'axi_protocol_converter_v2_1_28_b2s_wrap_cmd' (0#1) [c:/Users/Amine/mas/fpga-repo/rtl/sealed_study2_board/out/proj/sys_study2_board.gen/sources_1/bd/system/ipshared/8c02/hdl/axi_protocol_converter_v2_1_vl_rfs.v:2901]
INFO: [Synth 8-6155] done synthesizing module 'axi_protocol_converter_v2_1_28_b2s_cmd_translator' (0#1) [c:/Users/Amine/mas/fpga-repo/rtl/sealed_study2_board/out/proj/sys_study2_board.gen/sources_1/bd/system/ipshared/8c02/hdl/axi_protocol_converter_v2_1_vl_rfs.v:3463]
INFO: [Synth 8-6157] synthesizing module 'axi_protocol_converter_v2_1_28_b2s_wr_cmd_fsm' [c:/Users/Amine/mas/fpga-repo/rtl/sealed_study2_board/out/proj/sys_study2_board.gen/sources_1/bd/system/ipshared/8c02/hdl/axi_protocol_converter_v2_1_vl_rfs.v:3223]
INFO: [Synth 8-226] default block is never used [c:/Users/Amine/mas/fpga-repo/rtl/sealed_study2_board/out/proj/sys_study2_board.gen/sources_1/bd/system/ipshared/8c02/hdl/axi_protocol_converter_v2_1_vl_rfs.v:3277]
INFO: [Synth 8-6155] done synthesizing module 'axi_protocol_converter_v2_1_28_b2s_wr_cmd_fsm' (0#1) [c:/Users/Amine/mas/fpga-repo/rtl/sealed_study2_board/out/proj/sys_study2_board.gen/sources_1/bd/system/ipshared/8c02/hdl/axi_protocol_converter_v2_1_vl_rfs.v:3223]
INFO: [Synth 8-6155] done synthesizing module 'axi_protocol_converter_v2_1_28_b2s_aw_channel' (0#1) [c:/Users/Amine/mas/fpga-repo/rtl/sealed_study2_board/out/proj/sys_study2_board.gen/sources_1/bd/system/ipshared/8c02/hdl/axi_protocol_converter_v2_1_vl_rfs.v:3970]
INFO: [Synth 8-6157] synthesizing module 'axi_protocol_converter_v2_1_28_b2s_b_channel' [c:/Users/Amine/mas/fpga-repo/rtl/sealed_study2_board/out/proj/sys_study2_board.gen/sources_1/bd/system/ipshared/8c02/hdl/axi_protocol_converter_v2_1_vl_rfs.v:3605]
INFO: [Synth 8-6157] synthesizing module 'axi_protocol_converter_v2_1_28_b2s_simple_fifo' [c:/Users/Amine/mas/fpga-repo/rtl/sealed_study2_board/out/proj/sys_study2_board.gen/sources_1/bd/system/ipshared/8c02/hdl/axi_protocol_converter_v2_1_vl_rfs.v:2815]
INFO: [Synth 8-6155] done synthesizing module 'axi_protocol_converter_v2_1_28_b2s_simple_fifo' (0#1) [c:/Users/Amine/mas/fpga-repo/rtl/sealed_study2_board/out/proj/sys_study2_board.gen/sources_1/bd/system/ipshared/8c02/hdl/axi_protocol_converter_v2_1_vl_rfs.v:2815]
INFO: [Synth 8-6157] synthesizing module 'axi_protocol_converter_v2_1_28_b2s_simple_fifo__parameterized0' [c:/Users/Amine/mas/fpga-repo/rtl/sealed_study2_board/out/proj/sys_study2_board.gen/sources_1/bd/system/ipshared/8c02/hdl/axi_protocol_converter_v2_1_vl_rfs.v:2815]
INFO: [Synth 8-6155] done synthesizing module 'axi_protocol_converter_v2_1_28_b2s_simple_fifo__parameterized0' (0#1) [c:/Users/Amine/mas/fpga-repo/rtl/sealed_study2_board/out/proj/sys_study2_board.gen/sources_1/bd/system/ipshared/8c02/hdl/axi_protocol_converter_v2_1_vl_rfs.v:2815]
INFO: [Synth 8-6155] done synthesizing module 'axi_protocol_converter_v2_1_28_b2s_b_channel' (0#1) [c:/Users/Amine/mas/fpga-repo/rtl/sealed_study2_board/out/proj/sys_study2_board.gen/sources_1/bd/system/ipshared/8c02/hdl/axi_protocol_converter_v2_1_vl_rfs.v:3605]
INFO: [Synth 8-6157] synthesizing module 'axi_protocol_converter_v2_1_28_b2s_ar_channel' [c:/Users/Amine/mas/fpga-repo/rtl/sealed_study2_board/out/proj/sys_study2_board.gen/sources_1/bd/system/ipshared/8c02/hdl/axi_protocol_converter_v2_1_vl_rfs.v:4081]
INFO: [Synth 8-6157] synthesizing module 'axi_protocol_converter_v2_1_28_b2s_rd_cmd_fsm' [c:/Users/Amine/mas/fpga-repo/rtl/sealed_study2_board/out/proj/sys_study2_board.gen/sources_1/bd/system/ipshared/8c02/hdl/axi_protocol_converter_v2_1_vl_rfs.v:3333]
INFO: [Synth 8-226] default block is never used [c:/Users/Amine/mas/fpga-repo/rtl/sealed_study2_board/out/proj/sys_study2_board.gen/sources_1/bd/system/ipshared/8c02/hdl/axi_protocol_converter_v2_1_vl_rfs.v:3395]
INFO: [Synth 8-6155] done synthesizing module 'axi_protocol_converter_v2_1_28_b2s_rd_cmd_fsm' (0#1) [c:/Users/Amine/mas/fpga-repo/rtl/sealed_study2_board/out/proj/sys_study2_board.gen/sources_1/bd/system/ipshared/8c02/hdl/axi_protocol_converter_v2_1_vl_rfs.v:3333]
INFO: [Synth 8-6155] done synthesizing module 'axi_protocol_converter_v2_1_28_b2s_ar_channel' (0#1) [c:/Users/Amine/mas/fpga-repo/rtl/sealed_study2_board/out/proj/sys_study2_board.gen/sources_1/bd/system/ipshared/8c02/hdl/axi_protocol_converter_v2_1_vl_rfs.v:4081]
INFO: [Synth 8-6157] synthesizing module 'axi_protocol_converter_v2_1_28_b2s_r_channel' [c:/Users/Amine/mas/fpga-repo/rtl/sealed_study2_board/out/proj/sys_study2_board.gen/sources_1/bd/system/ipshared/8c02/hdl/axi_protocol_converter_v2_1_vl_rfs.v:3810]
INFO: [Synth 8-6157] synthesizing module 'axi_protocol_converter_v2_1_28_b2s_simple_fifo__parameterized1' [c:/Users/Amine/mas/fpga-repo/rtl/sealed_study2_board/out/proj/sys_study2_board.gen/sources_1/bd/system/ipshared/8c02/hdl/axi_protocol_converter_v2_1_vl_rfs.v:2815]
INFO: [Synth 8-6155] done synthesizing module 'axi_protocol_converter_v2_1_28_b2s_simple_fifo__parameterized1' (0#1) [c:/Users/Amine/mas/fpga-repo/rtl/sealed_study2_board/out/proj/sys_study2_board.gen/sources_1/bd/system/ipshared/8c02/hdl/axi_protocol_converter_v2_1_vl_rfs.v:2815]
INFO: [Synth 8-6157] synthesizing module 'axi_protocol_converter_v2_1_28_b2s_simple_fifo__parameterized2' [c:/Users/Amine/mas/fpga-repo/rtl/sealed_study2_board/out/proj/sys_study2_board.gen/sources_1/bd/system/ipshared/8c02/hdl/axi_protocol_converter_v2_1_vl_rfs.v:2815]
INFO: [Synth 8-6155] done synthesizing module 'axi_protocol_converter_v2_1_28_b2s_simple_fifo__parameterized2' (0#1) [c:/Users/Amine/mas/fpga-repo/rtl/sealed_study2_board/out/proj/sys_study2_board.gen/sources_1/bd/system/ipshared/8c02/hdl/axi_protocol_converter_v2_1_vl_rfs.v:2815]
INFO: [Synth 8-6155] done synthesizing module 'axi_protocol_converter_v2_1_28_b2s_r_channel' (0#1) [c:/Users/Amine/mas/fpga-repo/rtl/sealed_study2_board/out/proj/sys_study2_board.gen/sources_1/bd/system/ipshared/8c02/hdl/axi_protocol_converter_v2_1_vl_rfs.v:3810]
INFO: [Synth 8-6157] synthesizing module 'axi_register_slice_v2_1_28_axi_register_slice' [c:/Users/Amine/mas/fpga-repo/rtl/sealed_study2_board/out/proj/sys_study2_board.gen/sources_1/bd/system/ipshared/87d1/hdl/axi_register_slice_v2_1_vl_rfs.v:3725]
INFO: [Synth 8-6157] synthesizing module 'axi_infrastructure_v1_1_0_axi2vector' [c:/Users/Amine/mas/fpga-repo/rtl/sealed_study2_board/out/proj/sys_study2_board.gen/sources_1/bd/system/ipshared/ec67/hdl/axi_infrastructure_v1_1_vl_rfs.v:59]
INFO: [Synth 8-6155] done synthesizing module 'axi_infrastructure_v1_1_0_axi2vector' (0#1) [c:/Users/Amine/mas/fpga-repo/rtl/sealed_study2_board/out/proj/sys_study2_board.gen/sources_1/bd/system/ipshared/ec67/hdl/axi_infrastructure_v1_1_vl_rfs.v:59]
INFO: [Synth 8-6157] synthesizing module 'axi_infrastructure_v1_1_0_vector2axi' [c:/Users/Amine/mas/fpga-repo/rtl/sealed_study2_board/out/proj/sys_study2_board.gen/sources_1/bd/system/ipshared/ec67/hdl/axi_infrastructure_v1_1_vl_rfs.v:473]
INFO: [Synth 8-6155] done synthesizing module 'axi_infrastructure_v1_1_0_vector2axi' (0#1) [c:/Users/Amine/mas/fpga-repo/rtl/sealed_study2_board/out/proj/sys_study2_board.gen/sources_1/bd/system/ipshared/ec67/hdl/axi_infrastructure_v1_1_vl_rfs.v:473]
INFO: [Synth 8-6157] synthesizing module 'axi_register_slice_v2_1_28_axic_register_slice' [c:/Users/Amine/mas/fpga-repo/rtl/sealed_study2_board/out/proj/sys_study2_board.gen/sources_1/bd/system/ipshared/87d1/hdl/axi_register_slice_v2_1_vl_rfs.v:1497]
INFO: [Synth 8-6155] done synthesizing module 'axi_register_slice_v2_1_28_axic_register_slice' (0#1) [c:/Users/Amine/mas/fpga-repo/rtl/sealed_study2_board/out/proj/sys_study2_board.gen/sources_1/bd/system/ipshared/87d1/hdl/axi_register_slice_v2_1_vl_rfs.v:1497]
INFO: [Synth 8-6157] synthesizing module 'axi_register_slice_v2_1_28_axic_register_slice__parameterized0' [c:/Users/Amine/mas/fpga-repo/rtl/sealed_study2_board/out/proj/sys_study2_board.gen/sources_1/bd/system/ipshared/87d1/hdl/axi_register_slice_v2_1_vl_rfs.v:1497]
INFO: [Synth 8-6155] done synthesizing module 'axi_register_slice_v2_1_28_axic_register_slice__parameterized0' (0#1) [c:/Users/Amine/mas/fpga-repo/rtl/sealed_study2_board/out/proj/sys_study2_board.gen/sources_1/bd/system/ipshared/87d1/hdl/axi_register_slice_v2_1_vl_rfs.v:1497]
INFO: [Synth 8-6157] synthesizing module 'axi_register_slice_v2_1_28_axic_register_slice__parameterized1' [c:/Users/Amine/mas/fpga-repo/rtl/sealed_study2_board/out/proj/sys_study2_board.gen/sources_1/bd/system/ipshared/87d1/hdl/axi_register_slice_v2_1_vl_rfs.v:1497]
INFO: [Synth 8-6155] done synthesizing module 'axi_register_slice_v2_1_28_axic_register_slice__parameterized1' (0#1) [c:/Users/Amine/mas/fpga-repo/rtl/sealed_study2_board/out/proj/sys_study2_board.gen/sources_1/bd/system/ipshared/87d1/hdl/axi_register_slice_v2_1_vl_rfs.v:1497]
INFO: [Synth 8-6157] synthesizing module 'axi_register_slice_v2_1_28_axic_register_slice__parameterized2' [c:/Users/Amine/mas/fpga-repo/rtl/sealed_study2_board/out/proj/sys_study2_board.gen/sources_1/bd/system/ipshared/87d1/hdl/axi_register_slice_v2_1_vl_rfs.v:1497]
INFO: [Synth 8-6155] done synthesizing module 'axi_register_slice_v2_1_28_axic_register_slice__parameterized2' (0#1) [c:/Users/Amine/mas/fpga-repo/rtl/sealed_study2_board/out/proj/sys_study2_board.gen/sources_1/bd/system/ipshared/87d1/hdl/axi_register_slice_v2_1_vl_rfs.v:1497]
INFO: [Synth 8-6155] done synthesizing module 'axi_register_slice_v2_1_28_axi_register_slice' (0#1) [c:/Users/Amine/mas/fpga-repo/rtl/sealed_study2_board/out/proj/sys_study2_board.gen/sources_1/bd/system/ipshared/87d1/hdl/axi_register_slice_v2_1_vl_rfs.v:3725]
WARNING: [Synth 8-7071] port 'aclk2x' of module 'axi_register_slice_v2_1_28_axi_register_slice' is unconnected for instance 'SI_REG' [c:/Users/Amine/mas/fpga-repo/rtl/sealed_study2_board/out/proj/sys_study2_board.gen/sources_1/bd/system/ipshared/8c02/hdl/axi_protocol_converter_v2_1_vl_rfs.v:4392]
WARNING: [Synth 8-7023] instance 'SI_REG' of module 'axi_register_slice_v2_1_28_axi_register_slice' has 93 connections declared, but only 92 given [c:/Users/Amine/mas/fpga-repo/rtl/sealed_study2_board/out/proj/sys_study2_board.gen/sources_1/bd/system/ipshared/8c02/hdl/axi_protocol_converter_v2_1_vl_rfs.v:4392]
INFO: [Synth 8-6157] synthesizing module 'axi_register_slice_v2_1_28_axi_register_slice__parameterized0' [c:/Users/Amine/mas/fpga-repo/rtl/sealed_study2_board/out/proj/sys_study2_board.gen/sources_1/bd/system/ipshared/87d1/hdl/axi_register_slice_v2_1_vl_rfs.v:3725]
INFO: [Synth 8-6157] synthesizing module 'axi_infrastructure_v1_1_0_axi2vector__parameterized0' [c:/Users/Amine/mas/fpga-repo/rtl/sealed_study2_board/out/proj/sys_study2_board.gen/sources_1/bd/system/ipshared/ec67/hdl/axi_infrastructure_v1_1_vl_rfs.v:59]
INFO: [Synth 8-6155] done synthesizing module 'axi_infrastructure_v1_1_0_axi2vector__parameterized0' (0#1) [c:/Users/Amine/mas/fpga-repo/rtl/sealed_study2_board/out/proj/sys_study2_board.gen/sources_1/bd/system/ipshared/ec67/hdl/axi_infrastructure_v1_1_vl_rfs.v:59]
INFO: [Synth 8-6157] synthesizing module 'axi_infrastructure_v1_1_0_vector2axi__parameterized0' [c:/Users/Amine/mas/fpga-repo/rtl/sealed_study2_board/out/proj/sys_study2_board.gen/sources_1/bd/system/ipshared/ec67/hdl/axi_infrastructure_v1_1_vl_rfs.v:473]
INFO: [Synth 8-6155] done synthesizing module 'axi_infrastructure_v1_1_0_vector2axi__parameterized0' (0#1) [c:/Users/Amine/mas/fpga-repo/rtl/sealed_study2_board/out/proj/sys_study2_board.gen/sources_1/bd/system/ipshared/ec67/hdl/axi_infrastructure_v1_1_vl_rfs.v:473]
INFO: [Synth 8-6157] synthesizing module 'axi_register_slice_v2_1_28_axic_register_slice__parameterized3' [c:/Users/Amine/mas/fpga-repo/rtl/sealed_study2_board/out/proj/sys_study2_board.gen/sources_1/bd/system/ipshared/87d1/hdl/axi_register_slice_v2_1_vl_rfs.v:1497]
INFO: [Synth 8-6155] done synthesizing module 'axi_register_slice_v2_1_28_axic_register_slice__parameterized3' (0#1) [c:/Users/Amine/mas/fpga-repo/rtl/sealed_study2_board/out/proj/sys_study2_board.gen/sources_1/bd/system/ipshared/87d1/hdl/axi_register_slice_v2_1_vl_rfs.v:1497]
INFO: [Synth 8-6157] synthesizing module 'axi_register_slice_v2_1_28_axic_register_slice__parameterized4' [c:/Users/Amine/mas/fpga-repo/rtl/sealed_study2_board/out/proj/sys_study2_board.gen/sources_1/bd/system/ipshared/87d1/hdl/axi_register_slice_v2_1_vl_rfs.v:1497]
INFO: [Synth 8-6155] done synthesizing module 'axi_register_slice_v2_1_28_axic_register_slice__parameterized4' (0#1) [c:/Users/Amine/mas/fpga-repo/rtl/sealed_study2_board/out/proj/sys_study2_board.gen/sources_1/bd/system/ipshared/87d1/hdl/axi_register_slice_v2_1_vl_rfs.v:1497]
INFO: [Synth 8-6157] synthesizing module 'axi_register_slice_v2_1_28_axic_register_slice__parameterized5' [c:/Users/Amine/mas/fpga-repo/rtl/sealed_study2_board/out/proj/sys_study2_board.gen/sources_1/bd/system/ipshared/87d1/hdl/axi_register_slice_v2_1_vl_rfs.v:1497]
INFO: [Synth 8-6155] done synthesizing module 'axi_register_slice_v2_1_28_axic_register_slice__parameterized5' (0#1) [c:/Users/Amine/mas/fpga-repo/rtl/sealed_study2_board/out/proj/sys_study2_board.gen/sources_1/bd/system/ipshared/87d1/hdl/axi_register_slice_v2_1_vl_rfs.v:1497]
INFO: [Synth 8-6157] synthesizing module 'axi_register_slice_v2_1_28_axic_register_slice__parameterized6' [c:/Users/Amine/mas/fpga-repo/rtl/sealed_study2_board/out/proj/sys_study2_board.gen/sources_1/bd/system/ipshared/87d1/hdl/axi_register_slice_v2_1_vl_rfs.v:1497]
INFO: [Synth 8-6155] done synthesizing module 'axi_register_slice_v2_1_28_axic_register_slice__parameterized6' (0#1) [c:/Users/Amine/mas/fpga-repo/rtl/sealed_study2_board/out/proj/sys_study2_board.gen/sources_1/bd/system/ipshared/87d1/hdl/axi_register_slice_v2_1_vl_rfs.v:1497]
INFO: [Synth 8-6155] done synthesizing module 'axi_register_slice_v2_1_28_axi_register_slice__parameterized0' (0#1) [c:/Users/Amine/mas/fpga-repo/rtl/sealed_study2_board/out/proj/sys_study2_board.gen/sources_1/bd/system/ipshared/87d1/hdl/axi_register_slice_v2_1_vl_rfs.v:3725]
WARNING: [Synth 8-7071] port 'aclk2x' of module 'axi_register_slice_v2_1_28_axi_register_slice' is unconnected for instance 'MI_REG' [c:/Users/Amine/mas/fpga-repo/rtl/sealed_study2_board/out/proj/sys_study2_board.gen/sources_1/bd/system/ipshared/8c02/hdl/axi_protocol_converter_v2_1_vl_rfs.v:4647]
WARNING: [Synth 8-7023] instance 'MI_REG' of module 'axi_register_slice_v2_1_28_axi_register_slice' has 93 connections declared, but only 92 given [c:/Users/Amine/mas/fpga-repo/rtl/sealed_study2_board/out/proj/sys_study2_board.gen/sources_1/bd/system/ipshared/8c02/hdl/axi_protocol_converter_v2_1_vl_rfs.v:4647]
INFO: [Synth 8-6155] done synthesizing module 'axi_protocol_converter_v2_1_28_b2s' (0#1) [c:/Users/Amine/mas/fpga-repo/rtl/sealed_study2_board/out/proj/sys_study2_board.gen/sources_1/bd/system/ipshared/8c02/hdl/axi_protocol_converter_v2_1_vl_rfs.v:4225]
INFO: [Synth 8-6155] done synthesizing module 'axi_protocol_converter_v2_1_28_axi_protocol_converter' (0#1) [c:/Users/Amine/mas/fpga-repo/rtl/sealed_study2_board/out/proj/sys_study2_board.gen/sources_1/bd/system/ipshared/8c02/hdl/axi_protocol_converter_v2_1_vl_rfs.v:4807]
INFO: [Synth 8-6155] done synthesizing module 'system_auto_pc_0' (0#1) [c:/Users/Amine/mas/fpga-repo/rtl/sealed_study2_board/out/proj/sys_study2_board.gen/sources_1/bd/system/ip/system_auto_pc_0/synth/system_auto_pc_0.v:53]
WARNING: [Synth 8-7071] port 'm_axi_awprot' of module 'system_auto_pc_0' is unconnected for instance 'auto_pc' [C:/Users/Amine/mas/fpga-repo/rtl/sealed_study2_board/out/proj/sys_study2_board.gen/sources_1/bd/system/synth/system.v:248]
WARNING: [Synth 8-7071] port 'm_axi_arprot' of module 'system_auto_pc_0' is unconnected for instance 'auto_pc' [C:/Users/Amine/mas/fpga-repo/rtl/sealed_study2_board/out/proj/sys_study2_board.gen/sources_1/bd/system/synth/system.v:248]
WARNING: [Synth 8-7023] instance 'auto_pc' of module 'system_auto_pc_0' has 59 connections declared, but only 57 given [C:/Users/Amine/mas/fpga-repo/rtl/sealed_study2_board/out/proj/sys_study2_board.gen/sources_1/bd/system/synth/system.v:248]
INFO: [Synth 8-6155] done synthesizing module 's00_couplers_imp_1C0N0JZ' (0#1) [C:/Users/Amine/mas/fpga-repo/rtl/sealed_study2_board/out/proj/sys_study2_board.gen/sources_1/bd/system/synth/system.v:13]
INFO: [Synth 8-6155] done synthesizing module 'system_ps7_axi_periph_0' (0#1) [C:/Users/Amine/mas/fpga-repo/rtl/sealed_study2_board/out/proj/sys_study2_board.gen/sources_1/bd/system/synth/system.v:599]
INFO: [Synth 8-638] synthesizing module 'system_rst_ps7_200M_0' [c:/Users/Amine/mas/fpga-repo/rtl/sealed_study2_board/out/proj/sys_study2_board.gen/sources_1/bd/system/ip/system_rst_ps7_200M_0/synth/system_rst_ps7_200M_0.vhd:74]
	Parameter C_FAMILY bound to: zynq - type: string 
	Parameter C_EXT_RST_WIDTH bound to: 4 - type: integer 
	Parameter C_AUX_RST_WIDTH bound to: 4 - type: integer 
	Parameter C_EXT_RESET_HIGH bound to: 1'b0 
	Parameter C_AUX_RESET_HIGH bound to: 1'b0 
	Parameter C_NUM_BUS_RST bound to: 1 - type: integer 
	Parameter C_NUM_PERP_RST bound to: 1 - type: integer 
	Parameter C_NUM_INTERCONNECT_ARESETN bound to: 1 - type: integer 
	Parameter C_NUM_PERP_ARESETN bound to: 1 - type: integer 
INFO: [Synth 8-3491] module 'proc_sys_reset' declared at 'c:/Users/Amine/mas/fpga-repo/rtl/sealed_study2_board/out/proj/sys_study2_board.gen/sources_1/bd/system/ipshared/8842/hdl/proc_sys_reset_v5_0_vh_rfs.vhd:1264' bound to instance 'U0' of component 'proc_sys_reset' [c:/Users/Amine/mas/fpga-repo/rtl/sealed_study2_board/out/proj/sys_study2_board.gen/sources_1/bd/system/ip/system_rst_ps7_200M_0/synth/system_rst_ps7_200M_0.vhd:129]
INFO: [Synth 8-638] synthesizing module 'proc_sys_reset' [c:/Users/Amine/mas/fpga-repo/rtl/sealed_study2_board/out/proj/sys_study2_board.gen/sources_1/bd/system/ipshared/8842/hdl/proc_sys_reset_v5_0_vh_rfs.vhd:1323]
	Parameter INIT bound to: 1'b1 
INFO: [Synth 8-113] binding component instance 'FDRE_inst' to cell 'FDRE' [c:/Users/Amine/mas/fpga-repo/rtl/sealed_study2_board/out/proj/sys_study2_board.gen/sources_1/bd/system/ipshared/8842/hdl/proc_sys_reset_v5_0_vh_rfs.vhd:1392]
	Parameter INIT bound to: 1'b1 
INFO: [Synth 8-113] binding component instance 'FDRE_BSR' to cell 'FDRE' [c:/Users/Amine/mas/fpga-repo/rtl/sealed_study2_board/out/proj/sys_study2_board.gen/sources_1/bd/system/ipshared/8842/hdl/proc_sys_reset_v5_0_vh_rfs.vhd:1408]
	Parameter INIT bound to: 1'b0 
INFO: [Synth 8-113] binding component instance 'FDRE_BSR_N' to cell 'FDRE' [c:/Users/Amine/mas/fpga-repo/rtl/sealed_study2_board/out/proj/sys_study2_board.gen/sources_1/bd/system/ipshared/8842/hdl/proc_sys_reset_v5_0_vh_rfs.vhd:1434]
	Parameter INIT bound to: 1'b1 
INFO: [Synth 8-113] binding component instance 'FDRE_PER' to cell 'FDRE' [c:/Users/Amine/mas/fpga-repo/rtl/sealed_study2_board/out/proj/sys_study2_board.gen/sources_1/bd/system/ipshared/8842/hdl/proc_sys_reset_v5_0_vh_rfs.vhd:1457]
	Parameter INIT bound to: 1'b0 
INFO: [Synth 8-113] binding component instance 'FDRE_PER_N' to cell 'FDRE' [c:/Users/Amine/mas/fpga-repo/rtl/sealed_study2_board/out/proj/sys_study2_board.gen/sources_1/bd/system/ipshared/8842/hdl/proc_sys_reset_v5_0_vh_rfs.vhd:1481]
INFO: [Synth 8-638] synthesizing module 'lpf' [c:/Users/Amine/mas/fpga-repo/rtl/sealed_study2_board/out/proj/sys_study2_board.gen/sources_1/bd/system/ipshared/8842/hdl/proc_sys_reset_v5_0_vh_rfs.vhd:816]
INFO: [Synth 8-3491] module 'SRL16' declared at 'C:/Xilinx/Vivado/2023.1/scripts/rt/data/unisim_comp.v:132157' bound to instance 'POR_SRL_I' of component 'SRL16' [c:/Users/Amine/mas/fpga-repo/rtl/sealed_study2_board/out/proj/sys_study2_board.gen/sources_1/bd/system/ipshared/8842/hdl/proc_sys_reset_v5_0_vh_rfs.vhd:868]
INFO: [Synth 8-6157] synthesizing module 'SRL16' [C:/Xilinx/Vivado/2023.1/scripts/rt/data/unisim_comp.v:132157]
INFO: [Synth 8-6155] done synthesizing module 'SRL16' (0#1) [C:/Xilinx/Vivado/2023.1/scripts/rt/data/unisim_comp.v:132157]
INFO: [Synth 8-638] synthesizing module 'cdc_sync' [c:/Users/Amine/mas/fpga-repo/rtl/sealed_study2_board/out/proj/sys_study2_board.gen/sources_1/bd/system/ipshared/ef1e/hdl/lib_cdc_v1_0_rfs.vhd:106]
	Parameter INIT bound to: 1'b0 
INFO: [Synth 8-113] binding component instance 'CROSS_PLEVEL_IN2SCNDRY_IN_cdc_to' to cell 'FDR' [c:/Users/Amine/mas/fpga-repo/rtl/sealed_study2_board/out/proj/sys_study2_board.gen/sources_1/bd/system/ipshared/ef1e/hdl/lib_cdc_v1_0_rfs.vhd:514]
	Parameter INIT bound to: 1'b0 
INFO: [Synth 8-113] binding component instance 'CROSS_PLEVEL_IN2SCNDRY_s_level_out_d2' to cell 'FDR' [c:/Users/Amine/mas/fpga-repo/rtl/sealed_study2_board/out/proj/sys_study2_board.gen/sources_1/bd/system/ipshared/ef1e/hdl/lib_cdc_v1_0_rfs.vhd:545]
	Parameter INIT bound to: 1'b0 
INFO: [Synth 8-113] binding component instance 'CROSS_PLEVEL_IN2SCNDRY_s_level_out_d3' to cell 'FDR' [c:/Users/Amine/mas/fpga-repo/rtl/sealed_study2_board/out/proj/sys_study2_board.gen/sources_1/bd/system/ipshared/ef1e/hdl/lib_cdc_v1_0_rfs.vhd:554]
	Parameter INIT bound to: 1'b0 
INFO: [Synth 8-113] binding component instance 'CROSS_PLEVEL_IN2SCNDRY_s_level_out_d4' to cell 'FDR' [c:/Users/Amine/mas/fpga-repo/rtl/sealed_study2_board/out/proj/sys_study2_board.gen/sources_1/bd/system/ipshared/ef1e/hdl/lib_cdc_v1_0_rfs.vhd:564]
	Parameter INIT bound to: 1'b0 
INFO: [Synth 8-113] binding component instance 'CROSS_PLEVEL_IN2SCNDRY_s_level_out_d5' to cell 'FDR' [c:/Users/Amine/mas/fpga-repo/rtl/sealed_study2_board/out/proj/sys_study2_board.gen/sources_1/bd/system/ipshared/ef1e/hdl/lib_cdc_v1_0_rfs.vhd:574]
	Parameter INIT bound to: 1'b0 
INFO: [Synth 8-113] binding component instance 'CROSS_PLEVEL_IN2SCNDRY_s_level_out_d6' to cell 'FDR' [c:/Users/Amine/mas/fpga-repo/rtl/sealed_study2_board/out/proj/sys_study2_board.gen/sources_1/bd/system/ipshared/ef1e/hdl/lib_cdc_v1_0_rfs.vhd:584]
INFO: [Synth 8-256] done synthesizing module 'cdc_sync' (0#1) [c:/Users/Amine/mas/fpga-repo/rtl/sealed_study2_board/out/proj/sys_study2_board.gen/sources_1/bd/system/ipshared/ef1e/hdl/lib_cdc_v1_0_rfs.vhd:106]
INFO: [Synth 8-256] done synthesizing module 'lpf' (0#1) [c:/Users/Amine/mas/fpga-repo/rtl/sealed_study2_board/out/proj/sys_study2_board.gen/sources_1/bd/system/ipshared/8842/hdl/proc_sys_reset_v5_0_vh_rfs.vhd:816]
INFO: [Synth 8-638] synthesizing module 'sequence_psr' [c:/Users/Amine/mas/fpga-repo/rtl/sealed_study2_board/out/proj/sys_study2_board.gen/sources_1/bd/system/ipshared/8842/hdl/proc_sys_reset_v5_0_vh_rfs.vhd:301]
INFO: [Synth 8-638] synthesizing module 'upcnt_n' [c:/Users/Amine/mas/fpga-repo/rtl/sealed_study2_board/out/proj/sys_study2_board.gen/sources_1/bd/system/ipshared/8842/hdl/proc_sys_reset_v5_0_vh_rfs.vhd:125]
INFO: [Synth 8-256] done synthesizing module 'upcnt_n' (0#1) [c:/Users/Amine/mas/fpga-repo/rtl/sealed_study2_board/out/proj/sys_study2_board.gen/sources_1/bd/system/ipshared/8842/hdl/proc_sys_reset_v5_0_vh_rfs.vhd:125]
INFO: [Synth 8-256] done synthesizing module 'sequence_psr' (0#1) [c:/Users/Amine/mas/fpga-repo/rtl/sealed_study2_board/out/proj/sys_study2_board.gen/sources_1/bd/system/ipshared/8842/hdl/proc_sys_reset_v5_0_vh_rfs.vhd:301]
INFO: [Synth 8-256] done synthesizing module 'proc_sys_reset' (0#1) [c:/Users/Amine/mas/fpga-repo/rtl/sealed_study2_board/out/proj/sys_study2_board.gen/sources_1/bd/system/ipshared/8842/hdl/proc_sys_reset_v5_0_vh_rfs.vhd:1323]
INFO: [Synth 8-256] done synthesizing module 'system_rst_ps7_200M_0' (0#1) [c:/Users/Amine/mas/fpga-repo/rtl/sealed_study2_board/out/proj/sys_study2_board.gen/sources_1/bd/system/ip/system_rst_ps7_200M_0/synth/system_rst_ps7_200M_0.vhd:74]
WARNING: [Synth 8-7071] port 'mb_reset' of module 'system_rst_ps7_200M_0' is unconnected for instance 'rst_ps7_200M' [C:/Users/Amine/mas/fpga-repo/rtl/sealed_study2_board/out/proj/sys_study2_board.gen/sources_1/bd/system/synth/system.v:590]
WARNING: [Synth 8-7071] port 'bus_struct_reset' of module 'system_rst_ps7_200M_0' is unconnected for instance 'rst_ps7_200M' [C:/Users/Amine/mas/fpga-repo/rtl/sealed_study2_board/out/proj/sys_study2_board.gen/sources_1/bd/system/synth/system.v:590]
WARNING: [Synth 8-7071] port 'peripheral_reset' of module 'system_rst_ps7_200M_0' is unconnected for instance 'rst_ps7_200M' [C:/Users/Amine/mas/fpga-repo/rtl/sealed_study2_board/out/proj/sys_study2_board.gen/sources_1/bd/system/synth/system.v:590]
WARNING: [Synth 8-7071] port 'interconnect_aresetn' of module 'system_rst_ps7_200M_0' is unconnected for instance 'rst_ps7_200M' [C:/Users/Amine/mas/fpga-repo/rtl/sealed_study2_board/out/proj/sys_study2_board.gen/sources_1/bd/system/synth/system.v:590]
WARNING: [Synth 8-7023] instance 'rst_ps7_200M' of module 'system_rst_ps7_200M_0' has 10 connections declared, but only 6 given [C:/Users/Amine/mas/fpga-repo/rtl/sealed_study2_board/out/proj/sys_study2_board.gen/sources_1/bd/system/synth/system.v:590]
INFO: [Synth 8-6155] done synthesizing module 'system' (0#1) [C:/Users/Amine/mas/fpga-repo/rtl/sealed_study2_board/out/proj/sys_study2_board.gen/sources_1/bd/system/synth/system.v:308]
INFO: [Synth 8-6155] done synthesizing module 'system_wrapper' (0#1) [C:/Users/Amine/mas/fpga-repo/rtl/sealed_study2_board/out/proj/sys_study2_board.gen/sources_1/bd/system/hdl/system_wrapper.v:13]
WARNING: [Synth 8-3936] Found unconnected internal register 'acc_reg' and it is trimmed from '24' to '16' bits. [c:/Users/Amine/mas/fpga-repo/rtl/sealed_study2_board/out/proj/sys_study2_board.gen/sources_1/bd/system/ip/system_dut0_0/synth/system_dut0_0.v:280]
WARNING: [Synth 8-6014] Unused sequential element w18_reg was removed.  [c:/Users/Amine/mas/fpga-repo/rtl/sealed_study2_board/out/proj/sys_study2_board.gen/sources_1/bd/system/ip/system_dut0_0/synth/system_dut0_0.v:494]
WARNING: [Synth 8-6014] Unused sequential element s_reg[0] was removed.  [c:/Users/Amine/mas/fpga-repo/rtl/sealed_study2_board/out/proj/sys_study2_board.gen/sources_1/bd/system/ip/system_dut0_0/synth/system_dut0_0.v:496]
WARNING: [Synth 8-6014] Unused sequential element s_reg[1] was removed.  [c:/Users/Amine/mas/fpga-repo/rtl/sealed_study2_board/out/proj/sys_study2_board.gen/sources_1/bd/system/ip/system_dut0_0/synth/system_dut0_0.v:496]
WARNING: [Synth 8-6014] Unused sequential element s_reg[2] was removed.  [c:/Users/Amine/mas/fpga-repo/rtl/sealed_study2_board/out/proj/sys_study2_board.gen/sources_1/bd/system/ip/system_dut0_0/synth/system_dut0_0.v:496]
WARNING: [Synth 8-6014] Unused sequential element s_reg[3] was removed.  [c:/Users/Amine/mas/fpga-repo/rtl/sealed_study2_board/out/proj/sys_study2_board.gen/sources_1/bd/system/ip/system_dut0_0/synth/system_dut0_0.v:496]
WARNING: [Synth 8-6014] Unused sequential element s_reg[4] was removed.  [c:/Users/Amine/mas/fpga-repo/rtl/sealed_study2_board/out/proj/sys_study2_board.gen/sources_1/bd/system/ip/system_dut0_0/synth/system_dut0_0.v:496]
WARNING: [Synth 8-6014] Unused sequential element s_reg[5] was removed.  [c:/Users/Amine/mas/fpga-repo/rtl/sealed_study2_board/out/proj/sys_study2_board.gen/sources_1/bd/system/ip/system_dut0_0/synth/system_dut0_0.v:496]
WARNING: [Synth 8-6014] Unused sequential element s_reg[6] was removed.  [c:/Users/Amine/mas/fpga-repo/rtl/sealed_study2_board/out/proj/sys_study2_board.gen/sources_1/bd/system/ip/system_dut0_0/synth/system_dut0_0.v:496]
WARNING: [Synth 8-6014] Unused sequential element s_reg[7] was removed.  [c:/Users/Amine/mas/fpga-repo/rtl/sealed_study2_board/out/proj/sys_study2_board.gen/sources_1/bd/system/ip/system_dut0_0/synth/system_dut0_0.v:496]
WARNING: [Synth 8-6014] Unused sequential element s_reg[8] was removed.  [c:/Users/Amine/mas/fpga-repo/rtl/sealed_study2_board/out/proj/sys_study2_board.gen/sources_1/bd/system/ip/system_dut0_0/synth/system_dut0_0.v:496]
WARNING: [Synth 8-6014] Unused sequential element s_reg[9] was removed.  [c:/Users/Amine/mas/fpga-repo/rtl/sealed_study2_board/out/proj/sys_study2_board.gen/sources_1/bd/system/ip/system_dut0_0/synth/system_dut0_0.v:496]
WARNING: [Synth 8-6014] Unused sequential element s_reg[10] was removed.  [c:/Users/Amine/mas/fpga-repo/rtl/sealed_study2_board/out/proj/sys_study2_board.gen/sources_1/bd/system/ip/system_dut0_0/synth/system_dut0_0.v:496]
WARNING: [Synth 8-6014] Unused sequential element s_reg[11] was removed.  [c:/Users/Amine/mas/fpga-repo/rtl/sealed_study2_board/out/proj/sys_study2_board.gen/sources_1/bd/system/ip/system_dut0_0/synth/system_dut0_0.v:496]
WARNING: [Synth 8-6014] Unused sequential element s_reg[12] was removed.  [c:/Users/Amine/mas/fpga-repo/rtl/sealed_study2_board/out/proj/sys_study2_board.gen/sources_1/bd/system/ip/system_dut0_0/synth/system_dut0_0.v:496]
WARNING: [Synth 8-6014] Unused sequential element s_reg[13] was removed.  [c:/Users/Amine/mas/fpga-repo/rtl/sealed_study2_board/out/proj/sys_study2_board.gen/sources_1/bd/system/ip/system_dut0_0/synth/system_dut0_0.v:496]
WARNING: [Synth 8-6014] Unused sequential element s_reg[14] was removed.  [c:/Users/Amine/mas/fpga-repo/rtl/sealed_study2_board/out/proj/sys_study2_board.gen/sources_1/bd/system/ip/system_dut0_0/synth/system_dut0_0.v:496]
WARNING: [Synth 8-6014] Unused sequential element s_reg[15] was removed.  [c:/Users/Amine/mas/fpga-repo/rtl/sealed_study2_board/out/proj/sys_study2_board.gen/sources_1/bd/system/ip/system_dut0_0/synth/system_dut0_0.v:496]
WARNING: [Synth 8-6014] Unused sequential element s_reg[16] was removed.  [c:/Users/Amine/mas/fpga-repo/rtl/sealed_study2_board/out/proj/sys_study2_board.gen/sources_1/bd/system/ip/system_dut0_0/synth/system_dut0_0.v:496]
WARNING: [Synth 8-6014] Unused sequential element s_reg[17] was removed.  [c:/Users/Amine/mas/fpga-repo/rtl/sealed_study2_board/out/proj/sys_study2_board.gen/sources_1/bd/system/ip/system_dut0_0/synth/system_dut0_0.v:496]
WARNING: [Synth 8-6014] Unused sequential element s_reg[18] was removed.  [c:/Users/Amine/mas/fpga-repo/rtl/sealed_study2_board/out/proj/sys_study2_board.gen/sources_1/bd/system/ip/system_dut0_0/synth/system_dut0_0.v:496]
WARNING: [Synth 8-6014] Unused sequential element t_reg was removed.  [c:/Users/Amine/mas/fpga-repo/rtl/sealed_study2_board/out/proj/sys_study2_board.gen/sources_1/bd/system/ip/system_dut0_0/synth/system_dut0_0.v:499]
WARNING: [Synth 8-6014] Unused sequential element w18_reg was removed.  [c:/Users/Amine/mas/fpga-repo/rtl/sealed_study2_board/out/proj/sys_study2_board.gen/sources_1/bd/system/ip/system_dut0_0/synth/system_dut0_0.v:534]
WARNING: [Synth 8-6014] Unused sequential element s_reg[0] was removed.  [c:/Users/Amine/mas/fpga-repo/rtl/sealed_study2_board/out/proj/sys_study2_board.gen/sources_1/bd/system/ip/system_dut0_0/synth/system_dut0_0.v:536]
WARNING: [Synth 8-6014] Unused sequential element s_reg[1] was removed.  [c:/Users/Amine/mas/fpga-repo/rtl/sealed_study2_board/out/proj/sys_study2_board.gen/sources_1/bd/system/ip/system_dut0_0/synth/system_dut0_0.v:536]
WARNING: [Synth 8-6014] Unused sequential element s_reg[2] was removed.  [c:/Users/Amine/mas/fpga-repo/rtl/sealed_study2_board/out/proj/sys_study2_board.gen/sources_1/bd/system/ip/system_dut0_0/synth/system_dut0_0.v:536]
WARNING: [Synth 8-6014] Unused sequential element s_reg[3] was removed.  [c:/Users/Amine/mas/fpga-repo/rtl/sealed_study2_board/out/proj/sys_study2_board.gen/sources_1/bd/system/ip/system_dut0_0/synth/system_dut0_0.v:536]
WARNING: [Synth 8-6014] Unused sequential element s_reg[4] was removed.  [c:/Users/Amine/mas/fpga-repo/rtl/sealed_study2_board/out/proj/sys_study2_board.gen/sources_1/bd/system/ip/system_dut0_0/synth/system_dut0_0.v:536]
WARNING: [Synth 8-6014] Unused sequential element s_reg[5] was removed.  [c:/Users/Amine/mas/fpga-repo/rtl/sealed_study2_board/out/proj/sys_study2_board.gen/sources_1/bd/system/ip/system_dut0_0/synth/system_dut0_0.v:536]
WARNING: [Synth 8-6014] Unused sequential element s_reg[6] was removed.  [c:/Users/Amine/mas/fpga-repo/rtl/sealed_study2_board/out/proj/sys_study2_board.gen/sources_1/bd/system/ip/system_dut0_0/synth/system_dut0_0.v:536]
WARNING: [Synth 8-6014] Unused sequential element s_reg[7] was removed.  [c:/Users/Amine/mas/fpga-repo/rtl/sealed_study2_board/out/proj/sys_study2_board.gen/sources_1/bd/system/ip/system_dut0_0/synth/system_dut0_0.v:536]
WARNING: [Synth 8-6014] Unused sequential element s_reg[8] was removed.  [c:/Users/Amine/mas/fpga-repo/rtl/sealed_study2_board/out/proj/sys_study2_board.gen/sources_1/bd/system/ip/system_dut0_0/synth/system_dut0_0.v:536]
WARNING: [Synth 8-6014] Unused sequential element s_reg[9] was removed.  [c:/Users/Amine/mas/fpga-repo/rtl/sealed_study2_board/out/proj/sys_study2_board.gen/sources_1/bd/system/ip/system_dut0_0/synth/system_dut0_0.v:536]
WARNING: [Synth 8-6014] Unused sequential element s_reg[10] was removed.  [c:/Users/Amine/mas/fpga-repo/rtl/sealed_study2_board/out/proj/sys_study2_board.gen/sources_1/bd/system/ip/system_dut0_0/synth/system_dut0_0.v:536]
WARNING: [Synth 8-6014] Unused sequential element s_reg[11] was removed.  [c:/Users/Amine/mas/fpga-repo/rtl/sealed_study2_board/out/proj/sys_study2_board.gen/sources_1/bd/system/ip/system_dut0_0/synth/system_dut0_0.v:536]
WARNING: [Synth 8-6014] Unused sequential element s_reg[12] was removed.  [c:/Users/Amine/mas/fpga-repo/rtl/sealed_study2_board/out/proj/sys_study2_board.gen/sources_1/bd/system/ip/system_dut0_0/synth/system_dut0_0.v:536]
WARNING: [Synth 8-6014] Unused sequential element s_reg[13] was removed.  [c:/Users/Amine/mas/fpga-repo/rtl/sealed_study2_board/out/proj/sys_study2_board.gen/sources_1/bd/system/ip/system_dut0_0/synth/system_dut0_0.v:536]
WARNING: [Synth 8-6014] Unused sequential element s_reg[14] was removed.  [c:/Users/Amine/mas/fpga-repo/rtl/sealed_study2_board/out/proj/sys_study2_board.gen/sources_1/bd/system/ip/system_dut0_0/synth/system_dut0_0.v:536]
WARNING: [Synth 8-6014] Unused sequential element s_reg[15] was removed.  [c:/Users/Amine/mas/fpga-repo/rtl/sealed_study2_board/out/proj/sys_study2_board.gen/sources_1/bd/system/ip/system_dut0_0/synth/system_dut0_0.v:536]
WARNING: [Synth 8-6014] Unused sequential element s_reg[16] was removed.  [c:/Users/Amine/mas/fpga-repo/rtl/sealed_study2_board/out/proj/sys_study2_board.gen/sources_1/bd/system/ip/system_dut0_0/synth/system_dut0_0.v:536]
WARNING: [Synth 8-6014] Unused sequential element s_reg[17] was removed.  [c:/Users/Amine/mas/fpga-repo/rtl/sealed_study2_board/out/proj/sys_study2_board.gen/sources_1/bd/system/ip/system_dut0_0/synth/system_dut0_0.v:536]
WARNING: [Synth 8-6014] Unused sequential element s_reg[18] was removed.  [c:/Users/Amine/mas/fpga-repo/rtl/sealed_study2_board/out/proj/sys_study2_board.gen/sources_1/bd/system/ip/system_dut0_0/synth/system_dut0_0.v:536]
WARNING: [Synth 8-6014] Unused sequential element t_reg was removed.  [c:/Users/Amine/mas/fpga-repo/rtl/sealed_study2_board/out/proj/sys_study2_board.gen/sources_1/bd/system/ip/system_dut0_0/synth/system_dut0_0.v:539]
WARNING: [Synth 8-6014] Unused sequential element S_AXI_WREADY_reg was removed.  [c:/Users/Amine/mas/fpga-repo/rtl/sealed_study2_board/out/proj/sys_study2_board.gen/sources_1/bd/system/ip/system_la0_0/synth/system_la0_0.v:252]
WARNING: [Synth 8-6014] Unused sequential element state_r1_reg was removed.  [c:/Users/Amine/mas/fpga-repo/rtl/sealed_study2_board/out/proj/sys_study2_board.gen/sources_1/bd/system/ipshared/8c02/hdl/axi_protocol_converter_v2_1_vl_rfs.v:3383]
WARNING: [Synth 8-6014] Unused sequential element s_arlen_r_reg was removed.  [c:/Users/Amine/mas/fpga-repo/rtl/sealed_study2_board/out/proj/sys_study2_board.gen/sources_1/bd/system/ipshared/8c02/hdl/axi_protocol_converter_v2_1_vl_rfs.v:3384]
WARNING: [Synth 8-7129] Port prmry_aclk in module cdc_sync is either unconnected or has no load
WARNING: [Synth 8-7129] Port prmry_resetn in module cdc_sync is either unconnected or has no load
WARNING: [Synth 8-7129] Port prmry_vect_in[1] in module cdc_sync is either unconnected or has no load
WARNING: [Synth 8-7129] Port prmry_vect_in[0] in module cdc_sync is either unconnected or has no load
WARNING: [Synth 8-7129] Port scndry_resetn in module cdc_sync is either unconnected or has no load
WARNING: [Synth 8-7129] Port ACLK in module axi_register_slice_v2_1_28_axic_register_slice__parameterized6 is either unconnected or has no load
WARNING: [Synth 8-7129] Port ARESET in module axi_register_slice_v2_1_28_axic_register_slice__parameterized6 is either unconnected or has no load
WARNING: [Synth 8-7129] Port ACLK in module axi_register_slice_v2_1_28_axic_register_slice__parameterized3 is either unconnected or has no load
WARNING: [Synth 8-7129] Port ARESET in module axi_register_slice_v2_1_28_axic_register_slice__parameterized3 is either unconnected or has no load
WARNING: [Synth 8-7129] Port ACLK in module axi_register_slice_v2_1_28_axic_register_slice__parameterized5 is either unconnected or has no load
WARNING: [Synth 8-7129] Port ARESET in module axi_register_slice_v2_1_28_axic_register_slice__parameterized5 is either unconnected or has no load
WARNING: [Synth 8-7129] Port ACLK in module axi_register_slice_v2_1_28_axic_register_slice__parameterized4 is either unconnected or has no load
WARNING: [Synth 8-7129] Port ARESET in module axi_register_slice_v2_1_28_axic_register_slice__parameterized4 is either unconnected or has no load
WARNING: [Synth 8-7129] Port m_axi_bid[0] in module axi_infrastructure_v1_1_0_vector2axi__parameterized0 is either unconnected or has no load
WARNING: [Synth 8-7129] Port m_axi_buser[0] in module axi_infrastructure_v1_1_0_vector2axi__parameterized0 is either unconnected or has no load
WARNING: [Synth 8-7129] Port m_axi_rid[0] in module axi_infrastructure_v1_1_0_vector2axi__parameterized0 is either unconnected or has no load
WARNING: [Synth 8-7129] Port m_axi_rlast in module axi_infrastructure_v1_1_0_vector2axi__parameterized0 is either unconnected or has no load
WARNING: [Synth 8-7129] Port m_axi_ruser[0] in module axi_infrastructure_v1_1_0_vector2axi__parameterized0 is either unconnected or has no load
WARNING: [Synth 8-7129] Port s_axi_awid[0] in module axi_infrastructure_v1_1_0_axi2vector__parameterized0 is either unconnected or has no load
WARNING: [Synth 8-7129] Port s_axi_awlen[7] in module axi_infrastructure_v1_1_0_axi2vector__parameterized0 is either unconnected or has no load
WARNING: [Synth 8-7129] Port s_axi_awlen[6] in module axi_infrastructure_v1_1_0_axi2vector__parameterized0 is either unconnected or has no load
WARNING: [Synth 8-7129] Port s_axi_awlen[5] in module axi_infrastructure_v1_1_0_axi2vector__parameterized0 is either unconnected or has no load
WARNING: [Synth 8-7129] Port s_axi_awlen[4] in module axi_infrastructure_v1_1_0_axi2vector__parameterized0 is either unconnected or has no load
WARNING: [Synth 8-7129] Port s_axi_awlen[3] in module axi_infrastructure_v1_1_0_axi2vector__parameterized0 is either unconnected or has no load
WARNING: [Synth 8-7129] Port s_axi_awlen[2] in module axi_infrastructure_v1_1_0_axi2vector__parameterized0 is either unconnected or has no load
WARNING: [Synth 8-7129] Port s_axi_awlen[1] in module axi_infrastructure_v1_1_0_axi2vector__parameterized0 is either unconnected or has no load
WARNING: [Synth 8-7129] Port s_axi_awlen[0] in module axi_infrastructure_v1_1_0_axi2vector__parameterized0 is either unconnected or has no load
WARNING: [Synth 8-7129] Port s_axi_awsize[2] in module axi_infrastructure_v1_1_0_axi2vector__parameterized0 is either unconnected or has no load
WARNING: [Synth 8-7129] Port s_axi_awsize[1] in module axi_infrastructure_v1_1_0_axi2vector__parameterized0 is either unconnected or has no load
WARNING: [Synth 8-7129] Port s_axi_awsize[0] in module axi_infrastructure_v1_1_0_axi2vector__parameterized0 is either unconnected or has no load
WARNING: [Synth 8-7129] Port s_axi_awburst[1] in module axi_infrastructure_v1_1_0_axi2vector__parameterized0 is either unconnected or has no load
WARNING: [Synth 8-7129] Port s_axi_awburst[0] in module axi_infrastructure_v1_1_0_axi2vector__parameterized0 is either unconnected or has no load
WARNING: [Synth 8-7129] Port s_axi_awlock[0] in module axi_infrastructure_v1_1_0_axi2vector__parameterized0 is either unconnected or has no load
WARNING: [Synth 8-7129] Port s_axi_awcache[3] in module axi_infrastructure_v1_1_0_axi2vector__parameterized0 is either unconnected or has no load
WARNING: [Synth 8-7129] Port s_axi_awcache[2] in module axi_infrastructure_v1_1_0_axi2vector__parameterized0 is either unconnected or has no load
WARNING: [Synth 8-7129] Port s_axi_awcache[1] in module axi_infrastructure_v1_1_0_axi2vector__parameterized0 is either unconnected or has no load
WARNING: [Synth 8-7129] Port s_axi_awcache[0] in module axi_infrastructure_v1_1_0_axi2vector__parameterized0 is either unconnected or has no load
WARNING: [Synth 8-7129] Port s_axi_awregion[3] in module axi_infrastructure_v1_1_0_axi2vector__parameterized0 is either unconnected or has no load
WARNING: [Synth 8-7129] Port s_axi_awregion[2] in module axi_infrastructure_v1_1_0_axi2vector__parameterized0 is either unconnected or has no load
WARNING: [Synth 8-7129] Port s_axi_awregion[1] in module axi_infrastructure_v1_1_0_axi2vector__parameterized0 is either unconnected or has no load
WARNING: [Synth 8-7129] Port s_axi_awregion[0] in module axi_infrastructure_v1_1_0_axi2vector__parameterized0 is either unconnected or has no load
WARNING: [Synth 8-7129] Port s_axi_awqos[3] in module axi_infrastructure_v1_1_0_axi2vector__parameterized0 is either unconnected or has no load
WARNING: [Synth 8-7129] Port s_axi_awqos[2] in module axi_infrastructure_v1_1_0_axi2vector__parameterized0 is either unconnected or has no load
WARNING: [Synth 8-7129] Port s_axi_awqos[1] in module axi_infrastructure_v1_1_0_axi2vector__parameterized0 is either unconnected or has no load
WARNING: [Synth 8-7129] Port s_axi_awqos[0] in module axi_infrastructure_v1_1_0_axi2vector__parameterized0 is either unconnected or has no load
WARNING: [Synth 8-7129] Port s_axi_awuser[0] in module axi_infrastructure_v1_1_0_axi2vector__parameterized0 is either unconnected or has no load
WARNING: [Synth 8-7129] Port s_axi_wid[0] in module axi_infrastructure_v1_1_0_axi2vector__parameterized0 is either unconnected or has no load
WARNING: [Synth 8-7129] Port s_axi_wlast in module axi_infrastructure_v1_1_0_axi2vector__parameterized0 is either unconnected or has no load
WARNING: [Synth 8-7129] Port s_axi_wuser[0] in module axi_infrastructure_v1_1_0_axi2vector__parameterized0 is either unconnected or has no load
WARNING: [Synth 8-7129] Port s_axi_arid[0] in module axi_infrastructure_v1_1_0_axi2vector__parameterized0 is either unconnected or has no load
WARNING: [Synth 8-7129] Port s_axi_arlen[7] in module axi_infrastructure_v1_1_0_axi2vector__parameterized0 is either unconnected or has no load
WARNING: [Synth 8-7129] Port s_axi_arlen[6] in module axi_infrastructure_v1_1_0_axi2vector__parameterized0 is either unconnected or has no load
WARNING: [Synth 8-7129] Port s_axi_arlen[5] in module axi_infrastructure_v1_1_0_axi2vector__parameterized0 is either unconnected or has no load
WARNING: [Synth 8-7129] Port s_axi_arlen[4] in module axi_infrastructure_v1_1_0_axi2vector__parameterized0 is either unconnected or has no load
WARNING: [Synth 8-7129] Port s_axi_arlen[3] in module axi_infrastructure_v1_1_0_axi2vector__parameterized0 is either unconnected or has no load
WARNING: [Synth 8-7129] Port s_axi_arlen[2] in module axi_infrastructure_v1_1_0_axi2vector__parameterized0 is either unconnected or has no load
WARNING: [Synth 8-7129] Port s_axi_arlen[1] in module axi_infrastructure_v1_1_0_axi2vector__parameterized0 is either unconnected or has no load
WARNING: [Synth 8-7129] Port s_axi_arlen[0] in module axi_infrastructure_v1_1_0_axi2vector__parameterized0 is either unconnected or has no load
WARNING: [Synth 8-7129] Port s_axi_arsize[2] in module axi_infrastructure_v1_1_0_axi2vector__parameterized0 is either unconnected or has no load
WARNING: [Synth 8-7129] Port s_axi_arsize[1] in module axi_infrastructure_v1_1_0_axi2vector__parameterized0 is either unconnected or has no load
WARNING: [Synth 8-7129] Port s_axi_arsize[0] in module axi_infrastructure_v1_1_0_axi2vector__parameterized0 is either unconnected or has no load
WARNING: [Synth 8-7129] Port s_axi_arburst[1] in module axi_infrastructure_v1_1_0_axi2vector__parameterized0 is either unconnected or has no load
WARNING: [Synth 8-7129] Port s_axi_arburst[0] in module axi_infrastructure_v1_1_0_axi2vector__parameterized0 is either unconnected or has no load
WARNING: [Synth 8-7129] Port s_axi_arlock[0] in module axi_infrastructure_v1_1_0_axi2vector__parameterized0 is either unconnected or has no load
WARNING: [Synth 8-7129] Port s_axi_arcache[3] in module axi_infrastructure_v1_1_0_axi2vector__parameterized0 is either unconnected or has no load
WARNING: [Synth 8-7129] Port s_axi_arcache[2] in module axi_infrastructure_v1_1_0_axi2vector__parameterized0 is either unconnected or has no load
WARNING: [Synth 8-7129] Port s_axi_arcache[1] in module axi_infrastructure_v1_1_0_axi2vector__parameterized0 is either unconnected or has no load
WARNING: [Synth 8-7129] Port s_axi_arcache[0] in module axi_infrastructure_v1_1_0_axi2vector__parameterized0 is either unconnected or has no load
WARNING: [Synth 8-7129] Port s_axi_arregion[3] in module axi_infrastructure_v1_1_0_axi2vector__parameterized0 is either unconnected or has no load
WARNING: [Synth 8-7129] Port s_axi_arregion[2] in module axi_infrastructure_v1_1_0_axi2vector__parameterized0 is either unconnected or has no load
WARNING: [Synth 8-7129] Port s_axi_arregion[1] in module axi_infrastructure_v1_1_0_axi2vector__parameterized0 is either unconnected or has no load
WARNING: [Synth 8-7129] Port s_axi_arregion[0] in module axi_infrastructure_v1_1_0_axi2vector__parameterized0 is either unconnected or has no load
WARNING: [Synth 8-7129] Port s_axi_arqos[3] in module axi_infrastructure_v1_1_0_axi2vector__parameterized0 is either unconnected or has no load
WARNING: [Synth 8-7129] Port s_axi_arqos[2] in module axi_infrastructure_v1_1_0_axi2vector__parameterized0 is either unconnected or has no load
WARNING: [Synth 8-7129] Port s_axi_arqos[1] in module axi_infrastructure_v1_1_0_axi2vector__parameterized0 is either unconnected or has no load
WARNING: [Synth 8-7129] Port s_axi_arqos[0] in module axi_infrastructure_v1_1_0_axi2vector__parameterized0 is either unconnected or has no load
WARNING: [Synth 8-7129] Port s_axi_aruser[0] in module axi_infrastructure_v1_1_0_axi2vector__parameterized0 is either unconnected or has no load
WARNING: [Synth 8-7129] Port aclk2x in module axi_register_slice_v2_1_28_axi_register_slice__parameterized0 is either unconnected or has no load
WARNING: [Synth 8-7129] Port ACLK in module axi_register_slice_v2_1_28_axic_register_slice__parameterized0 is either unconnected or has no load
WARNING: [Synth 8-7129] Port ARESET in module axi_register_slice_v2_1_28_axic_register_slice__parameterized0 is either unconnected or has no load
WARNING: [Synth 8-7129] Port m_axi_buser[0] in module axi_infrastructure_v1_1_0_vector2axi is either unconnected or has no load
WARNING: [Synth 8-7129] Port m_axi_ruser[0] in module axi_infrastructure_v1_1_0_vector2axi is either unconnected or has no load
WARNING: [Synth 8-7129] Port s_axi_awregion[3] in module axi_infrastructure_v1_1_0_axi2vector is either unconnected or has no load
WARNING: [Synth 8-7129] Port s_axi_awregion[2] in module axi_infrastructure_v1_1_0_axi2vector is either unconnected or has no load
WARNING: [Synth 8-7129] Port s_axi_awregion[1] in module axi_infrastructure_v1_1_0_axi2vector is either unconnected or has no load
WARNING: [Synth 8-7129] Port s_axi_awregion[0] in module axi_infrastructure_v1_1_0_axi2vector is either unconnected or has no load
WARNING: [Synth 8-7129] Port s_axi_awuser[0] in module axi_infrastructure_v1_1_0_axi2vector is either unconnected or has no load
WARNING: [Synth 8-7129] Port s_axi_wuser[0] in module axi_infrastructure_v1_1_0_axi2vector is either unconnected or has no load
WARNING: [Synth 8-7129] Port s_axi_arregion[3] in module axi_infrastructure_v1_1_0_axi2vector is either unconnected or has no load
WARNING: [Synth 8-7129] Port s_axi_arregion[2] in module axi_infrastructure_v1_1_0_axi2vector is either unconnected or has no load
WARNING: [Synth 8-7129] Port s_axi_arregion[1] in module axi_infrastructure_v1_1_0_axi2vector is either unconnected or has no load
WARNING: [Synth 8-7129] Port s_axi_arregion[0] in module axi_infrastructure_v1_1_0_axi2vector is either unconnected or has no load
WARNING: [Synth 8-7129] Port s_axi_aruser[0] in module axi_infrastructure_v1_1_0_axi2vector is either unconnected or has no load
WARNING: [Synth 8-7129] Port aclk2x in module axi_register_slice_v2_1_28_axi_register_slice is either unconnected or has no load
WARNING: [Synth 8-7129] Port s_arlen[7] in module axi_protocol_converter_v2_1_28_b2s_rd_cmd_fsm is either unconnected or has no load
WARNING: [Synth 8-7129] Port s_arlen[6] in module axi_protocol_converter_v2_1_28_b2s_rd_cmd_fsm is either unconnected or has no load
WARNING: [Synth 8-7129] Port s_arlen[5] in module axi_protocol_converter_v2_1_28_b2s_rd_cmd_fsm is either unconnected or has no load
WARNING: [Synth 8-7129] Port s_arlen[4] in module axi_protocol_converter_v2_1_28_b2s_rd_cmd_fsm is either unconnected or has no load
WARNING: [Synth 8-7129] Port s_arlen[3] in module axi_protocol_converter_v2_1_28_b2s_rd_cmd_fsm is either unconnected or has no load
WARNING: [Synth 8-7129] Port s_arlen[2] in module axi_protocol_converter_v2_1_28_b2s_rd_cmd_fsm is either unconnected or has no load
INFO: [Common 17-14] Message 'Synth 8-7129' appears 100 times and further instances of the messages will be disabled. Use the Tcl command set_msg_config to change the current settings.
---------------------------------------------------------------------------------
Finished RTL Elaboration : Time (s): cpu = 00:00:12 ; elapsed = 00:00:15 . Memory (MB): peak = 1712.367 ; gain = 695.684
---------------------------------------------------------------------------------
---------------------------------------------------------------------------------
Start Handling Custom Attributes
---------------------------------------------------------------------------------
---------------------------------------------------------------------------------
Finished Handling Custom Attributes : Time (s): cpu = 00:00:12 ; elapsed = 00:00:15 . Memory (MB): peak = 1712.367 ; gain = 695.684
---------------------------------------------------------------------------------
---------------------------------------------------------------------------------
Finished RTL Optimization Phase 1 : Time (s): cpu = 00:00:12 ; elapsed = 00:00:15 . Memory (MB): peak = 1712.367 ; gain = 695.684
---------------------------------------------------------------------------------
Netlist sorting complete. Time (s): cpu = 00:00:00 ; elapsed = 00:00:00.082 . Memory (MB): peak = 1722.871 ; gain = 0.000
INFO: [Netlist 29-17] Analyzing 13 Unisim elements for replacement
INFO: [Netlist 29-28] Unisim Transformation completed in 0 CPU seconds
INFO: [Project 1-570] Preparing netlist for logic optimization

Processing XDC Constraints
Initializing timing engine
Parsing XDC File [c:/Users/Amine/mas/fpga-repo/rtl/sealed_study2_board/out/proj/sys_study2_board.gen/sources_1/bd/system/ip/system_ps7_0/system_ps7_0.xdc] for cell 'system_i/ps7/inst'
Finished Parsing XDC File [c:/Users/Amine/mas/fpga-repo/rtl/sealed_study2_board/out/proj/sys_study2_board.gen/sources_1/bd/system/ip/system_ps7_0/system_ps7_0.xdc] for cell 'system_i/ps7/inst'
INFO: [Project 1-236] Implementation specific constraints were found while reading constraint file [c:/Users/Amine/mas/fpga-repo/rtl/sealed_study2_board/out/proj/sys_study2_board.gen/sources_1/bd/system/ip/system_ps7_0/system_ps7_0.xdc]. These constraints will be ignored for synthesis but will be used in implementation. Impacted constraints are listed in the file [.Xil/system_wrapper_propImpl.xdc].
Resolution: To avoid this warning, move constraints listed in [.Xil/system_wrapper_propImpl.xdc] to another XDC file and exclude this new file from synthesis with the used_in_synthesis property (File Properties dialog in GUI) and re-run elaboration/synthesis.
Parsing XDC File [c:/Users/Amine/mas/fpga-repo/rtl/sealed_study2_board/out/proj/sys_study2_board.gen/sources_1/bd/system/ip/system_rst_ps7_200M_0/system_rst_ps7_200M_0_board.xdc] for cell 'system_i/rst_ps7_200M/U0'
Finished Parsing XDC File [c:/Users/Amine/mas/fpga-repo/rtl/sealed_study2_board/out/proj/sys_study2_board.gen/sources_1/bd/system/ip/system_rst_ps7_200M_0/system_rst_ps7_200M_0_board.xdc] for cell 'system_i/rst_ps7_200M/U0'
Parsing XDC File [c:/Users/Amine/mas/fpga-repo/rtl/sealed_study2_board/out/proj/sys_study2_board.gen/sources_1/bd/system/ip/system_rst_ps7_200M_0/system_rst_ps7_200M_0.xdc] for cell 'system_i/rst_ps7_200M/U0'
Finished Parsing XDC File [c:/Users/Amine/mas/fpga-repo/rtl/sealed_study2_board/out/proj/sys_study2_board.gen/sources_1/bd/system/ip/system_rst_ps7_200M_0/system_rst_ps7_200M_0.xdc] for cell 'system_i/rst_ps7_200M/U0'
Completed Processing XDC Constraints

Netlist sorting complete. Time (s): cpu = 00:00:00 ; elapsed = 00:00:00.002 . Memory (MB): peak = 1826.043 ; gain = 0.000
INFO: [Project 1-111] Unisim Transformation Summary:
  A total of 13 instances were transformed.
  FDR => FDRE: 12 instances
  SRL16 => SRL16E: 1 instance 

Constraint Validation Runtime : Time (s): cpu = 00:00:00 ; elapsed = 00:00:00.038 . Memory (MB): peak = 1826.043 ; gain = 0.000
---------------------------------------------------------------------------------
Finished Constraint Validation : Time (s): cpu = 00:00:19 ; elapsed = 00:00:23 . Memory (MB): peak = 1826.043 ; gain = 809.359
---------------------------------------------------------------------------------
---------------------------------------------------------------------------------
Start Loading Part and Timing Information
---------------------------------------------------------------------------------
Loading part: xc7z020clg400-1
---------------------------------------------------------------------------------
Finished Loading Part and Timing Information : Time (s): cpu = 00:00:19 ; elapsed = 00:00:23 . Memory (MB): peak = 1826.043 ; gain = 809.359
---------------------------------------------------------------------------------
---------------------------------------------------------------------------------
Start Applying 'set_property' XDC Constraints
---------------------------------------------------------------------------------
Applied set_property KEEP_HIERARCHY = SOFT for system_i. (constraint file  auto generated constraint).
Applied set_property KEEP_HIERARCHY = SOFT for system_i/la0. (constraint file  auto generated constraint).
Applied set_property KEEP_HIERARCHY = SOFT for system_i/dut0. (constraint file  auto generated constraint).
Applied set_property KEEP_HIERARCHY = SOFT for system_i/ps7_axi_periph/s00_couplers/auto_pc. (constraint file  auto generated constraint).
Applied set_property KEEP_HIERARCHY = SOFT for system_i/ps7_axi_periph. (constraint file  auto generated constraint).
Applied set_property KEEP_HIERARCHY = SOFT for system_i/ps7. (constraint file  auto generated constraint).
Applied set_property KEEP_HIERARCHY = SOFT for system_i/ps7/inst. (constraint file  auto generated constraint).
Applied set_property KEEP_HIERARCHY = SOFT for system_i/rst_ps7_200M. (constraint file  auto generated constraint).
Applied set_property KEEP_HIERARCHY = SOFT for system_i/rst_ps7_200M/U0. (constraint file  auto generated constraint).
---------------------------------------------------------------------------------
Finished applying 'set_property' XDC Constraints : Time (s): cpu = 00:00:20 ; elapsed = 00:00:24 . Memory (MB): peak = 1826.043 ; gain = 809.359
---------------------------------------------------------------------------------
INFO: [Synth 8-802] inferred FSM for state register 'state_reg' in module 'la_axi_fast'
INFO: [Synth 8-802] inferred FSM for state register 'state_reg' in module 'axi_protocol_converter_v2_1_28_b2s_wr_cmd_fsm'
INFO: [Synth 8-802] inferred FSM for state register 'state_reg' in module 'axi_protocol_converter_v2_1_28_b2s_rd_cmd_fsm'
---------------------------------------------------------------------------------------------------
                   State |                     New Encoding |                Previous Encoding 
---------------------------------------------------------------------------------------------------
                    IDLE |                               00 |                               00
               CAPTURING |                               01 |                               10
                    DONE |                               10 |                               11
                   ARMED |                               11 |                               01
---------------------------------------------------------------------------------------------------
INFO: [Synth 8-3354] encoded FSM with state register 'state_reg' using encoding 'sequential' in module 'la_axi_fast'
---------------------------------------------------------------------------------------------------
                   State |                     New Encoding |                Previous Encoding 
---------------------------------------------------------------------------------------------------
                 SM_IDLE |                               01 |                               00
               SM_CMD_EN |                               11 |                               01
         SM_CMD_ACCEPTED |                               10 |                               10
            SM_DONE_WAIT |                               00 |                               11
---------------------------------------------------------------------------------------------------
INFO: [Synth 8-3354] encoded FSM with state register 'state_reg' using encoding 'sequential' in module 'axi_protocol_converter_v2_1_28_b2s_wr_cmd_fsm'
---------------------------------------------------------------------------------------------------
                   State |                     New Encoding |                Previous Encoding 
---------------------------------------------------------------------------------------------------
                 SM_IDLE |                               01 |                               00
               SM_CMD_EN |                               11 |                               01
         SM_CMD_ACCEPTED |                               10 |                               10
                 SM_DONE |                               00 |                               11
---------------------------------------------------------------------------------------------------
INFO: [Synth 8-3354] encoded FSM with state register 'state_reg' using encoding 'sequential' in module 'axi_protocol_converter_v2_1_28_b2s_rd_cmd_fsm'
---------------------------------------------------------------------------------
Finished RTL Optimization Phase 2 : Time (s): cpu = 00:00:23 ; elapsed = 00:00:27 . Memory (MB): peak = 1826.043 ; gain = 809.359
---------------------------------------------------------------------------------
---------------------------------------------------------------------------------
Start RTL Component Statistics 
---------------------------------------------------------------------------------
Detailed RTL Component Info : 
+---Adders : 
	   2 Input   24 Bit       Adders := 1     
	   2 Input   12 Bit       Adders := 8     
	   2 Input   11 Bit       Adders := 1     
	   2 Input    9 Bit       Adders := 2     
	   2 Input    8 Bit       Adders := 1     
	   2 Input    6 Bit       Adders := 1     
	   2 Input    5 Bit       Adders := 4     
	   2 Input    4 Bit       Adders := 4     
	   2 Input    2 Bit       Adders := 2     
+---Registers : 
	               66 Bit    Registers := 4     
	               47 Bit    Registers := 2     
	               32 Bit    Registers := 1     
	               24 Bit    Registers := 51    
	               16 Bit    Registers := 49    
	               14 Bit    Registers := 2     
	               12 Bit    Registers := 9     
	                9 Bit    Registers := 2     
	                8 Bit    Registers := 78    
	                6 Bit    Registers := 2     
	                5 Bit    Registers := 4     
	                4 Bit    Registers := 6     
	                3 Bit    Registers := 3     
	                2 Bit    Registers := 9     
	                1 Bit    Registers := 44    
+---RAMs : 
	              32K Bit	(2048 X 16 bit)          RAMs := 1     
+---Muxes : 
	   2 Input   66 Bit        Muxes := 4     
	   2 Input   47 Bit        Muxes := 2     
	   3 Input   32 Bit        Muxes := 1     
	   2 Input   32 Bit        Muxes := 8     
	   2 Input   16 Bit        Muxes := 5     
	   2 Input   14 Bit        Muxes := 2     
	   2 Input   12 Bit        Muxes := 6     
	   4 Input   11 Bit        Muxes := 1     
	   2 Input    9 Bit        Muxes := 4     
	   2 Input    8 Bit        Muxes := 530   
	   2 Input    6 Bit        Muxes := 1     
	   2 Input    5 Bit        Muxes := 4     
	   2 Input    4 Bit        Muxes := 18    
	   4 Input    2 Bit        Muxes := 5     
	   2 Input    2 Bit        Muxes := 19    
	   2 Input    1 Bit        Muxes := 37    
	   3 Input    1 Bit        Muxes := 3     
	   4 Input    1 Bit        Muxes := 4     
---------------------------------------------------------------------------------
Finished RTL Component Statistics 
---------------------------------------------------------------------------------
---------------------------------------------------------------------------------
Start Part Resource Summary
---------------------------------------------------------------------------------
Part Resources:
DSPs: 220 (col length:60)
BRAMs: 280 (col length: RAMB18 60 RAMB36 30)
---------------------------------------------------------------------------------
Finished Part Resource Summary
---------------------------------------------------------------------------------
---------------------------------------------------------------------------------
Start Cross Boundary and Area Optimization
---------------------------------------------------------------------------------
WARNING: [Synth 8-7080] Parallel synthesis criteria is not met
DSP Report: Generating DSP inst/u0/p_reg[33], operation Mode is: (A''*(B:0x30))'.
DSP Report: register inst/u0/xs_reg[32] is absorbed into DSP inst/u0/p_reg[33].
DSP Report: register inst/u0/xs_reg[33] is absorbed into DSP inst/u0/p_reg[33].
DSP Report: register inst/u0/p_reg[33] is absorbed into DSP inst/u0/p_reg[33].
DSP Report: operator inst/u0/p_0_in is absorbed into DSP inst/u0/p_reg[33].
DSP Report: Generating DSP inst/u0/y0, operation Mode is: PCIN+(A2*(B:0x3b))'.
DSP Report: register inst/u0/xs_reg[0] is absorbed into DSP inst/u0/y0.
DSP Report: register inst/u0/p_reg[0] is absorbed into DSP inst/u0/y0.
DSP Report: operator inst/u0/p_33_in is absorbed into DSP inst/u0/y0.
DSP Report: operator inst/u0/y0 is absorbed into DSP inst/u0/y0.
DSP Report: Generating DSP inst/u0/y0, operation Mode is: PCIN+(A''*(B:0xe))'.
DSP Report: register inst/u0/xs_reg[30] is absorbed into DSP inst/u0/y0.
DSP Report: register inst/u0/xs_reg[31] is absorbed into DSP inst/u0/y0.
DSP Report: register inst/u0/p_reg[31] is absorbed into DSP inst/u0/y0.
DSP Report: operator inst/u0/p_2_in is absorbed into DSP inst/u0/y0.
DSP Report: operator inst/u0/y0 is absorbed into DSP inst/u0/y0.
DSP Report: Generating DSP inst/u0/y0, operation Mode is: PCIN+(ACIN*(B:0x35))'.
DSP Report: register inst/u0/p_reg[30] is absorbed into DSP inst/u0/y0.
DSP Report: operator inst/u0/p_3_in is absorbed into DSP inst/u0/y0.
DSP Report: operator inst/u0/y0 is absorbed into DSP inst/u0/y0.
DSP Report: Generating DSP inst/u0/y0, operation Mode is: PCIN+(A''*(B:0xb))'.
DSP Report: register inst/u0/xs_reg[28] is absorbed into DSP inst/u0/y0.
DSP Report: register inst/u0/xs_reg[29] is absorbed into DSP inst/u0/y0.
DSP Report: register inst/u0/p_reg[29] is absorbed into DSP inst/u0/y0.
DSP Report: operator inst/u0/p_4_in is absorbed into DSP inst/u0/y0.
DSP Report: operator inst/u0/y0 is absorbed into DSP inst/u0/y0.
DSP Report: Generating DSP inst/u0/y0, operation Mode is: PCIN+(ACIN*(B:0x5))'.
DSP Report: register inst/u0/p_reg[28] is absorbed into DSP inst/u0/y0.
DSP Report: operator inst/u0/p_5_in is absorbed into DSP inst/u0/y0.
DSP Report: operator inst/u0/y0 is absorbed into DSP inst/u0/y0.
DSP Report: Generating DSP inst/u0/y0, operation Mode is: PCIN+(A''*(B:0x22))'.
DSP Report: register inst/u0/xs_reg[26] is absorbed into DSP inst/u0/y0.
DSP Report: register inst/u0/xs_reg[27] is absorbed into DSP inst/u0/y0.
DSP Report: register inst/u0/p_reg[27] is absorbed into DSP inst/u0/y0.
DSP Report: operator inst/u0/p_6_in is absorbed into DSP inst/u0/y0.
DSP Report: operator inst/u0/y0 is absorbed into DSP inst/u0/y0.
DSP Report: Generating DSP inst/u0/y0, operation Mode is: PCIN+(ACIN*(B:0x12))'.
DSP Report: register inst/u0/p_reg[26] is absorbed into DSP inst/u0/y0.
DSP Report: operator inst/u0/p_7_in is absorbed into DSP inst/u0/y0.
DSP Report: operator inst/u0/y0 is absorbed into DSP inst/u0/y0.
DSP Report: Generating DSP inst/u0/y0, operation Mode is: PCIN+(A''*(B:0xb))'.
DSP Report: register inst/u0/xs_reg[24] is absorbed into DSP inst/u0/y0.
DSP Report: register inst/u0/xs_reg[25] is absorbed into DSP inst/u0/y0.
DSP Report: register inst/u0/p_reg[25] is absorbed into DSP inst/u0/y0.
DSP Report: operator inst/u0/p_8_in is absorbed into DSP inst/u0/y0.
DSP Report: operator inst/u0/y0 is absorbed into DSP inst/u0/y0.
DSP Report: Generating DSP inst/u0/y0, operation Mode is: PCIN+(ACIN*(B:0x1c))'.
DSP Report: register inst/u0/p_reg[24] is absorbed into DSP inst/u0/y0.
DSP Report: operator inst/u0/p_9_in is absorbed into DSP inst/u0/y0.
DSP Report: operator inst/u0/y0 is absorbed into DSP inst/u0/y0.
DSP Report: Generating DSP inst/u0/y0, operation Mode is: PCIN+(A''*(B:0x39))'.
DSP Report: register inst/u0/xs_reg[22] is absorbed into DSP inst/u0/y0.
DSP Report: register inst/u0/xs_reg[23] is absorbed into DSP inst/u0/y0.
DSP Report: register inst/u0/p_reg[23] is absorbed into DSP inst/u0/y0.
DSP Report: operator inst/u0/p_10_in is absorbed into DSP inst/u0/y0.
DSP Report: operator inst/u0/y0 is absorbed into DSP inst/u0/y0.
DSP Report: Generating DSP inst/u0/y0, operation Mode is: PCIN+(ACIN*(B:0x5))'.
DSP Report: register inst/u0/p_reg[22] is absorbed into DSP inst/u0/y0.
DSP Report: operator inst/u0/p_11_in is absorbed into DSP inst/u0/y0.
DSP Report: operator inst/u0/y0 is absorbed into DSP inst/u0/y0.
DSP Report: Generating DSP inst/u0/y0, operation Mode is: PCIN+(A''*(B:0x21))'.
DSP Report: register inst/u0/xs_reg[20] is absorbed into DSP inst/u0/y0.
DSP Report: register inst/u0/xs_reg[21] is absorbed into DSP inst/u0/y0.
DSP Report: register inst/u0/p_reg[21] is absorbed into DSP inst/u0/y0.
DSP Report: operator inst/u0/p_12_in is absorbed into DSP inst/u0/y0.
DSP Report: operator inst/u0/y0 is absorbed into DSP inst/u0/y0.
DSP Report: Generating DSP inst/u0/y0, operation Mode is: PCIN+(ACIN*(B:0x27))'.
DSP Report: register inst/u0/p_reg[20] is absorbed into DSP inst/u0/y0.
DSP Report: operator inst/u0/p_13_in is absorbed into DSP inst/u0/y0.
DSP Report: operator inst/u0/y0 is absorbed into DSP inst/u0/y0.
DSP Report: Generating DSP inst/u0/y0, operation Mode is: PCIN+(A''*(B:0x1a))'.
DSP Report: register inst/u0/xs_reg[18] is absorbed into DSP inst/u0/y0.
DSP Report: register inst/u0/xs_reg[19] is absorbed into DSP inst/u0/y0.
DSP Report: register inst/u0/p_reg[19] is absorbed into DSP inst/u0/y0.
DSP Report: operator inst/u0/p_14_in is absorbed into DSP inst/u0/y0.
DSP Report: operator inst/u0/y0 is absorbed into DSP inst/u0/y0.
DSP Report: Generating DSP inst/u0/y0, operation Mode is: PCIN+(A''*(B:0x17))'.
DSP Report: register inst/u0/xs_reg[17] is absorbed into DSP inst/u0/y0.
DSP Report: register inst/u0/xs_reg[18] is absorbed into DSP inst/u0/y0.
DSP Report: register inst/u0/p_reg[18] is absorbed into DSP inst/u0/y0.
DSP Report: operator inst/u0/p_15_in is absorbed into DSP inst/u0/y0.
DSP Report: operator inst/u0/y0 is absorbed into DSP inst/u0/y0.
DSP Report: Generating DSP inst/u0/y0, operation Mode is: PCIN+(A''*(B:0x1c))'.
DSP Report: register inst/u0/xs_reg[16] is absorbed into DSP inst/u0/y0.
DSP Report: register inst/u0/xs_reg[17] is absorbed into DSP inst/u0/y0.
DSP Report: register inst/u0/p_reg[17] is absorbed into DSP inst/u0/y0.
DSP Report: operator inst/u0/p_16_in is absorbed into DSP inst/u0/y0.
DSP Report: operator inst/u0/y0 is absorbed into DSP inst/u0/y0.
DSP Report: Generating DSP inst/u0/y0, operation Mode is: PCIN+(A''*(B:0x13))'.
DSP Report: register inst/u0/xs_reg[15] is absorbed into DSP inst/u0/y0.
DSP Report: register inst/u0/xs_reg[16] is absorbed into DSP inst/u0/y0.
DSP Report: register inst/u0/p_reg[16] is absorbed into DSP inst/u0/y0.
DSP Report: operator inst/u0/p_17_in is absorbed into DSP inst/u0/y0.
DSP Report: operator inst/u0/y0 is absorbed into DSP inst/u0/y0.
DSP Report: Generating DSP inst/u0/y0, operation Mode is: PCIN+(A''*(B:0x7))'.
DSP Report: register inst/u0/xs_reg[14] is absorbed into DSP inst/u0/y0.
DSP Report: register inst/u0/xs_reg[15] is absorbed into DSP inst/u0/y0.
DSP Report: register inst/u0/p_reg[15] is absorbed into DSP inst/u0/y0.
DSP Report: operator inst/u0/p_18_in is absorbed into DSP inst/u0/y0.
DSP Report: operator inst/u0/y0 is absorbed into DSP inst/u0/y0.
DSP Report: Generating DSP inst/u0/y0, operation Mode is: PCIN+(A''*(B:0x15))'.
DSP Report: register inst/u0/xs_reg[13] is absorbed into DSP inst/u0/y0.
DSP Report: register inst/u0/xs_reg[14] is absorbed into DSP inst/u0/y0.
DSP Report: register inst/u0/p_reg[14] is absorbed into DSP inst/u0/y0.
DSP Report: operator inst/u0/p_19_in is absorbed into DSP inst/u0/y0.
DSP Report: operator inst/u0/y0 is absorbed into DSP inst/u0/y0.
DSP Report: Generating DSP inst/u0/y0, operation Mode is: PCIN+(A''*(B:0x3a))'.
DSP Report: register inst/u0/xs_reg[12] is absorbed into DSP inst/u0/y0.
DSP Report: register inst/u0/xs_reg[13] is absorbed into DSP inst/u0/y0.
DSP Report: register inst/u0/p_reg[13] is absorbed into DSP inst/u0/y0.
DSP Report: operator inst/u0/p_20_in is absorbed into DSP inst/u0/y0.
DSP Report: operator inst/u0/y0 is absorbed into DSP inst/u0/y0.
DSP Report: Generating DSP inst/u0/y0, operation Mode is: PCIN+(A''*(B:0x7))'.
DSP Report: register inst/u0/xs_reg[11] is absorbed into DSP inst/u0/y0.
DSP Report: register inst/u0/xs_reg[12] is absorbed into DSP inst/u0/y0.
DSP Report: register inst/u0/p_reg[12] is absorbed into DSP inst/u0/y0.
DSP Report: operator inst/u0/p_21_in is absorbed into DSP inst/u0/y0.
DSP Report: operator inst/u0/y0 is absorbed into DSP inst/u0/y0.
DSP Report: Generating DSP inst/u0/y0, operation Mode is: PCIN+(A''*(B:0xd))'.
DSP Report: register inst/u0/xs_reg[9] is absorbed into DSP inst/u0/y0.
DSP Report: register inst/u0/xs_reg[10] is absorbed into DSP inst/u0/y0.
DSP Report: register inst/u0/p_reg[10] is absorbed into DSP inst/u0/y0.
DSP Report: operator inst/u0/p_23_in is absorbed into DSP inst/u0/y0.
DSP Report: operator inst/u0/y0 is absorbed into DSP inst/u0/y0.
DSP Report: Generating DSP inst/u0/y0, operation Mode is: PCIN+(A''*(B:0x2a))'.
DSP Report: register inst/u0/xs_reg[8] is absorbed into DSP inst/u0/y0.
DSP Report: register inst/u0/xs_reg[9] is absorbed into DSP inst/u0/y0.
DSP Report: register inst/u0/p_reg[9] is absorbed into DSP inst/u0/y0.
DSP Report: operator inst/u0/p_24_in is absorbed into DSP inst/u0/y0.
DSP Report: operator inst/u0/y0 is absorbed into DSP inst/u0/y0.
DSP Report: Generating DSP inst/u0/y0, operation Mode is: PCIN+(A''*(B:0x2c))'.
DSP Report: register inst/u0/xs_reg[7] is absorbed into DSP inst/u0/y0.
DSP Report: register inst/u0/xs_reg[8] is absorbed into DSP inst/u0/y0.
DSP Report: register inst/u0/p_reg[8] is absorbed into DSP inst/u0/y0.
DSP Report: operator inst/u0/p_25_in is absorbed into DSP inst/u0/y0.
DSP Report: operator inst/u0/y0 is absorbed into DSP inst/u0/y0.
DSP Report: Generating DSP inst/u0/y0, operation Mode is: PCIN+(A''*(B:0x3d))'.
DSP Report: register inst/u0/xs_reg[6] is absorbed into DSP inst/u0/y0.
DSP Report: register inst/u0/xs_reg[7] is absorbed into DSP inst/u0/y0.
DSP Report: register inst/u0/p_reg[7] is absorbed into DSP inst/u0/y0.
DSP Report: operator inst/u0/p_26_in is absorbed into DSP inst/u0/y0.
DSP Report: operator inst/u0/y0 is absorbed into DSP inst/u0/y0.
DSP Report: Generating DSP inst/u0/y0, operation Mode is: PCIN+(A''*(B:0x1f))'.
DSP Report: register inst/u0/xs_reg[5] is absorbed into DSP inst/u0/y0.
DSP Report: register inst/u0/xs_reg[6] is absorbed into DSP inst/u0/y0.
DSP Report: register inst/u0/p_reg[6] is absorbed into DSP inst/u0/y0.
DSP Report: operator inst/u0/p_27_in is absorbed into DSP inst/u0/y0.
DSP Report: operator inst/u0/y0 is absorbed into DSP inst/u0/y0.
DSP Report: Generating DSP inst/u0/y0, operation Mode is: PCIN+(A''*(B:0x5))'.
DSP Report: register inst/u0/xs_reg[4] is absorbed into DSP inst/u0/y0.
DSP Report: register inst/u0/xs_reg[5] is absorbed into DSP inst/u0/y0.
DSP Report: register inst/u0/p_reg[5] is absorbed into DSP inst/u0/y0.
DSP Report: operator inst/u0/p_28_in is absorbed into DSP inst/u0/y0.
DSP Report: operator inst/u0/y0 is absorbed into DSP inst/u0/y0.
DSP Report: Generating DSP inst/u0/y0, operation Mode is: PCIN+(A''*(B:0x38))'.
DSP Report: register inst/u0/xs_reg[3] is absorbed into DSP inst/u0/y0.
DSP Report: register inst/u0/xs_reg[4] is absorbed into DSP inst/u0/y0.
DSP Report: register inst/u0/p_reg[4] is absorbed into DSP inst/u0/y0.
DSP Report: operator inst/u0/p_29_in is absorbed into DSP inst/u0/y0.
DSP Report: operator inst/u0/y0 is absorbed into DSP inst/u0/y0.
DSP Report: Generating DSP inst/u0/y0, operation Mode is: PCIN+(A''*(B:0xd))'.
DSP Report: register inst/u0/xs_reg[2] is absorbed into DSP inst/u0/y0.
DSP Report: register inst/u0/xs_reg[3] is absorbed into DSP inst/u0/y0.
DSP Report: register inst/u0/p_reg[3] is absorbed into DSP inst/u0/y0.
DSP Report: operator inst/u0/p_30_in is absorbed into DSP inst/u0/y0.
DSP Report: operator inst/u0/y0 is absorbed into DSP inst/u0/y0.
DSP Report: Generating DSP inst/u0/y0, operation Mode is: PCIN+(A''*(B:0x18))'.
DSP Report: register inst/u0/xs_reg[1] is absorbed into DSP inst/u0/y0.
DSP Report: register inst/u0/xs_reg[2] is absorbed into DSP inst/u0/y0.
DSP Report: register inst/u0/p_reg[2] is absorbed into DSP inst/u0/y0.
DSP Report: operator inst/u0/p_31_in is absorbed into DSP inst/u0/y0.
DSP Report: operator inst/u0/y0 is absorbed into DSP inst/u0/y0.
DSP Report: Generating DSP inst/u4/t2, operation Mode is: (C:0x38)+A*B2.
DSP Report: register inst/cnt_reg is absorbed into DSP inst/u4/t2.
DSP Report: operator inst/u4/t2 is absorbed into DSP inst/u4/t2.
DSP Report: operator inst/u4/t20 is absorbed into DSP inst/u4/t2.
DSP Report: Generating DSP inst/u4/t3, operation Mode is: (C:0x36)+A*B2.
DSP Report: register inst/cnt_reg is absorbed into DSP inst/u4/t3.
DSP Report: operator inst/u4/t3 is absorbed into DSP inst/u4/t3.
DSP Report: operator inst/u4/t30 is absorbed into DSP inst/u4/t3.
DSP Report: Generating DSP inst/u4/t4, operation Mode is: (C:0x1a)+A*B2.
DSP Report: register inst/cnt_reg is absorbed into DSP inst/u4/t4.
DSP Report: operator inst/u4/t4 is absorbed into DSP inst/u4/t4.
DSP Report: operator inst/u4/t40 is absorbed into DSP inst/u4/t4.
DSP Report: Generating DSP inst/u4/t5, operation Mode is: (C:0x4a)+A*B2.
DSP Report: register inst/cnt_reg is absorbed into DSP inst/u4/t5.
DSP Report: operator inst/u4/t5 is absorbed into DSP inst/u4/t5.
DSP Report: operator inst/u4/t50 is absorbed into DSP inst/u4/t5.
DSP Report: Generating DSP inst/u4/t6, operation Mode is: (C:0x2f)+A*B2.
DSP Report: register inst/cnt_reg is absorbed into DSP inst/u4/t6.
DSP Report: operator inst/u4/t6 is absorbed into DSP inst/u4/t6.
DSP Report: operator inst/u4/t60 is absorbed into DSP inst/u4/t6.
DSP Report: Generating DSP inst/u4/t7, operation Mode is: (C:0xa)+A*B2.
DSP Report: register inst/cnt_reg is absorbed into DSP inst/u4/t7.
DSP Report: operator inst/u4/t7 is absorbed into DSP inst/u4/t7.
DSP Report: operator inst/u4/t70 is absorbed into DSP inst/u4/t7.
DSP Report: Generating DSP inst/u4/t8, operation Mode is: (C:0x60)+A*B2.
DSP Report: register inst/cnt_reg is absorbed into DSP inst/u4/t8.
DSP Report: operator inst/u4/t8 is absorbed into DSP inst/u4/t8.
DSP Report: operator inst/u4/t80 is absorbed into DSP inst/u4/t8.
DSP Report: Generating DSP inst/u4/t9, operation Mode is: (C:0x49)+A*B2.
DSP Report: register inst/cnt_reg is absorbed into DSP inst/u4/t9.
DSP Report: operator inst/u4/t9 is absorbed into DSP inst/u4/t9.
DSP Report: operator inst/u4/t90 is absorbed into DSP inst/u4/t9.
DSP Report: Generating DSP inst/u4/t10, operation Mode is: (C:0x16)+A*B2.
DSP Report: register inst/cnt_reg is absorbed into DSP inst/u4/t10.
DSP Report: operator inst/u4/t10 is absorbed into DSP inst/u4/t10.
DSP Report: operator inst/u4/t100 is absorbed into DSP inst/u4/t10.
DSP Report: Generating DSP inst/u4/t11, operation Mode is: (C:0x35)+A*B2.
DSP Report: register inst/cnt_reg is absorbed into DSP inst/u4/t11.
DSP Report: operator inst/u4/t11 is absorbed into DSP inst/u4/t11.
DSP Report: operator inst/u4/t110 is absorbed into DSP inst/u4/t11.
DSP Report: Generating DSP inst/u4/t12, operation Mode is: (C:0x17)+A*B2.
DSP Report: register inst/cnt_reg is absorbed into DSP inst/u4/t12.
DSP Report: operator inst/u4/t12 is absorbed into DSP inst/u4/t12.
DSP Report: operator inst/u4/t120 is absorbed into DSP inst/u4/t12.
DSP Report: Generating DSP inst/u4/t13, operation Mode is: (C:0x35)+A*B2.
DSP Report: register inst/cnt_reg is absorbed into DSP inst/u4/t13.
DSP Report: operator inst/u4/t13 is absorbed into DSP inst/u4/t13.
DSP Report: operator inst/u4/t130 is absorbed into DSP inst/u4/t13.
DSP Report: Generating DSP inst/u4/t14, operation Mode is: (C:0x4d)+A*B2.
DSP Report: register inst/cnt_reg is absorbed into DSP inst/u4/t14.
DSP Report: operator inst/u4/t14 is absorbed into DSP inst/u4/t14.
DSP Report: operator inst/u4/t140 is absorbed into DSP inst/u4/t14.
DSP Report: Generating DSP inst/u4/t15, operation Mode is: (C:0x20)+A*B2.
DSP Report: register inst/cnt_reg is absorbed into DSP inst/u4/t15.
DSP Report: operator inst/u4/t15 is absorbed into DSP inst/u4/t15.
DSP Report: operator inst/u4/t150 is absorbed into DSP inst/u4/t15.
DSP Report: Generating DSP inst/u4/y_reg, operation Mode is: (C:0x3d)+A*B2.
DSP Report: register inst/cnt_reg is absorbed into DSP inst/u4/y_reg.
DSP Report: register inst/u4/y_reg is absorbed into DSP inst/u4/y_reg.
DSP Report: operator inst/u4/t16 is absorbed into DSP inst/u4/y_reg.
DSP Report: operator inst/u4/t160 is absorbed into DSP inst/u4/y_reg.
INFO: [Synth 8-3936] Found unconnected internal register 'inst/gen_axilite.gen_b2s_conv.axilite_b2s/SI_REG/aw.aw_pipe/m_payload_i_reg' and it is trimmed from '66' to '62' bits. [c:/Users/Amine/mas/fpga-repo/rtl/sealed_study2_board/out/proj/sys_study2_board.gen/sources_1/bd/system/ipshared/87d1/hdl/axi_register_slice_v2_1_vl_rfs.v:1731]
INFO: [Synth 8-3936] Found unconnected internal register 'inst/gen_axilite.gen_b2s_conv.axilite_b2s/SI_REG/ar.ar_pipe/m_payload_i_reg' and it is trimmed from '66' to '62' bits. [c:/Users/Amine/mas/fpga-repo/rtl/sealed_study2_board/out/proj/sys_study2_board.gen/sources_1/bd/system/ipshared/87d1/hdl/axi_register_slice_v2_1_vl_rfs.v:1731]
WARNING: [Synth 8-3332] Sequential element (EXT_LPF/ACTIVE_LOW_EXT.ACT_LO_EXT/GENERATE_LEVEL_P_S_CDC.SINGLE_BIT.CROSS_PLEVEL_IN2SCNDRY_s_level_out_d5) is unused and will be removed from module proc_sys_reset.
WARNING: [Synth 8-3332] Sequential element (EXT_LPF/ACTIVE_LOW_EXT.ACT_LO_EXT/GENERATE_LEVEL_P_S_CDC.SINGLE_BIT.CROSS_PLEVEL_IN2SCNDRY_s_level_out_d6) is unused and will be removed from module proc_sys_reset.
WARNING: [Synth 8-3332] Sequential element (EXT_LPF/ACTIVE_LOW_AUX.ACT_LO_AUX/GENERATE_LEVEL_P_S_CDC.SINGLE_BIT.CROSS_PLEVEL_IN2SCNDRY_IN_cdc_to) is unused and will be removed from module proc_sys_reset.
WARNING: [Synth 8-3332] Sequential element (EXT_LPF/ACTIVE_LOW_AUX.ACT_LO_AUX/GENERATE_LEVEL_P_S_CDC.SINGLE_BIT.CROSS_PLEVEL_IN2SCNDRY_s_level_out_d2) is unused and will be removed from module proc_sys_reset.
WARNING: [Synth 8-3332] Sequential element (EXT_LPF/ACTIVE_LOW_AUX.ACT_LO_AUX/GENERATE_LEVEL_P_S_CDC.SINGLE_BIT.CROSS_PLEVEL_IN2SCNDRY_s_level_out_d3) is unused and will be removed from module proc_sys_reset.
WARNING: [Synth 8-3332] Sequential element (EXT_LPF/ACTIVE_LOW_AUX.ACT_LO_AUX/GENERATE_LEVEL_P_S_CDC.SINGLE_BIT.CROSS_PLEVEL_IN2SCNDRY_s_level_out_d4) is unused and will be removed from module proc_sys_reset.
WARNING: [Synth 8-3332] Sequential element (EXT_LPF/ACTIVE_LOW_AUX.ACT_LO_AUX/GENERATE_LEVEL_P_S_CDC.SINGLE_BIT.CROSS_PLEVEL_IN2SCNDRY_s_level_out_d5) is unused and will be removed from module proc_sys_reset.
WARNING: [Synth 8-3332] Sequential element (EXT_LPF/ACTIVE_LOW_AUX.ACT_LO_AUX/GENERATE_LEVEL_P_S_CDC.SINGLE_BIT.CROSS_PLEVEL_IN2SCNDRY_s_level_out_d6) is unused and will be removed from module proc_sys_reset.
WARNING: [Synth 8-3332] Sequential element (FDRE_inst) is unused and will be removed from module proc_sys_reset.
WARNING: [Synth 8-3332] Sequential element (BSR_OUT_DFF[0].FDRE_BSR) is unused and will be removed from module proc_sys_reset.
WARNING: [Synth 8-3332] Sequential element (ACTIVE_LOW_BSR_OUT_DFF[0].FDRE_BSR_N) is unused and will be removed from module proc_sys_reset.
WARNING: [Synth 8-3332] Sequential element (PR_OUT_DFF[0].FDRE_PER) is unused and will be removed from module proc_sys_reset.
---------------------------------------------------------------------------------
Finished Cross Boundary and Area Optimization : Time (s): cpu = 00:00:45 ; elapsed = 00:00:50 . Memory (MB): peak = 1826.043 ; gain = 809.359
---------------------------------------------------------------------------------
---------------------------------------------------------------------------------
Start ROM, RAM, DSP, Shift Register and Retiming Reporting
---------------------------------------------------------------------------------

Distributed RAM: Preliminary Mapping Report (see note below)
+-------------+-----------------+-----------+----------------------+---------------+
|Module Name  | RTL Object      | Inference | Size (Depth x Width) | Primitives    | 
+-------------+-----------------+-----------+----------------------+---------------+
|system_i/la0 | inst/buffer_reg | Implied   | 2 K x 16             | RAM64M x 192  | 
+-------------+-----------------+-----------+----------------------+---------------+

Note: The table above is a preliminary report that shows the Distributed RAMs at the current stage of the synthesis flow. Some Distributed RAMs may be reimplemented as non Distributed RAM primitives later in the synthesis flow. Multiple instantiated RAMs are reported only once.

DSP: Preliminary Mapping Report (see note below. The ' indicates corresponding REG is set)
+---------------------+-----------------------+--------+--------+--------+--------+--------+------+------+------+------+-------+------+------+
|Module Name          | DSP Mapping           | A Size | B Size | C Size | D Size | P Size | AREG | BREG | CREG | DREG | ADREG | MREG | PREG | 
+---------------------+-----------------------+--------+--------+--------+--------+--------+------+------+------+------+-------+------+------+
|system_dut0_0        | (A''*(B:0x30))'       | 8      | 6      | -      | -      | 14     | 2    | 0    | -    | -    | -     | 1    | 0    | 
|system_dut0_0        | PCIN+(A2*(B:0x3b))'   | 8      | 6      | -      | -      | 15     | 1    | 0    | -    | -    | -     | 1    | 0    | 
|system_dut0_0        | PCIN+(A''*(B:0xe))'   | 8      | 4      | -      | -      | 16     | 2    | 0    | -    | -    | -     | 1    | 0    | 
|sft__fir34_v1_8b__g0 | PCIN+(ACIN*(B:0x35))' | 8      | 6      | -      | -      | 16     | 0    | 0    | -    | -    | -     | 1    | 0    | 
|system_dut0_0        | PCIN+(A''*(B:0xb))'   | 8      | 4      | -      | -      | 16     | 2    | 0    | -    | -    | -     | 1    | 0    | 
|sft__fir34_v1_8b__g0 | PCIN+(ACIN*(B:0x5))'  | 8      | 3      | -      | -      | 16     | 0    | 0    | -    | -    | -     | 1    | 0    | 
|system_dut0_0        | PCIN+(A''*(B:0x22))'  | 8      | 6      | -      | -      | 16     | 2    | 0    | -    | -    | -     | 1    | 0    | 
|sft__fir34_v1_8b__g0 | PCIN+(ACIN*(B:0x12))' | 8      | 5      | -      | -      | 16     | 0    | 0    | -    | -    | -     | 1    | 0    | 
|system_dut0_0        | PCIN+(A''*(B:0xb))'   | 8      | 4      | -      | -      | 16     | 2    | 0    | -    | -    | -     | 1    | 0    | 
|sft__fir34_v1_8b__g0 | PCIN+(ACIN*(B:0x1c))' | 8      | 5      | -      | -      | 16     | 0    | 0    | -    | -    | -     | 1    | 0    | 
|system_dut0_0        | PCIN+(A''*(B:0x39))'  | 8      | 6      | -      | -      | 16     | 2    | 0    | -    | -    | -     | 1    | 0    | 
|sft__fir34_v1_8b__g0 | PCIN+(ACIN*(B:0x5))'  | 8      | 3      | -      | -      | 16     | 0    | 0    | -    | -    | -     | 1    | 0    | 
|system_dut0_0        | PCIN+(A''*(B:0x21))'  | 8      | 6      | -      | -      | 16     | 2    | 0    | -    | -    | -     | 1    | 0    | 
|sft__fir34_v1_8b__g0 | PCIN+(ACIN*(B:0x27))' | 8      | 6      | -      | -      | 16     | 0    | 0    | -    | -    | -     | 1    | 0    | 
|system_dut0_0        | PCIN+(A''*(B:0x1a))'  | 8      | 5      | -      | -      | 16     | 2    | 0    | -    | -    | -     | 1    | 0    | 
|system_dut0_0        | PCIN+(A''*(B:0x17))'  | 8      | 5      | -      | -      | 16     | 2    | 0    | -    | -    | -     | 1    | 0    | 
|system_dut0_0        | PCIN+(A''*(B:0x1c))'  | 8      | 5      | -      | -      | 16     | 2    | 0    | -    | -    | -     | 1    | 0    | 
|system_dut0_0        | PCIN+(A''*(B:0x13))'  | 8      | 5      | -      | -      | 16     | 2    | 0    | -    | -    | -     | 1    | 0    | 
|system_dut0_0        | PCIN+(A''*(B:0x7))'   | 8      | 3      | -      | -      | 16     | 2    | 0    | -    | -    | -     | 1    | 0    | 
|system_dut0_0        | PCIN+(A''*(B:0x15))'  | 8      | 5      | -      | -      | 16     | 2    | 0    | -    | -    | -     | 1    | 0    | 
|system_dut0_0        | PCIN+(A''*(B:0x3a))'  | 8      | 6      | -      | -      | 16     | 2    | 0    | -    | -    | -     | 1    | 0    | 
|system_dut0_0        | PCIN+(A''*(B:0x7))'   | 8      | 3      | -      | -      | 16     | 2    | 0    | -    | -    | -     | 1    | 0    | 
|system_dut0_0        | PCIN+(A''*(B:0xd))'   | 8      | 4      | -      | -      | 16     | 2    | 0    | -    | -    | -     | 1    | 0    | 
|system_dut0_0        | PCIN+(A''*(B:0x2a))'  | 8      | 6      | -      | -      | 16     | 2    | 0    | -    | -    | -     | 1    | 0    | 
|system_dut0_0        | PCIN+(A''*(B:0x2c))'  | 8      | 6      | -      | -      | 16     | 2    | 0    | -    | -    | -     | 1    | 0    | 
|system_dut0_0        | PCIN+(A''*(B:0x3d))'  | 8      | 6      | -      | -      | 16     | 2    | 0    | -    | -    | -     | 1    | 0    | 
|system_dut0_0        | PCIN+(A''*(B:0x1f))'  | 8      | 5      | -      | -      | 16     | 2    | 0    | -    | -    | -     | 1    | 0    | 
|system_dut0_0        | PCIN+(A''*(B:0x5))'   | 8      | 3      | -      | -      | 16     | 2    | 0    | -    | -    | -     | 1    | 0    | 
|system_dut0_0        | PCIN+(A''*(B:0x38))'  | 8      | 6      | -      | -      | 16     | 2    | 0    | -    | -    | -     | 1    | 0    | 
|system_dut0_0        | PCIN+(A''*(B:0xd))'   | 8      | 4      | -      | -      | 16     | 2    | 0    | -    | -    | -     | 1    | 0    | 
|system_dut0_0        | PCIN+(A''*(B:0x18))'  | 8      | 5      | -      | -      | 16     | 2    | 0    | -    | -    | -     | 1    | 0    | 
|system_dut0_0        | (C:0x38)+A*B2         | 14     | 8      | 6      | -      | 16     | 0    | 1    | 0    | -    | -     | 0    | 0    | 
|system_dut0_0        | (C:0x36)+A*B2         | 16     | 8      | 6      | -      | 16     | 0    | 1    | 0    | -    | -     | 0    | 0    | 
|system_dut0_0        | (C:0x1a)+A*B2         | 16     | 8      | 5      | -      | 16     | 0    | 1    | 0    | -    | -     | 0    | 0    | 
|system_dut0_0        | (C:0x4a)+A*B2         | 16     | 8      | 7      | -      | 16     | 0    | 1    | 0    | -    | -     | 0    | 0    | 
|system_dut0_0        | (C:0x2f)+A*B2         | 16     | 8      | 6      | -      | 16     | 0    | 1    | 0    | -    | -     | 0    | 0    | 
|system_dut0_0        | (C:0xa)+A*B2          | 16     | 8      | 4      | -      | 16     | 0    | 1    | 0    | -    | -     | 0    | 0    | 
|system_dut0_0        | (C:0x60)+A*B2         | 16     | 8      | 7      | -      | 16     | 0    | 1    | 0    | -    | -     | 0    | 0    | 
|system_dut0_0        | (C:0x49)+A*B2         | 16     | 8      | 7      | -      | 16     | 0    | 1    | 0    | -    | -     | 0    | 0    | 
|system_dut0_0        | (C:0x16)+A*B2         | 16     | 8      | 5      | -      | 16     | 0    | 1    | 0    | -    | -     | 0    | 0    | 
|system_dut0_0        | (C:0x35)+A*B2         | 16     | 8      | 6      | -      | 16     | 0    | 1    | 0    | -    | -     | 0    | 0    | 
|system_dut0_0        | (C:0x17)+A*B2         | 16     | 8      | 5      | -      | 16     | 0    | 1    | 0    | -    | -     | 0    | 0    | 
|system_dut0_0        | (C:0x35)+A*B2         | 16     | 8      | 6      | -      | 16     | 0    | 1    | 0    | -    | -     | 0    | 0    | 
|system_dut0_0        | (C:0x4d)+A*B2         | 16     | 8      | 7      | -      | 16     | 0    | 1    | 0    | -    | -     | 0    | 0    | 
|system_dut0_0        | (C:0x20)+A*B2         | 16     | 8      | 6      | -      | 16     | 0    | 1    | 0    | -    | -     | 0    | 0    | 
|system_dut0_0        | (C:0x3d)+A*B2         | 16     | 8      | 6      | -      | 16     | 0    | 1    | 0    | -    | -     | 0    | 1    | 
+---------------------+-----------------------+--------+--------+--------+--------+--------+------+------+------+------+-------+------+------+

Note: The table above is a preliminary report that shows the DSPs inferred at the current stage of the synthesis flow. Some DSP may be reimplemented as non DSP primitives later in the synthesis flow. Multiple instantiated DSPs are reported only once.
---------------------------------------------------------------------------------
Finished ROM, RAM, DSP, Shift Register and Retiming Reporting
---------------------------------------------------------------------------------
---------------------------------------------------------------------------------
Start Applying XDC Timing Constraints
---------------------------------------------------------------------------------
---------------------------------------------------------------------------------
Finished Applying XDC Timing Constraints : Time (s): cpu = 00:00:52 ; elapsed = 00:00:58 . Memory (MB): peak = 1826.043 ; gain = 809.359
---------------------------------------------------------------------------------
---------------------------------------------------------------------------------
Start Timing Optimization
---------------------------------------------------------------------------------
---------------------------------------------------------------------------------
Finished Timing Optimization : Time (s): cpu = 00:00:56 ; elapsed = 00:01:02 . Memory (MB): peak = 1845.047 ; gain = 828.363
---------------------------------------------------------------------------------
---------------------------------------------------------------------------------
Start ROM, RAM, DSP, Shift Register and Retiming Reporting
---------------------------------------------------------------------------------

Distributed RAM: Final Mapping Report
+-------------+-----------------+-----------+----------------------+---------------+
|Module Name  | RTL Object      | Inference | Size (Depth x Width) | Primitives    | 
+-------------+-----------------+-----------+----------------------+---------------+
|system_i/la0 | inst/buffer_reg | Implied   | 2 K x 16             | RAM64M x 192  | 
+-------------+-----------------+-----------+----------------------+---------------+

---------------------------------------------------------------------------------
Finished ROM, RAM, DSP, Shift Register and Retiming Reporting
---------------------------------------------------------------------------------
---------------------------------------------------------------------------------
Start Technology Mapping
---------------------------------------------------------------------------------
---------------------------------------------------------------------------------
Finished Technology Mapping : Time (s): cpu = 00:01:02 ; elapsed = 00:01:08 . Memory (MB): peak = 1942.891 ; gain = 926.207
---------------------------------------------------------------------------------
---------------------------------------------------------------------------------
Start IO Insertion
---------------------------------------------------------------------------------
---------------------------------------------------------------------------------
Start Flattening Before IO Insertion
---------------------------------------------------------------------------------
---------------------------------------------------------------------------------
Finished Flattening Before IO Insertion
---------------------------------------------------------------------------------
---------------------------------------------------------------------------------
Start Final Netlist Cleanup
---------------------------------------------------------------------------------
---------------------------------------------------------------------------------
Finished Final Netlist Cleanup
---------------------------------------------------------------------------------
---------------------------------------------------------------------------------
Finished IO Insertion : Time (s): cpu = 00:01:05 ; elapsed = 00:01:12 . Memory (MB): peak = 1950.457 ; gain = 933.773
---------------------------------------------------------------------------------
---------------------------------------------------------------------------------
Start Renaming Generated Instances
---------------------------------------------------------------------------------
---------------------------------------------------------------------------------
Finished Renaming Generated Instances : Time (s): cpu = 00:01:05 ; elapsed = 00:01:12 . Memory (MB): peak = 1950.457 ; gain = 933.773
---------------------------------------------------------------------------------
---------------------------------------------------------------------------------
Start Rebuilding User Hierarchy
---------------------------------------------------------------------------------
---------------------------------------------------------------------------------
Finished Rebuilding User Hierarchy : Time (s): cpu = 00:01:07 ; elapsed = 00:01:13 . Memory (MB): peak = 1950.457 ; gain = 933.773
---------------------------------------------------------------------------------
---------------------------------------------------------------------------------
Start Renaming Generated Ports
---------------------------------------------------------------------------------
---------------------------------------------------------------------------------
Finished Renaming Generated Ports : Time (s): cpu = 00:01:07 ; elapsed = 00:01:13 . Memory (MB): peak = 1950.457 ; gain = 933.773
---------------------------------------------------------------------------------
---------------------------------------------------------------------------------
Start Handling Custom Attributes
---------------------------------------------------------------------------------
---------------------------------------------------------------------------------
Finished Handling Custom Attributes : Time (s): cpu = 00:01:07 ; elapsed = 00:01:13 . Memory (MB): peak = 1950.457 ; gain = 933.773
---------------------------------------------------------------------------------
---------------------------------------------------------------------------------
Start Renaming Generated Nets
---------------------------------------------------------------------------------
---------------------------------------------------------------------------------
Finished Renaming Generated Nets : Time (s): cpu = 00:01:07 ; elapsed = 00:01:13 . Memory (MB): peak = 1950.457 ; gain = 933.773
---------------------------------------------------------------------------------
---------------------------------------------------------------------------------
Start ROM, RAM, DSP, Shift Register and Retiming Reporting
---------------------------------------------------------------------------------

Dynamic Shift Register Report:
+------------+----------------+--------+------------+--------+---------+--------+--------+--------+
|Module Name | RTL Name       | Length | Data Width | SRL16E | SRLC32E | Mux F7 | Mux F8 | Mux F9 | 
+------------+----------------+--------+------------+--------+---------+--------+--------+--------+
|dsrl        | memory_reg[3]  | 20     | 20         | 20     | 0       | 0      | 0      | 0      | 
|dsrl__1     | memory_reg[3]  | 2      | 2          | 2      | 0       | 0      | 0      | 0      | 
|dsrl__2     | memory_reg[31] | 34     | 34         | 0      | 34      | 0      | 0      | 0      | 
|dsrl__3     | memory_reg[31] | 13     | 13         | 0      | 13      | 0      | 0      | 0      | 
+------------+----------------+--------+------------+--------+---------+--------+--------+--------+

---------------------------------------------------------------------------------
Finished ROM, RAM, DSP, Shift Register and Retiming Reporting
---------------------------------------------------------------------------------
---------------------------------------------------------------------------------
Start Writing Synthesis Report
---------------------------------------------------------------------------------

DSP Final Report (the ' indicates corresponding REG is set)
+---------------------+---------------+--------+--------+--------+--------+--------+------+------+------+------+-------+------+------+
|Module Name          | DSP Mapping   | A Size | B Size | C Size | D Size | P Size | AREG | BREG | CREG | DREG | ADREG | MREG | PREG | 
+---------------------+---------------+--------+--------+--------+--------+--------+------+------+------+------+-------+------+------+
|system_dut0_0        | (A''*B)'      | 8      | 6      | -      | -      | 0      | 2    | 0    | -    | -    | -     | 0    | 1    | 
|system_dut0_0        | PCIN+(A''*B)' | 8      | 6      | -      | -      | 0      | 2    | 0    | -    | -    | -     | 1    | 0    | 
|system_dut0_0        | PCIN+(A''*B)' | 8      | 4      | -      | -      | 0      | 2    | 0    | -    | -    | -     | 1    | 0    | 
|sft__fir34_v1_8b__g0 | PCIN+(A*B)'   | 0      | 6      | -      | -      | 0      | 0    | 0    | -    | -    | -     | 1    | 0    | 
|system_dut0_0        | PCIN+(A''*B)' | 8      | 4      | -      | -      | 0      | 2    | 0    | -    | -    | -     | 1    | 0    | 
|sft__fir34_v1_8b__g0 | PCIN+(A*B)'   | 0      | 3      | -      | -      | 0      | 0    | 0    | -    | -    | -     | 1    | 0    | 
|system_dut0_0        | PCIN+(A''*B)' | 8      | 6      | -      | -      | 0      | 2    | 0    | -    | -    | -     | 1    | 0    | 
|sft__fir34_v1_8b__g0 | PCIN+(A*B)'   | 0      | 5      | -      | -      | 0      | 0    | 0    | -    | -    | -     | 1    | 0    | 
|system_dut0_0        | PCIN+(A''*B)' | 8      | 4      | -      | -      | 0      | 2    | 0    | -    | -    | -     | 1    | 0    | 
|sft__fir34_v1_8b__g0 | PCIN+(A*B)'   | 0      | 5      | -      | -      | 0      | 0    | 0    | -    | -    | -     | 1    | 0    | 
|system_dut0_0        | PCIN+(A''*B)' | 8      | 6      | -      | -      | 0      | 2    | 0    | -    | -    | -     | 1    | 0    | 
|sft__fir34_v1_8b__g0 | PCIN+(A*B)'   | 0      | 3      | -      | -      | 0      | 0    | 0    | -    | -    | -     | 1    | 0    | 
|system_dut0_0        | PCIN+(A''*B)' | 8      | 6      | -      | -      | 0      | 2    | 0    | -    | -    | -     | 1    | 0    | 
|sft__fir34_v1_8b__g0 | PCIN+(A*B)'   | 0      | 6      | -      | -      | 0      | 0    | 0    | -    | -    | -     | 1    | 0    | 
|system_dut0_0        | PCIN+(A''*B)' | 8      | 5      | -      | -      | 0      | 2    | 0    | -    | -    | -     | 1    | 0    | 
|system_dut0_0        | PCIN+(A''*B)' | 8      | 5      | -      | -      | 0      | 2    | 0    | -    | -    | -     | 1    | 0    | 
|system_dut0_0        | PCIN+(A''*B)' | 8      | 5      | -      | -      | 0      | 2    | 0    | -    | -    | -     | 1    | 0    | 
|system_dut0_0        | PCIN+(A''*B)' | 8      | 5      | -      | -      | 0      | 2    | 0    | -    | -    | -     | 1    | 0    | 
|system_dut0_0        | PCIN+(A''*B)' | 8      | 3      | -      | -      | 0      | 2    | 0    | -    | -    | -     | 1    | 0    | 
|system_dut0_0        | PCIN+(A''*B)' | 8      | 5      | -      | -      | 0      | 2    | 0    | -    | -    | -     | 1    | 0    | 
|system_dut0_0        | PCIN+(A''*B)' | 8      | 6      | -      | -      | 0      | 2    | 0    | -    | -    | -     | 1    | 0    | 
|system_dut0_0        | PCIN+(A''*B)' | 8      | 3      | -      | -      | 0      | 2    | 0    | -    | -    | -     | 1    | 0    | 
|system_dut0_0        | PCIN+(A''*B)' | 8      | 4      | -      | -      | 0      | 2    | 0    | -    | -    | -     | 1    | 0    | 
|system_dut0_0        | PCIN+(A''*B)' | 8      | 6      | -      | -      | 0      | 2    | 0    | -    | -    | -     | 1    | 0    | 
|system_dut0_0        | PCIN+(A''*B)' | 8      | 6      | -      | -      | 0      | 2    | 0    | -    | -    | -     | 1    | 0    | 
|system_dut0_0        | PCIN+(A''*B)' | 8      | 6      | -      | -      | 0      | 2    | 0    | -    | -    | -     | 1    | 0    | 
|system_dut0_0        | PCIN+(A''*B)' | 8      | 5      | -      | -      | 0      | 2    | 0    | -    | -    | -     | 1    | 0    | 
|system_dut0_0        | PCIN+(A''*B)' | 8      | 3      | -      | -      | 0      | 2    | 0    | -    | -    | -     | 1    | 0    | 
|system_dut0_0        | PCIN+(A''*B)' | 8      | 6      | -      | -      | 0      | 2    | 0    | -    | -    | -     | 1    | 0    | 
|system_dut0_0        | PCIN+(A''*B)' | 8      | 4      | -      | -      | 0      | 2    | 0    | -    | -    | -     | 1    | 0    | 
|system_dut0_0        | PCIN+(A''*B)' | 8      | 5      | -      | -      | 16     | 2    | 0    | -    | -    | -     | 1    | 0    | 
|system_dut0_0        | C+A*B'        | 14     | 8      | 6      | -      | 16     | 0    | 1    | 1    | -    | -     | 0    | 0    | 
|system_dut0_0        | C+A*B'        | 16     | 8      | 6      | -      | 16     | 0    | 1    | 1    | -    | -     | 0    | 0    | 
|system_dut0_0        | C+A*B'        | 16     | 8      | 5      | -      | 16     | 0    | 1    | 1    | -    | -     | 0    | 0    | 
|system_dut0_0        | C+A*B'        | 16     | 8      | 7      | -      | 16     | 0    | 1    | 1    | -    | -     | 0    | 0    | 
|system_dut0_0        | C+A*B'        | 16     | 8      | 6      | -      | 16     | 0    | 1    | 1    | -    | -     | 0    | 0    | 
|system_dut0_0        | C+A*B'        | 16     | 8      | 4      | -      | 16     | 0    | 1    | 1    | -    | -     | 0    | 0    | 
|system_dut0_0        | C+A*B'        | 16     | 8      | 7      | -      | 16     | 0    | 1    | 1    | -    | -     | 0    | 0    | 
|system_dut0_0        | C+A*B'        | 16     | 8      | 7      | -      | 16     | 0    | 1    | 1    | -    | -     | 0    | 0    | 
|system_dut0_0        | C+A*B'        | 16     | 8      | 5      | -      | 16     | 0    | 1    | 1    | -    | -     | 0    | 0    | 
|system_dut0_0        | C+A*B'        | 16     | 8      | 6      | -      | 16     | 0    | 1    | 1    | -    | -     | 0    | 0    | 
|system_dut0_0        | C+A*B'        | 16     | 8      | 5      | -      | 16     | 0    | 1    | 1    | -    | -     | 0    | 0    | 
|system_dut0_0        | C+A*B'        | 16     | 8      | 6      | -      | 16     | 0    | 1    | 1    | -    | -     | 0    | 0    | 
|system_dut0_0        | C+A*B'        | 16     | 8      | 7      | -      | 16     | 0    | 1    | 1    | -    | -     | 0    | 0    | 
|system_dut0_0        | C+A*B'        | 16     | 8      | 6      | -      | 16     | 0    | 1    | 1    | -    | -     | 0    | 0    | 
|system_dut0_0        | (C+A*B')'     | 16     | 8      | 6      | -      | 16     | 0    | 1    | 1    | -    | -     | 0    | 1    | 
+---------------------+---------------+--------+--------+--------+--------+--------+------+------+------+------+-------+------+------+


Report BlackBoxes: 
+-+--------------+----------+
| |BlackBox name |Instances |
+-+--------------+----------+
+-+--------------+----------+

Report Cell Usage: 
+------+---------+------+
|      |Cell     |Count |
+------+---------+------+
|1     |BIBUF    |   130|
|2     |BUFG     |     1|
|3     |CARRY4   |   958|
|4     |DSP48E1  |    46|
|10    |LUT1     |   155|
|11    |LUT2     |  1490|
|12    |LUT3     |  1677|
|13    |LUT4     |  1208|
|14    |LUT5     |  1984|
|15    |LUT6     |  1970|
|16    |MUXF7    |    88|
|17    |MUXF8    |    32|
|18    |PS7      |     1|
|19    |RAM64M   |   160|
|20    |RAM64X1D |    32|
|21    |SRL16    |     1|
|22    |SRL16E   |    16|
|23    |SRLC32E  |    29|
|24    |FDR      |     4|
|25    |FDRE     |  1981|
|26    |FDSE     |    19|
+------+---------+------+
---------------------------------------------------------------------------------
Finished Writing Synthesis Report : Time (s): cpu = 00:01:07 ; elapsed = 00:01:14 . Memory (MB): peak = 1950.457 ; gain = 933.773
---------------------------------------------------------------------------------
Synthesis finished with 0 errors, 0 critical warnings and 156 warnings.
Synthesis Optimization Runtime : Time (s): cpu = 00:00:52 ; elapsed = 00:01:11 . Memory (MB): peak = 1950.457 ; gain = 820.098
Synthesis Optimization Complete : Time (s): cpu = 00:01:07 ; elapsed = 00:01:14 . Memory (MB): peak = 1950.457 ; gain = 933.773
INFO: [Project 1-571] Translating synthesized netlist
Netlist sorting complete. Time (s): cpu = 00:00:00 ; elapsed = 00:00:00.101 . Memory (MB): peak = 1962.570 ; gain = 0.000
INFO: [Netlist 29-17] Analyzing 1321 Unisim elements for replacement
INFO: [Netlist 29-28] Unisim Transformation completed in 0 CPU seconds
INFO: [Project 1-570] Preparing netlist for logic optimization
Parsing XDC File [c:/Users/Amine/mas/fpga-repo/rtl/sealed_study2_board/out/proj/sys_study2_board.gen/sources_1/bd/system/ip/system_ps7_0/system_ps7_0.xdc] for cell 'system_i/ps7/inst'
Finished Parsing XDC File [c:/Users/Amine/mas/fpga-repo/rtl/sealed_study2_board/out/proj/sys_study2_board.gen/sources_1/bd/system/ip/system_ps7_0/system_ps7_0.xdc] for cell 'system_i/ps7/inst'
Parsing XDC File [c:/Users/Amine/mas/fpga-repo/rtl/sealed_study2_board/out/proj/sys_study2_board.gen/sources_1/bd/system/ip/system_rst_ps7_200M_0/system_rst_ps7_200M_0_board.xdc] for cell 'system_i/rst_ps7_200M/U0'
Finished Parsing XDC File [c:/Users/Amine/mas/fpga-repo/rtl/sealed_study2_board/out/proj/sys_study2_board.gen/sources_1/bd/system/ip/system_rst_ps7_200M_0/system_rst_ps7_200M_0_board.xdc] for cell 'system_i/rst_ps7_200M/U0'
Parsing XDC File [c:/Users/Amine/mas/fpga-repo/rtl/sealed_study2_board/out/proj/sys_study2_board.gen/sources_1/bd/system/ip/system_rst_ps7_200M_0/system_rst_ps7_200M_0.xdc] for cell 'system_i/rst_ps7_200M/U0'
Finished Parsing XDC File [c:/Users/Amine/mas/fpga-repo/rtl/sealed_study2_board/out/proj/sys_study2_board.gen/sources_1/bd/system/ip/system_rst_ps7_200M_0/system_rst_ps7_200M_0.xdc] for cell 'system_i/rst_ps7_200M/U0'
INFO: [Opt 31-138] Pushed 0 inverter(s) to 0 load pin(s).
Netlist sorting complete. Time (s): cpu = 00:00:00 ; elapsed = 00:00:00.003 . Memory (MB): peak = 1972.262 ; gain = 0.000
INFO: [Project 1-111] Unisim Transformation Summary:
  A total of 197 instances were transformed.
  FDR => FDRE: 4 instances
  RAM64M => RAM64M (RAMD64E(x4)): 160 instances
  RAM64X1D => RAM64X1D (RAMD64E(x2)): 32 instances
  SRL16 => SRL16E: 1 instance 

Synth Design complete | Checksum: 84e53566
INFO: [Common 17-83] Releasing license: Synthesis
163 Infos, 185 Warnings, 0 Critical Warnings and 0 Errors encountered.
synth_design completed successfully
synth_design: Time (s): cpu = 00:01:13 ; elapsed = 00:01:25 . Memory (MB): peak = 1972.262 ; gain = 1105.027
# write_checkpoint -force [file join $OUT post_synth.dcp]
INFO: [Timing 38-480] Writing timing data to binary archive.
Writing XDEF routing.
Writing XDEF routing logical nets.
Writing XDEF routing special nets.
Write XDEF Complete: Time (s): cpu = 00:00:00 ; elapsed = 00:00:00.093 . Memory (MB): peak = 1972.262 ; gain = 0.000
INFO: [Common 17-1381] The checkpoint 'C:/Users/Amine/mas/fpga-repo/rtl/sealed_study2_board/out/post_synth.dcp' has been generated.
# report_utilization -file [file join $OUT utilization_post_synth.rpt]
# opt_design
Command: opt_design
Attempting to get a license for feature 'Implementation' and/or device 'xc7z020'
INFO: [Common 17-349] Got license for feature 'Implementation' and/or device 'xc7z020'
Running DRC as a precondition to command opt_design

Starting DRC Task
INFO: [DRC 23-27] Running DRC with 2 threads
INFO: [Project 1-461] DRC finished with 0 Errors
INFO: [Project 1-462] Please refer to the DRC report (report_drc) for more information.

Time (s): cpu = 00:00:01 ; elapsed = 00:00:01 . Memory (MB): peak = 1972.262 ; gain = 0.000

Starting Cache Timing Information Task
INFO: [Timing 38-35] Done setting XDC timing constraints.
Ending Cache Timing Information Task | Checksum: 184a21013

Time (s): cpu = 00:00:02 ; elapsed = 00:00:03 . Memory (MB): peak = 1972.262 ; gain = 0.000

Starting Logic Optimization Task

Phase 1 Retarget
INFO: [Opt 31-138] Pushed 0 inverter(s) to 0 load pin(s).
INFO: [Opt 31-49] Retargeted 0 cell(s).
Phase 1 Retarget | Checksum: 1613c9a21

Time (s): cpu = 00:00:00 ; elapsed = 00:00:00.487 . Memory (MB): peak = 2217.211 ; gain = 0.000
INFO: [Opt 31-389] Phase Retarget created 0 cells and removed 24 cells

Phase 2 Constant propagation
INFO: [Opt 31-138] Pushed 0 inverter(s) to 0 load pin(s).
Phase 2 Constant propagation | Checksum: 1c5bf06ee

Time (s): cpu = 00:00:00 ; elapsed = 00:00:00.585 . Memory (MB): peak = 2217.211 ; gain = 0.000
INFO: [Opt 31-389] Phase Constant propagation created 0 cells and removed 0 cells

Phase 3 Sweep
Phase 3 Sweep | Checksum: 17ef44618

Time (s): cpu = 00:00:01 ; elapsed = 00:00:00.792 . Memory (MB): peak = 2217.211 ; gain = 0.000
INFO: [Opt 31-389] Phase Sweep created 0 cells and removed 0 cells

Phase 4 BUFG optimization
Phase 4 BUFG optimization | Checksum: 17ef44618

Time (s): cpu = 00:00:01 ; elapsed = 00:00:00.910 . Memory (MB): peak = 2217.211 ; gain = 0.000
INFO: [Opt 31-662] Phase BUFG optimization created 0 cells of which 0 are BUFGs and removed 0 cells.

Phase 5 Shift Register Optimization
INFO: [Opt 31-1064] SRL Remap converted 0 SRLs to 0 registers and converted 0 registers of register chains to 0 SRLs
Phase 5 Shift Register Optimization | Checksum: 158d2c2c0

Time (s): cpu = 00:00:01 ; elapsed = 00:00:01 . Memory (MB): peak = 2217.211 ; gain = 0.000
INFO: [Opt 31-389] Phase Shift Register Optimization created 0 cells and removed 0 cells

Phase 6 Post Processing Netlist
Phase 6 Post Processing Netlist | Checksum: 158d2c2c0

Time (s): cpu = 00:00:01 ; elapsed = 00:00:01 . Memory (MB): peak = 2217.211 ; gain = 0.000
INFO: [Opt 31-389] Phase Post Processing Netlist created 0 cells and removed 0 cells
Opt_design Change Summary
=========================


-------------------------------------------------------------------------------------------------------------------------
|  Phase                        |  #Cells created  |  #Cells Removed  |  #Constrained objects preventing optimizations  |
-------------------------------------------------------------------------------------------------------------------------
|  Retarget                     |               0  |              24  |                                              0  |
|  Constant propagation         |               0  |               0  |                                              0  |
|  Sweep                        |               0  |               0  |                                              0  |
|  BUFG optimization            |               0  |               0  |                                              0  |
|  Shift Register Optimization  |               0  |               0  |                                              0  |
|  Post Processing Netlist      |               0  |               0  |                                              0  |
-------------------------------------------------------------------------------------------------------------------------



Starting Connectivity Check Task

Time (s): cpu = 00:00:00 ; elapsed = 00:00:00.019 . Memory (MB): peak = 2217.211 ; gain = 0.000
Ending Logic Optimization Task | Checksum: 158d2c2c0

Time (s): cpu = 00:00:01 ; elapsed = 00:00:01 . Memory (MB): peak = 2217.211 ; gain = 0.000

Starting Power Optimization Task
INFO: [Pwropt 34-132] Skipping clock gating for clocks with a period < 2.00 ns.
Ending Power Optimization Task | Checksum: 158d2c2c0

Time (s): cpu = 00:00:00 ; elapsed = 00:00:00.035 . Memory (MB): peak = 2217.211 ; gain = 0.000

Starting Final Cleanup Task
Ending Final Cleanup Task | Checksum: 158d2c2c0

Time (s): cpu = 00:00:00 ; elapsed = 00:00:00.003 . Memory (MB): peak = 2217.211 ; gain = 0.000

Starting Netlist Obfuscation Task
Netlist sorting complete. Time (s): cpu = 00:00:00 ; elapsed = 00:00:00.002 . Memory (MB): peak = 2217.211 ; gain = 0.000
Ending Netlist Obfuscation Task | Checksum: 158d2c2c0

Time (s): cpu = 00:00:00 ; elapsed = 00:00:00.006 . Memory (MB): peak = 2217.211 ; gain = 0.000
INFO: [Common 17-83] Releasing license: Implementation
17 Infos, 0 Warnings, 0 Critical Warnings and 0 Errors encountered.
opt_design completed successfully
opt_design: Time (s): cpu = 00:00:07 ; elapsed = 00:00:08 . Memory (MB): peak = 2217.211 ; gain = 244.949
# place_design
Command: place_design
Attempting to get a license for feature 'Implementation' and/or device 'xc7z020'
INFO: [Common 17-349] Got license for feature 'Implementation' and/or device 'xc7z020'
INFO: [DRC 23-27] Running DRC with 2 threads
INFO: [Vivado_Tcl 4-198] DRC finished with 0 Errors
INFO: [Vivado_Tcl 4-199] Please refer to the DRC report (report_drc) for more information.
Running DRC as a precondition to command place_design
INFO: [DRC 23-27] Running DRC with 2 threads
INFO: [Vivado_Tcl 4-198] DRC finished with 0 Errors
INFO: [Vivado_Tcl 4-199] Please refer to the DRC report (report_drc) for more information.

Starting Placer Task
INFO: [Place 30-611] Multithreading enabled for place_design using a maximum of 2 CPUs

Phase 1 Placer Initialization

Phase 1.1 Placer Initialization Netlist Sorting
Netlist sorting complete. Time (s): cpu = 00:00:00 ; elapsed = 00:00:00.003 . Memory (MB): peak = 2217.211 ; gain = 0.000
Phase 1.1 Placer Initialization Netlist Sorting | Checksum: 125ebdfb7

Time (s): cpu = 00:00:00 ; elapsed = 00:00:00.033 . Memory (MB): peak = 2217.211 ; gain = 0.000
Netlist sorting complete. Time (s): cpu = 00:00:00 ; elapsed = 00:00:00.003 . Memory (MB): peak = 2217.211 ; gain = 0.000

Phase 1.2 IO Placement/ Clock Placement/ Build Placer Device
INFO: [Timing 38-35] Done setting XDC timing constraints.
Phase 1.2 IO Placement/ Clock Placement/ Build Placer Device | Checksum: 83c936be

Time (s): cpu = 00:00:01 ; elapsed = 00:00:01 . Memory (MB): peak = 2217.211 ; gain = 0.000

Phase 1.3 Build Placer Netlist Model
Phase 1.3 Build Placer Netlist Model | Checksum: 19c755dde

Time (s): cpu = 00:00:04 ; elapsed = 00:00:03 . Memory (MB): peak = 2217.211 ; gain = 0.000

Phase 1.4 Constrain Clocks/Macros
Phase 1.4 Constrain Clocks/Macros | Checksum: 19c755dde

Time (s): cpu = 00:00:04 ; elapsed = 00:00:03 . Memory (MB): peak = 2217.211 ; gain = 0.000
Phase 1 Placer Initialization | Checksum: 19c755dde

Time (s): cpu = 00:00:04 ; elapsed = 00:00:03 . Memory (MB): peak = 2217.211 ; gain = 0.000

Phase 2 Global Placement

Phase 2.1 Floorplanning
Phase 2.1 Floorplanning | Checksum: 11189dd85

Time (s): cpu = 00:00:05 ; elapsed = 00:00:04 . Memory (MB): peak = 2217.211 ; gain = 0.000

Phase 2.2 Update Timing before SLR Path Opt
Phase 2.2 Update Timing before SLR Path Opt | Checksum: 1966fd421

Time (s): cpu = 00:00:06 ; elapsed = 00:00:05 . Memory (MB): peak = 2217.211 ; gain = 0.000

Phase 2.3 Post-Processing in Floorplanning
Phase 2.3 Post-Processing in Floorplanning | Checksum: 1966fd421

Time (s): cpu = 00:00:06 ; elapsed = 00:00:05 . Memory (MB): peak = 2217.211 ; gain = 0.000

Phase 2.4 Global Placement Core

Phase 2.4.1 UpdateTiming Before Physical Synthesis
Phase 2.4.1 UpdateTiming Before Physical Synthesis | Checksum: 28a5b4cdb

Time (s): cpu = 00:00:22 ; elapsed = 00:00:15 . Memory (MB): peak = 2217.211 ; gain = 0.000

Phase 2.4.2 Physical Synthesis In Placer
INFO: [Physopt 32-1035] Found 938 LUTNM shape to break, 23 LUT instances to create LUTNM shape
INFO: [Physopt 32-1044] Break lutnm for timing: one critical 1, two critical 937, total 938, new lutff created 0
INFO: [Physopt 32-1138] End 1 Pass. Optimized 947 nets or LUTs. Breaked 938 LUTs, combined 9 existing LUTs and moved 0 existing LUT
INFO: [Physopt 32-65] No nets found for high-fanout optimization.
INFO: [Physopt 32-232] Optimized 0 net. Created 0 new instance.
INFO: [Physopt 32-775] End 1 Pass. Optimized 0 net or cell. Created 0 new cell, deleted 0 existing cell and moved 0 existing cell
INFO: [Physopt 32-456] No candidate cells for DSP register optimization found in the design.
INFO: [Physopt 32-775] End 2 Pass. Optimized 0 net or cell. Created 0 new cell, deleted 0 existing cell and moved 0 existing cell
INFO: [Physopt 32-1123] No candidate cells found for Shift Register to Pipeline optimization
INFO: [Physopt 32-775] End 2 Pass. Optimized 0 net or cell. Created 0 new cell, deleted 0 existing cell and moved 0 existing cell
INFO: [Physopt 32-677] No candidate cells for Shift Register optimization found in the design
INFO: [Physopt 32-775] End 1 Pass. Optimized 0 net or cell. Created 0 new cell, deleted 0 existing cell and moved 0 existing cell
INFO: [Physopt 32-526] No candidate cells for BRAM register optimization found in the design
INFO: [Physopt 32-775] End 1 Pass. Optimized 0 net or cell. Created 0 new cell, deleted 0 existing cell and moved 0 existing cell
INFO: [Physopt 32-846] No candidate cells for URAM register optimization found in the design
INFO: [Physopt 32-775] End 1 Pass. Optimized 0 net or cell. Created 0 new cell, deleted 0 existing cell and moved 0 existing cell
INFO: [Physopt 32-846] No candidate cells for URAM register optimization found in the design
INFO: [Physopt 32-775] End 1 Pass. Optimized 0 net or cell. Created 0 new cell, deleted 0 existing cell and moved 0 existing cell
INFO: [Physopt 32-949] No candidate nets found for dynamic/static region interface net replication
INFO: [Physopt 32-775] End 1 Pass. Optimized 0 net or cell. Created 0 new cell, deleted 0 existing cell and moved 0 existing cell
Netlist sorting complete. Time (s): cpu = 00:00:00 ; elapsed = 00:00:00.003 . Memory (MB): peak = 2217.211 ; gain = 0.000

Summary of Physical Synthesis Optimizations
============================================


-----------------------------------------------------------------------------------------------------------------------------------------------------------
|  Optimization                                     |  Added Cells  |  Removed Cells  |  Optimized Cells/Nets  |  Dont Touch  |  Iterations  |  Elapsed   |
-----------------------------------------------------------------------------------------------------------------------------------------------------------
|  LUT Combining                                    |          938  |              9  |                   947  |           0  |           1  |  00:00:00  |
|  Retime                                           |            0  |              0  |                     0  |           0  |           1  |  00:00:00  |
|  Very High Fanout                                 |            0  |              0  |                     0  |           0  |           1  |  00:00:00  |
|  DSP Register                                     |            0  |              0  |                     0  |           0  |           1  |  00:00:00  |
|  Shift Register to Pipeline                       |            0  |              0  |                     0  |           0  |           1  |  00:00:00  |
|  Shift Register                                   |            0  |              0  |                     0  |           0  |           1  |  00:00:00  |
|  BRAM Register                                    |            0  |              0  |                     0  |           0  |           1  |  00:00:00  |
|  URAM Register                                    |            0  |              0  |                     0  |           0  |           1  |  00:00:00  |
|  Dynamic/Static Region Interface Net Replication  |            0  |              0  |                     0  |           0  |           1  |  00:00:00  |
|  Total                                            |          938  |              9  |                   947  |           0  |           9  |  00:00:00  |
-----------------------------------------------------------------------------------------------------------------------------------------------------------


Phase 2.4.2 Physical Synthesis In Placer | Checksum: 1a98ff86b

Time (s): cpu = 00:00:24 ; elapsed = 00:00:16 . Memory (MB): peak = 2217.211 ; gain = 0.000
Phase 2.4 Global Placement Core | Checksum: 27b58d0d3

Time (s): cpu = 00:00:24 ; elapsed = 00:00:16 . Memory (MB): peak = 2217.211 ; gain = 0.000
Phase 2 Global Placement | Checksum: 27b58d0d3

Time (s): cpu = 00:00:24 ; elapsed = 00:00:16 . Memory (MB): peak = 2217.211 ; gain = 0.000

Phase 3 Detail Placement

Phase 3.1 Commit Multi Column Macros
Phase 3.1 Commit Multi Column Macros | Checksum: 27f4bfa2d

Time (s): cpu = 00:00:25 ; elapsed = 00:00:17 . Memory (MB): peak = 2217.211 ; gain = 0.000

Phase 3.2 Commit Most Macros & LUTRAMs
Phase 3.2 Commit Most Macros & LUTRAMs | Checksum: 10f5a8502

Time (s): cpu = 00:00:27 ; elapsed = 00:00:18 . Memory (MB): peak = 2217.211 ; gain = 0.000

Phase 3.3 Area Swap Optimization
Phase 3.3 Area Swap Optimization | Checksum: 121220a08

Time (s): cpu = 00:00:27 ; elapsed = 00:00:18 . Memory (MB): peak = 2217.211 ; gain = 0.000

Phase 3.4 Pipeline Register Optimization
Phase 3.4 Pipeline Register Optimization | Checksum: 16ae4e78d

Time (s): cpu = 00:00:27 ; elapsed = 00:00:18 . Memory (MB): peak = 2217.211 ; gain = 0.000

Phase 3.5 Fast Optimization
Phase 3.5 Fast Optimization | Checksum: 123ce5e8a

Time (s): cpu = 00:00:30 ; elapsed = 00:00:21 . Memory (MB): peak = 2217.211 ; gain = 0.000

Phase 3.6 Small Shape Detail Placement
Phase 3.6 Small Shape Detail Placement | Checksum: 1c58f45d5

Time (s): cpu = 00:00:33 ; elapsed = 00:00:24 . Memory (MB): peak = 2217.211 ; gain = 0.000

Phase 3.7 Re-assign LUT pins
Phase 3.7 Re-assign LUT pins | Checksum: 23f1673b1

Time (s): cpu = 00:00:33 ; elapsed = 00:00:24 . Memory (MB): peak = 2217.211 ; gain = 0.000

Phase 3.8 Pipeline Register Optimization
Phase 3.8 Pipeline Register Optimization | Checksum: 21182d50d

Time (s): cpu = 00:00:33 ; elapsed = 00:00:24 . Memory (MB): peak = 2217.211 ; gain = 0.000

Phase 3.9 Fast Optimization
Phase 3.9 Fast Optimization | Checksum: f1366ec1

Time (s): cpu = 00:00:39 ; elapsed = 00:00:29 . Memory (MB): peak = 2217.211 ; gain = 0.000
Phase 3 Detail Placement | Checksum: f1366ec1

Time (s): cpu = 00:00:39 ; elapsed = 00:00:29 . Memory (MB): peak = 2217.211 ; gain = 0.000

Phase 4 Post Placement Optimization and Clean-Up

Phase 4.1 Post Commit Optimization
INFO: [Timing 38-35] Done setting XDC timing constraints.

Phase 4.1.1 Post Placement Optimization
Post Placement Optimization Initialization | Checksum: f0eb4057

Phase 4.1.1.1 BUFG Insertion

Starting Physical Synthesis Task

Phase 1 Physical Synthesis Initialization
INFO: [Physopt 32-721] Multithreading enabled for phys_opt_design using a maximum of 2 CPUs
INFO: [Physopt 32-619] Estimated Timing Summary | WNS=-72.856 | TNS=-4415.051 |
Phase 1 Physical Synthesis Initialization | Checksum: dcc110ef

Time (s): cpu = 00:00:01 ; elapsed = 00:00:00.319 . Memory (MB): peak = 2217.211 ; gain = 0.000
INFO: [Place 46-56] BUFG insertion identified 0 candidate nets. Inserted BUFG: 0, Replicated BUFG Driver: 0, Skipped due to Placement/Routing Conflicts: 0, Skipped due to Timing Degradation: 0, Skipped due to netlist editing failed: 0.
Ending Physical Synthesis Task | Checksum: dcc110ef

Time (s): cpu = 00:00:01 ; elapsed = 00:00:00.513 . Memory (MB): peak = 2217.211 ; gain = 0.000
Phase 4.1.1.1 BUFG Insertion | Checksum: f0eb4057

Time (s): cpu = 00:00:42 ; elapsed = 00:00:32 . Memory (MB): peak = 2217.211 ; gain = 0.000

Phase 4.1.1.2 Post Placement Timing Optimization
INFO: [Place 30-746] Post Placement Timing Summary WNS=-72.416. For the most accurate timing information please run report_timing.
Phase 4.1.1.2 Post Placement Timing Optimization | Checksum: 1c0f5d362

Time (s): cpu = 00:00:52 ; elapsed = 00:00:40 . Memory (MB): peak = 2237.352 ; gain = 20.141

Time (s): cpu = 00:00:52 ; elapsed = 00:00:40 . Memory (MB): peak = 2237.352 ; gain = 20.141
Phase 4.1 Post Commit Optimization | Checksum: 1c0f5d362

Time (s): cpu = 00:00:53 ; elapsed = 00:00:41 . Memory (MB): peak = 2237.352 ; gain = 20.141

Phase 4.2 Post Placement Cleanup
Phase 4.2 Post Placement Cleanup | Checksum: 1c0f5d362

Time (s): cpu = 00:00:53 ; elapsed = 00:00:41 . Memory (MB): peak = 2237.352 ; gain = 20.141

Phase 4.3 Placer Reporting

Phase 4.3.1 Print Estimated Congestion
INFO: [Place 30-612] Post-Placement Estimated Congestion 
 ____________________________________________________
|           | Global Congestion | Short Congestion  |
| Direction | Region Size       | Region Size       |
|___________|___________________|___________________|
|      North|                1x1|                1x1|
|___________|___________________|___________________|
|      South|                1x1|                2x2|
|___________|___________________|___________________|
|       East|                1x1|                1x1|
|___________|___________________|___________________|
|       West|                1x1|                1x1|
|___________|___________________|___________________|

Phase 4.3.1 Print Estimated Congestion | Checksum: 1c0f5d362

Time (s): cpu = 00:00:53 ; elapsed = 00:00:41 . Memory (MB): peak = 2237.352 ; gain = 20.141
Phase 4.3 Placer Reporting | Checksum: 1c0f5d362

Time (s): cpu = 00:00:53 ; elapsed = 00:00:41 . Memory (MB): peak = 2237.352 ; gain = 20.141

Phase 4.4 Final Placement Cleanup
Netlist sorting complete. Time (s): cpu = 00:00:00 ; elapsed = 00:00:00.002 . Memory (MB): peak = 2237.352 ; gain = 0.000

Time (s): cpu = 00:00:53 ; elapsed = 00:00:41 . Memory (MB): peak = 2237.352 ; gain = 20.141
Phase 4 Post Placement Optimization and Clean-Up | Checksum: 1823c4f6e

Time (s): cpu = 00:00:53 ; elapsed = 00:00:41 . Memory (MB): peak = 2237.352 ; gain = 20.141
Ending Placer Task | Checksum: a97c4ec6

Time (s): cpu = 00:00:53 ; elapsed = 00:00:41 . Memory (MB): peak = 2237.352 ; gain = 20.141
INFO: [Common 17-83] Releasing license: Implementation
36 Infos, 0 Warnings, 0 Critical Warnings and 0 Errors encountered.
place_design completed successfully
place_design: Time (s): cpu = 00:00:55 ; elapsed = 00:00:42 . Memory (MB): peak = 2237.352 ; gain = 20.141
# phys_opt_design
Command: phys_opt_design
Attempting to get a license for feature 'Implementation' and/or device 'xc7z020'
INFO: [Common 17-349] Got license for feature 'Implementation' and/or device 'xc7z020'

Starting Initial Update Timing Task

Time (s): cpu = 00:00:02 ; elapsed = 00:00:01 . Memory (MB): peak = 2237.352 ; gain = 0.000
INFO: [Vivado_Tcl 4-1435] PhysOpt_Tcl_Interface Runtime Before Starting Physical Synthesis Task | CPU: 2.00s |  WALL: 1.25s
Netlist sorting complete. Time (s): cpu = 00:00:00 ; elapsed = 00:00:00.002 . Memory (MB): peak = 2237.352 ; gain = 0.000

Starting Physical Synthesis Task

Phase 1 Physical Synthesis Initialization
INFO: [Physopt 32-721] Multithreading enabled for phys_opt_design using a maximum of 2 CPUs
INFO: [Physopt 32-619] Estimated Timing Summary | WNS=-72.431 | TNS=-4455.756 |
Phase 1 Physical Synthesis Initialization | Checksum: 8ba813c6

Time (s): cpu = 00:00:01 ; elapsed = 00:00:00.885 . Memory (MB): peak = 2237.352 ; gain = 0.000
INFO: [Physopt 32-619] Estimated Timing Summary | WNS=-72.431 | TNS=-4455.756 |

Phase 2 DSP Register Optimization
INFO: [Physopt 32-456] No candidate cells for DSP register optimization found in the design.
INFO: [Physopt 32-775] End 2 Pass. Optimized 0 net or cell. Created 0 new cell, deleted 0 existing cell and moved 0 existing cell
Phase 2 DSP Register Optimization | Checksum: 8ba813c6

Time (s): cpu = 00:00:02 ; elapsed = 00:00:01 . Memory (MB): peak = 2237.352 ; gain = 0.000

Phase 3 Critical Path Optimization
INFO: [Physopt 32-619] Estimated Timing Summary | WNS=-72.431 | TNS=-4455.756 |
INFO: [Physopt 32-702] Processed net system_i/dut0/inst/u4/P[0]. Optimizations did not improve timing on the net.
INFO: [Physopt 32-702] Processed net system_i/ps7/inst/FCLK_CLK_unbuffered[0]. Optimizations did not improve timing on the net.
INFO: [Physopt 32-702] Processed net system_i/dut0/inst/u4/t15_n_91. Optimizations did not improve timing on the net.
INFO: [Physopt 32-702] Processed net system_i/dut0/inst/u4/t14_n_93. Optimizations did not improve timing on the net.
INFO: [Physopt 32-702] Processed net system_i/dut0/inst/u4/t13_n_90. Optimizations did not improve timing on the net.
INFO: [Physopt 32-702] Processed net system_i/dut0/inst/u4/t12_n_90. Optimizations did not improve timing on the net.
INFO: [Physopt 32-702] Processed net system_i/dut0/inst/u4/t11_n_90. Optimizations did not improve timing on the net.
INFO: [Physopt 32-702] Processed net system_i/dut0/inst/u4/t10_n_90. Optimizations did not improve timing on the net.
INFO: [Physopt 32-702] Processed net system_i/dut0/inst/u4/t9_n_91. Optimizations did not improve timing on the net.
INFO: [Physopt 32-702] Processed net system_i/dut0/inst/u4/t8_n_93. Optimizations did not improve timing on the net.
INFO: [Physopt 32-702] Processed net system_i/dut0/inst/u4/t7_n_93. Optimizations did not improve timing on the net.
INFO: [Physopt 32-702] Processed net system_i/dut0/inst/u4/t6_n_91. Optimizations did not improve timing on the net.
INFO: [Physopt 32-702] Processed net system_i/dut0/inst/u4/t5_n_90. Optimizations did not improve timing on the net.
INFO: [Physopt 32-702] Processed net system_i/dut0/inst/u4/t4_n_91. Optimizations did not improve timing on the net.
INFO: [Physopt 32-702] Processed net system_i/dut0/inst/u4/t3_n_95. Optimizations did not improve timing on the net.
INFO: [Physopt 32-702] Processed net system_i/dut0/inst/u4/A[13]. Optimizations did not improve timing on the net.
INFO: [Physopt 32-702] Processed net system_i/dut0/inst/u4/t1_carry__1_n_0. Optimizations did not improve timing on the net.
INFO: [Physopt 32-702] Processed net system_i/dut0/inst/u4/t10__0[11]. Optimizations did not improve timing on the net.
INFO: [Physopt 32-702] Processed net system_i/dut0/inst/u4/t10__19_carry__0_n_0. Optimizations did not improve timing on the net.
INFO: [Physopt 32-608] Optimized 1 net.  Swapped 28 pins.
INFO: [Physopt 32-735] Processed net system_i/dut0/inst/u4/t10__19_carry__0_i_8_n_0. Optimization improves timing on the net.
INFO: [Physopt 32-619] Estimated Timing Summary | WNS=-72.394 | TNS=-4455.163 |
INFO: [Physopt 32-702] Processed net system_i/dut0/inst/u4/t10__19_carry__0_i_3_n_0. Optimizations did not improve timing on the net.
INFO: [Physopt 32-702] Processed net system_i/dut0/inst/u4/t10_carry__0_n_6. Optimizations did not improve timing on the net.
INFO: [Physopt 32-702] Processed net system_i/dut0/inst/u4/t10_carry_n_0. Optimizations did not improve timing on the net.
INFO: [Physopt 32-702] Processed net system_i/dut0/inst/u4/t10_carry_i_3_n_0. Optimizations did not improve timing on the net.
INFO: [Physopt 32-702] Processed net system_i/dut0/inst/u4/t2_n_92. Optimizations did not improve timing on the net.
INFO: [Physopt 32-81] Processed net system_i/dut0/inst/cnt_reg[2]. Replicated 9 times.
INFO: [Physopt 32-735] Processed net system_i/dut0/inst/cnt_reg[2]. Optimization improves timing on the net.
INFO: [Physopt 32-619] Estimated Timing Summary | WNS=-72.359 | TNS=-4398.271 |
INFO: [Physopt 32-702] Processed net system_i/dut0/inst/cnt_reg[2]. Optimizations did not improve timing on the net.
INFO: [Physopt 32-702] Processed net system_i/dut0/inst/u4/P[0]. Optimizations did not improve timing on the net.
INFO: [Physopt 32-702] Processed net system_i/ps7/inst/FCLK_CLK_unbuffered[0]. Optimizations did not improve timing on the net.
INFO: [Physopt 32-702] Processed net system_i/dut0/inst/u4/t15_n_91. Optimizations did not improve timing on the net.
INFO: [Physopt 32-702] Processed net system_i/dut0/inst/u4/t14_n_93. Optimizations did not improve timing on the net.
INFO: [Physopt 32-702] Processed net system_i/dut0/inst/u4/t13_n_90. Optimizations did not improve timing on the net.
INFO: [Physopt 32-702] Processed net system_i/dut0/inst/u4/t12_n_90. Optimizations did not improve timing on the net.
INFO: [Physopt 32-702] Processed net system_i/dut0/inst/u4/t11_n_90. Optimizations did not improve timing on the net.
INFO: [Physopt 32-702] Processed net system_i/dut0/inst/u4/t10_n_90. Optimizations did not improve timing on the net.
INFO: [Physopt 32-702] Processed net system_i/dut0/inst/u4/t9_n_91. Optimizations did not improve timing on the net.
INFO: [Physopt 32-702] Processed net system_i/dut0/inst/u4/t8_n_93. Optimizations did not improve timing on the net.
INFO: [Physopt 32-702] Processed net system_i/dut0/inst/u4/t7_n_93. Optimizations did not improve timing on the net.
INFO: [Physopt 32-702] Processed net system_i/dut0/inst/u4/t6_n_91. Optimizations did not improve timing on the net.
INFO: [Physopt 32-702] Processed net system_i/dut0/inst/u4/t5_n_90. Optimizations did not improve timing on the net.
INFO: [Physopt 32-702] Processed net system_i/dut0/inst/u4/t4_n_91. Optimizations did not improve timing on the net.
INFO: [Physopt 32-702] Processed net system_i/dut0/inst/u4/t3_n_95. Optimizations did not improve timing on the net.
INFO: [Physopt 32-702] Processed net system_i/dut0/inst/u4/A[13]. Optimizations did not improve timing on the net.
INFO: [Physopt 32-702] Processed net system_i/dut0/inst/u4/t10__0[11]. Optimizations did not improve timing on the net.
INFO: [Physopt 32-702] Processed net system_i/dut0/inst/u4/t10__19_carry__0_i_3_n_0. Optimizations did not improve timing on the net.
INFO: [Physopt 32-702] Processed net system_i/dut0/inst/u4/t10_carry__0_n_6. Optimizations did not improve timing on the net.
INFO: [Physopt 32-702] Processed net system_i/dut0/inst/u4/t10_carry_i_3_n_0. Optimizations did not improve timing on the net.
INFO: [Physopt 32-702] Processed net system_i/dut0/inst/u4/t2_n_92. Optimizations did not improve timing on the net.
INFO: [Physopt 32-702] Processed net system_i/dut0/inst/cnt_reg[2]. Optimizations did not improve timing on the net.
INFO: [Physopt 32-619] Estimated Timing Summary | WNS=-72.359 | TNS=-4398.271 |
Phase 3 Critical Path Optimization | Checksum: 8ba813c6

Time (s): cpu = 00:00:08 ; elapsed = 00:00:05 . Memory (MB): peak = 2310.184 ; gain = 72.832

Phase 4 Critical Path Optimization
INFO: [Physopt 32-619] Estimated Timing Summary | WNS=-72.359 | TNS=-4398.271 |
INFO: [Physopt 32-702] Processed net system_i/dut0/inst/u4/P[0]. Optimizations did not improve timing on the net.
INFO: [Physopt 32-702] Processed net system_i/ps7/inst/FCLK_CLK_unbuffered[0]. Optimizations did not improve timing on the net.
INFO: [Physopt 32-702] Processed net system_i/dut0/inst/u4/t15_n_91. Optimizations did not improve timing on the net.
INFO: [Physopt 32-702] Processed net system_i/dut0/inst/u4/t14_n_93. Optimizations did not improve timing on the net.
INFO: [Physopt 32-702] Processed net system_i/dut0/inst/u4/t13_n_90. Optimizations did not improve timing on the net.
INFO: [Physopt 32-702] Processed net system_i/dut0/inst/u4/t12_n_90. Optimizations did not improve timing on the net.
INFO: [Physopt 32-702] Processed net system_i/dut0/inst/u4/t11_n_90. Optimizations did not improve timing on the net.
INFO: [Physopt 32-702] Processed net system_i/dut0/inst/u4/t10_n_90. Optimizations did not improve timing on the net.
INFO: [Physopt 32-702] Processed net system_i/dut0/inst/u4/t9_n_91. Optimizations did not improve timing on the net.
INFO: [Physopt 32-702] Processed net system_i/dut0/inst/u4/t8_n_93. Optimizations did not improve timing on the net.
INFO: [Physopt 32-702] Processed net system_i/dut0/inst/u4/t7_n_93. Optimizations did not improve timing on the net.
INFO: [Physopt 32-702] Processed net system_i/dut0/inst/u4/t6_n_91. Optimizations did not improve timing on the net.
INFO: [Physopt 32-702] Processed net system_i/dut0/inst/u4/t5_n_90. Optimizations did not improve timing on the net.
INFO: [Physopt 32-702] Processed net system_i/dut0/inst/u4/t4_n_91. Optimizations did not improve timing on the net.
INFO: [Physopt 32-702] Processed net system_i/dut0/inst/u4/t3_n_95. Optimizations did not improve timing on the net.
INFO: [Physopt 32-702] Processed net system_i/dut0/inst/u4/A[13]. Optimizations did not improve timing on the net.
INFO: [Physopt 32-702] Processed net system_i/dut0/inst/u4/t1_carry__1_n_0. Optimizations did not improve timing on the net.
INFO: [Physopt 32-702] Processed net system_i/dut0/inst/u4/t10__0[11]. Optimizations did not improve timing on the net.
INFO: [Physopt 32-702] Processed net system_i/dut0/inst/u4/t10__19_carry__0_n_0. Optimizations did not improve timing on the net.
INFO: [Physopt 32-702] Processed net system_i/dut0/inst/u4/t10__19_carry__0_i_3_n_0. Optimizations did not improve timing on the net.
INFO: [Physopt 32-702] Processed net system_i/dut0/inst/u4/t10_carry__0_n_6. Optimizations did not improve timing on the net.
INFO: [Physopt 32-702] Processed net system_i/dut0/inst/u4/t10_carry_n_0. Optimizations did not improve timing on the net.
INFO: [Physopt 32-702] Processed net system_i/dut0/inst/u4/t10_carry_i_3_n_0. Optimizations did not improve timing on the net.
INFO: [Physopt 32-702] Processed net system_i/dut0/inst/u4/t2_n_92. Optimizations did not improve timing on the net.
INFO: [Physopt 32-81] Processed net system_i/dut0/inst/cnt_reg[2]. Replicated 1 times.
INFO: [Physopt 32-735] Processed net system_i/dut0/inst/cnt_reg[2]. Optimization improves timing on the net.
INFO: [Physopt 32-619] Estimated Timing Summary | WNS=-72.359 | TNS=-4398.271 |
INFO: [Physopt 32-81] Processed net system_i/dut0/inst/cnt_reg[2]. Replicated 1 times.
INFO: [Physopt 32-735] Processed net system_i/dut0/inst/cnt_reg[2]. Optimization improves timing on the net.
INFO: [Physopt 32-619] Estimated Timing Summary | WNS=-72.355 | TNS=-4398.207 |
INFO: [Physopt 32-702] Processed net system_i/dut0/inst/cnt_reg[2]. Optimizations did not improve timing on the net.
INFO: [Physopt 32-702] Processed net system_i/dut0/inst/u4/P[0]. Optimizations did not improve timing on the net.
INFO: [Physopt 32-702] Processed net system_i/ps7/inst/FCLK_CLK_unbuffered[0]. Optimizations did not improve timing on the net.
INFO: [Physopt 32-702] Processed net system_i/dut0/inst/u4/t15_n_91. Optimizations did not improve timing on the net.
INFO: [Physopt 32-702] Processed net system_i/dut0/inst/u4/t14_n_93. Optimizations did not improve timing on the net.
INFO: [Physopt 32-702] Processed net system_i/dut0/inst/u4/t13_n_90. Optimizations did not improve timing on the net.
INFO: [Physopt 32-702] Processed net system_i/dut0/inst/u4/t12_n_90. Optimizations did not improve timing on the net.
INFO: [Physopt 32-702] Processed net system_i/dut0/inst/u4/t11_n_90. Optimizations did not improve timing on the net.
INFO: [Physopt 32-702] Processed net system_i/dut0/inst/u4/t10_n_90. Optimizations did not improve timing on the net.
INFO: [Physopt 32-702] Processed net system_i/dut0/inst/u4/t9_n_91. Optimizations did not improve timing on the net.
INFO: [Physopt 32-702] Processed net system_i/dut0/inst/u4/t8_n_93. Optimizations did not improve timing on the net.
INFO: [Physopt 32-702] Processed net system_i/dut0/inst/u4/t7_n_93. Optimizations did not improve timing on the net.
INFO: [Physopt 32-702] Processed net system_i/dut0/inst/u4/t6_n_91. Optimizations did not improve timing on the net.
INFO: [Physopt 32-702] Processed net system_i/dut0/inst/u4/t5_n_90. Optimizations did not improve timing on the net.
INFO: [Physopt 32-702] Processed net system_i/dut0/inst/u4/t4_n_91. Optimizations did not improve timing on the net.
INFO: [Physopt 32-702] Processed net system_i/dut0/inst/u4/t3_n_95. Optimizations did not improve timing on the net.
INFO: [Physopt 32-702] Processed net system_i/dut0/inst/u4/A[13]. Optimizations did not improve timing on the net.
INFO: [Physopt 32-702] Processed net system_i/dut0/inst/u4/t10__0[11]. Optimizations did not improve timing on the net.
INFO: [Physopt 32-702] Processed net system_i/dut0/inst/u4/t10__19_carry__0_i_3_n_0. Optimizations did not improve timing on the net.
INFO: [Physopt 32-702] Processed net system_i/dut0/inst/u4/t10_carry__0_n_6. Optimizations did not improve timing on the net.
INFO: [Physopt 32-702] Processed net system_i/dut0/inst/u4/t10_carry_i_3_n_0. Optimizations did not improve timing on the net.
INFO: [Physopt 32-702] Processed net system_i/dut0/inst/u4/t2_n_92. Optimizations did not improve timing on the net.
INFO: [Physopt 32-702] Processed net system_i/dut0/inst/cnt_reg[2]. Optimizations did not improve timing on the net.
INFO: [Physopt 32-619] Estimated Timing Summary | WNS=-72.355 | TNS=-4398.207 |
Phase 4 Critical Path Optimization | Checksum: 8ba813c6

Time (s): cpu = 00:00:14 ; elapsed = 00:00:08 . Memory (MB): peak = 2540.613 ; gain = 303.262
Netlist sorting complete. Time (s): cpu = 00:00:00 ; elapsed = 00:00:00.022 . Memory (MB): peak = 2540.613 ; gain = 0.000
INFO: [Physopt 32-603] Post Physical Optimization Timing Summary | WNS=-72.355 | TNS=-4398.207 |

Summary of Physical Synthesis Optimizations
============================================


-------------------------------------------------------------------------------------------------------------------------------------------------------------
|  Optimization   |  WNS Gain (ns)  |  TNS Gain (ns)  |  Added Cells  |  Removed Cells  |  Optimized Cells/Nets  |  Dont Touch  |  Iterations  |  Elapsed   |
-------------------------------------------------------------------------------------------------------------------------------------------------------------
|  DSP Register   |          0.000  |          0.000  |            0  |              0  |                     0  |           0  |           1  |  00:00:00  |
|  Critical Path  |          0.076  |         57.548  |           11  |              0  |                     4  |           0  |           2  |  00:00:07  |
|  Total          |          0.076  |         57.548  |           11  |              0  |                     4  |           0  |           3  |  00:00:08  |
-------------------------------------------------------------------------------------------------------------------------------------------------------------


Netlist sorting complete. Time (s): cpu = 00:00:00 ; elapsed = 00:00:00.003 . Memory (MB): peak = 2540.613 ; gain = 0.000
Ending Physical Synthesis Task | Checksum: 2312261c2

Time (s): cpu = 00:00:14 ; elapsed = 00:00:09 . Memory (MB): peak = 2540.613 ; gain = 303.262
INFO: [Common 17-83] Releasing license: Implementation
119 Infos, 0 Warnings, 0 Critical Warnings and 0 Errors encountered.
phys_opt_design completed successfully
phys_opt_design: Time (s): cpu = 00:00:16 ; elapsed = 00:00:10 . Memory (MB): peak = 2540.613 ; gain = 303.262
# route_design
Command: route_design
Attempting to get a license for feature 'Implementation' and/or device 'xc7z020'
INFO: [Common 17-349] Got license for feature 'Implementation' and/or device 'xc7z020'
INFO: [DRC 23-27] Running DRC with 2 threads
INFO: [Vivado_Tcl 4-198] DRC finished with 0 Errors
INFO: [Vivado_Tcl 4-199] Please refer to the DRC report (report_drc) for more information.
Running DRC as a precondition to command route_design
INFO: [DRC 23-27] Running DRC with 2 threads
INFO: [Vivado_Tcl 4-198] DRC finished with 0 Errors
INFO: [Vivado_Tcl 4-199] Please refer to the DRC report (report_drc) for more information.


Starting Routing Task
INFO: [Route 35-254] Multithreading enabled for route_design using a maximum of 2 CPUs

Phase 1 Build RT Design
Checksum: PlaceDB: 6ac0ce17 ConstDB: 0 ShapeSum: dbcf0d60 RouteDB: 0
Post Restoration Checksum: NetGraph: a5e85c2c | NumContArr: 4ec23b21 | Constraints: 190a55ad | Timing: 0
Phase 1 Build RT Design | Checksum: 10db4ecfa

Time (s): cpu = 00:00:22 ; elapsed = 00:00:19 . Memory (MB): peak = 2594.820 ; gain = 19.926

Phase 2 Router Initialization

Phase 2.1 Fix Topology Constraints
Phase 2.1 Fix Topology Constraints | Checksum: 10db4ecfa

Time (s): cpu = 00:00:22 ; elapsed = 00:00:19 . Memory (MB): peak = 2594.820 ; gain = 19.926

Phase 2.2 Pre Route Cleanup
Phase 2.2 Pre Route Cleanup | Checksum: 10db4ecfa

Time (s): cpu = 00:00:22 ; elapsed = 00:00:19 . Memory (MB): peak = 2594.820 ; gain = 19.926
 Number of Nodes with overlaps = 0

Phase 2.3 Update Timing
Phase 2.3 Update Timing | Checksum: 1ad36100a

Time (s): cpu = 00:00:26 ; elapsed = 00:00:22 . Memory (MB): peak = 2594.820 ; gain = 19.926
INFO: [Route 35-416] Intermediate Timing Summary | WNS=-72.357| TNS=-4258.419| WHS=-0.184 | THS=-94.825|


Router Utilization Summary
  Global Vertical Routing Utilization    = 0 %
  Global Horizontal Routing Utilization  = 0 %
  Routable Net Status*
  *Does not include unroutable nets such as driverless and loadless.
  Run report_route_status for detailed report.
  Number of Failed Nets               = 10994
    (Failed Nets is the sum of unrouted and partially routed nets)
  Number of Unrouted Nets             = 10993
  Number of Partially Routed Nets     = 1
  Number of Node Overlaps             = 0

Phase 2 Router Initialization | Checksum: 15a1f3519

Time (s): cpu = 00:00:28 ; elapsed = 00:00:23 . Memory (MB): peak = 2594.820 ; gain = 19.926

Phase 3 Initial Routing

Phase 3.1 Global Routing
Phase 3.1 Global Routing | Checksum: 15a1f3519

Time (s): cpu = 00:00:28 ; elapsed = 00:00:23 . Memory (MB): peak = 2594.820 ; gain = 19.926
Phase 3 Initial Routing | Checksum: 1dca1aa8c

Time (s): cpu = 00:00:31 ; elapsed = 00:00:25 . Memory (MB): peak = 2594.820 ; gain = 19.926
INFO: [Route 35-580] Design has 91 pins with tight setup and hold constraints.

The top 5 pins with tight setup and hold constraints:

+====================+===================+=================================================+
| Launch Setup Clock | Launch Hold Clock | Pin                                             |
+====================+===================+=================================================+
| clk_fpga_0         | clk_fpga_0        | system_i/la0/inst/FSM_sequential_state_reg[0]/D |
| clk_fpga_0         | clk_fpga_0        | system_i/la0/inst/FSM_sequential_state_reg[1]/D |
| clk_fpga_0         | clk_fpga_0        | system_i/dut0/inst/u6/r15_reg[13]/D             |
| clk_fpga_0         | clk_fpga_0        | system_i/dut0/inst/u6/r15_reg[9]/D              |
| clk_fpga_0         | clk_fpga_0        | system_i/dut0/inst/u1/a6_reg[15]/D              |
+--------------------+-------------------+-------------------------------------------------+

File with complete list of pins: tight_setup_hold_pins.txt


Phase 4 Rip-up And Reroute

Phase 4.1 Global Iteration 0
 Number of Nodes with overlaps = 4873
 Number of Nodes with overlaps = 1903
 Number of Nodes with overlaps = 905
 Number of Nodes with overlaps = 446
 Number of Nodes with overlaps = 163
 Number of Nodes with overlaps = 48
 Number of Nodes with overlaps = 17
 Number of Nodes with overlaps = 6
 Number of Nodes with overlaps = 2
 Number of Nodes with overlaps = 3
 Number of Nodes with overlaps = 0
INFO: [Route 35-416] Intermediate Timing Summary | WNS=-77.034| TNS=-10683.844| WHS=N/A    | THS=N/A    |

Phase 4.1 Global Iteration 0 | Checksum: 1eb048ef8

Time (s): cpu = 00:00:59 ; elapsed = 00:00:47 . Memory (MB): peak = 2594.820 ; gain = 19.926

Phase 4.2 Global Iteration 1
 Number of Nodes with overlaps = 121
 Number of Nodes with overlaps = 45
 Number of Nodes with overlaps = 28
 Number of Nodes with overlaps = 17
 Number of Nodes with overlaps = 11
 Number of Nodes with overlaps = 6
 Number of Nodes with overlaps = 4
 Number of Nodes with overlaps = 2
 Number of Nodes with overlaps = 2
 Number of Nodes with overlaps = 0
INFO: [Route 35-416] Intermediate Timing Summary | WNS=-76.808| TNS=-10790.898| WHS=N/A    | THS=N/A    |

Phase 4.2 Global Iteration 1 | Checksum: 2f5cd759d

Time (s): cpu = 00:01:03 ; elapsed = 00:00:51 . Memory (MB): peak = 2594.820 ; gain = 19.926

Phase 4.3 Global Iteration 2
 Number of Nodes with overlaps = 100
 Number of Nodes with overlaps = 57
 Number of Nodes with overlaps = 46
 Number of Nodes with overlaps = 20
 Number of Nodes with overlaps = 11
 Number of Nodes with overlaps = 10
 Number of Nodes with overlaps = 8
 Number of Nodes with overlaps = 4
 Number of Nodes with overlaps = 3
 Number of Nodes with overlaps = 2
 Number of Nodes with overlaps = 1
 Number of Nodes with overlaps = 0
INFO: [Route 35-416] Intermediate Timing Summary | WNS=-75.800| TNS=-10779.639| WHS=N/A    | THS=N/A    |

Phase 4.3 Global Iteration 2 | Checksum: 2b0645628

Time (s): cpu = 00:01:08 ; elapsed = 00:00:55 . Memory (MB): peak = 2594.820 ; gain = 19.926

Phase 4.4 Global Iteration 3
 Number of Nodes with overlaps = 114
 Number of Nodes with overlaps = 50
 Number of Nodes with overlaps = 29
 Number of Nodes with overlaps = 22
 Number of Nodes with overlaps = 9
 Number of Nodes with overlaps = 3
 Number of Nodes with overlaps = 2
 Number of Nodes with overlaps = 1
 Number of Nodes with overlaps = 0
INFO: [Route 35-416] Intermediate Timing Summary | WNS=-75.492| TNS=-10919.378| WHS=N/A    | THS=N/A    |

Phase 4.4 Global Iteration 3 | Checksum: 234daa380

Time (s): cpu = 00:01:11 ; elapsed = 00:00:58 . Memory (MB): peak = 2594.820 ; gain = 19.926
Phase 4 Rip-up And Reroute | Checksum: 234daa380

Time (s): cpu = 00:01:11 ; elapsed = 00:00:58 . Memory (MB): peak = 2594.820 ; gain = 19.926

Phase 5 Delay and Skew Optimization

Phase 5.1 Delay CleanUp

Phase 5.1.1 Update Timing
Phase 5.1.1 Update Timing | Checksum: 1b58e2936

Time (s): cpu = 00:01:11 ; elapsed = 00:00:58 . Memory (MB): peak = 2594.820 ; gain = 19.926
INFO: [Route 35-416] Intermediate Timing Summary | WNS=-75.478| TNS=-10622.953| WHS=N/A    | THS=N/A    |

 Number of Nodes with overlaps = 0
Phase 5.1 Delay CleanUp | Checksum: 18bf17082

Time (s): cpu = 00:01:14 ; elapsed = 00:01:00 . Memory (MB): peak = 2594.820 ; gain = 19.926

Phase 5.2 Clock Skew Optimization
Phase 5.2 Clock Skew Optimization | Checksum: 18bf17082

Time (s): cpu = 00:01:14 ; elapsed = 00:01:00 . Memory (MB): peak = 2594.820 ; gain = 19.926
Phase 5 Delay and Skew Optimization | Checksum: 18bf17082

Time (s): cpu = 00:01:14 ; elapsed = 00:01:00 . Memory (MB): peak = 2594.820 ; gain = 19.926

Phase 6 Post Hold Fix

Phase 6.1 Hold Fix Iter

Phase 6.1.1 Update Timing
Phase 6.1.1 Update Timing | Checksum: ea034a9c

Time (s): cpu = 00:01:15 ; elapsed = 00:01:00 . Memory (MB): peak = 2594.820 ; gain = 19.926
INFO: [Route 35-416] Intermediate Timing Summary | WNS=-75.293| TNS=-10471.379| WHS=0.039  | THS=0.000  |

Phase 6.1 Hold Fix Iter | Checksum: 15b67f47a

Time (s): cpu = 00:01:15 ; elapsed = 00:01:00 . Memory (MB): peak = 2594.820 ; gain = 19.926
Phase 6 Post Hold Fix | Checksum: 15b67f47a

Time (s): cpu = 00:01:15 ; elapsed = 00:01:00 . Memory (MB): peak = 2594.820 ; gain = 19.926

Phase 7 Route finalize

Router Utilization Summary
  Global Vertical Routing Utilization    = 3.57005 %
  Global Horizontal Routing Utilization  = 3.4214 %
  Routable Net Status*
  *Does not include unroutable nets such as driverless and loadless.
  Run report_route_status for detailed report.
  Number of Failed Nets               = 0
    (Failed Nets is the sum of unrouted and partially routed nets)
  Number of Unrouted Nets             = 0
  Number of Partially Routed Nets     = 0
  Number of Node Overlaps             = 0


--GLOBAL Congestion:
Utilization threshold used for congestion level computation: 0.85
Congestion Report
North Dir 1x1 Area, Max Cong = 70.2703%, No Congested Regions.
South Dir 1x1 Area, Max Cong = 72.973%, No Congested Regions.
East Dir 1x1 Area, Max Cong = 67.6471%, No Congested Regions.
West Dir 1x1 Area, Max Cong = 54.4118%, No Congested Regions.

------------------------------
Reporting congestion hotspots
------------------------------
Direction: North
----------------
Congested clusters found at Level 0
Effective congestion level: 0 Aspect Ratio: 1 Sparse Ratio: 0
Direction: South
----------------
Congested clusters found at Level 0
Effective congestion level: 0 Aspect Ratio: 1 Sparse Ratio: 0
Direction: East
----------------
Congested clusters found at Level 0
Effective congestion level: 0 Aspect Ratio: 1 Sparse Ratio: 0
Direction: West
----------------
Congested clusters found at Level 0
Effective congestion level: 0 Aspect Ratio: 1 Sparse Ratio: 0

Phase 7 Route finalize | Checksum: cc428c6b

Time (s): cpu = 00:01:15 ; elapsed = 00:01:00 . Memory (MB): peak = 2594.820 ; gain = 19.926

Phase 8 Verifying routed nets

 Verification completed successfully
Phase 8 Verifying routed nets | Checksum: cc428c6b

Time (s): cpu = 00:01:15 ; elapsed = 00:01:00 . Memory (MB): peak = 2594.820 ; gain = 19.926

Phase 9 Depositing Routes
Phase 9 Depositing Routes | Checksum: 15b6b2451

Time (s): cpu = 00:01:15 ; elapsed = 00:01:01 . Memory (MB): peak = 2594.820 ; gain = 19.926

Phase 10 Post Router Timing
INFO: [Route 35-57] Estimated Timing Summary | WNS=-75.293| TNS=-10471.379| WHS=0.039  | THS=0.000  |

WARNING: [Route 35-328] Router estimated timing not met.
Resolution: For a complete and accurate timing signoff, report_timing_summary must be run after route_design. Alternatively, route_design can be run with the -timing_summary option to enable a complete timing signoff at the end of route_design.
Phase 10 Post Router Timing | Checksum: 15b6b2451

Time (s): cpu = 00:01:16 ; elapsed = 00:01:02 . Memory (MB): peak = 2594.820 ; gain = 19.926
INFO: [Route 35-16] Router Completed Successfully

Phase 11 Post-Route Event Processing
Phase 11 Post-Route Event Processing | Checksum: 139b7edfb

Time (s): cpu = 00:01:16 ; elapsed = 00:01:02 . Memory (MB): peak = 2594.820 ; gain = 19.926

Time (s): cpu = 00:01:16 ; elapsed = 00:01:02 . Memory (MB): peak = 2594.820 ; gain = 19.926

Routing Is Done.
INFO: [Common 17-83] Releasing license: Implementation
19 Infos, 1 Warnings, 0 Critical Warnings and 0 Errors encountered.
route_design completed successfully
route_design: Time (s): cpu = 00:01:18 ; elapsed = 00:01:03 . Memory (MB): peak = 2594.820 ; gain = 54.207
# write_checkpoint -force [file join $OUT post_route.dcp]
INFO: [Timing 38-480] Writing timing data to binary archive.
Writing XDEF routing.
Writing XDEF routing logical nets.
Writing XDEF routing special nets.
Write XDEF Complete: Time (s): cpu = 00:00:03 ; elapsed = 00:00:01 . Memory (MB): peak = 2594.820 ; gain = 0.000
INFO: [Common 17-1381] The checkpoint 'C:/Users/Amine/mas/fpga-repo/rtl/sealed_study2_board/out/post_route.dcp' has been generated.
# report_route_status -file [file join $OUT route_status.rpt]
# report_timing_summary -delay_type max -max_paths 20 -file [file join $OUT timing_summary_routed.rpt]
INFO: [Timing 38-91] UpdateTimingParams: Speed grade: -1, Delay Type: max.
INFO: [Timing 38-191] Multithreading enabled for timing update using a maximum of 2 CPUs
# report_utilization -file [file join $OUT utilization_routed.rpt]
# set worst_path [get_timing_paths -delay_type max -max_paths 1]
# if {$worst_path eq ""} { error "no routed max-delay timing path found" }
# puts [format "STUDY2 BOARD ROUTED WNS %.3f ns" [get_property SLACK $worst_path]]
STUDY2 BOARD ROUTED WNS -75.292 ns
# write_bitstream -force [file join $OUT system_study2_board.bit]
Command: write_bitstream -force C:/Users/Amine/mas/fpga-repo/rtl/sealed_study2_board/out/system_study2_board.bit
Attempting to get a license for feature 'Implementation' and/or device 'xc7z020'
INFO: [Common 17-349] Got license for feature 'Implementation' and/or device 'xc7z020'
Running DRC as a precondition to command write_bitstream
INFO: [IP_Flow 19-1839] IP Catalog is up to date.
INFO: [DRC 23-27] Running DRC with 2 threads
WARNING: [DRC DPIP-1] Input pipelining: DSP system_i/dut0/inst/u4/t10 input system_i/dut0/inst/u4/t10/A[29:0] is not pipelined. Pipelining DSP48 input will improve performance.
WARNING: [DRC DPIP-1] Input pipelining: DSP system_i/dut0/inst/u4/t11 input system_i/dut0/inst/u4/t11/A[29:0] is not pipelined. Pipelining DSP48 input will improve performance.
WARNING: [DRC DPIP-1] Input pipelining: DSP system_i/dut0/inst/u4/t12 input system_i/dut0/inst/u4/t12/A[29:0] is not pipelined. Pipelining DSP48 input will improve performance.
WARNING: [DRC DPIP-1] Input pipelining: DSP system_i/dut0/inst/u4/t13 input system_i/dut0/inst/u4/t13/A[29:0] is not pipelined. Pipelining DSP48 input will improve performance.
WARNING: [DRC DPIP-1] Input pipelining: DSP system_i/dut0/inst/u4/t14 input system_i/dut0/inst/u4/t14/A[29:0] is not pipelined. Pipelining DSP48 input will improve performance.
WARNING: [DRC DPIP-1] Input pipelining: DSP system_i/dut0/inst/u4/t15 input system_i/dut0/inst/u4/t15/A[29:0] is not pipelined. Pipelining DSP48 input will improve performance.
WARNING: [DRC DPIP-1] Input pipelining: DSP system_i/dut0/inst/u4/t2 input system_i/dut0/inst/u4/t2/A[29:0] is not pipelined. Pipelining DSP48 input will improve performance.
WARNING: [DRC DPIP-1] Input pipelining: DSP system_i/dut0/inst/u4/t3 input system_i/dut0/inst/u4/t3/A[29:0] is not pipelined. Pipelining DSP48 input will improve performance.
WARNING: [DRC DPIP-1] Input pipelining: DSP system_i/dut0/inst/u4/t4 input system_i/dut0/inst/u4/t4/A[29:0] is not pipelined. Pipelining DSP48 input will improve performance.
WARNING: [DRC DPIP-1] Input pipelining: DSP system_i/dut0/inst/u4/t5 input system_i/dut0/inst/u4/t5/A[29:0] is not pipelined. Pipelining DSP48 input will improve performance.
WARNING: [DRC DPIP-1] Input pipelining: DSP system_i/dut0/inst/u4/t6 input system_i/dut0/inst/u4/t6/A[29:0] is not pipelined. Pipelining DSP48 input will improve performance.
WARNING: [DRC DPIP-1] Input pipelining: DSP system_i/dut0/inst/u4/t7 input system_i/dut0/inst/u4/t7/A[29:0] is not pipelined. Pipelining DSP48 input will improve performance.
WARNING: [DRC DPIP-1] Input pipelining: DSP system_i/dut0/inst/u4/t8 input system_i/dut0/inst/u4/t8/A[29:0] is not pipelined. Pipelining DSP48 input will improve performance.
WARNING: [DRC DPIP-1] Input pipelining: DSP system_i/dut0/inst/u4/t9 input system_i/dut0/inst/u4/t9/A[29:0] is not pipelined. Pipelining DSP48 input will improve performance.
WARNING: [DRC DPIP-1] Input pipelining: DSP system_i/dut0/inst/u4/y_reg input system_i/dut0/inst/u4/y_reg/A[29:0] is not pipelined. Pipelining DSP48 input will improve performance.
WARNING: [DRC DPOP-1] PREG Output pipelining: DSP system_i/dut0/inst/u0/y0__28 output system_i/dut0/inst/u0/y0__28/P[47:0] is not pipelined (PREG=0). Pipelining the DSP48 output will improve performance and often saves power so it is suggested whenever possible to fully pipeline this function.  If this DSP48 function was inferred, it is suggested to describe an additional register stage after this function.  If the DSP48 was instantiated in the design, it is suggested to set the PREG attribute to 1.
WARNING: [DRC DPOP-1] PREG Output pipelining: DSP system_i/dut0/inst/u4/t10 output system_i/dut0/inst/u4/t10/P[47:0] is not pipelined (PREG=0). Pipelining the DSP48 output will improve performance and often saves power so it is suggested whenever possible to fully pipeline this function.  If this DSP48 function was inferred, it is suggested to describe an additional register stage after this function.  If the DSP48 was instantiated in the design, it is suggested to set the PREG attribute to 1.
WARNING: [DRC DPOP-1] PREG Output pipelining: DSP system_i/dut0/inst/u4/t11 output system_i/dut0/inst/u4/t11/P[47:0] is not pipelined (PREG=0). Pipelining the DSP48 output will improve performance and often saves power so it is suggested whenever possible to fully pipeline this function.  If this DSP48 function was inferred, it is suggested to describe an additional register stage after this function.  If the DSP48 was instantiated in the design, it is suggested to set the PREG attribute to 1.
WARNING: [DRC DPOP-1] PREG Output pipelining: DSP system_i/dut0/inst/u4/t12 output system_i/dut0/inst/u4/t12/P[47:0] is not pipelined (PREG=0). Pipelining the DSP48 output will improve performance and often saves power so it is suggested whenever possible to fully pipeline this function.  If this DSP48 function was inferred, it is suggested to describe an additional register stage after this function.  If the DSP48 was instantiated in the design, it is suggested to set the PREG attribute to 1.
WARNING: [DRC DPOP-1] PREG Output pipelining: DSP system_i/dut0/inst/u4/t13 output system_i/dut0/inst/u4/t13/P[47:0] is not pipelined (PREG=0). Pipelining the DSP48 output will improve performance and often saves power so it is suggested whenever possible to fully pipeline this function.  If this DSP48 function was inferred, it is suggested to describe an additional register stage after this function.  If the DSP48 was instantiated in the design, it is suggested to set the PREG attribute to 1.
WARNING: [DRC DPOP-1] PREG Output pipelining: DSP system_i/dut0/inst/u4/t14 output system_i/dut0/inst/u4/t14/P[47:0] is not pipelined (PREG=0). Pipelining the DSP48 output will improve performance and often saves power so it is suggested whenever possible to fully pipeline this function.  If this DSP48 function was inferred, it is suggested to describe an additional register stage after this function.  If the DSP48 was instantiated in the design, it is suggested to set the PREG attribute to 1.
WARNING: [DRC DPOP-1] PREG Output pipelining: DSP system_i/dut0/inst/u4/t15 output system_i/dut0/inst/u4/t15/P[47:0] is not pipelined (PREG=0). Pipelining the DSP48 output will improve performance and often saves power so it is suggested whenever possible to fully pipeline this function.  If this DSP48 function was inferred, it is suggested to describe an additional register stage after this function.  If the DSP48 was instantiated in the design, it is suggested to set the PREG attribute to 1.
WARNING: [DRC DPOP-1] PREG Output pipelining: DSP system_i/dut0/inst/u4/t2 output system_i/dut0/inst/u4/t2/P[47:0] is not pipelined (PREG=0). Pipelining the DSP48 output will improve performance and often saves power so it is suggested whenever possible to fully pipeline this function.  If this DSP48 function was inferred, it is suggested to describe an additional register stage after this function.  If the DSP48 was instantiated in the design, it is suggested to set the PREG attribute to 1.
WARNING: [DRC DPOP-1] PREG Output pipelining: DSP system_i/dut0/inst/u4/t3 output system_i/dut0/inst/u4/t3/P[47:0] is not pipelined (PREG=0). Pipelining the DSP48 output will improve performance and often saves power so it is suggested whenever possible to fully pipeline this function.  If this DSP48 function was inferred, it is suggested to describe an additional register stage after this function.  If the DSP48 was instantiated in the design, it is suggested to set the PREG attribute to 1.
WARNING: [DRC DPOP-1] PREG Output pipelining: DSP system_i/dut0/inst/u4/t4 output system_i/dut0/inst/u4/t4/P[47:0] is not pipelined (PREG=0). Pipelining the DSP48 output will improve performance and often saves power so it is suggested whenever possible to fully pipeline this function.  If this DSP48 function was inferred, it is suggested to describe an additional register stage after this function.  If the DSP48 was instantiated in the design, it is suggested to set the PREG attribute to 1.
WARNING: [DRC DPOP-1] PREG Output pipelining: DSP system_i/dut0/inst/u4/t5 output system_i/dut0/inst/u4/t5/P[47:0] is not pipelined (PREG=0). Pipelining the DSP48 output will improve performance and often saves power so it is suggested whenever possible to fully pipeline this function.  If this DSP48 function was inferred, it is suggested to describe an additional register stage after this function.  If the DSP48 was instantiated in the design, it is suggested to set the PREG attribute to 1.
WARNING: [DRC DPOP-1] PREG Output pipelining: DSP system_i/dut0/inst/u4/t6 output system_i/dut0/inst/u4/t6/P[47:0] is not pipelined (PREG=0). Pipelining the DSP48 output will improve performance and often saves power so it is suggested whenever possible to fully pipeline this function.  If this DSP48 function was inferred, it is suggested to describe an additional register stage after this function.  If the DSP48 was instantiated in the design, it is suggested to set the PREG attribute to 1.
WARNING: [DRC DPOP-1] PREG Output pipelining: DSP system_i/dut0/inst/u4/t7 output system_i/dut0/inst/u4/t7/P[47:0] is not pipelined (PREG=0). Pipelining the DSP48 output will improve performance and often saves power so it is suggested whenever possible to fully pipeline this function.  If this DSP48 function was inferred, it is suggested to describe an additional register stage after this function.  If the DSP48 was instantiated in the design, it is suggested to set the PREG attribute to 1.
WARNING: [DRC DPOP-1] PREG Output pipelining: DSP system_i/dut0/inst/u4/t8 output system_i/dut0/inst/u4/t8/P[47:0] is not pipelined (PREG=0). Pipelining the DSP48 output will improve performance and often saves power so it is suggested whenever possible to fully pipeline this function.  If this DSP48 function was inferred, it is suggested to describe an additional register stage after this function.  If the DSP48 was instantiated in the design, it is suggested to set the PREG attribute to 1.
WARNING: [DRC DPOP-1] PREG Output pipelining: DSP system_i/dut0/inst/u4/t9 output system_i/dut0/inst/u4/t9/P[47:0] is not pipelined (PREG=0). Pipelining the DSP48 output will improve performance and often saves power so it is suggested whenever possible to fully pipeline this function.  If this DSP48 function was inferred, it is suggested to describe an additional register stage after this function.  If the DSP48 was instantiated in the design, it is suggested to set the PREG attribute to 1.
WARNING: [DRC DPOP-2] MREG Output pipelining: DSP system_i/dut0/inst/u4/t10 multiplier stage system_i/dut0/inst/u4/t10/P[47:0] is not pipelined (MREG=0). Pipelining the multiplier function will improve performance and will save significant power so it is suggested whenever possible to fully pipeline this function.  If this multiplier was inferred, it is suggested to describe an additional register stage after this function.  If there is no registered adder/accumulator following the multiply function, two pipeline stages are suggested to allow both the MREG and PREG registers to be used.  If the DSP48 was instantiated in the design, it is suggested to set both the MREG and PREG attributes to 1 when performing multiply functions.
WARNING: [DRC DPOP-2] MREG Output pipelining: DSP system_i/dut0/inst/u4/t11 multiplier stage system_i/dut0/inst/u4/t11/P[47:0] is not pipelined (MREG=0). Pipelining the multiplier function will improve performance and will save significant power so it is suggested whenever possible to fully pipeline this function.  If this multiplier was inferred, it is suggested to describe an additional register stage after this function.  If there is no registered adder/accumulator following the multiply function, two pipeline stages are suggested to allow both the MREG and PREG registers to be used.  If the DSP48 was instantiated in the design, it is suggested to set both the MREG and PREG attributes to 1 when performing multiply functions.
WARNING: [DRC DPOP-2] MREG Output pipelining: DSP system_i/dut0/inst/u4/t12 multiplier stage system_i/dut0/inst/u4/t12/P[47:0] is not pipelined (MREG=0). Pipelining the multiplier function will improve performance and will save significant power so it is suggested whenever possible to fully pipeline this function.  If this multiplier was inferred, it is suggested to describe an additional register stage after this function.  If there is no registered adder/accumulator following the multiply function, two pipeline stages are suggested to allow both the MREG and PREG registers to be used.  If the DSP48 was instantiated in the design, it is suggested to set both the MREG and PREG attributes to 1 when performing multiply functions.
WARNING: [DRC DPOP-2] MREG Output pipelining: DSP system_i/dut0/inst/u4/t13 multiplier stage system_i/dut0/inst/u4/t13/P[47:0] is not pipelined (MREG=0). Pipelining the multiplier function will improve performance and will save significant power so it is suggested whenever possible to fully pipeline this function.  If this multiplier was inferred, it is suggested to describe an additional register stage after this function.  If there is no registered adder/accumulator following the multiply function, two pipeline stages are suggested to allow both the MREG and PREG registers to be used.  If the DSP48 was instantiated in the design, it is suggested to set both the MREG and PREG attributes to 1 when performing multiply functions.
WARNING: [DRC DPOP-2] MREG Output pipelining: DSP system_i/dut0/inst/u4/t14 multiplier stage system_i/dut0/inst/u4/t14/P[47:0] is not pipelined (MREG=0). Pipelining the multiplier function will improve performance and will save significant power so it is suggested whenever possible to fully pipeline this function.  If this multiplier was inferred, it is suggested to describe an additional register stage after this function.  If there is no registered adder/accumulator following the multiply function, two pipeline stages are suggested to allow both the MREG and PREG registers to be used.  If the DSP48 was instantiated in the design, it is suggested to set both the MREG and PREG attributes to 1 when performing multiply functions.
WARNING: [DRC DPOP-2] MREG Output pipelining: DSP system_i/dut0/inst/u4/t15 multiplier stage system_i/dut0/inst/u4/t15/P[47:0] is not pipelined (MREG=0). Pipelining the multiplier function will improve performance and will save significant power so it is suggested whenever possible to fully pipeline this function.  If this multiplier was inferred, it is suggested to describe an additional register stage after this function.  If there is no registered adder/accumulator following the multiply function, two pipeline stages are suggested to allow both the MREG and PREG registers to be used.  If the DSP48 was instantiated in the design, it is suggested to set both the MREG and PREG attributes to 1 when performing multiply functions.
WARNING: [DRC DPOP-2] MREG Output pipelining: DSP system_i/dut0/inst/u4/t2 multiplier stage system_i/dut0/inst/u4/t2/P[47:0] is not pipelined (MREG=0). Pipelining the multiplier function will improve performance and will save significant power so it is suggested whenever possible to fully pipeline this function.  If this multiplier was inferred, it is suggested to describe an additional register stage after this function.  If there is no registered adder/accumulator following the multiply function, two pipeline stages are suggested to allow both the MREG and PREG registers to be used.  If the DSP48 was instantiated in the design, it is suggested to set both the MREG and PREG attributes to 1 when performing multiply functions.
WARNING: [DRC DPOP-2] MREG Output pipelining: DSP system_i/dut0/inst/u4/t3 multiplier stage system_i/dut0/inst/u4/t3/P[47:0] is not pipelined (MREG=0). Pipelining the multiplier function will improve performance and will save significant power so it is suggested whenever possible to fully pipeline this function.  If this multiplier was inferred, it is suggested to describe an additional register stage after this function.  If there is no registered adder/accumulator following the multiply function, two pipeline stages are suggested to allow both the MREG and PREG registers to be used.  If the DSP48 was instantiated in the design, it is suggested to set both the MREG and PREG attributes to 1 when performing multiply functions.
WARNING: [DRC DPOP-2] MREG Output pipelining: DSP system_i/dut0/inst/u4/t4 multiplier stage system_i/dut0/inst/u4/t4/P[47:0] is not pipelined (MREG=0). Pipelining the multiplier function will improve performance and will save significant power so it is suggested whenever possible to fully pipeline this function.  If this multiplier was inferred, it is suggested to describe an additional register stage after this function.  If there is no registered adder/accumulator following the multiply function, two pipeline stages are suggested to allow both the MREG and PREG registers to be used.  If the DSP48 was instantiated in the design, it is suggested to set both the MREG and PREG attributes to 1 when performing multiply functions.
WARNING: [DRC DPOP-2] MREG Output pipelining: DSP system_i/dut0/inst/u4/t5 multiplier stage system_i/dut0/inst/u4/t5/P[47:0] is not pipelined (MREG=0). Pipelining the multiplier function will improve performance and will save significant power so it is suggested whenever possible to fully pipeline this function.  If this multiplier was inferred, it is suggested to describe an additional register stage after this function.  If there is no registered adder/accumulator following the multiply function, two pipeline stages are suggested to allow both the MREG and PREG registers to be used.  If the DSP48 was instantiated in the design, it is suggested to set both the MREG and PREG attributes to 1 when performing multiply functions.
WARNING: [DRC DPOP-2] MREG Output pipelining: DSP system_i/dut0/inst/u4/t6 multiplier stage system_i/dut0/inst/u4/t6/P[47:0] is not pipelined (MREG=0). Pipelining the multiplier function will improve performance and will save significant power so it is suggested whenever possible to fully pipeline this function.  If this multiplier was inferred, it is suggested to describe an additional register stage after this function.  If there is no registered adder/accumulator following the multiply function, two pipeline stages are suggested to allow both the MREG and PREG registers to be used.  If the DSP48 was instantiated in the design, it is suggested to set both the MREG and PREG attributes to 1 when performing multiply functions.
WARNING: [DRC DPOP-2] MREG Output pipelining: DSP system_i/dut0/inst/u4/t7 multiplier stage system_i/dut0/inst/u4/t7/P[47:0] is not pipelined (MREG=0). Pipelining the multiplier function will improve performance and will save significant power so it is suggested whenever possible to fully pipeline this function.  If this multiplier was inferred, it is suggested to describe an additional register stage after this function.  If there is no registered adder/accumulator following the multiply function, two pipeline stages are suggested to allow both the MREG and PREG registers to be used.  If the DSP48 was instantiated in the design, it is suggested to set both the MREG and PREG attributes to 1 when performing multiply functions.
WARNING: [DRC DPOP-2] MREG Output pipelining: DSP system_i/dut0/inst/u4/t8 multiplier stage system_i/dut0/inst/u4/t8/P[47:0] is not pipelined (MREG=0). Pipelining the multiplier function will improve performance and will save significant power so it is suggested whenever possible to fully pipeline this function.  If this multiplier was inferred, it is suggested to describe an additional register stage after this function.  If there is no registered adder/accumulator following the multiply function, two pipeline stages are suggested to allow both the MREG and PREG registers to be used.  If the DSP48 was instantiated in the design, it is suggested to set both the MREG and PREG attributes to 1 when performing multiply functions.
WARNING: [DRC DPOP-2] MREG Output pipelining: DSP system_i/dut0/inst/u4/t9 multiplier stage system_i/dut0/inst/u4/t9/P[47:0] is not pipelined (MREG=0). Pipelining the multiplier function will improve performance and will save significant power so it is suggested whenever possible to fully pipeline this function.  If this multiplier was inferred, it is suggested to describe an additional register stage after this function.  If there is no registered adder/accumulator following the multiply function, two pipeline stages are suggested to allow both the MREG and PREG registers to be used.  If the DSP48 was instantiated in the design, it is suggested to set both the MREG and PREG attributes to 1 when performing multiply functions.
WARNING: [DRC DPOP-2] MREG Output pipelining: DSP system_i/dut0/inst/u4/y_reg multiplier stage system_i/dut0/inst/u4/y_reg/P[47:0] is not pipelined (MREG=0). Pipelining the multiplier function will improve performance and will save significant power so it is suggested whenever possible to fully pipeline this function.  If this multiplier was inferred, it is suggested to describe an additional register stage after this function.  If there is no registered adder/accumulator following the multiply function, two pipeline stages are suggested to allow both the MREG and PREG registers to be used.  If the DSP48 was instantiated in the design, it is suggested to set both the MREG and PREG attributes to 1 when performing multiply functions.
INFO: [Vivado 12-3199] DRC finished with 0 Errors, 45 Warnings
INFO: [Vivado 12-3200] Please refer to the DRC report (report_drc) for more information.
INFO: [Designutils 20-2272] Running write_bitstream with 2 threads.
Loading data files...
Loading site data...
Loading route data...
Processing options...
Creating bitmap...
Creating bitstream...
Writing bitstream C:/Users/Amine/mas/fpga-repo/rtl/sealed_study2_board/out/system_study2_board.bit...
INFO: [Vivado 12-1842] Bitgen Completed Successfully.
INFO: [Project 1-1876] WebTalk data collection is mandatory when using a ULT device. To see the specific WebTalk data collected for your design, open the usage_statistics_webtalk.html or usage_statistics_webtalk.xml file in the implementation directory.
INFO: [Common 17-83] Releasing license: Implementation
9 Infos, 45 Warnings, 0 Critical Warnings and 0 Errors encountered.
write_bitstream completed successfully
write_bitstream: Time (s): cpu = 00:00:18 ; elapsed = 00:00:16 . Memory (MB): peak = 2805.305 ; gain = 210.484
# set hwh [glob -nocomplain \
#     [file join $OUT proj *.gen sources_1 bd system hw_handoff system.hwh] \
#     [file join $OUT proj *.srcs sources_1 bd system hw_handoff system.hwh]]
# if {$hwh eq ""} { error "system.hwh was not generated" }
# file copy -force [lindex $hwh 0] [file join $OUT system_study2_board.hwh]
# puts "STUDY2 BOARD BITSTREAM DONE"
STUDY2 BOARD BITSTREAM DONE
INFO: [Common 17-206] Exiting Vivado at Wed Aug 26 16:36:08 2026...
