Copyright 1986-2022 Xilinx, Inc. All Rights Reserved. Copyright 2022-2026 Advanced Micro Devices, Inc. All Rights Reserved.
-------------------------------------------------------------------------------------------------------------------------------------------------------------------------------------------------------------------------------------------------------------------------------------
| Tool Version : Vivado v.2026.1 (win64) Build 6511674 Tue Jun 16 11:02:23 MDT 2026
| Date         : Mon Aug 31 00:12:13 2026
| Host         : Amine running 64-bit major release  (build 9200)
| Command      : report_timing_summary -delay_type max -max_paths 10 -report_unconstrained -check_timing_verbose -warn_on_violation -file C:/Users/Amine/mas/fpga-repo/timing_closure_candidate_v7/results/c08_med_rf_med21/trial_001_search_p68p43675_a0/reports/timing_summary.rpt
| Design       : rf_s1__med21__g0
| Device       : 7z020-clg400
| Speed File   : -1  PRODUCTION 1.12 2019-11-22
| Design State : Routed
-------------------------------------------------------------------------------------------------------------------------------------------------------------------------------------------------------------------------------------------------------------------------------------

Timing Summary Report

------------------------------------------------------------------------------------------------
| Timer Settings
| --------------
------------------------------------------------------------------------------------------------

  Enable Multi Corner Analysis               :  Yes
  Enable Pessimism Removal                   :  Yes
  Pessimism Removal Resolution               :  Nearest Common Node
  Enable Input Delay Default Clock           :  No
  Enable Preset / Clear Arcs                 :  No
  Disable Flight Delays                      :  No
  Ignore I/O Paths                           :  No
  Timing Early Launch at Borrowing Latches   :  No
  Borrow Time for Max Delay Exceptions       :  Yes
  Merge Timing Exceptions                    :  Yes
  Inter-SLR Compensation                     :  Conservative

  Corner  Analyze    Analyze    
  Name    Max Paths  Min Paths  
  ------  ---------  ---------  
  Slow    Yes        Yes        
  Fast    Yes        Yes        


------------------------------------------------------------------------------------------------
| Report Methodology
| ------------------
------------------------------------------------------------------------------------------------

No report available as report_methodology has not been run prior. Run report_methodology on the current design for the summary of methodology violations.



check_timing report

Table of Contents
-----------------
1. checking no_clock (0)
2. checking constant_clock (0)
3. checking pulse_width_clock (0)
4. checking unconstrained_internal_endpoints (0)
5. checking no_input_delay (0)
6. checking no_output_delay (0)
7. checking multiple_clock (0)
8. checking generated_clocks (0)
9. checking loops (0)
10. checking partial_input_delay (0)
11. checking partial_output_delay (0)
12. checking latch_loops (0)

1. checking no_clock (0)
------------------------
 There are 0 register/latch pins with no clock.


2. checking constant_clock (0)
------------------------------
 There are 0 register/latch pins with constant_clock.


3. checking pulse_width_clock (0)
---------------------------------
 There are 0 register/latch pins which need pulse_width check


4. checking unconstrained_internal_endpoints (0)
------------------------------------------------
 There are 0 pins that are not constrained for maximum delay.

 There are 0 pins that are not constrained for maximum delay due to constant clock.


5. checking no_input_delay (0)
------------------------------
 There are 0 input ports with no input delay specified.

 There are 0 input ports with no input delay but user has a false path constraint.


6. checking no_output_delay (0)
-------------------------------
 There are 0 ports with no output delay specified.

 There are 0 ports with no output delay but user has a false path constraint

 There are 0 ports with no output delay but with a timing clock defined on it or propagating through it


7. checking multiple_clock (0)
------------------------------
 There are 0 register/latch pins with multiple clocks.


8. checking generated_clocks (0)
--------------------------------
 There are 0 generated clocks that are not connected to a clock source.


9. checking loops (0)
---------------------
 There are 0 combinational loops in the design.


10. checking partial_input_delay (0)
------------------------------------
 There are 0 input ports with partial input delay specified.


11. checking partial_output_delay (0)
-------------------------------------
 There are 0 ports with partial output delay specified.


12. checking latch_loops (0)
----------------------------
 There are 0 combinational latch loops in the design through latch input



------------------------------------------------------------------------------------------------
| Design Timing Summary
| ---------------------
------------------------------------------------------------------------------------------------

    WNS(ns)      TNS(ns)  TNS Failing Endpoints  TNS Total Endpoints     WPWS(ns)     TPWS(ns)  TPWS Failing Endpoints  TPWS Total Endpoints  
    -------      -------  ---------------------  -------------------     --------     --------  ----------------------  --------------------  
    -25.491     -203.207                      8                  344       33.718        0.000                       0                   168  


Timing constraints are not met.


------------------------------------------------------------------------------------------------
| Clock Summary
| -------------
------------------------------------------------------------------------------------------------

Clock  Waveform(ns)       Period(ns)      Frequency(MHz)
-----  ------------       ----------      --------------
vclk   {0.000 34.218}     68.437          14.612          


------------------------------------------------------------------------------------------------
| Intra Clock Table
| -----------------
------------------------------------------------------------------------------------------------

Clock             WNS(ns)      TNS(ns)  TNS Failing Endpoints  TNS Total Endpoints     WPWS(ns)     TPWS(ns)  TPWS Failing Endpoints  TPWS Total Endpoints  
-----             -------      -------  ---------------------  -------------------     --------     --------  ----------------------  --------------------  
vclk              -25.491     -203.207                      8                  344       33.718        0.000                       0                   168  


------------------------------------------------------------------------------------------------
| Inter Clock Table
| -----------------
------------------------------------------------------------------------------------------------

From Clock    To Clock          WNS(ns)      TNS(ns)  TNS Failing Endpoints  TNS Total Endpoints  
----------    --------          -------      -------  ---------------------  -------------------  


------------------------------------------------------------------------------------------------
| Other Path Groups Table
| -----------------------
------------------------------------------------------------------------------------------------

Path Group    From Clock    To Clock          WNS(ns)      TNS(ns)  TNS Failing Endpoints  TNS Total Endpoints  
----------    ----------    --------          -------      -------  ---------------------  -------------------  


------------------------------------------------------------------------------------------------
| User Ignored Path Table
| -----------------------
------------------------------------------------------------------------------------------------

Path Group    From Clock    To Clock    
----------    ----------    --------    


------------------------------------------------------------------------------------------------
| Unconstrained Path Table
| ------------------------
------------------------------------------------------------------------------------------------

Path Group    From Clock    To Clock    
----------    ----------    --------    


------------------------------------------------------------------------------------------------
| Timing Details
| --------------
------------------------------------------------------------------------------------------------


---------------------------------------------------------------------------------------------------
From Clock:  vclk
  To Clock:  vclk

Setup :            8  Failing Endpoints,  Worst Slack      -25.491ns,  Total Violation     -203.207ns
Hold  :           NA  Failing Endpoints,  Worst Slack           NA  ,  Total Violation           NA
PW    :            0  Failing Endpoints,  Worst Slack       33.718ns,  Total Violation        0.000ns
---------------------------------------------------------------------------------------------------


Max Delay Paths
--------------------------------------------------------------------------------------
Slack (VIOLATED) :        -25.491ns  (required time - arrival time)
  Source:                 w0_reg[3]/C
                            (rising edge-triggered cell FDRE clocked by vclk  {rise@0.000ns fall@34.218ns period=68.437ns})
  Destination:            y_reg[0]/D
                            (rising edge-triggered cell FDRE clocked by vclk  {rise@0.000ns fall@34.218ns period=68.437ns})
  Path Group:             vclk
  Path Type:              Setup (Max at Slow Process Corner)
  Requirement:            68.437ns  (vclk rise@68.437ns - vclk rise@0.000ns)
  Data Path Delay:        93.921ns  (logic 22.831ns (24.309%)  route 71.090ns (75.691%))
  Logic Levels:           90  (CARRY4=30 LUT3=10 LUT4=11 LUT5=19 LUT6=20)
  Clock Path Skew:        -0.049ns (DCD - SCD + CPR)
    Destination Clock Delay (DCD):    0.924ns = ( 69.361 - 68.437 ) 
    Source Clock Delay      (SCD):    0.973ns
    Clock Pessimism Removal (CPR):    0.000ns
  Clock Uncertainty:      0.035ns  ((TSJ^2 + TIJ^2)^1/2 + DJ) / 2 + PE
    Total System Jitter     (TSJ):    0.071ns
    Total Input Jitter      (TIJ):    0.000ns
    Discrete Jitter          (DJ):    0.000ns
    Phase Error              (PE):    0.000ns

    Location             Delay type                Incr(ns)  Path(ns)    Netlist Resource(s)
  -------------------------------------------------------------------    -------------------
                         (clock vclk rise edge)       0.000     0.000 r  <hidden>
                                                      0.000     0.000 r  clk
                         net (fo=167, unset)          0.973     0.973    clk
    SLICE_X53Y91         FDRE                                         r  w0_reg[3]/C
  -------------------------------------------------------------------    -------------------
    SLICE_X53Y91         FDRE (Prop_fdre_C_Q)         0.456     1.429 r  w0_reg[3]/Q
                         net (fo=11, routed)          0.835     2.264    w0[3]
    SLICE_X50Y91         LUT4 (Prop_lut4_I0_O)        0.124     2.388 r  y[7]_i_2014/O
                         net (fo=1, routed)           0.000     2.388    y[7]_i_2014_n_0
    SLICE_X50Y91         CARRY4 (Prop_carry4_S[1]_CO[3])
                                                      0.533     2.921 r  y_reg[7]_i_1914/CO[3]
                         net (fo=64, routed)          1.024     3.944    y_reg[7]_i_1914_n_0
    SLICE_X50Y92         LUT3 (Prop_lut3_I1_O)        0.124     4.068 r  y[7]_i_2100/O
                         net (fo=1, routed)           0.171     4.239    y[7]_i_2100_n_0
    SLICE_X50Y92         LUT6 (Prop_lut6_I1_O)        0.124     4.363 r  y[7]_i_2016/O
                         net (fo=1, routed)           0.645     5.008    y[7]_i_2016_n_0
    SLICE_X51Y89         CARRY4 (Prop_carry4_DI[3]_CO[3])
                                                      0.385     5.393 r  y_reg[7]_i_1915/CO[3]
                         net (fo=40, routed)          1.287     6.680    y_reg[7]_i_1915_n_0
    SLICE_X52Y90         LUT5 (Prop_lut5_I1_O)        0.124     6.804 r  y[2]_i_179/O
                         net (fo=10, routed)          0.686     7.490    y[2]_i_179_n_0
    SLICE_X52Y91         LUT4 (Prop_lut4_I2_O)        0.124     7.614 r  y[7]_i_2046/O
                         net (fo=1, routed)           0.000     7.614    y[7]_i_2046_n_0
    SLICE_X52Y91         CARRY4 (Prop_carry4_S[1]_CO[3])
                                                      0.550     8.164 r  y_reg[7]_i_1927/CO[3]
                         net (fo=64, routed)          1.449     9.613    y_reg[7]_i_1927_n_0
    SLICE_X54Y94         LUT3 (Prop_lut3_I1_O)        0.124     9.737 r  y[7]_i_2122/O
                         net (fo=1, routed)           0.162     9.899    y[7]_i_2122_n_0
    SLICE_X54Y94         LUT6 (Prop_lut6_I1_O)        0.124    10.023 r  y[7]_i_2078/O
                         net (fo=1, routed)           0.631    10.654    y[7]_i_2078_n_0
    SLICE_X54Y95         CARRY4 (Prop_carry4_DI[1]_CO[3])
                                                      0.520    11.174 r  y_reg[7]_i_1995/CO[3]
                         net (fo=16, routed)          1.452    12.626    y_reg[7]_i_1995_n_0
    SLICE_X50Y93         LUT5 (Prop_lut5_I1_O)        0.124    12.750 r  y[3]_i_224/O
                         net (fo=10, routed)          0.922    13.672    y[3]_i_224_n_0
    SLICE_X48Y91         LUT4 (Prop_lut4_I0_O)        0.124    13.796 r  y[7]_i_1993/O
                         net (fo=1, routed)           0.000    13.796    y[7]_i_1993_n_0
    SLICE_X48Y91         CARRY4 (Prop_carry4_S[1]_CO[3])
                                                      0.550    14.346 r  y_reg[7]_i_1871/CO[3]
                         net (fo=64, routed)          1.217    15.563    y_reg[7]_i_1871_n_0
    SLICE_X45Y91         LUT3 (Prop_lut3_I1_O)        0.124    15.687 r  y[7]_i_2071/O
                         net (fo=1, routed)           0.711    16.398    y[7]_i_2071_n_0
    SLICE_X47Y90         LUT6 (Prop_lut6_I1_O)        0.124    16.522 r  y[7]_i_1982/O
                         net (fo=1, routed)           0.502    17.024    y[7]_i_1982_n_0
    SLICE_X46Y91         CARRY4 (Prop_carry4_DI[0]_CO[3])
                                                      0.550    17.574 r  y_reg[7]_i_1870/CO[3]
                         net (fo=16, routed)          1.261    18.835    y_reg[7]_i_1870_n_0
    SLICE_X47Y91         LUT5 (Prop_lut5_I1_O)        0.124    18.959 r  y[3]_i_213/O
                         net (fo=10, routed)          0.618    19.577    y[3]_i_213_n_0
    SLICE_X44Y91         LUT4 (Prop_lut4_I0_O)        0.124    19.701 r  y[7]_i_1868/O
                         net (fo=1, routed)           0.000    19.701    y[7]_i_1868_n_0
    SLICE_X44Y91         CARRY4 (Prop_carry4_S[1]_CO[3])
                                                      0.550    20.251 r  y_reg[7]_i_1741/CO[3]
                         net (fo=64, routed)          1.312    21.563    y_reg[7]_i_1741_n_0
    SLICE_X39Y91         LUT3 (Prop_lut3_I1_O)        0.124    21.687 r  y[7]_i_1971/O
                         net (fo=1, routed)           0.304    21.991    y[7]_i_1971_n_0
    SLICE_X36Y91         LUT6 (Prop_lut6_I1_O)        0.124    22.115 r  y[7]_i_1854/O
                         net (fo=1, routed)           0.337    22.452    y[7]_i_1854_n_0
    SLICE_X40Y91         CARRY4 (Prop_carry4_DI[3]_CO[3])
                                                      0.385    22.837 r  y_reg[7]_i_1740/CO[3]
                         net (fo=16, routed)          1.361    24.198    y_reg[7]_i_1740_n_0
    SLICE_X40Y94         LUT5 (Prop_lut5_I1_O)        0.124    24.322 r  y[1]_i_200/O
                         net (fo=10, routed)          0.863    25.185    y[1]_i_200_n_0
    SLICE_X40Y96         LUT4 (Prop_lut4_I0_O)        0.124    25.309 r  y[7]_i_1750/O
                         net (fo=1, routed)           0.000    25.309    y[7]_i_1750_n_0
    SLICE_X40Y96         CARRY4 (Prop_carry4_S[0]_CO[3])
                                                      0.532    25.841 r  y_reg[7]_i_1585/CO[3]
                         net (fo=64, routed)          1.593    27.434    y_reg[7]_i_1585_n_0
    SLICE_X35Y105        LUT3 (Prop_lut3_I1_O)        0.124    27.558 r  y[7]_i_1895/O
                         net (fo=1, routed)           0.472    28.030    y[7]_i_1895_n_0
    SLICE_X32Y107        LUT6 (Prop_lut6_I1_O)        0.124    28.154 r  y[7]_i_1774/O
                         net (fo=1, routed)           0.904    29.058    y[7]_i_1774_n_0
    SLICE_X31Y114        CARRY4 (Prop_carry4_DI[1]_CO[3])
                                                      0.507    29.565 r  y_reg[7]_i_1599/CO[3]
                         net (fo=16, routed)          1.766    31.331    y_reg[7]_i_1599_n_0
    SLICE_X40Y98         LUT5 (Prop_lut5_I3_O)        0.124    31.455 r  y[2]_i_164/O
                         net (fo=4, routed)           0.810    32.265    y[2]_i_164_n_0
    SLICE_X40Y97         LUT4 (Prop_lut4_I3_O)        0.124    32.389 r  y[5]_i_270/O
                         net (fo=1, routed)           0.000    32.389    y[5]_i_270_n_0
    SLICE_X40Y97         CARRY4 (Prop_carry4_S[1]_CO[3])
                                                      0.550    32.939 r  y_reg[5]_i_247/CO[3]
                         net (fo=16, routed)          1.634    34.573    y_reg[5]_i_247_n_0
    SLICE_X40Y100        LUT5 (Prop_lut5_I1_O)        0.124    34.697 r  y[0]_i_155/O
                         net (fo=5, routed)           1.354    36.051    y[0]_i_155_n_0
    SLICE_X28Y109        LUT4 (Prop_lut4_I2_O)        0.124    36.175 r  y[5]_i_245/O
                         net (fo=1, routed)           0.000    36.175    y[5]_i_245_n_0
    SLICE_X28Y109        CARRY4 (Prop_carry4_S[0]_CO[3])
                                                      0.532    36.707 r  y_reg[5]_i_197/CO[3]
                         net (fo=31, routed)          1.013    37.720    y_reg[5]_i_197_n_0
    SLICE_X31Y109        LUT3 (Prop_lut3_I1_O)        0.124    37.844 r  y[5]_i_236/O
                         net (fo=6, routed)           1.046    38.890    y[5]_i_236_n_0
    SLICE_X31Y108        LUT6 (Prop_lut6_I3_O)        0.124    39.014 r  y[7]_i_1464/O
                         net (fo=1, routed)           0.000    39.014    y[7]_i_1464_n_0
    SLICE_X31Y108        CARRY4 (Prop_carry4_S[0]_CO[3])
                                                      0.532    39.546 r  y_reg[7]_i_1238/CO[3]
                         net (fo=28, routed)          1.037    40.583    y_reg[7]_i_1238_n_0
    SLICE_X28Y104        LUT5 (Prop_lut5_I4_O)        0.124    40.707 r  y[5]_i_158/O
                         net (fo=7, routed)           0.826    41.533    y[5]_i_158_n_0
    SLICE_X28Y104        LUT6 (Prop_lut6_I4_O)        0.124    41.657 r  y[5]_i_189/O
                         net (fo=1, routed)           0.771    42.429    y[5]_i_189_n_0
    SLICE_X29Y104        CARRY4 (Prop_carry4_DI[2]_CO[3])
                                                      0.398    42.827 r  y_reg[5]_i_157/CO[3]
                         net (fo=25, routed)          0.869    43.696    y_reg[5]_i_157_n_0
    SLICE_X28Y100        LUT5 (Prop_lut5_I4_O)        0.124    43.820 f  y[5]_i_186/O
                         net (fo=7, routed)           0.985    44.805    y[5]_i_186_n_0
    SLICE_X27Y94         LUT6 (Prop_lut6_I5_O)        0.124    44.929 r  y[5]_i_203/O
                         net (fo=1, routed)           0.482    45.411    y[5]_i_203_n_0
    SLICE_X26Y94         CARRY4 (Prop_carry4_DI[0]_CO[3])
                                                      0.550    45.961 r  y_reg[5]_i_160/CO[3]
                         net (fo=25, routed)          1.518    47.478    y_reg[5]_i_160_n_0
    SLICE_X32Y90         LUT3 (Prop_lut3_I1_O)        0.124    47.602 r  y[4]_i_130/O
                         net (fo=7, routed)           0.869    48.472    y[4]_i_130_n_0
    SLICE_X32Y91         LUT6 (Prop_lut6_I4_O)        0.124    48.596 r  y[7]_i_1250/O
                         net (fo=1, routed)           0.472    49.068    y[7]_i_1250_n_0
    SLICE_X33Y92         CARRY4 (Prop_carry4_DI[2]_CO[3])
                                                      0.398    49.466 r  y_reg[7]_i_1032/CO[3]
                         net (fo=28, routed)          0.883    50.349    y_reg[7]_i_1032_n_0
    SLICE_X33Y91         LUT5 (Prop_lut5_I4_O)        0.124    50.473 f  y[3]_i_118/O
                         net (fo=7, routed)           0.643    51.116    y[3]_i_118_n_0
    SLICE_X33Y90         LUT6 (Prop_lut6_I3_O)        0.124    51.240 r  y[7]_i_1022/O
                         net (fo=1, routed)           0.709    51.949    y[7]_i_1022_n_0
    SLICE_X33Y88         CARRY4 (Prop_carry4_DI[1]_CO[3])
                                                      0.507    52.456 r  y_reg[7]_i_812/CO[3]
                         net (fo=28, routed)          1.220    53.676    y_reg[7]_i_812_n_0
    SLICE_X32Y87         LUT5 (Prop_lut5_I4_O)        0.124    53.800 f  y[0]_i_107/O
                         net (fo=4, routed)           0.617    54.417    y[0]_i_107_n_0
    SLICE_X32Y86         LUT6 (Prop_lut6_I5_O)        0.124    54.541 r  y[7]_i_1036/O
                         net (fo=1, routed)           0.473    55.015    y[7]_i_1036_n_0
    SLICE_X34Y86         CARRY4 (Prop_carry4_DI[0]_CO[3])
                                                      0.550    55.565 r  y_reg[7]_i_815/CO[3]
                         net (fo=16, routed)          1.104    56.668    y_reg[7]_i_815_n_0
    SLICE_X35Y86         LUT5 (Prop_lut5_I4_O)        0.124    56.792 r  y[3]_i_95/O
                         net (fo=7, routed)           0.997    57.789    y[3]_i_95_n_0
    SLICE_X36Y84         LUT4 (Prop_lut4_I1_O)        0.124    57.913 r  y[7]_i_809/O
                         net (fo=1, routed)           0.000    57.913    y[7]_i_809_n_0
    SLICE_X36Y84         CARRY4 (Prop_carry4_S[1]_CO[3])
                                                      0.533    58.446 r  y_reg[7]_i_594/CO[3]
                         net (fo=32, routed)          1.171    59.617    y_reg[7]_i_594_n_0
    SLICE_X38Y84         LUT3 (Prop_lut3_I1_O)        0.124    59.741 f  y[0]_i_85/O
                         net (fo=4, routed)           0.830    60.571    y[0]_i_85_n_0
    SLICE_X38Y83         LUT6 (Prop_lut6_I5_O)        0.124    60.695 r  y[7]_i_819/O
                         net (fo=1, routed)           0.477    61.172    y[7]_i_819_n_0
    SLICE_X37Y83         CARRY4 (Prop_carry4_DI[0]_CO[3])
                                                      0.526    61.698 r  y_reg[7]_i_596/CO[3]
                         net (fo=20, routed)          0.964    62.662    y_reg[7]_i_596_n_0
    SLICE_X38Y83         LUT5 (Prop_lut5_I3_O)        0.124    62.786 r  y[1]_i_69/O
                         net (fo=4, routed)           0.797    63.583    y[1]_i_69_n_0
    SLICE_X37Y85         LUT6 (Prop_lut6_I3_O)        0.124    63.707 r  y[7]_i_601/O
                         net (fo=1, routed)           0.862    64.569    y[7]_i_601_n_0
    SLICE_X38Y85         CARRY4 (Prop_carry4_DI[0]_CO[3])
                                                      0.550    65.119 r  y_reg[7]_i_389/CO[3]
                         net (fo=28, routed)          1.218    66.337    y_reg[7]_i_389_n_0
    SLICE_X36Y87         LUT5 (Prop_lut5_I3_O)        0.124    66.461 r  y[5]_i_65/O
                         net (fo=4, routed)           1.014    67.475    y[5]_i_65_n_0
    SLICE_X34Y88         LUT6 (Prop_lut6_I3_O)        0.124    67.599 r  y[7]_i_565/O
                         net (fo=1, routed)           0.637    68.236    y[7]_i_565_n_0
    SLICE_X34Y87         CARRY4 (Prop_carry4_DI[2]_CO[3])
                                                      0.404    68.640 r  y_reg[7]_i_366/CO[3]
                         net (fo=20, routed)          1.263    69.903    y_reg[7]_i_366_n_0
    SLICE_X31Y91         LUT5 (Prop_lut5_I4_O)        0.124    70.027 r  y[1]_i_42/O
                         net (fo=4, routed)           0.991    71.018    y[1]_i_42_n_0
    SLICE_X31Y93         LUT6 (Prop_lut6_I3_O)        0.124    71.142 r  y[7]_i_370/O
                         net (fo=1, routed)           0.330    71.472    y[7]_i_370_n_0
    SLICE_X31Y92         CARRY4 (Prop_carry4_DI[0]_CO[3])
                                                      0.526    71.998 r  y_reg[7]_i_213/CO[3]
                         net (fo=28, routed)          1.123    73.121    y_reg[7]_i_213_n_0
    SLICE_X29Y94         LUT5 (Prop_lut5_I3_O)        0.124    73.245 f  y[5]_i_38/O
                         net (fo=4, routed)           0.980    74.225    y[5]_i_38_n_0
    SLICE_X28Y95         LUT6 (Prop_lut6_I3_O)        0.124    74.349 r  y[7]_i_334/O
                         net (fo=1, routed)           0.613    74.962    y[7]_i_334_n_0
    SLICE_X28Y96         CARRY4 (Prop_carry4_DI[2]_CO[3])
                                                      0.398    75.360 r  y_reg[7]_i_189/CO[3]
                         net (fo=20, routed)          1.160    76.520    y_reg[7]_i_189_n_0
    SLICE_X27Y98         LUT5 (Prop_lut5_I3_O)        0.124    76.644 r  y[4]_i_20/O
                         net (fo=7, routed)           0.798    77.442    y[4]_i_20_n_0
    SLICE_X27Y100        LUT6 (Prop_lut6_I4_O)        0.124    77.566 r  y[7]_i_192/O
                         net (fo=1, routed)           0.769    78.335    y[7]_i_192_n_0
    SLICE_X26Y101        CARRY4 (Prop_carry4_DI[2]_CO[3])
                                                      0.404    78.739 r  y_reg[7]_i_95/CO[3]
                         net (fo=28, routed)          1.198    79.937    y_reg[7]_i_95_n_0
    SLICE_X28Y103        LUT5 (Prop_lut5_I3_O)        0.124    80.061 f  y[1]_i_27/O
                         net (fo=4, routed)           0.828    80.889    y[1]_i_27_n_0
    SLICE_X31Y104        LUT6 (Prop_lut6_I3_O)        0.124    81.013 r  y[7]_i_241/O
                         net (fo=1, routed)           0.600    81.613    y[7]_i_241_n_0
    SLICE_X30Y106        CARRY4 (Prop_carry4_DI[0]_CO[3])
                                                      0.550    82.163 r  y_reg[7]_i_121/CO[3]
                         net (fo=16, routed)          1.312    83.474    y_reg[7]_i_121_n_0
    SLICE_X30Y103        LUT5 (Prop_lut5_I1_O)        0.124    83.598 r  y[3]_i_12/O
                         net (fo=4, routed)           0.853    84.452    y[3]_i_12_n_0
    SLICE_X26Y103        LUT6 (Prop_lut6_I3_O)        0.124    84.576 r  y[7]_i_114/O
                         net (fo=1, routed)           0.483    85.059    y[7]_i_114_n_0
    SLICE_X27Y103        CARRY4 (Prop_carry4_DI[1]_CO[3])
                                                      0.507    85.566 r  y_reg[7]_i_37/CO[3]
                         net (fo=16, routed)          0.803    86.369    y_reg[7]_i_37_n_0
    SLICE_X26Y104        LUT5 (Prop_lut5_I4_O)        0.124    86.493 r  y[3]_i_8/O
                         net (fo=6, routed)           1.009    87.502    y[3]_i_8_n_0
    SLICE_X27Y109        LUT4 (Prop_lut4_I0_O)        0.124    87.626 r  y[7]_i_80/O
                         net (fo=1, routed)           0.000    87.626    y[7]_i_80_n_0
    SLICE_X27Y109        CARRY4 (Prop_carry4_S[1]_CO[3])
                                                      0.550    88.176 r  y_reg[7]_i_22/CO[3]
                         net (fo=16, routed)          1.063    89.239    y_reg[7]_i_22_n_0
    SLICE_X29Y108        LUT3 (Prop_lut3_I1_O)        0.124    89.363 r  y[1]_i_5/O
                         net (fo=5, routed)           0.950    90.313    y[1]_i_5_n_0
    SLICE_X29Y107        LUT4 (Prop_lut4_I1_O)        0.124    90.437 r  y[7]_i_33/O
                         net (fo=1, routed)           0.000    90.437    y[7]_i_33_n_0
    SLICE_X29Y107        CARRY4 (Prop_carry4_S[0]_CO[3])
                                                      0.532    90.969 r  y_reg[7]_i_6/CO[3]
                         net (fo=8, routed)           1.192    92.161    y_reg[7]_i_6_n_0
    SLICE_X27Y106        LUT6 (Prop_lut6_I0_O)        0.124    92.285 r  y[6]_i_2/O
                         net (fo=3, routed)           0.840    93.125    y[6]_i_2_n_0
    SLICE_X26Y107        LUT4 (Prop_lut4_I2_O)        0.124    93.249 r  y[7]_i_16/O
                         net (fo=1, routed)           0.000    93.249    y[7]_i_16_n_0
    SLICE_X26Y107        CARRY4 (Prop_carry4_S[3]_CO[3])
                                                      0.376    93.625 r  y_reg[7]_i_4/CO[3]
                         net (fo=8, routed)           1.145    94.770    s1
    SLICE_X26Y106        LUT3 (Prop_lut3_I2_O)        0.124    94.894 r  y[0]_i_1/O
                         net (fo=1, routed)           0.000    94.894    y[0]_i_1_n_0
    SLICE_X26Y106        FDRE                                         r  y_reg[0]/D
  -------------------------------------------------------------------    -------------------

                         (clock vclk rise edge)      68.437    68.437 r  <hidden>
                                                      0.000    68.437 r  clk
                         net (fo=167, unset)          0.924    69.361    clk
    SLICE_X26Y106        FDRE                                         r  y_reg[0]/C
                         clock pessimism              0.000    69.361    <hidden>
                         clock uncertainty           -0.035    69.326    <hidden>
    SLICE_X26Y106        FDRE (Setup_fdre_C_D)        0.077    69.403    y_reg[0]
  -------------------------------------------------------------------
                         required time                         69.403    <hidden>
                         arrival time                         -94.894    <hidden>
  -------------------------------------------------------------------
                         slack                                -25.491    <hidden>

Slack (VIOLATED) :        -25.483ns  (required time - arrival time)
  Source:                 w0_reg[3]/C
                            (rising edge-triggered cell FDRE clocked by vclk  {rise@0.000ns fall@34.218ns period=68.437ns})
  Destination:            y_reg[6]/D
                            (rising edge-triggered cell FDRE clocked by vclk  {rise@0.000ns fall@34.218ns period=68.437ns})
  Path Group:             vclk
  Path Type:              Setup (Max at Slow Process Corner)
  Requirement:            68.437ns  (vclk rise@68.437ns - vclk rise@0.000ns)
  Data Path Delay:        93.915ns  (logic 22.831ns (24.310%)  route 71.084ns (75.690%))
  Logic Levels:           90  (CARRY4=30 LUT3=10 LUT4=11 LUT5=19 LUT6=20)
  Clock Path Skew:        -0.049ns (DCD - SCD + CPR)
    Destination Clock Delay (DCD):    0.924ns = ( 69.361 - 68.437 ) 
    Source Clock Delay      (SCD):    0.973ns
    Clock Pessimism Removal (CPR):    0.000ns
  Clock Uncertainty:      0.035ns  ((TSJ^2 + TIJ^2)^1/2 + DJ) / 2 + PE
    Total System Jitter     (TSJ):    0.071ns
    Total Input Jitter      (TIJ):    0.000ns
    Discrete Jitter          (DJ):    0.000ns
    Phase Error              (PE):    0.000ns

    Location             Delay type                Incr(ns)  Path(ns)    Netlist Resource(s)
  -------------------------------------------------------------------    -------------------
                         (clock vclk rise edge)       0.000     0.000 r  <hidden>
                                                      0.000     0.000 r  clk
                         net (fo=167, unset)          0.973     0.973    clk
    SLICE_X53Y91         FDRE                                         r  w0_reg[3]/C
  -------------------------------------------------------------------    -------------------
    SLICE_X53Y91         FDRE (Prop_fdre_C_Q)         0.456     1.429 r  w0_reg[3]/Q
                         net (fo=11, routed)          0.835     2.264    w0[3]
    SLICE_X50Y91         LUT4 (Prop_lut4_I0_O)        0.124     2.388 r  y[7]_i_2014/O
                         net (fo=1, routed)           0.000     2.388    y[7]_i_2014_n_0
    SLICE_X50Y91         CARRY4 (Prop_carry4_S[1]_CO[3])
                                                      0.533     2.921 r  y_reg[7]_i_1914/CO[3]
                         net (fo=64, routed)          1.024     3.944    y_reg[7]_i_1914_n_0
    SLICE_X50Y92         LUT3 (Prop_lut3_I1_O)        0.124     4.068 r  y[7]_i_2100/O
                         net (fo=1, routed)           0.171     4.239    y[7]_i_2100_n_0
    SLICE_X50Y92         LUT6 (Prop_lut6_I1_O)        0.124     4.363 r  y[7]_i_2016/O
                         net (fo=1, routed)           0.645     5.008    y[7]_i_2016_n_0
    SLICE_X51Y89         CARRY4 (Prop_carry4_DI[3]_CO[3])
                                                      0.385     5.393 r  y_reg[7]_i_1915/CO[3]
                         net (fo=40, routed)          1.287     6.680    y_reg[7]_i_1915_n_0
    SLICE_X52Y90         LUT5 (Prop_lut5_I1_O)        0.124     6.804 r  y[2]_i_179/O
                         net (fo=10, routed)          0.686     7.490    y[2]_i_179_n_0
    SLICE_X52Y91         LUT4 (Prop_lut4_I2_O)        0.124     7.614 r  y[7]_i_2046/O
                         net (fo=1, routed)           0.000     7.614    y[7]_i_2046_n_0
    SLICE_X52Y91         CARRY4 (Prop_carry4_S[1]_CO[3])
                                                      0.550     8.164 r  y_reg[7]_i_1927/CO[3]
                         net (fo=64, routed)          1.449     9.613    y_reg[7]_i_1927_n_0
    SLICE_X54Y94         LUT3 (Prop_lut3_I1_O)        0.124     9.737 r  y[7]_i_2122/O
                         net (fo=1, routed)           0.162     9.899    y[7]_i_2122_n_0
    SLICE_X54Y94         LUT6 (Prop_lut6_I1_O)        0.124    10.023 r  y[7]_i_2078/O
                         net (fo=1, routed)           0.631    10.654    y[7]_i_2078_n_0
    SLICE_X54Y95         CARRY4 (Prop_carry4_DI[1]_CO[3])
                                                      0.520    11.174 r  y_reg[7]_i_1995/CO[3]
                         net (fo=16, routed)          1.452    12.626    y_reg[7]_i_1995_n_0
    SLICE_X50Y93         LUT5 (Prop_lut5_I1_O)        0.124    12.750 r  y[3]_i_224/O
                         net (fo=10, routed)          0.922    13.672    y[3]_i_224_n_0
    SLICE_X48Y91         LUT4 (Prop_lut4_I0_O)        0.124    13.796 r  y[7]_i_1993/O
                         net (fo=1, routed)           0.000    13.796    y[7]_i_1993_n_0
    SLICE_X48Y91         CARRY4 (Prop_carry4_S[1]_CO[3])
                                                      0.550    14.346 r  y_reg[7]_i_1871/CO[3]
                         net (fo=64, routed)          1.217    15.563    y_reg[7]_i_1871_n_0
    SLICE_X45Y91         LUT3 (Prop_lut3_I1_O)        0.124    15.687 r  y[7]_i_2071/O
                         net (fo=1, routed)           0.711    16.398    y[7]_i_2071_n_0
    SLICE_X47Y90         LUT6 (Prop_lut6_I1_O)        0.124    16.522 r  y[7]_i_1982/O
                         net (fo=1, routed)           0.502    17.024    y[7]_i_1982_n_0
    SLICE_X46Y91         CARRY4 (Prop_carry4_DI[0]_CO[3])
                                                      0.550    17.574 r  y_reg[7]_i_1870/CO[3]
                         net (fo=16, routed)          1.261    18.835    y_reg[7]_i_1870_n_0
    SLICE_X47Y91         LUT5 (Prop_lut5_I1_O)        0.124    18.959 r  y[3]_i_213/O
                         net (fo=10, routed)          0.618    19.577    y[3]_i_213_n_0
    SLICE_X44Y91         LUT4 (Prop_lut4_I0_O)        0.124    19.701 r  y[7]_i_1868/O
                         net (fo=1, routed)           0.000    19.701    y[7]_i_1868_n_0
    SLICE_X44Y91         CARRY4 (Prop_carry4_S[1]_CO[3])
                                                      0.550    20.251 r  y_reg[7]_i_1741/CO[3]
                         net (fo=64, routed)          1.312    21.563    y_reg[7]_i_1741_n_0
    SLICE_X39Y91         LUT3 (Prop_lut3_I1_O)        0.124    21.687 r  y[7]_i_1971/O
                         net (fo=1, routed)           0.304    21.991    y[7]_i_1971_n_0
    SLICE_X36Y91         LUT6 (Prop_lut6_I1_O)        0.124    22.115 r  y[7]_i_1854/O
                         net (fo=1, routed)           0.337    22.452    y[7]_i_1854_n_0
    SLICE_X40Y91         CARRY4 (Prop_carry4_DI[3]_CO[3])
                                                      0.385    22.837 r  y_reg[7]_i_1740/CO[3]
                         net (fo=16, routed)          1.361    24.198    y_reg[7]_i_1740_n_0
    SLICE_X40Y94         LUT5 (Prop_lut5_I1_O)        0.124    24.322 r  y[1]_i_200/O
                         net (fo=10, routed)          0.863    25.185    y[1]_i_200_n_0
    SLICE_X40Y96         LUT4 (Prop_lut4_I0_O)        0.124    25.309 r  y[7]_i_1750/O
                         net (fo=1, routed)           0.000    25.309    y[7]_i_1750_n_0
    SLICE_X40Y96         CARRY4 (Prop_carry4_S[0]_CO[3])
                                                      0.532    25.841 r  y_reg[7]_i_1585/CO[3]
                         net (fo=64, routed)          1.593    27.434    y_reg[7]_i_1585_n_0
    SLICE_X35Y105        LUT3 (Prop_lut3_I1_O)        0.124    27.558 r  y[7]_i_1895/O
                         net (fo=1, routed)           0.472    28.030    y[7]_i_1895_n_0
    SLICE_X32Y107        LUT6 (Prop_lut6_I1_O)        0.124    28.154 r  y[7]_i_1774/O
                         net (fo=1, routed)           0.904    29.058    y[7]_i_1774_n_0
    SLICE_X31Y114        CARRY4 (Prop_carry4_DI[1]_CO[3])
                                                      0.507    29.565 r  y_reg[7]_i_1599/CO[3]
                         net (fo=16, routed)          1.766    31.331    y_reg[7]_i_1599_n_0
    SLICE_X40Y98         LUT5 (Prop_lut5_I3_O)        0.124    31.455 r  y[2]_i_164/O
                         net (fo=4, routed)           0.810    32.265    y[2]_i_164_n_0
    SLICE_X40Y97         LUT4 (Prop_lut4_I3_O)        0.124    32.389 r  y[5]_i_270/O
                         net (fo=1, routed)           0.000    32.389    y[5]_i_270_n_0
    SLICE_X40Y97         CARRY4 (Prop_carry4_S[1]_CO[3])
                                                      0.550    32.939 r  y_reg[5]_i_247/CO[3]
                         net (fo=16, routed)          1.634    34.573    y_reg[5]_i_247_n_0
    SLICE_X40Y100        LUT5 (Prop_lut5_I1_O)        0.124    34.697 r  y[0]_i_155/O
                         net (fo=5, routed)           1.354    36.051    y[0]_i_155_n_0
    SLICE_X28Y109        LUT4 (Prop_lut4_I2_O)        0.124    36.175 r  y[5]_i_245/O
                         net (fo=1, routed)           0.000    36.175    y[5]_i_245_n_0
    SLICE_X28Y109        CARRY4 (Prop_carry4_S[0]_CO[3])
                                                      0.532    36.707 r  y_reg[5]_i_197/CO[3]
                         net (fo=31, routed)          1.013    37.720    y_reg[5]_i_197_n_0
    SLICE_X31Y109        LUT3 (Prop_lut3_I1_O)        0.124    37.844 r  y[5]_i_236/O
                         net (fo=6, routed)           1.046    38.890    y[5]_i_236_n_0
    SLICE_X31Y108        LUT6 (Prop_lut6_I3_O)        0.124    39.014 r  y[7]_i_1464/O
                         net (fo=1, routed)           0.000    39.014    y[7]_i_1464_n_0
    SLICE_X31Y108        CARRY4 (Prop_carry4_S[0]_CO[3])
                                                      0.532    39.546 r  y_reg[7]_i_1238/CO[3]
                         net (fo=28, routed)          1.037    40.583    y_reg[7]_i_1238_n_0
    SLICE_X28Y104        LUT5 (Prop_lut5_I4_O)        0.124    40.707 r  y[5]_i_158/O
                         net (fo=7, routed)           0.826    41.533    y[5]_i_158_n_0
    SLICE_X28Y104        LUT6 (Prop_lut6_I4_O)        0.124    41.657 r  y[5]_i_189/O
                         net (fo=1, routed)           0.771    42.429    y[5]_i_189_n_0
    SLICE_X29Y104        CARRY4 (Prop_carry4_DI[2]_CO[3])
                                                      0.398    42.827 r  y_reg[5]_i_157/CO[3]
                         net (fo=25, routed)          0.869    43.696    y_reg[5]_i_157_n_0
    SLICE_X28Y100        LUT5 (Prop_lut5_I4_O)        0.124    43.820 f  y[5]_i_186/O
                         net (fo=7, routed)           0.985    44.805    y[5]_i_186_n_0
    SLICE_X27Y94         LUT6 (Prop_lut6_I5_O)        0.124    44.929 r  y[5]_i_203/O
                         net (fo=1, routed)           0.482    45.411    y[5]_i_203_n_0
    SLICE_X26Y94         CARRY4 (Prop_carry4_DI[0]_CO[3])
                                                      0.550    45.961 r  y_reg[5]_i_160/CO[3]
                         net (fo=25, routed)          1.518    47.478    y_reg[5]_i_160_n_0
    SLICE_X32Y90         LUT3 (Prop_lut3_I1_O)        0.124    47.602 r  y[4]_i_130/O
                         net (fo=7, routed)           0.869    48.472    y[4]_i_130_n_0
    SLICE_X32Y91         LUT6 (Prop_lut6_I4_O)        0.124    48.596 r  y[7]_i_1250/O
                         net (fo=1, routed)           0.472    49.068    y[7]_i_1250_n_0
    SLICE_X33Y92         CARRY4 (Prop_carry4_DI[2]_CO[3])
                                                      0.398    49.466 r  y_reg[7]_i_1032/CO[3]
                         net (fo=28, routed)          0.883    50.349    y_reg[7]_i_1032_n_0
    SLICE_X33Y91         LUT5 (Prop_lut5_I4_O)        0.124    50.473 f  y[3]_i_118/O
                         net (fo=7, routed)           0.643    51.116    y[3]_i_118_n_0
    SLICE_X33Y90         LUT6 (Prop_lut6_I3_O)        0.124    51.240 r  y[7]_i_1022/O
                         net (fo=1, routed)           0.709    51.949    y[7]_i_1022_n_0
    SLICE_X33Y88         CARRY4 (Prop_carry4_DI[1]_CO[3])
                                                      0.507    52.456 r  y_reg[7]_i_812/CO[3]
                         net (fo=28, routed)          1.220    53.676    y_reg[7]_i_812_n_0
    SLICE_X32Y87         LUT5 (Prop_lut5_I4_O)        0.124    53.800 f  y[0]_i_107/O
                         net (fo=4, routed)           0.617    54.417    y[0]_i_107_n_0
    SLICE_X32Y86         LUT6 (Prop_lut6_I5_O)        0.124    54.541 r  y[7]_i_1036/O
                         net (fo=1, routed)           0.473    55.015    y[7]_i_1036_n_0
    SLICE_X34Y86         CARRY4 (Prop_carry4_DI[0]_CO[3])
                                                      0.550    55.565 r  y_reg[7]_i_815/CO[3]
                         net (fo=16, routed)          1.104    56.668    y_reg[7]_i_815_n_0
    SLICE_X35Y86         LUT5 (Prop_lut5_I4_O)        0.124    56.792 r  y[3]_i_95/O
                         net (fo=7, routed)           0.997    57.789    y[3]_i_95_n_0
    SLICE_X36Y84         LUT4 (Prop_lut4_I1_O)        0.124    57.913 r  y[7]_i_809/O
                         net (fo=1, routed)           0.000    57.913    y[7]_i_809_n_0
    SLICE_X36Y84         CARRY4 (Prop_carry4_S[1]_CO[3])
                                                      0.533    58.446 r  y_reg[7]_i_594/CO[3]
                         net (fo=32, routed)          1.171    59.617    y_reg[7]_i_594_n_0
    SLICE_X38Y84         LUT3 (Prop_lut3_I1_O)        0.124    59.741 f  y[0]_i_85/O
                         net (fo=4, routed)           0.830    60.571    y[0]_i_85_n_0
    SLICE_X38Y83         LUT6 (Prop_lut6_I5_O)        0.124    60.695 r  y[7]_i_819/O
                         net (fo=1, routed)           0.477    61.172    y[7]_i_819_n_0
    SLICE_X37Y83         CARRY4 (Prop_carry4_DI[0]_CO[3])
                                                      0.526    61.698 r  y_reg[7]_i_596/CO[3]
                         net (fo=20, routed)          0.964    62.662    y_reg[7]_i_596_n_0
    SLICE_X38Y83         LUT5 (Prop_lut5_I3_O)        0.124    62.786 r  y[1]_i_69/O
                         net (fo=4, routed)           0.797    63.583    y[1]_i_69_n_0
    SLICE_X37Y85         LUT6 (Prop_lut6_I3_O)        0.124    63.707 r  y[7]_i_601/O
                         net (fo=1, routed)           0.862    64.569    y[7]_i_601_n_0
    SLICE_X38Y85         CARRY4 (Prop_carry4_DI[0]_CO[3])
                                                      0.550    65.119 r  y_reg[7]_i_389/CO[3]
                         net (fo=28, routed)          1.218    66.337    y_reg[7]_i_389_n_0
    SLICE_X36Y87         LUT5 (Prop_lut5_I3_O)        0.124    66.461 r  y[5]_i_65/O
                         net (fo=4, routed)           1.014    67.475    y[5]_i_65_n_0
    SLICE_X34Y88         LUT6 (Prop_lut6_I3_O)        0.124    67.599 r  y[7]_i_565/O
                         net (fo=1, routed)           0.637    68.236    y[7]_i_565_n_0
    SLICE_X34Y87         CARRY4 (Prop_carry4_DI[2]_CO[3])
                                                      0.404    68.640 r  y_reg[7]_i_366/CO[3]
                         net (fo=20, routed)          1.263    69.903    y_reg[7]_i_366_n_0
    SLICE_X31Y91         LUT5 (Prop_lut5_I4_O)        0.124    70.027 r  y[1]_i_42/O
                         net (fo=4, routed)           0.991    71.018    y[1]_i_42_n_0
    SLICE_X31Y93         LUT6 (Prop_lut6_I3_O)        0.124    71.142 r  y[7]_i_370/O
                         net (fo=1, routed)           0.330    71.472    y[7]_i_370_n_0
    SLICE_X31Y92         CARRY4 (Prop_carry4_DI[0]_CO[3])
                                                      0.526    71.998 r  y_reg[7]_i_213/CO[3]
                         net (fo=28, routed)          1.123    73.121    y_reg[7]_i_213_n_0
    SLICE_X29Y94         LUT5 (Prop_lut5_I3_O)        0.124    73.245 f  y[5]_i_38/O
                         net (fo=4, routed)           0.980    74.225    y[5]_i_38_n_0
    SLICE_X28Y95         LUT6 (Prop_lut6_I3_O)        0.124    74.349 r  y[7]_i_334/O
                         net (fo=1, routed)           0.613    74.962    y[7]_i_334_n_0
    SLICE_X28Y96         CARRY4 (Prop_carry4_DI[2]_CO[3])
                                                      0.398    75.360 r  y_reg[7]_i_189/CO[3]
                         net (fo=20, routed)          1.160    76.520    y_reg[7]_i_189_n_0
    SLICE_X27Y98         LUT5 (Prop_lut5_I3_O)        0.124    76.644 r  y[4]_i_20/O
                         net (fo=7, routed)           0.798    77.442    y[4]_i_20_n_0
    SLICE_X27Y100        LUT6 (Prop_lut6_I4_O)        0.124    77.566 r  y[7]_i_192/O
                         net (fo=1, routed)           0.769    78.335    y[7]_i_192_n_0
    SLICE_X26Y101        CARRY4 (Prop_carry4_DI[2]_CO[3])
                                                      0.404    78.739 r  y_reg[7]_i_95/CO[3]
                         net (fo=28, routed)          1.198    79.937    y_reg[7]_i_95_n_0
    SLICE_X28Y103        LUT5 (Prop_lut5_I3_O)        0.124    80.061 f  y[1]_i_27/O
                         net (fo=4, routed)           0.828    80.889    y[1]_i_27_n_0
    SLICE_X31Y104        LUT6 (Prop_lut6_I3_O)        0.124    81.013 r  y[7]_i_241/O
                         net (fo=1, routed)           0.600    81.613    y[7]_i_241_n_0
    SLICE_X30Y106        CARRY4 (Prop_carry4_DI[0]_CO[3])
                                                      0.550    82.163 r  y_reg[7]_i_121/CO[3]
                         net (fo=16, routed)          1.312    83.474    y_reg[7]_i_121_n_0
    SLICE_X30Y103        LUT5 (Prop_lut5_I1_O)        0.124    83.598 r  y[3]_i_12/O
                         net (fo=4, routed)           0.853    84.452    y[3]_i_12_n_0
    SLICE_X26Y103        LUT6 (Prop_lut6_I3_O)        0.124    84.576 r  y[7]_i_114/O
                         net (fo=1, routed)           0.483    85.059    y[7]_i_114_n_0
    SLICE_X27Y103        CARRY4 (Prop_carry4_DI[1]_CO[3])
                                                      0.507    85.566 r  y_reg[7]_i_37/CO[3]
                         net (fo=16, routed)          0.803    86.369    y_reg[7]_i_37_n_0
    SLICE_X26Y104        LUT5 (Prop_lut5_I4_O)        0.124    86.493 r  y[3]_i_8/O
                         net (fo=6, routed)           1.009    87.502    y[3]_i_8_n_0
    SLICE_X27Y109        LUT4 (Prop_lut4_I0_O)        0.124    87.626 r  y[7]_i_80/O
                         net (fo=1, routed)           0.000    87.626    y[7]_i_80_n_0
    SLICE_X27Y109        CARRY4 (Prop_carry4_S[1]_CO[3])
                                                      0.550    88.176 r  y_reg[7]_i_22/CO[3]
                         net (fo=16, routed)          1.063    89.239    y_reg[7]_i_22_n_0
    SLICE_X29Y108        LUT3 (Prop_lut3_I1_O)        0.124    89.363 r  y[1]_i_5/O
                         net (fo=5, routed)           0.950    90.313    y[1]_i_5_n_0
    SLICE_X29Y107        LUT4 (Prop_lut4_I1_O)        0.124    90.437 r  y[7]_i_33/O
                         net (fo=1, routed)           0.000    90.437    y[7]_i_33_n_0
    SLICE_X29Y107        CARRY4 (Prop_carry4_S[0]_CO[3])
                                                      0.532    90.969 r  y_reg[7]_i_6/CO[3]
                         net (fo=8, routed)           1.192    92.161    y_reg[7]_i_6_n_0
    SLICE_X27Y106        LUT6 (Prop_lut6_I0_O)        0.124    92.285 r  y[6]_i_2/O
                         net (fo=3, routed)           0.840    93.125    y[6]_i_2_n_0
    SLICE_X26Y107        LUT4 (Prop_lut4_I2_O)        0.124    93.249 r  y[7]_i_16/O
                         net (fo=1, routed)           0.000    93.249    y[7]_i_16_n_0
    SLICE_X26Y107        CARRY4 (Prop_carry4_S[3]_CO[3])
                                                      0.376    93.625 r  y_reg[7]_i_4/CO[3]
                         net (fo=8, routed)           1.139    94.764    s1
    SLICE_X26Y106        LUT3 (Prop_lut3_I2_O)        0.124    94.888 r  y[6]_i_1/O
                         net (fo=1, routed)           0.000    94.888    y[6]_i_1_n_0
    SLICE_X26Y106        FDRE                                         r  y_reg[6]/D
  -------------------------------------------------------------------    -------------------

                         (clock vclk rise edge)      68.437    68.437 r  <hidden>
                                                      0.000    68.437 r  clk
                         net (fo=167, unset)          0.924    69.361    clk
    SLICE_X26Y106        FDRE                                         r  y_reg[6]/C
                         clock pessimism              0.000    69.361    <hidden>
                         clock uncertainty           -0.035    69.326    <hidden>
    SLICE_X26Y106        FDRE (Setup_fdre_C_D)        0.079    69.405    y_reg[6]
  -------------------------------------------------------------------
                         required time                         69.405    <hidden>
                         arrival time                         -94.888    <hidden>
  -------------------------------------------------------------------
                         slack                                -25.483    <hidden>

Slack (VIOLATED) :        -25.473ns  (required time - arrival time)
  Source:                 w0_reg[3]/C
                            (rising edge-triggered cell FDRE clocked by vclk  {rise@0.000ns fall@34.218ns period=68.437ns})
  Destination:            y_reg[7]/D
                            (rising edge-triggered cell FDRE clocked by vclk  {rise@0.000ns fall@34.218ns period=68.437ns})
  Path Group:             vclk
  Path Type:              Setup (Max at Slow Process Corner)
  Requirement:            68.437ns  (vclk rise@68.437ns - vclk rise@0.000ns)
  Data Path Delay:        93.944ns  (logic 22.860ns (24.334%)  route 71.084ns (75.666%))
  Logic Levels:           90  (CARRY4=30 LUT3=10 LUT4=11 LUT5=19 LUT6=20)
  Clock Path Skew:        -0.049ns (DCD - SCD + CPR)
    Destination Clock Delay (DCD):    0.924ns = ( 69.361 - 68.437 ) 
    Source Clock Delay      (SCD):    0.973ns
    Clock Pessimism Removal (CPR):    0.000ns
  Clock Uncertainty:      0.035ns  ((TSJ^2 + TIJ^2)^1/2 + DJ) / 2 + PE
    Total System Jitter     (TSJ):    0.071ns
    Total Input Jitter      (TIJ):    0.000ns
    Discrete Jitter          (DJ):    0.000ns
    Phase Error              (PE):    0.000ns

    Location             Delay type                Incr(ns)  Path(ns)    Netlist Resource(s)
  -------------------------------------------------------------------    -------------------
                         (clock vclk rise edge)       0.000     0.000 r  <hidden>
                                                      0.000     0.000 r  clk
                         net (fo=167, unset)          0.973     0.973    clk
    SLICE_X53Y91         FDRE                                         r  w0_reg[3]/C
  -------------------------------------------------------------------    -------------------
    SLICE_X53Y91         FDRE (Prop_fdre_C_Q)         0.456     1.429 r  w0_reg[3]/Q
                         net (fo=11, routed)          0.835     2.264    w0[3]
    SLICE_X50Y91         LUT4 (Prop_lut4_I0_O)        0.124     2.388 r  y[7]_i_2014/O
                         net (fo=1, routed)           0.000     2.388    y[7]_i_2014_n_0
    SLICE_X50Y91         CARRY4 (Prop_carry4_S[1]_CO[3])
                                                      0.533     2.921 r  y_reg[7]_i_1914/CO[3]
                         net (fo=64, routed)          1.024     3.944    y_reg[7]_i_1914_n_0
    SLICE_X50Y92         LUT3 (Prop_lut3_I1_O)        0.124     4.068 r  y[7]_i_2100/O
                         net (fo=1, routed)           0.171     4.239    y[7]_i_2100_n_0
    SLICE_X50Y92         LUT6 (Prop_lut6_I1_O)        0.124     4.363 r  y[7]_i_2016/O
                         net (fo=1, routed)           0.645     5.008    y[7]_i_2016_n_0
    SLICE_X51Y89         CARRY4 (Prop_carry4_DI[3]_CO[3])
                                                      0.385     5.393 r  y_reg[7]_i_1915/CO[3]
                         net (fo=40, routed)          1.287     6.680    y_reg[7]_i_1915_n_0
    SLICE_X52Y90         LUT5 (Prop_lut5_I1_O)        0.124     6.804 r  y[2]_i_179/O
                         net (fo=10, routed)          0.686     7.490    y[2]_i_179_n_0
    SLICE_X52Y91         LUT4 (Prop_lut4_I2_O)        0.124     7.614 r  y[7]_i_2046/O
                         net (fo=1, routed)           0.000     7.614    y[7]_i_2046_n_0
    SLICE_X52Y91         CARRY4 (Prop_carry4_S[1]_CO[3])
                                                      0.550     8.164 r  y_reg[7]_i_1927/CO[3]
                         net (fo=64, routed)          1.449     9.613    y_reg[7]_i_1927_n_0
    SLICE_X54Y94         LUT3 (Prop_lut3_I1_O)        0.124     9.737 r  y[7]_i_2122/O
                         net (fo=1, routed)           0.162     9.899    y[7]_i_2122_n_0
    SLICE_X54Y94         LUT6 (Prop_lut6_I1_O)        0.124    10.023 r  y[7]_i_2078/O
                         net (fo=1, routed)           0.631    10.654    y[7]_i_2078_n_0
    SLICE_X54Y95         CARRY4 (Prop_carry4_DI[1]_CO[3])
                                                      0.520    11.174 r  y_reg[7]_i_1995/CO[3]
                         net (fo=16, routed)          1.452    12.626    y_reg[7]_i_1995_n_0
    SLICE_X50Y93         LUT5 (Prop_lut5_I1_O)        0.124    12.750 r  y[3]_i_224/O
                         net (fo=10, routed)          0.922    13.672    y[3]_i_224_n_0
    SLICE_X48Y91         LUT4 (Prop_lut4_I0_O)        0.124    13.796 r  y[7]_i_1993/O
                         net (fo=1, routed)           0.000    13.796    y[7]_i_1993_n_0
    SLICE_X48Y91         CARRY4 (Prop_carry4_S[1]_CO[3])
                                                      0.550    14.346 r  y_reg[7]_i_1871/CO[3]
                         net (fo=64, routed)          1.217    15.563    y_reg[7]_i_1871_n_0
    SLICE_X45Y91         LUT3 (Prop_lut3_I1_O)        0.124    15.687 r  y[7]_i_2071/O
                         net (fo=1, routed)           0.711    16.398    y[7]_i_2071_n_0
    SLICE_X47Y90         LUT6 (Prop_lut6_I1_O)        0.124    16.522 r  y[7]_i_1982/O
                         net (fo=1, routed)           0.502    17.024    y[7]_i_1982_n_0
    SLICE_X46Y91         CARRY4 (Prop_carry4_DI[0]_CO[3])
                                                      0.550    17.574 r  y_reg[7]_i_1870/CO[3]
                         net (fo=16, routed)          1.261    18.835    y_reg[7]_i_1870_n_0
    SLICE_X47Y91         LUT5 (Prop_lut5_I1_O)        0.124    18.959 r  y[3]_i_213/O
                         net (fo=10, routed)          0.618    19.577    y[3]_i_213_n_0
    SLICE_X44Y91         LUT4 (Prop_lut4_I0_O)        0.124    19.701 r  y[7]_i_1868/O
                         net (fo=1, routed)           0.000    19.701    y[7]_i_1868_n_0
    SLICE_X44Y91         CARRY4 (Prop_carry4_S[1]_CO[3])
                                                      0.550    20.251 r  y_reg[7]_i_1741/CO[3]
                         net (fo=64, routed)          1.312    21.563    y_reg[7]_i_1741_n_0
    SLICE_X39Y91         LUT3 (Prop_lut3_I1_O)        0.124    21.687 r  y[7]_i_1971/O
                         net (fo=1, routed)           0.304    21.991    y[7]_i_1971_n_0
    SLICE_X36Y91         LUT6 (Prop_lut6_I1_O)        0.124    22.115 r  y[7]_i_1854/O
                         net (fo=1, routed)           0.337    22.452    y[7]_i_1854_n_0
    SLICE_X40Y91         CARRY4 (Prop_carry4_DI[3]_CO[3])
                                                      0.385    22.837 r  y_reg[7]_i_1740/CO[3]
                         net (fo=16, routed)          1.361    24.198    y_reg[7]_i_1740_n_0
    SLICE_X40Y94         LUT5 (Prop_lut5_I1_O)        0.124    24.322 r  y[1]_i_200/O
                         net (fo=10, routed)          0.863    25.185    y[1]_i_200_n_0
    SLICE_X40Y96         LUT4 (Prop_lut4_I0_O)        0.124    25.309 r  y[7]_i_1750/O
                         net (fo=1, routed)           0.000    25.309    y[7]_i_1750_n_0
    SLICE_X40Y96         CARRY4 (Prop_carry4_S[0]_CO[3])
                                                      0.532    25.841 r  y_reg[7]_i_1585/CO[3]
                         net (fo=64, routed)          1.593    27.434    y_reg[7]_i_1585_n_0
    SLICE_X35Y105        LUT3 (Prop_lut3_I1_O)        0.124    27.558 r  y[7]_i_1895/O
                         net (fo=1, routed)           0.472    28.030    y[7]_i_1895_n_0
    SLICE_X32Y107        LUT6 (Prop_lut6_I1_O)        0.124    28.154 r  y[7]_i_1774/O
                         net (fo=1, routed)           0.904    29.058    y[7]_i_1774_n_0
    SLICE_X31Y114        CARRY4 (Prop_carry4_DI[1]_CO[3])
                                                      0.507    29.565 r  y_reg[7]_i_1599/CO[3]
                         net (fo=16, routed)          1.766    31.331    y_reg[7]_i_1599_n_0
    SLICE_X40Y98         LUT5 (Prop_lut5_I3_O)        0.124    31.455 r  y[2]_i_164/O
                         net (fo=4, routed)           0.810    32.265    y[2]_i_164_n_0
    SLICE_X40Y97         LUT4 (Prop_lut4_I3_O)        0.124    32.389 r  y[5]_i_270/O
                         net (fo=1, routed)           0.000    32.389    y[5]_i_270_n_0
    SLICE_X40Y97         CARRY4 (Prop_carry4_S[1]_CO[3])
                                                      0.550    32.939 r  y_reg[5]_i_247/CO[3]
                         net (fo=16, routed)          1.634    34.573    y_reg[5]_i_247_n_0
    SLICE_X40Y100        LUT5 (Prop_lut5_I1_O)        0.124    34.697 r  y[0]_i_155/O
                         net (fo=5, routed)           1.354    36.051    y[0]_i_155_n_0
    SLICE_X28Y109        LUT4 (Prop_lut4_I2_O)        0.124    36.175 r  y[5]_i_245/O
                         net (fo=1, routed)           0.000    36.175    y[5]_i_245_n_0
    SLICE_X28Y109        CARRY4 (Prop_carry4_S[0]_CO[3])
                                                      0.532    36.707 r  y_reg[5]_i_197/CO[3]
                         net (fo=31, routed)          1.013    37.720    y_reg[5]_i_197_n_0
    SLICE_X31Y109        LUT3 (Prop_lut3_I1_O)        0.124    37.844 r  y[5]_i_236/O
                         net (fo=6, routed)           1.046    38.890    y[5]_i_236_n_0
    SLICE_X31Y108        LUT6 (Prop_lut6_I3_O)        0.124    39.014 r  y[7]_i_1464/O
                         net (fo=1, routed)           0.000    39.014    y[7]_i_1464_n_0
    SLICE_X31Y108        CARRY4 (Prop_carry4_S[0]_CO[3])
                                                      0.532    39.546 r  y_reg[7]_i_1238/CO[3]
                         net (fo=28, routed)          1.037    40.583    y_reg[7]_i_1238_n_0
    SLICE_X28Y104        LUT5 (Prop_lut5_I4_O)        0.124    40.707 r  y[5]_i_158/O
                         net (fo=7, routed)           0.826    41.533    y[5]_i_158_n_0
    SLICE_X28Y104        LUT6 (Prop_lut6_I4_O)        0.124    41.657 r  y[5]_i_189/O
                         net (fo=1, routed)           0.771    42.429    y[5]_i_189_n_0
    SLICE_X29Y104        CARRY4 (Prop_carry4_DI[2]_CO[3])
                                                      0.398    42.827 r  y_reg[5]_i_157/CO[3]
                         net (fo=25, routed)          0.869    43.696    y_reg[5]_i_157_n_0
    SLICE_X28Y100        LUT5 (Prop_lut5_I4_O)        0.124    43.820 f  y[5]_i_186/O
                         net (fo=7, routed)           0.985    44.805    y[5]_i_186_n_0
    SLICE_X27Y94         LUT6 (Prop_lut6_I5_O)        0.124    44.929 r  y[5]_i_203/O
                         net (fo=1, routed)           0.482    45.411    y[5]_i_203_n_0
    SLICE_X26Y94         CARRY4 (Prop_carry4_DI[0]_CO[3])
                                                      0.550    45.961 r  y_reg[5]_i_160/CO[3]
                         net (fo=25, routed)          1.518    47.478    y_reg[5]_i_160_n_0
    SLICE_X32Y90         LUT3 (Prop_lut3_I1_O)        0.124    47.602 r  y[4]_i_130/O
                         net (fo=7, routed)           0.869    48.472    y[4]_i_130_n_0
    SLICE_X32Y91         LUT6 (Prop_lut6_I4_O)        0.124    48.596 r  y[7]_i_1250/O
                         net (fo=1, routed)           0.472    49.068    y[7]_i_1250_n_0
    SLICE_X33Y92         CARRY4 (Prop_carry4_DI[2]_CO[3])
                                                      0.398    49.466 r  y_reg[7]_i_1032/CO[3]
                         net (fo=28, routed)          0.883    50.349    y_reg[7]_i_1032_n_0
    SLICE_X33Y91         LUT5 (Prop_lut5_I4_O)        0.124    50.473 f  y[3]_i_118/O
                         net (fo=7, routed)           0.643    51.116    y[3]_i_118_n_0
    SLICE_X33Y90         LUT6 (Prop_lut6_I3_O)        0.124    51.240 r  y[7]_i_1022/O
                         net (fo=1, routed)           0.709    51.949    y[7]_i_1022_n_0
    SLICE_X33Y88         CARRY4 (Prop_carry4_DI[1]_CO[3])
                                                      0.507    52.456 r  y_reg[7]_i_812/CO[3]
                         net (fo=28, routed)          1.220    53.676    y_reg[7]_i_812_n_0
    SLICE_X32Y87         LUT5 (Prop_lut5_I4_O)        0.124    53.800 f  y[0]_i_107/O
                         net (fo=4, routed)           0.617    54.417    y[0]_i_107_n_0
    SLICE_X32Y86         LUT6 (Prop_lut6_I5_O)        0.124    54.541 r  y[7]_i_1036/O
                         net (fo=1, routed)           0.473    55.015    y[7]_i_1036_n_0
    SLICE_X34Y86         CARRY4 (Prop_carry4_DI[0]_CO[3])
                                                      0.550    55.565 r  y_reg[7]_i_815/CO[3]
                         net (fo=16, routed)          1.104    56.668    y_reg[7]_i_815_n_0
    SLICE_X35Y86         LUT5 (Prop_lut5_I4_O)        0.124    56.792 r  y[3]_i_95/O
                         net (fo=7, routed)           0.997    57.789    y[3]_i_95_n_0
    SLICE_X36Y84         LUT4 (Prop_lut4_I1_O)        0.124    57.913 r  y[7]_i_809/O
                         net (fo=1, routed)           0.000    57.913    y[7]_i_809_n_0
    SLICE_X36Y84         CARRY4 (Prop_carry4_S[1]_CO[3])
                                                      0.533    58.446 r  y_reg[7]_i_594/CO[3]
                         net (fo=32, routed)          1.171    59.617    y_reg[7]_i_594_n_0
    SLICE_X38Y84         LUT3 (Prop_lut3_I1_O)        0.124    59.741 f  y[0]_i_85/O
                         net (fo=4, routed)           0.830    60.571    y[0]_i_85_n_0
    SLICE_X38Y83         LUT6 (Prop_lut6_I5_O)        0.124    60.695 r  y[7]_i_819/O
                         net (fo=1, routed)           0.477    61.172    y[7]_i_819_n_0
    SLICE_X37Y83         CARRY4 (Prop_carry4_DI[0]_CO[3])
                                                      0.526    61.698 r  y_reg[7]_i_596/CO[3]
                         net (fo=20, routed)          0.964    62.662    y_reg[7]_i_596_n_0
    SLICE_X38Y83         LUT5 (Prop_lut5_I3_O)        0.124    62.786 r  y[1]_i_69/O
                         net (fo=4, routed)           0.797    63.583    y[1]_i_69_n_0
    SLICE_X37Y85         LUT6 (Prop_lut6_I3_O)        0.124    63.707 r  y[7]_i_601/O
                         net (fo=1, routed)           0.862    64.569    y[7]_i_601_n_0
    SLICE_X38Y85         CARRY4 (Prop_carry4_DI[0]_CO[3])
                                                      0.550    65.119 r  y_reg[7]_i_389/CO[3]
                         net (fo=28, routed)          1.218    66.337    y_reg[7]_i_389_n_0
    SLICE_X36Y87         LUT5 (Prop_lut5_I3_O)        0.124    66.461 r  y[5]_i_65/O
                         net (fo=4, routed)           1.014    67.475    y[5]_i_65_n_0
    SLICE_X34Y88         LUT6 (Prop_lut6_I3_O)        0.124    67.599 r  y[7]_i_565/O
                         net (fo=1, routed)           0.637    68.236    y[7]_i_565_n_0
    SLICE_X34Y87         CARRY4 (Prop_carry4_DI[2]_CO[3])
                                                      0.404    68.640 r  y_reg[7]_i_366/CO[3]
                         net (fo=20, routed)          1.263    69.903    y_reg[7]_i_366_n_0
    SLICE_X31Y91         LUT5 (Prop_lut5_I4_O)        0.124    70.027 r  y[1]_i_42/O
                         net (fo=4, routed)           0.991    71.018    y[1]_i_42_n_0
    SLICE_X31Y93         LUT6 (Prop_lut6_I3_O)        0.124    71.142 r  y[7]_i_370/O
                         net (fo=1, routed)           0.330    71.472    y[7]_i_370_n_0
    SLICE_X31Y92         CARRY4 (Prop_carry4_DI[0]_CO[3])
                                                      0.526    71.998 r  y_reg[7]_i_213/CO[3]
                         net (fo=28, routed)          1.123    73.121    y_reg[7]_i_213_n_0
    SLICE_X29Y94         LUT5 (Prop_lut5_I3_O)        0.124    73.245 f  y[5]_i_38/O
                         net (fo=4, routed)           0.980    74.225    y[5]_i_38_n_0
    SLICE_X28Y95         LUT6 (Prop_lut6_I3_O)        0.124    74.349 r  y[7]_i_334/O
                         net (fo=1, routed)           0.613    74.962    y[7]_i_334_n_0
    SLICE_X28Y96         CARRY4 (Prop_carry4_DI[2]_CO[3])
                                                      0.398    75.360 r  y_reg[7]_i_189/CO[3]
                         net (fo=20, routed)          1.160    76.520    y_reg[7]_i_189_n_0
    SLICE_X27Y98         LUT5 (Prop_lut5_I3_O)        0.124    76.644 r  y[4]_i_20/O
                         net (fo=7, routed)           0.798    77.442    y[4]_i_20_n_0
    SLICE_X27Y100        LUT6 (Prop_lut6_I4_O)        0.124    77.566 r  y[7]_i_192/O
                         net (fo=1, routed)           0.769    78.335    y[7]_i_192_n_0
    SLICE_X26Y101        CARRY4 (Prop_carry4_DI[2]_CO[3])
                                                      0.404    78.739 r  y_reg[7]_i_95/CO[3]
                         net (fo=28, routed)          1.198    79.937    y_reg[7]_i_95_n_0
    SLICE_X28Y103        LUT5 (Prop_lut5_I3_O)        0.124    80.061 f  y[1]_i_27/O
                         net (fo=4, routed)           0.828    80.889    y[1]_i_27_n_0
    SLICE_X31Y104        LUT6 (Prop_lut6_I3_O)        0.124    81.013 r  y[7]_i_241/O
                         net (fo=1, routed)           0.600    81.613    y[7]_i_241_n_0
    SLICE_X30Y106        CARRY4 (Prop_carry4_DI[0]_CO[3])
                                                      0.550    82.163 r  y_reg[7]_i_121/CO[3]
                         net (fo=16, routed)          1.312    83.474    y_reg[7]_i_121_n_0
    SLICE_X30Y103        LUT5 (Prop_lut5_I1_O)        0.124    83.598 r  y[3]_i_12/O
                         net (fo=4, routed)           0.853    84.452    y[3]_i_12_n_0
    SLICE_X26Y103        LUT6 (Prop_lut6_I3_O)        0.124    84.576 r  y[7]_i_114/O
                         net (fo=1, routed)           0.483    85.059    y[7]_i_114_n_0
    SLICE_X27Y103        CARRY4 (Prop_carry4_DI[1]_CO[3])
                                                      0.507    85.566 r  y_reg[7]_i_37/CO[3]
                         net (fo=16, routed)          0.803    86.369    y_reg[7]_i_37_n_0
    SLICE_X26Y104        LUT5 (Prop_lut5_I4_O)        0.124    86.493 r  y[3]_i_8/O
                         net (fo=6, routed)           1.009    87.502    y[3]_i_8_n_0
    SLICE_X27Y109        LUT4 (Prop_lut4_I0_O)        0.124    87.626 r  y[7]_i_80/O
                         net (fo=1, routed)           0.000    87.626    y[7]_i_80_n_0
    SLICE_X27Y109        CARRY4 (Prop_carry4_S[1]_CO[3])
                                                      0.550    88.176 r  y_reg[7]_i_22/CO[3]
                         net (fo=16, routed)          1.063    89.239    y_reg[7]_i_22_n_0
    SLICE_X29Y108        LUT3 (Prop_lut3_I1_O)        0.124    89.363 r  y[1]_i_5/O
                         net (fo=5, routed)           0.950    90.313    y[1]_i_5_n_0
    SLICE_X29Y107        LUT4 (Prop_lut4_I1_O)        0.124    90.437 r  y[7]_i_33/O
                         net (fo=1, routed)           0.000    90.437    y[7]_i_33_n_0
    SLICE_X29Y107        CARRY4 (Prop_carry4_S[0]_CO[3])
                                                      0.532    90.969 r  y_reg[7]_i_6/CO[3]
                         net (fo=8, routed)           1.192    92.161    y_reg[7]_i_6_n_0
    SLICE_X27Y106        LUT6 (Prop_lut6_I0_O)        0.124    92.285 r  y[6]_i_2/O
                         net (fo=3, routed)           0.840    93.125    y[6]_i_2_n_0
    SLICE_X26Y107        LUT4 (Prop_lut4_I2_O)        0.124    93.249 r  y[7]_i_16/O
                         net (fo=1, routed)           0.000    93.249    y[7]_i_16_n_0
    SLICE_X26Y107        CARRY4 (Prop_carry4_S[3]_CO[3])
                                                      0.376    93.625 r  y_reg[7]_i_4/CO[3]
                         net (fo=8, routed)           1.139    94.764    s1
    SLICE_X26Y106        LUT3 (Prop_lut3_I1_O)        0.153    94.917 r  y[7]_i_2/O
                         net (fo=1, routed)           0.000    94.917    y[7]_i_2_n_0
    SLICE_X26Y106        FDRE                                         r  y_reg[7]/D
  -------------------------------------------------------------------    -------------------

                         (clock vclk rise edge)      68.437    68.437 r  <hidden>
                                                      0.000    68.437 r  clk
                         net (fo=167, unset)          0.924    69.361    clk
    SLICE_X26Y106        FDRE                                         r  y_reg[7]/C
                         clock pessimism              0.000    69.361    <hidden>
                         clock uncertainty           -0.035    69.326    <hidden>
    SLICE_X26Y106        FDRE (Setup_fdre_C_D)        0.118    69.444    y_reg[7]
  -------------------------------------------------------------------
                         required time                         69.444    <hidden>
                         arrival time                         -94.917    <hidden>
  -------------------------------------------------------------------
                         slack                                -25.473    <hidden>

Slack (VIOLATED) :        -25.472ns  (required time - arrival time)
  Source:                 w0_reg[3]/C
                            (rising edge-triggered cell FDRE clocked by vclk  {rise@0.000ns fall@34.218ns period=68.437ns})
  Destination:            y_reg[1]/D
                            (rising edge-triggered cell FDRE clocked by vclk  {rise@0.000ns fall@34.218ns period=68.437ns})
  Path Group:             vclk
  Path Type:              Setup (Max at Slow Process Corner)
  Requirement:            68.437ns  (vclk rise@68.437ns - vclk rise@0.000ns)
  Data Path Delay:        93.943ns  (logic 22.853ns (24.327%)  route 71.090ns (75.674%))
  Logic Levels:           90  (CARRY4=30 LUT3=10 LUT4=11 LUT5=19 LUT6=20)
  Clock Path Skew:        -0.049ns (DCD - SCD + CPR)
    Destination Clock Delay (DCD):    0.924ns = ( 69.361 - 68.437 ) 
    Source Clock Delay      (SCD):    0.973ns
    Clock Pessimism Removal (CPR):    0.000ns
  Clock Uncertainty:      0.035ns  ((TSJ^2 + TIJ^2)^1/2 + DJ) / 2 + PE
    Total System Jitter     (TSJ):    0.071ns
    Total Input Jitter      (TIJ):    0.000ns
    Discrete Jitter          (DJ):    0.000ns
    Phase Error              (PE):    0.000ns

    Location             Delay type                Incr(ns)  Path(ns)    Netlist Resource(s)
  -------------------------------------------------------------------    -------------------
                         (clock vclk rise edge)       0.000     0.000 r  <hidden>
                                                      0.000     0.000 r  clk
                         net (fo=167, unset)          0.973     0.973    clk
    SLICE_X53Y91         FDRE                                         r  w0_reg[3]/C
  -------------------------------------------------------------------    -------------------
    SLICE_X53Y91         FDRE (Prop_fdre_C_Q)         0.456     1.429 r  w0_reg[3]/Q
                         net (fo=11, routed)          0.835     2.264    w0[3]
    SLICE_X50Y91         LUT4 (Prop_lut4_I0_O)        0.124     2.388 r  y[7]_i_2014/O
                         net (fo=1, routed)           0.000     2.388    y[7]_i_2014_n_0
    SLICE_X50Y91         CARRY4 (Prop_carry4_S[1]_CO[3])
                                                      0.533     2.921 r  y_reg[7]_i_1914/CO[3]
                         net (fo=64, routed)          1.024     3.944    y_reg[7]_i_1914_n_0
    SLICE_X50Y92         LUT3 (Prop_lut3_I1_O)        0.124     4.068 r  y[7]_i_2100/O
                         net (fo=1, routed)           0.171     4.239    y[7]_i_2100_n_0
    SLICE_X50Y92         LUT6 (Prop_lut6_I1_O)        0.124     4.363 r  y[7]_i_2016/O
                         net (fo=1, routed)           0.645     5.008    y[7]_i_2016_n_0
    SLICE_X51Y89         CARRY4 (Prop_carry4_DI[3]_CO[3])
                                                      0.385     5.393 r  y_reg[7]_i_1915/CO[3]
                         net (fo=40, routed)          1.287     6.680    y_reg[7]_i_1915_n_0
    SLICE_X52Y90         LUT5 (Prop_lut5_I1_O)        0.124     6.804 r  y[2]_i_179/O
                         net (fo=10, routed)          0.686     7.490    y[2]_i_179_n_0
    SLICE_X52Y91         LUT4 (Prop_lut4_I2_O)        0.124     7.614 r  y[7]_i_2046/O
                         net (fo=1, routed)           0.000     7.614    y[7]_i_2046_n_0
    SLICE_X52Y91         CARRY4 (Prop_carry4_S[1]_CO[3])
                                                      0.550     8.164 r  y_reg[7]_i_1927/CO[3]
                         net (fo=64, routed)          1.449     9.613    y_reg[7]_i_1927_n_0
    SLICE_X54Y94         LUT3 (Prop_lut3_I1_O)        0.124     9.737 r  y[7]_i_2122/O
                         net (fo=1, routed)           0.162     9.899    y[7]_i_2122_n_0
    SLICE_X54Y94         LUT6 (Prop_lut6_I1_O)        0.124    10.023 r  y[7]_i_2078/O
                         net (fo=1, routed)           0.631    10.654    y[7]_i_2078_n_0
    SLICE_X54Y95         CARRY4 (Prop_carry4_DI[1]_CO[3])
                                                      0.520    11.174 r  y_reg[7]_i_1995/CO[3]
                         net (fo=16, routed)          1.452    12.626    y_reg[7]_i_1995_n_0
    SLICE_X50Y93         LUT5 (Prop_lut5_I1_O)        0.124    12.750 r  y[3]_i_224/O
                         net (fo=10, routed)          0.922    13.672    y[3]_i_224_n_0
    SLICE_X48Y91         LUT4 (Prop_lut4_I0_O)        0.124    13.796 r  y[7]_i_1993/O
                         net (fo=1, routed)           0.000    13.796    y[7]_i_1993_n_0
    SLICE_X48Y91         CARRY4 (Prop_carry4_S[1]_CO[3])
                                                      0.550    14.346 r  y_reg[7]_i_1871/CO[3]
                         net (fo=64, routed)          1.217    15.563    y_reg[7]_i_1871_n_0
    SLICE_X45Y91         LUT3 (Prop_lut3_I1_O)        0.124    15.687 r  y[7]_i_2071/O
                         net (fo=1, routed)           0.711    16.398    y[7]_i_2071_n_0
    SLICE_X47Y90         LUT6 (Prop_lut6_I1_O)        0.124    16.522 r  y[7]_i_1982/O
                         net (fo=1, routed)           0.502    17.024    y[7]_i_1982_n_0
    SLICE_X46Y91         CARRY4 (Prop_carry4_DI[0]_CO[3])
                                                      0.550    17.574 r  y_reg[7]_i_1870/CO[3]
                         net (fo=16, routed)          1.261    18.835    y_reg[7]_i_1870_n_0
    SLICE_X47Y91         LUT5 (Prop_lut5_I1_O)        0.124    18.959 r  y[3]_i_213/O
                         net (fo=10, routed)          0.618    19.577    y[3]_i_213_n_0
    SLICE_X44Y91         LUT4 (Prop_lut4_I0_O)        0.124    19.701 r  y[7]_i_1868/O
                         net (fo=1, routed)           0.000    19.701    y[7]_i_1868_n_0
    SLICE_X44Y91         CARRY4 (Prop_carry4_S[1]_CO[3])
                                                      0.550    20.251 r  y_reg[7]_i_1741/CO[3]
                         net (fo=64, routed)          1.312    21.563    y_reg[7]_i_1741_n_0
    SLICE_X39Y91         LUT3 (Prop_lut3_I1_O)        0.124    21.687 r  y[7]_i_1971/O
                         net (fo=1, routed)           0.304    21.991    y[7]_i_1971_n_0
    SLICE_X36Y91         LUT6 (Prop_lut6_I1_O)        0.124    22.115 r  y[7]_i_1854/O
                         net (fo=1, routed)           0.337    22.452    y[7]_i_1854_n_0
    SLICE_X40Y91         CARRY4 (Prop_carry4_DI[3]_CO[3])
                                                      0.385    22.837 r  y_reg[7]_i_1740/CO[3]
                         net (fo=16, routed)          1.361    24.198    y_reg[7]_i_1740_n_0
    SLICE_X40Y94         LUT5 (Prop_lut5_I1_O)        0.124    24.322 r  y[1]_i_200/O
                         net (fo=10, routed)          0.863    25.185    y[1]_i_200_n_0
    SLICE_X40Y96         LUT4 (Prop_lut4_I0_O)        0.124    25.309 r  y[7]_i_1750/O
                         net (fo=1, routed)           0.000    25.309    y[7]_i_1750_n_0
    SLICE_X40Y96         CARRY4 (Prop_carry4_S[0]_CO[3])
                                                      0.532    25.841 r  y_reg[7]_i_1585/CO[3]
                         net (fo=64, routed)          1.593    27.434    y_reg[7]_i_1585_n_0
    SLICE_X35Y105        LUT3 (Prop_lut3_I1_O)        0.124    27.558 r  y[7]_i_1895/O
                         net (fo=1, routed)           0.472    28.030    y[7]_i_1895_n_0
    SLICE_X32Y107        LUT6 (Prop_lut6_I1_O)        0.124    28.154 r  y[7]_i_1774/O
                         net (fo=1, routed)           0.904    29.058    y[7]_i_1774_n_0
    SLICE_X31Y114        CARRY4 (Prop_carry4_DI[1]_CO[3])
                                                      0.507    29.565 r  y_reg[7]_i_1599/CO[3]
                         net (fo=16, routed)          1.766    31.331    y_reg[7]_i_1599_n_0
    SLICE_X40Y98         LUT5 (Prop_lut5_I3_O)        0.124    31.455 r  y[2]_i_164/O
                         net (fo=4, routed)           0.810    32.265    y[2]_i_164_n_0
    SLICE_X40Y97         LUT4 (Prop_lut4_I3_O)        0.124    32.389 r  y[5]_i_270/O
                         net (fo=1, routed)           0.000    32.389    y[5]_i_270_n_0
    SLICE_X40Y97         CARRY4 (Prop_carry4_S[1]_CO[3])
                                                      0.550    32.939 r  y_reg[5]_i_247/CO[3]
                         net (fo=16, routed)          1.634    34.573    y_reg[5]_i_247_n_0
    SLICE_X40Y100        LUT5 (Prop_lut5_I1_O)        0.124    34.697 r  y[0]_i_155/O
                         net (fo=5, routed)           1.354    36.051    y[0]_i_155_n_0
    SLICE_X28Y109        LUT4 (Prop_lut4_I2_O)        0.124    36.175 r  y[5]_i_245/O
                         net (fo=1, routed)           0.000    36.175    y[5]_i_245_n_0
    SLICE_X28Y109        CARRY4 (Prop_carry4_S[0]_CO[3])
                                                      0.532    36.707 r  y_reg[5]_i_197/CO[3]
                         net (fo=31, routed)          1.013    37.720    y_reg[5]_i_197_n_0
    SLICE_X31Y109        LUT3 (Prop_lut3_I1_O)        0.124    37.844 r  y[5]_i_236/O
                         net (fo=6, routed)           1.046    38.890    y[5]_i_236_n_0
    SLICE_X31Y108        LUT6 (Prop_lut6_I3_O)        0.124    39.014 r  y[7]_i_1464/O
                         net (fo=1, routed)           0.000    39.014    y[7]_i_1464_n_0
    SLICE_X31Y108        CARRY4 (Prop_carry4_S[0]_CO[3])
                                                      0.532    39.546 r  y_reg[7]_i_1238/CO[3]
                         net (fo=28, routed)          1.037    40.583    y_reg[7]_i_1238_n_0
    SLICE_X28Y104        LUT5 (Prop_lut5_I4_O)        0.124    40.707 r  y[5]_i_158/O
                         net (fo=7, routed)           0.826    41.533    y[5]_i_158_n_0
    SLICE_X28Y104        LUT6 (Prop_lut6_I4_O)        0.124    41.657 r  y[5]_i_189/O
                         net (fo=1, routed)           0.771    42.429    y[5]_i_189_n_0
    SLICE_X29Y104        CARRY4 (Prop_carry4_DI[2]_CO[3])
                                                      0.398    42.827 r  y_reg[5]_i_157/CO[3]
                         net (fo=25, routed)          0.869    43.696    y_reg[5]_i_157_n_0
    SLICE_X28Y100        LUT5 (Prop_lut5_I4_O)        0.124    43.820 f  y[5]_i_186/O
                         net (fo=7, routed)           0.985    44.805    y[5]_i_186_n_0
    SLICE_X27Y94         LUT6 (Prop_lut6_I5_O)        0.124    44.929 r  y[5]_i_203/O
                         net (fo=1, routed)           0.482    45.411    y[5]_i_203_n_0
    SLICE_X26Y94         CARRY4 (Prop_carry4_DI[0]_CO[3])
                                                      0.550    45.961 r  y_reg[5]_i_160/CO[3]
                         net (fo=25, routed)          1.518    47.478    y_reg[5]_i_160_n_0
    SLICE_X32Y90         LUT3 (Prop_lut3_I1_O)        0.124    47.602 r  y[4]_i_130/O
                         net (fo=7, routed)           0.869    48.472    y[4]_i_130_n_0
    SLICE_X32Y91         LUT6 (Prop_lut6_I4_O)        0.124    48.596 r  y[7]_i_1250/O
                         net (fo=1, routed)           0.472    49.068    y[7]_i_1250_n_0
    SLICE_X33Y92         CARRY4 (Prop_carry4_DI[2]_CO[3])
                                                      0.398    49.466 r  y_reg[7]_i_1032/CO[3]
                         net (fo=28, routed)          0.883    50.349    y_reg[7]_i_1032_n_0
    SLICE_X33Y91         LUT5 (Prop_lut5_I4_O)        0.124    50.473 f  y[3]_i_118/O
                         net (fo=7, routed)           0.643    51.116    y[3]_i_118_n_0
    SLICE_X33Y90         LUT6 (Prop_lut6_I3_O)        0.124    51.240 r  y[7]_i_1022/O
                         net (fo=1, routed)           0.709    51.949    y[7]_i_1022_n_0
    SLICE_X33Y88         CARRY4 (Prop_carry4_DI[1]_CO[3])
                                                      0.507    52.456 r  y_reg[7]_i_812/CO[3]
                         net (fo=28, routed)          1.220    53.676    y_reg[7]_i_812_n_0
    SLICE_X32Y87         LUT5 (Prop_lut5_I4_O)        0.124    53.800 f  y[0]_i_107/O
                         net (fo=4, routed)           0.617    54.417    y[0]_i_107_n_0
    SLICE_X32Y86         LUT6 (Prop_lut6_I5_O)        0.124    54.541 r  y[7]_i_1036/O
                         net (fo=1, routed)           0.473    55.015    y[7]_i_1036_n_0
    SLICE_X34Y86         CARRY4 (Prop_carry4_DI[0]_CO[3])
                                                      0.550    55.565 r  y_reg[7]_i_815/CO[3]
                         net (fo=16, routed)          1.104    56.668    y_reg[7]_i_815_n_0
    SLICE_X35Y86         LUT5 (Prop_lut5_I4_O)        0.124    56.792 r  y[3]_i_95/O
                         net (fo=7, routed)           0.997    57.789    y[3]_i_95_n_0
    SLICE_X36Y84         LUT4 (Prop_lut4_I1_O)        0.124    57.913 r  y[7]_i_809/O
                         net (fo=1, routed)           0.000    57.913    y[7]_i_809_n_0
    SLICE_X36Y84         CARRY4 (Prop_carry4_S[1]_CO[3])
                                                      0.533    58.446 r  y_reg[7]_i_594/CO[3]
                         net (fo=32, routed)          1.171    59.617    y_reg[7]_i_594_n_0
    SLICE_X38Y84         LUT3 (Prop_lut3_I1_O)        0.124    59.741 f  y[0]_i_85/O
                         net (fo=4, routed)           0.830    60.571    y[0]_i_85_n_0
    SLICE_X38Y83         LUT6 (Prop_lut6_I5_O)        0.124    60.695 r  y[7]_i_819/O
                         net (fo=1, routed)           0.477    61.172    y[7]_i_819_n_0
    SLICE_X37Y83         CARRY4 (Prop_carry4_DI[0]_CO[3])
                                                      0.526    61.698 r  y_reg[7]_i_596/CO[3]
                         net (fo=20, routed)          0.964    62.662    y_reg[7]_i_596_n_0
    SLICE_X38Y83         LUT5 (Prop_lut5_I3_O)        0.124    62.786 r  y[1]_i_69/O
                         net (fo=4, routed)           0.797    63.583    y[1]_i_69_n_0
    SLICE_X37Y85         LUT6 (Prop_lut6_I3_O)        0.124    63.707 r  y[7]_i_601/O
                         net (fo=1, routed)           0.862    64.569    y[7]_i_601_n_0
    SLICE_X38Y85         CARRY4 (Prop_carry4_DI[0]_CO[3])
                                                      0.550    65.119 r  y_reg[7]_i_389/CO[3]
                         net (fo=28, routed)          1.218    66.337    y_reg[7]_i_389_n_0
    SLICE_X36Y87         LUT5 (Prop_lut5_I3_O)        0.124    66.461 r  y[5]_i_65/O
                         net (fo=4, routed)           1.014    67.475    y[5]_i_65_n_0
    SLICE_X34Y88         LUT6 (Prop_lut6_I3_O)        0.124    67.599 r  y[7]_i_565/O
                         net (fo=1, routed)           0.637    68.236    y[7]_i_565_n_0
    SLICE_X34Y87         CARRY4 (Prop_carry4_DI[2]_CO[3])
                                                      0.404    68.640 r  y_reg[7]_i_366/CO[3]
                         net (fo=20, routed)          1.263    69.903    y_reg[7]_i_366_n_0
    SLICE_X31Y91         LUT5 (Prop_lut5_I4_O)        0.124    70.027 r  y[1]_i_42/O
                         net (fo=4, routed)           0.991    71.018    y[1]_i_42_n_0
    SLICE_X31Y93         LUT6 (Prop_lut6_I3_O)        0.124    71.142 r  y[7]_i_370/O
                         net (fo=1, routed)           0.330    71.472    y[7]_i_370_n_0
    SLICE_X31Y92         CARRY4 (Prop_carry4_DI[0]_CO[3])
                                                      0.526    71.998 r  y_reg[7]_i_213/CO[3]
                         net (fo=28, routed)          1.123    73.121    y_reg[7]_i_213_n_0
    SLICE_X29Y94         LUT5 (Prop_lut5_I3_O)        0.124    73.245 f  y[5]_i_38/O
                         net (fo=4, routed)           0.980    74.225    y[5]_i_38_n_0
    SLICE_X28Y95         LUT6 (Prop_lut6_I3_O)        0.124    74.349 r  y[7]_i_334/O
                         net (fo=1, routed)           0.613    74.962    y[7]_i_334_n_0
    SLICE_X28Y96         CARRY4 (Prop_carry4_DI[2]_CO[3])
                                                      0.398    75.360 r  y_reg[7]_i_189/CO[3]
                         net (fo=20, routed)          1.160    76.520    y_reg[7]_i_189_n_0
    SLICE_X27Y98         LUT5 (Prop_lut5_I3_O)        0.124    76.644 r  y[4]_i_20/O
                         net (fo=7, routed)           0.798    77.442    y[4]_i_20_n_0
    SLICE_X27Y100        LUT6 (Prop_lut6_I4_O)        0.124    77.566 r  y[7]_i_192/O
                         net (fo=1, routed)           0.769    78.335    y[7]_i_192_n_0
    SLICE_X26Y101        CARRY4 (Prop_carry4_DI[2]_CO[3])
                                                      0.404    78.739 r  y_reg[7]_i_95/CO[3]
                         net (fo=28, routed)          1.198    79.937    y_reg[7]_i_95_n_0
    SLICE_X28Y103        LUT5 (Prop_lut5_I3_O)        0.124    80.061 f  y[1]_i_27/O
                         net (fo=4, routed)           0.828    80.889    y[1]_i_27_n_0
    SLICE_X31Y104        LUT6 (Prop_lut6_I3_O)        0.124    81.013 r  y[7]_i_241/O
                         net (fo=1, routed)           0.600    81.613    y[7]_i_241_n_0
    SLICE_X30Y106        CARRY4 (Prop_carry4_DI[0]_CO[3])
                                                      0.550    82.163 r  y_reg[7]_i_121/CO[3]
                         net (fo=16, routed)          1.312    83.474    y_reg[7]_i_121_n_0
    SLICE_X30Y103        LUT5 (Prop_lut5_I1_O)        0.124    83.598 r  y[3]_i_12/O
                         net (fo=4, routed)           0.853    84.452    y[3]_i_12_n_0
    SLICE_X26Y103        LUT6 (Prop_lut6_I3_O)        0.124    84.576 r  y[7]_i_114/O
                         net (fo=1, routed)           0.483    85.059    y[7]_i_114_n_0
    SLICE_X27Y103        CARRY4 (Prop_carry4_DI[1]_CO[3])
                                                      0.507    85.566 r  y_reg[7]_i_37/CO[3]
                         net (fo=16, routed)          0.803    86.369    y_reg[7]_i_37_n_0
    SLICE_X26Y104        LUT5 (Prop_lut5_I4_O)        0.124    86.493 r  y[3]_i_8/O
                         net (fo=6, routed)           1.009    87.502    y[3]_i_8_n_0
    SLICE_X27Y109        LUT4 (Prop_lut4_I0_O)        0.124    87.626 r  y[7]_i_80/O
                         net (fo=1, routed)           0.000    87.626    y[7]_i_80_n_0
    SLICE_X27Y109        CARRY4 (Prop_carry4_S[1]_CO[3])
                                                      0.550    88.176 r  y_reg[7]_i_22/CO[3]
                         net (fo=16, routed)          1.063    89.239    y_reg[7]_i_22_n_0
    SLICE_X29Y108        LUT3 (Prop_lut3_I1_O)        0.124    89.363 r  y[1]_i_5/O
                         net (fo=5, routed)           0.950    90.313    y[1]_i_5_n_0
    SLICE_X29Y107        LUT4 (Prop_lut4_I1_O)        0.124    90.437 r  y[7]_i_33/O
                         net (fo=1, routed)           0.000    90.437    y[7]_i_33_n_0
    SLICE_X29Y107        CARRY4 (Prop_carry4_S[0]_CO[3])
                                                      0.532    90.969 r  y_reg[7]_i_6/CO[3]
                         net (fo=8, routed)           1.192    92.161    y_reg[7]_i_6_n_0
    SLICE_X27Y106        LUT6 (Prop_lut6_I0_O)        0.124    92.285 r  y[6]_i_2/O
                         net (fo=3, routed)           0.840    93.125    y[6]_i_2_n_0
    SLICE_X26Y107        LUT4 (Prop_lut4_I2_O)        0.124    93.249 r  y[7]_i_16/O
                         net (fo=1, routed)           0.000    93.249    y[7]_i_16_n_0
    SLICE_X26Y107        CARRY4 (Prop_carry4_S[3]_CO[3])
                                                      0.376    93.625 r  y_reg[7]_i_4/CO[3]
                         net (fo=8, routed)           1.145    94.770    s1
    SLICE_X26Y106        LUT3 (Prop_lut3_I1_O)        0.146    94.916 r  y[1]_i_1/O
                         net (fo=1, routed)           0.000    94.916    y[1]_i_1_n_0
    SLICE_X26Y106        FDRE                                         r  y_reg[1]/D
  -------------------------------------------------------------------    -------------------

                         (clock vclk rise edge)      68.437    68.437 r  <hidden>
                                                      0.000    68.437 r  clk
                         net (fo=167, unset)          0.924    69.361    clk
    SLICE_X26Y106        FDRE                                         r  y_reg[1]/C
                         clock pessimism              0.000    69.361    <hidden>
                         clock uncertainty           -0.035    69.326    <hidden>
    SLICE_X26Y106        FDRE (Setup_fdre_C_D)        0.118    69.444    y_reg[1]
  -------------------------------------------------------------------
                         required time                         69.444    <hidden>
                         arrival time                         -94.916    <hidden>
  -------------------------------------------------------------------
                         slack                                -25.472    <hidden>

Slack (VIOLATED) :        -25.385ns  (required time - arrival time)
  Source:                 w0_reg[3]/C
                            (rising edge-triggered cell FDRE clocked by vclk  {rise@0.000ns fall@34.218ns period=68.437ns})
  Destination:            y_reg[4]/D
                            (rising edge-triggered cell FDRE clocked by vclk  {rise@0.000ns fall@34.218ns period=68.437ns})
  Path Group:             vclk
  Path Type:              Setup (Max at Slow Process Corner)
  Requirement:            68.437ns  (vclk rise@68.437ns - vclk rise@0.000ns)
  Data Path Delay:        93.767ns  (logic 22.831ns (24.349%)  route 70.936ns (75.651%))
  Logic Levels:           90  (CARRY4=30 LUT3=10 LUT4=11 LUT5=19 LUT6=20)
  Clock Path Skew:        -0.049ns (DCD - SCD + CPR)
    Destination Clock Delay (DCD):    0.924ns = ( 69.361 - 68.437 ) 
    Source Clock Delay      (SCD):    0.973ns
    Clock Pessimism Removal (CPR):    0.000ns
  Clock Uncertainty:      0.035ns  ((TSJ^2 + TIJ^2)^1/2 + DJ) / 2 + PE
    Total System Jitter     (TSJ):    0.071ns
    Total Input Jitter      (TIJ):    0.000ns
    Discrete Jitter          (DJ):    0.000ns
    Phase Error              (PE):    0.000ns

    Location             Delay type                Incr(ns)  Path(ns)    Netlist Resource(s)
  -------------------------------------------------------------------    -------------------
                         (clock vclk rise edge)       0.000     0.000 r  <hidden>
                                                      0.000     0.000 r  clk
                         net (fo=167, unset)          0.973     0.973    clk
    SLICE_X53Y91         FDRE                                         r  w0_reg[3]/C
  -------------------------------------------------------------------    -------------------
    SLICE_X53Y91         FDRE (Prop_fdre_C_Q)         0.456     1.429 r  w0_reg[3]/Q
                         net (fo=11, routed)          0.835     2.264    w0[3]
    SLICE_X50Y91         LUT4 (Prop_lut4_I0_O)        0.124     2.388 r  y[7]_i_2014/O
                         net (fo=1, routed)           0.000     2.388    y[7]_i_2014_n_0
    SLICE_X50Y91         CARRY4 (Prop_carry4_S[1]_CO[3])
                                                      0.533     2.921 r  y_reg[7]_i_1914/CO[3]
                         net (fo=64, routed)          1.024     3.944    y_reg[7]_i_1914_n_0
    SLICE_X50Y92         LUT3 (Prop_lut3_I1_O)        0.124     4.068 r  y[7]_i_2100/O
                         net (fo=1, routed)           0.171     4.239    y[7]_i_2100_n_0
    SLICE_X50Y92         LUT6 (Prop_lut6_I1_O)        0.124     4.363 r  y[7]_i_2016/O
                         net (fo=1, routed)           0.645     5.008    y[7]_i_2016_n_0
    SLICE_X51Y89         CARRY4 (Prop_carry4_DI[3]_CO[3])
                                                      0.385     5.393 r  y_reg[7]_i_1915/CO[3]
                         net (fo=40, routed)          1.287     6.680    y_reg[7]_i_1915_n_0
    SLICE_X52Y90         LUT5 (Prop_lut5_I1_O)        0.124     6.804 r  y[2]_i_179/O
                         net (fo=10, routed)          0.686     7.490    y[2]_i_179_n_0
    SLICE_X52Y91         LUT4 (Prop_lut4_I2_O)        0.124     7.614 r  y[7]_i_2046/O
                         net (fo=1, routed)           0.000     7.614    y[7]_i_2046_n_0
    SLICE_X52Y91         CARRY4 (Prop_carry4_S[1]_CO[3])
                                                      0.550     8.164 r  y_reg[7]_i_1927/CO[3]
                         net (fo=64, routed)          1.449     9.613    y_reg[7]_i_1927_n_0
    SLICE_X54Y94         LUT3 (Prop_lut3_I1_O)        0.124     9.737 r  y[7]_i_2122/O
                         net (fo=1, routed)           0.162     9.899    y[7]_i_2122_n_0
    SLICE_X54Y94         LUT6 (Prop_lut6_I1_O)        0.124    10.023 r  y[7]_i_2078/O
                         net (fo=1, routed)           0.631    10.654    y[7]_i_2078_n_0
    SLICE_X54Y95         CARRY4 (Prop_carry4_DI[1]_CO[3])
                                                      0.520    11.174 r  y_reg[7]_i_1995/CO[3]
                         net (fo=16, routed)          1.452    12.626    y_reg[7]_i_1995_n_0
    SLICE_X50Y93         LUT5 (Prop_lut5_I1_O)        0.124    12.750 r  y[3]_i_224/O
                         net (fo=10, routed)          0.922    13.672    y[3]_i_224_n_0
    SLICE_X48Y91         LUT4 (Prop_lut4_I0_O)        0.124    13.796 r  y[7]_i_1993/O
                         net (fo=1, routed)           0.000    13.796    y[7]_i_1993_n_0
    SLICE_X48Y91         CARRY4 (Prop_carry4_S[1]_CO[3])
                                                      0.550    14.346 r  y_reg[7]_i_1871/CO[3]
                         net (fo=64, routed)          1.217    15.563    y_reg[7]_i_1871_n_0
    SLICE_X45Y91         LUT3 (Prop_lut3_I1_O)        0.124    15.687 r  y[7]_i_2071/O
                         net (fo=1, routed)           0.711    16.398    y[7]_i_2071_n_0
    SLICE_X47Y90         LUT6 (Prop_lut6_I1_O)        0.124    16.522 r  y[7]_i_1982/O
                         net (fo=1, routed)           0.502    17.024    y[7]_i_1982_n_0
    SLICE_X46Y91         CARRY4 (Prop_carry4_DI[0]_CO[3])
                                                      0.550    17.574 r  y_reg[7]_i_1870/CO[3]
                         net (fo=16, routed)          1.261    18.835    y_reg[7]_i_1870_n_0
    SLICE_X47Y91         LUT5 (Prop_lut5_I1_O)        0.124    18.959 r  y[3]_i_213/O
                         net (fo=10, routed)          0.618    19.577    y[3]_i_213_n_0
    SLICE_X44Y91         LUT4 (Prop_lut4_I0_O)        0.124    19.701 r  y[7]_i_1868/O
                         net (fo=1, routed)           0.000    19.701    y[7]_i_1868_n_0
    SLICE_X44Y91         CARRY4 (Prop_carry4_S[1]_CO[3])
                                                      0.550    20.251 r  y_reg[7]_i_1741/CO[3]
                         net (fo=64, routed)          1.312    21.563    y_reg[7]_i_1741_n_0
    SLICE_X39Y91         LUT3 (Prop_lut3_I1_O)        0.124    21.687 r  y[7]_i_1971/O
                         net (fo=1, routed)           0.304    21.991    y[7]_i_1971_n_0
    SLICE_X36Y91         LUT6 (Prop_lut6_I1_O)        0.124    22.115 r  y[7]_i_1854/O
                         net (fo=1, routed)           0.337    22.452    y[7]_i_1854_n_0
    SLICE_X40Y91         CARRY4 (Prop_carry4_DI[3]_CO[3])
                                                      0.385    22.837 r  y_reg[7]_i_1740/CO[3]
                         net (fo=16, routed)          1.361    24.198    y_reg[7]_i_1740_n_0
    SLICE_X40Y94         LUT5 (Prop_lut5_I1_O)        0.124    24.322 r  y[1]_i_200/O
                         net (fo=10, routed)          0.863    25.185    y[1]_i_200_n_0
    SLICE_X40Y96         LUT4 (Prop_lut4_I0_O)        0.124    25.309 r  y[7]_i_1750/O
                         net (fo=1, routed)           0.000    25.309    y[7]_i_1750_n_0
    SLICE_X40Y96         CARRY4 (Prop_carry4_S[0]_CO[3])
                                                      0.532    25.841 r  y_reg[7]_i_1585/CO[3]
                         net (fo=64, routed)          1.593    27.434    y_reg[7]_i_1585_n_0
    SLICE_X35Y105        LUT3 (Prop_lut3_I1_O)        0.124    27.558 r  y[7]_i_1895/O
                         net (fo=1, routed)           0.472    28.030    y[7]_i_1895_n_0
    SLICE_X32Y107        LUT6 (Prop_lut6_I1_O)        0.124    28.154 r  y[7]_i_1774/O
                         net (fo=1, routed)           0.904    29.058    y[7]_i_1774_n_0
    SLICE_X31Y114        CARRY4 (Prop_carry4_DI[1]_CO[3])
                                                      0.507    29.565 r  y_reg[7]_i_1599/CO[3]
                         net (fo=16, routed)          1.766    31.331    y_reg[7]_i_1599_n_0
    SLICE_X40Y98         LUT5 (Prop_lut5_I3_O)        0.124    31.455 r  y[2]_i_164/O
                         net (fo=4, routed)           0.810    32.265    y[2]_i_164_n_0
    SLICE_X40Y97         LUT4 (Prop_lut4_I3_O)        0.124    32.389 r  y[5]_i_270/O
                         net (fo=1, routed)           0.000    32.389    y[5]_i_270_n_0
    SLICE_X40Y97         CARRY4 (Prop_carry4_S[1]_CO[3])
                                                      0.550    32.939 r  y_reg[5]_i_247/CO[3]
                         net (fo=16, routed)          1.634    34.573    y_reg[5]_i_247_n_0
    SLICE_X40Y100        LUT5 (Prop_lut5_I1_O)        0.124    34.697 r  y[0]_i_155/O
                         net (fo=5, routed)           1.354    36.051    y[0]_i_155_n_0
    SLICE_X28Y109        LUT4 (Prop_lut4_I2_O)        0.124    36.175 r  y[5]_i_245/O
                         net (fo=1, routed)           0.000    36.175    y[5]_i_245_n_0
    SLICE_X28Y109        CARRY4 (Prop_carry4_S[0]_CO[3])
                                                      0.532    36.707 r  y_reg[5]_i_197/CO[3]
                         net (fo=31, routed)          1.013    37.720    y_reg[5]_i_197_n_0
    SLICE_X31Y109        LUT3 (Prop_lut3_I1_O)        0.124    37.844 r  y[5]_i_236/O
                         net (fo=6, routed)           1.046    38.890    y[5]_i_236_n_0
    SLICE_X31Y108        LUT6 (Prop_lut6_I3_O)        0.124    39.014 r  y[7]_i_1464/O
                         net (fo=1, routed)           0.000    39.014    y[7]_i_1464_n_0
    SLICE_X31Y108        CARRY4 (Prop_carry4_S[0]_CO[3])
                                                      0.532    39.546 r  y_reg[7]_i_1238/CO[3]
                         net (fo=28, routed)          1.037    40.583    y_reg[7]_i_1238_n_0
    SLICE_X28Y104        LUT5 (Prop_lut5_I4_O)        0.124    40.707 r  y[5]_i_158/O
                         net (fo=7, routed)           0.826    41.533    y[5]_i_158_n_0
    SLICE_X28Y104        LUT6 (Prop_lut6_I4_O)        0.124    41.657 r  y[5]_i_189/O
                         net (fo=1, routed)           0.771    42.429    y[5]_i_189_n_0
    SLICE_X29Y104        CARRY4 (Prop_carry4_DI[2]_CO[3])
                                                      0.398    42.827 r  y_reg[5]_i_157/CO[3]
                         net (fo=25, routed)          0.869    43.696    y_reg[5]_i_157_n_0
    SLICE_X28Y100        LUT5 (Prop_lut5_I4_O)        0.124    43.820 f  y[5]_i_186/O
                         net (fo=7, routed)           0.985    44.805    y[5]_i_186_n_0
    SLICE_X27Y94         LUT6 (Prop_lut6_I5_O)        0.124    44.929 r  y[5]_i_203/O
                         net (fo=1, routed)           0.482    45.411    y[5]_i_203_n_0
    SLICE_X26Y94         CARRY4 (Prop_carry4_DI[0]_CO[3])
                                                      0.550    45.961 r  y_reg[5]_i_160/CO[3]
                         net (fo=25, routed)          1.518    47.478    y_reg[5]_i_160_n_0
    SLICE_X32Y90         LUT3 (Prop_lut3_I1_O)        0.124    47.602 r  y[4]_i_130/O
                         net (fo=7, routed)           0.869    48.472    y[4]_i_130_n_0
    SLICE_X32Y91         LUT6 (Prop_lut6_I4_O)        0.124    48.596 r  y[7]_i_1250/O
                         net (fo=1, routed)           0.472    49.068    y[7]_i_1250_n_0
    SLICE_X33Y92         CARRY4 (Prop_carry4_DI[2]_CO[3])
                                                      0.398    49.466 r  y_reg[7]_i_1032/CO[3]
                         net (fo=28, routed)          0.883    50.349    y_reg[7]_i_1032_n_0
    SLICE_X33Y91         LUT5 (Prop_lut5_I4_O)        0.124    50.473 f  y[3]_i_118/O
                         net (fo=7, routed)           0.643    51.116    y[3]_i_118_n_0
    SLICE_X33Y90         LUT6 (Prop_lut6_I3_O)        0.124    51.240 r  y[7]_i_1022/O
                         net (fo=1, routed)           0.709    51.949    y[7]_i_1022_n_0
    SLICE_X33Y88         CARRY4 (Prop_carry4_DI[1]_CO[3])
                                                      0.507    52.456 r  y_reg[7]_i_812/CO[3]
                         net (fo=28, routed)          1.220    53.676    y_reg[7]_i_812_n_0
    SLICE_X32Y87         LUT5 (Prop_lut5_I4_O)        0.124    53.800 f  y[0]_i_107/O
                         net (fo=4, routed)           0.617    54.417    y[0]_i_107_n_0
    SLICE_X32Y86         LUT6 (Prop_lut6_I5_O)        0.124    54.541 r  y[7]_i_1036/O
                         net (fo=1, routed)           0.473    55.015    y[7]_i_1036_n_0
    SLICE_X34Y86         CARRY4 (Prop_carry4_DI[0]_CO[3])
                                                      0.550    55.565 r  y_reg[7]_i_815/CO[3]
                         net (fo=16, routed)          1.104    56.668    y_reg[7]_i_815_n_0
    SLICE_X35Y86         LUT5 (Prop_lut5_I4_O)        0.124    56.792 r  y[3]_i_95/O
                         net (fo=7, routed)           0.997    57.789    y[3]_i_95_n_0
    SLICE_X36Y84         LUT4 (Prop_lut4_I1_O)        0.124    57.913 r  y[7]_i_809/O
                         net (fo=1, routed)           0.000    57.913    y[7]_i_809_n_0
    SLICE_X36Y84         CARRY4 (Prop_carry4_S[1]_CO[3])
                                                      0.533    58.446 r  y_reg[7]_i_594/CO[3]
                         net (fo=32, routed)          1.171    59.617    y_reg[7]_i_594_n_0
    SLICE_X38Y84         LUT3 (Prop_lut3_I1_O)        0.124    59.741 f  y[0]_i_85/O
                         net (fo=4, routed)           0.830    60.571    y[0]_i_85_n_0
    SLICE_X38Y83         LUT6 (Prop_lut6_I5_O)        0.124    60.695 r  y[7]_i_819/O
                         net (fo=1, routed)           0.477    61.172    y[7]_i_819_n_0
    SLICE_X37Y83         CARRY4 (Prop_carry4_DI[0]_CO[3])
                                                      0.526    61.698 r  y_reg[7]_i_596/CO[3]
                         net (fo=20, routed)          0.964    62.662    y_reg[7]_i_596_n_0
    SLICE_X38Y83         LUT5 (Prop_lut5_I3_O)        0.124    62.786 r  y[1]_i_69/O
                         net (fo=4, routed)           0.797    63.583    y[1]_i_69_n_0
    SLICE_X37Y85         LUT6 (Prop_lut6_I3_O)        0.124    63.707 r  y[7]_i_601/O
                         net (fo=1, routed)           0.862    64.569    y[7]_i_601_n_0
    SLICE_X38Y85         CARRY4 (Prop_carry4_DI[0]_CO[3])
                                                      0.550    65.119 r  y_reg[7]_i_389/CO[3]
                         net (fo=28, routed)          1.218    66.337    y_reg[7]_i_389_n_0
    SLICE_X36Y87         LUT5 (Prop_lut5_I3_O)        0.124    66.461 r  y[5]_i_65/O
                         net (fo=4, routed)           1.014    67.475    y[5]_i_65_n_0
    SLICE_X34Y88         LUT6 (Prop_lut6_I3_O)        0.124    67.599 r  y[7]_i_565/O
                         net (fo=1, routed)           0.637    68.236    y[7]_i_565_n_0
    SLICE_X34Y87         CARRY4 (Prop_carry4_DI[2]_CO[3])
                                                      0.404    68.640 r  y_reg[7]_i_366/CO[3]
                         net (fo=20, routed)          1.263    69.903    y_reg[7]_i_366_n_0
    SLICE_X31Y91         LUT5 (Prop_lut5_I4_O)        0.124    70.027 r  y[1]_i_42/O
                         net (fo=4, routed)           0.991    71.018    y[1]_i_42_n_0
    SLICE_X31Y93         LUT6 (Prop_lut6_I3_O)        0.124    71.142 r  y[7]_i_370/O
                         net (fo=1, routed)           0.330    71.472    y[7]_i_370_n_0
    SLICE_X31Y92         CARRY4 (Prop_carry4_DI[0]_CO[3])
                                                      0.526    71.998 r  y_reg[7]_i_213/CO[3]
                         net (fo=28, routed)          1.123    73.121    y_reg[7]_i_213_n_0
    SLICE_X29Y94         LUT5 (Prop_lut5_I3_O)        0.124    73.245 f  y[5]_i_38/O
                         net (fo=4, routed)           0.980    74.225    y[5]_i_38_n_0
    SLICE_X28Y95         LUT6 (Prop_lut6_I3_O)        0.124    74.349 r  y[7]_i_334/O
                         net (fo=1, routed)           0.613    74.962    y[7]_i_334_n_0
    SLICE_X28Y96         CARRY4 (Prop_carry4_DI[2]_CO[3])
                                                      0.398    75.360 r  y_reg[7]_i_189/CO[3]
                         net (fo=20, routed)          1.160    76.520    y_reg[7]_i_189_n_0
    SLICE_X27Y98         LUT5 (Prop_lut5_I3_O)        0.124    76.644 r  y[4]_i_20/O
                         net (fo=7, routed)           0.798    77.442    y[4]_i_20_n_0
    SLICE_X27Y100        LUT6 (Prop_lut6_I4_O)        0.124    77.566 r  y[7]_i_192/O
                         net (fo=1, routed)           0.769    78.335    y[7]_i_192_n_0
    SLICE_X26Y101        CARRY4 (Prop_carry4_DI[2]_CO[3])
                                                      0.404    78.739 r  y_reg[7]_i_95/CO[3]
                         net (fo=28, routed)          1.198    79.937    y_reg[7]_i_95_n_0
    SLICE_X28Y103        LUT5 (Prop_lut5_I3_O)        0.124    80.061 f  y[1]_i_27/O
                         net (fo=4, routed)           0.828    80.889    y[1]_i_27_n_0
    SLICE_X31Y104        LUT6 (Prop_lut6_I3_O)        0.124    81.013 r  y[7]_i_241/O
                         net (fo=1, routed)           0.600    81.613    y[7]_i_241_n_0
    SLICE_X30Y106        CARRY4 (Prop_carry4_DI[0]_CO[3])
                                                      0.550    82.163 r  y_reg[7]_i_121/CO[3]
                         net (fo=16, routed)          1.312    83.474    y_reg[7]_i_121_n_0
    SLICE_X30Y103        LUT5 (Prop_lut5_I1_O)        0.124    83.598 r  y[3]_i_12/O
                         net (fo=4, routed)           0.853    84.452    y[3]_i_12_n_0
    SLICE_X26Y103        LUT6 (Prop_lut6_I3_O)        0.124    84.576 r  y[7]_i_114/O
                         net (fo=1, routed)           0.483    85.059    y[7]_i_114_n_0
    SLICE_X27Y103        CARRY4 (Prop_carry4_DI[1]_CO[3])
                                                      0.507    85.566 r  y_reg[7]_i_37/CO[3]
                         net (fo=16, routed)          0.803    86.369    y_reg[7]_i_37_n_0
    SLICE_X26Y104        LUT5 (Prop_lut5_I4_O)        0.124    86.493 r  y[3]_i_8/O
                         net (fo=6, routed)           1.009    87.502    y[3]_i_8_n_0
    SLICE_X27Y109        LUT4 (Prop_lut4_I0_O)        0.124    87.626 r  y[7]_i_80/O
                         net (fo=1, routed)           0.000    87.626    y[7]_i_80_n_0
    SLICE_X27Y109        CARRY4 (Prop_carry4_S[1]_CO[3])
                                                      0.550    88.176 r  y_reg[7]_i_22/CO[3]
                         net (fo=16, routed)          1.063    89.239    y_reg[7]_i_22_n_0
    SLICE_X29Y108        LUT3 (Prop_lut3_I1_O)        0.124    89.363 r  y[1]_i_5/O
                         net (fo=5, routed)           0.950    90.313    y[1]_i_5_n_0
    SLICE_X29Y107        LUT4 (Prop_lut4_I1_O)        0.124    90.437 r  y[7]_i_33/O
                         net (fo=1, routed)           0.000    90.437    y[7]_i_33_n_0
    SLICE_X29Y107        CARRY4 (Prop_carry4_S[0]_CO[3])
                                                      0.532    90.969 r  y_reg[7]_i_6/CO[3]
                         net (fo=8, routed)           1.192    92.161    y_reg[7]_i_6_n_0
    SLICE_X27Y106        LUT6 (Prop_lut6_I0_O)        0.124    92.285 r  y[6]_i_2/O
                         net (fo=3, routed)           0.840    93.125    y[6]_i_2_n_0
    SLICE_X26Y107        LUT4 (Prop_lut4_I2_O)        0.124    93.249 r  y[7]_i_16/O
                         net (fo=1, routed)           0.000    93.249    y[7]_i_16_n_0
    SLICE_X26Y107        CARRY4 (Prop_carry4_S[3]_CO[3])
                                                      0.376    93.625 r  y_reg[7]_i_4/CO[3]
                         net (fo=8, routed)           0.991    94.616    s1
    SLICE_X27Y107        LUT3 (Prop_lut3_I2_O)        0.124    94.740 r  y[4]_i_1/O
                         net (fo=1, routed)           0.000    94.740    y[4]_i_1_n_0
    SLICE_X27Y107        FDRE                                         r  y_reg[4]/D
  -------------------------------------------------------------------    -------------------

                         (clock vclk rise edge)      68.437    68.437 r  <hidden>
                                                      0.000    68.437 r  clk
                         net (fo=167, unset)          0.924    69.361    clk
    SLICE_X27Y107        FDRE                                         r  y_reg[4]/C
                         clock pessimism              0.000    69.361    <hidden>
                         clock uncertainty           -0.035    69.326    <hidden>
    SLICE_X27Y107        FDRE (Setup_fdre_C_D)        0.029    69.355    y_reg[4]
  -------------------------------------------------------------------
                         required time                         69.355    <hidden>
                         arrival time                         -94.740    <hidden>
  -------------------------------------------------------------------
                         slack                                -25.385    <hidden>

Slack (VIOLATED) :        -25.367ns  (required time - arrival time)
  Source:                 w0_reg[3]/C
                            (rising edge-triggered cell FDRE clocked by vclk  {rise@0.000ns fall@34.218ns period=68.437ns})
  Destination:            y_reg[5]/D
                            (rising edge-triggered cell FDRE clocked by vclk  {rise@0.000ns fall@34.218ns period=68.437ns})
  Path Group:             vclk
  Path Type:              Setup (Max at Slow Process Corner)
  Requirement:            68.437ns  (vclk rise@68.437ns - vclk rise@0.000ns)
  Data Path Delay:        93.795ns  (logic 22.859ns (24.371%)  route 70.936ns (75.629%))
  Logic Levels:           90  (CARRY4=30 LUT3=10 LUT4=11 LUT5=19 LUT6=20)
  Clock Path Skew:        -0.049ns (DCD - SCD + CPR)
    Destination Clock Delay (DCD):    0.924ns = ( 69.361 - 68.437 ) 
    Source Clock Delay      (SCD):    0.973ns
    Clock Pessimism Removal (CPR):    0.000ns
  Clock Uncertainty:      0.035ns  ((TSJ^2 + TIJ^2)^1/2 + DJ) / 2 + PE
    Total System Jitter     (TSJ):    0.071ns
    Total Input Jitter      (TIJ):    0.000ns
    Discrete Jitter          (DJ):    0.000ns
    Phase Error              (PE):    0.000ns

    Location             Delay type                Incr(ns)  Path(ns)    Netlist Resource(s)
  -------------------------------------------------------------------    -------------------
                         (clock vclk rise edge)       0.000     0.000 r  <hidden>
                                                      0.000     0.000 r  clk
                         net (fo=167, unset)          0.973     0.973    clk
    SLICE_X53Y91         FDRE                                         r  w0_reg[3]/C
  -------------------------------------------------------------------    -------------------
    SLICE_X53Y91         FDRE (Prop_fdre_C_Q)         0.456     1.429 r  w0_reg[3]/Q
                         net (fo=11, routed)          0.835     2.264    w0[3]
    SLICE_X50Y91         LUT4 (Prop_lut4_I0_O)        0.124     2.388 r  y[7]_i_2014/O
                         net (fo=1, routed)           0.000     2.388    y[7]_i_2014_n_0
    SLICE_X50Y91         CARRY4 (Prop_carry4_S[1]_CO[3])
                                                      0.533     2.921 r  y_reg[7]_i_1914/CO[3]
                         net (fo=64, routed)          1.024     3.944    y_reg[7]_i_1914_n_0
    SLICE_X50Y92         LUT3 (Prop_lut3_I1_O)        0.124     4.068 r  y[7]_i_2100/O
                         net (fo=1, routed)           0.171     4.239    y[7]_i_2100_n_0
    SLICE_X50Y92         LUT6 (Prop_lut6_I1_O)        0.124     4.363 r  y[7]_i_2016/O
                         net (fo=1, routed)           0.645     5.008    y[7]_i_2016_n_0
    SLICE_X51Y89         CARRY4 (Prop_carry4_DI[3]_CO[3])
                                                      0.385     5.393 r  y_reg[7]_i_1915/CO[3]
                         net (fo=40, routed)          1.287     6.680    y_reg[7]_i_1915_n_0
    SLICE_X52Y90         LUT5 (Prop_lut5_I1_O)        0.124     6.804 r  y[2]_i_179/O
                         net (fo=10, routed)          0.686     7.490    y[2]_i_179_n_0
    SLICE_X52Y91         LUT4 (Prop_lut4_I2_O)        0.124     7.614 r  y[7]_i_2046/O
                         net (fo=1, routed)           0.000     7.614    y[7]_i_2046_n_0
    SLICE_X52Y91         CARRY4 (Prop_carry4_S[1]_CO[3])
                                                      0.550     8.164 r  y_reg[7]_i_1927/CO[3]
                         net (fo=64, routed)          1.449     9.613    y_reg[7]_i_1927_n_0
    SLICE_X54Y94         LUT3 (Prop_lut3_I1_O)        0.124     9.737 r  y[7]_i_2122/O
                         net (fo=1, routed)           0.162     9.899    y[7]_i_2122_n_0
    SLICE_X54Y94         LUT6 (Prop_lut6_I1_O)        0.124    10.023 r  y[7]_i_2078/O
                         net (fo=1, routed)           0.631    10.654    y[7]_i_2078_n_0
    SLICE_X54Y95         CARRY4 (Prop_carry4_DI[1]_CO[3])
                                                      0.520    11.174 r  y_reg[7]_i_1995/CO[3]
                         net (fo=16, routed)          1.452    12.626    y_reg[7]_i_1995_n_0
    SLICE_X50Y93         LUT5 (Prop_lut5_I1_O)        0.124    12.750 r  y[3]_i_224/O
                         net (fo=10, routed)          0.922    13.672    y[3]_i_224_n_0
    SLICE_X48Y91         LUT4 (Prop_lut4_I0_O)        0.124    13.796 r  y[7]_i_1993/O
                         net (fo=1, routed)           0.000    13.796    y[7]_i_1993_n_0
    SLICE_X48Y91         CARRY4 (Prop_carry4_S[1]_CO[3])
                                                      0.550    14.346 r  y_reg[7]_i_1871/CO[3]
                         net (fo=64, routed)          1.217    15.563    y_reg[7]_i_1871_n_0
    SLICE_X45Y91         LUT3 (Prop_lut3_I1_O)        0.124    15.687 r  y[7]_i_2071/O
                         net (fo=1, routed)           0.711    16.398    y[7]_i_2071_n_0
    SLICE_X47Y90         LUT6 (Prop_lut6_I1_O)        0.124    16.522 r  y[7]_i_1982/O
                         net (fo=1, routed)           0.502    17.024    y[7]_i_1982_n_0
    SLICE_X46Y91         CARRY4 (Prop_carry4_DI[0]_CO[3])
                                                      0.550    17.574 r  y_reg[7]_i_1870/CO[3]
                         net (fo=16, routed)          1.261    18.835    y_reg[7]_i_1870_n_0
    SLICE_X47Y91         LUT5 (Prop_lut5_I1_O)        0.124    18.959 r  y[3]_i_213/O
                         net (fo=10, routed)          0.618    19.577    y[3]_i_213_n_0
    SLICE_X44Y91         LUT4 (Prop_lut4_I0_O)        0.124    19.701 r  y[7]_i_1868/O
                         net (fo=1, routed)           0.000    19.701    y[7]_i_1868_n_0
    SLICE_X44Y91         CARRY4 (Prop_carry4_S[1]_CO[3])
                                                      0.550    20.251 r  y_reg[7]_i_1741/CO[3]
                         net (fo=64, routed)          1.312    21.563    y_reg[7]_i_1741_n_0
    SLICE_X39Y91         LUT3 (Prop_lut3_I1_O)        0.124    21.687 r  y[7]_i_1971/O
                         net (fo=1, routed)           0.304    21.991    y[7]_i_1971_n_0
    SLICE_X36Y91         LUT6 (Prop_lut6_I1_O)        0.124    22.115 r  y[7]_i_1854/O
                         net (fo=1, routed)           0.337    22.452    y[7]_i_1854_n_0
    SLICE_X40Y91         CARRY4 (Prop_carry4_DI[3]_CO[3])
                                                      0.385    22.837 r  y_reg[7]_i_1740/CO[3]
                         net (fo=16, routed)          1.361    24.198    y_reg[7]_i_1740_n_0
    SLICE_X40Y94         LUT5 (Prop_lut5_I1_O)        0.124    24.322 r  y[1]_i_200/O
                         net (fo=10, routed)          0.863    25.185    y[1]_i_200_n_0
    SLICE_X40Y96         LUT4 (Prop_lut4_I0_O)        0.124    25.309 r  y[7]_i_1750/O
                         net (fo=1, routed)           0.000    25.309    y[7]_i_1750_n_0
    SLICE_X40Y96         CARRY4 (Prop_carry4_S[0]_CO[3])
                                                      0.532    25.841 r  y_reg[7]_i_1585/CO[3]
                         net (fo=64, routed)          1.593    27.434    y_reg[7]_i_1585_n_0
    SLICE_X35Y105        LUT3 (Prop_lut3_I1_O)        0.124    27.558 r  y[7]_i_1895/O
                         net (fo=1, routed)           0.472    28.030    y[7]_i_1895_n_0
    SLICE_X32Y107        LUT6 (Prop_lut6_I1_O)        0.124    28.154 r  y[7]_i_1774/O
                         net (fo=1, routed)           0.904    29.058    y[7]_i_1774_n_0
    SLICE_X31Y114        CARRY4 (Prop_carry4_DI[1]_CO[3])
                                                      0.507    29.565 r  y_reg[7]_i_1599/CO[3]
                         net (fo=16, routed)          1.766    31.331    y_reg[7]_i_1599_n_0
    SLICE_X40Y98         LUT5 (Prop_lut5_I3_O)        0.124    31.455 r  y[2]_i_164/O
                         net (fo=4, routed)           0.810    32.265    y[2]_i_164_n_0
    SLICE_X40Y97         LUT4 (Prop_lut4_I3_O)        0.124    32.389 r  y[5]_i_270/O
                         net (fo=1, routed)           0.000    32.389    y[5]_i_270_n_0
    SLICE_X40Y97         CARRY4 (Prop_carry4_S[1]_CO[3])
                                                      0.550    32.939 r  y_reg[5]_i_247/CO[3]
                         net (fo=16, routed)          1.634    34.573    y_reg[5]_i_247_n_0
    SLICE_X40Y100        LUT5 (Prop_lut5_I1_O)        0.124    34.697 r  y[0]_i_155/O
                         net (fo=5, routed)           1.354    36.051    y[0]_i_155_n_0
    SLICE_X28Y109        LUT4 (Prop_lut4_I2_O)        0.124    36.175 r  y[5]_i_245/O
                         net (fo=1, routed)           0.000    36.175    y[5]_i_245_n_0
    SLICE_X28Y109        CARRY4 (Prop_carry4_S[0]_CO[3])
                                                      0.532    36.707 r  y_reg[5]_i_197/CO[3]
                         net (fo=31, routed)          1.013    37.720    y_reg[5]_i_197_n_0
    SLICE_X31Y109        LUT3 (Prop_lut3_I1_O)        0.124    37.844 r  y[5]_i_236/O
                         net (fo=6, routed)           1.046    38.890    y[5]_i_236_n_0
    SLICE_X31Y108        LUT6 (Prop_lut6_I3_O)        0.124    39.014 r  y[7]_i_1464/O
                         net (fo=1, routed)           0.000    39.014    y[7]_i_1464_n_0
    SLICE_X31Y108        CARRY4 (Prop_carry4_S[0]_CO[3])
                                                      0.532    39.546 r  y_reg[7]_i_1238/CO[3]
                         net (fo=28, routed)          1.037    40.583    y_reg[7]_i_1238_n_0
    SLICE_X28Y104        LUT5 (Prop_lut5_I4_O)        0.124    40.707 r  y[5]_i_158/O
                         net (fo=7, routed)           0.826    41.533    y[5]_i_158_n_0
    SLICE_X28Y104        LUT6 (Prop_lut6_I4_O)        0.124    41.657 r  y[5]_i_189/O
                         net (fo=1, routed)           0.771    42.429    y[5]_i_189_n_0
    SLICE_X29Y104        CARRY4 (Prop_carry4_DI[2]_CO[3])
                                                      0.398    42.827 r  y_reg[5]_i_157/CO[3]
                         net (fo=25, routed)          0.869    43.696    y_reg[5]_i_157_n_0
    SLICE_X28Y100        LUT5 (Prop_lut5_I4_O)        0.124    43.820 f  y[5]_i_186/O
                         net (fo=7, routed)           0.985    44.805    y[5]_i_186_n_0
    SLICE_X27Y94         LUT6 (Prop_lut6_I5_O)        0.124    44.929 r  y[5]_i_203/O
                         net (fo=1, routed)           0.482    45.411    y[5]_i_203_n_0
    SLICE_X26Y94         CARRY4 (Prop_carry4_DI[0]_CO[3])
                                                      0.550    45.961 r  y_reg[5]_i_160/CO[3]
                         net (fo=25, routed)          1.518    47.478    y_reg[5]_i_160_n_0
    SLICE_X32Y90         LUT3 (Prop_lut3_I1_O)        0.124    47.602 r  y[4]_i_130/O
                         net (fo=7, routed)           0.869    48.472    y[4]_i_130_n_0
    SLICE_X32Y91         LUT6 (Prop_lut6_I4_O)        0.124    48.596 r  y[7]_i_1250/O
                         net (fo=1, routed)           0.472    49.068    y[7]_i_1250_n_0
    SLICE_X33Y92         CARRY4 (Prop_carry4_DI[2]_CO[3])
                                                      0.398    49.466 r  y_reg[7]_i_1032/CO[3]
                         net (fo=28, routed)          0.883    50.349    y_reg[7]_i_1032_n_0
    SLICE_X33Y91         LUT5 (Prop_lut5_I4_O)        0.124    50.473 f  y[3]_i_118/O
                         net (fo=7, routed)           0.643    51.116    y[3]_i_118_n_0
    SLICE_X33Y90         LUT6 (Prop_lut6_I3_O)        0.124    51.240 r  y[7]_i_1022/O
                         net (fo=1, routed)           0.709    51.949    y[7]_i_1022_n_0
    SLICE_X33Y88         CARRY4 (Prop_carry4_DI[1]_CO[3])
                                                      0.507    52.456 r  y_reg[7]_i_812/CO[3]
                         net (fo=28, routed)          1.220    53.676    y_reg[7]_i_812_n_0
    SLICE_X32Y87         LUT5 (Prop_lut5_I4_O)        0.124    53.800 f  y[0]_i_107/O
                         net (fo=4, routed)           0.617    54.417    y[0]_i_107_n_0
    SLICE_X32Y86         LUT6 (Prop_lut6_I5_O)        0.124    54.541 r  y[7]_i_1036/O
                         net (fo=1, routed)           0.473    55.015    y[7]_i_1036_n_0
    SLICE_X34Y86         CARRY4 (Prop_carry4_DI[0]_CO[3])
                                                      0.550    55.565 r  y_reg[7]_i_815/CO[3]
                         net (fo=16, routed)          1.104    56.668    y_reg[7]_i_815_n_0
    SLICE_X35Y86         LUT5 (Prop_lut5_I4_O)        0.124    56.792 r  y[3]_i_95/O
                         net (fo=7, routed)           0.997    57.789    y[3]_i_95_n_0
    SLICE_X36Y84         LUT4 (Prop_lut4_I1_O)        0.124    57.913 r  y[7]_i_809/O
                         net (fo=1, routed)           0.000    57.913    y[7]_i_809_n_0
    SLICE_X36Y84         CARRY4 (Prop_carry4_S[1]_CO[3])
                                                      0.533    58.446 r  y_reg[7]_i_594/CO[3]
                         net (fo=32, routed)          1.171    59.617    y_reg[7]_i_594_n_0
    SLICE_X38Y84         LUT3 (Prop_lut3_I1_O)        0.124    59.741 f  y[0]_i_85/O
                         net (fo=4, routed)           0.830    60.571    y[0]_i_85_n_0
    SLICE_X38Y83         LUT6 (Prop_lut6_I5_O)        0.124    60.695 r  y[7]_i_819/O
                         net (fo=1, routed)           0.477    61.172    y[7]_i_819_n_0
    SLICE_X37Y83         CARRY4 (Prop_carry4_DI[0]_CO[3])
                                                      0.526    61.698 r  y_reg[7]_i_596/CO[3]
                         net (fo=20, routed)          0.964    62.662    y_reg[7]_i_596_n_0
    SLICE_X38Y83         LUT5 (Prop_lut5_I3_O)        0.124    62.786 r  y[1]_i_69/O
                         net (fo=4, routed)           0.797    63.583    y[1]_i_69_n_0
    SLICE_X37Y85         LUT6 (Prop_lut6_I3_O)        0.124    63.707 r  y[7]_i_601/O
                         net (fo=1, routed)           0.862    64.569    y[7]_i_601_n_0
    SLICE_X38Y85         CARRY4 (Prop_carry4_DI[0]_CO[3])
                                                      0.550    65.119 r  y_reg[7]_i_389/CO[3]
                         net (fo=28, routed)          1.218    66.337    y_reg[7]_i_389_n_0
    SLICE_X36Y87         LUT5 (Prop_lut5_I3_O)        0.124    66.461 r  y[5]_i_65/O
                         net (fo=4, routed)           1.014    67.475    y[5]_i_65_n_0
    SLICE_X34Y88         LUT6 (Prop_lut6_I3_O)        0.124    67.599 r  y[7]_i_565/O
                         net (fo=1, routed)           0.637    68.236    y[7]_i_565_n_0
    SLICE_X34Y87         CARRY4 (Prop_carry4_DI[2]_CO[3])
                                                      0.404    68.640 r  y_reg[7]_i_366/CO[3]
                         net (fo=20, routed)          1.263    69.903    y_reg[7]_i_366_n_0
    SLICE_X31Y91         LUT5 (Prop_lut5_I4_O)        0.124    70.027 r  y[1]_i_42/O
                         net (fo=4, routed)           0.991    71.018    y[1]_i_42_n_0
    SLICE_X31Y93         LUT6 (Prop_lut6_I3_O)        0.124    71.142 r  y[7]_i_370/O
                         net (fo=1, routed)           0.330    71.472    y[7]_i_370_n_0
    SLICE_X31Y92         CARRY4 (Prop_carry4_DI[0]_CO[3])
                                                      0.526    71.998 r  y_reg[7]_i_213/CO[3]
                         net (fo=28, routed)          1.123    73.121    y_reg[7]_i_213_n_0
    SLICE_X29Y94         LUT5 (Prop_lut5_I3_O)        0.124    73.245 f  y[5]_i_38/O
                         net (fo=4, routed)           0.980    74.225    y[5]_i_38_n_0
    SLICE_X28Y95         LUT6 (Prop_lut6_I3_O)        0.124    74.349 r  y[7]_i_334/O
                         net (fo=1, routed)           0.613    74.962    y[7]_i_334_n_0
    SLICE_X28Y96         CARRY4 (Prop_carry4_DI[2]_CO[3])
                                                      0.398    75.360 r  y_reg[7]_i_189/CO[3]
                         net (fo=20, routed)          1.160    76.520    y_reg[7]_i_189_n_0
    SLICE_X27Y98         LUT5 (Prop_lut5_I3_O)        0.124    76.644 r  y[4]_i_20/O
                         net (fo=7, routed)           0.798    77.442    y[4]_i_20_n_0
    SLICE_X27Y100        LUT6 (Prop_lut6_I4_O)        0.124    77.566 r  y[7]_i_192/O
                         net (fo=1, routed)           0.769    78.335    y[7]_i_192_n_0
    SLICE_X26Y101        CARRY4 (Prop_carry4_DI[2]_CO[3])
                                                      0.404    78.739 r  y_reg[7]_i_95/CO[3]
                         net (fo=28, routed)          1.198    79.937    y_reg[7]_i_95_n_0
    SLICE_X28Y103        LUT5 (Prop_lut5_I3_O)        0.124    80.061 f  y[1]_i_27/O
                         net (fo=4, routed)           0.828    80.889    y[1]_i_27_n_0
    SLICE_X31Y104        LUT6 (Prop_lut6_I3_O)        0.124    81.013 r  y[7]_i_241/O
                         net (fo=1, routed)           0.600    81.613    y[7]_i_241_n_0
    SLICE_X30Y106        CARRY4 (Prop_carry4_DI[0]_CO[3])
                                                      0.550    82.163 r  y_reg[7]_i_121/CO[3]
                         net (fo=16, routed)          1.312    83.474    y_reg[7]_i_121_n_0
    SLICE_X30Y103        LUT5 (Prop_lut5_I1_O)        0.124    83.598 r  y[3]_i_12/O
                         net (fo=4, routed)           0.853    84.452    y[3]_i_12_n_0
    SLICE_X26Y103        LUT6 (Prop_lut6_I3_O)        0.124    84.576 r  y[7]_i_114/O
                         net (fo=1, routed)           0.483    85.059    y[7]_i_114_n_0
    SLICE_X27Y103        CARRY4 (Prop_carry4_DI[1]_CO[3])
                                                      0.507    85.566 r  y_reg[7]_i_37/CO[3]
                         net (fo=16, routed)          0.803    86.369    y_reg[7]_i_37_n_0
    SLICE_X26Y104        LUT5 (Prop_lut5_I4_O)        0.124    86.493 r  y[3]_i_8/O
                         net (fo=6, routed)           1.009    87.502    y[3]_i_8_n_0
    SLICE_X27Y109        LUT4 (Prop_lut4_I0_O)        0.124    87.626 r  y[7]_i_80/O
                         net (fo=1, routed)           0.000    87.626    y[7]_i_80_n_0
    SLICE_X27Y109        CARRY4 (Prop_carry4_S[1]_CO[3])
                                                      0.550    88.176 r  y_reg[7]_i_22/CO[3]
                         net (fo=16, routed)          1.063    89.239    y_reg[7]_i_22_n_0
    SLICE_X29Y108        LUT3 (Prop_lut3_I1_O)        0.124    89.363 r  y[1]_i_5/O
                         net (fo=5, routed)           0.950    90.313    y[1]_i_5_n_0
    SLICE_X29Y107        LUT4 (Prop_lut4_I1_O)        0.124    90.437 r  y[7]_i_33/O
                         net (fo=1, routed)           0.000    90.437    y[7]_i_33_n_0
    SLICE_X29Y107        CARRY4 (Prop_carry4_S[0]_CO[3])
                                                      0.532    90.969 r  y_reg[7]_i_6/CO[3]
                         net (fo=8, routed)           1.192    92.161    y_reg[7]_i_6_n_0
    SLICE_X27Y106        LUT6 (Prop_lut6_I0_O)        0.124    92.285 r  y[6]_i_2/O
                         net (fo=3, routed)           0.840    93.125    y[6]_i_2_n_0
    SLICE_X26Y107        LUT4 (Prop_lut4_I2_O)        0.124    93.249 r  y[7]_i_16/O
                         net (fo=1, routed)           0.000    93.249    y[7]_i_16_n_0
    SLICE_X26Y107        CARRY4 (Prop_carry4_S[3]_CO[3])
                                                      0.376    93.625 r  y_reg[7]_i_4/CO[3]
                         net (fo=8, routed)           0.991    94.616    s1
    SLICE_X27Y107        LUT3 (Prop_lut3_I1_O)        0.152    94.768 r  y[5]_i_1/O
                         net (fo=1, routed)           0.000    94.768    y[5]_i_1_n_0
    SLICE_X27Y107        FDRE                                         r  y_reg[5]/D
  -------------------------------------------------------------------    -------------------

                         (clock vclk rise edge)      68.437    68.437 r  <hidden>
                                                      0.000    68.437 r  clk
                         net (fo=167, unset)          0.924    69.361    clk
    SLICE_X27Y107        FDRE                                         r  y_reg[5]/C
                         clock pessimism              0.000    69.361    <hidden>
                         clock uncertainty           -0.035    69.326    <hidden>
    SLICE_X27Y107        FDRE (Setup_fdre_C_D)        0.075    69.401    y_reg[5]
  -------------------------------------------------------------------
                         required time                         69.401    <hidden>
                         arrival time                         -94.768    <hidden>
  -------------------------------------------------------------------
                         slack                                -25.367    <hidden>

Slack (VIOLATED) :        -25.275ns  (required time - arrival time)
  Source:                 w0_reg[3]/C
                            (rising edge-triggered cell FDRE clocked by vclk  {rise@0.000ns fall@34.218ns period=68.437ns})
  Destination:            y_reg[2]/D
                            (rising edge-triggered cell FDRE clocked by vclk  {rise@0.000ns fall@34.218ns period=68.437ns})
  Path Group:             vclk
  Path Type:              Setup (Max at Slow Process Corner)
  Requirement:            68.437ns  (vclk rise@68.437ns - vclk rise@0.000ns)
  Data Path Delay:        93.709ns  (logic 22.831ns (24.364%)  route 70.878ns (75.636%))
  Logic Levels:           90  (CARRY4=30 LUT3=10 LUT4=11 LUT5=19 LUT6=20)
  Clock Path Skew:        -0.049ns (DCD - SCD + CPR)
    Destination Clock Delay (DCD):    0.924ns = ( 69.361 - 68.437 ) 
    Source Clock Delay      (SCD):    0.973ns
    Clock Pessimism Removal (CPR):    0.000ns
  Clock Uncertainty:      0.035ns  ((TSJ^2 + TIJ^2)^1/2 + DJ) / 2 + PE
    Total System Jitter     (TSJ):    0.071ns
    Total Input Jitter      (TIJ):    0.000ns
    Discrete Jitter          (DJ):    0.000ns
    Phase Error              (PE):    0.000ns

    Location             Delay type                Incr(ns)  Path(ns)    Netlist Resource(s)
  -------------------------------------------------------------------    -------------------
                         (clock vclk rise edge)       0.000     0.000 r  <hidden>
                                                      0.000     0.000 r  clk
                         net (fo=167, unset)          0.973     0.973    clk
    SLICE_X53Y91         FDRE                                         r  w0_reg[3]/C
  -------------------------------------------------------------------    -------------------
    SLICE_X53Y91         FDRE (Prop_fdre_C_Q)         0.456     1.429 r  w0_reg[3]/Q
                         net (fo=11, routed)          0.835     2.264    w0[3]
    SLICE_X50Y91         LUT4 (Prop_lut4_I0_O)        0.124     2.388 r  y[7]_i_2014/O
                         net (fo=1, routed)           0.000     2.388    y[7]_i_2014_n_0
    SLICE_X50Y91         CARRY4 (Prop_carry4_S[1]_CO[3])
                                                      0.533     2.921 r  y_reg[7]_i_1914/CO[3]
                         net (fo=64, routed)          1.024     3.944    y_reg[7]_i_1914_n_0
    SLICE_X50Y92         LUT3 (Prop_lut3_I1_O)        0.124     4.068 r  y[7]_i_2100/O
                         net (fo=1, routed)           0.171     4.239    y[7]_i_2100_n_0
    SLICE_X50Y92         LUT6 (Prop_lut6_I1_O)        0.124     4.363 r  y[7]_i_2016/O
                         net (fo=1, routed)           0.645     5.008    y[7]_i_2016_n_0
    SLICE_X51Y89         CARRY4 (Prop_carry4_DI[3]_CO[3])
                                                      0.385     5.393 r  y_reg[7]_i_1915/CO[3]
                         net (fo=40, routed)          1.287     6.680    y_reg[7]_i_1915_n_0
    SLICE_X52Y90         LUT5 (Prop_lut5_I1_O)        0.124     6.804 r  y[2]_i_179/O
                         net (fo=10, routed)          0.686     7.490    y[2]_i_179_n_0
    SLICE_X52Y91         LUT4 (Prop_lut4_I2_O)        0.124     7.614 r  y[7]_i_2046/O
                         net (fo=1, routed)           0.000     7.614    y[7]_i_2046_n_0
    SLICE_X52Y91         CARRY4 (Prop_carry4_S[1]_CO[3])
                                                      0.550     8.164 r  y_reg[7]_i_1927/CO[3]
                         net (fo=64, routed)          1.449     9.613    y_reg[7]_i_1927_n_0
    SLICE_X54Y94         LUT3 (Prop_lut3_I1_O)        0.124     9.737 r  y[7]_i_2122/O
                         net (fo=1, routed)           0.162     9.899    y[7]_i_2122_n_0
    SLICE_X54Y94         LUT6 (Prop_lut6_I1_O)        0.124    10.023 r  y[7]_i_2078/O
                         net (fo=1, routed)           0.631    10.654    y[7]_i_2078_n_0
    SLICE_X54Y95         CARRY4 (Prop_carry4_DI[1]_CO[3])
                                                      0.520    11.174 r  y_reg[7]_i_1995/CO[3]
                         net (fo=16, routed)          1.452    12.626    y_reg[7]_i_1995_n_0
    SLICE_X50Y93         LUT5 (Prop_lut5_I1_O)        0.124    12.750 r  y[3]_i_224/O
                         net (fo=10, routed)          0.922    13.672    y[3]_i_224_n_0
    SLICE_X48Y91         LUT4 (Prop_lut4_I0_O)        0.124    13.796 r  y[7]_i_1993/O
                         net (fo=1, routed)           0.000    13.796    y[7]_i_1993_n_0
    SLICE_X48Y91         CARRY4 (Prop_carry4_S[1]_CO[3])
                                                      0.550    14.346 r  y_reg[7]_i_1871/CO[3]
                         net (fo=64, routed)          1.217    15.563    y_reg[7]_i_1871_n_0
    SLICE_X45Y91         LUT3 (Prop_lut3_I1_O)        0.124    15.687 r  y[7]_i_2071/O
                         net (fo=1, routed)           0.711    16.398    y[7]_i_2071_n_0
    SLICE_X47Y90         LUT6 (Prop_lut6_I1_O)        0.124    16.522 r  y[7]_i_1982/O
                         net (fo=1, routed)           0.502    17.024    y[7]_i_1982_n_0
    SLICE_X46Y91         CARRY4 (Prop_carry4_DI[0]_CO[3])
                                                      0.550    17.574 r  y_reg[7]_i_1870/CO[3]
                         net (fo=16, routed)          1.261    18.835    y_reg[7]_i_1870_n_0
    SLICE_X47Y91         LUT5 (Prop_lut5_I1_O)        0.124    18.959 r  y[3]_i_213/O
                         net (fo=10, routed)          0.618    19.577    y[3]_i_213_n_0
    SLICE_X44Y91         LUT4 (Prop_lut4_I0_O)        0.124    19.701 r  y[7]_i_1868/O
                         net (fo=1, routed)           0.000    19.701    y[7]_i_1868_n_0
    SLICE_X44Y91         CARRY4 (Prop_carry4_S[1]_CO[3])
                                                      0.550    20.251 r  y_reg[7]_i_1741/CO[3]
                         net (fo=64, routed)          1.312    21.563    y_reg[7]_i_1741_n_0
    SLICE_X39Y91         LUT3 (Prop_lut3_I1_O)        0.124    21.687 r  y[7]_i_1971/O
                         net (fo=1, routed)           0.304    21.991    y[7]_i_1971_n_0
    SLICE_X36Y91         LUT6 (Prop_lut6_I1_O)        0.124    22.115 r  y[7]_i_1854/O
                         net (fo=1, routed)           0.337    22.452    y[7]_i_1854_n_0
    SLICE_X40Y91         CARRY4 (Prop_carry4_DI[3]_CO[3])
                                                      0.385    22.837 r  y_reg[7]_i_1740/CO[3]
                         net (fo=16, routed)          1.361    24.198    y_reg[7]_i_1740_n_0
    SLICE_X40Y94         LUT5 (Prop_lut5_I1_O)        0.124    24.322 r  y[1]_i_200/O
                         net (fo=10, routed)          0.863    25.185    y[1]_i_200_n_0
    SLICE_X40Y96         LUT4 (Prop_lut4_I0_O)        0.124    25.309 r  y[7]_i_1750/O
                         net (fo=1, routed)           0.000    25.309    y[7]_i_1750_n_0
    SLICE_X40Y96         CARRY4 (Prop_carry4_S[0]_CO[3])
                                                      0.532    25.841 r  y_reg[7]_i_1585/CO[3]
                         net (fo=64, routed)          1.593    27.434    y_reg[7]_i_1585_n_0
    SLICE_X35Y105        LUT3 (Prop_lut3_I1_O)        0.124    27.558 r  y[7]_i_1895/O
                         net (fo=1, routed)           0.472    28.030    y[7]_i_1895_n_0
    SLICE_X32Y107        LUT6 (Prop_lut6_I1_O)        0.124    28.154 r  y[7]_i_1774/O
                         net (fo=1, routed)           0.904    29.058    y[7]_i_1774_n_0
    SLICE_X31Y114        CARRY4 (Prop_carry4_DI[1]_CO[3])
                                                      0.507    29.565 r  y_reg[7]_i_1599/CO[3]
                         net (fo=16, routed)          1.766    31.331    y_reg[7]_i_1599_n_0
    SLICE_X40Y98         LUT5 (Prop_lut5_I3_O)        0.124    31.455 r  y[2]_i_164/O
                         net (fo=4, routed)           0.810    32.265    y[2]_i_164_n_0
    SLICE_X40Y97         LUT4 (Prop_lut4_I3_O)        0.124    32.389 r  y[5]_i_270/O
                         net (fo=1, routed)           0.000    32.389    y[5]_i_270_n_0
    SLICE_X40Y97         CARRY4 (Prop_carry4_S[1]_CO[3])
                                                      0.550    32.939 r  y_reg[5]_i_247/CO[3]
                         net (fo=16, routed)          1.634    34.573    y_reg[5]_i_247_n_0
    SLICE_X40Y100        LUT5 (Prop_lut5_I1_O)        0.124    34.697 r  y[0]_i_155/O
                         net (fo=5, routed)           1.354    36.051    y[0]_i_155_n_0
    SLICE_X28Y109        LUT4 (Prop_lut4_I2_O)        0.124    36.175 r  y[5]_i_245/O
                         net (fo=1, routed)           0.000    36.175    y[5]_i_245_n_0
    SLICE_X28Y109        CARRY4 (Prop_carry4_S[0]_CO[3])
                                                      0.532    36.707 r  y_reg[5]_i_197/CO[3]
                         net (fo=31, routed)          1.013    37.720    y_reg[5]_i_197_n_0
    SLICE_X31Y109        LUT3 (Prop_lut3_I1_O)        0.124    37.844 r  y[5]_i_236/O
                         net (fo=6, routed)           1.046    38.890    y[5]_i_236_n_0
    SLICE_X31Y108        LUT6 (Prop_lut6_I3_O)        0.124    39.014 r  y[7]_i_1464/O
                         net (fo=1, routed)           0.000    39.014    y[7]_i_1464_n_0
    SLICE_X31Y108        CARRY4 (Prop_carry4_S[0]_CO[3])
                                                      0.532    39.546 r  y_reg[7]_i_1238/CO[3]
                         net (fo=28, routed)          1.037    40.583    y_reg[7]_i_1238_n_0
    SLICE_X28Y104        LUT5 (Prop_lut5_I4_O)        0.124    40.707 r  y[5]_i_158/O
                         net (fo=7, routed)           0.826    41.533    y[5]_i_158_n_0
    SLICE_X28Y104        LUT6 (Prop_lut6_I4_O)        0.124    41.657 r  y[5]_i_189/O
                         net (fo=1, routed)           0.771    42.429    y[5]_i_189_n_0
    SLICE_X29Y104        CARRY4 (Prop_carry4_DI[2]_CO[3])
                                                      0.398    42.827 r  y_reg[5]_i_157/CO[3]
                         net (fo=25, routed)          0.869    43.696    y_reg[5]_i_157_n_0
    SLICE_X28Y100        LUT5 (Prop_lut5_I4_O)        0.124    43.820 f  y[5]_i_186/O
                         net (fo=7, routed)           0.985    44.805    y[5]_i_186_n_0
    SLICE_X27Y94         LUT6 (Prop_lut6_I5_O)        0.124    44.929 r  y[5]_i_203/O
                         net (fo=1, routed)           0.482    45.411    y[5]_i_203_n_0
    SLICE_X26Y94         CARRY4 (Prop_carry4_DI[0]_CO[3])
                                                      0.550    45.961 r  y_reg[5]_i_160/CO[3]
                         net (fo=25, routed)          1.518    47.478    y_reg[5]_i_160_n_0
    SLICE_X32Y90         LUT3 (Prop_lut3_I1_O)        0.124    47.602 r  y[4]_i_130/O
                         net (fo=7, routed)           0.869    48.472    y[4]_i_130_n_0
    SLICE_X32Y91         LUT6 (Prop_lut6_I4_O)        0.124    48.596 r  y[7]_i_1250/O
                         net (fo=1, routed)           0.472    49.068    y[7]_i_1250_n_0
    SLICE_X33Y92         CARRY4 (Prop_carry4_DI[2]_CO[3])
                                                      0.398    49.466 r  y_reg[7]_i_1032/CO[3]
                         net (fo=28, routed)          0.883    50.349    y_reg[7]_i_1032_n_0
    SLICE_X33Y91         LUT5 (Prop_lut5_I4_O)        0.124    50.473 f  y[3]_i_118/O
                         net (fo=7, routed)           0.643    51.116    y[3]_i_118_n_0
    SLICE_X33Y90         LUT6 (Prop_lut6_I3_O)        0.124    51.240 r  y[7]_i_1022/O
                         net (fo=1, routed)           0.709    51.949    y[7]_i_1022_n_0
    SLICE_X33Y88         CARRY4 (Prop_carry4_DI[1]_CO[3])
                                                      0.507    52.456 r  y_reg[7]_i_812/CO[3]
                         net (fo=28, routed)          1.220    53.676    y_reg[7]_i_812_n_0
    SLICE_X32Y87         LUT5 (Prop_lut5_I4_O)        0.124    53.800 f  y[0]_i_107/O
                         net (fo=4, routed)           0.617    54.417    y[0]_i_107_n_0
    SLICE_X32Y86         LUT6 (Prop_lut6_I5_O)        0.124    54.541 r  y[7]_i_1036/O
                         net (fo=1, routed)           0.473    55.015    y[7]_i_1036_n_0
    SLICE_X34Y86         CARRY4 (Prop_carry4_DI[0]_CO[3])
                                                      0.550    55.565 r  y_reg[7]_i_815/CO[3]
                         net (fo=16, routed)          1.104    56.668    y_reg[7]_i_815_n_0
    SLICE_X35Y86         LUT5 (Prop_lut5_I4_O)        0.124    56.792 r  y[3]_i_95/O
                         net (fo=7, routed)           0.997    57.789    y[3]_i_95_n_0
    SLICE_X36Y84         LUT4 (Prop_lut4_I1_O)        0.124    57.913 r  y[7]_i_809/O
                         net (fo=1, routed)           0.000    57.913    y[7]_i_809_n_0
    SLICE_X36Y84         CARRY4 (Prop_carry4_S[1]_CO[3])
                                                      0.533    58.446 r  y_reg[7]_i_594/CO[3]
                         net (fo=32, routed)          1.171    59.617    y_reg[7]_i_594_n_0
    SLICE_X38Y84         LUT3 (Prop_lut3_I1_O)        0.124    59.741 f  y[0]_i_85/O
                         net (fo=4, routed)           0.830    60.571    y[0]_i_85_n_0
    SLICE_X38Y83         LUT6 (Prop_lut6_I5_O)        0.124    60.695 r  y[7]_i_819/O
                         net (fo=1, routed)           0.477    61.172    y[7]_i_819_n_0
    SLICE_X37Y83         CARRY4 (Prop_carry4_DI[0]_CO[3])
                                                      0.526    61.698 r  y_reg[7]_i_596/CO[3]
                         net (fo=20, routed)          0.964    62.662    y_reg[7]_i_596_n_0
    SLICE_X38Y83         LUT5 (Prop_lut5_I3_O)        0.124    62.786 r  y[1]_i_69/O
                         net (fo=4, routed)           0.797    63.583    y[1]_i_69_n_0
    SLICE_X37Y85         LUT6 (Prop_lut6_I3_O)        0.124    63.707 r  y[7]_i_601/O
                         net (fo=1, routed)           0.862    64.569    y[7]_i_601_n_0
    SLICE_X38Y85         CARRY4 (Prop_carry4_DI[0]_CO[3])
                                                      0.550    65.119 r  y_reg[7]_i_389/CO[3]
                         net (fo=28, routed)          1.218    66.337    y_reg[7]_i_389_n_0
    SLICE_X36Y87         LUT5 (Prop_lut5_I3_O)        0.124    66.461 r  y[5]_i_65/O
                         net (fo=4, routed)           1.014    67.475    y[5]_i_65_n_0
    SLICE_X34Y88         LUT6 (Prop_lut6_I3_O)        0.124    67.599 r  y[7]_i_565/O
                         net (fo=1, routed)           0.637    68.236    y[7]_i_565_n_0
    SLICE_X34Y87         CARRY4 (Prop_carry4_DI[2]_CO[3])
                                                      0.404    68.640 r  y_reg[7]_i_366/CO[3]
                         net (fo=20, routed)          1.263    69.903    y_reg[7]_i_366_n_0
    SLICE_X31Y91         LUT5 (Prop_lut5_I4_O)        0.124    70.027 r  y[1]_i_42/O
                         net (fo=4, routed)           0.991    71.018    y[1]_i_42_n_0
    SLICE_X31Y93         LUT6 (Prop_lut6_I3_O)        0.124    71.142 r  y[7]_i_370/O
                         net (fo=1, routed)           0.330    71.472    y[7]_i_370_n_0
    SLICE_X31Y92         CARRY4 (Prop_carry4_DI[0]_CO[3])
                                                      0.526    71.998 r  y_reg[7]_i_213/CO[3]
                         net (fo=28, routed)          1.123    73.121    y_reg[7]_i_213_n_0
    SLICE_X29Y94         LUT5 (Prop_lut5_I3_O)        0.124    73.245 f  y[5]_i_38/O
                         net (fo=4, routed)           0.980    74.225    y[5]_i_38_n_0
    SLICE_X28Y95         LUT6 (Prop_lut6_I3_O)        0.124    74.349 r  y[7]_i_334/O
                         net (fo=1, routed)           0.613    74.962    y[7]_i_334_n_0
    SLICE_X28Y96         CARRY4 (Prop_carry4_DI[2]_CO[3])
                                                      0.398    75.360 r  y_reg[7]_i_189/CO[3]
                         net (fo=20, routed)          1.160    76.520    y_reg[7]_i_189_n_0
    SLICE_X27Y98         LUT5 (Prop_lut5_I3_O)        0.124    76.644 r  y[4]_i_20/O
                         net (fo=7, routed)           0.798    77.442    y[4]_i_20_n_0
    SLICE_X27Y100        LUT6 (Prop_lut6_I4_O)        0.124    77.566 r  y[7]_i_192/O
                         net (fo=1, routed)           0.769    78.335    y[7]_i_192_n_0
    SLICE_X26Y101        CARRY4 (Prop_carry4_DI[2]_CO[3])
                                                      0.404    78.739 r  y_reg[7]_i_95/CO[3]
                         net (fo=28, routed)          1.198    79.937    y_reg[7]_i_95_n_0
    SLICE_X28Y103        LUT5 (Prop_lut5_I3_O)        0.124    80.061 f  y[1]_i_27/O
                         net (fo=4, routed)           0.828    80.889    y[1]_i_27_n_0
    SLICE_X31Y104        LUT6 (Prop_lut6_I3_O)        0.124    81.013 r  y[7]_i_241/O
                         net (fo=1, routed)           0.600    81.613    y[7]_i_241_n_0
    SLICE_X30Y106        CARRY4 (Prop_carry4_DI[0]_CO[3])
                                                      0.550    82.163 r  y_reg[7]_i_121/CO[3]
                         net (fo=16, routed)          1.312    83.474    y_reg[7]_i_121_n_0
    SLICE_X30Y103        LUT5 (Prop_lut5_I1_O)        0.124    83.598 r  y[3]_i_12/O
                         net (fo=4, routed)           0.853    84.452    y[3]_i_12_n_0
    SLICE_X26Y103        LUT6 (Prop_lut6_I3_O)        0.124    84.576 r  y[7]_i_114/O
                         net (fo=1, routed)           0.483    85.059    y[7]_i_114_n_0
    SLICE_X27Y103        CARRY4 (Prop_carry4_DI[1]_CO[3])
                                                      0.507    85.566 r  y_reg[7]_i_37/CO[3]
                         net (fo=16, routed)          0.803    86.369    y_reg[7]_i_37_n_0
    SLICE_X26Y104        LUT5 (Prop_lut5_I4_O)        0.124    86.493 r  y[3]_i_8/O
                         net (fo=6, routed)           1.009    87.502    y[3]_i_8_n_0
    SLICE_X27Y109        LUT4 (Prop_lut4_I0_O)        0.124    87.626 r  y[7]_i_80/O
                         net (fo=1, routed)           0.000    87.626    y[7]_i_80_n_0
    SLICE_X27Y109        CARRY4 (Prop_carry4_S[1]_CO[3])
                                                      0.550    88.176 r  y_reg[7]_i_22/CO[3]
                         net (fo=16, routed)          1.063    89.239    y_reg[7]_i_22_n_0
    SLICE_X29Y108        LUT3 (Prop_lut3_I1_O)        0.124    89.363 r  y[1]_i_5/O
                         net (fo=5, routed)           0.950    90.313    y[1]_i_5_n_0
    SLICE_X29Y107        LUT4 (Prop_lut4_I1_O)        0.124    90.437 r  y[7]_i_33/O
                         net (fo=1, routed)           0.000    90.437    y[7]_i_33_n_0
    SLICE_X29Y107        CARRY4 (Prop_carry4_S[0]_CO[3])
                                                      0.532    90.969 r  y_reg[7]_i_6/CO[3]
                         net (fo=8, routed)           1.192    92.161    y_reg[7]_i_6_n_0
    SLICE_X27Y106        LUT6 (Prop_lut6_I0_O)        0.124    92.285 r  y[6]_i_2/O
                         net (fo=3, routed)           0.840    93.125    y[6]_i_2_n_0
    SLICE_X26Y107        LUT4 (Prop_lut4_I2_O)        0.124    93.249 r  y[7]_i_16/O
                         net (fo=1, routed)           0.000    93.249    y[7]_i_16_n_0
    SLICE_X26Y107        CARRY4 (Prop_carry4_S[3]_CO[3])
                                                      0.376    93.625 r  y_reg[7]_i_4/CO[3]
                         net (fo=8, routed)           0.933    94.558    s1
    SLICE_X26Y106        LUT3 (Prop_lut3_I2_O)        0.124    94.682 r  y[2]_i_1/O
                         net (fo=1, routed)           0.000    94.682    y[2]_i_1_n_0
    SLICE_X26Y106        FDRE                                         r  y_reg[2]/D
  -------------------------------------------------------------------    -------------------

                         (clock vclk rise edge)      68.437    68.437 r  <hidden>
                                                      0.000    68.437 r  clk
                         net (fo=167, unset)          0.924    69.361    clk
    SLICE_X26Y106        FDRE                                         r  y_reg[2]/C
                         clock pessimism              0.000    69.361    <hidden>
                         clock uncertainty           -0.035    69.326    <hidden>
    SLICE_X26Y106        FDRE (Setup_fdre_C_D)        0.081    69.407    y_reg[2]
  -------------------------------------------------------------------
                         required time                         69.407    <hidden>
                         arrival time                         -94.682    <hidden>
  -------------------------------------------------------------------
                         slack                                -25.275    <hidden>

Slack (VIOLATED) :        -25.264ns  (required time - arrival time)
  Source:                 w0_reg[3]/C
                            (rising edge-triggered cell FDRE clocked by vclk  {rise@0.000ns fall@34.218ns period=68.437ns})
  Destination:            y_reg[3]/D
                            (rising edge-triggered cell FDRE clocked by vclk  {rise@0.000ns fall@34.218ns period=68.437ns})
  Path Group:             vclk
  Path Type:              Setup (Max at Slow Process Corner)
  Requirement:            68.437ns  (vclk rise@68.437ns - vclk rise@0.000ns)
  Data Path Delay:        93.735ns  (logic 22.857ns (24.385%)  route 70.878ns (75.615%))
  Logic Levels:           90  (CARRY4=30 LUT3=10 LUT4=11 LUT5=19 LUT6=20)
  Clock Path Skew:        -0.049ns (DCD - SCD + CPR)
    Destination Clock Delay (DCD):    0.924ns = ( 69.361 - 68.437 ) 
    Source Clock Delay      (SCD):    0.973ns
    Clock Pessimism Removal (CPR):    0.000ns
  Clock Uncertainty:      0.035ns  ((TSJ^2 + TIJ^2)^1/2 + DJ) / 2 + PE
    Total System Jitter     (TSJ):    0.071ns
    Total Input Jitter      (TIJ):    0.000ns
    Discrete Jitter          (DJ):    0.000ns
    Phase Error              (PE):    0.000ns

    Location             Delay type                Incr(ns)  Path(ns)    Netlist Resource(s)
  -------------------------------------------------------------------    -------------------
                         (clock vclk rise edge)       0.000     0.000 r  <hidden>
                                                      0.000     0.000 r  clk
                         net (fo=167, unset)          0.973     0.973    clk
    SLICE_X53Y91         FDRE                                         r  w0_reg[3]/C
  -------------------------------------------------------------------    -------------------
    SLICE_X53Y91         FDRE (Prop_fdre_C_Q)         0.456     1.429 r  w0_reg[3]/Q
                         net (fo=11, routed)          0.835     2.264    w0[3]
    SLICE_X50Y91         LUT4 (Prop_lut4_I0_O)        0.124     2.388 r  y[7]_i_2014/O
                         net (fo=1, routed)           0.000     2.388    y[7]_i_2014_n_0
    SLICE_X50Y91         CARRY4 (Prop_carry4_S[1]_CO[3])
                                                      0.533     2.921 r  y_reg[7]_i_1914/CO[3]
                         net (fo=64, routed)          1.024     3.944    y_reg[7]_i_1914_n_0
    SLICE_X50Y92         LUT3 (Prop_lut3_I1_O)        0.124     4.068 r  y[7]_i_2100/O
                         net (fo=1, routed)           0.171     4.239    y[7]_i_2100_n_0
    SLICE_X50Y92         LUT6 (Prop_lut6_I1_O)        0.124     4.363 r  y[7]_i_2016/O
                         net (fo=1, routed)           0.645     5.008    y[7]_i_2016_n_0
    SLICE_X51Y89         CARRY4 (Prop_carry4_DI[3]_CO[3])
                                                      0.385     5.393 r  y_reg[7]_i_1915/CO[3]
                         net (fo=40, routed)          1.287     6.680    y_reg[7]_i_1915_n_0
    SLICE_X52Y90         LUT5 (Prop_lut5_I1_O)        0.124     6.804 r  y[2]_i_179/O
                         net (fo=10, routed)          0.686     7.490    y[2]_i_179_n_0
    SLICE_X52Y91         LUT4 (Prop_lut4_I2_O)        0.124     7.614 r  y[7]_i_2046/O
                         net (fo=1, routed)           0.000     7.614    y[7]_i_2046_n_0
    SLICE_X52Y91         CARRY4 (Prop_carry4_S[1]_CO[3])
                                                      0.550     8.164 r  y_reg[7]_i_1927/CO[3]
                         net (fo=64, routed)          1.449     9.613    y_reg[7]_i_1927_n_0
    SLICE_X54Y94         LUT3 (Prop_lut3_I1_O)        0.124     9.737 r  y[7]_i_2122/O
                         net (fo=1, routed)           0.162     9.899    y[7]_i_2122_n_0
    SLICE_X54Y94         LUT6 (Prop_lut6_I1_O)        0.124    10.023 r  y[7]_i_2078/O
                         net (fo=1, routed)           0.631    10.654    y[7]_i_2078_n_0
    SLICE_X54Y95         CARRY4 (Prop_carry4_DI[1]_CO[3])
                                                      0.520    11.174 r  y_reg[7]_i_1995/CO[3]
                         net (fo=16, routed)          1.452    12.626    y_reg[7]_i_1995_n_0
    SLICE_X50Y93         LUT5 (Prop_lut5_I1_O)        0.124    12.750 r  y[3]_i_224/O
                         net (fo=10, routed)          0.922    13.672    y[3]_i_224_n_0
    SLICE_X48Y91         LUT4 (Prop_lut4_I0_O)        0.124    13.796 r  y[7]_i_1993/O
                         net (fo=1, routed)           0.000    13.796    y[7]_i_1993_n_0
    SLICE_X48Y91         CARRY4 (Prop_carry4_S[1]_CO[3])
                                                      0.550    14.346 r  y_reg[7]_i_1871/CO[3]
                         net (fo=64, routed)          1.217    15.563    y_reg[7]_i_1871_n_0
    SLICE_X45Y91         LUT3 (Prop_lut3_I1_O)        0.124    15.687 r  y[7]_i_2071/O
                         net (fo=1, routed)           0.711    16.398    y[7]_i_2071_n_0
    SLICE_X47Y90         LUT6 (Prop_lut6_I1_O)        0.124    16.522 r  y[7]_i_1982/O
                         net (fo=1, routed)           0.502    17.024    y[7]_i_1982_n_0
    SLICE_X46Y91         CARRY4 (Prop_carry4_DI[0]_CO[3])
                                                      0.550    17.574 r  y_reg[7]_i_1870/CO[3]
                         net (fo=16, routed)          1.261    18.835    y_reg[7]_i_1870_n_0
    SLICE_X47Y91         LUT5 (Prop_lut5_I1_O)        0.124    18.959 r  y[3]_i_213/O
                         net (fo=10, routed)          0.618    19.577    y[3]_i_213_n_0
    SLICE_X44Y91         LUT4 (Prop_lut4_I0_O)        0.124    19.701 r  y[7]_i_1868/O
                         net (fo=1, routed)           0.000    19.701    y[7]_i_1868_n_0
    SLICE_X44Y91         CARRY4 (Prop_carry4_S[1]_CO[3])
                                                      0.550    20.251 r  y_reg[7]_i_1741/CO[3]
                         net (fo=64, routed)          1.312    21.563    y_reg[7]_i_1741_n_0
    SLICE_X39Y91         LUT3 (Prop_lut3_I1_O)        0.124    21.687 r  y[7]_i_1971/O
                         net (fo=1, routed)           0.304    21.991    y[7]_i_1971_n_0
    SLICE_X36Y91         LUT6 (Prop_lut6_I1_O)        0.124    22.115 r  y[7]_i_1854/O
                         net (fo=1, routed)           0.337    22.452    y[7]_i_1854_n_0
    SLICE_X40Y91         CARRY4 (Prop_carry4_DI[3]_CO[3])
                                                      0.385    22.837 r  y_reg[7]_i_1740/CO[3]
                         net (fo=16, routed)          1.361    24.198    y_reg[7]_i_1740_n_0
    SLICE_X40Y94         LUT5 (Prop_lut5_I1_O)        0.124    24.322 r  y[1]_i_200/O
                         net (fo=10, routed)          0.863    25.185    y[1]_i_200_n_0
    SLICE_X40Y96         LUT4 (Prop_lut4_I0_O)        0.124    25.309 r  y[7]_i_1750/O
                         net (fo=1, routed)           0.000    25.309    y[7]_i_1750_n_0
    SLICE_X40Y96         CARRY4 (Prop_carry4_S[0]_CO[3])
                                                      0.532    25.841 r  y_reg[7]_i_1585/CO[3]
                         net (fo=64, routed)          1.593    27.434    y_reg[7]_i_1585_n_0
    SLICE_X35Y105        LUT3 (Prop_lut3_I1_O)        0.124    27.558 r  y[7]_i_1895/O
                         net (fo=1, routed)           0.472    28.030    y[7]_i_1895_n_0
    SLICE_X32Y107        LUT6 (Prop_lut6_I1_O)        0.124    28.154 r  y[7]_i_1774/O
                         net (fo=1, routed)           0.904    29.058    y[7]_i_1774_n_0
    SLICE_X31Y114        CARRY4 (Prop_carry4_DI[1]_CO[3])
                                                      0.507    29.565 r  y_reg[7]_i_1599/CO[3]
                         net (fo=16, routed)          1.766    31.331    y_reg[7]_i_1599_n_0
    SLICE_X40Y98         LUT5 (Prop_lut5_I3_O)        0.124    31.455 r  y[2]_i_164/O
                         net (fo=4, routed)           0.810    32.265    y[2]_i_164_n_0
    SLICE_X40Y97         LUT4 (Prop_lut4_I3_O)        0.124    32.389 r  y[5]_i_270/O
                         net (fo=1, routed)           0.000    32.389    y[5]_i_270_n_0
    SLICE_X40Y97         CARRY4 (Prop_carry4_S[1]_CO[3])
                                                      0.550    32.939 r  y_reg[5]_i_247/CO[3]
                         net (fo=16, routed)          1.634    34.573    y_reg[5]_i_247_n_0
    SLICE_X40Y100        LUT5 (Prop_lut5_I1_O)        0.124    34.697 r  y[0]_i_155/O
                         net (fo=5, routed)           1.354    36.051    y[0]_i_155_n_0
    SLICE_X28Y109        LUT4 (Prop_lut4_I2_O)        0.124    36.175 r  y[5]_i_245/O
                         net (fo=1, routed)           0.000    36.175    y[5]_i_245_n_0
    SLICE_X28Y109        CARRY4 (Prop_carry4_S[0]_CO[3])
                                                      0.532    36.707 r  y_reg[5]_i_197/CO[3]
                         net (fo=31, routed)          1.013    37.720    y_reg[5]_i_197_n_0
    SLICE_X31Y109        LUT3 (Prop_lut3_I1_O)        0.124    37.844 r  y[5]_i_236/O
                         net (fo=6, routed)           1.046    38.890    y[5]_i_236_n_0
    SLICE_X31Y108        LUT6 (Prop_lut6_I3_O)        0.124    39.014 r  y[7]_i_1464/O
                         net (fo=1, routed)           0.000    39.014    y[7]_i_1464_n_0
    SLICE_X31Y108        CARRY4 (Prop_carry4_S[0]_CO[3])
                                                      0.532    39.546 r  y_reg[7]_i_1238/CO[3]
                         net (fo=28, routed)          1.037    40.583    y_reg[7]_i_1238_n_0
    SLICE_X28Y104        LUT5 (Prop_lut5_I4_O)        0.124    40.707 r  y[5]_i_158/O
                         net (fo=7, routed)           0.826    41.533    y[5]_i_158_n_0
    SLICE_X28Y104        LUT6 (Prop_lut6_I4_O)        0.124    41.657 r  y[5]_i_189/O
                         net (fo=1, routed)           0.771    42.429    y[5]_i_189_n_0
    SLICE_X29Y104        CARRY4 (Prop_carry4_DI[2]_CO[3])
                                                      0.398    42.827 r  y_reg[5]_i_157/CO[3]
                         net (fo=25, routed)          0.869    43.696    y_reg[5]_i_157_n_0
    SLICE_X28Y100        LUT5 (Prop_lut5_I4_O)        0.124    43.820 f  y[5]_i_186/O
                         net (fo=7, routed)           0.985    44.805    y[5]_i_186_n_0
    SLICE_X27Y94         LUT6 (Prop_lut6_I5_O)        0.124    44.929 r  y[5]_i_203/O
                         net (fo=1, routed)           0.482    45.411    y[5]_i_203_n_0
    SLICE_X26Y94         CARRY4 (Prop_carry4_DI[0]_CO[3])
                                                      0.550    45.961 r  y_reg[5]_i_160/CO[3]
                         net (fo=25, routed)          1.518    47.478    y_reg[5]_i_160_n_0
    SLICE_X32Y90         LUT3 (Prop_lut3_I1_O)        0.124    47.602 r  y[4]_i_130/O
                         net (fo=7, routed)           0.869    48.472    y[4]_i_130_n_0
    SLICE_X32Y91         LUT6 (Prop_lut6_I4_O)        0.124    48.596 r  y[7]_i_1250/O
                         net (fo=1, routed)           0.472    49.068    y[7]_i_1250_n_0
    SLICE_X33Y92         CARRY4 (Prop_carry4_DI[2]_CO[3])
                                                      0.398    49.466 r  y_reg[7]_i_1032/CO[3]
                         net (fo=28, routed)          0.883    50.349    y_reg[7]_i_1032_n_0
    SLICE_X33Y91         LUT5 (Prop_lut5_I4_O)        0.124    50.473 f  y[3]_i_118/O
                         net (fo=7, routed)           0.643    51.116    y[3]_i_118_n_0
    SLICE_X33Y90         LUT6 (Prop_lut6_I3_O)        0.124    51.240 r  y[7]_i_1022/O
                         net (fo=1, routed)           0.709    51.949    y[7]_i_1022_n_0
    SLICE_X33Y88         CARRY4 (Prop_carry4_DI[1]_CO[3])
                                                      0.507    52.456 r  y_reg[7]_i_812/CO[3]
                         net (fo=28, routed)          1.220    53.676    y_reg[7]_i_812_n_0
    SLICE_X32Y87         LUT5 (Prop_lut5_I4_O)        0.124    53.800 f  y[0]_i_107/O
                         net (fo=4, routed)           0.617    54.417    y[0]_i_107_n_0
    SLICE_X32Y86         LUT6 (Prop_lut6_I5_O)        0.124    54.541 r  y[7]_i_1036/O
                         net (fo=1, routed)           0.473    55.015    y[7]_i_1036_n_0
    SLICE_X34Y86         CARRY4 (Prop_carry4_DI[0]_CO[3])
                                                      0.550    55.565 r  y_reg[7]_i_815/CO[3]
                         net (fo=16, routed)          1.104    56.668    y_reg[7]_i_815_n_0
    SLICE_X35Y86         LUT5 (Prop_lut5_I4_O)        0.124    56.792 r  y[3]_i_95/O
                         net (fo=7, routed)           0.997    57.789    y[3]_i_95_n_0
    SLICE_X36Y84         LUT4 (Prop_lut4_I1_O)        0.124    57.913 r  y[7]_i_809/O
                         net (fo=1, routed)           0.000    57.913    y[7]_i_809_n_0
    SLICE_X36Y84         CARRY4 (Prop_carry4_S[1]_CO[3])
                                                      0.533    58.446 r  y_reg[7]_i_594/CO[3]
                         net (fo=32, routed)          1.171    59.617    y_reg[7]_i_594_n_0
    SLICE_X38Y84         LUT3 (Prop_lut3_I1_O)        0.124    59.741 f  y[0]_i_85/O
                         net (fo=4, routed)           0.830    60.571    y[0]_i_85_n_0
    SLICE_X38Y83         LUT6 (Prop_lut6_I5_O)        0.124    60.695 r  y[7]_i_819/O
                         net (fo=1, routed)           0.477    61.172    y[7]_i_819_n_0
    SLICE_X37Y83         CARRY4 (Prop_carry4_DI[0]_CO[3])
                                                      0.526    61.698 r  y_reg[7]_i_596/CO[3]
                         net (fo=20, routed)          0.964    62.662    y_reg[7]_i_596_n_0
    SLICE_X38Y83         LUT5 (Prop_lut5_I3_O)        0.124    62.786 r  y[1]_i_69/O
                         net (fo=4, routed)           0.797    63.583    y[1]_i_69_n_0
    SLICE_X37Y85         LUT6 (Prop_lut6_I3_O)        0.124    63.707 r  y[7]_i_601/O
                         net (fo=1, routed)           0.862    64.569    y[7]_i_601_n_0
    SLICE_X38Y85         CARRY4 (Prop_carry4_DI[0]_CO[3])
                                                      0.550    65.119 r  y_reg[7]_i_389/CO[3]
                         net (fo=28, routed)          1.218    66.337    y_reg[7]_i_389_n_0
    SLICE_X36Y87         LUT5 (Prop_lut5_I3_O)        0.124    66.461 r  y[5]_i_65/O
                         net (fo=4, routed)           1.014    67.475    y[5]_i_65_n_0
    SLICE_X34Y88         LUT6 (Prop_lut6_I3_O)        0.124    67.599 r  y[7]_i_565/O
                         net (fo=1, routed)           0.637    68.236    y[7]_i_565_n_0
    SLICE_X34Y87         CARRY4 (Prop_carry4_DI[2]_CO[3])
                                                      0.404    68.640 r  y_reg[7]_i_366/CO[3]
                         net (fo=20, routed)          1.263    69.903    y_reg[7]_i_366_n_0
    SLICE_X31Y91         LUT5 (Prop_lut5_I4_O)        0.124    70.027 r  y[1]_i_42/O
                         net (fo=4, routed)           0.991    71.018    y[1]_i_42_n_0
    SLICE_X31Y93         LUT6 (Prop_lut6_I3_O)        0.124    71.142 r  y[7]_i_370/O
                         net (fo=1, routed)           0.330    71.472    y[7]_i_370_n_0
    SLICE_X31Y92         CARRY4 (Prop_carry4_DI[0]_CO[3])
                                                      0.526    71.998 r  y_reg[7]_i_213/CO[3]
                         net (fo=28, routed)          1.123    73.121    y_reg[7]_i_213_n_0
    SLICE_X29Y94         LUT5 (Prop_lut5_I3_O)        0.124    73.245 f  y[5]_i_38/O
                         net (fo=4, routed)           0.980    74.225    y[5]_i_38_n_0
    SLICE_X28Y95         LUT6 (Prop_lut6_I3_O)        0.124    74.349 r  y[7]_i_334/O
                         net (fo=1, routed)           0.613    74.962    y[7]_i_334_n_0
    SLICE_X28Y96         CARRY4 (Prop_carry4_DI[2]_CO[3])
                                                      0.398    75.360 r  y_reg[7]_i_189/CO[3]
                         net (fo=20, routed)          1.160    76.520    y_reg[7]_i_189_n_0
    SLICE_X27Y98         LUT5 (Prop_lut5_I3_O)        0.124    76.644 r  y[4]_i_20/O
                         net (fo=7, routed)           0.798    77.442    y[4]_i_20_n_0
    SLICE_X27Y100        LUT6 (Prop_lut6_I4_O)        0.124    77.566 r  y[7]_i_192/O
                         net (fo=1, routed)           0.769    78.335    y[7]_i_192_n_0
    SLICE_X26Y101        CARRY4 (Prop_carry4_DI[2]_CO[3])
                                                      0.404    78.739 r  y_reg[7]_i_95/CO[3]
                         net (fo=28, routed)          1.198    79.937    y_reg[7]_i_95_n_0
    SLICE_X28Y103        LUT5 (Prop_lut5_I3_O)        0.124    80.061 f  y[1]_i_27/O
                         net (fo=4, routed)           0.828    80.889    y[1]_i_27_n_0
    SLICE_X31Y104        LUT6 (Prop_lut6_I3_O)        0.124    81.013 r  y[7]_i_241/O
                         net (fo=1, routed)           0.600    81.613    y[7]_i_241_n_0
    SLICE_X30Y106        CARRY4 (Prop_carry4_DI[0]_CO[3])
                                                      0.550    82.163 r  y_reg[7]_i_121/CO[3]
                         net (fo=16, routed)          1.312    83.474    y_reg[7]_i_121_n_0
    SLICE_X30Y103        LUT5 (Prop_lut5_I1_O)        0.124    83.598 r  y[3]_i_12/O
                         net (fo=4, routed)           0.853    84.452    y[3]_i_12_n_0
    SLICE_X26Y103        LUT6 (Prop_lut6_I3_O)        0.124    84.576 r  y[7]_i_114/O
                         net (fo=1, routed)           0.483    85.059    y[7]_i_114_n_0
    SLICE_X27Y103        CARRY4 (Prop_carry4_DI[1]_CO[3])
                                                      0.507    85.566 r  y_reg[7]_i_37/CO[3]
                         net (fo=16, routed)          0.803    86.369    y_reg[7]_i_37_n_0
    SLICE_X26Y104        LUT5 (Prop_lut5_I4_O)        0.124    86.493 r  y[3]_i_8/O
                         net (fo=6, routed)           1.009    87.502    y[3]_i_8_n_0
    SLICE_X27Y109        LUT4 (Prop_lut4_I0_O)        0.124    87.626 r  y[7]_i_80/O
                         net (fo=1, routed)           0.000    87.626    y[7]_i_80_n_0
    SLICE_X27Y109        CARRY4 (Prop_carry4_S[1]_CO[3])
                                                      0.550    88.176 r  y_reg[7]_i_22/CO[3]
                         net (fo=16, routed)          1.063    89.239    y_reg[7]_i_22_n_0
    SLICE_X29Y108        LUT3 (Prop_lut3_I1_O)        0.124    89.363 r  y[1]_i_5/O
                         net (fo=5, routed)           0.950    90.313    y[1]_i_5_n_0
    SLICE_X29Y107        LUT4 (Prop_lut4_I1_O)        0.124    90.437 r  y[7]_i_33/O
                         net (fo=1, routed)           0.000    90.437    y[7]_i_33_n_0
    SLICE_X29Y107        CARRY4 (Prop_carry4_S[0]_CO[3])
                                                      0.532    90.969 r  y_reg[7]_i_6/CO[3]
                         net (fo=8, routed)           1.192    92.161    y_reg[7]_i_6_n_0
    SLICE_X27Y106        LUT6 (Prop_lut6_I0_O)        0.124    92.285 r  y[6]_i_2/O
                         net (fo=3, routed)           0.840    93.125    y[6]_i_2_n_0
    SLICE_X26Y107        LUT4 (Prop_lut4_I2_O)        0.124    93.249 r  y[7]_i_16/O
                         net (fo=1, routed)           0.000    93.249    y[7]_i_16_n_0
    SLICE_X26Y107        CARRY4 (Prop_carry4_S[3]_CO[3])
                                                      0.376    93.625 r  y_reg[7]_i_4/CO[3]
                         net (fo=8, routed)           0.933    94.558    s1
    SLICE_X26Y106        LUT3 (Prop_lut3_I1_O)        0.150    94.708 r  y[3]_i_1/O
                         net (fo=1, routed)           0.000    94.708    y[3]_i_1_n_0
    SLICE_X26Y106        FDRE                                         r  y_reg[3]/D
  -------------------------------------------------------------------    -------------------

                         (clock vclk rise edge)      68.437    68.437 r  <hidden>
                                                      0.000    68.437 r  clk
                         net (fo=167, unset)          0.924    69.361    clk
    SLICE_X26Y106        FDRE                                         r  y_reg[3]/C
                         clock pessimism              0.000    69.361    <hidden>
                         clock uncertainty           -0.035    69.326    <hidden>
    SLICE_X26Y106        FDRE (Setup_fdre_C_D)        0.118    69.444    y_reg[3]
  -------------------------------------------------------------------
                         required time                         69.444    <hidden>
                         arrival time                         -94.708    <hidden>
  -------------------------------------------------------------------
                         slack                                -25.264    <hidden>

Slack (MET) :             62.889ns  (required time - arrival time)
  Source:                 rst_n
                            (input port clocked by vclk  {rise@0.000ns fall@34.218ns period=68.437ns})
  Destination:            w18_reg[0]/R
                            (rising edge-triggered cell FDRE clocked by vclk  {rise@0.000ns fall@34.218ns period=68.437ns})
  Path Group:             vclk
  Path Type:              Setup (Max at Slow Process Corner)
  Requirement:            68.437ns  (vclk rise@68.437ns - vclk rise@0.000ns)
  Data Path Delay:        6.008ns  (logic 0.124ns (2.064%)  route 5.884ns (97.936%))
  Logic Levels:           1  (LUT1=1)
  Input Delay:            0.000ns
  Clock Path Skew:        0.924ns (DCD - SCD + CPR)
    Destination Clock Delay (DCD):    0.924ns = ( 69.361 - 68.437 ) 
    Source Clock Delay      (SCD):    0.000ns
    Clock Pessimism Removal (CPR):    0.000ns
  Clock Uncertainty:      0.035ns  ((TSJ^2 + TIJ^2)^1/2 + DJ) / 2 + PE
    Total System Jitter     (TSJ):    0.071ns
    Total Input Jitter      (TIJ):    0.000ns
    Discrete Jitter          (DJ):    0.000ns
    Phase Error              (PE):    0.000ns

    Location             Delay type                Incr(ns)  Path(ns)    Netlist Resource(s)
  -------------------------------------------------------------------    -------------------
                         (clock vclk rise edge)       0.000     0.000 r  <hidden>
                         input delay                  0.000     0.000    <hidden>
                                                      0.000     0.000 f  rst_n
                         net (fo=0)                   0.973     0.973    rst_n
    SLICE_X50Y84         LUT1 (Prop_lut1_I0_O)        0.124     1.097 r  y[7]_i_1/O
                         net (fo=168, routed)         4.911     6.008    y[7]_i_1_n_0
    SLICE_X28Y81         FDRE                                         r  w18_reg[0]/R
  -------------------------------------------------------------------    -------------------

                         (clock vclk rise edge)      68.437    68.437 r  <hidden>
                                                      0.000    68.437 r  clk
                         net (fo=167, unset)          0.924    69.361    clk
    SLICE_X28Y81         FDRE                                         r  w18_reg[0]/C
                         clock pessimism              0.000    69.361    <hidden>
                         clock uncertainty           -0.035    69.326    <hidden>
    SLICE_X28Y81         FDRE (Setup_fdre_C_R)       -0.429    68.897    w18_reg[0]
  -------------------------------------------------------------------
                         required time                         68.897    <hidden>
                         arrival time                          -6.008    <hidden>
  -------------------------------------------------------------------
                         slack                                 62.889    <hidden>

Slack (MET) :             62.889ns  (required time - arrival time)
  Source:                 rst_n
                            (input port clocked by vclk  {rise@0.000ns fall@34.218ns period=68.437ns})
  Destination:            w18_reg[1]/R
                            (rising edge-triggered cell FDRE clocked by vclk  {rise@0.000ns fall@34.218ns period=68.437ns})
  Path Group:             vclk
  Path Type:              Setup (Max at Slow Process Corner)
  Requirement:            68.437ns  (vclk rise@68.437ns - vclk rise@0.000ns)
  Data Path Delay:        6.008ns  (logic 0.124ns (2.064%)  route 5.884ns (97.936%))
  Logic Levels:           1  (LUT1=1)
  Input Delay:            0.000ns
  Clock Path Skew:        0.924ns (DCD - SCD + CPR)
    Destination Clock Delay (DCD):    0.924ns = ( 69.361 - 68.437 ) 
    Source Clock Delay      (SCD):    0.000ns
    Clock Pessimism Removal (CPR):    0.000ns
  Clock Uncertainty:      0.035ns  ((TSJ^2 + TIJ^2)^1/2 + DJ) / 2 + PE
    Total System Jitter     (TSJ):    0.071ns
    Total Input Jitter      (TIJ):    0.000ns
    Discrete Jitter          (DJ):    0.000ns
    Phase Error              (PE):    0.000ns

    Location             Delay type                Incr(ns)  Path(ns)    Netlist Resource(s)
  -------------------------------------------------------------------    -------------------
                         (clock vclk rise edge)       0.000     0.000 r  <hidden>
                         input delay                  0.000     0.000    <hidden>
                                                      0.000     0.000 f  rst_n
                         net (fo=0)                   0.973     0.973    rst_n
    SLICE_X50Y84         LUT1 (Prop_lut1_I0_O)        0.124     1.097 r  y[7]_i_1/O
                         net (fo=168, routed)         4.911     6.008    y[7]_i_1_n_0
    SLICE_X28Y81         FDRE                                         r  w18_reg[1]/R
  -------------------------------------------------------------------    -------------------

                         (clock vclk rise edge)      68.437    68.437 r  <hidden>
                                                      0.000    68.437 r  clk
                         net (fo=167, unset)          0.924    69.361    clk
    SLICE_X28Y81         FDRE                                         r  w18_reg[1]/C
                         clock pessimism              0.000    69.361    <hidden>
                         clock uncertainty           -0.035    69.326    <hidden>
    SLICE_X28Y81         FDRE (Setup_fdre_C_R)       -0.429    68.897    w18_reg[1]
  -------------------------------------------------------------------
                         required time                         68.897    <hidden>
                         arrival time                          -6.008    <hidden>
  -------------------------------------------------------------------
                         slack                                 62.889    <hidden>





Pulse Width Checks
--------------------------------------------------------------------------------------
Clock Name:         vclk
Waveform(ns):       { 0.000 34.218 }
Period(ns):         68.437
Sources:            { clk }

Check Type        Corner  Lib Pin  Reference Pin  Required(ns)  Actual(ns)  Slack(ns)  Location       Pin
Min Period        n/a     FDRE/C   n/a            1.000         68.437      67.437     SLICE_X50Y91   w0_reg[0]/C
Min Period        n/a     FDRE/C   n/a            1.000         68.437      67.437     SLICE_X50Y91   w0_reg[1]/C
Min Period        n/a     FDRE/C   n/a            1.000         68.437      67.437     SLICE_X50Y91   w0_reg[2]/C
Min Period        n/a     FDRE/C   n/a            1.000         68.437      67.437     SLICE_X53Y91   w0_reg[3]/C
Min Period        n/a     FDRE/C   n/a            1.000         68.437      67.437     SLICE_X50Y91   w0_reg[4]/C
Min Period        n/a     FDRE/C   n/a            1.000         68.437      67.437     SLICE_X53Y91   w0_reg[5]/C
Min Period        n/a     FDRE/C   n/a            1.000         68.437      67.437     SLICE_X51Y91   w0_reg[6]/C
Min Period        n/a     FDRE/C   n/a            1.000         68.437      67.437     SLICE_X53Y91   w0_reg[7]/C
Min Period        n/a     FDRE/C   n/a            1.000         68.437      67.437     SLICE_X28Y114  w10_reg[0]/C
Min Period        n/a     FDRE/C   n/a            1.000         68.437      67.437     SLICE_X30Y114  w10_reg[1]/C
Low Pulse Width   Slow    FDRE/C   n/a            0.500         34.219      33.719     SLICE_X50Y91   w0_reg[0]/C
Low Pulse Width   Fast    FDRE/C   n/a            0.500         34.218      33.718     SLICE_X50Y91   w0_reg[0]/C
Low Pulse Width   Slow    FDRE/C   n/a            0.500         34.219      33.719     SLICE_X50Y91   w0_reg[1]/C
Low Pulse Width   Fast    FDRE/C   n/a            0.500         34.218      33.718     SLICE_X50Y91   w0_reg[1]/C
Low Pulse Width   Slow    FDRE/C   n/a            0.500         34.219      33.719     SLICE_X50Y91   w0_reg[2]/C
Low Pulse Width   Fast    FDRE/C   n/a            0.500         34.218      33.718     SLICE_X50Y91   w0_reg[2]/C
Low Pulse Width   Slow    FDRE/C   n/a            0.500         34.219      33.719     SLICE_X53Y91   w0_reg[3]/C
Low Pulse Width   Fast    FDRE/C   n/a            0.500         34.218      33.718     SLICE_X53Y91   w0_reg[3]/C
Low Pulse Width   Slow    FDRE/C   n/a            0.500         34.219      33.719     SLICE_X50Y91   w0_reg[4]/C
Low Pulse Width   Fast    FDRE/C   n/a            0.500         34.218      33.718     SLICE_X50Y91   w0_reg[4]/C
High Pulse Width  Slow    FDRE/C   n/a            0.500         34.218      33.718     SLICE_X50Y91   w0_reg[0]/C
High Pulse Width  Fast    FDRE/C   n/a            0.500         34.218      33.718     SLICE_X50Y91   w0_reg[0]/C
High Pulse Width  Slow    FDRE/C   n/a            0.500         34.218      33.718     SLICE_X50Y91   w0_reg[1]/C
High Pulse Width  Fast    FDRE/C   n/a            0.500         34.218      33.718     SLICE_X50Y91   w0_reg[1]/C
High Pulse Width  Slow    FDRE/C   n/a            0.500         34.218      33.718     SLICE_X50Y91   w0_reg[2]/C
High Pulse Width  Fast    FDRE/C   n/a            0.500         34.218      33.718     SLICE_X50Y91   w0_reg[2]/C
High Pulse Width  Slow    FDRE/C   n/a            0.500         34.218      33.718     SLICE_X53Y91   w0_reg[3]/C
High Pulse Width  Fast    FDRE/C   n/a            0.500         34.218      33.718     SLICE_X53Y91   w0_reg[3]/C
High Pulse Width  Slow    FDRE/C   n/a            0.500         34.218      33.718     SLICE_X50Y91   w0_reg[4]/C
High Pulse Width  Fast    FDRE/C   n/a            0.500         34.218      33.718     SLICE_X50Y91   w0_reg[4]/C



