Copyright 1986-2022 Xilinx, Inc. All Rights Reserved. Copyright 2022-2026 Advanced Micro Devices, Inc. All Rights Reserved.
-----------------------------------------------------------------------------------------------------------------------------------------------------------------------------------------------------------------------------------------------------------------------------------------------
| Tool Version : Vivado v.2026.1 (win64) Build 6511674 Tue Jun 16 11:02:23 MDT 2026
| Date         : Mon Aug 31 00:26:23 2026
| Host         : Amine running 64-bit major release  (build 9200)
| Command      : report_timing_summary -delay_type max -max_paths 10 -report_unconstrained -check_timing_verbose -warn_on_violation -file C:/Users/Amine/mas/fpga-repo/timing_closure_candidate_v7/results/c08_med_rf_med21/trial_010_confirm_pass_p95p526296875_a0/reports/timing_summary.rpt
| Design       : rf_s1__med21__g0
| Device       : 7z020-clg400
| Speed File   : -1  PRODUCTION 1.12 2019-11-22
| Design State : Routed
-----------------------------------------------------------------------------------------------------------------------------------------------------------------------------------------------------------------------------------------------------------------------------------------------

Timing Summary Report

------------------------------------------------------------------------------------------------
| Timer Settings
| --------------
------------------------------------------------------------------------------------------------

  Enable Multi Corner Analysis               :  Yes
  Enable Pessimism Removal                   :  Yes
  Pessimism Removal Resolution               :  Nearest Common Node
  Enable Input Delay Default Clock           :  No
  Enable Preset / Clear Arcs                 :  No
  Disable Flight Delays                      :  No
  Ignore I/O Paths                           :  No
  Timing Early Launch at Borrowing Latches   :  No
  Borrow Time for Max Delay Exceptions       :  Yes
  Merge Timing Exceptions                    :  Yes
  Inter-SLR Compensation                     :  Conservative

  Corner  Analyze    Analyze    
  Name    Max Paths  Min Paths  
  ------  ---------  ---------  
  Slow    Yes        Yes        
  Fast    Yes        Yes        


------------------------------------------------------------------------------------------------
| Report Methodology
| ------------------
------------------------------------------------------------------------------------------------

No report available as report_methodology has not been run prior. Run report_methodology on the current design for the summary of methodology violations.



check_timing report

Table of Contents
-----------------
1. checking no_clock (0)
2. checking constant_clock (0)
3. checking pulse_width_clock (0)
4. checking unconstrained_internal_endpoints (0)
5. checking no_input_delay (0)
6. checking no_output_delay (0)
7. checking multiple_clock (0)
8. checking generated_clocks (0)
9. checking loops (0)
10. checking partial_input_delay (0)
11. checking partial_output_delay (0)
12. checking latch_loops (0)

1. checking no_clock (0)
------------------------
 There are 0 register/latch pins with no clock.


2. checking constant_clock (0)
------------------------------
 There are 0 register/latch pins with constant_clock.


3. checking pulse_width_clock (0)
---------------------------------
 There are 0 register/latch pins which need pulse_width check


4. checking unconstrained_internal_endpoints (0)
------------------------------------------------
 There are 0 pins that are not constrained for maximum delay.

 There are 0 pins that are not constrained for maximum delay due to constant clock.


5. checking no_input_delay (0)
------------------------------
 There are 0 input ports with no input delay specified.

 There are 0 input ports with no input delay but user has a false path constraint.


6. checking no_output_delay (0)
-------------------------------
 There are 0 ports with no output delay specified.

 There are 0 ports with no output delay but user has a false path constraint

 There are 0 ports with no output delay but with a timing clock defined on it or propagating through it


7. checking multiple_clock (0)
------------------------------
 There are 0 register/latch pins with multiple clocks.


8. checking generated_clocks (0)
--------------------------------
 There are 0 generated clocks that are not connected to a clock source.


9. checking loops (0)
---------------------
 There are 0 combinational loops in the design.


10. checking partial_input_delay (0)
------------------------------------
 There are 0 input ports with partial input delay specified.


11. checking partial_output_delay (0)
-------------------------------------
 There are 0 ports with partial output delay specified.


12. checking latch_loops (0)
----------------------------
 There are 0 combinational latch loops in the design through latch input



------------------------------------------------------------------------------------------------
| Design Timing Summary
| ---------------------
------------------------------------------------------------------------------------------------

    WNS(ns)      TNS(ns)  TNS Failing Endpoints  TNS Total Endpoints     WPWS(ns)     TPWS(ns)  TPWS Failing Endpoints  TPWS Total Endpoints  
    -------      -------  ---------------------  -------------------     --------     --------  ----------------------  --------------------  
      0.101        0.000                      0                  344       47.263        0.000                       0                   168  


All user specified timing constraints are met.


------------------------------------------------------------------------------------------------
| Clock Summary
| -------------
------------------------------------------------------------------------------------------------

Clock  Waveform(ns)       Period(ns)      Frequency(MHz)
-----  ------------       ----------      --------------
vclk   {0.000 47.763}     95.526          10.468          


------------------------------------------------------------------------------------------------
| Intra Clock Table
| -----------------
------------------------------------------------------------------------------------------------

Clock             WNS(ns)      TNS(ns)  TNS Failing Endpoints  TNS Total Endpoints     WPWS(ns)     TPWS(ns)  TPWS Failing Endpoints  TPWS Total Endpoints  
-----             -------      -------  ---------------------  -------------------     --------     --------  ----------------------  --------------------  
vclk                0.101        0.000                      0                  344       47.263        0.000                       0                   168  


------------------------------------------------------------------------------------------------
| Inter Clock Table
| -----------------
------------------------------------------------------------------------------------------------

From Clock    To Clock          WNS(ns)      TNS(ns)  TNS Failing Endpoints  TNS Total Endpoints  
----------    --------          -------      -------  ---------------------  -------------------  


------------------------------------------------------------------------------------------------
| Other Path Groups Table
| -----------------------
------------------------------------------------------------------------------------------------

Path Group    From Clock    To Clock          WNS(ns)      TNS(ns)  TNS Failing Endpoints  TNS Total Endpoints  
----------    ----------    --------          -------      -------  ---------------------  -------------------  


------------------------------------------------------------------------------------------------
| User Ignored Path Table
| -----------------------
------------------------------------------------------------------------------------------------

Path Group    From Clock    To Clock    
----------    ----------    --------    


------------------------------------------------------------------------------------------------
| Unconstrained Path Table
| ------------------------
------------------------------------------------------------------------------------------------

Path Group    From Clock    To Clock    
----------    ----------    --------    


------------------------------------------------------------------------------------------------
| Timing Details
| --------------
------------------------------------------------------------------------------------------------


---------------------------------------------------------------------------------------------------
From Clock:  vclk
  To Clock:  vclk

Setup :            0  Failing Endpoints,  Worst Slack        0.101ns,  Total Violation        0.000ns
Hold  :           NA  Failing Endpoints,  Worst Slack           NA  ,  Total Violation           NA
PW    :            0  Failing Endpoints,  Worst Slack       47.263ns,  Total Violation        0.000ns
---------------------------------------------------------------------------------------------------


Max Delay Paths
--------------------------------------------------------------------------------------
Slack (MET) :             0.101ns  (required time - arrival time)
  Source:                 w0_reg[3]/C
                            (rising edge-triggered cell FDRE clocked by vclk  {rise@0.000ns fall@47.763ns period=95.526ns})
  Destination:            y_reg[2]/D
                            (rising edge-triggered cell FDRE clocked by vclk  {rise@0.000ns fall@47.763ns period=95.526ns})
  Path Group:             vclk
  Path Type:              Setup (Max at Slow Process Corner)
  Requirement:            95.526ns  (vclk rise@95.526ns - vclk rise@0.000ns)
  Data Path Delay:        95.372ns  (logic 27.410ns (28.740%)  route 67.962ns (71.260%))
  Logic Levels:           90  (CARRY4=30 LUT3=14 LUT4=14 LUT5=14 LUT6=18)
  Clock Path Skew:        -0.049ns (DCD - SCD + CPR)
    Destination Clock Delay (DCD):    0.924ns = ( 96.450 - 95.526 ) 
    Source Clock Delay      (SCD):    0.973ns
    Clock Pessimism Removal (CPR):    0.000ns
  Clock Uncertainty:      0.035ns  ((TSJ^2 + TIJ^2)^1/2 + DJ) / 2 + PE
    Total System Jitter     (TSJ):    0.071ns
    Total Input Jitter      (TIJ):    0.000ns
    Discrete Jitter          (DJ):    0.000ns
    Phase Error              (PE):    0.000ns

    Location             Delay type                Incr(ns)  Path(ns)    Netlist Resource(s)
  -------------------------------------------------------------------    -------------------
                         (clock vclk rise edge)       0.000     0.000 r  <hidden>
                                                      0.000     0.000 r  clk
                         net (fo=167, unset)          0.973     0.973    clk
    SLICE_X65Y73         FDRE                                         r  w0_reg[3]/C
  -------------------------------------------------------------------    -------------------
    SLICE_X65Y73         FDRE (Prop_fdre_C_Q)         0.456     1.429 r  w0_reg[3]/Q
                         net (fo=11, routed)          0.857     2.286    w0[3]
    SLICE_X65Y73         LUT4 (Prop_lut4_I0_O)        0.124     2.410 r  y[7]_i_2014/O
                         net (fo=1, routed)           0.000     2.410    y[7]_i_2014_n_0
    SLICE_X65Y73         CARRY4 (Prop_carry4_S[1]_CO[3])
                                                      0.550     2.960 r  y_reg[7]_i_1914/CO[3]
                         net (fo=64, routed)          1.253     4.212    y_reg[7]_i_1914_n_0
    SLICE_X65Y72         LUT3 (Prop_lut3_I1_O)        0.152     4.364 r  y[7]_i_2103/O
                         net (fo=1, routed)           0.267     4.631    y[7]_i_2103_n_0
    SLICE_X65Y72         LUT6 (Prop_lut6_I1_O)        0.332     4.963 r  y[7]_i_2019/O
                         net (fo=1, routed)           0.528     5.491    y[7]_i_2019_n_0
    SLICE_X62Y72         CARRY4 (Prop_carry4_DI[0]_CO[3])
                                                      0.550     6.041 r  y_reg[7]_i_1915/CO[3]
                         net (fo=40, routed)          1.231     7.272    y_reg[7]_i_1915_n_0
    SLICE_X64Y74         LUT5 (Prop_lut5_I3_O)        0.150     7.422 f  y[7]_i_2085/O
                         net (fo=1, routed)           0.767     8.189    y[7]_i_2085_n_0
    SLICE_X64Y72         LUT6 (Prop_lut6_I1_O)        0.326     8.515 r  y[7]_i_2000/O
                         net (fo=1, routed)           0.599     9.113    y[7]_i_2000_n_0
    SLICE_X64Y73         CARRY4 (Prop_carry4_DI[3]_CO[3])
                                                      0.385     9.498 r  y_reg[7]_i_1913/CO[3]
                         net (fo=16, routed)          1.281    10.779    y_reg[7]_i_1913_n_0
    SLICE_X63Y75         LUT6 (Prop_lut6_I2_O)        0.124    10.903 r  y[7]_i_2111/O
                         net (fo=4, routed)           0.596    11.500    y[7]_i_2111_n_0
    SLICE_X63Y74         LUT6 (Prop_lut6_I2_O)        0.124    11.624 r  y[7]_i_2035/O
                         net (fo=1, routed)           0.544    12.167    y[7]_i_2035_n_0
    SLICE_X62Y74         CARRY4 (Prop_carry4_DI[0]_CO[3])
                                                      0.550    12.717 r  y_reg[7]_i_1925/CO[3]
                         net (fo=16, routed)          1.414    14.132    y_reg[7]_i_1925_n_0
    SLICE_X62Y75         LUT5 (Prop_lut5_I3_O)        0.150    14.282 r  y[1]_i_227/O
                         net (fo=4, routed)           0.743    15.025    y[1]_i_227_n_0
    SLICE_X61Y77         LUT4 (Prop_lut4_I1_O)        0.328    15.353 r  y[7]_i_2063/O
                         net (fo=1, routed)           0.000    15.353    y[7]_i_2063_n_0
    SLICE_X61Y77         CARRY4 (Prop_carry4_S[0]_CO[3])
                                                      0.532    15.885 r  y_reg[7]_i_1949/CO[3]
                         net (fo=16, routed)          0.937    16.822    y_reg[7]_i_1949_n_0
    SLICE_X61Y76         LUT3 (Prop_lut3_I1_O)        0.124    16.946 f  y[1]_i_219/O
                         net (fo=5, routed)           0.844    17.790    y[1]_i_219_n_0
    SLICE_X65Y76         LUT6 (Prop_lut6_I3_O)        0.124    17.914 r  y[7]_i_1943/O
                         net (fo=1, routed)           0.613    18.527    y[7]_i_1943_n_0
    SLICE_X65Y77         CARRY4 (Prop_carry4_DI[0]_CO[3])
                                                      0.526    19.053 r  y_reg[7]_i_1811/CO[3]
                         net (fo=32, routed)          1.628    20.681    y_reg[7]_i_1811_n_0
    SLICE_X62Y78         LUT3 (Prop_lut3_I1_O)        0.152    20.833 r  y[7]_i_1961/O
                         net (fo=8, routed)           0.587    21.419    y[7]_i_1961_n_0
    SLICE_X61Y78         LUT4 (Prop_lut4_I3_O)        0.348    21.767 r  y[7]_i_1889/O
                         net (fo=1, routed)           0.000    21.767    y[7]_i_1889_n_0
    SLICE_X61Y78         CARRY4 (Prop_carry4_S[3]_CO[3])
                                                      0.401    22.168 r  y_reg[7]_i_1770/CO[3]
                         net (fo=56, routed)          1.074    23.243    y_reg[7]_i_1770_n_0
    SLICE_X60Y78         LUT3 (Prop_lut3_I1_O)        0.152    23.395 f  y[7]_i_2065/O
                         net (fo=2, routed)           0.600    23.994    y[7]_i_2065_n_0
    SLICE_X62Y78         LUT6 (Prop_lut6_I5_O)        0.332    24.326 r  y[7]_i_1952/O
                         net (fo=1, routed)           0.190    24.516    y[7]_i_1952_n_0
    SLICE_X63Y78         CARRY4 (Prop_carry4_DI[2]_CO[3])
                                                      0.398    24.914 r  y_reg[7]_i_1822/CO[3]
                         net (fo=16, routed)          1.173    26.086    y_reg[7]_i_1822_n_0
    SLICE_X62Y79         LUT5 (Prop_lut5_I1_O)        0.153    26.239 f  y[7]_i_1907/O
                         net (fo=4, routed)           0.622    26.861    y[7]_i_1907_n_0
    SLICE_X65Y80         LUT6 (Prop_lut6_I5_O)        0.331    27.192 r  y[7]_i_1814/O
                         net (fo=1, routed)           0.472    27.664    y[7]_i_1814_n_0
    SLICE_X65Y79         CARRY4 (Prop_carry4_DI[2]_CO[3])
                                                      0.398    28.062 r  y_reg[7]_i_1633/CO[3]
                         net (fo=16, routed)          0.816    28.878    y_reg[7]_i_1633_n_0
    SLICE_X64Y79         LUT5 (Prop_lut5_I4_O)        0.118    28.996 r  y[1]_i_199/O
                         net (fo=5, routed)           1.013    30.008    y[1]_i_199_n_0
    SLICE_X64Y81         LUT4 (Prop_lut4_I0_O)        0.326    30.334 r  y[7]_i_1732/O
                         net (fo=1, routed)           0.000    30.334    y[7]_i_1732_n_0
    SLICE_X64Y81         CARRY4 (Prop_carry4_S[0]_CO[3])
                                                      0.532    30.866 r  y_reg[7]_i_1571/CO[3]
                         net (fo=32, routed)          0.969    31.836    y_reg[7]_i_1571_n_0
    SLICE_X64Y82         LUT3 (Prop_lut3_I1_O)        0.150    31.986 f  y[3]_i_189/O
                         net (fo=6, routed)           0.616    32.602    y[3]_i_189_n_0
    SLICE_X64Y83         LUT6 (Prop_lut6_I4_O)        0.326    32.928 r  y[7]_i_1637/O
                         net (fo=1, routed)           0.750    33.678    y[7]_i_1637_n_0
    SLICE_X65Y83         CARRY4 (Prop_carry4_DI[1]_CO[3])
                                                      0.507    34.185 r  y_reg[7]_i_1432/CO[3]
                         net (fo=28, routed)          1.401    35.586    y_reg[7]_i_1432_n_0
    SLICE_X62Y82         LUT5 (Prop_lut5_I3_O)        0.146    35.732 r  y[1]_i_204/O
                         net (fo=4, routed)           0.838    36.569    y[1]_i_204_n_0
    SLICE_X61Y83         LUT6 (Prop_lut6_I3_O)        0.328    36.897 r  y[7]_i_1783/O
                         net (fo=1, routed)           0.622    37.519    y[7]_i_1783_n_0
    SLICE_X62Y83         CARRY4 (Prop_carry4_DI[0]_CO[3])
                                                      0.550    38.069 r  y_reg[7]_i_1620/CO[3]
                         net (fo=16, routed)          0.972    39.041    y_reg[7]_i_1620_n_0
    SLICE_X61Y84         LUT5 (Prop_lut5_I1_O)        0.120    39.161 f  y[3]_i_190/O
                         net (fo=4, routed)           0.668    39.830    y[3]_i_190_n_0
    SLICE_X63Y84         LUT6 (Prop_lut6_I3_O)        0.327    40.157 r  y[7]_i_1645/O
                         net (fo=1, routed)           0.480    40.637    y[7]_i_1645_n_0
    SLICE_X64Y84         CARRY4 (Prop_carry4_DI[1]_CO[3])
                                                      0.507    41.144 r  y_reg[7]_i_1435/CO[3]
                         net (fo=16, routed)          1.031    42.175    y_reg[7]_i_1435_n_0
    SLICE_X62Y84         LUT5 (Prop_lut5_I4_O)        0.124    42.299 r  y[1]_i_165/O
                         net (fo=5, routed)           1.161    43.460    y[1]_i_165_n_0
    SLICE_X62Y86         LUT4 (Prop_lut4_I0_O)        0.124    43.584 r  y[7]_i_1430/O
                         net (fo=1, routed)           0.000    43.584    y[7]_i_1430_n_0
    SLICE_X62Y86         CARRY4 (Prop_carry4_S[0]_CO[3])
                                                      0.513    44.097 r  y_reg[7]_i_1215/CO[3]
                         net (fo=32, routed)          1.260    45.357    y_reg[7]_i_1215_n_0
    SLICE_X62Y87         LUT3 (Prop_lut3_I1_O)        0.153    45.510 r  y[7]_i_970/O
                         net (fo=10, routed)          1.206    46.716    y[7]_i_970_n_0
    SLICE_X59Y88         LUT4 (Prop_lut4_I0_O)        0.331    47.047 r  y[7]_i_1210/O
                         net (fo=1, routed)           0.000    47.047    y[7]_i_1210_n_0
    SLICE_X59Y88         CARRY4 (Prop_carry4_S[3]_CO[3])
                                                      0.401    47.448 r  y_reg[7]_i_969/CO[3]
                         net (fo=56, routed)          1.312    48.760    y_reg[7]_i_969_n_0
    SLICE_X60Y89         LUT3 (Prop_lut3_I1_O)        0.153    48.913 f  y[7]_i_1653/O
                         net (fo=2, routed)           0.821    49.734    y[7]_i_1653_n_0
    SLICE_X62Y88         LUT6 (Prop_lut6_I5_O)        0.327    50.061 r  y[7]_i_1438/O
                         net (fo=1, routed)           0.513    50.574    y[7]_i_1438_n_0
    SLICE_X61Y88         CARRY4 (Prop_carry4_DI[1]_CO[3])
                                                      0.507    51.081 r  y_reg[7]_i_1225/CO[3]
                         net (fo=16, routed)          0.763    51.843    y_reg[7]_i_1225_n_0
    SLICE_X62Y88         LUT5 (Prop_lut5_I3_O)        0.124    51.967 r  y[3]_i_142/O
                         net (fo=4, routed)           1.159    53.126    y[3]_i_142_n_0
    SLICE_X61Y92         LUT4 (Prop_lut4_I0_O)        0.124    53.250 r  y[7]_i_1223/O
                         net (fo=1, routed)           0.000    53.250    y[7]_i_1223_n_0
    SLICE_X61Y92         CARRY4 (Prop_carry4_S[1]_CO[3])
                                                      0.550    53.800 r  y_reg[7]_i_988/CO[3]
                         net (fo=16, routed)          0.961    54.761    y_reg[7]_i_988_n_0
    SLICE_X62Y92         LUT3 (Prop_lut3_I1_O)        0.149    54.910 r  y[7]_i_753/O
                         net (fo=4, routed)           0.839    55.749    y[7]_i_753_n_0
    SLICE_X58Y91         LUT6 (Prop_lut6_I3_O)        0.355    56.104 r  y[7]_i_979/O
                         net (fo=1, routed)           0.541    56.645    y[7]_i_979_n_0
    SLICE_X57Y91         CARRY4 (Prop_carry4_DI[3]_CO[3])
                                                      0.385    57.030 r  y_reg[7]_i_752/CO[3]
                         net (fo=20, routed)          0.896    57.927    y_reg[7]_i_752_n_0
    SLICE_X58Y91         LUT5 (Prop_lut5_I3_O)        0.116    58.043 r  y[3]_i_87/O
                         net (fo=7, routed)           1.169    59.211    y[3]_i_87_n_0
    SLICE_X56Y93         LUT4 (Prop_lut4_I0_O)        0.328    59.539 r  y[7]_i_747/O
                         net (fo=1, routed)           0.000    59.539    y[7]_i_747_n_0
    SLICE_X56Y93         CARRY4 (Prop_carry4_S[1]_CO[3])
                                                      0.550    60.089 r  y_reg[7]_i_541/CO[3]
                         net (fo=40, routed)          1.297    61.387    y_reg[7]_i_541_n_0
    SLICE_X56Y92         LUT3 (Prop_lut3_I1_O)        0.124    61.511 r  y[1]_i_61/O
                         net (fo=7, routed)           1.112    62.623    y[1]_i_61_n_0
    SLICE_X53Y92         LUT6 (Prop_lut6_I3_O)        0.124    62.747 r  y[7]_i_535/O
                         net (fo=1, routed)           0.520    63.267    y[7]_i_535_n_0
    SLICE_X53Y93         CARRY4 (Prop_carry4_DI[0]_CO[3])
                                                      0.526    63.793 r  y_reg[7]_i_350/CO[3]
                         net (fo=28, routed)          1.270    65.063    y_reg[7]_i_350_n_0
    SLICE_X54Y92         LUT5 (Prop_lut5_I4_O)        0.150    65.213 f  y[7]_i_527/O
                         net (fo=7, routed)           0.705    65.918    y[7]_i_527_n_0
    SLICE_X52Y91         LUT6 (Prop_lut6_I5_O)        0.348    66.266 r  y[7]_i_545/O
                         net (fo=1, routed)           0.660    66.926    y[7]_i_545_n_0
    SLICE_X52Y92         CARRY4 (Prop_carry4_DI[1]_CO[3])
                                                      0.507    67.433 r  y_reg[7]_i_353/CO[3]
                         net (fo=28, routed)          1.213    68.647    y_reg[7]_i_353_n_0
    SLICE_X52Y94         LUT3 (Prop_lut3_I2_O)        0.152    68.799 r  y[6]_i_59/O
                         net (fo=7, routed)           0.707    69.506    y[6]_i_59_n_0
    SLICE_X53Y95         LUT6 (Prop_lut6_I4_O)        0.332    69.838 r  y[7]_i_645/O
                         net (fo=1, routed)           0.470    70.308    y[7]_i_645_n_0
    SLICE_X53Y96         CARRY4 (Prop_carry4_DI[3]_CO[3])
                                                      0.385    70.693 r  y_reg[7]_i_430/CO[3]
                         net (fo=28, routed)          1.269    71.962    y_reg[7]_i_430_n_0
    SLICE_X53Y95         LUT5 (Prop_lut5_I4_O)        0.124    72.086 r  y[7]_i_256/O
                         net (fo=7, routed)           0.853    72.939    y[7]_i_256_n_0
    SLICE_X51Y95         LUT6 (Prop_lut6_I3_O)        0.124    73.063 r  y[7]_i_418/O
                         net (fo=1, routed)           0.401    73.465    y[7]_i_418_n_0
    SLICE_X50Y95         CARRY4 (Prop_carry4_DI[3]_CO[3])
                                                      0.396    73.861 r  y_reg[7]_i_255/CO[3]
                         net (fo=28, routed)          1.003    74.864    y_reg[7]_i_255_n_0
    SLICE_X50Y96         LUT5 (Prop_lut5_I4_O)        0.124    74.988 f  y[0]_i_49/O
                         net (fo=4, routed)           0.604    75.592    y[0]_i_49_n_0
    SLICE_X48Y95         LUT6 (Prop_lut6_I5_O)        0.124    75.716 r  y[7]_i_434/O
                         net (fo=1, routed)           0.568    76.284    y[7]_i_434_n_0
    SLICE_X49Y95         CARRY4 (Prop_carry4_DI[0]_CO[3])
                                                      0.526    76.810 r  y_reg[7]_i_258/CO[3]
                         net (fo=16, routed)          1.197    78.007    y_reg[7]_i_258_n_0
    SLICE_X48Y96         LUT5 (Prop_lut5_I3_O)        0.150    78.157 r  y[3]_i_33/O
                         net (fo=6, routed)           0.960    79.117    y[3]_i_33_n_0
    SLICE_X49Y98         LUT4 (Prop_lut4_I0_O)        0.326    79.443 r  y[7]_i_296/O
                         net (fo=1, routed)           0.000    79.443    y[7]_i_296_n_0
    SLICE_X49Y98         CARRY4 (Prop_carry4_S[1]_CO[3])
                                                      0.550    79.993 r  y_reg[7]_i_165/CO[3]
                         net (fo=16, routed)          1.105    81.098    y_reg[7]_i_165_n_0
    SLICE_X47Y100        LUT3 (Prop_lut3_I1_O)        0.118    81.216 r  y[3]_i_18/O
                         net (fo=7, routed)           0.993    82.210    y[3]_i_18_n_0
    SLICE_X45Y99         LUT4 (Prop_lut4_I1_O)        0.326    82.536 r  y[7]_i_162/O
                         net (fo=1, routed)           0.000    82.536    y[7]_i_162_n_0
    SLICE_X45Y99         CARRY4 (Prop_carry4_S[1]_CO[3])
                                                      0.550    83.086 r  y_reg[7]_i_64/CO[3]
                         net (fo=24, routed)          1.304    84.390    y_reg[7]_i_64_n_0
    SLICE_X45Y101        LUT3 (Prop_lut3_I1_O)        0.150    84.540 r  y[7]_i_90/O
                         net (fo=5, routed)           0.834    85.374    y[7]_i_90_n_0
    SLICE_X44Y99         LUT4 (Prop_lut4_I1_O)        0.326    85.700 r  y[7]_i_152/O
                         net (fo=1, routed)           0.000    85.700    y[7]_i_152_n_0
    SLICE_X44Y99         CARRY4 (Prop_carry4_S[3]_CO[3])
                                                      0.401    86.101 r  y_reg[7]_i_62/CO[3]
                         net (fo=16, routed)          1.536    87.637    p_4_in
    SLICE_X45Y100        LUT5 (Prop_lut5_I1_O)        0.152    87.789 r  y[0]_i_7/O
                         net (fo=6, routed)           0.837    88.626    y[0]_i_7_n_0
    SLICE_X41Y100        LUT4 (Prop_lut4_I3_O)        0.326    88.952 r  y[7]_i_81/O
                         net (fo=1, routed)           0.000    88.952    y[7]_i_81_n_0
    SLICE_X41Y100        CARRY4 (Prop_carry4_S[0]_CO[3])
                                                      0.532    89.484 r  y_reg[7]_i_22/CO[3]
                         net (fo=16, routed)          1.200    90.684    y_reg[7]_i_22_n_0
    SLICE_X41Y101        LUT3 (Prop_lut3_I1_O)        0.152    90.836 r  y[1]_i_5/O
                         net (fo=5, routed)           0.783    91.619    y[1]_i_5_n_0
    SLICE_X37Y100        LUT4 (Prop_lut4_I0_O)        0.326    91.945 r  y[7]_i_54/O
                         net (fo=1, routed)           0.000    91.945    y[7]_i_54_n_0
    SLICE_X37Y100        CARRY4 (Prop_carry4_S[0]_CO[3])
                                                      0.532    92.477 r  y_reg[7]_i_10/CO[3]
                         net (fo=8, routed)           1.160    93.637    y_reg[7]_i_10_n_0
    SLICE_X38Y101        LUT6 (Prop_lut6_I4_O)        0.124    93.761 r  y[1]_i_2/O
                         net (fo=3, routed)           0.668    94.428    y[1]_i_2_n_0
    SLICE_X39Y101        LUT4 (Prop_lut4_I0_O)        0.124    94.552 r  y[7]_i_19/O
                         net (fo=1, routed)           0.000    94.552    y[7]_i_19_n_0
    SLICE_X39Y101        CARRY4 (Prop_carry4_S[0]_CO[3])
                                                      0.532    95.084 r  y_reg[7]_i_4/CO[3]
                         net (fo=8, routed)           1.137    96.221    s1
    SLICE_X39Y102        LUT3 (Prop_lut3_I2_O)        0.124    96.345 r  y[2]_i_1/O
                         net (fo=1, routed)           0.000    96.345    y[2]_i_1_n_0
    SLICE_X39Y102        FDRE                                         r  y_reg[2]/D
  -------------------------------------------------------------------    -------------------

                         (clock vclk rise edge)      95.526    95.526 r  <hidden>
                                                      0.000    95.526 r  clk
                         net (fo=167, unset)          0.924    96.450    clk
    SLICE_X39Y102        FDRE                                         r  y_reg[2]/C
                         clock pessimism              0.000    96.450    <hidden>
                         clock uncertainty           -0.035    96.415    <hidden>
    SLICE_X39Y102        FDRE (Setup_fdre_C_D)        0.031    96.446    y_reg[2]
  -------------------------------------------------------------------
                         required time                         96.446    <hidden>
                         arrival time                         -96.345    <hidden>
  -------------------------------------------------------------------
                         slack                                  0.101    <hidden>

Slack (MET) :             0.117ns  (required time - arrival time)
  Source:                 w0_reg[3]/C
                            (rising edge-triggered cell FDRE clocked by vclk  {rise@0.000ns fall@47.763ns period=95.526ns})
  Destination:            y_reg[3]/D
                            (rising edge-triggered cell FDRE clocked by vclk  {rise@0.000ns fall@47.763ns period=95.526ns})
  Path Group:             vclk
  Path Type:              Setup (Max at Slow Process Corner)
  Requirement:            95.526ns  (vclk rise@95.526ns - vclk rise@0.000ns)
  Data Path Delay:        95.400ns  (logic 27.438ns (28.761%)  route 67.962ns (71.239%))
  Logic Levels:           90  (CARRY4=30 LUT3=14 LUT4=14 LUT5=14 LUT6=18)
  Clock Path Skew:        -0.049ns (DCD - SCD + CPR)
    Destination Clock Delay (DCD):    0.924ns = ( 96.450 - 95.526 ) 
    Source Clock Delay      (SCD):    0.973ns
    Clock Pessimism Removal (CPR):    0.000ns
  Clock Uncertainty:      0.035ns  ((TSJ^2 + TIJ^2)^1/2 + DJ) / 2 + PE
    Total System Jitter     (TSJ):    0.071ns
    Total Input Jitter      (TIJ):    0.000ns
    Discrete Jitter          (DJ):    0.000ns
    Phase Error              (PE):    0.000ns

    Location             Delay type                Incr(ns)  Path(ns)    Netlist Resource(s)
  -------------------------------------------------------------------    -------------------
                         (clock vclk rise edge)       0.000     0.000 r  <hidden>
                                                      0.000     0.000 r  clk
                         net (fo=167, unset)          0.973     0.973    clk
    SLICE_X65Y73         FDRE                                         r  w0_reg[3]/C
  -------------------------------------------------------------------    -------------------
    SLICE_X65Y73         FDRE (Prop_fdre_C_Q)         0.456     1.429 r  w0_reg[3]/Q
                         net (fo=11, routed)          0.857     2.286    w0[3]
    SLICE_X65Y73         LUT4 (Prop_lut4_I0_O)        0.124     2.410 r  y[7]_i_2014/O
                         net (fo=1, routed)           0.000     2.410    y[7]_i_2014_n_0
    SLICE_X65Y73         CARRY4 (Prop_carry4_S[1]_CO[3])
                                                      0.550     2.960 r  y_reg[7]_i_1914/CO[3]
                         net (fo=64, routed)          1.253     4.212    y_reg[7]_i_1914_n_0
    SLICE_X65Y72         LUT3 (Prop_lut3_I1_O)        0.152     4.364 r  y[7]_i_2103/O
                         net (fo=1, routed)           0.267     4.631    y[7]_i_2103_n_0
    SLICE_X65Y72         LUT6 (Prop_lut6_I1_O)        0.332     4.963 r  y[7]_i_2019/O
                         net (fo=1, routed)           0.528     5.491    y[7]_i_2019_n_0
    SLICE_X62Y72         CARRY4 (Prop_carry4_DI[0]_CO[3])
                                                      0.550     6.041 r  y_reg[7]_i_1915/CO[3]
                         net (fo=40, routed)          1.231     7.272    y_reg[7]_i_1915_n_0
    SLICE_X64Y74         LUT5 (Prop_lut5_I3_O)        0.150     7.422 f  y[7]_i_2085/O
                         net (fo=1, routed)           0.767     8.189    y[7]_i_2085_n_0
    SLICE_X64Y72         LUT6 (Prop_lut6_I1_O)        0.326     8.515 r  y[7]_i_2000/O
                         net (fo=1, routed)           0.599     9.113    y[7]_i_2000_n_0
    SLICE_X64Y73         CARRY4 (Prop_carry4_DI[3]_CO[3])
                                                      0.385     9.498 r  y_reg[7]_i_1913/CO[3]
                         net (fo=16, routed)          1.281    10.779    y_reg[7]_i_1913_n_0
    SLICE_X63Y75         LUT6 (Prop_lut6_I2_O)        0.124    10.903 r  y[7]_i_2111/O
                         net (fo=4, routed)           0.596    11.500    y[7]_i_2111_n_0
    SLICE_X63Y74         LUT6 (Prop_lut6_I2_O)        0.124    11.624 r  y[7]_i_2035/O
                         net (fo=1, routed)           0.544    12.167    y[7]_i_2035_n_0
    SLICE_X62Y74         CARRY4 (Prop_carry4_DI[0]_CO[3])
                                                      0.550    12.717 r  y_reg[7]_i_1925/CO[3]
                         net (fo=16, routed)          1.414    14.132    y_reg[7]_i_1925_n_0
    SLICE_X62Y75         LUT5 (Prop_lut5_I3_O)        0.150    14.282 r  y[1]_i_227/O
                         net (fo=4, routed)           0.743    15.025    y[1]_i_227_n_0
    SLICE_X61Y77         LUT4 (Prop_lut4_I1_O)        0.328    15.353 r  y[7]_i_2063/O
                         net (fo=1, routed)           0.000    15.353    y[7]_i_2063_n_0
    SLICE_X61Y77         CARRY4 (Prop_carry4_S[0]_CO[3])
                                                      0.532    15.885 r  y_reg[7]_i_1949/CO[3]
                         net (fo=16, routed)          0.937    16.822    y_reg[7]_i_1949_n_0
    SLICE_X61Y76         LUT3 (Prop_lut3_I1_O)        0.124    16.946 f  y[1]_i_219/O
                         net (fo=5, routed)           0.844    17.790    y[1]_i_219_n_0
    SLICE_X65Y76         LUT6 (Prop_lut6_I3_O)        0.124    17.914 r  y[7]_i_1943/O
                         net (fo=1, routed)           0.613    18.527    y[7]_i_1943_n_0
    SLICE_X65Y77         CARRY4 (Prop_carry4_DI[0]_CO[3])
                                                      0.526    19.053 r  y_reg[7]_i_1811/CO[3]
                         net (fo=32, routed)          1.628    20.681    y_reg[7]_i_1811_n_0
    SLICE_X62Y78         LUT3 (Prop_lut3_I1_O)        0.152    20.833 r  y[7]_i_1961/O
                         net (fo=8, routed)           0.587    21.419    y[7]_i_1961_n_0
    SLICE_X61Y78         LUT4 (Prop_lut4_I3_O)        0.348    21.767 r  y[7]_i_1889/O
                         net (fo=1, routed)           0.000    21.767    y[7]_i_1889_n_0
    SLICE_X61Y78         CARRY4 (Prop_carry4_S[3]_CO[3])
                                                      0.401    22.168 r  y_reg[7]_i_1770/CO[3]
                         net (fo=56, routed)          1.074    23.243    y_reg[7]_i_1770_n_0
    SLICE_X60Y78         LUT3 (Prop_lut3_I1_O)        0.152    23.395 f  y[7]_i_2065/O
                         net (fo=2, routed)           0.600    23.994    y[7]_i_2065_n_0
    SLICE_X62Y78         LUT6 (Prop_lut6_I5_O)        0.332    24.326 r  y[7]_i_1952/O
                         net (fo=1, routed)           0.190    24.516    y[7]_i_1952_n_0
    SLICE_X63Y78         CARRY4 (Prop_carry4_DI[2]_CO[3])
                                                      0.398    24.914 r  y_reg[7]_i_1822/CO[3]
                         net (fo=16, routed)          1.173    26.086    y_reg[7]_i_1822_n_0
    SLICE_X62Y79         LUT5 (Prop_lut5_I1_O)        0.153    26.239 f  y[7]_i_1907/O
                         net (fo=4, routed)           0.622    26.861    y[7]_i_1907_n_0
    SLICE_X65Y80         LUT6 (Prop_lut6_I5_O)        0.331    27.192 r  y[7]_i_1814/O
                         net (fo=1, routed)           0.472    27.664    y[7]_i_1814_n_0
    SLICE_X65Y79         CARRY4 (Prop_carry4_DI[2]_CO[3])
                                                      0.398    28.062 r  y_reg[7]_i_1633/CO[3]
                         net (fo=16, routed)          0.816    28.878    y_reg[7]_i_1633_n_0
    SLICE_X64Y79         LUT5 (Prop_lut5_I4_O)        0.118    28.996 r  y[1]_i_199/O
                         net (fo=5, routed)           1.013    30.008    y[1]_i_199_n_0
    SLICE_X64Y81         LUT4 (Prop_lut4_I0_O)        0.326    30.334 r  y[7]_i_1732/O
                         net (fo=1, routed)           0.000    30.334    y[7]_i_1732_n_0
    SLICE_X64Y81         CARRY4 (Prop_carry4_S[0]_CO[3])
                                                      0.532    30.866 r  y_reg[7]_i_1571/CO[3]
                         net (fo=32, routed)          0.969    31.836    y_reg[7]_i_1571_n_0
    SLICE_X64Y82         LUT3 (Prop_lut3_I1_O)        0.150    31.986 f  y[3]_i_189/O
                         net (fo=6, routed)           0.616    32.602    y[3]_i_189_n_0
    SLICE_X64Y83         LUT6 (Prop_lut6_I4_O)        0.326    32.928 r  y[7]_i_1637/O
                         net (fo=1, routed)           0.750    33.678    y[7]_i_1637_n_0
    SLICE_X65Y83         CARRY4 (Prop_carry4_DI[1]_CO[3])
                                                      0.507    34.185 r  y_reg[7]_i_1432/CO[3]
                         net (fo=28, routed)          1.401    35.586    y_reg[7]_i_1432_n_0
    SLICE_X62Y82         LUT5 (Prop_lut5_I3_O)        0.146    35.732 r  y[1]_i_204/O
                         net (fo=4, routed)           0.838    36.569    y[1]_i_204_n_0
    SLICE_X61Y83         LUT6 (Prop_lut6_I3_O)        0.328    36.897 r  y[7]_i_1783/O
                         net (fo=1, routed)           0.622    37.519    y[7]_i_1783_n_0
    SLICE_X62Y83         CARRY4 (Prop_carry4_DI[0]_CO[3])
                                                      0.550    38.069 r  y_reg[7]_i_1620/CO[3]
                         net (fo=16, routed)          0.972    39.041    y_reg[7]_i_1620_n_0
    SLICE_X61Y84         LUT5 (Prop_lut5_I1_O)        0.120    39.161 f  y[3]_i_190/O
                         net (fo=4, routed)           0.668    39.830    y[3]_i_190_n_0
    SLICE_X63Y84         LUT6 (Prop_lut6_I3_O)        0.327    40.157 r  y[7]_i_1645/O
                         net (fo=1, routed)           0.480    40.637    y[7]_i_1645_n_0
    SLICE_X64Y84         CARRY4 (Prop_carry4_DI[1]_CO[3])
                                                      0.507    41.144 r  y_reg[7]_i_1435/CO[3]
                         net (fo=16, routed)          1.031    42.175    y_reg[7]_i_1435_n_0
    SLICE_X62Y84         LUT5 (Prop_lut5_I4_O)        0.124    42.299 r  y[1]_i_165/O
                         net (fo=5, routed)           1.161    43.460    y[1]_i_165_n_0
    SLICE_X62Y86         LUT4 (Prop_lut4_I0_O)        0.124    43.584 r  y[7]_i_1430/O
                         net (fo=1, routed)           0.000    43.584    y[7]_i_1430_n_0
    SLICE_X62Y86         CARRY4 (Prop_carry4_S[0]_CO[3])
                                                      0.513    44.097 r  y_reg[7]_i_1215/CO[3]
                         net (fo=32, routed)          1.260    45.357    y_reg[7]_i_1215_n_0
    SLICE_X62Y87         LUT3 (Prop_lut3_I1_O)        0.153    45.510 r  y[7]_i_970/O
                         net (fo=10, routed)          1.206    46.716    y[7]_i_970_n_0
    SLICE_X59Y88         LUT4 (Prop_lut4_I0_O)        0.331    47.047 r  y[7]_i_1210/O
                         net (fo=1, routed)           0.000    47.047    y[7]_i_1210_n_0
    SLICE_X59Y88         CARRY4 (Prop_carry4_S[3]_CO[3])
                                                      0.401    47.448 r  y_reg[7]_i_969/CO[3]
                         net (fo=56, routed)          1.312    48.760    y_reg[7]_i_969_n_0
    SLICE_X60Y89         LUT3 (Prop_lut3_I1_O)        0.153    48.913 f  y[7]_i_1653/O
                         net (fo=2, routed)           0.821    49.734    y[7]_i_1653_n_0
    SLICE_X62Y88         LUT6 (Prop_lut6_I5_O)        0.327    50.061 r  y[7]_i_1438/O
                         net (fo=1, routed)           0.513    50.574    y[7]_i_1438_n_0
    SLICE_X61Y88         CARRY4 (Prop_carry4_DI[1]_CO[3])
                                                      0.507    51.081 r  y_reg[7]_i_1225/CO[3]
                         net (fo=16, routed)          0.763    51.843    y_reg[7]_i_1225_n_0
    SLICE_X62Y88         LUT5 (Prop_lut5_I3_O)        0.124    51.967 r  y[3]_i_142/O
                         net (fo=4, routed)           1.159    53.126    y[3]_i_142_n_0
    SLICE_X61Y92         LUT4 (Prop_lut4_I0_O)        0.124    53.250 r  y[7]_i_1223/O
                         net (fo=1, routed)           0.000    53.250    y[7]_i_1223_n_0
    SLICE_X61Y92         CARRY4 (Prop_carry4_S[1]_CO[3])
                                                      0.550    53.800 r  y_reg[7]_i_988/CO[3]
                         net (fo=16, routed)          0.961    54.761    y_reg[7]_i_988_n_0
    SLICE_X62Y92         LUT3 (Prop_lut3_I1_O)        0.149    54.910 r  y[7]_i_753/O
                         net (fo=4, routed)           0.839    55.749    y[7]_i_753_n_0
    SLICE_X58Y91         LUT6 (Prop_lut6_I3_O)        0.355    56.104 r  y[7]_i_979/O
                         net (fo=1, routed)           0.541    56.645    y[7]_i_979_n_0
    SLICE_X57Y91         CARRY4 (Prop_carry4_DI[3]_CO[3])
                                                      0.385    57.030 r  y_reg[7]_i_752/CO[3]
                         net (fo=20, routed)          0.896    57.927    y_reg[7]_i_752_n_0
    SLICE_X58Y91         LUT5 (Prop_lut5_I3_O)        0.116    58.043 r  y[3]_i_87/O
                         net (fo=7, routed)           1.169    59.211    y[3]_i_87_n_0
    SLICE_X56Y93         LUT4 (Prop_lut4_I0_O)        0.328    59.539 r  y[7]_i_747/O
                         net (fo=1, routed)           0.000    59.539    y[7]_i_747_n_0
    SLICE_X56Y93         CARRY4 (Prop_carry4_S[1]_CO[3])
                                                      0.550    60.089 r  y_reg[7]_i_541/CO[3]
                         net (fo=40, routed)          1.297    61.387    y_reg[7]_i_541_n_0
    SLICE_X56Y92         LUT3 (Prop_lut3_I1_O)        0.124    61.511 r  y[1]_i_61/O
                         net (fo=7, routed)           1.112    62.623    y[1]_i_61_n_0
    SLICE_X53Y92         LUT6 (Prop_lut6_I3_O)        0.124    62.747 r  y[7]_i_535/O
                         net (fo=1, routed)           0.520    63.267    y[7]_i_535_n_0
    SLICE_X53Y93         CARRY4 (Prop_carry4_DI[0]_CO[3])
                                                      0.526    63.793 r  y_reg[7]_i_350/CO[3]
                         net (fo=28, routed)          1.270    65.063    y_reg[7]_i_350_n_0
    SLICE_X54Y92         LUT5 (Prop_lut5_I4_O)        0.150    65.213 f  y[7]_i_527/O
                         net (fo=7, routed)           0.705    65.918    y[7]_i_527_n_0
    SLICE_X52Y91         LUT6 (Prop_lut6_I5_O)        0.348    66.266 r  y[7]_i_545/O
                         net (fo=1, routed)           0.660    66.926    y[7]_i_545_n_0
    SLICE_X52Y92         CARRY4 (Prop_carry4_DI[1]_CO[3])
                                                      0.507    67.433 r  y_reg[7]_i_353/CO[3]
                         net (fo=28, routed)          1.213    68.647    y_reg[7]_i_353_n_0
    SLICE_X52Y94         LUT3 (Prop_lut3_I2_O)        0.152    68.799 r  y[6]_i_59/O
                         net (fo=7, routed)           0.707    69.506    y[6]_i_59_n_0
    SLICE_X53Y95         LUT6 (Prop_lut6_I4_O)        0.332    69.838 r  y[7]_i_645/O
                         net (fo=1, routed)           0.470    70.308    y[7]_i_645_n_0
    SLICE_X53Y96         CARRY4 (Prop_carry4_DI[3]_CO[3])
                                                      0.385    70.693 r  y_reg[7]_i_430/CO[3]
                         net (fo=28, routed)          1.269    71.962    y_reg[7]_i_430_n_0
    SLICE_X53Y95         LUT5 (Prop_lut5_I4_O)        0.124    72.086 r  y[7]_i_256/O
                         net (fo=7, routed)           0.853    72.939    y[7]_i_256_n_0
    SLICE_X51Y95         LUT6 (Prop_lut6_I3_O)        0.124    73.063 r  y[7]_i_418/O
                         net (fo=1, routed)           0.401    73.465    y[7]_i_418_n_0
    SLICE_X50Y95         CARRY4 (Prop_carry4_DI[3]_CO[3])
                                                      0.396    73.861 r  y_reg[7]_i_255/CO[3]
                         net (fo=28, routed)          1.003    74.864    y_reg[7]_i_255_n_0
    SLICE_X50Y96         LUT5 (Prop_lut5_I4_O)        0.124    74.988 f  y[0]_i_49/O
                         net (fo=4, routed)           0.604    75.592    y[0]_i_49_n_0
    SLICE_X48Y95         LUT6 (Prop_lut6_I5_O)        0.124    75.716 r  y[7]_i_434/O
                         net (fo=1, routed)           0.568    76.284    y[7]_i_434_n_0
    SLICE_X49Y95         CARRY4 (Prop_carry4_DI[0]_CO[3])
                                                      0.526    76.810 r  y_reg[7]_i_258/CO[3]
                         net (fo=16, routed)          1.197    78.007    y_reg[7]_i_258_n_0
    SLICE_X48Y96         LUT5 (Prop_lut5_I3_O)        0.150    78.157 r  y[3]_i_33/O
                         net (fo=6, routed)           0.960    79.117    y[3]_i_33_n_0
    SLICE_X49Y98         LUT4 (Prop_lut4_I0_O)        0.326    79.443 r  y[7]_i_296/O
                         net (fo=1, routed)           0.000    79.443    y[7]_i_296_n_0
    SLICE_X49Y98         CARRY4 (Prop_carry4_S[1]_CO[3])
                                                      0.550    79.993 r  y_reg[7]_i_165/CO[3]
                         net (fo=16, routed)          1.105    81.098    y_reg[7]_i_165_n_0
    SLICE_X47Y100        LUT3 (Prop_lut3_I1_O)        0.118    81.216 r  y[3]_i_18/O
                         net (fo=7, routed)           0.993    82.210    y[3]_i_18_n_0
    SLICE_X45Y99         LUT4 (Prop_lut4_I1_O)        0.326    82.536 r  y[7]_i_162/O
                         net (fo=1, routed)           0.000    82.536    y[7]_i_162_n_0
    SLICE_X45Y99         CARRY4 (Prop_carry4_S[1]_CO[3])
                                                      0.550    83.086 r  y_reg[7]_i_64/CO[3]
                         net (fo=24, routed)          1.304    84.390    y_reg[7]_i_64_n_0
    SLICE_X45Y101        LUT3 (Prop_lut3_I1_O)        0.150    84.540 r  y[7]_i_90/O
                         net (fo=5, routed)           0.834    85.374    y[7]_i_90_n_0
    SLICE_X44Y99         LUT4 (Prop_lut4_I1_O)        0.326    85.700 r  y[7]_i_152/O
                         net (fo=1, routed)           0.000    85.700    y[7]_i_152_n_0
    SLICE_X44Y99         CARRY4 (Prop_carry4_S[3]_CO[3])
                                                      0.401    86.101 r  y_reg[7]_i_62/CO[3]
                         net (fo=16, routed)          1.536    87.637    p_4_in
    SLICE_X45Y100        LUT5 (Prop_lut5_I1_O)        0.152    87.789 r  y[0]_i_7/O
                         net (fo=6, routed)           0.837    88.626    y[0]_i_7_n_0
    SLICE_X41Y100        LUT4 (Prop_lut4_I3_O)        0.326    88.952 r  y[7]_i_81/O
                         net (fo=1, routed)           0.000    88.952    y[7]_i_81_n_0
    SLICE_X41Y100        CARRY4 (Prop_carry4_S[0]_CO[3])
                                                      0.532    89.484 r  y_reg[7]_i_22/CO[3]
                         net (fo=16, routed)          1.200    90.684    y_reg[7]_i_22_n_0
    SLICE_X41Y101        LUT3 (Prop_lut3_I1_O)        0.152    90.836 r  y[1]_i_5/O
                         net (fo=5, routed)           0.783    91.619    y[1]_i_5_n_0
    SLICE_X37Y100        LUT4 (Prop_lut4_I0_O)        0.326    91.945 r  y[7]_i_54/O
                         net (fo=1, routed)           0.000    91.945    y[7]_i_54_n_0
    SLICE_X37Y100        CARRY4 (Prop_carry4_S[0]_CO[3])
                                                      0.532    92.477 r  y_reg[7]_i_10/CO[3]
                         net (fo=8, routed)           1.160    93.637    y_reg[7]_i_10_n_0
    SLICE_X38Y101        LUT6 (Prop_lut6_I4_O)        0.124    93.761 r  y[1]_i_2/O
                         net (fo=3, routed)           0.668    94.428    y[1]_i_2_n_0
    SLICE_X39Y101        LUT4 (Prop_lut4_I0_O)        0.124    94.552 r  y[7]_i_19/O
                         net (fo=1, routed)           0.000    94.552    y[7]_i_19_n_0
    SLICE_X39Y101        CARRY4 (Prop_carry4_S[0]_CO[3])
                                                      0.532    95.084 r  y_reg[7]_i_4/CO[3]
                         net (fo=8, routed)           1.137    96.221    s1
    SLICE_X39Y102        LUT3 (Prop_lut3_I1_O)        0.152    96.373 r  y[3]_i_1/O
                         net (fo=1, routed)           0.000    96.373    y[3]_i_1_n_0
    SLICE_X39Y102        FDRE                                         r  y_reg[3]/D
  -------------------------------------------------------------------    -------------------

                         (clock vclk rise edge)      95.526    95.526 r  <hidden>
                                                      0.000    95.526 r  clk
                         net (fo=167, unset)          0.924    96.450    clk
    SLICE_X39Y102        FDRE                                         r  y_reg[3]/C
                         clock pessimism              0.000    96.450    <hidden>
                         clock uncertainty           -0.035    96.415    <hidden>
    SLICE_X39Y102        FDRE (Setup_fdre_C_D)        0.075    96.490    y_reg[3]
  -------------------------------------------------------------------
                         required time                         96.490    <hidden>
                         arrival time                         -96.373    <hidden>
  -------------------------------------------------------------------
                         slack                                  0.117    <hidden>

Slack (MET) :             0.345ns  (required time - arrival time)
  Source:                 w0_reg[3]/C
                            (rising edge-triggered cell FDRE clocked by vclk  {rise@0.000ns fall@47.763ns period=95.526ns})
  Destination:            y_reg[4]/D
                            (rising edge-triggered cell FDRE clocked by vclk  {rise@0.000ns fall@47.763ns period=95.526ns})
  Path Group:             vclk
  Path Type:              Setup (Max at Slow Process Corner)
  Requirement:            95.526ns  (vclk rise@95.526ns - vclk rise@0.000ns)
  Data Path Delay:        95.128ns  (logic 27.410ns (28.814%)  route 67.718ns (71.186%))
  Logic Levels:           90  (CARRY4=30 LUT3=14 LUT4=14 LUT5=14 LUT6=18)
  Clock Path Skew:        -0.049ns (DCD - SCD + CPR)
    Destination Clock Delay (DCD):    0.924ns = ( 96.450 - 95.526 ) 
    Source Clock Delay      (SCD):    0.973ns
    Clock Pessimism Removal (CPR):    0.000ns
  Clock Uncertainty:      0.035ns  ((TSJ^2 + TIJ^2)^1/2 + DJ) / 2 + PE
    Total System Jitter     (TSJ):    0.071ns
    Total Input Jitter      (TIJ):    0.000ns
    Discrete Jitter          (DJ):    0.000ns
    Phase Error              (PE):    0.000ns

    Location             Delay type                Incr(ns)  Path(ns)    Netlist Resource(s)
  -------------------------------------------------------------------    -------------------
                         (clock vclk rise edge)       0.000     0.000 r  <hidden>
                                                      0.000     0.000 r  clk
                         net (fo=167, unset)          0.973     0.973    clk
    SLICE_X65Y73         FDRE                                         r  w0_reg[3]/C
  -------------------------------------------------------------------    -------------------
    SLICE_X65Y73         FDRE (Prop_fdre_C_Q)         0.456     1.429 r  w0_reg[3]/Q
                         net (fo=11, routed)          0.857     2.286    w0[3]
    SLICE_X65Y73         LUT4 (Prop_lut4_I0_O)        0.124     2.410 r  y[7]_i_2014/O
                         net (fo=1, routed)           0.000     2.410    y[7]_i_2014_n_0
    SLICE_X65Y73         CARRY4 (Prop_carry4_S[1]_CO[3])
                                                      0.550     2.960 r  y_reg[7]_i_1914/CO[3]
                         net (fo=64, routed)          1.253     4.212    y_reg[7]_i_1914_n_0
    SLICE_X65Y72         LUT3 (Prop_lut3_I1_O)        0.152     4.364 r  y[7]_i_2103/O
                         net (fo=1, routed)           0.267     4.631    y[7]_i_2103_n_0
    SLICE_X65Y72         LUT6 (Prop_lut6_I1_O)        0.332     4.963 r  y[7]_i_2019/O
                         net (fo=1, routed)           0.528     5.491    y[7]_i_2019_n_0
    SLICE_X62Y72         CARRY4 (Prop_carry4_DI[0]_CO[3])
                                                      0.550     6.041 r  y_reg[7]_i_1915/CO[3]
                         net (fo=40, routed)          1.231     7.272    y_reg[7]_i_1915_n_0
    SLICE_X64Y74         LUT5 (Prop_lut5_I3_O)        0.150     7.422 f  y[7]_i_2085/O
                         net (fo=1, routed)           0.767     8.189    y[7]_i_2085_n_0
    SLICE_X64Y72         LUT6 (Prop_lut6_I1_O)        0.326     8.515 r  y[7]_i_2000/O
                         net (fo=1, routed)           0.599     9.113    y[7]_i_2000_n_0
    SLICE_X64Y73         CARRY4 (Prop_carry4_DI[3]_CO[3])
                                                      0.385     9.498 r  y_reg[7]_i_1913/CO[3]
                         net (fo=16, routed)          1.281    10.779    y_reg[7]_i_1913_n_0
    SLICE_X63Y75         LUT6 (Prop_lut6_I2_O)        0.124    10.903 r  y[7]_i_2111/O
                         net (fo=4, routed)           0.596    11.500    y[7]_i_2111_n_0
    SLICE_X63Y74         LUT6 (Prop_lut6_I2_O)        0.124    11.624 r  y[7]_i_2035/O
                         net (fo=1, routed)           0.544    12.167    y[7]_i_2035_n_0
    SLICE_X62Y74         CARRY4 (Prop_carry4_DI[0]_CO[3])
                                                      0.550    12.717 r  y_reg[7]_i_1925/CO[3]
                         net (fo=16, routed)          1.414    14.132    y_reg[7]_i_1925_n_0
    SLICE_X62Y75         LUT5 (Prop_lut5_I3_O)        0.150    14.282 r  y[1]_i_227/O
                         net (fo=4, routed)           0.743    15.025    y[1]_i_227_n_0
    SLICE_X61Y77         LUT4 (Prop_lut4_I1_O)        0.328    15.353 r  y[7]_i_2063/O
                         net (fo=1, routed)           0.000    15.353    y[7]_i_2063_n_0
    SLICE_X61Y77         CARRY4 (Prop_carry4_S[0]_CO[3])
                                                      0.532    15.885 r  y_reg[7]_i_1949/CO[3]
                         net (fo=16, routed)          0.937    16.822    y_reg[7]_i_1949_n_0
    SLICE_X61Y76         LUT3 (Prop_lut3_I1_O)        0.124    16.946 f  y[1]_i_219/O
                         net (fo=5, routed)           0.844    17.790    y[1]_i_219_n_0
    SLICE_X65Y76         LUT6 (Prop_lut6_I3_O)        0.124    17.914 r  y[7]_i_1943/O
                         net (fo=1, routed)           0.613    18.527    y[7]_i_1943_n_0
    SLICE_X65Y77         CARRY4 (Prop_carry4_DI[0]_CO[3])
                                                      0.526    19.053 r  y_reg[7]_i_1811/CO[3]
                         net (fo=32, routed)          1.628    20.681    y_reg[7]_i_1811_n_0
    SLICE_X62Y78         LUT3 (Prop_lut3_I1_O)        0.152    20.833 r  y[7]_i_1961/O
                         net (fo=8, routed)           0.587    21.419    y[7]_i_1961_n_0
    SLICE_X61Y78         LUT4 (Prop_lut4_I3_O)        0.348    21.767 r  y[7]_i_1889/O
                         net (fo=1, routed)           0.000    21.767    y[7]_i_1889_n_0
    SLICE_X61Y78         CARRY4 (Prop_carry4_S[3]_CO[3])
                                                      0.401    22.168 r  y_reg[7]_i_1770/CO[3]
                         net (fo=56, routed)          1.074    23.243    y_reg[7]_i_1770_n_0
    SLICE_X60Y78         LUT3 (Prop_lut3_I1_O)        0.152    23.395 f  y[7]_i_2065/O
                         net (fo=2, routed)           0.600    23.994    y[7]_i_2065_n_0
    SLICE_X62Y78         LUT6 (Prop_lut6_I5_O)        0.332    24.326 r  y[7]_i_1952/O
                         net (fo=1, routed)           0.190    24.516    y[7]_i_1952_n_0
    SLICE_X63Y78         CARRY4 (Prop_carry4_DI[2]_CO[3])
                                                      0.398    24.914 r  y_reg[7]_i_1822/CO[3]
                         net (fo=16, routed)          1.173    26.086    y_reg[7]_i_1822_n_0
    SLICE_X62Y79         LUT5 (Prop_lut5_I1_O)        0.153    26.239 f  y[7]_i_1907/O
                         net (fo=4, routed)           0.622    26.861    y[7]_i_1907_n_0
    SLICE_X65Y80         LUT6 (Prop_lut6_I5_O)        0.331    27.192 r  y[7]_i_1814/O
                         net (fo=1, routed)           0.472    27.664    y[7]_i_1814_n_0
    SLICE_X65Y79         CARRY4 (Prop_carry4_DI[2]_CO[3])
                                                      0.398    28.062 r  y_reg[7]_i_1633/CO[3]
                         net (fo=16, routed)          0.816    28.878    y_reg[7]_i_1633_n_0
    SLICE_X64Y79         LUT5 (Prop_lut5_I4_O)        0.118    28.996 r  y[1]_i_199/O
                         net (fo=5, routed)           1.013    30.008    y[1]_i_199_n_0
    SLICE_X64Y81         LUT4 (Prop_lut4_I0_O)        0.326    30.334 r  y[7]_i_1732/O
                         net (fo=1, routed)           0.000    30.334    y[7]_i_1732_n_0
    SLICE_X64Y81         CARRY4 (Prop_carry4_S[0]_CO[3])
                                                      0.532    30.866 r  y_reg[7]_i_1571/CO[3]
                         net (fo=32, routed)          0.969    31.836    y_reg[7]_i_1571_n_0
    SLICE_X64Y82         LUT3 (Prop_lut3_I1_O)        0.150    31.986 f  y[3]_i_189/O
                         net (fo=6, routed)           0.616    32.602    y[3]_i_189_n_0
    SLICE_X64Y83         LUT6 (Prop_lut6_I4_O)        0.326    32.928 r  y[7]_i_1637/O
                         net (fo=1, routed)           0.750    33.678    y[7]_i_1637_n_0
    SLICE_X65Y83         CARRY4 (Prop_carry4_DI[1]_CO[3])
                                                      0.507    34.185 r  y_reg[7]_i_1432/CO[3]
                         net (fo=28, routed)          1.401    35.586    y_reg[7]_i_1432_n_0
    SLICE_X62Y82         LUT5 (Prop_lut5_I3_O)        0.146    35.732 r  y[1]_i_204/O
                         net (fo=4, routed)           0.838    36.569    y[1]_i_204_n_0
    SLICE_X61Y83         LUT6 (Prop_lut6_I3_O)        0.328    36.897 r  y[7]_i_1783/O
                         net (fo=1, routed)           0.622    37.519    y[7]_i_1783_n_0
    SLICE_X62Y83         CARRY4 (Prop_carry4_DI[0]_CO[3])
                                                      0.550    38.069 r  y_reg[7]_i_1620/CO[3]
                         net (fo=16, routed)          0.972    39.041    y_reg[7]_i_1620_n_0
    SLICE_X61Y84         LUT5 (Prop_lut5_I1_O)        0.120    39.161 f  y[3]_i_190/O
                         net (fo=4, routed)           0.668    39.830    y[3]_i_190_n_0
    SLICE_X63Y84         LUT6 (Prop_lut6_I3_O)        0.327    40.157 r  y[7]_i_1645/O
                         net (fo=1, routed)           0.480    40.637    y[7]_i_1645_n_0
    SLICE_X64Y84         CARRY4 (Prop_carry4_DI[1]_CO[3])
                                                      0.507    41.144 r  y_reg[7]_i_1435/CO[3]
                         net (fo=16, routed)          1.031    42.175    y_reg[7]_i_1435_n_0
    SLICE_X62Y84         LUT5 (Prop_lut5_I4_O)        0.124    42.299 r  y[1]_i_165/O
                         net (fo=5, routed)           1.161    43.460    y[1]_i_165_n_0
    SLICE_X62Y86         LUT4 (Prop_lut4_I0_O)        0.124    43.584 r  y[7]_i_1430/O
                         net (fo=1, routed)           0.000    43.584    y[7]_i_1430_n_0
    SLICE_X62Y86         CARRY4 (Prop_carry4_S[0]_CO[3])
                                                      0.513    44.097 r  y_reg[7]_i_1215/CO[3]
                         net (fo=32, routed)          1.260    45.357    y_reg[7]_i_1215_n_0
    SLICE_X62Y87         LUT3 (Prop_lut3_I1_O)        0.153    45.510 r  y[7]_i_970/O
                         net (fo=10, routed)          1.206    46.716    y[7]_i_970_n_0
    SLICE_X59Y88         LUT4 (Prop_lut4_I0_O)        0.331    47.047 r  y[7]_i_1210/O
                         net (fo=1, routed)           0.000    47.047    y[7]_i_1210_n_0
    SLICE_X59Y88         CARRY4 (Prop_carry4_S[3]_CO[3])
                                                      0.401    47.448 r  y_reg[7]_i_969/CO[3]
                         net (fo=56, routed)          1.312    48.760    y_reg[7]_i_969_n_0
    SLICE_X60Y89         LUT3 (Prop_lut3_I1_O)        0.153    48.913 f  y[7]_i_1653/O
                         net (fo=2, routed)           0.821    49.734    y[7]_i_1653_n_0
    SLICE_X62Y88         LUT6 (Prop_lut6_I5_O)        0.327    50.061 r  y[7]_i_1438/O
                         net (fo=1, routed)           0.513    50.574    y[7]_i_1438_n_0
    SLICE_X61Y88         CARRY4 (Prop_carry4_DI[1]_CO[3])
                                                      0.507    51.081 r  y_reg[7]_i_1225/CO[3]
                         net (fo=16, routed)          0.763    51.843    y_reg[7]_i_1225_n_0
    SLICE_X62Y88         LUT5 (Prop_lut5_I3_O)        0.124    51.967 r  y[3]_i_142/O
                         net (fo=4, routed)           1.159    53.126    y[3]_i_142_n_0
    SLICE_X61Y92         LUT4 (Prop_lut4_I0_O)        0.124    53.250 r  y[7]_i_1223/O
                         net (fo=1, routed)           0.000    53.250    y[7]_i_1223_n_0
    SLICE_X61Y92         CARRY4 (Prop_carry4_S[1]_CO[3])
                                                      0.550    53.800 r  y_reg[7]_i_988/CO[3]
                         net (fo=16, routed)          0.961    54.761    y_reg[7]_i_988_n_0
    SLICE_X62Y92         LUT3 (Prop_lut3_I1_O)        0.149    54.910 r  y[7]_i_753/O
                         net (fo=4, routed)           0.839    55.749    y[7]_i_753_n_0
    SLICE_X58Y91         LUT6 (Prop_lut6_I3_O)        0.355    56.104 r  y[7]_i_979/O
                         net (fo=1, routed)           0.541    56.645    y[7]_i_979_n_0
    SLICE_X57Y91         CARRY4 (Prop_carry4_DI[3]_CO[3])
                                                      0.385    57.030 r  y_reg[7]_i_752/CO[3]
                         net (fo=20, routed)          0.896    57.927    y_reg[7]_i_752_n_0
    SLICE_X58Y91         LUT5 (Prop_lut5_I3_O)        0.116    58.043 r  y[3]_i_87/O
                         net (fo=7, routed)           1.169    59.211    y[3]_i_87_n_0
    SLICE_X56Y93         LUT4 (Prop_lut4_I0_O)        0.328    59.539 r  y[7]_i_747/O
                         net (fo=1, routed)           0.000    59.539    y[7]_i_747_n_0
    SLICE_X56Y93         CARRY4 (Prop_carry4_S[1]_CO[3])
                                                      0.550    60.089 r  y_reg[7]_i_541/CO[3]
                         net (fo=40, routed)          1.297    61.387    y_reg[7]_i_541_n_0
    SLICE_X56Y92         LUT3 (Prop_lut3_I1_O)        0.124    61.511 r  y[1]_i_61/O
                         net (fo=7, routed)           1.112    62.623    y[1]_i_61_n_0
    SLICE_X53Y92         LUT6 (Prop_lut6_I3_O)        0.124    62.747 r  y[7]_i_535/O
                         net (fo=1, routed)           0.520    63.267    y[7]_i_535_n_0
    SLICE_X53Y93         CARRY4 (Prop_carry4_DI[0]_CO[3])
                                                      0.526    63.793 r  y_reg[7]_i_350/CO[3]
                         net (fo=28, routed)          1.270    65.063    y_reg[7]_i_350_n_0
    SLICE_X54Y92         LUT5 (Prop_lut5_I4_O)        0.150    65.213 f  y[7]_i_527/O
                         net (fo=7, routed)           0.705    65.918    y[7]_i_527_n_0
    SLICE_X52Y91         LUT6 (Prop_lut6_I5_O)        0.348    66.266 r  y[7]_i_545/O
                         net (fo=1, routed)           0.660    66.926    y[7]_i_545_n_0
    SLICE_X52Y92         CARRY4 (Prop_carry4_DI[1]_CO[3])
                                                      0.507    67.433 r  y_reg[7]_i_353/CO[3]
                         net (fo=28, routed)          1.213    68.647    y_reg[7]_i_353_n_0
    SLICE_X52Y94         LUT3 (Prop_lut3_I2_O)        0.152    68.799 r  y[6]_i_59/O
                         net (fo=7, routed)           0.707    69.506    y[6]_i_59_n_0
    SLICE_X53Y95         LUT6 (Prop_lut6_I4_O)        0.332    69.838 r  y[7]_i_645/O
                         net (fo=1, routed)           0.470    70.308    y[7]_i_645_n_0
    SLICE_X53Y96         CARRY4 (Prop_carry4_DI[3]_CO[3])
                                                      0.385    70.693 r  y_reg[7]_i_430/CO[3]
                         net (fo=28, routed)          1.269    71.962    y_reg[7]_i_430_n_0
    SLICE_X53Y95         LUT5 (Prop_lut5_I4_O)        0.124    72.086 r  y[7]_i_256/O
                         net (fo=7, routed)           0.853    72.939    y[7]_i_256_n_0
    SLICE_X51Y95         LUT6 (Prop_lut6_I3_O)        0.124    73.063 r  y[7]_i_418/O
                         net (fo=1, routed)           0.401    73.465    y[7]_i_418_n_0
    SLICE_X50Y95         CARRY4 (Prop_carry4_DI[3]_CO[3])
                                                      0.396    73.861 r  y_reg[7]_i_255/CO[3]
                         net (fo=28, routed)          1.003    74.864    y_reg[7]_i_255_n_0
    SLICE_X50Y96         LUT5 (Prop_lut5_I4_O)        0.124    74.988 f  y[0]_i_49/O
                         net (fo=4, routed)           0.604    75.592    y[0]_i_49_n_0
    SLICE_X48Y95         LUT6 (Prop_lut6_I5_O)        0.124    75.716 r  y[7]_i_434/O
                         net (fo=1, routed)           0.568    76.284    y[7]_i_434_n_0
    SLICE_X49Y95         CARRY4 (Prop_carry4_DI[0]_CO[3])
                                                      0.526    76.810 r  y_reg[7]_i_258/CO[3]
                         net (fo=16, routed)          1.197    78.007    y_reg[7]_i_258_n_0
    SLICE_X48Y96         LUT5 (Prop_lut5_I3_O)        0.150    78.157 r  y[3]_i_33/O
                         net (fo=6, routed)           0.960    79.117    y[3]_i_33_n_0
    SLICE_X49Y98         LUT4 (Prop_lut4_I0_O)        0.326    79.443 r  y[7]_i_296/O
                         net (fo=1, routed)           0.000    79.443    y[7]_i_296_n_0
    SLICE_X49Y98         CARRY4 (Prop_carry4_S[1]_CO[3])
                                                      0.550    79.993 r  y_reg[7]_i_165/CO[3]
                         net (fo=16, routed)          1.105    81.098    y_reg[7]_i_165_n_0
    SLICE_X47Y100        LUT3 (Prop_lut3_I1_O)        0.118    81.216 r  y[3]_i_18/O
                         net (fo=7, routed)           0.993    82.210    y[3]_i_18_n_0
    SLICE_X45Y99         LUT4 (Prop_lut4_I1_O)        0.326    82.536 r  y[7]_i_162/O
                         net (fo=1, routed)           0.000    82.536    y[7]_i_162_n_0
    SLICE_X45Y99         CARRY4 (Prop_carry4_S[1]_CO[3])
                                                      0.550    83.086 r  y_reg[7]_i_64/CO[3]
                         net (fo=24, routed)          1.304    84.390    y_reg[7]_i_64_n_0
    SLICE_X45Y101        LUT3 (Prop_lut3_I1_O)        0.150    84.540 r  y[7]_i_90/O
                         net (fo=5, routed)           0.834    85.374    y[7]_i_90_n_0
    SLICE_X44Y99         LUT4 (Prop_lut4_I1_O)        0.326    85.700 r  y[7]_i_152/O
                         net (fo=1, routed)           0.000    85.700    y[7]_i_152_n_0
    SLICE_X44Y99         CARRY4 (Prop_carry4_S[3]_CO[3])
                                                      0.401    86.101 r  y_reg[7]_i_62/CO[3]
                         net (fo=16, routed)          1.536    87.637    p_4_in
    SLICE_X45Y100        LUT5 (Prop_lut5_I1_O)        0.152    87.789 r  y[0]_i_7/O
                         net (fo=6, routed)           0.837    88.626    y[0]_i_7_n_0
    SLICE_X41Y100        LUT4 (Prop_lut4_I3_O)        0.326    88.952 r  y[7]_i_81/O
                         net (fo=1, routed)           0.000    88.952    y[7]_i_81_n_0
    SLICE_X41Y100        CARRY4 (Prop_carry4_S[0]_CO[3])
                                                      0.532    89.484 r  y_reg[7]_i_22/CO[3]
                         net (fo=16, routed)          1.200    90.684    y_reg[7]_i_22_n_0
    SLICE_X41Y101        LUT3 (Prop_lut3_I1_O)        0.152    90.836 r  y[1]_i_5/O
                         net (fo=5, routed)           0.783    91.619    y[1]_i_5_n_0
    SLICE_X37Y100        LUT4 (Prop_lut4_I0_O)        0.326    91.945 r  y[7]_i_54/O
                         net (fo=1, routed)           0.000    91.945    y[7]_i_54_n_0
    SLICE_X37Y100        CARRY4 (Prop_carry4_S[0]_CO[3])
                                                      0.532    92.477 r  y_reg[7]_i_10/CO[3]
                         net (fo=8, routed)           1.160    93.637    y_reg[7]_i_10_n_0
    SLICE_X38Y101        LUT6 (Prop_lut6_I4_O)        0.124    93.761 r  y[1]_i_2/O
                         net (fo=3, routed)           0.668    94.428    y[1]_i_2_n_0
    SLICE_X39Y101        LUT4 (Prop_lut4_I0_O)        0.124    94.552 r  y[7]_i_19/O
                         net (fo=1, routed)           0.000    94.552    y[7]_i_19_n_0
    SLICE_X39Y101        CARRY4 (Prop_carry4_S[0]_CO[3])
                                                      0.532    95.084 r  y_reg[7]_i_4/CO[3]
                         net (fo=8, routed)           0.893    95.977    s1
    SLICE_X39Y102        LUT3 (Prop_lut3_I2_O)        0.124    96.101 r  y[4]_i_1/O
                         net (fo=1, routed)           0.000    96.101    y[4]_i_1_n_0
    SLICE_X39Y102        FDRE                                         r  y_reg[4]/D
  -------------------------------------------------------------------    -------------------

                         (clock vclk rise edge)      95.526    95.526 r  <hidden>
                                                      0.000    95.526 r  clk
                         net (fo=167, unset)          0.924    96.450    clk
    SLICE_X39Y102        FDRE                                         r  y_reg[4]/C
                         clock pessimism              0.000    96.450    <hidden>
                         clock uncertainty           -0.035    96.415    <hidden>
    SLICE_X39Y102        FDRE (Setup_fdre_C_D)        0.031    96.446    y_reg[4]
  -------------------------------------------------------------------
                         required time                         96.446    <hidden>
                         arrival time                         -96.101    <hidden>
  -------------------------------------------------------------------
                         slack                                  0.345    <hidden>

Slack (MET) :             0.347ns  (required time - arrival time)
  Source:                 w0_reg[3]/C
                            (rising edge-triggered cell FDRE clocked by vclk  {rise@0.000ns fall@47.763ns period=95.526ns})
  Destination:            y_reg[6]/D
                            (rising edge-triggered cell FDRE clocked by vclk  {rise@0.000ns fall@47.763ns period=95.526ns})
  Path Group:             vclk
  Path Type:              Setup (Max at Slow Process Corner)
  Requirement:            95.526ns  (vclk rise@95.526ns - vclk rise@0.000ns)
  Data Path Delay:        95.127ns  (logic 27.410ns (28.814%)  route 67.717ns (71.186%))
  Logic Levels:           90  (CARRY4=30 LUT3=14 LUT4=14 LUT5=14 LUT6=18)
  Clock Path Skew:        -0.049ns (DCD - SCD + CPR)
    Destination Clock Delay (DCD):    0.924ns = ( 96.450 - 95.526 ) 
    Source Clock Delay      (SCD):    0.973ns
    Clock Pessimism Removal (CPR):    0.000ns
  Clock Uncertainty:      0.035ns  ((TSJ^2 + TIJ^2)^1/2 + DJ) / 2 + PE
    Total System Jitter     (TSJ):    0.071ns
    Total Input Jitter      (TIJ):    0.000ns
    Discrete Jitter          (DJ):    0.000ns
    Phase Error              (PE):    0.000ns

    Location             Delay type                Incr(ns)  Path(ns)    Netlist Resource(s)
  -------------------------------------------------------------------    -------------------
                         (clock vclk rise edge)       0.000     0.000 r  <hidden>
                                                      0.000     0.000 r  clk
                         net (fo=167, unset)          0.973     0.973    clk
    SLICE_X65Y73         FDRE                                         r  w0_reg[3]/C
  -------------------------------------------------------------------    -------------------
    SLICE_X65Y73         FDRE (Prop_fdre_C_Q)         0.456     1.429 r  w0_reg[3]/Q
                         net (fo=11, routed)          0.857     2.286    w0[3]
    SLICE_X65Y73         LUT4 (Prop_lut4_I0_O)        0.124     2.410 r  y[7]_i_2014/O
                         net (fo=1, routed)           0.000     2.410    y[7]_i_2014_n_0
    SLICE_X65Y73         CARRY4 (Prop_carry4_S[1]_CO[3])
                                                      0.550     2.960 r  y_reg[7]_i_1914/CO[3]
                         net (fo=64, routed)          1.253     4.212    y_reg[7]_i_1914_n_0
    SLICE_X65Y72         LUT3 (Prop_lut3_I1_O)        0.152     4.364 r  y[7]_i_2103/O
                         net (fo=1, routed)           0.267     4.631    y[7]_i_2103_n_0
    SLICE_X65Y72         LUT6 (Prop_lut6_I1_O)        0.332     4.963 r  y[7]_i_2019/O
                         net (fo=1, routed)           0.528     5.491    y[7]_i_2019_n_0
    SLICE_X62Y72         CARRY4 (Prop_carry4_DI[0]_CO[3])
                                                      0.550     6.041 r  y_reg[7]_i_1915/CO[3]
                         net (fo=40, routed)          1.231     7.272    y_reg[7]_i_1915_n_0
    SLICE_X64Y74         LUT5 (Prop_lut5_I3_O)        0.150     7.422 f  y[7]_i_2085/O
                         net (fo=1, routed)           0.767     8.189    y[7]_i_2085_n_0
    SLICE_X64Y72         LUT6 (Prop_lut6_I1_O)        0.326     8.515 r  y[7]_i_2000/O
                         net (fo=1, routed)           0.599     9.113    y[7]_i_2000_n_0
    SLICE_X64Y73         CARRY4 (Prop_carry4_DI[3]_CO[3])
                                                      0.385     9.498 r  y_reg[7]_i_1913/CO[3]
                         net (fo=16, routed)          1.281    10.779    y_reg[7]_i_1913_n_0
    SLICE_X63Y75         LUT6 (Prop_lut6_I2_O)        0.124    10.903 r  y[7]_i_2111/O
                         net (fo=4, routed)           0.596    11.500    y[7]_i_2111_n_0
    SLICE_X63Y74         LUT6 (Prop_lut6_I2_O)        0.124    11.624 r  y[7]_i_2035/O
                         net (fo=1, routed)           0.544    12.167    y[7]_i_2035_n_0
    SLICE_X62Y74         CARRY4 (Prop_carry4_DI[0]_CO[3])
                                                      0.550    12.717 r  y_reg[7]_i_1925/CO[3]
                         net (fo=16, routed)          1.414    14.132    y_reg[7]_i_1925_n_0
    SLICE_X62Y75         LUT5 (Prop_lut5_I3_O)        0.150    14.282 r  y[1]_i_227/O
                         net (fo=4, routed)           0.743    15.025    y[1]_i_227_n_0
    SLICE_X61Y77         LUT4 (Prop_lut4_I1_O)        0.328    15.353 r  y[7]_i_2063/O
                         net (fo=1, routed)           0.000    15.353    y[7]_i_2063_n_0
    SLICE_X61Y77         CARRY4 (Prop_carry4_S[0]_CO[3])
                                                      0.532    15.885 r  y_reg[7]_i_1949/CO[3]
                         net (fo=16, routed)          0.937    16.822    y_reg[7]_i_1949_n_0
    SLICE_X61Y76         LUT3 (Prop_lut3_I1_O)        0.124    16.946 f  y[1]_i_219/O
                         net (fo=5, routed)           0.844    17.790    y[1]_i_219_n_0
    SLICE_X65Y76         LUT6 (Prop_lut6_I3_O)        0.124    17.914 r  y[7]_i_1943/O
                         net (fo=1, routed)           0.613    18.527    y[7]_i_1943_n_0
    SLICE_X65Y77         CARRY4 (Prop_carry4_DI[0]_CO[3])
                                                      0.526    19.053 r  y_reg[7]_i_1811/CO[3]
                         net (fo=32, routed)          1.628    20.681    y_reg[7]_i_1811_n_0
    SLICE_X62Y78         LUT3 (Prop_lut3_I1_O)        0.152    20.833 r  y[7]_i_1961/O
                         net (fo=8, routed)           0.587    21.419    y[7]_i_1961_n_0
    SLICE_X61Y78         LUT4 (Prop_lut4_I3_O)        0.348    21.767 r  y[7]_i_1889/O
                         net (fo=1, routed)           0.000    21.767    y[7]_i_1889_n_0
    SLICE_X61Y78         CARRY4 (Prop_carry4_S[3]_CO[3])
                                                      0.401    22.168 r  y_reg[7]_i_1770/CO[3]
                         net (fo=56, routed)          1.074    23.243    y_reg[7]_i_1770_n_0
    SLICE_X60Y78         LUT3 (Prop_lut3_I1_O)        0.152    23.395 f  y[7]_i_2065/O
                         net (fo=2, routed)           0.600    23.994    y[7]_i_2065_n_0
    SLICE_X62Y78         LUT6 (Prop_lut6_I5_O)        0.332    24.326 r  y[7]_i_1952/O
                         net (fo=1, routed)           0.190    24.516    y[7]_i_1952_n_0
    SLICE_X63Y78         CARRY4 (Prop_carry4_DI[2]_CO[3])
                                                      0.398    24.914 r  y_reg[7]_i_1822/CO[3]
                         net (fo=16, routed)          1.173    26.086    y_reg[7]_i_1822_n_0
    SLICE_X62Y79         LUT5 (Prop_lut5_I1_O)        0.153    26.239 f  y[7]_i_1907/O
                         net (fo=4, routed)           0.622    26.861    y[7]_i_1907_n_0
    SLICE_X65Y80         LUT6 (Prop_lut6_I5_O)        0.331    27.192 r  y[7]_i_1814/O
                         net (fo=1, routed)           0.472    27.664    y[7]_i_1814_n_0
    SLICE_X65Y79         CARRY4 (Prop_carry4_DI[2]_CO[3])
                                                      0.398    28.062 r  y_reg[7]_i_1633/CO[3]
                         net (fo=16, routed)          0.816    28.878    y_reg[7]_i_1633_n_0
    SLICE_X64Y79         LUT5 (Prop_lut5_I4_O)        0.118    28.996 r  y[1]_i_199/O
                         net (fo=5, routed)           1.013    30.008    y[1]_i_199_n_0
    SLICE_X64Y81         LUT4 (Prop_lut4_I0_O)        0.326    30.334 r  y[7]_i_1732/O
                         net (fo=1, routed)           0.000    30.334    y[7]_i_1732_n_0
    SLICE_X64Y81         CARRY4 (Prop_carry4_S[0]_CO[3])
                                                      0.532    30.866 r  y_reg[7]_i_1571/CO[3]
                         net (fo=32, routed)          0.969    31.836    y_reg[7]_i_1571_n_0
    SLICE_X64Y82         LUT3 (Prop_lut3_I1_O)        0.150    31.986 f  y[3]_i_189/O
                         net (fo=6, routed)           0.616    32.602    y[3]_i_189_n_0
    SLICE_X64Y83         LUT6 (Prop_lut6_I4_O)        0.326    32.928 r  y[7]_i_1637/O
                         net (fo=1, routed)           0.750    33.678    y[7]_i_1637_n_0
    SLICE_X65Y83         CARRY4 (Prop_carry4_DI[1]_CO[3])
                                                      0.507    34.185 r  y_reg[7]_i_1432/CO[3]
                         net (fo=28, routed)          1.401    35.586    y_reg[7]_i_1432_n_0
    SLICE_X62Y82         LUT5 (Prop_lut5_I3_O)        0.146    35.732 r  y[1]_i_204/O
                         net (fo=4, routed)           0.838    36.569    y[1]_i_204_n_0
    SLICE_X61Y83         LUT6 (Prop_lut6_I3_O)        0.328    36.897 r  y[7]_i_1783/O
                         net (fo=1, routed)           0.622    37.519    y[7]_i_1783_n_0
    SLICE_X62Y83         CARRY4 (Prop_carry4_DI[0]_CO[3])
                                                      0.550    38.069 r  y_reg[7]_i_1620/CO[3]
                         net (fo=16, routed)          0.972    39.041    y_reg[7]_i_1620_n_0
    SLICE_X61Y84         LUT5 (Prop_lut5_I1_O)        0.120    39.161 f  y[3]_i_190/O
                         net (fo=4, routed)           0.668    39.830    y[3]_i_190_n_0
    SLICE_X63Y84         LUT6 (Prop_lut6_I3_O)        0.327    40.157 r  y[7]_i_1645/O
                         net (fo=1, routed)           0.480    40.637    y[7]_i_1645_n_0
    SLICE_X64Y84         CARRY4 (Prop_carry4_DI[1]_CO[3])
                                                      0.507    41.144 r  y_reg[7]_i_1435/CO[3]
                         net (fo=16, routed)          1.031    42.175    y_reg[7]_i_1435_n_0
    SLICE_X62Y84         LUT5 (Prop_lut5_I4_O)        0.124    42.299 r  y[1]_i_165/O
                         net (fo=5, routed)           1.161    43.460    y[1]_i_165_n_0
    SLICE_X62Y86         LUT4 (Prop_lut4_I0_O)        0.124    43.584 r  y[7]_i_1430/O
                         net (fo=1, routed)           0.000    43.584    y[7]_i_1430_n_0
    SLICE_X62Y86         CARRY4 (Prop_carry4_S[0]_CO[3])
                                                      0.513    44.097 r  y_reg[7]_i_1215/CO[3]
                         net (fo=32, routed)          1.260    45.357    y_reg[7]_i_1215_n_0
    SLICE_X62Y87         LUT3 (Prop_lut3_I1_O)        0.153    45.510 r  y[7]_i_970/O
                         net (fo=10, routed)          1.206    46.716    y[7]_i_970_n_0
    SLICE_X59Y88         LUT4 (Prop_lut4_I0_O)        0.331    47.047 r  y[7]_i_1210/O
                         net (fo=1, routed)           0.000    47.047    y[7]_i_1210_n_0
    SLICE_X59Y88         CARRY4 (Prop_carry4_S[3]_CO[3])
                                                      0.401    47.448 r  y_reg[7]_i_969/CO[3]
                         net (fo=56, routed)          1.312    48.760    y_reg[7]_i_969_n_0
    SLICE_X60Y89         LUT3 (Prop_lut3_I1_O)        0.153    48.913 f  y[7]_i_1653/O
                         net (fo=2, routed)           0.821    49.734    y[7]_i_1653_n_0
    SLICE_X62Y88         LUT6 (Prop_lut6_I5_O)        0.327    50.061 r  y[7]_i_1438/O
                         net (fo=1, routed)           0.513    50.574    y[7]_i_1438_n_0
    SLICE_X61Y88         CARRY4 (Prop_carry4_DI[1]_CO[3])
                                                      0.507    51.081 r  y_reg[7]_i_1225/CO[3]
                         net (fo=16, routed)          0.763    51.843    y_reg[7]_i_1225_n_0
    SLICE_X62Y88         LUT5 (Prop_lut5_I3_O)        0.124    51.967 r  y[3]_i_142/O
                         net (fo=4, routed)           1.159    53.126    y[3]_i_142_n_0
    SLICE_X61Y92         LUT4 (Prop_lut4_I0_O)        0.124    53.250 r  y[7]_i_1223/O
                         net (fo=1, routed)           0.000    53.250    y[7]_i_1223_n_0
    SLICE_X61Y92         CARRY4 (Prop_carry4_S[1]_CO[3])
                                                      0.550    53.800 r  y_reg[7]_i_988/CO[3]
                         net (fo=16, routed)          0.961    54.761    y_reg[7]_i_988_n_0
    SLICE_X62Y92         LUT3 (Prop_lut3_I1_O)        0.149    54.910 r  y[7]_i_753/O
                         net (fo=4, routed)           0.839    55.749    y[7]_i_753_n_0
    SLICE_X58Y91         LUT6 (Prop_lut6_I3_O)        0.355    56.104 r  y[7]_i_979/O
                         net (fo=1, routed)           0.541    56.645    y[7]_i_979_n_0
    SLICE_X57Y91         CARRY4 (Prop_carry4_DI[3]_CO[3])
                                                      0.385    57.030 r  y_reg[7]_i_752/CO[3]
                         net (fo=20, routed)          0.896    57.927    y_reg[7]_i_752_n_0
    SLICE_X58Y91         LUT5 (Prop_lut5_I3_O)        0.116    58.043 r  y[3]_i_87/O
                         net (fo=7, routed)           1.169    59.211    y[3]_i_87_n_0
    SLICE_X56Y93         LUT4 (Prop_lut4_I0_O)        0.328    59.539 r  y[7]_i_747/O
                         net (fo=1, routed)           0.000    59.539    y[7]_i_747_n_0
    SLICE_X56Y93         CARRY4 (Prop_carry4_S[1]_CO[3])
                                                      0.550    60.089 r  y_reg[7]_i_541/CO[3]
                         net (fo=40, routed)          1.297    61.387    y_reg[7]_i_541_n_0
    SLICE_X56Y92         LUT3 (Prop_lut3_I1_O)        0.124    61.511 r  y[1]_i_61/O
                         net (fo=7, routed)           1.112    62.623    y[1]_i_61_n_0
    SLICE_X53Y92         LUT6 (Prop_lut6_I3_O)        0.124    62.747 r  y[7]_i_535/O
                         net (fo=1, routed)           0.520    63.267    y[7]_i_535_n_0
    SLICE_X53Y93         CARRY4 (Prop_carry4_DI[0]_CO[3])
                                                      0.526    63.793 r  y_reg[7]_i_350/CO[3]
                         net (fo=28, routed)          1.270    65.063    y_reg[7]_i_350_n_0
    SLICE_X54Y92         LUT5 (Prop_lut5_I4_O)        0.150    65.213 f  y[7]_i_527/O
                         net (fo=7, routed)           0.705    65.918    y[7]_i_527_n_0
    SLICE_X52Y91         LUT6 (Prop_lut6_I5_O)        0.348    66.266 r  y[7]_i_545/O
                         net (fo=1, routed)           0.660    66.926    y[7]_i_545_n_0
    SLICE_X52Y92         CARRY4 (Prop_carry4_DI[1]_CO[3])
                                                      0.507    67.433 r  y_reg[7]_i_353/CO[3]
                         net (fo=28, routed)          1.213    68.647    y_reg[7]_i_353_n_0
    SLICE_X52Y94         LUT3 (Prop_lut3_I2_O)        0.152    68.799 r  y[6]_i_59/O
                         net (fo=7, routed)           0.707    69.506    y[6]_i_59_n_0
    SLICE_X53Y95         LUT6 (Prop_lut6_I4_O)        0.332    69.838 r  y[7]_i_645/O
                         net (fo=1, routed)           0.470    70.308    y[7]_i_645_n_0
    SLICE_X53Y96         CARRY4 (Prop_carry4_DI[3]_CO[3])
                                                      0.385    70.693 r  y_reg[7]_i_430/CO[3]
                         net (fo=28, routed)          1.269    71.962    y_reg[7]_i_430_n_0
    SLICE_X53Y95         LUT5 (Prop_lut5_I4_O)        0.124    72.086 r  y[7]_i_256/O
                         net (fo=7, routed)           0.853    72.939    y[7]_i_256_n_0
    SLICE_X51Y95         LUT6 (Prop_lut6_I3_O)        0.124    73.063 r  y[7]_i_418/O
                         net (fo=1, routed)           0.401    73.465    y[7]_i_418_n_0
    SLICE_X50Y95         CARRY4 (Prop_carry4_DI[3]_CO[3])
                                                      0.396    73.861 r  y_reg[7]_i_255/CO[3]
                         net (fo=28, routed)          1.003    74.864    y_reg[7]_i_255_n_0
    SLICE_X50Y96         LUT5 (Prop_lut5_I4_O)        0.124    74.988 f  y[0]_i_49/O
                         net (fo=4, routed)           0.604    75.592    y[0]_i_49_n_0
    SLICE_X48Y95         LUT6 (Prop_lut6_I5_O)        0.124    75.716 r  y[7]_i_434/O
                         net (fo=1, routed)           0.568    76.284    y[7]_i_434_n_0
    SLICE_X49Y95         CARRY4 (Prop_carry4_DI[0]_CO[3])
                                                      0.526    76.810 r  y_reg[7]_i_258/CO[3]
                         net (fo=16, routed)          1.197    78.007    y_reg[7]_i_258_n_0
    SLICE_X48Y96         LUT5 (Prop_lut5_I3_O)        0.150    78.157 r  y[3]_i_33/O
                         net (fo=6, routed)           0.960    79.117    y[3]_i_33_n_0
    SLICE_X49Y98         LUT4 (Prop_lut4_I0_O)        0.326    79.443 r  y[7]_i_296/O
                         net (fo=1, routed)           0.000    79.443    y[7]_i_296_n_0
    SLICE_X49Y98         CARRY4 (Prop_carry4_S[1]_CO[3])
                                                      0.550    79.993 r  y_reg[7]_i_165/CO[3]
                         net (fo=16, routed)          1.105    81.098    y_reg[7]_i_165_n_0
    SLICE_X47Y100        LUT3 (Prop_lut3_I1_O)        0.118    81.216 r  y[3]_i_18/O
                         net (fo=7, routed)           0.993    82.210    y[3]_i_18_n_0
    SLICE_X45Y99         LUT4 (Prop_lut4_I1_O)        0.326    82.536 r  y[7]_i_162/O
                         net (fo=1, routed)           0.000    82.536    y[7]_i_162_n_0
    SLICE_X45Y99         CARRY4 (Prop_carry4_S[1]_CO[3])
                                                      0.550    83.086 r  y_reg[7]_i_64/CO[3]
                         net (fo=24, routed)          1.304    84.390    y_reg[7]_i_64_n_0
    SLICE_X45Y101        LUT3 (Prop_lut3_I1_O)        0.150    84.540 r  y[7]_i_90/O
                         net (fo=5, routed)           0.834    85.374    y[7]_i_90_n_0
    SLICE_X44Y99         LUT4 (Prop_lut4_I1_O)        0.326    85.700 r  y[7]_i_152/O
                         net (fo=1, routed)           0.000    85.700    y[7]_i_152_n_0
    SLICE_X44Y99         CARRY4 (Prop_carry4_S[3]_CO[3])
                                                      0.401    86.101 r  y_reg[7]_i_62/CO[3]
                         net (fo=16, routed)          1.536    87.637    p_4_in
    SLICE_X45Y100        LUT5 (Prop_lut5_I1_O)        0.152    87.789 r  y[0]_i_7/O
                         net (fo=6, routed)           0.837    88.626    y[0]_i_7_n_0
    SLICE_X41Y100        LUT4 (Prop_lut4_I3_O)        0.326    88.952 r  y[7]_i_81/O
                         net (fo=1, routed)           0.000    88.952    y[7]_i_81_n_0
    SLICE_X41Y100        CARRY4 (Prop_carry4_S[0]_CO[3])
                                                      0.532    89.484 r  y_reg[7]_i_22/CO[3]
                         net (fo=16, routed)          1.200    90.684    y_reg[7]_i_22_n_0
    SLICE_X41Y101        LUT3 (Prop_lut3_I1_O)        0.152    90.836 r  y[1]_i_5/O
                         net (fo=5, routed)           0.783    91.619    y[1]_i_5_n_0
    SLICE_X37Y100        LUT4 (Prop_lut4_I0_O)        0.326    91.945 r  y[7]_i_54/O
                         net (fo=1, routed)           0.000    91.945    y[7]_i_54_n_0
    SLICE_X37Y100        CARRY4 (Prop_carry4_S[0]_CO[3])
                                                      0.532    92.477 r  y_reg[7]_i_10/CO[3]
                         net (fo=8, routed)           1.160    93.637    y_reg[7]_i_10_n_0
    SLICE_X38Y101        LUT6 (Prop_lut6_I4_O)        0.124    93.761 r  y[1]_i_2/O
                         net (fo=3, routed)           0.668    94.428    y[1]_i_2_n_0
    SLICE_X39Y101        LUT4 (Prop_lut4_I0_O)        0.124    94.552 r  y[7]_i_19/O
                         net (fo=1, routed)           0.000    94.552    y[7]_i_19_n_0
    SLICE_X39Y101        CARRY4 (Prop_carry4_S[0]_CO[3])
                                                      0.532    95.084 r  y_reg[7]_i_4/CO[3]
                         net (fo=8, routed)           0.892    95.976    s1
    SLICE_X39Y102        LUT3 (Prop_lut3_I2_O)        0.124    96.100 r  y[6]_i_1/O
                         net (fo=1, routed)           0.000    96.100    y[6]_i_1_n_0
    SLICE_X39Y102        FDRE                                         r  y_reg[6]/D
  -------------------------------------------------------------------    -------------------

                         (clock vclk rise edge)      95.526    95.526 r  <hidden>
                                                      0.000    95.526 r  clk
                         net (fo=167, unset)          0.924    96.450    clk
    SLICE_X39Y102        FDRE                                         r  y_reg[6]/C
                         clock pessimism              0.000    96.450    <hidden>
                         clock uncertainty           -0.035    96.415    <hidden>
    SLICE_X39Y102        FDRE (Setup_fdre_C_D)        0.032    96.447    y_reg[6]
  -------------------------------------------------------------------
                         required time                         96.447    <hidden>
                         arrival time                         -96.100    <hidden>
  -------------------------------------------------------------------
                         slack                                  0.347    <hidden>

Slack (MET) :             0.354ns  (required time - arrival time)
  Source:                 w0_reg[3]/C
                            (rising edge-triggered cell FDRE clocked by vclk  {rise@0.000ns fall@47.763ns period=95.526ns})
  Destination:            y_reg[0]/D
                            (rising edge-triggered cell FDRE clocked by vclk  {rise@0.000ns fall@47.763ns period=95.526ns})
  Path Group:             vclk
  Path Type:              Setup (Max at Slow Process Corner)
  Requirement:            95.526ns  (vclk rise@95.526ns - vclk rise@0.000ns)
  Data Path Delay:        95.117ns  (logic 27.410ns (28.817%)  route 67.707ns (71.183%))
  Logic Levels:           90  (CARRY4=30 LUT3=14 LUT4=14 LUT5=14 LUT6=18)
  Clock Path Skew:        -0.049ns (DCD - SCD + CPR)
    Destination Clock Delay (DCD):    0.924ns = ( 96.450 - 95.526 ) 
    Source Clock Delay      (SCD):    0.973ns
    Clock Pessimism Removal (CPR):    0.000ns
  Clock Uncertainty:      0.035ns  ((TSJ^2 + TIJ^2)^1/2 + DJ) / 2 + PE
    Total System Jitter     (TSJ):    0.071ns
    Total Input Jitter      (TIJ):    0.000ns
    Discrete Jitter          (DJ):    0.000ns
    Phase Error              (PE):    0.000ns

    Location             Delay type                Incr(ns)  Path(ns)    Netlist Resource(s)
  -------------------------------------------------------------------    -------------------
                         (clock vclk rise edge)       0.000     0.000 r  <hidden>
                                                      0.000     0.000 r  clk
                         net (fo=167, unset)          0.973     0.973    clk
    SLICE_X65Y73         FDRE                                         r  w0_reg[3]/C
  -------------------------------------------------------------------    -------------------
    SLICE_X65Y73         FDRE (Prop_fdre_C_Q)         0.456     1.429 r  w0_reg[3]/Q
                         net (fo=11, routed)          0.857     2.286    w0[3]
    SLICE_X65Y73         LUT4 (Prop_lut4_I0_O)        0.124     2.410 r  y[7]_i_2014/O
                         net (fo=1, routed)           0.000     2.410    y[7]_i_2014_n_0
    SLICE_X65Y73         CARRY4 (Prop_carry4_S[1]_CO[3])
                                                      0.550     2.960 r  y_reg[7]_i_1914/CO[3]
                         net (fo=64, routed)          1.253     4.212    y_reg[7]_i_1914_n_0
    SLICE_X65Y72         LUT3 (Prop_lut3_I1_O)        0.152     4.364 r  y[7]_i_2103/O
                         net (fo=1, routed)           0.267     4.631    y[7]_i_2103_n_0
    SLICE_X65Y72         LUT6 (Prop_lut6_I1_O)        0.332     4.963 r  y[7]_i_2019/O
                         net (fo=1, routed)           0.528     5.491    y[7]_i_2019_n_0
    SLICE_X62Y72         CARRY4 (Prop_carry4_DI[0]_CO[3])
                                                      0.550     6.041 r  y_reg[7]_i_1915/CO[3]
                         net (fo=40, routed)          1.231     7.272    y_reg[7]_i_1915_n_0
    SLICE_X64Y74         LUT5 (Prop_lut5_I3_O)        0.150     7.422 f  y[7]_i_2085/O
                         net (fo=1, routed)           0.767     8.189    y[7]_i_2085_n_0
    SLICE_X64Y72         LUT6 (Prop_lut6_I1_O)        0.326     8.515 r  y[7]_i_2000/O
                         net (fo=1, routed)           0.599     9.113    y[7]_i_2000_n_0
    SLICE_X64Y73         CARRY4 (Prop_carry4_DI[3]_CO[3])
                                                      0.385     9.498 r  y_reg[7]_i_1913/CO[3]
                         net (fo=16, routed)          1.281    10.779    y_reg[7]_i_1913_n_0
    SLICE_X63Y75         LUT6 (Prop_lut6_I2_O)        0.124    10.903 r  y[7]_i_2111/O
                         net (fo=4, routed)           0.596    11.500    y[7]_i_2111_n_0
    SLICE_X63Y74         LUT6 (Prop_lut6_I2_O)        0.124    11.624 r  y[7]_i_2035/O
                         net (fo=1, routed)           0.544    12.167    y[7]_i_2035_n_0
    SLICE_X62Y74         CARRY4 (Prop_carry4_DI[0]_CO[3])
                                                      0.550    12.717 r  y_reg[7]_i_1925/CO[3]
                         net (fo=16, routed)          1.414    14.132    y_reg[7]_i_1925_n_0
    SLICE_X62Y75         LUT5 (Prop_lut5_I3_O)        0.150    14.282 r  y[1]_i_227/O
                         net (fo=4, routed)           0.743    15.025    y[1]_i_227_n_0
    SLICE_X61Y77         LUT4 (Prop_lut4_I1_O)        0.328    15.353 r  y[7]_i_2063/O
                         net (fo=1, routed)           0.000    15.353    y[7]_i_2063_n_0
    SLICE_X61Y77         CARRY4 (Prop_carry4_S[0]_CO[3])
                                                      0.532    15.885 r  y_reg[7]_i_1949/CO[3]
                         net (fo=16, routed)          0.937    16.822    y_reg[7]_i_1949_n_0
    SLICE_X61Y76         LUT3 (Prop_lut3_I1_O)        0.124    16.946 f  y[1]_i_219/O
                         net (fo=5, routed)           0.844    17.790    y[1]_i_219_n_0
    SLICE_X65Y76         LUT6 (Prop_lut6_I3_O)        0.124    17.914 r  y[7]_i_1943/O
                         net (fo=1, routed)           0.613    18.527    y[7]_i_1943_n_0
    SLICE_X65Y77         CARRY4 (Prop_carry4_DI[0]_CO[3])
                                                      0.526    19.053 r  y_reg[7]_i_1811/CO[3]
                         net (fo=32, routed)          1.628    20.681    y_reg[7]_i_1811_n_0
    SLICE_X62Y78         LUT3 (Prop_lut3_I1_O)        0.152    20.833 r  y[7]_i_1961/O
                         net (fo=8, routed)           0.587    21.419    y[7]_i_1961_n_0
    SLICE_X61Y78         LUT4 (Prop_lut4_I3_O)        0.348    21.767 r  y[7]_i_1889/O
                         net (fo=1, routed)           0.000    21.767    y[7]_i_1889_n_0
    SLICE_X61Y78         CARRY4 (Prop_carry4_S[3]_CO[3])
                                                      0.401    22.168 r  y_reg[7]_i_1770/CO[3]
                         net (fo=56, routed)          1.074    23.243    y_reg[7]_i_1770_n_0
    SLICE_X60Y78         LUT3 (Prop_lut3_I1_O)        0.152    23.395 f  y[7]_i_2065/O
                         net (fo=2, routed)           0.600    23.994    y[7]_i_2065_n_0
    SLICE_X62Y78         LUT6 (Prop_lut6_I5_O)        0.332    24.326 r  y[7]_i_1952/O
                         net (fo=1, routed)           0.190    24.516    y[7]_i_1952_n_0
    SLICE_X63Y78         CARRY4 (Prop_carry4_DI[2]_CO[3])
                                                      0.398    24.914 r  y_reg[7]_i_1822/CO[3]
                         net (fo=16, routed)          1.173    26.086    y_reg[7]_i_1822_n_0
    SLICE_X62Y79         LUT5 (Prop_lut5_I1_O)        0.153    26.239 f  y[7]_i_1907/O
                         net (fo=4, routed)           0.622    26.861    y[7]_i_1907_n_0
    SLICE_X65Y80         LUT6 (Prop_lut6_I5_O)        0.331    27.192 r  y[7]_i_1814/O
                         net (fo=1, routed)           0.472    27.664    y[7]_i_1814_n_0
    SLICE_X65Y79         CARRY4 (Prop_carry4_DI[2]_CO[3])
                                                      0.398    28.062 r  y_reg[7]_i_1633/CO[3]
                         net (fo=16, routed)          0.816    28.878    y_reg[7]_i_1633_n_0
    SLICE_X64Y79         LUT5 (Prop_lut5_I4_O)        0.118    28.996 r  y[1]_i_199/O
                         net (fo=5, routed)           1.013    30.008    y[1]_i_199_n_0
    SLICE_X64Y81         LUT4 (Prop_lut4_I0_O)        0.326    30.334 r  y[7]_i_1732/O
                         net (fo=1, routed)           0.000    30.334    y[7]_i_1732_n_0
    SLICE_X64Y81         CARRY4 (Prop_carry4_S[0]_CO[3])
                                                      0.532    30.866 r  y_reg[7]_i_1571/CO[3]
                         net (fo=32, routed)          0.969    31.836    y_reg[7]_i_1571_n_0
    SLICE_X64Y82         LUT3 (Prop_lut3_I1_O)        0.150    31.986 f  y[3]_i_189/O
                         net (fo=6, routed)           0.616    32.602    y[3]_i_189_n_0
    SLICE_X64Y83         LUT6 (Prop_lut6_I4_O)        0.326    32.928 r  y[7]_i_1637/O
                         net (fo=1, routed)           0.750    33.678    y[7]_i_1637_n_0
    SLICE_X65Y83         CARRY4 (Prop_carry4_DI[1]_CO[3])
                                                      0.507    34.185 r  y_reg[7]_i_1432/CO[3]
                         net (fo=28, routed)          1.401    35.586    y_reg[7]_i_1432_n_0
    SLICE_X62Y82         LUT5 (Prop_lut5_I3_O)        0.146    35.732 r  y[1]_i_204/O
                         net (fo=4, routed)           0.838    36.569    y[1]_i_204_n_0
    SLICE_X61Y83         LUT6 (Prop_lut6_I3_O)        0.328    36.897 r  y[7]_i_1783/O
                         net (fo=1, routed)           0.622    37.519    y[7]_i_1783_n_0
    SLICE_X62Y83         CARRY4 (Prop_carry4_DI[0]_CO[3])
                                                      0.550    38.069 r  y_reg[7]_i_1620/CO[3]
                         net (fo=16, routed)          0.972    39.041    y_reg[7]_i_1620_n_0
    SLICE_X61Y84         LUT5 (Prop_lut5_I1_O)        0.120    39.161 f  y[3]_i_190/O
                         net (fo=4, routed)           0.668    39.830    y[3]_i_190_n_0
    SLICE_X63Y84         LUT6 (Prop_lut6_I3_O)        0.327    40.157 r  y[7]_i_1645/O
                         net (fo=1, routed)           0.480    40.637    y[7]_i_1645_n_0
    SLICE_X64Y84         CARRY4 (Prop_carry4_DI[1]_CO[3])
                                                      0.507    41.144 r  y_reg[7]_i_1435/CO[3]
                         net (fo=16, routed)          1.031    42.175    y_reg[7]_i_1435_n_0
    SLICE_X62Y84         LUT5 (Prop_lut5_I4_O)        0.124    42.299 r  y[1]_i_165/O
                         net (fo=5, routed)           1.161    43.460    y[1]_i_165_n_0
    SLICE_X62Y86         LUT4 (Prop_lut4_I0_O)        0.124    43.584 r  y[7]_i_1430/O
                         net (fo=1, routed)           0.000    43.584    y[7]_i_1430_n_0
    SLICE_X62Y86         CARRY4 (Prop_carry4_S[0]_CO[3])
                                                      0.513    44.097 r  y_reg[7]_i_1215/CO[3]
                         net (fo=32, routed)          1.260    45.357    y_reg[7]_i_1215_n_0
    SLICE_X62Y87         LUT3 (Prop_lut3_I1_O)        0.153    45.510 r  y[7]_i_970/O
                         net (fo=10, routed)          1.206    46.716    y[7]_i_970_n_0
    SLICE_X59Y88         LUT4 (Prop_lut4_I0_O)        0.331    47.047 r  y[7]_i_1210/O
                         net (fo=1, routed)           0.000    47.047    y[7]_i_1210_n_0
    SLICE_X59Y88         CARRY4 (Prop_carry4_S[3]_CO[3])
                                                      0.401    47.448 r  y_reg[7]_i_969/CO[3]
                         net (fo=56, routed)          1.312    48.760    y_reg[7]_i_969_n_0
    SLICE_X60Y89         LUT3 (Prop_lut3_I1_O)        0.153    48.913 f  y[7]_i_1653/O
                         net (fo=2, routed)           0.821    49.734    y[7]_i_1653_n_0
    SLICE_X62Y88         LUT6 (Prop_lut6_I5_O)        0.327    50.061 r  y[7]_i_1438/O
                         net (fo=1, routed)           0.513    50.574    y[7]_i_1438_n_0
    SLICE_X61Y88         CARRY4 (Prop_carry4_DI[1]_CO[3])
                                                      0.507    51.081 r  y_reg[7]_i_1225/CO[3]
                         net (fo=16, routed)          0.763    51.843    y_reg[7]_i_1225_n_0
    SLICE_X62Y88         LUT5 (Prop_lut5_I3_O)        0.124    51.967 r  y[3]_i_142/O
                         net (fo=4, routed)           1.159    53.126    y[3]_i_142_n_0
    SLICE_X61Y92         LUT4 (Prop_lut4_I0_O)        0.124    53.250 r  y[7]_i_1223/O
                         net (fo=1, routed)           0.000    53.250    y[7]_i_1223_n_0
    SLICE_X61Y92         CARRY4 (Prop_carry4_S[1]_CO[3])
                                                      0.550    53.800 r  y_reg[7]_i_988/CO[3]
                         net (fo=16, routed)          0.961    54.761    y_reg[7]_i_988_n_0
    SLICE_X62Y92         LUT3 (Prop_lut3_I1_O)        0.149    54.910 r  y[7]_i_753/O
                         net (fo=4, routed)           0.839    55.749    y[7]_i_753_n_0
    SLICE_X58Y91         LUT6 (Prop_lut6_I3_O)        0.355    56.104 r  y[7]_i_979/O
                         net (fo=1, routed)           0.541    56.645    y[7]_i_979_n_0
    SLICE_X57Y91         CARRY4 (Prop_carry4_DI[3]_CO[3])
                                                      0.385    57.030 r  y_reg[7]_i_752/CO[3]
                         net (fo=20, routed)          0.896    57.927    y_reg[7]_i_752_n_0
    SLICE_X58Y91         LUT5 (Prop_lut5_I3_O)        0.116    58.043 r  y[3]_i_87/O
                         net (fo=7, routed)           1.169    59.211    y[3]_i_87_n_0
    SLICE_X56Y93         LUT4 (Prop_lut4_I0_O)        0.328    59.539 r  y[7]_i_747/O
                         net (fo=1, routed)           0.000    59.539    y[7]_i_747_n_0
    SLICE_X56Y93         CARRY4 (Prop_carry4_S[1]_CO[3])
                                                      0.550    60.089 r  y_reg[7]_i_541/CO[3]
                         net (fo=40, routed)          1.297    61.387    y_reg[7]_i_541_n_0
    SLICE_X56Y92         LUT3 (Prop_lut3_I1_O)        0.124    61.511 r  y[1]_i_61/O
                         net (fo=7, routed)           1.112    62.623    y[1]_i_61_n_0
    SLICE_X53Y92         LUT6 (Prop_lut6_I3_O)        0.124    62.747 r  y[7]_i_535/O
                         net (fo=1, routed)           0.520    63.267    y[7]_i_535_n_0
    SLICE_X53Y93         CARRY4 (Prop_carry4_DI[0]_CO[3])
                                                      0.526    63.793 r  y_reg[7]_i_350/CO[3]
                         net (fo=28, routed)          1.270    65.063    y_reg[7]_i_350_n_0
    SLICE_X54Y92         LUT5 (Prop_lut5_I4_O)        0.150    65.213 f  y[7]_i_527/O
                         net (fo=7, routed)           0.705    65.918    y[7]_i_527_n_0
    SLICE_X52Y91         LUT6 (Prop_lut6_I5_O)        0.348    66.266 r  y[7]_i_545/O
                         net (fo=1, routed)           0.660    66.926    y[7]_i_545_n_0
    SLICE_X52Y92         CARRY4 (Prop_carry4_DI[1]_CO[3])
                                                      0.507    67.433 r  y_reg[7]_i_353/CO[3]
                         net (fo=28, routed)          1.213    68.647    y_reg[7]_i_353_n_0
    SLICE_X52Y94         LUT3 (Prop_lut3_I2_O)        0.152    68.799 r  y[6]_i_59/O
                         net (fo=7, routed)           0.707    69.506    y[6]_i_59_n_0
    SLICE_X53Y95         LUT6 (Prop_lut6_I4_O)        0.332    69.838 r  y[7]_i_645/O
                         net (fo=1, routed)           0.470    70.308    y[7]_i_645_n_0
    SLICE_X53Y96         CARRY4 (Prop_carry4_DI[3]_CO[3])
                                                      0.385    70.693 r  y_reg[7]_i_430/CO[3]
                         net (fo=28, routed)          1.269    71.962    y_reg[7]_i_430_n_0
    SLICE_X53Y95         LUT5 (Prop_lut5_I4_O)        0.124    72.086 r  y[7]_i_256/O
                         net (fo=7, routed)           0.853    72.939    y[7]_i_256_n_0
    SLICE_X51Y95         LUT6 (Prop_lut6_I3_O)        0.124    73.063 r  y[7]_i_418/O
                         net (fo=1, routed)           0.401    73.465    y[7]_i_418_n_0
    SLICE_X50Y95         CARRY4 (Prop_carry4_DI[3]_CO[3])
                                                      0.396    73.861 r  y_reg[7]_i_255/CO[3]
                         net (fo=28, routed)          1.003    74.864    y_reg[7]_i_255_n_0
    SLICE_X50Y96         LUT5 (Prop_lut5_I4_O)        0.124    74.988 f  y[0]_i_49/O
                         net (fo=4, routed)           0.604    75.592    y[0]_i_49_n_0
    SLICE_X48Y95         LUT6 (Prop_lut6_I5_O)        0.124    75.716 r  y[7]_i_434/O
                         net (fo=1, routed)           0.568    76.284    y[7]_i_434_n_0
    SLICE_X49Y95         CARRY4 (Prop_carry4_DI[0]_CO[3])
                                                      0.526    76.810 r  y_reg[7]_i_258/CO[3]
                         net (fo=16, routed)          1.197    78.007    y_reg[7]_i_258_n_0
    SLICE_X48Y96         LUT5 (Prop_lut5_I3_O)        0.150    78.157 r  y[3]_i_33/O
                         net (fo=6, routed)           0.960    79.117    y[3]_i_33_n_0
    SLICE_X49Y98         LUT4 (Prop_lut4_I0_O)        0.326    79.443 r  y[7]_i_296/O
                         net (fo=1, routed)           0.000    79.443    y[7]_i_296_n_0
    SLICE_X49Y98         CARRY4 (Prop_carry4_S[1]_CO[3])
                                                      0.550    79.993 r  y_reg[7]_i_165/CO[3]
                         net (fo=16, routed)          1.105    81.098    y_reg[7]_i_165_n_0
    SLICE_X47Y100        LUT3 (Prop_lut3_I1_O)        0.118    81.216 r  y[3]_i_18/O
                         net (fo=7, routed)           0.993    82.210    y[3]_i_18_n_0
    SLICE_X45Y99         LUT4 (Prop_lut4_I1_O)        0.326    82.536 r  y[7]_i_162/O
                         net (fo=1, routed)           0.000    82.536    y[7]_i_162_n_0
    SLICE_X45Y99         CARRY4 (Prop_carry4_S[1]_CO[3])
                                                      0.550    83.086 r  y_reg[7]_i_64/CO[3]
                         net (fo=24, routed)          1.304    84.390    y_reg[7]_i_64_n_0
    SLICE_X45Y101        LUT3 (Prop_lut3_I1_O)        0.150    84.540 r  y[7]_i_90/O
                         net (fo=5, routed)           0.834    85.374    y[7]_i_90_n_0
    SLICE_X44Y99         LUT4 (Prop_lut4_I1_O)        0.326    85.700 r  y[7]_i_152/O
                         net (fo=1, routed)           0.000    85.700    y[7]_i_152_n_0
    SLICE_X44Y99         CARRY4 (Prop_carry4_S[3]_CO[3])
                                                      0.401    86.101 r  y_reg[7]_i_62/CO[3]
                         net (fo=16, routed)          1.536    87.637    p_4_in
    SLICE_X45Y100        LUT5 (Prop_lut5_I1_O)        0.152    87.789 r  y[0]_i_7/O
                         net (fo=6, routed)           0.837    88.626    y[0]_i_7_n_0
    SLICE_X41Y100        LUT4 (Prop_lut4_I3_O)        0.326    88.952 r  y[7]_i_81/O
                         net (fo=1, routed)           0.000    88.952    y[7]_i_81_n_0
    SLICE_X41Y100        CARRY4 (Prop_carry4_S[0]_CO[3])
                                                      0.532    89.484 r  y_reg[7]_i_22/CO[3]
                         net (fo=16, routed)          1.200    90.684    y_reg[7]_i_22_n_0
    SLICE_X41Y101        LUT3 (Prop_lut3_I1_O)        0.152    90.836 r  y[1]_i_5/O
                         net (fo=5, routed)           0.783    91.619    y[1]_i_5_n_0
    SLICE_X37Y100        LUT4 (Prop_lut4_I0_O)        0.326    91.945 r  y[7]_i_54/O
                         net (fo=1, routed)           0.000    91.945    y[7]_i_54_n_0
    SLICE_X37Y100        CARRY4 (Prop_carry4_S[0]_CO[3])
                                                      0.532    92.477 r  y_reg[7]_i_10/CO[3]
                         net (fo=8, routed)           1.160    93.637    y_reg[7]_i_10_n_0
    SLICE_X38Y101        LUT6 (Prop_lut6_I4_O)        0.124    93.761 r  y[1]_i_2/O
                         net (fo=3, routed)           0.668    94.428    y[1]_i_2_n_0
    SLICE_X39Y101        LUT4 (Prop_lut4_I0_O)        0.124    94.552 r  y[7]_i_19/O
                         net (fo=1, routed)           0.000    94.552    y[7]_i_19_n_0
    SLICE_X39Y101        CARRY4 (Prop_carry4_S[0]_CO[3])
                                                      0.532    95.084 r  y_reg[7]_i_4/CO[3]
                         net (fo=8, routed)           0.882    95.966    s1
    SLICE_X39Y102        LUT3 (Prop_lut3_I2_O)        0.124    96.090 r  y[0]_i_1/O
                         net (fo=1, routed)           0.000    96.090    y[0]_i_1_n_0
    SLICE_X39Y102        FDRE                                         r  y_reg[0]/D
  -------------------------------------------------------------------    -------------------

                         (clock vclk rise edge)      95.526    95.526 r  <hidden>
                                                      0.000    95.526 r  clk
                         net (fo=167, unset)          0.924    96.450    clk
    SLICE_X39Y102        FDRE                                         r  y_reg[0]/C
                         clock pessimism              0.000    96.450    <hidden>
                         clock uncertainty           -0.035    96.415    <hidden>
    SLICE_X39Y102        FDRE (Setup_fdre_C_D)        0.029    96.444    y_reg[0]
  -------------------------------------------------------------------
                         required time                         96.444    <hidden>
                         arrival time                         -96.090    <hidden>
  -------------------------------------------------------------------
                         slack                                  0.354    <hidden>

Slack (MET) :             0.393ns  (required time - arrival time)
  Source:                 w0_reg[3]/C
                            (rising edge-triggered cell FDRE clocked by vclk  {rise@0.000ns fall@47.763ns period=95.526ns})
  Destination:            y_reg[5]/D
                            (rising edge-triggered cell FDRE clocked by vclk  {rise@0.000ns fall@47.763ns period=95.526ns})
  Path Group:             vclk
  Path Type:              Setup (Max at Slow Process Corner)
  Requirement:            95.526ns  (vclk rise@95.526ns - vclk rise@0.000ns)
  Data Path Delay:        95.124ns  (logic 27.406ns (28.811%)  route 67.718ns (71.189%))
  Logic Levels:           90  (CARRY4=30 LUT3=14 LUT4=14 LUT5=14 LUT6=18)
  Clock Path Skew:        -0.049ns (DCD - SCD + CPR)
    Destination Clock Delay (DCD):    0.924ns = ( 96.450 - 95.526 ) 
    Source Clock Delay      (SCD):    0.973ns
    Clock Pessimism Removal (CPR):    0.000ns
  Clock Uncertainty:      0.035ns  ((TSJ^2 + TIJ^2)^1/2 + DJ) / 2 + PE
    Total System Jitter     (TSJ):    0.071ns
    Total Input Jitter      (TIJ):    0.000ns
    Discrete Jitter          (DJ):    0.000ns
    Phase Error              (PE):    0.000ns

    Location             Delay type                Incr(ns)  Path(ns)    Netlist Resource(s)
  -------------------------------------------------------------------    -------------------
                         (clock vclk rise edge)       0.000     0.000 r  <hidden>
                                                      0.000     0.000 r  clk
                         net (fo=167, unset)          0.973     0.973    clk
    SLICE_X65Y73         FDRE                                         r  w0_reg[3]/C
  -------------------------------------------------------------------    -------------------
    SLICE_X65Y73         FDRE (Prop_fdre_C_Q)         0.456     1.429 r  w0_reg[3]/Q
                         net (fo=11, routed)          0.857     2.286    w0[3]
    SLICE_X65Y73         LUT4 (Prop_lut4_I0_O)        0.124     2.410 r  y[7]_i_2014/O
                         net (fo=1, routed)           0.000     2.410    y[7]_i_2014_n_0
    SLICE_X65Y73         CARRY4 (Prop_carry4_S[1]_CO[3])
                                                      0.550     2.960 r  y_reg[7]_i_1914/CO[3]
                         net (fo=64, routed)          1.253     4.212    y_reg[7]_i_1914_n_0
    SLICE_X65Y72         LUT3 (Prop_lut3_I1_O)        0.152     4.364 r  y[7]_i_2103/O
                         net (fo=1, routed)           0.267     4.631    y[7]_i_2103_n_0
    SLICE_X65Y72         LUT6 (Prop_lut6_I1_O)        0.332     4.963 r  y[7]_i_2019/O
                         net (fo=1, routed)           0.528     5.491    y[7]_i_2019_n_0
    SLICE_X62Y72         CARRY4 (Prop_carry4_DI[0]_CO[3])
                                                      0.550     6.041 r  y_reg[7]_i_1915/CO[3]
                         net (fo=40, routed)          1.231     7.272    y_reg[7]_i_1915_n_0
    SLICE_X64Y74         LUT5 (Prop_lut5_I3_O)        0.150     7.422 f  y[7]_i_2085/O
                         net (fo=1, routed)           0.767     8.189    y[7]_i_2085_n_0
    SLICE_X64Y72         LUT6 (Prop_lut6_I1_O)        0.326     8.515 r  y[7]_i_2000/O
                         net (fo=1, routed)           0.599     9.113    y[7]_i_2000_n_0
    SLICE_X64Y73         CARRY4 (Prop_carry4_DI[3]_CO[3])
                                                      0.385     9.498 r  y_reg[7]_i_1913/CO[3]
                         net (fo=16, routed)          1.281    10.779    y_reg[7]_i_1913_n_0
    SLICE_X63Y75         LUT6 (Prop_lut6_I2_O)        0.124    10.903 r  y[7]_i_2111/O
                         net (fo=4, routed)           0.596    11.500    y[7]_i_2111_n_0
    SLICE_X63Y74         LUT6 (Prop_lut6_I2_O)        0.124    11.624 r  y[7]_i_2035/O
                         net (fo=1, routed)           0.544    12.167    y[7]_i_2035_n_0
    SLICE_X62Y74         CARRY4 (Prop_carry4_DI[0]_CO[3])
                                                      0.550    12.717 r  y_reg[7]_i_1925/CO[3]
                         net (fo=16, routed)          1.414    14.132    y_reg[7]_i_1925_n_0
    SLICE_X62Y75         LUT5 (Prop_lut5_I3_O)        0.150    14.282 r  y[1]_i_227/O
                         net (fo=4, routed)           0.743    15.025    y[1]_i_227_n_0
    SLICE_X61Y77         LUT4 (Prop_lut4_I1_O)        0.328    15.353 r  y[7]_i_2063/O
                         net (fo=1, routed)           0.000    15.353    y[7]_i_2063_n_0
    SLICE_X61Y77         CARRY4 (Prop_carry4_S[0]_CO[3])
                                                      0.532    15.885 r  y_reg[7]_i_1949/CO[3]
                         net (fo=16, routed)          0.937    16.822    y_reg[7]_i_1949_n_0
    SLICE_X61Y76         LUT3 (Prop_lut3_I1_O)        0.124    16.946 f  y[1]_i_219/O
                         net (fo=5, routed)           0.844    17.790    y[1]_i_219_n_0
    SLICE_X65Y76         LUT6 (Prop_lut6_I3_O)        0.124    17.914 r  y[7]_i_1943/O
                         net (fo=1, routed)           0.613    18.527    y[7]_i_1943_n_0
    SLICE_X65Y77         CARRY4 (Prop_carry4_DI[0]_CO[3])
                                                      0.526    19.053 r  y_reg[7]_i_1811/CO[3]
                         net (fo=32, routed)          1.628    20.681    y_reg[7]_i_1811_n_0
    SLICE_X62Y78         LUT3 (Prop_lut3_I1_O)        0.152    20.833 r  y[7]_i_1961/O
                         net (fo=8, routed)           0.587    21.419    y[7]_i_1961_n_0
    SLICE_X61Y78         LUT4 (Prop_lut4_I3_O)        0.348    21.767 r  y[7]_i_1889/O
                         net (fo=1, routed)           0.000    21.767    y[7]_i_1889_n_0
    SLICE_X61Y78         CARRY4 (Prop_carry4_S[3]_CO[3])
                                                      0.401    22.168 r  y_reg[7]_i_1770/CO[3]
                         net (fo=56, routed)          1.074    23.243    y_reg[7]_i_1770_n_0
    SLICE_X60Y78         LUT3 (Prop_lut3_I1_O)        0.152    23.395 f  y[7]_i_2065/O
                         net (fo=2, routed)           0.600    23.994    y[7]_i_2065_n_0
    SLICE_X62Y78         LUT6 (Prop_lut6_I5_O)        0.332    24.326 r  y[7]_i_1952/O
                         net (fo=1, routed)           0.190    24.516    y[7]_i_1952_n_0
    SLICE_X63Y78         CARRY4 (Prop_carry4_DI[2]_CO[3])
                                                      0.398    24.914 r  y_reg[7]_i_1822/CO[3]
                         net (fo=16, routed)          1.173    26.086    y_reg[7]_i_1822_n_0
    SLICE_X62Y79         LUT5 (Prop_lut5_I1_O)        0.153    26.239 f  y[7]_i_1907/O
                         net (fo=4, routed)           0.622    26.861    y[7]_i_1907_n_0
    SLICE_X65Y80         LUT6 (Prop_lut6_I5_O)        0.331    27.192 r  y[7]_i_1814/O
                         net (fo=1, routed)           0.472    27.664    y[7]_i_1814_n_0
    SLICE_X65Y79         CARRY4 (Prop_carry4_DI[2]_CO[3])
                                                      0.398    28.062 r  y_reg[7]_i_1633/CO[3]
                         net (fo=16, routed)          0.816    28.878    y_reg[7]_i_1633_n_0
    SLICE_X64Y79         LUT5 (Prop_lut5_I4_O)        0.118    28.996 r  y[1]_i_199/O
                         net (fo=5, routed)           1.013    30.008    y[1]_i_199_n_0
    SLICE_X64Y81         LUT4 (Prop_lut4_I0_O)        0.326    30.334 r  y[7]_i_1732/O
                         net (fo=1, routed)           0.000    30.334    y[7]_i_1732_n_0
    SLICE_X64Y81         CARRY4 (Prop_carry4_S[0]_CO[3])
                                                      0.532    30.866 r  y_reg[7]_i_1571/CO[3]
                         net (fo=32, routed)          0.969    31.836    y_reg[7]_i_1571_n_0
    SLICE_X64Y82         LUT3 (Prop_lut3_I1_O)        0.150    31.986 f  y[3]_i_189/O
                         net (fo=6, routed)           0.616    32.602    y[3]_i_189_n_0
    SLICE_X64Y83         LUT6 (Prop_lut6_I4_O)        0.326    32.928 r  y[7]_i_1637/O
                         net (fo=1, routed)           0.750    33.678    y[7]_i_1637_n_0
    SLICE_X65Y83         CARRY4 (Prop_carry4_DI[1]_CO[3])
                                                      0.507    34.185 r  y_reg[7]_i_1432/CO[3]
                         net (fo=28, routed)          1.401    35.586    y_reg[7]_i_1432_n_0
    SLICE_X62Y82         LUT5 (Prop_lut5_I3_O)        0.146    35.732 r  y[1]_i_204/O
                         net (fo=4, routed)           0.838    36.569    y[1]_i_204_n_0
    SLICE_X61Y83         LUT6 (Prop_lut6_I3_O)        0.328    36.897 r  y[7]_i_1783/O
                         net (fo=1, routed)           0.622    37.519    y[7]_i_1783_n_0
    SLICE_X62Y83         CARRY4 (Prop_carry4_DI[0]_CO[3])
                                                      0.550    38.069 r  y_reg[7]_i_1620/CO[3]
                         net (fo=16, routed)          0.972    39.041    y_reg[7]_i_1620_n_0
    SLICE_X61Y84         LUT5 (Prop_lut5_I1_O)        0.120    39.161 f  y[3]_i_190/O
                         net (fo=4, routed)           0.668    39.830    y[3]_i_190_n_0
    SLICE_X63Y84         LUT6 (Prop_lut6_I3_O)        0.327    40.157 r  y[7]_i_1645/O
                         net (fo=1, routed)           0.480    40.637    y[7]_i_1645_n_0
    SLICE_X64Y84         CARRY4 (Prop_carry4_DI[1]_CO[3])
                                                      0.507    41.144 r  y_reg[7]_i_1435/CO[3]
                         net (fo=16, routed)          1.031    42.175    y_reg[7]_i_1435_n_0
    SLICE_X62Y84         LUT5 (Prop_lut5_I4_O)        0.124    42.299 r  y[1]_i_165/O
                         net (fo=5, routed)           1.161    43.460    y[1]_i_165_n_0
    SLICE_X62Y86         LUT4 (Prop_lut4_I0_O)        0.124    43.584 r  y[7]_i_1430/O
                         net (fo=1, routed)           0.000    43.584    y[7]_i_1430_n_0
    SLICE_X62Y86         CARRY4 (Prop_carry4_S[0]_CO[3])
                                                      0.513    44.097 r  y_reg[7]_i_1215/CO[3]
                         net (fo=32, routed)          1.260    45.357    y_reg[7]_i_1215_n_0
    SLICE_X62Y87         LUT3 (Prop_lut3_I1_O)        0.153    45.510 r  y[7]_i_970/O
                         net (fo=10, routed)          1.206    46.716    y[7]_i_970_n_0
    SLICE_X59Y88         LUT4 (Prop_lut4_I0_O)        0.331    47.047 r  y[7]_i_1210/O
                         net (fo=1, routed)           0.000    47.047    y[7]_i_1210_n_0
    SLICE_X59Y88         CARRY4 (Prop_carry4_S[3]_CO[3])
                                                      0.401    47.448 r  y_reg[7]_i_969/CO[3]
                         net (fo=56, routed)          1.312    48.760    y_reg[7]_i_969_n_0
    SLICE_X60Y89         LUT3 (Prop_lut3_I1_O)        0.153    48.913 f  y[7]_i_1653/O
                         net (fo=2, routed)           0.821    49.734    y[7]_i_1653_n_0
    SLICE_X62Y88         LUT6 (Prop_lut6_I5_O)        0.327    50.061 r  y[7]_i_1438/O
                         net (fo=1, routed)           0.513    50.574    y[7]_i_1438_n_0
    SLICE_X61Y88         CARRY4 (Prop_carry4_DI[1]_CO[3])
                                                      0.507    51.081 r  y_reg[7]_i_1225/CO[3]
                         net (fo=16, routed)          0.763    51.843    y_reg[7]_i_1225_n_0
    SLICE_X62Y88         LUT5 (Prop_lut5_I3_O)        0.124    51.967 r  y[3]_i_142/O
                         net (fo=4, routed)           1.159    53.126    y[3]_i_142_n_0
    SLICE_X61Y92         LUT4 (Prop_lut4_I0_O)        0.124    53.250 r  y[7]_i_1223/O
                         net (fo=1, routed)           0.000    53.250    y[7]_i_1223_n_0
    SLICE_X61Y92         CARRY4 (Prop_carry4_S[1]_CO[3])
                                                      0.550    53.800 r  y_reg[7]_i_988/CO[3]
                         net (fo=16, routed)          0.961    54.761    y_reg[7]_i_988_n_0
    SLICE_X62Y92         LUT3 (Prop_lut3_I1_O)        0.149    54.910 r  y[7]_i_753/O
                         net (fo=4, routed)           0.839    55.749    y[7]_i_753_n_0
    SLICE_X58Y91         LUT6 (Prop_lut6_I3_O)        0.355    56.104 r  y[7]_i_979/O
                         net (fo=1, routed)           0.541    56.645    y[7]_i_979_n_0
    SLICE_X57Y91         CARRY4 (Prop_carry4_DI[3]_CO[3])
                                                      0.385    57.030 r  y_reg[7]_i_752/CO[3]
                         net (fo=20, routed)          0.896    57.927    y_reg[7]_i_752_n_0
    SLICE_X58Y91         LUT5 (Prop_lut5_I3_O)        0.116    58.043 r  y[3]_i_87/O
                         net (fo=7, routed)           1.169    59.211    y[3]_i_87_n_0
    SLICE_X56Y93         LUT4 (Prop_lut4_I0_O)        0.328    59.539 r  y[7]_i_747/O
                         net (fo=1, routed)           0.000    59.539    y[7]_i_747_n_0
    SLICE_X56Y93         CARRY4 (Prop_carry4_S[1]_CO[3])
                                                      0.550    60.089 r  y_reg[7]_i_541/CO[3]
                         net (fo=40, routed)          1.297    61.387    y_reg[7]_i_541_n_0
    SLICE_X56Y92         LUT3 (Prop_lut3_I1_O)        0.124    61.511 r  y[1]_i_61/O
                         net (fo=7, routed)           1.112    62.623    y[1]_i_61_n_0
    SLICE_X53Y92         LUT6 (Prop_lut6_I3_O)        0.124    62.747 r  y[7]_i_535/O
                         net (fo=1, routed)           0.520    63.267    y[7]_i_535_n_0
    SLICE_X53Y93         CARRY4 (Prop_carry4_DI[0]_CO[3])
                                                      0.526    63.793 r  y_reg[7]_i_350/CO[3]
                         net (fo=28, routed)          1.270    65.063    y_reg[7]_i_350_n_0
    SLICE_X54Y92         LUT5 (Prop_lut5_I4_O)        0.150    65.213 f  y[7]_i_527/O
                         net (fo=7, routed)           0.705    65.918    y[7]_i_527_n_0
    SLICE_X52Y91         LUT6 (Prop_lut6_I5_O)        0.348    66.266 r  y[7]_i_545/O
                         net (fo=1, routed)           0.660    66.926    y[7]_i_545_n_0
    SLICE_X52Y92         CARRY4 (Prop_carry4_DI[1]_CO[3])
                                                      0.507    67.433 r  y_reg[7]_i_353/CO[3]
                         net (fo=28, routed)          1.213    68.647    y_reg[7]_i_353_n_0
    SLICE_X52Y94         LUT3 (Prop_lut3_I2_O)        0.152    68.799 r  y[6]_i_59/O
                         net (fo=7, routed)           0.707    69.506    y[6]_i_59_n_0
    SLICE_X53Y95         LUT6 (Prop_lut6_I4_O)        0.332    69.838 r  y[7]_i_645/O
                         net (fo=1, routed)           0.470    70.308    y[7]_i_645_n_0
    SLICE_X53Y96         CARRY4 (Prop_carry4_DI[3]_CO[3])
                                                      0.385    70.693 r  y_reg[7]_i_430/CO[3]
                         net (fo=28, routed)          1.269    71.962    y_reg[7]_i_430_n_0
    SLICE_X53Y95         LUT5 (Prop_lut5_I4_O)        0.124    72.086 r  y[7]_i_256/O
                         net (fo=7, routed)           0.853    72.939    y[7]_i_256_n_0
    SLICE_X51Y95         LUT6 (Prop_lut6_I3_O)        0.124    73.063 r  y[7]_i_418/O
                         net (fo=1, routed)           0.401    73.465    y[7]_i_418_n_0
    SLICE_X50Y95         CARRY4 (Prop_carry4_DI[3]_CO[3])
                                                      0.396    73.861 r  y_reg[7]_i_255/CO[3]
                         net (fo=28, routed)          1.003    74.864    y_reg[7]_i_255_n_0
    SLICE_X50Y96         LUT5 (Prop_lut5_I4_O)        0.124    74.988 f  y[0]_i_49/O
                         net (fo=4, routed)           0.604    75.592    y[0]_i_49_n_0
    SLICE_X48Y95         LUT6 (Prop_lut6_I5_O)        0.124    75.716 r  y[7]_i_434/O
                         net (fo=1, routed)           0.568    76.284    y[7]_i_434_n_0
    SLICE_X49Y95         CARRY4 (Prop_carry4_DI[0]_CO[3])
                                                      0.526    76.810 r  y_reg[7]_i_258/CO[3]
                         net (fo=16, routed)          1.197    78.007    y_reg[7]_i_258_n_0
    SLICE_X48Y96         LUT5 (Prop_lut5_I3_O)        0.150    78.157 r  y[3]_i_33/O
                         net (fo=6, routed)           0.960    79.117    y[3]_i_33_n_0
    SLICE_X49Y98         LUT4 (Prop_lut4_I0_O)        0.326    79.443 r  y[7]_i_296/O
                         net (fo=1, routed)           0.000    79.443    y[7]_i_296_n_0
    SLICE_X49Y98         CARRY4 (Prop_carry4_S[1]_CO[3])
                                                      0.550    79.993 r  y_reg[7]_i_165/CO[3]
                         net (fo=16, routed)          1.105    81.098    y_reg[7]_i_165_n_0
    SLICE_X47Y100        LUT3 (Prop_lut3_I1_O)        0.118    81.216 r  y[3]_i_18/O
                         net (fo=7, routed)           0.993    82.210    y[3]_i_18_n_0
    SLICE_X45Y99         LUT4 (Prop_lut4_I1_O)        0.326    82.536 r  y[7]_i_162/O
                         net (fo=1, routed)           0.000    82.536    y[7]_i_162_n_0
    SLICE_X45Y99         CARRY4 (Prop_carry4_S[1]_CO[3])
                                                      0.550    83.086 r  y_reg[7]_i_64/CO[3]
                         net (fo=24, routed)          1.304    84.390    y_reg[7]_i_64_n_0
    SLICE_X45Y101        LUT3 (Prop_lut3_I1_O)        0.150    84.540 r  y[7]_i_90/O
                         net (fo=5, routed)           0.834    85.374    y[7]_i_90_n_0
    SLICE_X44Y99         LUT4 (Prop_lut4_I1_O)        0.326    85.700 r  y[7]_i_152/O
                         net (fo=1, routed)           0.000    85.700    y[7]_i_152_n_0
    SLICE_X44Y99         CARRY4 (Prop_carry4_S[3]_CO[3])
                                                      0.401    86.101 r  y_reg[7]_i_62/CO[3]
                         net (fo=16, routed)          1.536    87.637    p_4_in
    SLICE_X45Y100        LUT5 (Prop_lut5_I1_O)        0.152    87.789 r  y[0]_i_7/O
                         net (fo=6, routed)           0.837    88.626    y[0]_i_7_n_0
    SLICE_X41Y100        LUT4 (Prop_lut4_I3_O)        0.326    88.952 r  y[7]_i_81/O
                         net (fo=1, routed)           0.000    88.952    y[7]_i_81_n_0
    SLICE_X41Y100        CARRY4 (Prop_carry4_S[0]_CO[3])
                                                      0.532    89.484 r  y_reg[7]_i_22/CO[3]
                         net (fo=16, routed)          1.200    90.684    y_reg[7]_i_22_n_0
    SLICE_X41Y101        LUT3 (Prop_lut3_I1_O)        0.152    90.836 r  y[1]_i_5/O
                         net (fo=5, routed)           0.783    91.619    y[1]_i_5_n_0
    SLICE_X37Y100        LUT4 (Prop_lut4_I0_O)        0.326    91.945 r  y[7]_i_54/O
                         net (fo=1, routed)           0.000    91.945    y[7]_i_54_n_0
    SLICE_X37Y100        CARRY4 (Prop_carry4_S[0]_CO[3])
                                                      0.532    92.477 r  y_reg[7]_i_10/CO[3]
                         net (fo=8, routed)           1.160    93.637    y_reg[7]_i_10_n_0
    SLICE_X38Y101        LUT6 (Prop_lut6_I4_O)        0.124    93.761 r  y[1]_i_2/O
                         net (fo=3, routed)           0.668    94.428    y[1]_i_2_n_0
    SLICE_X39Y101        LUT4 (Prop_lut4_I0_O)        0.124    94.552 r  y[7]_i_19/O
                         net (fo=1, routed)           0.000    94.552    y[7]_i_19_n_0
    SLICE_X39Y101        CARRY4 (Prop_carry4_S[0]_CO[3])
                                                      0.532    95.084 r  y_reg[7]_i_4/CO[3]
                         net (fo=8, routed)           0.893    95.977    s1
    SLICE_X39Y102        LUT3 (Prop_lut3_I1_O)        0.120    96.097 r  y[5]_i_1/O
                         net (fo=1, routed)           0.000    96.097    y[5]_i_1_n_0
    SLICE_X39Y102        FDRE                                         r  y_reg[5]/D
  -------------------------------------------------------------------    -------------------

                         (clock vclk rise edge)      95.526    95.526 r  <hidden>
                                                      0.000    95.526 r  clk
                         net (fo=167, unset)          0.924    96.450    clk
    SLICE_X39Y102        FDRE                                         r  y_reg[5]/C
                         clock pessimism              0.000    96.450    <hidden>
                         clock uncertainty           -0.035    96.415    <hidden>
    SLICE_X39Y102        FDRE (Setup_fdre_C_D)        0.075    96.490    y_reg[5]
  -------------------------------------------------------------------
                         required time                         96.490    <hidden>
                         arrival time                         -96.097    <hidden>
  -------------------------------------------------------------------
                         slack                                  0.393    <hidden>

Slack (MET) :             0.397ns  (required time - arrival time)
  Source:                 w0_reg[3]/C
                            (rising edge-triggered cell FDRE clocked by vclk  {rise@0.000ns fall@47.763ns period=95.526ns})
  Destination:            y_reg[7]/D
                            (rising edge-triggered cell FDRE clocked by vclk  {rise@0.000ns fall@47.763ns period=95.526ns})
  Path Group:             vclk
  Path Type:              Setup (Max at Slow Process Corner)
  Requirement:            95.526ns  (vclk rise@95.526ns - vclk rise@0.000ns)
  Data Path Delay:        95.120ns  (logic 27.403ns (28.809%)  route 67.717ns (71.191%))
  Logic Levels:           90  (CARRY4=30 LUT3=14 LUT4=14 LUT5=14 LUT6=18)
  Clock Path Skew:        -0.049ns (DCD - SCD + CPR)
    Destination Clock Delay (DCD):    0.924ns = ( 96.450 - 95.526 ) 
    Source Clock Delay      (SCD):    0.973ns
    Clock Pessimism Removal (CPR):    0.000ns
  Clock Uncertainty:      0.035ns  ((TSJ^2 + TIJ^2)^1/2 + DJ) / 2 + PE
    Total System Jitter     (TSJ):    0.071ns
    Total Input Jitter      (TIJ):    0.000ns
    Discrete Jitter          (DJ):    0.000ns
    Phase Error              (PE):    0.000ns

    Location             Delay type                Incr(ns)  Path(ns)    Netlist Resource(s)
  -------------------------------------------------------------------    -------------------
                         (clock vclk rise edge)       0.000     0.000 r  <hidden>
                                                      0.000     0.000 r  clk
                         net (fo=167, unset)          0.973     0.973    clk
    SLICE_X65Y73         FDRE                                         r  w0_reg[3]/C
  -------------------------------------------------------------------    -------------------
    SLICE_X65Y73         FDRE (Prop_fdre_C_Q)         0.456     1.429 r  w0_reg[3]/Q
                         net (fo=11, routed)          0.857     2.286    w0[3]
    SLICE_X65Y73         LUT4 (Prop_lut4_I0_O)        0.124     2.410 r  y[7]_i_2014/O
                         net (fo=1, routed)           0.000     2.410    y[7]_i_2014_n_0
    SLICE_X65Y73         CARRY4 (Prop_carry4_S[1]_CO[3])
                                                      0.550     2.960 r  y_reg[7]_i_1914/CO[3]
                         net (fo=64, routed)          1.253     4.212    y_reg[7]_i_1914_n_0
    SLICE_X65Y72         LUT3 (Prop_lut3_I1_O)        0.152     4.364 r  y[7]_i_2103/O
                         net (fo=1, routed)           0.267     4.631    y[7]_i_2103_n_0
    SLICE_X65Y72         LUT6 (Prop_lut6_I1_O)        0.332     4.963 r  y[7]_i_2019/O
                         net (fo=1, routed)           0.528     5.491    y[7]_i_2019_n_0
    SLICE_X62Y72         CARRY4 (Prop_carry4_DI[0]_CO[3])
                                                      0.550     6.041 r  y_reg[7]_i_1915/CO[3]
                         net (fo=40, routed)          1.231     7.272    y_reg[7]_i_1915_n_0
    SLICE_X64Y74         LUT5 (Prop_lut5_I3_O)        0.150     7.422 f  y[7]_i_2085/O
                         net (fo=1, routed)           0.767     8.189    y[7]_i_2085_n_0
    SLICE_X64Y72         LUT6 (Prop_lut6_I1_O)        0.326     8.515 r  y[7]_i_2000/O
                         net (fo=1, routed)           0.599     9.113    y[7]_i_2000_n_0
    SLICE_X64Y73         CARRY4 (Prop_carry4_DI[3]_CO[3])
                                                      0.385     9.498 r  y_reg[7]_i_1913/CO[3]
                         net (fo=16, routed)          1.281    10.779    y_reg[7]_i_1913_n_0
    SLICE_X63Y75         LUT6 (Prop_lut6_I2_O)        0.124    10.903 r  y[7]_i_2111/O
                         net (fo=4, routed)           0.596    11.500    y[7]_i_2111_n_0
    SLICE_X63Y74         LUT6 (Prop_lut6_I2_O)        0.124    11.624 r  y[7]_i_2035/O
                         net (fo=1, routed)           0.544    12.167    y[7]_i_2035_n_0
    SLICE_X62Y74         CARRY4 (Prop_carry4_DI[0]_CO[3])
                                                      0.550    12.717 r  y_reg[7]_i_1925/CO[3]
                         net (fo=16, routed)          1.414    14.132    y_reg[7]_i_1925_n_0
    SLICE_X62Y75         LUT5 (Prop_lut5_I3_O)        0.150    14.282 r  y[1]_i_227/O
                         net (fo=4, routed)           0.743    15.025    y[1]_i_227_n_0
    SLICE_X61Y77         LUT4 (Prop_lut4_I1_O)        0.328    15.353 r  y[7]_i_2063/O
                         net (fo=1, routed)           0.000    15.353    y[7]_i_2063_n_0
    SLICE_X61Y77         CARRY4 (Prop_carry4_S[0]_CO[3])
                                                      0.532    15.885 r  y_reg[7]_i_1949/CO[3]
                         net (fo=16, routed)          0.937    16.822    y_reg[7]_i_1949_n_0
    SLICE_X61Y76         LUT3 (Prop_lut3_I1_O)        0.124    16.946 f  y[1]_i_219/O
                         net (fo=5, routed)           0.844    17.790    y[1]_i_219_n_0
    SLICE_X65Y76         LUT6 (Prop_lut6_I3_O)        0.124    17.914 r  y[7]_i_1943/O
                         net (fo=1, routed)           0.613    18.527    y[7]_i_1943_n_0
    SLICE_X65Y77         CARRY4 (Prop_carry4_DI[0]_CO[3])
                                                      0.526    19.053 r  y_reg[7]_i_1811/CO[3]
                         net (fo=32, routed)          1.628    20.681    y_reg[7]_i_1811_n_0
    SLICE_X62Y78         LUT3 (Prop_lut3_I1_O)        0.152    20.833 r  y[7]_i_1961/O
                         net (fo=8, routed)           0.587    21.419    y[7]_i_1961_n_0
    SLICE_X61Y78         LUT4 (Prop_lut4_I3_O)        0.348    21.767 r  y[7]_i_1889/O
                         net (fo=1, routed)           0.000    21.767    y[7]_i_1889_n_0
    SLICE_X61Y78         CARRY4 (Prop_carry4_S[3]_CO[3])
                                                      0.401    22.168 r  y_reg[7]_i_1770/CO[3]
                         net (fo=56, routed)          1.074    23.243    y_reg[7]_i_1770_n_0
    SLICE_X60Y78         LUT3 (Prop_lut3_I1_O)        0.152    23.395 f  y[7]_i_2065/O
                         net (fo=2, routed)           0.600    23.994    y[7]_i_2065_n_0
    SLICE_X62Y78         LUT6 (Prop_lut6_I5_O)        0.332    24.326 r  y[7]_i_1952/O
                         net (fo=1, routed)           0.190    24.516    y[7]_i_1952_n_0
    SLICE_X63Y78         CARRY4 (Prop_carry4_DI[2]_CO[3])
                                                      0.398    24.914 r  y_reg[7]_i_1822/CO[3]
                         net (fo=16, routed)          1.173    26.086    y_reg[7]_i_1822_n_0
    SLICE_X62Y79         LUT5 (Prop_lut5_I1_O)        0.153    26.239 f  y[7]_i_1907/O
                         net (fo=4, routed)           0.622    26.861    y[7]_i_1907_n_0
    SLICE_X65Y80         LUT6 (Prop_lut6_I5_O)        0.331    27.192 r  y[7]_i_1814/O
                         net (fo=1, routed)           0.472    27.664    y[7]_i_1814_n_0
    SLICE_X65Y79         CARRY4 (Prop_carry4_DI[2]_CO[3])
                                                      0.398    28.062 r  y_reg[7]_i_1633/CO[3]
                         net (fo=16, routed)          0.816    28.878    y_reg[7]_i_1633_n_0
    SLICE_X64Y79         LUT5 (Prop_lut5_I4_O)        0.118    28.996 r  y[1]_i_199/O
                         net (fo=5, routed)           1.013    30.008    y[1]_i_199_n_0
    SLICE_X64Y81         LUT4 (Prop_lut4_I0_O)        0.326    30.334 r  y[7]_i_1732/O
                         net (fo=1, routed)           0.000    30.334    y[7]_i_1732_n_0
    SLICE_X64Y81         CARRY4 (Prop_carry4_S[0]_CO[3])
                                                      0.532    30.866 r  y_reg[7]_i_1571/CO[3]
                         net (fo=32, routed)          0.969    31.836    y_reg[7]_i_1571_n_0
    SLICE_X64Y82         LUT3 (Prop_lut3_I1_O)        0.150    31.986 f  y[3]_i_189/O
                         net (fo=6, routed)           0.616    32.602    y[3]_i_189_n_0
    SLICE_X64Y83         LUT6 (Prop_lut6_I4_O)        0.326    32.928 r  y[7]_i_1637/O
                         net (fo=1, routed)           0.750    33.678    y[7]_i_1637_n_0
    SLICE_X65Y83         CARRY4 (Prop_carry4_DI[1]_CO[3])
                                                      0.507    34.185 r  y_reg[7]_i_1432/CO[3]
                         net (fo=28, routed)          1.401    35.586    y_reg[7]_i_1432_n_0
    SLICE_X62Y82         LUT5 (Prop_lut5_I3_O)        0.146    35.732 r  y[1]_i_204/O
                         net (fo=4, routed)           0.838    36.569    y[1]_i_204_n_0
    SLICE_X61Y83         LUT6 (Prop_lut6_I3_O)        0.328    36.897 r  y[7]_i_1783/O
                         net (fo=1, routed)           0.622    37.519    y[7]_i_1783_n_0
    SLICE_X62Y83         CARRY4 (Prop_carry4_DI[0]_CO[3])
                                                      0.550    38.069 r  y_reg[7]_i_1620/CO[3]
                         net (fo=16, routed)          0.972    39.041    y_reg[7]_i_1620_n_0
    SLICE_X61Y84         LUT5 (Prop_lut5_I1_O)        0.120    39.161 f  y[3]_i_190/O
                         net (fo=4, routed)           0.668    39.830    y[3]_i_190_n_0
    SLICE_X63Y84         LUT6 (Prop_lut6_I3_O)        0.327    40.157 r  y[7]_i_1645/O
                         net (fo=1, routed)           0.480    40.637    y[7]_i_1645_n_0
    SLICE_X64Y84         CARRY4 (Prop_carry4_DI[1]_CO[3])
                                                      0.507    41.144 r  y_reg[7]_i_1435/CO[3]
                         net (fo=16, routed)          1.031    42.175    y_reg[7]_i_1435_n_0
    SLICE_X62Y84         LUT5 (Prop_lut5_I4_O)        0.124    42.299 r  y[1]_i_165/O
                         net (fo=5, routed)           1.161    43.460    y[1]_i_165_n_0
    SLICE_X62Y86         LUT4 (Prop_lut4_I0_O)        0.124    43.584 r  y[7]_i_1430/O
                         net (fo=1, routed)           0.000    43.584    y[7]_i_1430_n_0
    SLICE_X62Y86         CARRY4 (Prop_carry4_S[0]_CO[3])
                                                      0.513    44.097 r  y_reg[7]_i_1215/CO[3]
                         net (fo=32, routed)          1.260    45.357    y_reg[7]_i_1215_n_0
    SLICE_X62Y87         LUT3 (Prop_lut3_I1_O)        0.153    45.510 r  y[7]_i_970/O
                         net (fo=10, routed)          1.206    46.716    y[7]_i_970_n_0
    SLICE_X59Y88         LUT4 (Prop_lut4_I0_O)        0.331    47.047 r  y[7]_i_1210/O
                         net (fo=1, routed)           0.000    47.047    y[7]_i_1210_n_0
    SLICE_X59Y88         CARRY4 (Prop_carry4_S[3]_CO[3])
                                                      0.401    47.448 r  y_reg[7]_i_969/CO[3]
                         net (fo=56, routed)          1.312    48.760    y_reg[7]_i_969_n_0
    SLICE_X60Y89         LUT3 (Prop_lut3_I1_O)        0.153    48.913 f  y[7]_i_1653/O
                         net (fo=2, routed)           0.821    49.734    y[7]_i_1653_n_0
    SLICE_X62Y88         LUT6 (Prop_lut6_I5_O)        0.327    50.061 r  y[7]_i_1438/O
                         net (fo=1, routed)           0.513    50.574    y[7]_i_1438_n_0
    SLICE_X61Y88         CARRY4 (Prop_carry4_DI[1]_CO[3])
                                                      0.507    51.081 r  y_reg[7]_i_1225/CO[3]
                         net (fo=16, routed)          0.763    51.843    y_reg[7]_i_1225_n_0
    SLICE_X62Y88         LUT5 (Prop_lut5_I3_O)        0.124    51.967 r  y[3]_i_142/O
                         net (fo=4, routed)           1.159    53.126    y[3]_i_142_n_0
    SLICE_X61Y92         LUT4 (Prop_lut4_I0_O)        0.124    53.250 r  y[7]_i_1223/O
                         net (fo=1, routed)           0.000    53.250    y[7]_i_1223_n_0
    SLICE_X61Y92         CARRY4 (Prop_carry4_S[1]_CO[3])
                                                      0.550    53.800 r  y_reg[7]_i_988/CO[3]
                         net (fo=16, routed)          0.961    54.761    y_reg[7]_i_988_n_0
    SLICE_X62Y92         LUT3 (Prop_lut3_I1_O)        0.149    54.910 r  y[7]_i_753/O
                         net (fo=4, routed)           0.839    55.749    y[7]_i_753_n_0
    SLICE_X58Y91         LUT6 (Prop_lut6_I3_O)        0.355    56.104 r  y[7]_i_979/O
                         net (fo=1, routed)           0.541    56.645    y[7]_i_979_n_0
    SLICE_X57Y91         CARRY4 (Prop_carry4_DI[3]_CO[3])
                                                      0.385    57.030 r  y_reg[7]_i_752/CO[3]
                         net (fo=20, routed)          0.896    57.927    y_reg[7]_i_752_n_0
    SLICE_X58Y91         LUT5 (Prop_lut5_I3_O)        0.116    58.043 r  y[3]_i_87/O
                         net (fo=7, routed)           1.169    59.211    y[3]_i_87_n_0
    SLICE_X56Y93         LUT4 (Prop_lut4_I0_O)        0.328    59.539 r  y[7]_i_747/O
                         net (fo=1, routed)           0.000    59.539    y[7]_i_747_n_0
    SLICE_X56Y93         CARRY4 (Prop_carry4_S[1]_CO[3])
                                                      0.550    60.089 r  y_reg[7]_i_541/CO[3]
                         net (fo=40, routed)          1.297    61.387    y_reg[7]_i_541_n_0
    SLICE_X56Y92         LUT3 (Prop_lut3_I1_O)        0.124    61.511 r  y[1]_i_61/O
                         net (fo=7, routed)           1.112    62.623    y[1]_i_61_n_0
    SLICE_X53Y92         LUT6 (Prop_lut6_I3_O)        0.124    62.747 r  y[7]_i_535/O
                         net (fo=1, routed)           0.520    63.267    y[7]_i_535_n_0
    SLICE_X53Y93         CARRY4 (Prop_carry4_DI[0]_CO[3])
                                                      0.526    63.793 r  y_reg[7]_i_350/CO[3]
                         net (fo=28, routed)          1.270    65.063    y_reg[7]_i_350_n_0
    SLICE_X54Y92         LUT5 (Prop_lut5_I4_O)        0.150    65.213 f  y[7]_i_527/O
                         net (fo=7, routed)           0.705    65.918    y[7]_i_527_n_0
    SLICE_X52Y91         LUT6 (Prop_lut6_I5_O)        0.348    66.266 r  y[7]_i_545/O
                         net (fo=1, routed)           0.660    66.926    y[7]_i_545_n_0
    SLICE_X52Y92         CARRY4 (Prop_carry4_DI[1]_CO[3])
                                                      0.507    67.433 r  y_reg[7]_i_353/CO[3]
                         net (fo=28, routed)          1.213    68.647    y_reg[7]_i_353_n_0
    SLICE_X52Y94         LUT3 (Prop_lut3_I2_O)        0.152    68.799 r  y[6]_i_59/O
                         net (fo=7, routed)           0.707    69.506    y[6]_i_59_n_0
    SLICE_X53Y95         LUT6 (Prop_lut6_I4_O)        0.332    69.838 r  y[7]_i_645/O
                         net (fo=1, routed)           0.470    70.308    y[7]_i_645_n_0
    SLICE_X53Y96         CARRY4 (Prop_carry4_DI[3]_CO[3])
                                                      0.385    70.693 r  y_reg[7]_i_430/CO[3]
                         net (fo=28, routed)          1.269    71.962    y_reg[7]_i_430_n_0
    SLICE_X53Y95         LUT5 (Prop_lut5_I4_O)        0.124    72.086 r  y[7]_i_256/O
                         net (fo=7, routed)           0.853    72.939    y[7]_i_256_n_0
    SLICE_X51Y95         LUT6 (Prop_lut6_I3_O)        0.124    73.063 r  y[7]_i_418/O
                         net (fo=1, routed)           0.401    73.465    y[7]_i_418_n_0
    SLICE_X50Y95         CARRY4 (Prop_carry4_DI[3]_CO[3])
                                                      0.396    73.861 r  y_reg[7]_i_255/CO[3]
                         net (fo=28, routed)          1.003    74.864    y_reg[7]_i_255_n_0
    SLICE_X50Y96         LUT5 (Prop_lut5_I4_O)        0.124    74.988 f  y[0]_i_49/O
                         net (fo=4, routed)           0.604    75.592    y[0]_i_49_n_0
    SLICE_X48Y95         LUT6 (Prop_lut6_I5_O)        0.124    75.716 r  y[7]_i_434/O
                         net (fo=1, routed)           0.568    76.284    y[7]_i_434_n_0
    SLICE_X49Y95         CARRY4 (Prop_carry4_DI[0]_CO[3])
                                                      0.526    76.810 r  y_reg[7]_i_258/CO[3]
                         net (fo=16, routed)          1.197    78.007    y_reg[7]_i_258_n_0
    SLICE_X48Y96         LUT5 (Prop_lut5_I3_O)        0.150    78.157 r  y[3]_i_33/O
                         net (fo=6, routed)           0.960    79.117    y[3]_i_33_n_0
    SLICE_X49Y98         LUT4 (Prop_lut4_I0_O)        0.326    79.443 r  y[7]_i_296/O
                         net (fo=1, routed)           0.000    79.443    y[7]_i_296_n_0
    SLICE_X49Y98         CARRY4 (Prop_carry4_S[1]_CO[3])
                                                      0.550    79.993 r  y_reg[7]_i_165/CO[3]
                         net (fo=16, routed)          1.105    81.098    y_reg[7]_i_165_n_0
    SLICE_X47Y100        LUT3 (Prop_lut3_I1_O)        0.118    81.216 r  y[3]_i_18/O
                         net (fo=7, routed)           0.993    82.210    y[3]_i_18_n_0
    SLICE_X45Y99         LUT4 (Prop_lut4_I1_O)        0.326    82.536 r  y[7]_i_162/O
                         net (fo=1, routed)           0.000    82.536    y[7]_i_162_n_0
    SLICE_X45Y99         CARRY4 (Prop_carry4_S[1]_CO[3])
                                                      0.550    83.086 r  y_reg[7]_i_64/CO[3]
                         net (fo=24, routed)          1.304    84.390    y_reg[7]_i_64_n_0
    SLICE_X45Y101        LUT3 (Prop_lut3_I1_O)        0.150    84.540 r  y[7]_i_90/O
                         net (fo=5, routed)           0.834    85.374    y[7]_i_90_n_0
    SLICE_X44Y99         LUT4 (Prop_lut4_I1_O)        0.326    85.700 r  y[7]_i_152/O
                         net (fo=1, routed)           0.000    85.700    y[7]_i_152_n_0
    SLICE_X44Y99         CARRY4 (Prop_carry4_S[3]_CO[3])
                                                      0.401    86.101 r  y_reg[7]_i_62/CO[3]
                         net (fo=16, routed)          1.536    87.637    p_4_in
    SLICE_X45Y100        LUT5 (Prop_lut5_I1_O)        0.152    87.789 r  y[0]_i_7/O
                         net (fo=6, routed)           0.837    88.626    y[0]_i_7_n_0
    SLICE_X41Y100        LUT4 (Prop_lut4_I3_O)        0.326    88.952 r  y[7]_i_81/O
                         net (fo=1, routed)           0.000    88.952    y[7]_i_81_n_0
    SLICE_X41Y100        CARRY4 (Prop_carry4_S[0]_CO[3])
                                                      0.532    89.484 r  y_reg[7]_i_22/CO[3]
                         net (fo=16, routed)          1.200    90.684    y_reg[7]_i_22_n_0
    SLICE_X41Y101        LUT3 (Prop_lut3_I1_O)        0.152    90.836 r  y[1]_i_5/O
                         net (fo=5, routed)           0.783    91.619    y[1]_i_5_n_0
    SLICE_X37Y100        LUT4 (Prop_lut4_I0_O)        0.326    91.945 r  y[7]_i_54/O
                         net (fo=1, routed)           0.000    91.945    y[7]_i_54_n_0
    SLICE_X37Y100        CARRY4 (Prop_carry4_S[0]_CO[3])
                                                      0.532    92.477 r  y_reg[7]_i_10/CO[3]
                         net (fo=8, routed)           1.160    93.637    y_reg[7]_i_10_n_0
    SLICE_X38Y101        LUT6 (Prop_lut6_I4_O)        0.124    93.761 r  y[1]_i_2/O
                         net (fo=3, routed)           0.668    94.428    y[1]_i_2_n_0
    SLICE_X39Y101        LUT4 (Prop_lut4_I0_O)        0.124    94.552 r  y[7]_i_19/O
                         net (fo=1, routed)           0.000    94.552    y[7]_i_19_n_0
    SLICE_X39Y101        CARRY4 (Prop_carry4_S[0]_CO[3])
                                                      0.532    95.084 r  y_reg[7]_i_4/CO[3]
                         net (fo=8, routed)           0.892    95.976    s1
    SLICE_X39Y102        LUT3 (Prop_lut3_I1_O)        0.117    96.093 r  y[7]_i_2/O
                         net (fo=1, routed)           0.000    96.093    y[7]_i_2_n_0
    SLICE_X39Y102        FDRE                                         r  y_reg[7]/D
  -------------------------------------------------------------------    -------------------

                         (clock vclk rise edge)      95.526    95.526 r  <hidden>
                                                      0.000    95.526 r  clk
                         net (fo=167, unset)          0.924    96.450    clk
    SLICE_X39Y102        FDRE                                         r  y_reg[7]/C
                         clock pessimism              0.000    96.450    <hidden>
                         clock uncertainty           -0.035    96.415    <hidden>
    SLICE_X39Y102        FDRE (Setup_fdre_C_D)        0.075    96.490    y_reg[7]
  -------------------------------------------------------------------
                         required time                         96.490    <hidden>
                         arrival time                         -96.093    <hidden>
  -------------------------------------------------------------------
                         slack                                  0.397    <hidden>

Slack (MET) :             0.406ns  (required time - arrival time)
  Source:                 w0_reg[3]/C
                            (rising edge-triggered cell FDRE clocked by vclk  {rise@0.000ns fall@47.763ns period=95.526ns})
  Destination:            y_reg[1]/D
                            (rising edge-triggered cell FDRE clocked by vclk  {rise@0.000ns fall@47.763ns period=95.526ns})
  Path Group:             vclk
  Path Type:              Setup (Max at Slow Process Corner)
  Requirement:            95.526ns  (vclk rise@95.526ns - vclk rise@0.000ns)
  Data Path Delay:        95.111ns  (logic 27.404ns (28.813%)  route 67.707ns (71.187%))
  Logic Levels:           90  (CARRY4=30 LUT3=14 LUT4=14 LUT5=14 LUT6=18)
  Clock Path Skew:        -0.049ns (DCD - SCD + CPR)
    Destination Clock Delay (DCD):    0.924ns = ( 96.450 - 95.526 ) 
    Source Clock Delay      (SCD):    0.973ns
    Clock Pessimism Removal (CPR):    0.000ns
  Clock Uncertainty:      0.035ns  ((TSJ^2 + TIJ^2)^1/2 + DJ) / 2 + PE
    Total System Jitter     (TSJ):    0.071ns
    Total Input Jitter      (TIJ):    0.000ns
    Discrete Jitter          (DJ):    0.000ns
    Phase Error              (PE):    0.000ns

    Location             Delay type                Incr(ns)  Path(ns)    Netlist Resource(s)
  -------------------------------------------------------------------    -------------------
                         (clock vclk rise edge)       0.000     0.000 r  <hidden>
                                                      0.000     0.000 r  clk
                         net (fo=167, unset)          0.973     0.973    clk
    SLICE_X65Y73         FDRE                                         r  w0_reg[3]/C
  -------------------------------------------------------------------    -------------------
    SLICE_X65Y73         FDRE (Prop_fdre_C_Q)         0.456     1.429 r  w0_reg[3]/Q
                         net (fo=11, routed)          0.857     2.286    w0[3]
    SLICE_X65Y73         LUT4 (Prop_lut4_I0_O)        0.124     2.410 r  y[7]_i_2014/O
                         net (fo=1, routed)           0.000     2.410    y[7]_i_2014_n_0
    SLICE_X65Y73         CARRY4 (Prop_carry4_S[1]_CO[3])
                                                      0.550     2.960 r  y_reg[7]_i_1914/CO[3]
                         net (fo=64, routed)          1.253     4.212    y_reg[7]_i_1914_n_0
    SLICE_X65Y72         LUT3 (Prop_lut3_I1_O)        0.152     4.364 r  y[7]_i_2103/O
                         net (fo=1, routed)           0.267     4.631    y[7]_i_2103_n_0
    SLICE_X65Y72         LUT6 (Prop_lut6_I1_O)        0.332     4.963 r  y[7]_i_2019/O
                         net (fo=1, routed)           0.528     5.491    y[7]_i_2019_n_0
    SLICE_X62Y72         CARRY4 (Prop_carry4_DI[0]_CO[3])
                                                      0.550     6.041 r  y_reg[7]_i_1915/CO[3]
                         net (fo=40, routed)          1.231     7.272    y_reg[7]_i_1915_n_0
    SLICE_X64Y74         LUT5 (Prop_lut5_I3_O)        0.150     7.422 f  y[7]_i_2085/O
                         net (fo=1, routed)           0.767     8.189    y[7]_i_2085_n_0
    SLICE_X64Y72         LUT6 (Prop_lut6_I1_O)        0.326     8.515 r  y[7]_i_2000/O
                         net (fo=1, routed)           0.599     9.113    y[7]_i_2000_n_0
    SLICE_X64Y73         CARRY4 (Prop_carry4_DI[3]_CO[3])
                                                      0.385     9.498 r  y_reg[7]_i_1913/CO[3]
                         net (fo=16, routed)          1.281    10.779    y_reg[7]_i_1913_n_0
    SLICE_X63Y75         LUT6 (Prop_lut6_I2_O)        0.124    10.903 r  y[7]_i_2111/O
                         net (fo=4, routed)           0.596    11.500    y[7]_i_2111_n_0
    SLICE_X63Y74         LUT6 (Prop_lut6_I2_O)        0.124    11.624 r  y[7]_i_2035/O
                         net (fo=1, routed)           0.544    12.167    y[7]_i_2035_n_0
    SLICE_X62Y74         CARRY4 (Prop_carry4_DI[0]_CO[3])
                                                      0.550    12.717 r  y_reg[7]_i_1925/CO[3]
                         net (fo=16, routed)          1.414    14.132    y_reg[7]_i_1925_n_0
    SLICE_X62Y75         LUT5 (Prop_lut5_I3_O)        0.150    14.282 r  y[1]_i_227/O
                         net (fo=4, routed)           0.743    15.025    y[1]_i_227_n_0
    SLICE_X61Y77         LUT4 (Prop_lut4_I1_O)        0.328    15.353 r  y[7]_i_2063/O
                         net (fo=1, routed)           0.000    15.353    y[7]_i_2063_n_0
    SLICE_X61Y77         CARRY4 (Prop_carry4_S[0]_CO[3])
                                                      0.532    15.885 r  y_reg[7]_i_1949/CO[3]
                         net (fo=16, routed)          0.937    16.822    y_reg[7]_i_1949_n_0
    SLICE_X61Y76         LUT3 (Prop_lut3_I1_O)        0.124    16.946 f  y[1]_i_219/O
                         net (fo=5, routed)           0.844    17.790    y[1]_i_219_n_0
    SLICE_X65Y76         LUT6 (Prop_lut6_I3_O)        0.124    17.914 r  y[7]_i_1943/O
                         net (fo=1, routed)           0.613    18.527    y[7]_i_1943_n_0
    SLICE_X65Y77         CARRY4 (Prop_carry4_DI[0]_CO[3])
                                                      0.526    19.053 r  y_reg[7]_i_1811/CO[3]
                         net (fo=32, routed)          1.628    20.681    y_reg[7]_i_1811_n_0
    SLICE_X62Y78         LUT3 (Prop_lut3_I1_O)        0.152    20.833 r  y[7]_i_1961/O
                         net (fo=8, routed)           0.587    21.419    y[7]_i_1961_n_0
    SLICE_X61Y78         LUT4 (Prop_lut4_I3_O)        0.348    21.767 r  y[7]_i_1889/O
                         net (fo=1, routed)           0.000    21.767    y[7]_i_1889_n_0
    SLICE_X61Y78         CARRY4 (Prop_carry4_S[3]_CO[3])
                                                      0.401    22.168 r  y_reg[7]_i_1770/CO[3]
                         net (fo=56, routed)          1.074    23.243    y_reg[7]_i_1770_n_0
    SLICE_X60Y78         LUT3 (Prop_lut3_I1_O)        0.152    23.395 f  y[7]_i_2065/O
                         net (fo=2, routed)           0.600    23.994    y[7]_i_2065_n_0
    SLICE_X62Y78         LUT6 (Prop_lut6_I5_O)        0.332    24.326 r  y[7]_i_1952/O
                         net (fo=1, routed)           0.190    24.516    y[7]_i_1952_n_0
    SLICE_X63Y78         CARRY4 (Prop_carry4_DI[2]_CO[3])
                                                      0.398    24.914 r  y_reg[7]_i_1822/CO[3]
                         net (fo=16, routed)          1.173    26.086    y_reg[7]_i_1822_n_0
    SLICE_X62Y79         LUT5 (Prop_lut5_I1_O)        0.153    26.239 f  y[7]_i_1907/O
                         net (fo=4, routed)           0.622    26.861    y[7]_i_1907_n_0
    SLICE_X65Y80         LUT6 (Prop_lut6_I5_O)        0.331    27.192 r  y[7]_i_1814/O
                         net (fo=1, routed)           0.472    27.664    y[7]_i_1814_n_0
    SLICE_X65Y79         CARRY4 (Prop_carry4_DI[2]_CO[3])
                                                      0.398    28.062 r  y_reg[7]_i_1633/CO[3]
                         net (fo=16, routed)          0.816    28.878    y_reg[7]_i_1633_n_0
    SLICE_X64Y79         LUT5 (Prop_lut5_I4_O)        0.118    28.996 r  y[1]_i_199/O
                         net (fo=5, routed)           1.013    30.008    y[1]_i_199_n_0
    SLICE_X64Y81         LUT4 (Prop_lut4_I0_O)        0.326    30.334 r  y[7]_i_1732/O
                         net (fo=1, routed)           0.000    30.334    y[7]_i_1732_n_0
    SLICE_X64Y81         CARRY4 (Prop_carry4_S[0]_CO[3])
                                                      0.532    30.866 r  y_reg[7]_i_1571/CO[3]
                         net (fo=32, routed)          0.969    31.836    y_reg[7]_i_1571_n_0
    SLICE_X64Y82         LUT3 (Prop_lut3_I1_O)        0.150    31.986 f  y[3]_i_189/O
                         net (fo=6, routed)           0.616    32.602    y[3]_i_189_n_0
    SLICE_X64Y83         LUT6 (Prop_lut6_I4_O)        0.326    32.928 r  y[7]_i_1637/O
                         net (fo=1, routed)           0.750    33.678    y[7]_i_1637_n_0
    SLICE_X65Y83         CARRY4 (Prop_carry4_DI[1]_CO[3])
                                                      0.507    34.185 r  y_reg[7]_i_1432/CO[3]
                         net (fo=28, routed)          1.401    35.586    y_reg[7]_i_1432_n_0
    SLICE_X62Y82         LUT5 (Prop_lut5_I3_O)        0.146    35.732 r  y[1]_i_204/O
                         net (fo=4, routed)           0.838    36.569    y[1]_i_204_n_0
    SLICE_X61Y83         LUT6 (Prop_lut6_I3_O)        0.328    36.897 r  y[7]_i_1783/O
                         net (fo=1, routed)           0.622    37.519    y[7]_i_1783_n_0
    SLICE_X62Y83         CARRY4 (Prop_carry4_DI[0]_CO[3])
                                                      0.550    38.069 r  y_reg[7]_i_1620/CO[3]
                         net (fo=16, routed)          0.972    39.041    y_reg[7]_i_1620_n_0
    SLICE_X61Y84         LUT5 (Prop_lut5_I1_O)        0.120    39.161 f  y[3]_i_190/O
                         net (fo=4, routed)           0.668    39.830    y[3]_i_190_n_0
    SLICE_X63Y84         LUT6 (Prop_lut6_I3_O)        0.327    40.157 r  y[7]_i_1645/O
                         net (fo=1, routed)           0.480    40.637    y[7]_i_1645_n_0
    SLICE_X64Y84         CARRY4 (Prop_carry4_DI[1]_CO[3])
                                                      0.507    41.144 r  y_reg[7]_i_1435/CO[3]
                         net (fo=16, routed)          1.031    42.175    y_reg[7]_i_1435_n_0
    SLICE_X62Y84         LUT5 (Prop_lut5_I4_O)        0.124    42.299 r  y[1]_i_165/O
                         net (fo=5, routed)           1.161    43.460    y[1]_i_165_n_0
    SLICE_X62Y86         LUT4 (Prop_lut4_I0_O)        0.124    43.584 r  y[7]_i_1430/O
                         net (fo=1, routed)           0.000    43.584    y[7]_i_1430_n_0
    SLICE_X62Y86         CARRY4 (Prop_carry4_S[0]_CO[3])
                                                      0.513    44.097 r  y_reg[7]_i_1215/CO[3]
                         net (fo=32, routed)          1.260    45.357    y_reg[7]_i_1215_n_0
    SLICE_X62Y87         LUT3 (Prop_lut3_I1_O)        0.153    45.510 r  y[7]_i_970/O
                         net (fo=10, routed)          1.206    46.716    y[7]_i_970_n_0
    SLICE_X59Y88         LUT4 (Prop_lut4_I0_O)        0.331    47.047 r  y[7]_i_1210/O
                         net (fo=1, routed)           0.000    47.047    y[7]_i_1210_n_0
    SLICE_X59Y88         CARRY4 (Prop_carry4_S[3]_CO[3])
                                                      0.401    47.448 r  y_reg[7]_i_969/CO[3]
                         net (fo=56, routed)          1.312    48.760    y_reg[7]_i_969_n_0
    SLICE_X60Y89         LUT3 (Prop_lut3_I1_O)        0.153    48.913 f  y[7]_i_1653/O
                         net (fo=2, routed)           0.821    49.734    y[7]_i_1653_n_0
    SLICE_X62Y88         LUT6 (Prop_lut6_I5_O)        0.327    50.061 r  y[7]_i_1438/O
                         net (fo=1, routed)           0.513    50.574    y[7]_i_1438_n_0
    SLICE_X61Y88         CARRY4 (Prop_carry4_DI[1]_CO[3])
                                                      0.507    51.081 r  y_reg[7]_i_1225/CO[3]
                         net (fo=16, routed)          0.763    51.843    y_reg[7]_i_1225_n_0
    SLICE_X62Y88         LUT5 (Prop_lut5_I3_O)        0.124    51.967 r  y[3]_i_142/O
                         net (fo=4, routed)           1.159    53.126    y[3]_i_142_n_0
    SLICE_X61Y92         LUT4 (Prop_lut4_I0_O)        0.124    53.250 r  y[7]_i_1223/O
                         net (fo=1, routed)           0.000    53.250    y[7]_i_1223_n_0
    SLICE_X61Y92         CARRY4 (Prop_carry4_S[1]_CO[3])
                                                      0.550    53.800 r  y_reg[7]_i_988/CO[3]
                         net (fo=16, routed)          0.961    54.761    y_reg[7]_i_988_n_0
    SLICE_X62Y92         LUT3 (Prop_lut3_I1_O)        0.149    54.910 r  y[7]_i_753/O
                         net (fo=4, routed)           0.839    55.749    y[7]_i_753_n_0
    SLICE_X58Y91         LUT6 (Prop_lut6_I3_O)        0.355    56.104 r  y[7]_i_979/O
                         net (fo=1, routed)           0.541    56.645    y[7]_i_979_n_0
    SLICE_X57Y91         CARRY4 (Prop_carry4_DI[3]_CO[3])
                                                      0.385    57.030 r  y_reg[7]_i_752/CO[3]
                         net (fo=20, routed)          0.896    57.927    y_reg[7]_i_752_n_0
    SLICE_X58Y91         LUT5 (Prop_lut5_I3_O)        0.116    58.043 r  y[3]_i_87/O
                         net (fo=7, routed)           1.169    59.211    y[3]_i_87_n_0
    SLICE_X56Y93         LUT4 (Prop_lut4_I0_O)        0.328    59.539 r  y[7]_i_747/O
                         net (fo=1, routed)           0.000    59.539    y[7]_i_747_n_0
    SLICE_X56Y93         CARRY4 (Prop_carry4_S[1]_CO[3])
                                                      0.550    60.089 r  y_reg[7]_i_541/CO[3]
                         net (fo=40, routed)          1.297    61.387    y_reg[7]_i_541_n_0
    SLICE_X56Y92         LUT3 (Prop_lut3_I1_O)        0.124    61.511 r  y[1]_i_61/O
                         net (fo=7, routed)           1.112    62.623    y[1]_i_61_n_0
    SLICE_X53Y92         LUT6 (Prop_lut6_I3_O)        0.124    62.747 r  y[7]_i_535/O
                         net (fo=1, routed)           0.520    63.267    y[7]_i_535_n_0
    SLICE_X53Y93         CARRY4 (Prop_carry4_DI[0]_CO[3])
                                                      0.526    63.793 r  y_reg[7]_i_350/CO[3]
                         net (fo=28, routed)          1.270    65.063    y_reg[7]_i_350_n_0
    SLICE_X54Y92         LUT5 (Prop_lut5_I4_O)        0.150    65.213 f  y[7]_i_527/O
                         net (fo=7, routed)           0.705    65.918    y[7]_i_527_n_0
    SLICE_X52Y91         LUT6 (Prop_lut6_I5_O)        0.348    66.266 r  y[7]_i_545/O
                         net (fo=1, routed)           0.660    66.926    y[7]_i_545_n_0
    SLICE_X52Y92         CARRY4 (Prop_carry4_DI[1]_CO[3])
                                                      0.507    67.433 r  y_reg[7]_i_353/CO[3]
                         net (fo=28, routed)          1.213    68.647    y_reg[7]_i_353_n_0
    SLICE_X52Y94         LUT3 (Prop_lut3_I2_O)        0.152    68.799 r  y[6]_i_59/O
                         net (fo=7, routed)           0.707    69.506    y[6]_i_59_n_0
    SLICE_X53Y95         LUT6 (Prop_lut6_I4_O)        0.332    69.838 r  y[7]_i_645/O
                         net (fo=1, routed)           0.470    70.308    y[7]_i_645_n_0
    SLICE_X53Y96         CARRY4 (Prop_carry4_DI[3]_CO[3])
                                                      0.385    70.693 r  y_reg[7]_i_430/CO[3]
                         net (fo=28, routed)          1.269    71.962    y_reg[7]_i_430_n_0
    SLICE_X53Y95         LUT5 (Prop_lut5_I4_O)        0.124    72.086 r  y[7]_i_256/O
                         net (fo=7, routed)           0.853    72.939    y[7]_i_256_n_0
    SLICE_X51Y95         LUT6 (Prop_lut6_I3_O)        0.124    73.063 r  y[7]_i_418/O
                         net (fo=1, routed)           0.401    73.465    y[7]_i_418_n_0
    SLICE_X50Y95         CARRY4 (Prop_carry4_DI[3]_CO[3])
                                                      0.396    73.861 r  y_reg[7]_i_255/CO[3]
                         net (fo=28, routed)          1.003    74.864    y_reg[7]_i_255_n_0
    SLICE_X50Y96         LUT5 (Prop_lut5_I4_O)        0.124    74.988 f  y[0]_i_49/O
                         net (fo=4, routed)           0.604    75.592    y[0]_i_49_n_0
    SLICE_X48Y95         LUT6 (Prop_lut6_I5_O)        0.124    75.716 r  y[7]_i_434/O
                         net (fo=1, routed)           0.568    76.284    y[7]_i_434_n_0
    SLICE_X49Y95         CARRY4 (Prop_carry4_DI[0]_CO[3])
                                                      0.526    76.810 r  y_reg[7]_i_258/CO[3]
                         net (fo=16, routed)          1.197    78.007    y_reg[7]_i_258_n_0
    SLICE_X48Y96         LUT5 (Prop_lut5_I3_O)        0.150    78.157 r  y[3]_i_33/O
                         net (fo=6, routed)           0.960    79.117    y[3]_i_33_n_0
    SLICE_X49Y98         LUT4 (Prop_lut4_I0_O)        0.326    79.443 r  y[7]_i_296/O
                         net (fo=1, routed)           0.000    79.443    y[7]_i_296_n_0
    SLICE_X49Y98         CARRY4 (Prop_carry4_S[1]_CO[3])
                                                      0.550    79.993 r  y_reg[7]_i_165/CO[3]
                         net (fo=16, routed)          1.105    81.098    y_reg[7]_i_165_n_0
    SLICE_X47Y100        LUT3 (Prop_lut3_I1_O)        0.118    81.216 r  y[3]_i_18/O
                         net (fo=7, routed)           0.993    82.210    y[3]_i_18_n_0
    SLICE_X45Y99         LUT4 (Prop_lut4_I1_O)        0.326    82.536 r  y[7]_i_162/O
                         net (fo=1, routed)           0.000    82.536    y[7]_i_162_n_0
    SLICE_X45Y99         CARRY4 (Prop_carry4_S[1]_CO[3])
                                                      0.550    83.086 r  y_reg[7]_i_64/CO[3]
                         net (fo=24, routed)          1.304    84.390    y_reg[7]_i_64_n_0
    SLICE_X45Y101        LUT3 (Prop_lut3_I1_O)        0.150    84.540 r  y[7]_i_90/O
                         net (fo=5, routed)           0.834    85.374    y[7]_i_90_n_0
    SLICE_X44Y99         LUT4 (Prop_lut4_I1_O)        0.326    85.700 r  y[7]_i_152/O
                         net (fo=1, routed)           0.000    85.700    y[7]_i_152_n_0
    SLICE_X44Y99         CARRY4 (Prop_carry4_S[3]_CO[3])
                                                      0.401    86.101 r  y_reg[7]_i_62/CO[3]
                         net (fo=16, routed)          1.536    87.637    p_4_in
    SLICE_X45Y100        LUT5 (Prop_lut5_I1_O)        0.152    87.789 r  y[0]_i_7/O
                         net (fo=6, routed)           0.837    88.626    y[0]_i_7_n_0
    SLICE_X41Y100        LUT4 (Prop_lut4_I3_O)        0.326    88.952 r  y[7]_i_81/O
                         net (fo=1, routed)           0.000    88.952    y[7]_i_81_n_0
    SLICE_X41Y100        CARRY4 (Prop_carry4_S[0]_CO[3])
                                                      0.532    89.484 r  y_reg[7]_i_22/CO[3]
                         net (fo=16, routed)          1.200    90.684    y_reg[7]_i_22_n_0
    SLICE_X41Y101        LUT3 (Prop_lut3_I1_O)        0.152    90.836 r  y[1]_i_5/O
                         net (fo=5, routed)           0.783    91.619    y[1]_i_5_n_0
    SLICE_X37Y100        LUT4 (Prop_lut4_I0_O)        0.326    91.945 r  y[7]_i_54/O
                         net (fo=1, routed)           0.000    91.945    y[7]_i_54_n_0
    SLICE_X37Y100        CARRY4 (Prop_carry4_S[0]_CO[3])
                                                      0.532    92.477 r  y_reg[7]_i_10/CO[3]
                         net (fo=8, routed)           1.160    93.637    y_reg[7]_i_10_n_0
    SLICE_X38Y101        LUT6 (Prop_lut6_I4_O)        0.124    93.761 r  y[1]_i_2/O
                         net (fo=3, routed)           0.668    94.428    y[1]_i_2_n_0
    SLICE_X39Y101        LUT4 (Prop_lut4_I0_O)        0.124    94.552 r  y[7]_i_19/O
                         net (fo=1, routed)           0.000    94.552    y[7]_i_19_n_0
    SLICE_X39Y101        CARRY4 (Prop_carry4_S[0]_CO[3])
                                                      0.532    95.084 r  y_reg[7]_i_4/CO[3]
                         net (fo=8, routed)           0.882    95.966    s1
    SLICE_X39Y102        LUT3 (Prop_lut3_I1_O)        0.118    96.084 r  y[1]_i_1/O
                         net (fo=1, routed)           0.000    96.084    y[1]_i_1_n_0
    SLICE_X39Y102        FDRE                                         r  y_reg[1]/D
  -------------------------------------------------------------------    -------------------

                         (clock vclk rise edge)      95.526    95.526 r  <hidden>
                                                      0.000    95.526 r  clk
                         net (fo=167, unset)          0.924    96.450    clk
    SLICE_X39Y102        FDRE                                         r  y_reg[1]/C
                         clock pessimism              0.000    96.450    <hidden>
                         clock uncertainty           -0.035    96.415    <hidden>
    SLICE_X39Y102        FDRE (Setup_fdre_C_D)        0.075    96.490    y_reg[1]
  -------------------------------------------------------------------
                         required time                         96.490    <hidden>
                         arrival time                         -96.084    <hidden>
  -------------------------------------------------------------------
                         slack                                  0.406    <hidden>

Slack (MET) :             90.308ns  (required time - arrival time)
  Source:                 rst_n
                            (input port clocked by vclk  {rise@0.000ns fall@47.763ns period=95.526ns})
  Destination:            w0_reg[2]/R
                            (rising edge-triggered cell FDRE clocked by vclk  {rise@0.000ns fall@47.763ns period=95.526ns})
  Path Group:             vclk
  Path Type:              Setup (Max at Slow Process Corner)
  Requirement:            95.526ns  (vclk rise@95.526ns - vclk rise@0.000ns)
  Data Path Delay:        5.678ns  (logic 0.124ns (2.184%)  route 5.554ns (97.816%))
  Logic Levels:           1  (LUT1=1)
  Input Delay:            0.000ns
  Clock Path Skew:        0.924ns (DCD - SCD + CPR)
    Destination Clock Delay (DCD):    0.924ns = ( 96.450 - 95.526 ) 
    Source Clock Delay      (SCD):    0.000ns
    Clock Pessimism Removal (CPR):    0.000ns
  Clock Uncertainty:      0.035ns  ((TSJ^2 + TIJ^2)^1/2 + DJ) / 2 + PE
    Total System Jitter     (TSJ):    0.071ns
    Total Input Jitter      (TIJ):    0.000ns
    Discrete Jitter          (DJ):    0.000ns
    Phase Error              (PE):    0.000ns

    Location             Delay type                Incr(ns)  Path(ns)    Netlist Resource(s)
  -------------------------------------------------------------------    -------------------
                         (clock vclk rise edge)       0.000     0.000 r  <hidden>
                         input delay                  0.000     0.000    <hidden>
                                                      0.000     0.000 f  rst_n
                         net (fo=0)                   0.973     0.973    rst_n
    SLICE_X32Y76         LUT1 (Prop_lut1_I0_O)        0.124     1.097 r  y[7]_i_1/O
                         net (fo=168, routed)         4.581     5.678    y[7]_i_1_n_0
    SLICE_X63Y72         FDRE                                         r  w0_reg[2]/R
  -------------------------------------------------------------------    -------------------

                         (clock vclk rise edge)      95.526    95.526 r  <hidden>
                                                      0.000    95.526 r  clk
                         net (fo=167, unset)          0.924    96.450    clk
    SLICE_X63Y72         FDRE                                         r  w0_reg[2]/C
                         clock pessimism              0.000    96.450    <hidden>
                         clock uncertainty           -0.035    96.415    <hidden>
    SLICE_X63Y72         FDRE (Setup_fdre_C_R)       -0.429    95.986    w0_reg[2]
  -------------------------------------------------------------------
                         required time                         95.986    <hidden>
                         arrival time                          -5.678    <hidden>
  -------------------------------------------------------------------
                         slack                                 90.308    <hidden>

Slack (MET) :             90.308ns  (required time - arrival time)
  Source:                 rst_n
                            (input port clocked by vclk  {rise@0.000ns fall@47.763ns period=95.526ns})
  Destination:            w0_reg[4]/R
                            (rising edge-triggered cell FDRE clocked by vclk  {rise@0.000ns fall@47.763ns period=95.526ns})
  Path Group:             vclk
  Path Type:              Setup (Max at Slow Process Corner)
  Requirement:            95.526ns  (vclk rise@95.526ns - vclk rise@0.000ns)
  Data Path Delay:        5.678ns  (logic 0.124ns (2.184%)  route 5.554ns (97.816%))
  Logic Levels:           1  (LUT1=1)
  Input Delay:            0.000ns
  Clock Path Skew:        0.924ns (DCD - SCD + CPR)
    Destination Clock Delay (DCD):    0.924ns = ( 96.450 - 95.526 ) 
    Source Clock Delay      (SCD):    0.000ns
    Clock Pessimism Removal (CPR):    0.000ns
  Clock Uncertainty:      0.035ns  ((TSJ^2 + TIJ^2)^1/2 + DJ) / 2 + PE
    Total System Jitter     (TSJ):    0.071ns
    Total Input Jitter      (TIJ):    0.000ns
    Discrete Jitter          (DJ):    0.000ns
    Phase Error              (PE):    0.000ns

    Location             Delay type                Incr(ns)  Path(ns)    Netlist Resource(s)
  -------------------------------------------------------------------    -------------------
                         (clock vclk rise edge)       0.000     0.000 r  <hidden>
                         input delay                  0.000     0.000    <hidden>
                                                      0.000     0.000 f  rst_n
                         net (fo=0)                   0.973     0.973    rst_n
    SLICE_X32Y76         LUT1 (Prop_lut1_I0_O)        0.124     1.097 r  y[7]_i_1/O
                         net (fo=168, routed)         4.581     5.678    y[7]_i_1_n_0
    SLICE_X63Y72         FDRE                                         r  w0_reg[4]/R
  -------------------------------------------------------------------    -------------------

                         (clock vclk rise edge)      95.526    95.526 r  <hidden>
                                                      0.000    95.526 r  clk
                         net (fo=167, unset)          0.924    96.450    clk
    SLICE_X63Y72         FDRE                                         r  w0_reg[4]/C
                         clock pessimism              0.000    96.450    <hidden>
                         clock uncertainty           -0.035    96.415    <hidden>
    SLICE_X63Y72         FDRE (Setup_fdre_C_R)       -0.429    95.986    w0_reg[4]
  -------------------------------------------------------------------
                         required time                         95.986    <hidden>
                         arrival time                          -5.678    <hidden>
  -------------------------------------------------------------------
                         slack                                 90.308    <hidden>





Pulse Width Checks
--------------------------------------------------------------------------------------
Clock Name:         vclk
Waveform(ns):       { 0.000 47.763 }
Period(ns):         95.526
Sources:            { clk }

Check Type        Corner  Lib Pin  Reference Pin  Required(ns)  Actual(ns)  Slack(ns)  Location      Pin
Min Period        n/a     FDRE/C   n/a            1.000         95.526      94.526     SLICE_X65Y72  w0_reg[0]/C
Min Period        n/a     FDRE/C   n/a            1.000         95.526      94.526     SLICE_X65Y72  w0_reg[1]/C
Min Period        n/a     FDRE/C   n/a            1.000         95.526      94.526     SLICE_X63Y72  w0_reg[2]/C
Min Period        n/a     FDRE/C   n/a            1.000         95.526      94.526     SLICE_X65Y73  w0_reg[3]/C
Min Period        n/a     FDRE/C   n/a            1.000         95.526      94.526     SLICE_X63Y72  w0_reg[4]/C
Min Period        n/a     FDRE/C   n/a            1.000         95.526      94.526     SLICE_X64Y72  w0_reg[5]/C
Min Period        n/a     FDRE/C   n/a            1.000         95.526      94.526     SLICE_X62Y73  w0_reg[6]/C
Min Period        n/a     FDRE/C   n/a            1.000         95.526      94.526     SLICE_X65Y73  w0_reg[7]/C
Min Period        n/a     FDRE/C   n/a            1.000         95.526      94.526     SLICE_X42Y76  w10_reg[0]/C
Min Period        n/a     FDRE/C   n/a            1.000         95.526      94.526     SLICE_X43Y76  w10_reg[1]/C
Low Pulse Width   Slow    FDRE/C   n/a            0.500         47.763      47.263     SLICE_X65Y72  w0_reg[0]/C
Low Pulse Width   Fast    FDRE/C   n/a            0.500         47.763      47.263     SLICE_X65Y72  w0_reg[0]/C
Low Pulse Width   Slow    FDRE/C   n/a            0.500         47.763      47.263     SLICE_X65Y72  w0_reg[1]/C
Low Pulse Width   Fast    FDRE/C   n/a            0.500         47.763      47.263     SLICE_X65Y72  w0_reg[1]/C
Low Pulse Width   Slow    FDRE/C   n/a            0.500         47.763      47.263     SLICE_X63Y72  w0_reg[2]/C
Low Pulse Width   Fast    FDRE/C   n/a            0.500         47.763      47.263     SLICE_X63Y72  w0_reg[2]/C
Low Pulse Width   Slow    FDRE/C   n/a            0.500         47.763      47.263     SLICE_X65Y73  w0_reg[3]/C
Low Pulse Width   Fast    FDRE/C   n/a            0.500         47.763      47.263     SLICE_X65Y73  w0_reg[3]/C
Low Pulse Width   Slow    FDRE/C   n/a            0.500         47.763      47.263     SLICE_X63Y72  w0_reg[4]/C
Low Pulse Width   Fast    FDRE/C   n/a            0.500         47.763      47.263     SLICE_X63Y72  w0_reg[4]/C
High Pulse Width  Slow    FDRE/C   n/a            0.500         47.763      47.263     SLICE_X65Y72  w0_reg[0]/C
High Pulse Width  Fast    FDRE/C   n/a            0.500         47.763      47.263     SLICE_X65Y72  w0_reg[0]/C
High Pulse Width  Slow    FDRE/C   n/a            0.500         47.763      47.263     SLICE_X65Y72  w0_reg[1]/C
High Pulse Width  Fast    FDRE/C   n/a            0.500         47.763      47.263     SLICE_X65Y72  w0_reg[1]/C
High Pulse Width  Slow    FDRE/C   n/a            0.500         47.763      47.263     SLICE_X63Y72  w0_reg[2]/C
High Pulse Width  Fast    FDRE/C   n/a            0.500         47.763      47.263     SLICE_X63Y72  w0_reg[2]/C
High Pulse Width  Slow    FDRE/C   n/a            0.500         47.763      47.263     SLICE_X65Y73  w0_reg[3]/C
High Pulse Width  Fast    FDRE/C   n/a            0.500         47.763      47.263     SLICE_X65Y73  w0_reg[3]/C
High Pulse Width  Slow    FDRE/C   n/a            0.500         47.763      47.263     SLICE_X63Y72  w0_reg[4]/C
High Pulse Width  Fast    FDRE/C   n/a            0.500         47.763      47.263     SLICE_X63Y72  w0_reg[4]/C



