Copyright 1986-2022 Xilinx, Inc. All Rights Reserved. Copyright 2022-2026 Advanced Micro Devices, Inc. All Rights Reserved.
-----------------------------------------------------------------------------------------------------------------------------------------------------------------------------------------------------------------------------------------------------------------------------------------
| Tool Version : Vivado v.2026.1 (win64) Build 6511674 Tue Jun 16 11:02:23 MDT 2026
| Date         : Sun Aug 30 23:05:36 2026
| Host         : Amine running 64-bit major release  (build 9200)
| Command      : report_timing_summary -delay_type max -max_paths 10 -report_unconstrained -check_timing_verbose -warn_on_violation -file C:/Users/Amine/mas/fpga-repo/timing_closure_candidate_v7/results/c03_firr_sft_firr20_v6/trial_003_search_p24p437_a0/reports/timing_summary.rpt
| Design       : sft__firr20_v6__g1
| Device       : 7z020-clg400
| Speed File   : -1  PRODUCTION 1.12 2019-11-22
| Design State : Routed
-----------------------------------------------------------------------------------------------------------------------------------------------------------------------------------------------------------------------------------------------------------------------------------------

Timing Summary Report

------------------------------------------------------------------------------------------------
| Timer Settings
| --------------
------------------------------------------------------------------------------------------------

  Enable Multi Corner Analysis               :  Yes
  Enable Pessimism Removal                   :  Yes
  Pessimism Removal Resolution               :  Nearest Common Node
  Enable Input Delay Default Clock           :  No
  Enable Preset / Clear Arcs                 :  No
  Disable Flight Delays                      :  No
  Ignore I/O Paths                           :  No
  Timing Early Launch at Borrowing Latches   :  No
  Borrow Time for Max Delay Exceptions       :  Yes
  Merge Timing Exceptions                    :  Yes
  Inter-SLR Compensation                     :  Conservative

  Corner  Analyze    Analyze    
  Name    Max Paths  Min Paths  
  ------  ---------  ---------  
  Slow    Yes        Yes        
  Fast    Yes        Yes        


------------------------------------------------------------------------------------------------
| Report Methodology
| ------------------
------------------------------------------------------------------------------------------------

No report available as report_methodology has not been run prior. Run report_methodology on the current design for the summary of methodology violations.



check_timing report

Table of Contents
-----------------
1. checking no_clock (0)
2. checking constant_clock (0)
3. checking pulse_width_clock (0)
4. checking unconstrained_internal_endpoints (0)
5. checking no_input_delay (0)
6. checking no_output_delay (0)
7. checking multiple_clock (0)
8. checking generated_clocks (0)
9. checking loops (0)
10. checking partial_input_delay (0)
11. checking partial_output_delay (0)
12. checking latch_loops (0)

1. checking no_clock (0)
------------------------
 There are 0 register/latch pins with no clock.


2. checking constant_clock (0)
------------------------------
 There are 0 register/latch pins with constant_clock.


3. checking pulse_width_clock (0)
---------------------------------
 There are 0 register/latch pins which need pulse_width check


4. checking unconstrained_internal_endpoints (0)
------------------------------------------------
 There are 0 pins that are not constrained for maximum delay.

 There are 0 pins that are not constrained for maximum delay due to constant clock.


5. checking no_input_delay (0)
------------------------------
 There are 0 input ports with no input delay specified.

 There are 0 input ports with no input delay but user has a false path constraint.


6. checking no_output_delay (0)
-------------------------------
 There are 0 ports with no output delay specified.

 There are 0 ports with no output delay but user has a false path constraint

 There are 0 ports with no output delay but with a timing clock defined on it or propagating through it


7. checking multiple_clock (0)
------------------------------
 There are 0 register/latch pins with multiple clocks.


8. checking generated_clocks (0)
--------------------------------
 There are 0 generated clocks that are not connected to a clock source.


9. checking loops (0)
---------------------
 There are 0 combinational loops in the design.


10. checking partial_input_delay (0)
------------------------------------
 There are 0 input ports with partial input delay specified.


11. checking partial_output_delay (0)
-------------------------------------
 There are 0 ports with partial output delay specified.


12. checking latch_loops (0)
----------------------------
 There are 0 combinational latch loops in the design through latch input



------------------------------------------------------------------------------------------------
| Design Timing Summary
| ---------------------
------------------------------------------------------------------------------------------------

    WNS(ns)      TNS(ns)  TNS Failing Endpoints  TNS Total Endpoints     WPWS(ns)     TPWS(ns)  TPWS Failing Endpoints  TPWS Total Endpoints  
    -------      -------  ---------------------  -------------------     --------     --------  ----------------------  --------------------  
     -0.409       -0.643                      2                  362       11.719        0.000                       0                   174  


Timing constraints are not met.


------------------------------------------------------------------------------------------------
| Clock Summary
| -------------
------------------------------------------------------------------------------------------------

Clock  Waveform(ns)       Period(ns)      Frequency(MHz)
-----  ------------       ----------      --------------
vclk   {0.000 12.218}     24.437          40.922          


------------------------------------------------------------------------------------------------
| Intra Clock Table
| -----------------
------------------------------------------------------------------------------------------------

Clock             WNS(ns)      TNS(ns)  TNS Failing Endpoints  TNS Total Endpoints     WPWS(ns)     TPWS(ns)  TPWS Failing Endpoints  TPWS Total Endpoints  
-----             -------      -------  ---------------------  -------------------     --------     --------  ----------------------  --------------------  
vclk               -0.409       -0.643                      2                  362       11.719        0.000                       0                   174  


------------------------------------------------------------------------------------------------
| Inter Clock Table
| -----------------
------------------------------------------------------------------------------------------------

From Clock    To Clock          WNS(ns)      TNS(ns)  TNS Failing Endpoints  TNS Total Endpoints  
----------    --------          -------      -------  ---------------------  -------------------  


------------------------------------------------------------------------------------------------
| Other Path Groups Table
| -----------------------
------------------------------------------------------------------------------------------------

Path Group    From Clock    To Clock          WNS(ns)      TNS(ns)  TNS Failing Endpoints  TNS Total Endpoints  
----------    ----------    --------          -------      -------  ---------------------  -------------------  


------------------------------------------------------------------------------------------------
| User Ignored Path Table
| -----------------------
------------------------------------------------------------------------------------------------

Path Group    From Clock    To Clock    
----------    ----------    --------    


------------------------------------------------------------------------------------------------
| Unconstrained Path Table
| ------------------------
------------------------------------------------------------------------------------------------

Path Group    From Clock    To Clock    
----------    ----------    --------    


------------------------------------------------------------------------------------------------
| Timing Details
| --------------
------------------------------------------------------------------------------------------------


---------------------------------------------------------------------------------------------------
From Clock:  vclk
  To Clock:  vclk

Setup :            2  Failing Endpoints,  Worst Slack       -0.409ns,  Total Violation       -0.643ns
Hold  :           NA  Failing Endpoints,  Worst Slack           NA  ,  Total Violation           NA
PW    :            0  Failing Endpoints,  Worst Slack       11.719ns,  Total Violation        0.000ns
---------------------------------------------------------------------------------------------------


Max Delay Paths
--------------------------------------------------------------------------------------
Slack (VIOLATED) :        -0.409ns  (required time - arrival time)
  Source:                 d19_reg[1]/C
                            (rising edge-triggered cell FDRE clocked by vclk  {rise@0.000ns fall@12.219ns period=24.437ns})
  Destination:            y_reg[15]/D
                            (rising edge-triggered cell FDRE clocked by vclk  {rise@0.000ns fall@12.219ns period=24.437ns})
  Path Group:             vclk
  Path Type:              Setup (Max at Slow Process Corner)
  Requirement:            24.437ns  (vclk rise@24.437ns - vclk rise@0.000ns)
  Data Path Delay:        24.871ns  (logic 14.680ns (59.024%)  route 10.191ns (40.976%))
  Logic Levels:           42  (CARRY4=26 LUT2=16)
  Clock Path Skew:        -0.049ns (DCD - SCD + CPR)
    Destination Clock Delay (DCD):    0.924ns = ( 25.361 - 24.437 ) 
    Source Clock Delay      (SCD):    0.973ns
    Clock Pessimism Removal (CPR):    0.000ns
  Clock Uncertainty:      0.035ns  ((TSJ^2 + TIJ^2)^1/2 + DJ) / 2 + PE
    Total System Jitter     (TSJ):    0.071ns
    Total Input Jitter      (TIJ):    0.000ns
    Discrete Jitter          (DJ):    0.000ns
    Phase Error              (PE):    0.000ns

    Location             Delay type                Incr(ns)  Path(ns)    Netlist Resource(s)
  -------------------------------------------------------------------    -------------------
                         (clock vclk rise edge)       0.000     0.000 r  <hidden>
                                                      0.000     0.000 r  clk
                         net (fo=173, unset)          0.973     0.973    clk
    SLICE_X32Y75         FDRE                                         r  d19_reg[1]/C
  -------------------------------------------------------------------    -------------------
    SLICE_X32Y75         FDRE (Prop_fdre_C_Q)         0.518     1.491 r  d19_reg[1]/Q
                         net (fo=3, routed)           0.474     1.965    d19[1]
    SLICE_X33Y75         CARRY4 (Prop_carry4_S[0]_O[0])
                                                      0.371     2.336 r  y_reg[5]_i_145/O[0]
                         net (fo=2, routed)           0.727     3.062    acc0[5]
    SLICE_X33Y78         LUT2 (Prop_lut2_I0_O)        0.299     3.361 r  y[5]_i_147/O
                         net (fo=1, routed)           0.000     3.361    y[5]_i_147_n_0
    SLICE_X33Y78         CARRY4 (Prop_carry4_S[2]_O[2])
                                                      0.248     3.609 r  y_reg[5]_i_144/O[2]
                         net (fo=1, routed)           0.464     4.074    y_reg[5]_i_144_n_5
    SLICE_X34Y77         LUT2 (Prop_lut2_I1_O)        0.302     4.376 r  y[5]_i_134/O
                         net (fo=1, routed)           0.000     4.376    y[5]_i_134_n_0
    SLICE_X34Y77         CARRY4 (Prop_carry4_S[3]_CO[3])
                                                      0.376     4.752 r  y_reg[5]_i_127/CO[3]
                         net (fo=1, routed)           0.000     4.752    y_reg[5]_i_127_n_0
    SLICE_X34Y78         CARRY4 (Prop_carry4_CI_O[0])
                                                      0.219     4.971 r  y_reg[15]_i_253/O[0]
                         net (fo=1, routed)           0.595     5.566    y_reg[15]_i_253_n_7
    SLICE_X35Y78         LUT2 (Prop_lut2_I1_O)        0.295     5.861 r  y[5]_i_129/O
                         net (fo=1, routed)           0.000     5.861    y[5]_i_129_n_0
    SLICE_X35Y78         CARRY4 (Prop_carry4_S[3]_CO[3])
                                                      0.401     6.262 r  y_reg[5]_i_126/CO[3]
                         net (fo=1, routed)           0.000     6.262    y_reg[5]_i_126_n_0
    SLICE_X35Y79         CARRY4 (Prop_carry4_CI_O[0])
                                                      0.222     6.484 r  y_reg[15]_i_236/O[0]
                         net (fo=1, routed)           0.712     7.195    y_reg[15]_i_236_n_7
    SLICE_X34Y82         LUT2 (Prop_lut2_I1_O)        0.299     7.494 r  y[15]_i_233/O
                         net (fo=1, routed)           0.000     7.494    y[15]_i_233_n_0
    SLICE_X34Y82         CARRY4 (Prop_carry4_S[1]_O[2])
                                                      0.578     8.072 r  y_reg[15]_i_223/O[2]
                         net (fo=1, routed)           0.407     8.479    y_reg[15]_i_223_n_5
    SLICE_X35Y82         LUT2 (Prop_lut2_I1_O)        0.301     8.780 r  y[5]_i_115/O
                         net (fo=1, routed)           0.000     8.780    y[5]_i_115_n_0
    SLICE_X35Y82         CARRY4 (Prop_carry4_S[3]_CO[3])
                                                      0.401     9.181 r  y_reg[5]_i_113/CO[3]
                         net (fo=1, routed)           0.000     9.181    y_reg[5]_i_113_n_0
    SLICE_X35Y83         CARRY4 (Prop_carry4_CI_O[0])
                                                      0.222     9.403 r  y_reg[15]_i_195/O[0]
                         net (fo=1, routed)           0.603    10.006    y_reg[15]_i_195_n_7
    SLICE_X36Y81         LUT2 (Prop_lut2_I1_O)        0.299    10.305 r  y[15]_i_203/O
                         net (fo=1, routed)           0.000    10.305    y[15]_i_203_n_0
    SLICE_X36Y81         CARRY4 (Prop_carry4_S[3]_O[3])
                                                      0.255    10.560 r  y_reg[15]_i_189/O[3]
                         net (fo=1, routed)           0.581    11.141    y_reg[15]_i_189_n_4
    SLICE_X37Y81         LUT2 (Prop_lut2_I1_O)        0.307    11.448 r  y[15]_i_183/O
                         net (fo=1, routed)           0.000    11.448    y[15]_i_183_n_0
    SLICE_X37Y81         CARRY4 (Prop_carry4_S[2]_O[2])
                                                      0.248    11.696 r  y_reg[15]_i_159/O[2]
                         net (fo=1, routed)           0.309    12.005    y_reg[15]_i_159_n_5
    SLICE_X38Y81         LUT2 (Prop_lut2_I1_O)        0.302    12.307 r  y[15]_i_164/O
                         net (fo=1, routed)           0.000    12.307    y[15]_i_164_n_0
    SLICE_X38Y81         CARRY4 (Prop_carry4_S[3]_O[3])
                                                      0.255    12.562 r  y_reg[15]_i_151/O[3]
                         net (fo=1, routed)           0.669    13.230    y_reg[15]_i_151_n_4
    SLICE_X38Y85         LUT2 (Prop_lut2_I1_O)        0.307    13.537 r  y[15]_i_132/O
                         net (fo=1, routed)           0.000    13.537    y[15]_i_132_n_0
    SLICE_X38Y85         CARRY4 (Prop_carry4_S[1]_O[1])
                                                      0.230    13.767 r  y_reg[15]_i_110/O[1]
                         net (fo=1, routed)           0.407    14.175    y_reg[15]_i_110_n_6
    SLICE_X39Y84         LUT2 (Prop_lut2_I1_O)        0.306    14.481 r  y[15]_i_119/O
                         net (fo=1, routed)           0.000    14.481    y[15]_i_119_n_0
    SLICE_X39Y84         CARRY4 (Prop_carry4_S[3]_O[3])
                                                      0.248    14.729 r  y_reg[15]_i_104/O[3]
                         net (fo=1, routed)           0.444    15.173    y_reg[15]_i_104_n_4
    SLICE_X40Y84         LUT2 (Prop_lut2_I1_O)        0.306    15.479 r  y[15]_i_98/O
                         net (fo=1, routed)           0.000    15.479    y[15]_i_98_n_0
    SLICE_X40Y84         CARRY4 (Prop_carry4_S[2]_O[2])
                                                      0.248    15.727 r  y_reg[15]_i_82/O[2]
                         net (fo=1, routed)           0.454    16.181    y_reg[15]_i_82_n_5
    SLICE_X41Y83         LUT2 (Prop_lut2_I1_O)        0.302    16.483 r  y[15]_i_88/O
                         net (fo=1, routed)           0.000    16.483    y[15]_i_88_n_0
    SLICE_X41Y83         CARRY4 (Prop_carry4_S[3]_O[3])
                                                      0.248    16.731 r  y_reg[15]_i_70/O[3]
                         net (fo=1, routed)           0.438    17.169    y_reg[15]_i_70_n_4
    SLICE_X42Y84         LUT2 (Prop_lut2_I1_O)        0.306    17.475 r  y[15]_i_66/O
                         net (fo=1, routed)           0.000    17.475    y[15]_i_66_n_0
    SLICE_X42Y84         CARRY4 (Prop_carry4_S[1]_O[1])
                                                      0.230    17.705 r  y_reg[15]_i_48/O[1]
                         net (fo=1, routed)           0.407    18.113    y_reg[15]_i_48_n_6
    SLICE_X43Y83         LUT2 (Prop_lut2_I1_O)        0.306    18.419 r  y[15]_i_57/O
                         net (fo=1, routed)           0.000    18.419    y[15]_i_57_n_0
    SLICE_X43Y83         CARRY4 (Prop_carry4_S[3]_CO[3])
                                                      0.401    18.820 r  y_reg[15]_i_43/CO[3]
                         net (fo=1, routed)           0.000    18.820    y_reg[15]_i_43_n_0
    SLICE_X43Y84         CARRY4 (Prop_carry4_CI_O[0])
                                                      0.222    19.042 r  y_reg[15]_i_25/O[0]
                         net (fo=1, routed)           0.651    19.692    y_reg[15]_i_25_n_7
    SLICE_X42Y80         LUT2 (Prop_lut2_I1_O)        0.299    19.991 r  y[15]_i_37/O
                         net (fo=1, routed)           0.000    19.991    y[15]_i_37_n_0
    SLICE_X42Y80         CARRY4 (Prop_carry4_S[3]_CO[3])
                                                      0.376    20.367 r  y_reg[15]_i_23/CO[3]
                         net (fo=1, routed)           0.000    20.367    y_reg[15]_i_23_n_0
    SLICE_X42Y81         CARRY4 (Prop_carry4_CI_O[0])
                                                      0.219    20.586 r  y_reg[15]_i_11/O[0]
                         net (fo=1, routed)           0.296    20.882    y_reg[15]_i_11_n_7
    SLICE_X43Y79         LUT2 (Prop_lut2_I1_O)        0.295    21.177 r  y[15]_i_20/O
                         net (fo=1, routed)           0.000    21.177    y[15]_i_20_n_0
    SLICE_X43Y79         CARRY4 (Prop_carry4_S[1]_O[2])
                                                      0.580    21.757 r  y_reg[15]_i_8/O[2]
                         net (fo=1, routed)           0.608    22.365    y_reg[15]_i_8_n_5
    SLICE_X44Y81         CARRY4 (Prop_carry4_S[1]_O[2])
                                                      0.882    23.247 r  y_reg[15]_i_5/O[2]
                         net (fo=1, routed)           0.488    23.735    y_reg[15]_i_5_n_5
    SLICE_X45Y81         CARRY4 (Prop_carry4_S[3]_CO[3])
                                                      0.703    24.438 r  y_reg[13]_i_2/CO[3]
                         net (fo=1, routed)           0.000    24.438    y_reg[13]_i_2_n_0
    SLICE_X45Y82         CARRY4 (Prop_carry4_CI_O[0])
                                                      0.222    24.660 r  y_reg[15]_i_3/O[0]
                         net (fo=1, routed)           0.458    25.118    C[14]
    SLICE_X46Y82         CARRY4 (Prop_carry4_S[0]_O[1])
                                                      0.726    25.844 r  y_reg[15]_i_2/O[1]
                         net (fo=1, routed)           0.000    25.844    acc[15]
    SLICE_X46Y82         FDRE                                         r  y_reg[15]/D
  -------------------------------------------------------------------    -------------------

                         (clock vclk rise edge)      24.437    24.437 r  <hidden>
                                                      0.000    24.437 r  clk
                         net (fo=173, unset)          0.924    25.361    clk
    SLICE_X46Y82         FDRE                                         r  y_reg[15]/C
                         clock pessimism              0.000    25.361    <hidden>
                         clock uncertainty           -0.035    25.326    <hidden>
    SLICE_X46Y82         FDRE (Setup_fdre_C_D)        0.109    25.435    y_reg[15]
  -------------------------------------------------------------------
                         required time                         25.435    <hidden>
                         arrival time                         -25.844    <hidden>
  -------------------------------------------------------------------
                         slack                                 -0.409    <hidden>

Slack (VIOLATED) :        -0.234ns  (required time - arrival time)
  Source:                 d19_reg[1]/C
                            (rising edge-triggered cell FDRE clocked by vclk  {rise@0.000ns fall@12.219ns period=24.437ns})
  Destination:            y_reg[14]/D
                            (rising edge-triggered cell FDRE clocked by vclk  {rise@0.000ns fall@12.219ns period=24.437ns})
  Path Group:             vclk
  Path Type:              Setup (Max at Slow Process Corner)
  Requirement:            24.437ns  (vclk rise@24.437ns - vclk rise@0.000ns)
  Data Path Delay:        24.696ns  (logic 14.505ns (58.734%)  route 10.191ns (41.266%))
  Logic Levels:           42  (CARRY4=26 LUT2=16)
  Clock Path Skew:        -0.049ns (DCD - SCD + CPR)
    Destination Clock Delay (DCD):    0.924ns = ( 25.361 - 24.437 ) 
    Source Clock Delay      (SCD):    0.973ns
    Clock Pessimism Removal (CPR):    0.000ns
  Clock Uncertainty:      0.035ns  ((TSJ^2 + TIJ^2)^1/2 + DJ) / 2 + PE
    Total System Jitter     (TSJ):    0.071ns
    Total Input Jitter      (TIJ):    0.000ns
    Discrete Jitter          (DJ):    0.000ns
    Phase Error              (PE):    0.000ns

    Location             Delay type                Incr(ns)  Path(ns)    Netlist Resource(s)
  -------------------------------------------------------------------    -------------------
                         (clock vclk rise edge)       0.000     0.000 r  <hidden>
                                                      0.000     0.000 r  clk
                         net (fo=173, unset)          0.973     0.973    clk
    SLICE_X32Y75         FDRE                                         r  d19_reg[1]/C
  -------------------------------------------------------------------    -------------------
    SLICE_X32Y75         FDRE (Prop_fdre_C_Q)         0.518     1.491 r  d19_reg[1]/Q
                         net (fo=3, routed)           0.474     1.965    d19[1]
    SLICE_X33Y75         CARRY4 (Prop_carry4_S[0]_O[0])
                                                      0.371     2.336 r  y_reg[5]_i_145/O[0]
                         net (fo=2, routed)           0.727     3.062    acc0[5]
    SLICE_X33Y78         LUT2 (Prop_lut2_I0_O)        0.299     3.361 r  y[5]_i_147/O
                         net (fo=1, routed)           0.000     3.361    y[5]_i_147_n_0
    SLICE_X33Y78         CARRY4 (Prop_carry4_S[2]_O[2])
                                                      0.248     3.609 r  y_reg[5]_i_144/O[2]
                         net (fo=1, routed)           0.464     4.074    y_reg[5]_i_144_n_5
    SLICE_X34Y77         LUT2 (Prop_lut2_I1_O)        0.302     4.376 r  y[5]_i_134/O
                         net (fo=1, routed)           0.000     4.376    y[5]_i_134_n_0
    SLICE_X34Y77         CARRY4 (Prop_carry4_S[3]_CO[3])
                                                      0.376     4.752 r  y_reg[5]_i_127/CO[3]
                         net (fo=1, routed)           0.000     4.752    y_reg[5]_i_127_n_0
    SLICE_X34Y78         CARRY4 (Prop_carry4_CI_O[0])
                                                      0.219     4.971 r  y_reg[15]_i_253/O[0]
                         net (fo=1, routed)           0.595     5.566    y_reg[15]_i_253_n_7
    SLICE_X35Y78         LUT2 (Prop_lut2_I1_O)        0.295     5.861 r  y[5]_i_129/O
                         net (fo=1, routed)           0.000     5.861    y[5]_i_129_n_0
    SLICE_X35Y78         CARRY4 (Prop_carry4_S[3]_CO[3])
                                                      0.401     6.262 r  y_reg[5]_i_126/CO[3]
                         net (fo=1, routed)           0.000     6.262    y_reg[5]_i_126_n_0
    SLICE_X35Y79         CARRY4 (Prop_carry4_CI_O[0])
                                                      0.222     6.484 r  y_reg[15]_i_236/O[0]
                         net (fo=1, routed)           0.712     7.195    y_reg[15]_i_236_n_7
    SLICE_X34Y82         LUT2 (Prop_lut2_I1_O)        0.299     7.494 r  y[15]_i_233/O
                         net (fo=1, routed)           0.000     7.494    y[15]_i_233_n_0
    SLICE_X34Y82         CARRY4 (Prop_carry4_S[1]_O[2])
                                                      0.578     8.072 r  y_reg[15]_i_223/O[2]
                         net (fo=1, routed)           0.407     8.479    y_reg[15]_i_223_n_5
    SLICE_X35Y82         LUT2 (Prop_lut2_I1_O)        0.301     8.780 r  y[5]_i_115/O
                         net (fo=1, routed)           0.000     8.780    y[5]_i_115_n_0
    SLICE_X35Y82         CARRY4 (Prop_carry4_S[3]_CO[3])
                                                      0.401     9.181 r  y_reg[5]_i_113/CO[3]
                         net (fo=1, routed)           0.000     9.181    y_reg[5]_i_113_n_0
    SLICE_X35Y83         CARRY4 (Prop_carry4_CI_O[0])
                                                      0.222     9.403 r  y_reg[15]_i_195/O[0]
                         net (fo=1, routed)           0.603    10.006    y_reg[15]_i_195_n_7
    SLICE_X36Y81         LUT2 (Prop_lut2_I1_O)        0.299    10.305 r  y[15]_i_203/O
                         net (fo=1, routed)           0.000    10.305    y[15]_i_203_n_0
    SLICE_X36Y81         CARRY4 (Prop_carry4_S[3]_O[3])
                                                      0.255    10.560 r  y_reg[15]_i_189/O[3]
                         net (fo=1, routed)           0.581    11.141    y_reg[15]_i_189_n_4
    SLICE_X37Y81         LUT2 (Prop_lut2_I1_O)        0.307    11.448 r  y[15]_i_183/O
                         net (fo=1, routed)           0.000    11.448    y[15]_i_183_n_0
    SLICE_X37Y81         CARRY4 (Prop_carry4_S[2]_O[2])
                                                      0.248    11.696 r  y_reg[15]_i_159/O[2]
                         net (fo=1, routed)           0.309    12.005    y_reg[15]_i_159_n_5
    SLICE_X38Y81         LUT2 (Prop_lut2_I1_O)        0.302    12.307 r  y[15]_i_164/O
                         net (fo=1, routed)           0.000    12.307    y[15]_i_164_n_0
    SLICE_X38Y81         CARRY4 (Prop_carry4_S[3]_O[3])
                                                      0.255    12.562 r  y_reg[15]_i_151/O[3]
                         net (fo=1, routed)           0.669    13.230    y_reg[15]_i_151_n_4
    SLICE_X38Y85         LUT2 (Prop_lut2_I1_O)        0.307    13.537 r  y[15]_i_132/O
                         net (fo=1, routed)           0.000    13.537    y[15]_i_132_n_0
    SLICE_X38Y85         CARRY4 (Prop_carry4_S[1]_O[1])
                                                      0.230    13.767 r  y_reg[15]_i_110/O[1]
                         net (fo=1, routed)           0.407    14.175    y_reg[15]_i_110_n_6
    SLICE_X39Y84         LUT2 (Prop_lut2_I1_O)        0.306    14.481 r  y[15]_i_119/O
                         net (fo=1, routed)           0.000    14.481    y[15]_i_119_n_0
    SLICE_X39Y84         CARRY4 (Prop_carry4_S[3]_O[3])
                                                      0.248    14.729 r  y_reg[15]_i_104/O[3]
                         net (fo=1, routed)           0.444    15.173    y_reg[15]_i_104_n_4
    SLICE_X40Y84         LUT2 (Prop_lut2_I1_O)        0.306    15.479 r  y[15]_i_98/O
                         net (fo=1, routed)           0.000    15.479    y[15]_i_98_n_0
    SLICE_X40Y84         CARRY4 (Prop_carry4_S[2]_O[2])
                                                      0.248    15.727 r  y_reg[15]_i_82/O[2]
                         net (fo=1, routed)           0.454    16.181    y_reg[15]_i_82_n_5
    SLICE_X41Y83         LUT2 (Prop_lut2_I1_O)        0.302    16.483 r  y[15]_i_88/O
                         net (fo=1, routed)           0.000    16.483    y[15]_i_88_n_0
    SLICE_X41Y83         CARRY4 (Prop_carry4_S[3]_O[3])
                                                      0.248    16.731 r  y_reg[15]_i_70/O[3]
                         net (fo=1, routed)           0.438    17.169    y_reg[15]_i_70_n_4
    SLICE_X42Y84         LUT2 (Prop_lut2_I1_O)        0.306    17.475 r  y[15]_i_66/O
                         net (fo=1, routed)           0.000    17.475    y[15]_i_66_n_0
    SLICE_X42Y84         CARRY4 (Prop_carry4_S[1]_O[1])
                                                      0.230    17.705 r  y_reg[15]_i_48/O[1]
                         net (fo=1, routed)           0.407    18.113    y_reg[15]_i_48_n_6
    SLICE_X43Y83         LUT2 (Prop_lut2_I1_O)        0.306    18.419 r  y[15]_i_57/O
                         net (fo=1, routed)           0.000    18.419    y[15]_i_57_n_0
    SLICE_X43Y83         CARRY4 (Prop_carry4_S[3]_CO[3])
                                                      0.401    18.820 r  y_reg[15]_i_43/CO[3]
                         net (fo=1, routed)           0.000    18.820    y_reg[15]_i_43_n_0
    SLICE_X43Y84         CARRY4 (Prop_carry4_CI_O[0])
                                                      0.222    19.042 r  y_reg[15]_i_25/O[0]
                         net (fo=1, routed)           0.651    19.692    y_reg[15]_i_25_n_7
    SLICE_X42Y80         LUT2 (Prop_lut2_I1_O)        0.299    19.991 r  y[15]_i_37/O
                         net (fo=1, routed)           0.000    19.991    y[15]_i_37_n_0
    SLICE_X42Y80         CARRY4 (Prop_carry4_S[3]_CO[3])
                                                      0.376    20.367 r  y_reg[15]_i_23/CO[3]
                         net (fo=1, routed)           0.000    20.367    y_reg[15]_i_23_n_0
    SLICE_X42Y81         CARRY4 (Prop_carry4_CI_O[0])
                                                      0.219    20.586 r  y_reg[15]_i_11/O[0]
                         net (fo=1, routed)           0.296    20.882    y_reg[15]_i_11_n_7
    SLICE_X43Y79         LUT2 (Prop_lut2_I1_O)        0.295    21.177 r  y[15]_i_20/O
                         net (fo=1, routed)           0.000    21.177    y[15]_i_20_n_0
    SLICE_X43Y79         CARRY4 (Prop_carry4_S[1]_O[2])
                                                      0.580    21.757 r  y_reg[15]_i_8/O[2]
                         net (fo=1, routed)           0.608    22.365    y_reg[15]_i_8_n_5
    SLICE_X44Y81         CARRY4 (Prop_carry4_S[1]_O[2])
                                                      0.882    23.247 r  y_reg[15]_i_5/O[2]
                         net (fo=1, routed)           0.488    23.735    y_reg[15]_i_5_n_5
    SLICE_X45Y81         CARRY4 (Prop_carry4_S[3]_CO[3])
                                                      0.703    24.438 r  y_reg[13]_i_2/CO[3]
                         net (fo=1, routed)           0.000    24.438    y_reg[13]_i_2_n_0
    SLICE_X45Y82         CARRY4 (Prop_carry4_CI_O[0])
                                                      0.222    24.660 r  y_reg[15]_i_3/O[0]
                         net (fo=1, routed)           0.458    25.118    C[14]
    SLICE_X46Y82         CARRY4 (Prop_carry4_S[0]_O[0])
                                                      0.551    25.669 r  y_reg[15]_i_2/O[0]
                         net (fo=1, routed)           0.000    25.669    acc[14]
    SLICE_X46Y82         FDRE                                         r  y_reg[14]/D
  -------------------------------------------------------------------    -------------------

                         (clock vclk rise edge)      24.437    24.437 r  <hidden>
                                                      0.000    24.437 r  clk
                         net (fo=173, unset)          0.924    25.361    clk
    SLICE_X46Y82         FDRE                                         r  y_reg[14]/C
                         clock pessimism              0.000    25.361    <hidden>
                         clock uncertainty           -0.035    25.326    <hidden>
    SLICE_X46Y82         FDRE (Setup_fdre_C_D)        0.109    25.435    y_reg[14]
  -------------------------------------------------------------------
                         required time                         25.435    <hidden>
                         arrival time                         -25.669    <hidden>
  -------------------------------------------------------------------
                         slack                                 -0.234    <hidden>

Slack (MET) :             0.129ns  (required time - arrival time)
  Source:                 d19_reg[1]/C
                            (rising edge-triggered cell FDRE clocked by vclk  {rise@0.000ns fall@12.219ns period=24.437ns})
  Destination:            y_reg[13]/D
                            (rising edge-triggered cell FDRE clocked by vclk  {rise@0.000ns fall@12.219ns period=24.437ns})
  Path Group:             vclk
  Path Type:              Setup (Max at Slow Process Corner)
  Requirement:            24.437ns  (vclk rise@24.437ns - vclk rise@0.000ns)
  Data Path Delay:        24.333ns  (logic 14.140ns (58.111%)  route 10.193ns (41.889%))
  Logic Levels:           41  (CARRY4=25 LUT2=16)
  Clock Path Skew:        -0.049ns (DCD - SCD + CPR)
    Destination Clock Delay (DCD):    0.924ns = ( 25.361 - 24.437 ) 
    Source Clock Delay      (SCD):    0.973ns
    Clock Pessimism Removal (CPR):    0.000ns
  Clock Uncertainty:      0.035ns  ((TSJ^2 + TIJ^2)^1/2 + DJ) / 2 + PE
    Total System Jitter     (TSJ):    0.071ns
    Total Input Jitter      (TIJ):    0.000ns
    Discrete Jitter          (DJ):    0.000ns
    Phase Error              (PE):    0.000ns

    Location             Delay type                Incr(ns)  Path(ns)    Netlist Resource(s)
  -------------------------------------------------------------------    -------------------
                         (clock vclk rise edge)       0.000     0.000 r  <hidden>
                                                      0.000     0.000 r  clk
                         net (fo=173, unset)          0.973     0.973    clk
    SLICE_X32Y75         FDRE                                         r  d19_reg[1]/C
  -------------------------------------------------------------------    -------------------
    SLICE_X32Y75         FDRE (Prop_fdre_C_Q)         0.518     1.491 r  d19_reg[1]/Q
                         net (fo=3, routed)           0.474     1.965    d19[1]
    SLICE_X33Y75         CARRY4 (Prop_carry4_S[0]_O[0])
                                                      0.371     2.336 r  y_reg[5]_i_145/O[0]
                         net (fo=2, routed)           0.727     3.062    acc0[5]
    SLICE_X33Y78         LUT2 (Prop_lut2_I0_O)        0.299     3.361 r  y[5]_i_147/O
                         net (fo=1, routed)           0.000     3.361    y[5]_i_147_n_0
    SLICE_X33Y78         CARRY4 (Prop_carry4_S[2]_O[2])
                                                      0.248     3.609 r  y_reg[5]_i_144/O[2]
                         net (fo=1, routed)           0.464     4.074    y_reg[5]_i_144_n_5
    SLICE_X34Y77         LUT2 (Prop_lut2_I1_O)        0.302     4.376 r  y[5]_i_134/O
                         net (fo=1, routed)           0.000     4.376    y[5]_i_134_n_0
    SLICE_X34Y77         CARRY4 (Prop_carry4_S[3]_CO[3])
                                                      0.376     4.752 r  y_reg[5]_i_127/CO[3]
                         net (fo=1, routed)           0.000     4.752    y_reg[5]_i_127_n_0
    SLICE_X34Y78         CARRY4 (Prop_carry4_CI_O[0])
                                                      0.219     4.971 r  y_reg[15]_i_253/O[0]
                         net (fo=1, routed)           0.595     5.566    y_reg[15]_i_253_n_7
    SLICE_X35Y78         LUT2 (Prop_lut2_I1_O)        0.295     5.861 r  y[5]_i_129/O
                         net (fo=1, routed)           0.000     5.861    y[5]_i_129_n_0
    SLICE_X35Y78         CARRY4 (Prop_carry4_S[3]_CO[3])
                                                      0.401     6.262 r  y_reg[5]_i_126/CO[3]
                         net (fo=1, routed)           0.000     6.262    y_reg[5]_i_126_n_0
    SLICE_X35Y79         CARRY4 (Prop_carry4_CI_O[0])
                                                      0.222     6.484 r  y_reg[15]_i_236/O[0]
                         net (fo=1, routed)           0.712     7.195    y_reg[15]_i_236_n_7
    SLICE_X34Y82         LUT2 (Prop_lut2_I1_O)        0.299     7.494 r  y[15]_i_233/O
                         net (fo=1, routed)           0.000     7.494    y[15]_i_233_n_0
    SLICE_X34Y82         CARRY4 (Prop_carry4_S[1]_O[2])
                                                      0.578     8.072 r  y_reg[15]_i_223/O[2]
                         net (fo=1, routed)           0.407     8.479    y_reg[15]_i_223_n_5
    SLICE_X35Y82         LUT2 (Prop_lut2_I1_O)        0.301     8.780 r  y[5]_i_115/O
                         net (fo=1, routed)           0.000     8.780    y[5]_i_115_n_0
    SLICE_X35Y82         CARRY4 (Prop_carry4_S[3]_CO[3])
                                                      0.401     9.181 r  y_reg[5]_i_113/CO[3]
                         net (fo=1, routed)           0.000     9.181    y_reg[5]_i_113_n_0
    SLICE_X35Y83         CARRY4 (Prop_carry4_CI_O[0])
                                                      0.222     9.403 r  y_reg[15]_i_195/O[0]
                         net (fo=1, routed)           0.603    10.006    y_reg[15]_i_195_n_7
    SLICE_X36Y81         LUT2 (Prop_lut2_I1_O)        0.299    10.305 r  y[15]_i_203/O
                         net (fo=1, routed)           0.000    10.305    y[15]_i_203_n_0
    SLICE_X36Y81         CARRY4 (Prop_carry4_S[3]_O[3])
                                                      0.255    10.560 r  y_reg[15]_i_189/O[3]
                         net (fo=1, routed)           0.581    11.141    y_reg[15]_i_189_n_4
    SLICE_X37Y81         LUT2 (Prop_lut2_I1_O)        0.307    11.448 r  y[15]_i_183/O
                         net (fo=1, routed)           0.000    11.448    y[15]_i_183_n_0
    SLICE_X37Y81         CARRY4 (Prop_carry4_S[2]_O[2])
                                                      0.248    11.696 r  y_reg[15]_i_159/O[2]
                         net (fo=1, routed)           0.309    12.005    y_reg[15]_i_159_n_5
    SLICE_X38Y81         LUT2 (Prop_lut2_I1_O)        0.302    12.307 r  y[15]_i_164/O
                         net (fo=1, routed)           0.000    12.307    y[15]_i_164_n_0
    SLICE_X38Y81         CARRY4 (Prop_carry4_S[3]_O[3])
                                                      0.255    12.562 r  y_reg[15]_i_151/O[3]
                         net (fo=1, routed)           0.669    13.230    y_reg[15]_i_151_n_4
    SLICE_X38Y85         LUT2 (Prop_lut2_I1_O)        0.307    13.537 r  y[15]_i_132/O
                         net (fo=1, routed)           0.000    13.537    y[15]_i_132_n_0
    SLICE_X38Y85         CARRY4 (Prop_carry4_S[1]_O[1])
                                                      0.230    13.767 r  y_reg[15]_i_110/O[1]
                         net (fo=1, routed)           0.407    14.175    y_reg[15]_i_110_n_6
    SLICE_X39Y84         LUT2 (Prop_lut2_I1_O)        0.306    14.481 r  y[15]_i_119/O
                         net (fo=1, routed)           0.000    14.481    y[15]_i_119_n_0
    SLICE_X39Y84         CARRY4 (Prop_carry4_S[3]_O[3])
                                                      0.248    14.729 r  y_reg[15]_i_104/O[3]
                         net (fo=1, routed)           0.444    15.173    y_reg[15]_i_104_n_4
    SLICE_X40Y84         LUT2 (Prop_lut2_I1_O)        0.306    15.479 r  y[15]_i_98/O
                         net (fo=1, routed)           0.000    15.479    y[15]_i_98_n_0
    SLICE_X40Y84         CARRY4 (Prop_carry4_S[2]_O[2])
                                                      0.248    15.727 r  y_reg[15]_i_82/O[2]
                         net (fo=1, routed)           0.454    16.181    y_reg[15]_i_82_n_5
    SLICE_X41Y83         LUT2 (Prop_lut2_I1_O)        0.302    16.483 r  y[15]_i_88/O
                         net (fo=1, routed)           0.000    16.483    y[15]_i_88_n_0
    SLICE_X41Y83         CARRY4 (Prop_carry4_S[3]_O[3])
                                                      0.248    16.731 r  y_reg[15]_i_70/O[3]
                         net (fo=1, routed)           0.438    17.169    y_reg[15]_i_70_n_4
    SLICE_X42Y84         LUT2 (Prop_lut2_I1_O)        0.306    17.475 r  y[15]_i_66/O
                         net (fo=1, routed)           0.000    17.475    y[15]_i_66_n_0
    SLICE_X42Y84         CARRY4 (Prop_carry4_S[1]_O[1])
                                                      0.230    17.705 r  y_reg[15]_i_48/O[1]
                         net (fo=1, routed)           0.407    18.113    y_reg[15]_i_48_n_6
    SLICE_X43Y83         LUT2 (Prop_lut2_I1_O)        0.306    18.419 r  y[15]_i_57/O
                         net (fo=1, routed)           0.000    18.419    y[15]_i_57_n_0
    SLICE_X43Y83         CARRY4 (Prop_carry4_S[3]_CO[3])
                                                      0.401    18.820 r  y_reg[15]_i_43/CO[3]
                         net (fo=1, routed)           0.000    18.820    y_reg[15]_i_43_n_0
    SLICE_X43Y84         CARRY4 (Prop_carry4_CI_O[0])
                                                      0.222    19.042 r  y_reg[15]_i_25/O[0]
                         net (fo=1, routed)           0.651    19.692    y_reg[15]_i_25_n_7
    SLICE_X42Y80         LUT2 (Prop_lut2_I1_O)        0.299    19.991 r  y[15]_i_37/O
                         net (fo=1, routed)           0.000    19.991    y[15]_i_37_n_0
    SLICE_X42Y80         CARRY4 (Prop_carry4_S[3]_CO[3])
                                                      0.376    20.367 r  y_reg[15]_i_23/CO[3]
                         net (fo=1, routed)           0.000    20.367    y_reg[15]_i_23_n_0
    SLICE_X42Y81         CARRY4 (Prop_carry4_CI_O[0])
                                                      0.219    20.586 r  y_reg[15]_i_11/O[0]
                         net (fo=1, routed)           0.296    20.882    y_reg[15]_i_11_n_7
    SLICE_X43Y79         LUT2 (Prop_lut2_I1_O)        0.295    21.177 r  y[15]_i_20/O
                         net (fo=1, routed)           0.000    21.177    y[15]_i_20_n_0
    SLICE_X43Y79         CARRY4 (Prop_carry4_S[1]_O[2])
                                                      0.580    21.757 r  y_reg[15]_i_8/O[2]
                         net (fo=1, routed)           0.608    22.365    y_reg[15]_i_8_n_5
    SLICE_X44Y81         CARRY4 (Prop_carry4_S[1]_O[2])
                                                      0.882    23.247 r  y_reg[15]_i_5/O[2]
                         net (fo=1, routed)           0.488    23.735    y_reg[15]_i_5_n_5
    SLICE_X45Y81         CARRY4 (Prop_carry4_S[3]_O[3])
                                                      0.550    24.285 r  y_reg[13]_i_2/O[3]
                         net (fo=1, routed)           0.460    24.745    C[13]
    SLICE_X46Y81         CARRY4 (Prop_carry4_S[3]_O[3])
                                                      0.561    25.306 r  y_reg[13]_i_1/O[3]
                         net (fo=1, routed)           0.000    25.306    acc[13]
    SLICE_X46Y81         FDRE                                         r  y_reg[13]/D
  -------------------------------------------------------------------    -------------------

                         (clock vclk rise edge)      24.437    24.437 r  <hidden>
                                                      0.000    24.437 r  clk
                         net (fo=173, unset)          0.924    25.361    clk
    SLICE_X46Y81         FDRE                                         r  y_reg[13]/C
                         clock pessimism              0.000    25.361    <hidden>
                         clock uncertainty           -0.035    25.326    <hidden>
    SLICE_X46Y81         FDRE (Setup_fdre_C_D)        0.109    25.435    y_reg[13]
  -------------------------------------------------------------------
                         required time                         25.435    <hidden>
                         arrival time                         -25.306    <hidden>
  -------------------------------------------------------------------
                         slack                                  0.129    <hidden>

Slack (MET) :             0.814ns  (required time - arrival time)
  Source:                 d19_reg[1]/C
                            (rising edge-triggered cell FDRE clocked by vclk  {rise@0.000ns fall@12.219ns period=24.437ns})
  Destination:            y_reg[12]/D
                            (rising edge-triggered cell FDRE clocked by vclk  {rise@0.000ns fall@12.219ns period=24.437ns})
  Path Group:             vclk
  Path Type:              Setup (Max at Slow Process Corner)
  Requirement:            24.437ns  (vclk rise@24.437ns - vclk rise@0.000ns)
  Data Path Delay:        23.648ns  (logic 13.775ns (58.249%)  route 9.873ns (41.751%))
  Logic Levels:           43  (CARRY4=25 LUT2=18)
  Clock Path Skew:        -0.049ns (DCD - SCD + CPR)
    Destination Clock Delay (DCD):    0.924ns = ( 25.361 - 24.437 ) 
    Source Clock Delay      (SCD):    0.973ns
    Clock Pessimism Removal (CPR):    0.000ns
  Clock Uncertainty:      0.035ns  ((TSJ^2 + TIJ^2)^1/2 + DJ) / 2 + PE
    Total System Jitter     (TSJ):    0.071ns
    Total Input Jitter      (TIJ):    0.000ns
    Discrete Jitter          (DJ):    0.000ns
    Phase Error              (PE):    0.000ns

    Location             Delay type                Incr(ns)  Path(ns)    Netlist Resource(s)
  -------------------------------------------------------------------    -------------------
                         (clock vclk rise edge)       0.000     0.000 r  <hidden>
                                                      0.000     0.000 r  clk
                         net (fo=173, unset)          0.973     0.973    clk
    SLICE_X32Y75         FDRE                                         r  d19_reg[1]/C
  -------------------------------------------------------------------    -------------------
    SLICE_X32Y75         FDRE (Prop_fdre_C_Q)         0.518     1.491 r  d19_reg[1]/Q
                         net (fo=3, routed)           0.474     1.965    d19[1]
    SLICE_X33Y75         CARRY4 (Prop_carry4_S[0]_O[0])
                                                      0.371     2.336 r  y_reg[5]_i_145/O[0]
                         net (fo=2, routed)           0.727     3.062    acc0[5]
    SLICE_X33Y78         LUT2 (Prop_lut2_I0_O)        0.299     3.361 r  y[5]_i_147/O
                         net (fo=1, routed)           0.000     3.361    y[5]_i_147_n_0
    SLICE_X33Y78         CARRY4 (Prop_carry4_S[2]_O[2])
                                                      0.248     3.609 r  y_reg[5]_i_144/O[2]
                         net (fo=1, routed)           0.464     4.074    y_reg[5]_i_144_n_5
    SLICE_X34Y77         LUT2 (Prop_lut2_I1_O)        0.302     4.376 r  y[5]_i_134/O
                         net (fo=1, routed)           0.000     4.376    y[5]_i_134_n_0
    SLICE_X34Y77         CARRY4 (Prop_carry4_S[3]_CO[3])
                                                      0.376     4.752 r  y_reg[5]_i_127/CO[3]
                         net (fo=1, routed)           0.000     4.752    y_reg[5]_i_127_n_0
    SLICE_X34Y78         CARRY4 (Prop_carry4_CI_O[0])
                                                      0.219     4.971 r  y_reg[15]_i_253/O[0]
                         net (fo=1, routed)           0.595     5.566    y_reg[15]_i_253_n_7
    SLICE_X35Y78         LUT2 (Prop_lut2_I1_O)        0.295     5.861 r  y[5]_i_129/O
                         net (fo=1, routed)           0.000     5.861    y[5]_i_129_n_0
    SLICE_X35Y78         CARRY4 (Prop_carry4_S[3]_CO[3])
                                                      0.401     6.262 r  y_reg[5]_i_126/CO[3]
                         net (fo=1, routed)           0.000     6.262    y_reg[5]_i_126_n_0
    SLICE_X35Y79         CARRY4 (Prop_carry4_CI_O[0])
                                                      0.222     6.484 r  y_reg[15]_i_236/O[0]
                         net (fo=1, routed)           0.712     7.195    y_reg[15]_i_236_n_7
    SLICE_X34Y82         LUT2 (Prop_lut2_I1_O)        0.299     7.494 r  y[15]_i_233/O
                         net (fo=1, routed)           0.000     7.494    y[15]_i_233_n_0
    SLICE_X34Y82         CARRY4 (Prop_carry4_S[1]_O[2])
                                                      0.578     8.072 r  y_reg[15]_i_223/O[2]
                         net (fo=1, routed)           0.407     8.479    y_reg[15]_i_223_n_5
    SLICE_X35Y82         LUT2 (Prop_lut2_I1_O)        0.301     8.780 r  y[5]_i_115/O
                         net (fo=1, routed)           0.000     8.780    y[5]_i_115_n_0
    SLICE_X35Y82         CARRY4 (Prop_carry4_S[3]_CO[3])
                                                      0.401     9.181 r  y_reg[5]_i_113/CO[3]
                         net (fo=1, routed)           0.000     9.181    y_reg[5]_i_113_n_0
    SLICE_X35Y83         CARRY4 (Prop_carry4_CI_O[0])
                                                      0.222     9.403 r  y_reg[15]_i_195/O[0]
                         net (fo=1, routed)           0.603    10.006    y_reg[15]_i_195_n_7
    SLICE_X36Y81         LUT2 (Prop_lut2_I1_O)        0.299    10.305 r  y[15]_i_203/O
                         net (fo=1, routed)           0.000    10.305    y[15]_i_203_n_0
    SLICE_X36Y81         CARRY4 (Prop_carry4_S[3]_O[3])
                                                      0.255    10.560 r  y_reg[15]_i_189/O[3]
                         net (fo=1, routed)           0.581    11.141    y_reg[15]_i_189_n_4
    SLICE_X37Y81         LUT2 (Prop_lut2_I1_O)        0.307    11.448 r  y[15]_i_183/O
                         net (fo=1, routed)           0.000    11.448    y[15]_i_183_n_0
    SLICE_X37Y81         CARRY4 (Prop_carry4_S[2]_O[2])
                                                      0.248    11.696 r  y_reg[15]_i_159/O[2]
                         net (fo=1, routed)           0.309    12.005    y_reg[15]_i_159_n_5
    SLICE_X38Y81         LUT2 (Prop_lut2_I1_O)        0.302    12.307 r  y[15]_i_164/O
                         net (fo=1, routed)           0.000    12.307    y[15]_i_164_n_0
    SLICE_X38Y81         CARRY4 (Prop_carry4_S[3]_O[3])
                                                      0.255    12.562 r  y_reg[15]_i_151/O[3]
                         net (fo=1, routed)           0.669    13.230    y_reg[15]_i_151_n_4
    SLICE_X38Y85         LUT2 (Prop_lut2_I1_O)        0.307    13.537 r  y[15]_i_132/O
                         net (fo=1, routed)           0.000    13.537    y[15]_i_132_n_0
    SLICE_X38Y85         CARRY4 (Prop_carry4_S[1]_O[1])
                                                      0.230    13.767 r  y_reg[15]_i_110/O[1]
                         net (fo=1, routed)           0.407    14.175    y_reg[15]_i_110_n_6
    SLICE_X39Y84         LUT2 (Prop_lut2_I1_O)        0.306    14.481 r  y[15]_i_119/O
                         net (fo=1, routed)           0.000    14.481    y[15]_i_119_n_0
    SLICE_X39Y84         CARRY4 (Prop_carry4_S[3]_O[3])
                                                      0.248    14.729 r  y_reg[15]_i_104/O[3]
                         net (fo=1, routed)           0.444    15.173    y_reg[15]_i_104_n_4
    SLICE_X40Y84         LUT2 (Prop_lut2_I1_O)        0.306    15.479 r  y[15]_i_98/O
                         net (fo=1, routed)           0.000    15.479    y[15]_i_98_n_0
    SLICE_X40Y84         CARRY4 (Prop_carry4_S[2]_O[2])
                                                      0.248    15.727 r  y_reg[15]_i_82/O[2]
                         net (fo=1, routed)           0.454    16.181    y_reg[15]_i_82_n_5
    SLICE_X41Y83         LUT2 (Prop_lut2_I1_O)        0.302    16.483 r  y[15]_i_88/O
                         net (fo=1, routed)           0.000    16.483    y[15]_i_88_n_0
    SLICE_X41Y83         CARRY4 (Prop_carry4_S[3]_O[3])
                                                      0.248    16.731 r  y_reg[15]_i_70/O[3]
                         net (fo=1, routed)           0.438    17.169    y_reg[15]_i_70_n_4
    SLICE_X42Y84         LUT2 (Prop_lut2_I1_O)        0.306    17.475 r  y[15]_i_66/O
                         net (fo=1, routed)           0.000    17.475    y[15]_i_66_n_0
    SLICE_X42Y84         CARRY4 (Prop_carry4_S[1]_O[1])
                                                      0.230    17.705 r  y_reg[15]_i_48/O[1]
                         net (fo=1, routed)           0.407    18.113    y_reg[15]_i_48_n_6
    SLICE_X43Y83         LUT2 (Prop_lut2_I1_O)        0.306    18.419 r  y[15]_i_57/O
                         net (fo=1, routed)           0.000    18.419    y[15]_i_57_n_0
    SLICE_X43Y83         CARRY4 (Prop_carry4_S[3]_CO[3])
                                                      0.401    18.820 r  y_reg[15]_i_43/CO[3]
                         net (fo=1, routed)           0.000    18.820    y_reg[15]_i_43_n_0
    SLICE_X43Y84         CARRY4 (Prop_carry4_CI_O[0])
                                                      0.222    19.042 r  y_reg[15]_i_25/O[0]
                         net (fo=1, routed)           0.651    19.692    y_reg[15]_i_25_n_7
    SLICE_X42Y80         LUT2 (Prop_lut2_I1_O)        0.299    19.991 r  y[15]_i_37/O
                         net (fo=1, routed)           0.000    19.991    y[15]_i_37_n_0
    SLICE_X42Y80         CARRY4 (Prop_carry4_S[3]_CO[3])
                                                      0.376    20.367 r  y_reg[15]_i_23/CO[3]
                         net (fo=1, routed)           0.000    20.367    y_reg[15]_i_23_n_0
    SLICE_X42Y81         CARRY4 (Prop_carry4_CI_O[0])
                                                      0.219    20.586 r  y_reg[15]_i_11/O[0]
                         net (fo=1, routed)           0.296    20.882    y_reg[15]_i_11_n_7
    SLICE_X43Y79         LUT2 (Prop_lut2_I1_O)        0.295    21.177 r  y[15]_i_20/O
                         net (fo=1, routed)           0.000    21.177    y[15]_i_20_n_0
    SLICE_X43Y79         CARRY4 (Prop_carry4_S[1]_O[1])
                                                      0.227    21.404 r  y_reg[15]_i_8/O[1]
                         net (fo=1, routed)           0.453    21.858    y_reg[15]_i_8_n_6
    SLICE_X44Y81         LUT2 (Prop_lut2_I1_O)        0.303    22.161 r  y[15]_i_9/O
                         net (fo=1, routed)           0.000    22.161    y[15]_i_9_n_0
    SLICE_X44Y81         CARRY4 (Prop_carry4_S[0]_O[0])
                                                      0.247    22.408 r  y_reg[15]_i_5/O[0]
                         net (fo=1, routed)           0.484    22.892    y_reg[15]_i_5_n_7
    SLICE_X45Y81         LUT2 (Prop_lut2_I1_O)        0.299    23.191 r  y[13]_i_6/O
                         net (fo=1, routed)           0.000    23.191    y[13]_i_6_n_0
    SLICE_X45Y81         CARRY4 (Prop_carry4_S[1]_O[2])
                                                      0.580    23.771 r  y_reg[13]_i_2/O[2]
                         net (fo=1, routed)           0.299    24.069    C[12]
    SLICE_X46Y81         CARRY4 (Prop_carry4_S[2]_O[2])
                                                      0.552    24.621 r  y_reg[13]_i_1/O[2]
                         net (fo=1, routed)           0.000    24.621    acc[12]
    SLICE_X46Y81         FDRE                                         r  y_reg[12]/D
  -------------------------------------------------------------------    -------------------

                         (clock vclk rise edge)      24.437    24.437 r  <hidden>
                                                      0.000    24.437 r  clk
                         net (fo=173, unset)          0.924    25.361    clk
    SLICE_X46Y81         FDRE                                         r  y_reg[12]/C
                         clock pessimism              0.000    25.361    <hidden>
                         clock uncertainty           -0.035    25.326    <hidden>
    SLICE_X46Y81         FDRE (Setup_fdre_C_D)        0.109    25.435    y_reg[12]
  -------------------------------------------------------------------
                         required time                         25.435    <hidden>
                         arrival time                         -24.621    <hidden>
  -------------------------------------------------------------------
                         slack                                  0.814    <hidden>

Slack (MET) :             1.185ns  (required time - arrival time)
  Source:                 d19_reg[1]/C
                            (rising edge-triggered cell FDRE clocked by vclk  {rise@0.000ns fall@12.219ns period=24.437ns})
  Destination:            y_reg[11]/D
                            (rising edge-triggered cell FDRE clocked by vclk  {rise@0.000ns fall@12.219ns period=24.437ns})
  Path Group:             vclk
  Path Type:              Setup (Max at Slow Process Corner)
  Requirement:            24.437ns  (vclk rise@24.437ns - vclk rise@0.000ns)
  Data Path Delay:        23.277ns  (logic 13.403ns (57.581%)  route 9.874ns (42.419%))
  Logic Levels:           43  (CARRY4=25 LUT2=18)
  Clock Path Skew:        -0.049ns (DCD - SCD + CPR)
    Destination Clock Delay (DCD):    0.924ns = ( 25.361 - 24.437 ) 
    Source Clock Delay      (SCD):    0.973ns
    Clock Pessimism Removal (CPR):    0.000ns
  Clock Uncertainty:      0.035ns  ((TSJ^2 + TIJ^2)^1/2 + DJ) / 2 + PE
    Total System Jitter     (TSJ):    0.071ns
    Total Input Jitter      (TIJ):    0.000ns
    Discrete Jitter          (DJ):    0.000ns
    Phase Error              (PE):    0.000ns

    Location             Delay type                Incr(ns)  Path(ns)    Netlist Resource(s)
  -------------------------------------------------------------------    -------------------
                         (clock vclk rise edge)       0.000     0.000 r  <hidden>
                                                      0.000     0.000 r  clk
                         net (fo=173, unset)          0.973     0.973    clk
    SLICE_X32Y75         FDRE                                         r  d19_reg[1]/C
  -------------------------------------------------------------------    -------------------
    SLICE_X32Y75         FDRE (Prop_fdre_C_Q)         0.518     1.491 r  d19_reg[1]/Q
                         net (fo=3, routed)           0.474     1.965    d19[1]
    SLICE_X33Y75         CARRY4 (Prop_carry4_S[0]_O[0])
                                                      0.371     2.336 r  y_reg[5]_i_145/O[0]
                         net (fo=2, routed)           0.727     3.062    acc0[5]
    SLICE_X33Y78         LUT2 (Prop_lut2_I0_O)        0.299     3.361 r  y[5]_i_147/O
                         net (fo=1, routed)           0.000     3.361    y[5]_i_147_n_0
    SLICE_X33Y78         CARRY4 (Prop_carry4_S[2]_O[2])
                                                      0.248     3.609 r  y_reg[5]_i_144/O[2]
                         net (fo=1, routed)           0.464     4.074    y_reg[5]_i_144_n_5
    SLICE_X34Y77         LUT2 (Prop_lut2_I1_O)        0.302     4.376 r  y[5]_i_134/O
                         net (fo=1, routed)           0.000     4.376    y[5]_i_134_n_0
    SLICE_X34Y77         CARRY4 (Prop_carry4_S[3]_CO[3])
                                                      0.376     4.752 r  y_reg[5]_i_127/CO[3]
                         net (fo=1, routed)           0.000     4.752    y_reg[5]_i_127_n_0
    SLICE_X34Y78         CARRY4 (Prop_carry4_CI_O[0])
                                                      0.219     4.971 r  y_reg[15]_i_253/O[0]
                         net (fo=1, routed)           0.595     5.566    y_reg[15]_i_253_n_7
    SLICE_X35Y78         LUT2 (Prop_lut2_I1_O)        0.295     5.861 r  y[5]_i_129/O
                         net (fo=1, routed)           0.000     5.861    y[5]_i_129_n_0
    SLICE_X35Y78         CARRY4 (Prop_carry4_S[3]_CO[3])
                                                      0.401     6.262 r  y_reg[5]_i_126/CO[3]
                         net (fo=1, routed)           0.000     6.262    y_reg[5]_i_126_n_0
    SLICE_X35Y79         CARRY4 (Prop_carry4_CI_O[0])
                                                      0.222     6.484 r  y_reg[15]_i_236/O[0]
                         net (fo=1, routed)           0.712     7.195    y_reg[15]_i_236_n_7
    SLICE_X34Y82         LUT2 (Prop_lut2_I1_O)        0.299     7.494 r  y[15]_i_233/O
                         net (fo=1, routed)           0.000     7.494    y[15]_i_233_n_0
    SLICE_X34Y82         CARRY4 (Prop_carry4_S[1]_O[2])
                                                      0.578     8.072 r  y_reg[15]_i_223/O[2]
                         net (fo=1, routed)           0.407     8.479    y_reg[15]_i_223_n_5
    SLICE_X35Y82         LUT2 (Prop_lut2_I1_O)        0.301     8.780 r  y[5]_i_115/O
                         net (fo=1, routed)           0.000     8.780    y[5]_i_115_n_0
    SLICE_X35Y82         CARRY4 (Prop_carry4_S[3]_CO[3])
                                                      0.401     9.181 r  y_reg[5]_i_113/CO[3]
                         net (fo=1, routed)           0.000     9.181    y_reg[5]_i_113_n_0
    SLICE_X35Y83         CARRY4 (Prop_carry4_CI_O[0])
                                                      0.222     9.403 r  y_reg[15]_i_195/O[0]
                         net (fo=1, routed)           0.603    10.006    y_reg[15]_i_195_n_7
    SLICE_X36Y81         LUT2 (Prop_lut2_I1_O)        0.299    10.305 r  y[15]_i_203/O
                         net (fo=1, routed)           0.000    10.305    y[15]_i_203_n_0
    SLICE_X36Y81         CARRY4 (Prop_carry4_S[3]_O[3])
                                                      0.255    10.560 r  y_reg[15]_i_189/O[3]
                         net (fo=1, routed)           0.581    11.141    y_reg[15]_i_189_n_4
    SLICE_X37Y81         LUT2 (Prop_lut2_I1_O)        0.307    11.448 r  y[15]_i_183/O
                         net (fo=1, routed)           0.000    11.448    y[15]_i_183_n_0
    SLICE_X37Y81         CARRY4 (Prop_carry4_S[2]_O[2])
                                                      0.248    11.696 r  y_reg[15]_i_159/O[2]
                         net (fo=1, routed)           0.309    12.005    y_reg[15]_i_159_n_5
    SLICE_X38Y81         LUT2 (Prop_lut2_I1_O)        0.302    12.307 r  y[15]_i_164/O
                         net (fo=1, routed)           0.000    12.307    y[15]_i_164_n_0
    SLICE_X38Y81         CARRY4 (Prop_carry4_S[3]_O[3])
                                                      0.255    12.562 r  y_reg[15]_i_151/O[3]
                         net (fo=1, routed)           0.669    13.230    y_reg[15]_i_151_n_4
    SLICE_X38Y85         LUT2 (Prop_lut2_I1_O)        0.307    13.537 r  y[15]_i_132/O
                         net (fo=1, routed)           0.000    13.537    y[15]_i_132_n_0
    SLICE_X38Y85         CARRY4 (Prop_carry4_S[1]_O[1])
                                                      0.230    13.767 r  y_reg[15]_i_110/O[1]
                         net (fo=1, routed)           0.407    14.175    y_reg[15]_i_110_n_6
    SLICE_X39Y84         LUT2 (Prop_lut2_I1_O)        0.306    14.481 r  y[15]_i_119/O
                         net (fo=1, routed)           0.000    14.481    y[15]_i_119_n_0
    SLICE_X39Y84         CARRY4 (Prop_carry4_S[3]_O[3])
                                                      0.248    14.729 r  y_reg[15]_i_104/O[3]
                         net (fo=1, routed)           0.444    15.173    y_reg[15]_i_104_n_4
    SLICE_X40Y84         LUT2 (Prop_lut2_I1_O)        0.306    15.479 r  y[15]_i_98/O
                         net (fo=1, routed)           0.000    15.479    y[15]_i_98_n_0
    SLICE_X40Y84         CARRY4 (Prop_carry4_S[2]_O[2])
                                                      0.248    15.727 r  y_reg[15]_i_82/O[2]
                         net (fo=1, routed)           0.454    16.181    y_reg[15]_i_82_n_5
    SLICE_X41Y83         LUT2 (Prop_lut2_I1_O)        0.302    16.483 r  y[15]_i_88/O
                         net (fo=1, routed)           0.000    16.483    y[15]_i_88_n_0
    SLICE_X41Y83         CARRY4 (Prop_carry4_S[3]_O[3])
                                                      0.248    16.731 r  y_reg[15]_i_70/O[3]
                         net (fo=1, routed)           0.438    17.169    y_reg[15]_i_70_n_4
    SLICE_X42Y84         LUT2 (Prop_lut2_I1_O)        0.306    17.475 r  y[15]_i_66/O
                         net (fo=1, routed)           0.000    17.475    y[15]_i_66_n_0
    SLICE_X42Y84         CARRY4 (Prop_carry4_S[1]_O[1])
                                                      0.230    17.705 r  y_reg[15]_i_48/O[1]
                         net (fo=1, routed)           0.407    18.113    y_reg[15]_i_48_n_6
    SLICE_X43Y83         LUT2 (Prop_lut2_I1_O)        0.306    18.419 r  y[15]_i_57/O
                         net (fo=1, routed)           0.000    18.419    y[15]_i_57_n_0
    SLICE_X43Y83         CARRY4 (Prop_carry4_S[3]_CO[3])
                                                      0.401    18.820 r  y_reg[15]_i_43/CO[3]
                         net (fo=1, routed)           0.000    18.820    y_reg[15]_i_43_n_0
    SLICE_X43Y84         CARRY4 (Prop_carry4_CI_O[0])
                                                      0.222    19.042 r  y_reg[15]_i_25/O[0]
                         net (fo=1, routed)           0.651    19.692    y_reg[15]_i_25_n_7
    SLICE_X42Y80         LUT2 (Prop_lut2_I1_O)        0.299    19.991 r  y[15]_i_37/O
                         net (fo=1, routed)           0.000    19.991    y[15]_i_37_n_0
    SLICE_X42Y80         CARRY4 (Prop_carry4_S[3]_CO[3])
                                                      0.376    20.367 r  y_reg[15]_i_23/CO[3]
                         net (fo=1, routed)           0.000    20.367    y_reg[15]_i_23_n_0
    SLICE_X42Y81         CARRY4 (Prop_carry4_CI_O[0])
                                                      0.219    20.586 r  y_reg[15]_i_11/O[0]
                         net (fo=1, routed)           0.296    20.882    y_reg[15]_i_11_n_7
    SLICE_X43Y79         LUT2 (Prop_lut2_I1_O)        0.295    21.177 r  y[15]_i_20/O
                         net (fo=1, routed)           0.000    21.177    y[15]_i_20_n_0
    SLICE_X43Y79         CARRY4 (Prop_carry4_S[1]_O[1])
                                                      0.227    21.404 r  y_reg[15]_i_8/O[1]
                         net (fo=1, routed)           0.453    21.858    y_reg[15]_i_8_n_6
    SLICE_X44Y81         LUT2 (Prop_lut2_I1_O)        0.303    22.161 r  y[15]_i_9/O
                         net (fo=1, routed)           0.000    22.161    y[15]_i_9_n_0
    SLICE_X44Y81         CARRY4 (Prop_carry4_S[0]_O[0])
                                                      0.247    22.408 r  y_reg[15]_i_5/O[0]
                         net (fo=1, routed)           0.484    22.892    y_reg[15]_i_5_n_7
    SLICE_X45Y81         LUT2 (Prop_lut2_I1_O)        0.299    23.191 r  y[13]_i_6/O
                         net (fo=1, routed)           0.000    23.191    y[13]_i_6_n_0
    SLICE_X45Y81         CARRY4 (Prop_carry4_S[1]_O[1])
                                                      0.227    23.418 r  y_reg[13]_i_2/O[1]
                         net (fo=1, routed)           0.299    23.717    C[11]
    SLICE_X46Y81         CARRY4 (Prop_carry4_S[1]_O[1])
                                                      0.533    24.250 r  y_reg[13]_i_1/O[1]
                         net (fo=1, routed)           0.000    24.250    acc[11]
    SLICE_X46Y81         FDRE                                         r  y_reg[11]/D
  -------------------------------------------------------------------    -------------------

                         (clock vclk rise edge)      24.437    24.437 r  <hidden>
                                                      0.000    24.437 r  clk
                         net (fo=173, unset)          0.924    25.361    clk
    SLICE_X46Y81         FDRE                                         r  y_reg[11]/C
                         clock pessimism              0.000    25.361    <hidden>
                         clock uncertainty           -0.035    25.326    <hidden>
    SLICE_X46Y81         FDRE (Setup_fdre_C_D)        0.109    25.435    y_reg[11]
  -------------------------------------------------------------------
                         required time                         25.435    <hidden>
                         arrival time                         -24.250    <hidden>
  -------------------------------------------------------------------
                         slack                                  1.185    <hidden>

Slack (MET) :             1.407ns  (required time - arrival time)
  Source:                 d19_reg[1]/C
                            (rising edge-triggered cell FDRE clocked by vclk  {rise@0.000ns fall@12.219ns period=24.437ns})
  Destination:            y_reg[10]/D
                            (rising edge-triggered cell FDRE clocked by vclk  {rise@0.000ns fall@12.219ns period=24.437ns})
  Path Group:             vclk
  Path Type:              Setup (Max at Slow Process Corner)
  Requirement:            24.437ns  (vclk rise@24.437ns - vclk rise@0.000ns)
  Data Path Delay:        23.055ns  (logic 13.112ns (56.874%)  route 9.943ns (43.126%))
  Logic Levels:           41  (CARRY4=23 LUT2=18)
  Clock Path Skew:        -0.049ns (DCD - SCD + CPR)
    Destination Clock Delay (DCD):    0.924ns = ( 25.361 - 24.437 ) 
    Source Clock Delay      (SCD):    0.973ns
    Clock Pessimism Removal (CPR):    0.000ns
  Clock Uncertainty:      0.035ns  ((TSJ^2 + TIJ^2)^1/2 + DJ) / 2 + PE
    Total System Jitter     (TSJ):    0.071ns
    Total Input Jitter      (TIJ):    0.000ns
    Discrete Jitter          (DJ):    0.000ns
    Phase Error              (PE):    0.000ns

    Location             Delay type                Incr(ns)  Path(ns)    Netlist Resource(s)
  -------------------------------------------------------------------    -------------------
                         (clock vclk rise edge)       0.000     0.000 r  <hidden>
                                                      0.000     0.000 r  clk
                         net (fo=173, unset)          0.973     0.973    clk
    SLICE_X32Y75         FDRE                                         r  d19_reg[1]/C
  -------------------------------------------------------------------    -------------------
    SLICE_X32Y75         FDRE (Prop_fdre_C_Q)         0.518     1.491 r  d19_reg[1]/Q
                         net (fo=3, routed)           0.474     1.965    d19[1]
    SLICE_X33Y75         CARRY4 (Prop_carry4_S[0]_O[0])
                                                      0.371     2.336 r  y_reg[5]_i_145/O[0]
                         net (fo=2, routed)           0.727     3.062    acc0[5]
    SLICE_X33Y78         LUT2 (Prop_lut2_I0_O)        0.299     3.361 r  y[5]_i_147/O
                         net (fo=1, routed)           0.000     3.361    y[5]_i_147_n_0
    SLICE_X33Y78         CARRY4 (Prop_carry4_S[2]_O[2])
                                                      0.248     3.609 r  y_reg[5]_i_144/O[2]
                         net (fo=1, routed)           0.464     4.074    y_reg[5]_i_144_n_5
    SLICE_X34Y77         LUT2 (Prop_lut2_I1_O)        0.302     4.376 r  y[5]_i_134/O
                         net (fo=1, routed)           0.000     4.376    y[5]_i_134_n_0
    SLICE_X34Y77         CARRY4 (Prop_carry4_S[3]_O[3])
                                                      0.255     4.631 r  y_reg[5]_i_127/O[3]
                         net (fo=1, routed)           0.548     5.178    y_reg[5]_i_127_n_4
    SLICE_X35Y78         LUT2 (Prop_lut2_I1_O)        0.307     5.485 r  y[5]_i_130/O
                         net (fo=1, routed)           0.000     5.485    y[5]_i_130_n_0
    SLICE_X35Y78         CARRY4 (Prop_carry4_S[2]_O[2])
                                                      0.248     5.733 r  y_reg[5]_i_126/O[2]
                         net (fo=1, routed)           0.599     6.332    y_reg[5]_i_126_n_5
    SLICE_X34Y81         LUT2 (Prop_lut2_I1_O)        0.302     6.634 r  y[5]_i_119/O
                         net (fo=1, routed)           0.000     6.634    y[5]_i_119_n_0
    SLICE_X34Y81         CARRY4 (Prop_carry4_S[3]_O[3])
                                                      0.255     6.889 r  y_reg[5]_i_114/O[3]
                         net (fo=1, routed)           0.435     7.324    y_reg[5]_i_114_n_4
    SLICE_X35Y82         CARRY4 (Prop_carry4_S[0]_O[0])
                                                      0.554     7.878 r  y_reg[5]_i_113/O[0]
                         net (fo=1, routed)           0.603     8.482    y_reg[5]_i_113_n_7
    SLICE_X36Y80         LUT2 (Prop_lut2_I1_O)        0.299     8.781 r  y[5]_i_103/O
                         net (fo=1, routed)           0.000     8.781    y[5]_i_103_n_0
    SLICE_X36Y80         CARRY4 (Prop_carry4_S[3]_O[3])
                                                      0.255     9.036 r  y_reg[5]_i_96/O[3]
                         net (fo=1, routed)           0.492     9.528    y_reg[5]_i_96_n_4
    SLICE_X37Y80         LUT2 (Prop_lut2_I1_O)        0.307     9.835 r  y[5]_i_99/O
                         net (fo=1, routed)           0.000     9.835    y[5]_i_99_n_0
    SLICE_X37Y80         CARRY4 (Prop_carry4_S[2]_O[2])
                                                      0.248    10.083 r  y_reg[5]_i_95/O[2]
                         net (fo=1, routed)           0.309    10.391    y_reg[5]_i_95_n_5
    SLICE_X38Y80         LUT2 (Prop_lut2_I1_O)        0.302    10.693 r  y[5]_i_81/O
                         net (fo=1, routed)           0.000    10.693    y[5]_i_81_n_0
    SLICE_X38Y80         CARRY4 (Prop_carry4_S[3]_O[3])
                                                      0.255    10.948 r  y_reg[5]_i_74/O[3]
                         net (fo=1, routed)           0.714    11.662    y_reg[5]_i_74_n_4
    SLICE_X38Y84         LUT2 (Prop_lut2_I1_O)        0.307    11.969 r  y[5]_i_78/O
                         net (fo=1, routed)           0.000    11.969    y[5]_i_78_n_0
    SLICE_X38Y84         CARRY4 (Prop_carry4_S[1]_O[1])
                                                      0.230    12.199 r  y_reg[5]_i_73/O[1]
                         net (fo=1, routed)           0.407    12.606    y_reg[5]_i_73_n_6
    SLICE_X39Y83         LUT2 (Prop_lut2_I1_O)        0.306    12.912 r  y[5]_i_65/O
                         net (fo=1, routed)           0.000    12.912    y[5]_i_65_n_0
    SLICE_X39Y83         CARRY4 (Prop_carry4_S[3]_O[3])
                                                      0.248    13.160 r  y_reg[5]_i_59/O[3]
                         net (fo=1, routed)           0.444    13.604    y_reg[5]_i_59_n_4
    SLICE_X40Y83         LUT2 (Prop_lut2_I1_O)        0.306    13.910 r  y[5]_i_61/O
                         net (fo=1, routed)           0.000    13.910    y[5]_i_61_n_0
    SLICE_X40Y83         CARRY4 (Prop_carry4_S[2]_O[2])
                                                      0.248    14.158 r  y_reg[5]_i_58/O[2]
                         net (fo=1, routed)           0.454    14.613    y_reg[5]_i_58_n_5
    SLICE_X41Y82         LUT2 (Prop_lut2_I1_O)        0.302    14.915 r  y[5]_i_51/O
                         net (fo=1, routed)           0.000    14.915    y[5]_i_51_n_0
    SLICE_X41Y82         CARRY4 (Prop_carry4_S[3]_O[3])
                                                      0.248    15.163 r  y_reg[5]_i_46/O[3]
                         net (fo=1, routed)           0.438    15.601    y_reg[5]_i_46_n_4
    SLICE_X42Y83         LUT2 (Prop_lut2_I1_O)        0.306    15.907 r  y[5]_i_49/O
                         net (fo=1, routed)           0.000    15.907    y[5]_i_49_n_0
    SLICE_X42Y83         CARRY4 (Prop_carry4_S[1]_O[1])
                                                      0.230    16.137 r  y_reg[5]_i_45/O[1]
                         net (fo=1, routed)           0.407    16.544    y_reg[5]_i_45_n_6
    SLICE_X43Y82         LUT2 (Prop_lut2_I1_O)        0.306    16.850 r  y[5]_i_35/O
                         net (fo=1, routed)           0.000    16.850    y[5]_i_35_n_0
    SLICE_X43Y82         CARRY4 (Prop_carry4_S[3]_CO[3])
                                                      0.401    17.251 r  y_reg[5]_i_28/CO[3]
                         net (fo=1, routed)           0.000    17.251    y_reg[5]_i_28_n_0
    SLICE_X43Y83         CARRY4 (Prop_carry4_CI_O[0])
                                                      0.222    17.473 r  y_reg[15]_i_43/O[0]
                         net (fo=1, routed)           0.682    18.156    y_reg[15]_i_43_n_7
    SLICE_X42Y79         LUT2 (Prop_lut2_I1_O)        0.299    18.455 r  y[5]_i_30/O
                         net (fo=1, routed)           0.000    18.455    y[5]_i_30_n_0
    SLICE_X42Y79         CARRY4 (Prop_carry4_S[3]_CO[3])
                                                      0.376    18.831 r  y_reg[5]_i_27/CO[3]
                         net (fo=1, routed)           0.000    18.831    y_reg[5]_i_27_n_0
    SLICE_X42Y80         CARRY4 (Prop_carry4_CI_O[0])
                                                      0.219    19.050 r  y_reg[15]_i_23/O[0]
                         net (fo=1, routed)           0.296    19.346    y_reg[15]_i_23_n_7
    SLICE_X43Y78         LUT2 (Prop_lut2_I1_O)        0.295    19.641 r  y[15]_i_30/O
                         net (fo=1, routed)           0.000    19.641    y[15]_i_30_n_0
    SLICE_X43Y78         CARRY4 (Prop_carry4_S[1]_O[2])
                                                      0.580    20.221 r  y_reg[15]_i_16/O[2]
                         net (fo=1, routed)           0.585    20.805    y_reg[15]_i_16_n_5
    SLICE_X44Y80         LUT2 (Prop_lut2_I1_O)        0.302    21.107 r  y[15]_i_14/O
                         net (fo=1, routed)           0.000    21.107    y[15]_i_14_n_0
    SLICE_X44Y80         CARRY4 (Prop_carry4_S[1]_O[2])
                                                      0.580    21.687 r  y_reg[15]_i_7/O[2]
                         net (fo=1, routed)           0.407    22.094    y_reg[15]_i_7_n_5
    SLICE_X45Y80         LUT2 (Prop_lut2_I1_O)        0.302    22.396 r  y[13]_i_9/O
                         net (fo=1, routed)           0.000    22.396    y[13]_i_9_n_0
    SLICE_X45Y80         CARRY4 (Prop_carry4_S[3]_CO[3])
                                                      0.401    22.797 r  y_reg[13]_i_4/CO[3]
                         net (fo=1, routed)           0.000    22.797    y_reg[13]_i_4_n_0
    SLICE_X45Y81         CARRY4 (Prop_carry4_CI_O[0])
                                                      0.222    23.019 r  y_reg[13]_i_2/O[0]
                         net (fo=1, routed)           0.458    23.477    C[10]
    SLICE_X46Y81         LUT2 (Prop_lut2_I1_O)        0.299    23.776 r  y[13]_i_3/O
                         net (fo=1, routed)           0.000    23.776    y[13]_i_3_n_0
    SLICE_X46Y81         CARRY4 (Prop_carry4_S[0]_O[0])
                                                      0.252    24.028 r  y_reg[13]_i_1/O[0]
                         net (fo=1, routed)           0.000    24.028    acc[10]
    SLICE_X46Y81         FDRE                                         r  y_reg[10]/D
  -------------------------------------------------------------------    -------------------

                         (clock vclk rise edge)      24.437    24.437 r  <hidden>
                                                      0.000    24.437 r  clk
                         net (fo=173, unset)          0.924    25.361    clk
    SLICE_X46Y81         FDRE                                         r  y_reg[10]/C
                         clock pessimism              0.000    25.361    <hidden>
                         clock uncertainty           -0.035    25.326    <hidden>
    SLICE_X46Y81         FDRE (Setup_fdre_C_D)        0.109    25.435    y_reg[10]
  -------------------------------------------------------------------
                         required time                         25.435    <hidden>
                         arrival time                         -24.028    <hidden>
  -------------------------------------------------------------------
                         slack                                  1.407    <hidden>

Slack (MET) :             1.766ns  (required time - arrival time)
  Source:                 d19_reg[1]/C
                            (rising edge-triggered cell FDRE clocked by vclk  {rise@0.000ns fall@12.219ns period=24.437ns})
  Destination:            y_reg[9]/D
                            (rising edge-triggered cell FDRE clocked by vclk  {rise@0.000ns fall@12.219ns period=24.437ns})
  Path Group:             vclk
  Path Type:              Setup (Max at Slow Process Corner)
  Requirement:            24.437ns  (vclk rise@24.437ns - vclk rise@0.000ns)
  Data Path Delay:        22.696ns  (logic 12.747ns (56.163%)  route 9.949ns (43.837%))
  Logic Levels:           40  (CARRY4=22 LUT2=18)
  Clock Path Skew:        -0.049ns (DCD - SCD + CPR)
    Destination Clock Delay (DCD):    0.924ns = ( 25.361 - 24.437 ) 
    Source Clock Delay      (SCD):    0.973ns
    Clock Pessimism Removal (CPR):    0.000ns
  Clock Uncertainty:      0.035ns  ((TSJ^2 + TIJ^2)^1/2 + DJ) / 2 + PE
    Total System Jitter     (TSJ):    0.071ns
    Total Input Jitter      (TIJ):    0.000ns
    Discrete Jitter          (DJ):    0.000ns
    Phase Error              (PE):    0.000ns

    Location             Delay type                Incr(ns)  Path(ns)    Netlist Resource(s)
  -------------------------------------------------------------------    -------------------
                         (clock vclk rise edge)       0.000     0.000 r  <hidden>
                                                      0.000     0.000 r  clk
                         net (fo=173, unset)          0.973     0.973    clk
    SLICE_X32Y75         FDRE                                         r  d19_reg[1]/C
  -------------------------------------------------------------------    -------------------
    SLICE_X32Y75         FDRE (Prop_fdre_C_Q)         0.518     1.491 r  d19_reg[1]/Q
                         net (fo=3, routed)           0.474     1.965    d19[1]
    SLICE_X33Y75         CARRY4 (Prop_carry4_S[0]_O[0])
                                                      0.371     2.336 r  y_reg[5]_i_145/O[0]
                         net (fo=2, routed)           0.727     3.062    acc0[5]
    SLICE_X33Y78         LUT2 (Prop_lut2_I0_O)        0.299     3.361 r  y[5]_i_147/O
                         net (fo=1, routed)           0.000     3.361    y[5]_i_147_n_0
    SLICE_X33Y78         CARRY4 (Prop_carry4_S[2]_O[2])
                                                      0.248     3.609 r  y_reg[5]_i_144/O[2]
                         net (fo=1, routed)           0.464     4.074    y_reg[5]_i_144_n_5
    SLICE_X34Y77         LUT2 (Prop_lut2_I1_O)        0.302     4.376 r  y[5]_i_134/O
                         net (fo=1, routed)           0.000     4.376    y[5]_i_134_n_0
    SLICE_X34Y77         CARRY4 (Prop_carry4_S[3]_O[3])
                                                      0.255     4.631 r  y_reg[5]_i_127/O[3]
                         net (fo=1, routed)           0.548     5.178    y_reg[5]_i_127_n_4
    SLICE_X35Y78         LUT2 (Prop_lut2_I1_O)        0.307     5.485 r  y[5]_i_130/O
                         net (fo=1, routed)           0.000     5.485    y[5]_i_130_n_0
    SLICE_X35Y78         CARRY4 (Prop_carry4_S[2]_O[2])
                                                      0.248     5.733 r  y_reg[5]_i_126/O[2]
                         net (fo=1, routed)           0.599     6.332    y_reg[5]_i_126_n_5
    SLICE_X34Y81         LUT2 (Prop_lut2_I1_O)        0.302     6.634 r  y[5]_i_119/O
                         net (fo=1, routed)           0.000     6.634    y[5]_i_119_n_0
    SLICE_X34Y81         CARRY4 (Prop_carry4_S[3]_O[3])
                                                      0.255     6.889 r  y_reg[5]_i_114/O[3]
                         net (fo=1, routed)           0.435     7.324    y_reg[5]_i_114_n_4
    SLICE_X35Y82         CARRY4 (Prop_carry4_S[0]_O[0])
                                                      0.554     7.878 r  y_reg[5]_i_113/O[0]
                         net (fo=1, routed)           0.603     8.482    y_reg[5]_i_113_n_7
    SLICE_X36Y80         LUT2 (Prop_lut2_I1_O)        0.299     8.781 r  y[5]_i_103/O
                         net (fo=1, routed)           0.000     8.781    y[5]_i_103_n_0
    SLICE_X36Y80         CARRY4 (Prop_carry4_S[3]_O[3])
                                                      0.255     9.036 r  y_reg[5]_i_96/O[3]
                         net (fo=1, routed)           0.492     9.528    y_reg[5]_i_96_n_4
    SLICE_X37Y80         LUT2 (Prop_lut2_I1_O)        0.307     9.835 r  y[5]_i_99/O
                         net (fo=1, routed)           0.000     9.835    y[5]_i_99_n_0
    SLICE_X37Y80         CARRY4 (Prop_carry4_S[2]_O[2])
                                                      0.248    10.083 r  y_reg[5]_i_95/O[2]
                         net (fo=1, routed)           0.309    10.391    y_reg[5]_i_95_n_5
    SLICE_X38Y80         LUT2 (Prop_lut2_I1_O)        0.302    10.693 r  y[5]_i_81/O
                         net (fo=1, routed)           0.000    10.693    y[5]_i_81_n_0
    SLICE_X38Y80         CARRY4 (Prop_carry4_S[3]_O[3])
                                                      0.255    10.948 r  y_reg[5]_i_74/O[3]
                         net (fo=1, routed)           0.714    11.662    y_reg[5]_i_74_n_4
    SLICE_X38Y84         LUT2 (Prop_lut2_I1_O)        0.307    11.969 r  y[5]_i_78/O
                         net (fo=1, routed)           0.000    11.969    y[5]_i_78_n_0
    SLICE_X38Y84         CARRY4 (Prop_carry4_S[1]_O[1])
                                                      0.230    12.199 r  y_reg[5]_i_73/O[1]
                         net (fo=1, routed)           0.407    12.606    y_reg[5]_i_73_n_6
    SLICE_X39Y83         LUT2 (Prop_lut2_I1_O)        0.306    12.912 r  y[5]_i_65/O
                         net (fo=1, routed)           0.000    12.912    y[5]_i_65_n_0
    SLICE_X39Y83         CARRY4 (Prop_carry4_S[3]_O[3])
                                                      0.248    13.160 r  y_reg[5]_i_59/O[3]
                         net (fo=1, routed)           0.444    13.604    y_reg[5]_i_59_n_4
    SLICE_X40Y83         LUT2 (Prop_lut2_I1_O)        0.306    13.910 r  y[5]_i_61/O
                         net (fo=1, routed)           0.000    13.910    y[5]_i_61_n_0
    SLICE_X40Y83         CARRY4 (Prop_carry4_S[2]_O[2])
                                                      0.248    14.158 r  y_reg[5]_i_58/O[2]
                         net (fo=1, routed)           0.454    14.613    y_reg[5]_i_58_n_5
    SLICE_X41Y82         LUT2 (Prop_lut2_I1_O)        0.302    14.915 r  y[5]_i_51/O
                         net (fo=1, routed)           0.000    14.915    y[5]_i_51_n_0
    SLICE_X41Y82         CARRY4 (Prop_carry4_S[3]_O[3])
                                                      0.248    15.163 r  y_reg[5]_i_46/O[3]
                         net (fo=1, routed)           0.438    15.601    y_reg[5]_i_46_n_4
    SLICE_X42Y83         LUT2 (Prop_lut2_I1_O)        0.306    15.907 r  y[5]_i_49/O
                         net (fo=1, routed)           0.000    15.907    y[5]_i_49_n_0
    SLICE_X42Y83         CARRY4 (Prop_carry4_S[1]_O[1])
                                                      0.230    16.137 r  y_reg[5]_i_45/O[1]
                         net (fo=1, routed)           0.407    16.544    y_reg[5]_i_45_n_6
    SLICE_X43Y82         LUT2 (Prop_lut2_I1_O)        0.306    16.850 r  y[5]_i_35/O
                         net (fo=1, routed)           0.000    16.850    y[5]_i_35_n_0
    SLICE_X43Y82         CARRY4 (Prop_carry4_S[3]_CO[3])
                                                      0.401    17.251 r  y_reg[5]_i_28/CO[3]
                         net (fo=1, routed)           0.000    17.251    y_reg[5]_i_28_n_0
    SLICE_X43Y83         CARRY4 (Prop_carry4_CI_O[0])
                                                      0.222    17.473 r  y_reg[15]_i_43/O[0]
                         net (fo=1, routed)           0.682    18.156    y_reg[15]_i_43_n_7
    SLICE_X42Y79         LUT2 (Prop_lut2_I1_O)        0.299    18.455 r  y[5]_i_30/O
                         net (fo=1, routed)           0.000    18.455    y[5]_i_30_n_0
    SLICE_X42Y79         CARRY4 (Prop_carry4_S[3]_CO[3])
                                                      0.376    18.831 r  y_reg[5]_i_27/CO[3]
                         net (fo=1, routed)           0.000    18.831    y_reg[5]_i_27_n_0
    SLICE_X42Y80         CARRY4 (Prop_carry4_CI_O[0])
                                                      0.219    19.050 r  y_reg[15]_i_23/O[0]
                         net (fo=1, routed)           0.296    19.346    y_reg[15]_i_23_n_7
    SLICE_X43Y78         LUT2 (Prop_lut2_I1_O)        0.295    19.641 r  y[15]_i_30/O
                         net (fo=1, routed)           0.000    19.641    y[15]_i_30_n_0
    SLICE_X43Y78         CARRY4 (Prop_carry4_S[1]_O[2])
                                                      0.580    20.221 r  y_reg[15]_i_16/O[2]
                         net (fo=1, routed)           0.585    20.805    y_reg[15]_i_16_n_5
    SLICE_X44Y80         LUT2 (Prop_lut2_I1_O)        0.302    21.107 r  y[15]_i_14/O
                         net (fo=1, routed)           0.000    21.107    y[15]_i_14_n_0
    SLICE_X44Y80         CARRY4 (Prop_carry4_S[1]_O[2])
                                                      0.580    21.687 r  y_reg[15]_i_7/O[2]
                         net (fo=1, routed)           0.407    22.094    y_reg[15]_i_7_n_5
    SLICE_X45Y80         LUT2 (Prop_lut2_I1_O)        0.302    22.396 r  y[13]_i_9/O
                         net (fo=1, routed)           0.000    22.396    y[13]_i_9_n_0
    SLICE_X45Y80         CARRY4 (Prop_carry4_S[3]_O[3])
                                                      0.248    22.644 r  y_reg[13]_i_4/O[3]
                         net (fo=1, routed)           0.465    23.108    C[9]
    SLICE_X46Y80         LUT2 (Prop_lut2_I1_O)        0.306    23.414 r  y[9]_i_2/O
                         net (fo=1, routed)           0.000    23.414    y[9]_i_2_n_0
    SLICE_X46Y80         CARRY4 (Prop_carry4_S[3]_O[3])
                                                      0.255    23.669 r  y_reg[9]_i_1/O[3]
                         net (fo=1, routed)           0.000    23.669    acc[9]
    SLICE_X46Y80         FDRE                                         r  y_reg[9]/D
  -------------------------------------------------------------------    -------------------

                         (clock vclk rise edge)      24.437    24.437 r  <hidden>
                                                      0.000    24.437 r  clk
                         net (fo=173, unset)          0.924    25.361    clk
    SLICE_X46Y80         FDRE                                         r  y_reg[9]/C
                         clock pessimism              0.000    25.361    <hidden>
                         clock uncertainty           -0.035    25.326    <hidden>
    SLICE_X46Y80         FDRE (Setup_fdre_C_D)        0.109    25.435    y_reg[9]
  -------------------------------------------------------------------
                         required time                         25.435    <hidden>
                         arrival time                         -23.669    <hidden>
  -------------------------------------------------------------------
                         slack                                  1.766    <hidden>

Slack (MET) :             2.257ns  (required time - arrival time)
  Source:                 d19_reg[1]/C
                            (rising edge-triggered cell FDRE clocked by vclk  {rise@0.000ns fall@12.219ns period=24.437ns})
  Destination:            y_reg[8]/D
                            (rising edge-triggered cell FDRE clocked by vclk  {rise@0.000ns fall@12.219ns period=24.437ns})
  Path Group:             vclk
  Path Type:              Setup (Max at Slow Process Corner)
  Requirement:            24.437ns  (vclk rise@24.437ns - vclk rise@0.000ns)
  Data Path Delay:        22.205ns  (logic 12.382ns (55.762%)  route 9.823ns (44.238%))
  Logic Levels:           40  (CARRY4=22 LUT2=18)
  Clock Path Skew:        -0.049ns (DCD - SCD + CPR)
    Destination Clock Delay (DCD):    0.924ns = ( 25.361 - 24.437 ) 
    Source Clock Delay      (SCD):    0.973ns
    Clock Pessimism Removal (CPR):    0.000ns
  Clock Uncertainty:      0.035ns  ((TSJ^2 + TIJ^2)^1/2 + DJ) / 2 + PE
    Total System Jitter     (TSJ):    0.071ns
    Total Input Jitter      (TIJ):    0.000ns
    Discrete Jitter          (DJ):    0.000ns
    Phase Error              (PE):    0.000ns

    Location             Delay type                Incr(ns)  Path(ns)    Netlist Resource(s)
  -------------------------------------------------------------------    -------------------
                         (clock vclk rise edge)       0.000     0.000 r  <hidden>
                                                      0.000     0.000 r  clk
                         net (fo=173, unset)          0.973     0.973    clk
    SLICE_X32Y75         FDRE                                         r  d19_reg[1]/C
  -------------------------------------------------------------------    -------------------
    SLICE_X32Y75         FDRE (Prop_fdre_C_Q)         0.518     1.491 r  d19_reg[1]/Q
                         net (fo=3, routed)           0.474     1.965    d19[1]
    SLICE_X33Y75         CARRY4 (Prop_carry4_S[0]_O[0])
                                                      0.371     2.336 r  y_reg[5]_i_145/O[0]
                         net (fo=2, routed)           0.727     3.062    acc0[5]
    SLICE_X33Y78         LUT2 (Prop_lut2_I0_O)        0.299     3.361 r  y[5]_i_147/O
                         net (fo=1, routed)           0.000     3.361    y[5]_i_147_n_0
    SLICE_X33Y78         CARRY4 (Prop_carry4_S[2]_O[2])
                                                      0.248     3.609 r  y_reg[5]_i_144/O[2]
                         net (fo=1, routed)           0.464     4.074    y_reg[5]_i_144_n_5
    SLICE_X34Y77         LUT2 (Prop_lut2_I1_O)        0.302     4.376 r  y[5]_i_134/O
                         net (fo=1, routed)           0.000     4.376    y[5]_i_134_n_0
    SLICE_X34Y77         CARRY4 (Prop_carry4_S[3]_O[3])
                                                      0.255     4.631 r  y_reg[5]_i_127/O[3]
                         net (fo=1, routed)           0.548     5.178    y_reg[5]_i_127_n_4
    SLICE_X35Y78         LUT2 (Prop_lut2_I1_O)        0.307     5.485 r  y[5]_i_130/O
                         net (fo=1, routed)           0.000     5.485    y[5]_i_130_n_0
    SLICE_X35Y78         CARRY4 (Prop_carry4_S[2]_O[2])
                                                      0.248     5.733 r  y_reg[5]_i_126/O[2]
                         net (fo=1, routed)           0.599     6.332    y_reg[5]_i_126_n_5
    SLICE_X34Y81         LUT2 (Prop_lut2_I1_O)        0.302     6.634 r  y[5]_i_119/O
                         net (fo=1, routed)           0.000     6.634    y[5]_i_119_n_0
    SLICE_X34Y81         CARRY4 (Prop_carry4_S[3]_O[3])
                                                      0.255     6.889 r  y_reg[5]_i_114/O[3]
                         net (fo=1, routed)           0.435     7.324    y_reg[5]_i_114_n_4
    SLICE_X35Y82         CARRY4 (Prop_carry4_S[0]_O[0])
                                                      0.554     7.878 r  y_reg[5]_i_113/O[0]
                         net (fo=1, routed)           0.603     8.482    y_reg[5]_i_113_n_7
    SLICE_X36Y80         LUT2 (Prop_lut2_I1_O)        0.299     8.781 r  y[5]_i_103/O
                         net (fo=1, routed)           0.000     8.781    y[5]_i_103_n_0
    SLICE_X36Y80         CARRY4 (Prop_carry4_S[3]_O[3])
                                                      0.255     9.036 r  y_reg[5]_i_96/O[3]
                         net (fo=1, routed)           0.492     9.528    y_reg[5]_i_96_n_4
    SLICE_X37Y80         LUT2 (Prop_lut2_I1_O)        0.307     9.835 r  y[5]_i_99/O
                         net (fo=1, routed)           0.000     9.835    y[5]_i_99_n_0
    SLICE_X37Y80         CARRY4 (Prop_carry4_S[2]_O[2])
                                                      0.248    10.083 r  y_reg[5]_i_95/O[2]
                         net (fo=1, routed)           0.309    10.391    y_reg[5]_i_95_n_5
    SLICE_X38Y80         LUT2 (Prop_lut2_I1_O)        0.302    10.693 r  y[5]_i_81/O
                         net (fo=1, routed)           0.000    10.693    y[5]_i_81_n_0
    SLICE_X38Y80         CARRY4 (Prop_carry4_S[3]_O[3])
                                                      0.255    10.948 r  y_reg[5]_i_74/O[3]
                         net (fo=1, routed)           0.714    11.662    y_reg[5]_i_74_n_4
    SLICE_X38Y84         LUT2 (Prop_lut2_I1_O)        0.307    11.969 r  y[5]_i_78/O
                         net (fo=1, routed)           0.000    11.969    y[5]_i_78_n_0
    SLICE_X38Y84         CARRY4 (Prop_carry4_S[1]_O[1])
                                                      0.230    12.199 r  y_reg[5]_i_73/O[1]
                         net (fo=1, routed)           0.407    12.606    y_reg[5]_i_73_n_6
    SLICE_X39Y83         LUT2 (Prop_lut2_I1_O)        0.306    12.912 r  y[5]_i_65/O
                         net (fo=1, routed)           0.000    12.912    y[5]_i_65_n_0
    SLICE_X39Y83         CARRY4 (Prop_carry4_S[3]_O[3])
                                                      0.248    13.160 r  y_reg[5]_i_59/O[3]
                         net (fo=1, routed)           0.444    13.604    y_reg[5]_i_59_n_4
    SLICE_X40Y83         LUT2 (Prop_lut2_I1_O)        0.306    13.910 r  y[5]_i_61/O
                         net (fo=1, routed)           0.000    13.910    y[5]_i_61_n_0
    SLICE_X40Y83         CARRY4 (Prop_carry4_S[2]_O[2])
                                                      0.248    14.158 r  y_reg[5]_i_58/O[2]
                         net (fo=1, routed)           0.454    14.613    y_reg[5]_i_58_n_5
    SLICE_X41Y82         LUT2 (Prop_lut2_I1_O)        0.302    14.915 r  y[5]_i_51/O
                         net (fo=1, routed)           0.000    14.915    y[5]_i_51_n_0
    SLICE_X41Y82         CARRY4 (Prop_carry4_S[3]_O[3])
                                                      0.248    15.163 r  y_reg[5]_i_46/O[3]
                         net (fo=1, routed)           0.438    15.601    y_reg[5]_i_46_n_4
    SLICE_X42Y83         LUT2 (Prop_lut2_I1_O)        0.306    15.907 r  y[5]_i_49/O
                         net (fo=1, routed)           0.000    15.907    y[5]_i_49_n_0
    SLICE_X42Y83         CARRY4 (Prop_carry4_S[1]_O[1])
                                                      0.230    16.137 r  y_reg[5]_i_45/O[1]
                         net (fo=1, routed)           0.407    16.544    y_reg[5]_i_45_n_6
    SLICE_X43Y82         LUT2 (Prop_lut2_I1_O)        0.306    16.850 r  y[5]_i_35/O
                         net (fo=1, routed)           0.000    16.850    y[5]_i_35_n_0
    SLICE_X43Y82         CARRY4 (Prop_carry4_S[3]_CO[3])
                                                      0.401    17.251 r  y_reg[5]_i_28/CO[3]
                         net (fo=1, routed)           0.000    17.251    y_reg[5]_i_28_n_0
    SLICE_X43Y83         CARRY4 (Prop_carry4_CI_O[0])
                                                      0.222    17.473 r  y_reg[15]_i_43/O[0]
                         net (fo=1, routed)           0.682    18.156    y_reg[15]_i_43_n_7
    SLICE_X42Y79         LUT2 (Prop_lut2_I1_O)        0.299    18.455 r  y[5]_i_30/O
                         net (fo=1, routed)           0.000    18.455    y[5]_i_30_n_0
    SLICE_X42Y79         CARRY4 (Prop_carry4_S[3]_CO[3])
                                                      0.376    18.831 r  y_reg[5]_i_27/CO[3]
                         net (fo=1, routed)           0.000    18.831    y_reg[5]_i_27_n_0
    SLICE_X42Y80         CARRY4 (Prop_carry4_CI_O[0])
                                                      0.219    19.050 r  y_reg[15]_i_23/O[0]
                         net (fo=1, routed)           0.296    19.346    y_reg[15]_i_23_n_7
    SLICE_X43Y78         LUT2 (Prop_lut2_I1_O)        0.295    19.641 r  y[15]_i_30/O
                         net (fo=1, routed)           0.000    19.641    y[15]_i_30_n_0
    SLICE_X43Y78         CARRY4 (Prop_carry4_S[1]_O[1])
                                                      0.227    19.868 r  y_reg[15]_i_16/O[1]
                         net (fo=1, routed)           0.453    20.321    y_reg[15]_i_16_n_6
    SLICE_X44Y80         LUT2 (Prop_lut2_I1_O)        0.303    20.624 r  y[15]_i_15/O
                         net (fo=1, routed)           0.000    20.624    y[15]_i_15_n_0
    SLICE_X44Y80         CARRY4 (Prop_carry4_S[0]_O[0])
                                                      0.247    20.871 r  y_reg[15]_i_7/O[0]
                         net (fo=1, routed)           0.578    21.449    y_reg[15]_i_7_n_7
    SLICE_X45Y80         LUT2 (Prop_lut2_I1_O)        0.299    21.748 r  y[13]_i_11/O
                         net (fo=1, routed)           0.000    21.748    y[13]_i_11_n_0
    SLICE_X45Y80         CARRY4 (Prop_carry4_S[1]_O[2])
                                                      0.580    22.328 r  y_reg[13]_i_4/O[2]
                         net (fo=1, routed)           0.299    22.626    C[8]
    SLICE_X46Y80         LUT2 (Prop_lut2_I1_O)        0.302    22.928 r  y[9]_i_3/O
                         net (fo=1, routed)           0.000    22.928    y[9]_i_3_n_0
    SLICE_X46Y80         CARRY4 (Prop_carry4_S[2]_O[2])
                                                      0.250    23.178 r  y_reg[9]_i_1/O[2]
                         net (fo=1, routed)           0.000    23.178    acc[8]
    SLICE_X46Y80         FDRE                                         r  y_reg[8]/D
  -------------------------------------------------------------------    -------------------

                         (clock vclk rise edge)      24.437    24.437 r  <hidden>
                                                      0.000    24.437 r  clk
                         net (fo=173, unset)          0.924    25.361    clk
    SLICE_X46Y80         FDRE                                         r  y_reg[8]/C
                         clock pessimism              0.000    25.361    <hidden>
                         clock uncertainty           -0.035    25.326    <hidden>
    SLICE_X46Y80         FDRE (Setup_fdre_C_D)        0.109    25.435    y_reg[8]
  -------------------------------------------------------------------
                         required time                         25.435    <hidden>
                         arrival time                         -23.178    <hidden>
  -------------------------------------------------------------------
                         slack                                  2.257    <hidden>

Slack (MET) :             2.628ns  (required time - arrival time)
  Source:                 d19_reg[1]/C
                            (rising edge-triggered cell FDRE clocked by vclk  {rise@0.000ns fall@12.219ns period=24.437ns})
  Destination:            y_reg[7]/D
                            (rising edge-triggered cell FDRE clocked by vclk  {rise@0.000ns fall@12.219ns period=24.437ns})
  Path Group:             vclk
  Path Type:              Setup (Max at Slow Process Corner)
  Requirement:            24.437ns  (vclk rise@24.437ns - vclk rise@0.000ns)
  Data Path Delay:        21.834ns  (logic 12.010ns (55.007%)  route 9.824ns (44.993%))
  Logic Levels:           40  (CARRY4=22 LUT2=18)
  Clock Path Skew:        -0.049ns (DCD - SCD + CPR)
    Destination Clock Delay (DCD):    0.924ns = ( 25.361 - 24.437 ) 
    Source Clock Delay      (SCD):    0.973ns
    Clock Pessimism Removal (CPR):    0.000ns
  Clock Uncertainty:      0.035ns  ((TSJ^2 + TIJ^2)^1/2 + DJ) / 2 + PE
    Total System Jitter     (TSJ):    0.071ns
    Total Input Jitter      (TIJ):    0.000ns
    Discrete Jitter          (DJ):    0.000ns
    Phase Error              (PE):    0.000ns

    Location             Delay type                Incr(ns)  Path(ns)    Netlist Resource(s)
  -------------------------------------------------------------------    -------------------
                         (clock vclk rise edge)       0.000     0.000 r  <hidden>
                                                      0.000     0.000 r  clk
                         net (fo=173, unset)          0.973     0.973    clk
    SLICE_X32Y75         FDRE                                         r  d19_reg[1]/C
  -------------------------------------------------------------------    -------------------
    SLICE_X32Y75         FDRE (Prop_fdre_C_Q)         0.518     1.491 r  d19_reg[1]/Q
                         net (fo=3, routed)           0.474     1.965    d19[1]
    SLICE_X33Y75         CARRY4 (Prop_carry4_S[0]_O[0])
                                                      0.371     2.336 r  y_reg[5]_i_145/O[0]
                         net (fo=2, routed)           0.727     3.062    acc0[5]
    SLICE_X33Y78         LUT2 (Prop_lut2_I0_O)        0.299     3.361 r  y[5]_i_147/O
                         net (fo=1, routed)           0.000     3.361    y[5]_i_147_n_0
    SLICE_X33Y78         CARRY4 (Prop_carry4_S[2]_O[2])
                                                      0.248     3.609 r  y_reg[5]_i_144/O[2]
                         net (fo=1, routed)           0.464     4.074    y_reg[5]_i_144_n_5
    SLICE_X34Y77         LUT2 (Prop_lut2_I1_O)        0.302     4.376 r  y[5]_i_134/O
                         net (fo=1, routed)           0.000     4.376    y[5]_i_134_n_0
    SLICE_X34Y77         CARRY4 (Prop_carry4_S[3]_O[3])
                                                      0.255     4.631 r  y_reg[5]_i_127/O[3]
                         net (fo=1, routed)           0.548     5.178    y_reg[5]_i_127_n_4
    SLICE_X35Y78         LUT2 (Prop_lut2_I1_O)        0.307     5.485 r  y[5]_i_130/O
                         net (fo=1, routed)           0.000     5.485    y[5]_i_130_n_0
    SLICE_X35Y78         CARRY4 (Prop_carry4_S[2]_O[2])
                                                      0.248     5.733 r  y_reg[5]_i_126/O[2]
                         net (fo=1, routed)           0.599     6.332    y_reg[5]_i_126_n_5
    SLICE_X34Y81         LUT2 (Prop_lut2_I1_O)        0.302     6.634 r  y[5]_i_119/O
                         net (fo=1, routed)           0.000     6.634    y[5]_i_119_n_0
    SLICE_X34Y81         CARRY4 (Prop_carry4_S[3]_O[3])
                                                      0.255     6.889 r  y_reg[5]_i_114/O[3]
                         net (fo=1, routed)           0.435     7.324    y_reg[5]_i_114_n_4
    SLICE_X35Y82         CARRY4 (Prop_carry4_S[0]_O[0])
                                                      0.554     7.878 r  y_reg[5]_i_113/O[0]
                         net (fo=1, routed)           0.603     8.482    y_reg[5]_i_113_n_7
    SLICE_X36Y80         LUT2 (Prop_lut2_I1_O)        0.299     8.781 r  y[5]_i_103/O
                         net (fo=1, routed)           0.000     8.781    y[5]_i_103_n_0
    SLICE_X36Y80         CARRY4 (Prop_carry4_S[3]_O[3])
                                                      0.255     9.036 r  y_reg[5]_i_96/O[3]
                         net (fo=1, routed)           0.492     9.528    y_reg[5]_i_96_n_4
    SLICE_X37Y80         LUT2 (Prop_lut2_I1_O)        0.307     9.835 r  y[5]_i_99/O
                         net (fo=1, routed)           0.000     9.835    y[5]_i_99_n_0
    SLICE_X37Y80         CARRY4 (Prop_carry4_S[2]_O[2])
                                                      0.248    10.083 r  y_reg[5]_i_95/O[2]
                         net (fo=1, routed)           0.309    10.391    y_reg[5]_i_95_n_5
    SLICE_X38Y80         LUT2 (Prop_lut2_I1_O)        0.302    10.693 r  y[5]_i_81/O
                         net (fo=1, routed)           0.000    10.693    y[5]_i_81_n_0
    SLICE_X38Y80         CARRY4 (Prop_carry4_S[3]_O[3])
                                                      0.255    10.948 r  y_reg[5]_i_74/O[3]
                         net (fo=1, routed)           0.714    11.662    y_reg[5]_i_74_n_4
    SLICE_X38Y84         LUT2 (Prop_lut2_I1_O)        0.307    11.969 r  y[5]_i_78/O
                         net (fo=1, routed)           0.000    11.969    y[5]_i_78_n_0
    SLICE_X38Y84         CARRY4 (Prop_carry4_S[1]_O[1])
                                                      0.230    12.199 r  y_reg[5]_i_73/O[1]
                         net (fo=1, routed)           0.407    12.606    y_reg[5]_i_73_n_6
    SLICE_X39Y83         LUT2 (Prop_lut2_I1_O)        0.306    12.912 r  y[5]_i_65/O
                         net (fo=1, routed)           0.000    12.912    y[5]_i_65_n_0
    SLICE_X39Y83         CARRY4 (Prop_carry4_S[3]_O[3])
                                                      0.248    13.160 r  y_reg[5]_i_59/O[3]
                         net (fo=1, routed)           0.444    13.604    y_reg[5]_i_59_n_4
    SLICE_X40Y83         LUT2 (Prop_lut2_I1_O)        0.306    13.910 r  y[5]_i_61/O
                         net (fo=1, routed)           0.000    13.910    y[5]_i_61_n_0
    SLICE_X40Y83         CARRY4 (Prop_carry4_S[2]_O[2])
                                                      0.248    14.158 r  y_reg[5]_i_58/O[2]
                         net (fo=1, routed)           0.454    14.613    y_reg[5]_i_58_n_5
    SLICE_X41Y82         LUT2 (Prop_lut2_I1_O)        0.302    14.915 r  y[5]_i_51/O
                         net (fo=1, routed)           0.000    14.915    y[5]_i_51_n_0
    SLICE_X41Y82         CARRY4 (Prop_carry4_S[3]_O[3])
                                                      0.248    15.163 r  y_reg[5]_i_46/O[3]
                         net (fo=1, routed)           0.438    15.601    y_reg[5]_i_46_n_4
    SLICE_X42Y83         LUT2 (Prop_lut2_I1_O)        0.306    15.907 r  y[5]_i_49/O
                         net (fo=1, routed)           0.000    15.907    y[5]_i_49_n_0
    SLICE_X42Y83         CARRY4 (Prop_carry4_S[1]_O[1])
                                                      0.230    16.137 r  y_reg[5]_i_45/O[1]
                         net (fo=1, routed)           0.407    16.544    y_reg[5]_i_45_n_6
    SLICE_X43Y82         LUT2 (Prop_lut2_I1_O)        0.306    16.850 r  y[5]_i_35/O
                         net (fo=1, routed)           0.000    16.850    y[5]_i_35_n_0
    SLICE_X43Y82         CARRY4 (Prop_carry4_S[3]_CO[3])
                                                      0.401    17.251 r  y_reg[5]_i_28/CO[3]
                         net (fo=1, routed)           0.000    17.251    y_reg[5]_i_28_n_0
    SLICE_X43Y83         CARRY4 (Prop_carry4_CI_O[0])
                                                      0.222    17.473 r  y_reg[15]_i_43/O[0]
                         net (fo=1, routed)           0.682    18.156    y_reg[15]_i_43_n_7
    SLICE_X42Y79         LUT2 (Prop_lut2_I1_O)        0.299    18.455 r  y[5]_i_30/O
                         net (fo=1, routed)           0.000    18.455    y[5]_i_30_n_0
    SLICE_X42Y79         CARRY4 (Prop_carry4_S[3]_CO[3])
                                                      0.376    18.831 r  y_reg[5]_i_27/CO[3]
                         net (fo=1, routed)           0.000    18.831    y_reg[5]_i_27_n_0
    SLICE_X42Y80         CARRY4 (Prop_carry4_CI_O[0])
                                                      0.219    19.050 r  y_reg[15]_i_23/O[0]
                         net (fo=1, routed)           0.296    19.346    y_reg[15]_i_23_n_7
    SLICE_X43Y78         LUT2 (Prop_lut2_I1_O)        0.295    19.641 r  y[15]_i_30/O
                         net (fo=1, routed)           0.000    19.641    y[15]_i_30_n_0
    SLICE_X43Y78         CARRY4 (Prop_carry4_S[1]_O[1])
                                                      0.227    19.868 r  y_reg[15]_i_16/O[1]
                         net (fo=1, routed)           0.453    20.321    y_reg[15]_i_16_n_6
    SLICE_X44Y80         LUT2 (Prop_lut2_I1_O)        0.303    20.624 r  y[15]_i_15/O
                         net (fo=1, routed)           0.000    20.624    y[15]_i_15_n_0
    SLICE_X44Y80         CARRY4 (Prop_carry4_S[0]_O[0])
                                                      0.247    20.871 r  y_reg[15]_i_7/O[0]
                         net (fo=1, routed)           0.578    21.449    y_reg[15]_i_7_n_7
    SLICE_X45Y80         LUT2 (Prop_lut2_I1_O)        0.299    21.748 r  y[13]_i_11/O
                         net (fo=1, routed)           0.000    21.748    y[13]_i_11_n_0
    SLICE_X45Y80         CARRY4 (Prop_carry4_S[1]_O[1])
                                                      0.227    21.975 r  y_reg[13]_i_4/O[1]
                         net (fo=1, routed)           0.299    22.274    C[7]
    SLICE_X46Y80         LUT2 (Prop_lut2_I1_O)        0.303    22.577 r  y[9]_i_4/O
                         net (fo=1, routed)           0.000    22.577    y[9]_i_4_n_0
    SLICE_X46Y80         CARRY4 (Prop_carry4_S[1]_O[1])
                                                      0.230    22.807 r  y_reg[9]_i_1/O[1]
                         net (fo=1, routed)           0.000    22.807    acc[7]
    SLICE_X46Y80         FDRE                                         r  y_reg[7]/D
  -------------------------------------------------------------------    -------------------

                         (clock vclk rise edge)      24.437    24.437 r  <hidden>
                                                      0.000    24.437 r  clk
                         net (fo=173, unset)          0.924    25.361    clk
    SLICE_X46Y80         FDRE                                         r  y_reg[7]/C
                         clock pessimism              0.000    25.361    <hidden>
                         clock uncertainty           -0.035    25.326    <hidden>
    SLICE_X46Y80         FDRE (Setup_fdre_C_D)        0.109    25.435    y_reg[7]
  -------------------------------------------------------------------
                         required time                         25.435    <hidden>
                         arrival time                         -22.807    <hidden>
  -------------------------------------------------------------------
                         slack                                  2.628    <hidden>

Slack (MET) :             2.984ns  (required time - arrival time)
  Source:                 d19_reg[1]/C
                            (rising edge-triggered cell FDRE clocked by vclk  {rise@0.000ns fall@12.219ns period=24.437ns})
  Destination:            y_reg[6]/D
                            (rising edge-triggered cell FDRE clocked by vclk  {rise@0.000ns fall@12.219ns period=24.437ns})
  Path Group:             vclk
  Path Type:              Setup (Max at Slow Process Corner)
  Requirement:            24.437ns  (vclk rise@24.437ns - vclk rise@0.000ns)
  Data Path Delay:        21.478ns  (logic 11.745ns (54.684%)  route 9.733ns (45.316%))
  Logic Levels:           39  (CARRY4=21 LUT2=18)
  Clock Path Skew:        -0.049ns (DCD - SCD + CPR)
    Destination Clock Delay (DCD):    0.924ns = ( 25.361 - 24.437 ) 
    Source Clock Delay      (SCD):    0.973ns
    Clock Pessimism Removal (CPR):    0.000ns
  Clock Uncertainty:      0.035ns  ((TSJ^2 + TIJ^2)^1/2 + DJ) / 2 + PE
    Total System Jitter     (TSJ):    0.071ns
    Total Input Jitter      (TIJ):    0.000ns
    Discrete Jitter          (DJ):    0.000ns
    Phase Error              (PE):    0.000ns

    Location             Delay type                Incr(ns)  Path(ns)    Netlist Resource(s)
  -------------------------------------------------------------------    -------------------
                         (clock vclk rise edge)       0.000     0.000 r  <hidden>
                                                      0.000     0.000 r  clk
                         net (fo=173, unset)          0.973     0.973    clk
    SLICE_X32Y75         FDRE                                         r  d19_reg[1]/C
  -------------------------------------------------------------------    -------------------
    SLICE_X32Y75         FDRE (Prop_fdre_C_Q)         0.518     1.491 r  d19_reg[1]/Q
                         net (fo=3, routed)           0.474     1.965    d19[1]
    SLICE_X33Y75         CARRY4 (Prop_carry4_S[0]_O[0])
                                                      0.371     2.336 r  y_reg[5]_i_145/O[0]
                         net (fo=2, routed)           0.727     3.062    acc0[5]
    SLICE_X33Y78         LUT2 (Prop_lut2_I0_O)        0.299     3.361 r  y[5]_i_147/O
                         net (fo=1, routed)           0.000     3.361    y[5]_i_147_n_0
    SLICE_X33Y78         CARRY4 (Prop_carry4_S[2]_O[2])
                                                      0.248     3.609 r  y_reg[5]_i_144/O[2]
                         net (fo=1, routed)           0.464     4.074    y_reg[5]_i_144_n_5
    SLICE_X34Y77         LUT2 (Prop_lut2_I1_O)        0.302     4.376 r  y[5]_i_134/O
                         net (fo=1, routed)           0.000     4.376    y[5]_i_134_n_0
    SLICE_X34Y77         CARRY4 (Prop_carry4_S[3]_O[3])
                                                      0.255     4.631 r  y_reg[5]_i_127/O[3]
                         net (fo=1, routed)           0.548     5.178    y_reg[5]_i_127_n_4
    SLICE_X35Y78         LUT2 (Prop_lut2_I1_O)        0.307     5.485 r  y[5]_i_130/O
                         net (fo=1, routed)           0.000     5.485    y[5]_i_130_n_0
    SLICE_X35Y78         CARRY4 (Prop_carry4_S[2]_O[2])
                                                      0.248     5.733 r  y_reg[5]_i_126/O[2]
                         net (fo=1, routed)           0.599     6.332    y_reg[5]_i_126_n_5
    SLICE_X34Y81         LUT2 (Prop_lut2_I1_O)        0.302     6.634 r  y[5]_i_119/O
                         net (fo=1, routed)           0.000     6.634    y[5]_i_119_n_0
    SLICE_X34Y81         CARRY4 (Prop_carry4_S[3]_O[3])
                                                      0.255     6.889 r  y_reg[5]_i_114/O[3]
                         net (fo=1, routed)           0.435     7.324    y_reg[5]_i_114_n_4
    SLICE_X35Y82         CARRY4 (Prop_carry4_S[0]_O[0])
                                                      0.554     7.878 r  y_reg[5]_i_113/O[0]
                         net (fo=1, routed)           0.603     8.482    y_reg[5]_i_113_n_7
    SLICE_X36Y80         LUT2 (Prop_lut2_I1_O)        0.299     8.781 r  y[5]_i_103/O
                         net (fo=1, routed)           0.000     8.781    y[5]_i_103_n_0
    SLICE_X36Y80         CARRY4 (Prop_carry4_S[3]_O[3])
                                                      0.255     9.036 r  y_reg[5]_i_96/O[3]
                         net (fo=1, routed)           0.492     9.528    y_reg[5]_i_96_n_4
    SLICE_X37Y80         LUT2 (Prop_lut2_I1_O)        0.307     9.835 r  y[5]_i_99/O
                         net (fo=1, routed)           0.000     9.835    y[5]_i_99_n_0
    SLICE_X37Y80         CARRY4 (Prop_carry4_S[2]_O[2])
                                                      0.248    10.083 r  y_reg[5]_i_95/O[2]
                         net (fo=1, routed)           0.309    10.391    y_reg[5]_i_95_n_5
    SLICE_X38Y80         LUT2 (Prop_lut2_I1_O)        0.302    10.693 r  y[5]_i_81/O
                         net (fo=1, routed)           0.000    10.693    y[5]_i_81_n_0
    SLICE_X38Y80         CARRY4 (Prop_carry4_S[3]_O[3])
                                                      0.255    10.948 r  y_reg[5]_i_74/O[3]
                         net (fo=1, routed)           0.714    11.662    y_reg[5]_i_74_n_4
    SLICE_X38Y84         LUT2 (Prop_lut2_I1_O)        0.307    11.969 r  y[5]_i_78/O
                         net (fo=1, routed)           0.000    11.969    y[5]_i_78_n_0
    SLICE_X38Y84         CARRY4 (Prop_carry4_S[1]_O[1])
                                                      0.230    12.199 r  y_reg[5]_i_73/O[1]
                         net (fo=1, routed)           0.407    12.606    y_reg[5]_i_73_n_6
    SLICE_X39Y83         LUT2 (Prop_lut2_I1_O)        0.306    12.912 r  y[5]_i_65/O
                         net (fo=1, routed)           0.000    12.912    y[5]_i_65_n_0
    SLICE_X39Y83         CARRY4 (Prop_carry4_S[3]_O[3])
                                                      0.248    13.160 r  y_reg[5]_i_59/O[3]
                         net (fo=1, routed)           0.444    13.604    y_reg[5]_i_59_n_4
    SLICE_X40Y83         LUT2 (Prop_lut2_I1_O)        0.306    13.910 r  y[5]_i_61/O
                         net (fo=1, routed)           0.000    13.910    y[5]_i_61_n_0
    SLICE_X40Y83         CARRY4 (Prop_carry4_S[2]_O[2])
                                                      0.248    14.158 r  y_reg[5]_i_58/O[2]
                         net (fo=1, routed)           0.454    14.613    y_reg[5]_i_58_n_5
    SLICE_X41Y82         LUT2 (Prop_lut2_I1_O)        0.302    14.915 r  y[5]_i_51/O
                         net (fo=1, routed)           0.000    14.915    y[5]_i_51_n_0
    SLICE_X41Y82         CARRY4 (Prop_carry4_S[3]_O[3])
                                                      0.248    15.163 r  y_reg[5]_i_46/O[3]
                         net (fo=1, routed)           0.438    15.601    y_reg[5]_i_46_n_4
    SLICE_X42Y83         LUT2 (Prop_lut2_I1_O)        0.306    15.907 r  y[5]_i_49/O
                         net (fo=1, routed)           0.000    15.907    y[5]_i_49_n_0
    SLICE_X42Y83         CARRY4 (Prop_carry4_S[1]_O[1])
                                                      0.230    16.137 r  y_reg[5]_i_45/O[1]
                         net (fo=1, routed)           0.407    16.544    y_reg[5]_i_45_n_6
    SLICE_X43Y82         LUT2 (Prop_lut2_I1_O)        0.306    16.850 r  y[5]_i_35/O
                         net (fo=1, routed)           0.000    16.850    y[5]_i_35_n_0
    SLICE_X43Y82         CARRY4 (Prop_carry4_S[3]_O[3])
                                                      0.248    17.098 r  y_reg[5]_i_28/O[3]
                         net (fo=1, routed)           0.450    17.548    y_reg[5]_i_28_n_4
    SLICE_X42Y79         LUT2 (Prop_lut2_I1_O)        0.306    17.854 r  y[5]_i_31/O
                         net (fo=1, routed)           0.000    17.854    y[5]_i_31_n_0
    SLICE_X42Y79         CARRY4 (Prop_carry4_S[2]_O[2])
                                                      0.250    18.104 r  y_reg[5]_i_27/O[2]
                         net (fo=1, routed)           0.440    18.544    y_reg[5]_i_27_n_5
    SLICE_X43Y77         LUT2 (Prop_lut2_I1_O)        0.301    18.845 r  y[5]_i_20/O
                         net (fo=1, routed)           0.000    18.845    y[5]_i_20_n_0
    SLICE_X43Y77         CARRY4 (Prop_carry4_S[3]_O[3])
                                                      0.248    19.093 r  y_reg[5]_i_15/O[3]
                         net (fo=1, routed)           0.463    19.556    y_reg[5]_i_15_n_4
    SLICE_X44Y79         LUT2 (Prop_lut2_I1_O)        0.306    19.862 r  y[5]_i_17/O
                         net (fo=1, routed)           0.000    19.862    y[5]_i_17_n_0
    SLICE_X44Y79         CARRY4 (Prop_carry4_S[2]_O[2])
                                                      0.248    20.110 r  y_reg[5]_i_14/O[2]
                         net (fo=1, routed)           0.407    20.517    y_reg[5]_i_14_n_5
    SLICE_X45Y79         LUT2 (Prop_lut2_I1_O)        0.302    20.819 r  y[5]_i_7/O
                         net (fo=1, routed)           0.000    20.819    y[5]_i_7_n_0
    SLICE_X45Y79         CARRY4 (Prop_carry4_S[3]_CO[3])
                                                      0.401    21.220 r  y_reg[5]_i_5/CO[3]
                         net (fo=1, routed)           0.000    21.220    y_reg[5]_i_5_n_0
    SLICE_X45Y80         CARRY4 (Prop_carry4_CI_O[0])
                                                      0.222    21.442 r  y_reg[13]_i_4/O[0]
                         net (fo=1, routed)           0.458    21.900    C[6]
    SLICE_X46Y80         LUT2 (Prop_lut2_I1_O)        0.299    22.199 r  y[9]_i_5/O
                         net (fo=1, routed)           0.000    22.199    y[9]_i_5_n_0
    SLICE_X46Y80         CARRY4 (Prop_carry4_S[0]_O[0])
                                                      0.252    22.451 r  y_reg[9]_i_1/O[0]
                         net (fo=1, routed)           0.000    22.451    acc[6]
    SLICE_X46Y80         FDRE                                         r  y_reg[6]/D
  -------------------------------------------------------------------    -------------------

                         (clock vclk rise edge)      24.437    24.437 r  <hidden>
                                                      0.000    24.437 r  clk
                         net (fo=173, unset)          0.924    25.361    clk
    SLICE_X46Y80         FDRE                                         r  y_reg[6]/C
                         clock pessimism              0.000    25.361    <hidden>
                         clock uncertainty           -0.035    25.326    <hidden>
    SLICE_X46Y80         FDRE (Setup_fdre_C_D)        0.109    25.435    y_reg[6]
  -------------------------------------------------------------------
                         required time                         25.435    <hidden>
                         arrival time                         -22.451    <hidden>
  -------------------------------------------------------------------
                         slack                                  2.984    <hidden>





Pulse Width Checks
--------------------------------------------------------------------------------------
Clock Name:         vclk
Waveform(ns):       { 0.000 12.219 }
Period(ns):         24.437
Sources:            { clk }

Check Type        Corner  Lib Pin  Reference Pin  Required(ns)  Actual(ns)  Slack(ns)  Location      Pin
Min Period        n/a     FDRE/C   n/a            1.000         24.437      23.437     SLICE_X34Y77  d0_reg[0]/C
Min Period        n/a     FDRE/C   n/a            1.000         24.437      23.437     SLICE_X33Y78  d0_reg[1]/C
Min Period        n/a     FDRE/C   n/a            1.000         24.437      23.437     SLICE_X33Y78  d0_reg[2]/C
Min Period        n/a     FDRE/C   n/a            1.000         24.437      23.437     SLICE_X34Y78  d0_reg[3]/C
Min Period        n/a     FDRE/C   n/a            1.000         24.437      23.437     SLICE_X33Y77  d0_reg[4]/C
Min Period        n/a     FDRE/C   n/a            1.000         24.437      23.437     SLICE_X34Y79  d0_reg[5]/C
Min Period        n/a     FDRE/C   n/a            1.000         24.437      23.437     SLICE_X32Y80  d0_reg[6]/C
Min Period        n/a     FDRE/C   n/a            1.000         24.437      23.437     SLICE_X33Y80  d0_reg[7]/C
Min Period        n/a     FDRE/C   n/a            1.000         24.437      23.437     SLICE_X33Y84  d10_reg[0]/C
Min Period        n/a     FDRE/C   n/a            1.000         24.437      23.437     SLICE_X33Y84  d10_reg[1]/C
Low Pulse Width   Slow    FDRE/C   n/a            0.500         12.218      11.718     SLICE_X34Y77  d0_reg[0]/C
Low Pulse Width   Fast    FDRE/C   n/a            0.500         12.219      11.719     SLICE_X34Y77  d0_reg[0]/C
Low Pulse Width   Slow    FDRE/C   n/a            0.500         12.218      11.718     SLICE_X33Y78  d0_reg[1]/C
Low Pulse Width   Fast    FDRE/C   n/a            0.500         12.219      11.719     SLICE_X33Y78  d0_reg[1]/C
Low Pulse Width   Slow    FDRE/C   n/a            0.500         12.218      11.718     SLICE_X33Y78  d0_reg[2]/C
Low Pulse Width   Fast    FDRE/C   n/a            0.500         12.219      11.719     SLICE_X33Y78  d0_reg[2]/C
Low Pulse Width   Slow    FDRE/C   n/a            0.500         12.218      11.718     SLICE_X34Y78  d0_reg[3]/C
Low Pulse Width   Fast    FDRE/C   n/a            0.500         12.219      11.719     SLICE_X34Y78  d0_reg[3]/C
Low Pulse Width   Slow    FDRE/C   n/a            0.500         12.218      11.718     SLICE_X33Y77  d0_reg[4]/C
Low Pulse Width   Fast    FDRE/C   n/a            0.500         12.219      11.719     SLICE_X33Y77  d0_reg[4]/C
High Pulse Width  Slow    FDRE/C   n/a            0.500         12.218      11.718     SLICE_X34Y77  d0_reg[0]/C
High Pulse Width  Fast    FDRE/C   n/a            0.500         12.218      11.718     SLICE_X34Y77  d0_reg[0]/C
High Pulse Width  Slow    FDRE/C   n/a            0.500         12.218      11.718     SLICE_X33Y78  d0_reg[1]/C
High Pulse Width  Fast    FDRE/C   n/a            0.500         12.218      11.718     SLICE_X33Y78  d0_reg[1]/C
High Pulse Width  Slow    FDRE/C   n/a            0.500         12.218      11.718     SLICE_X33Y78  d0_reg[2]/C
High Pulse Width  Fast    FDRE/C   n/a            0.500         12.218      11.718     SLICE_X33Y78  d0_reg[2]/C
High Pulse Width  Slow    FDRE/C   n/a            0.500         12.218      11.718     SLICE_X34Y78  d0_reg[3]/C
High Pulse Width  Fast    FDRE/C   n/a            0.500         12.218      11.718     SLICE_X34Y78  d0_reg[3]/C
High Pulse Width  Slow    FDRE/C   n/a            0.500         12.218      11.718     SLICE_X33Y77  d0_reg[4]/C
High Pulse Width  Fast    FDRE/C   n/a            0.500         12.218      11.718     SLICE_X33Y77  d0_reg[4]/C



