Copyright 1986-2022 Xilinx, Inc. All Rights Reserved. Copyright 2022-2026 Advanced Micro Devices, Inc. All Rights Reserved.
-------------------------------------------------------------------------------------------------------------------------------------------------------------------------------------------------------------------------------------------------------------------------------------------
| Tool Version : Vivado v.2026.1 (win64) Build 6511674 Tue Jun 16 11:02:23 MDT 2026
| Date         : Sun Aug 30 23:03:14 2026
| Host         : Amine running 64-bit major release  (build 9200)
| Command      : report_timing_summary -delay_type max -max_paths 10 -report_unconstrained -check_timing_verbose -warn_on_violation -file C:/Users/Amine/mas/fpga-repo/timing_closure_candidate_v7/results/c03_firr_sft_firr20_v6/trial_001_search_p18p32775_a0/reports/timing_summary.rpt
| Design       : sft__firr20_v6__g1
| Device       : 7z020-clg400
| Speed File   : -1  PRODUCTION 1.12 2019-11-22
| Design State : Routed
-------------------------------------------------------------------------------------------------------------------------------------------------------------------------------------------------------------------------------------------------------------------------------------------

Timing Summary Report

------------------------------------------------------------------------------------------------
| Timer Settings
| --------------
------------------------------------------------------------------------------------------------

  Enable Multi Corner Analysis               :  Yes
  Enable Pessimism Removal                   :  Yes
  Pessimism Removal Resolution               :  Nearest Common Node
  Enable Input Delay Default Clock           :  No
  Enable Preset / Clear Arcs                 :  No
  Disable Flight Delays                      :  No
  Ignore I/O Paths                           :  No
  Timing Early Launch at Borrowing Latches   :  No
  Borrow Time for Max Delay Exceptions       :  Yes
  Merge Timing Exceptions                    :  Yes
  Inter-SLR Compensation                     :  Conservative

  Corner  Analyze    Analyze    
  Name    Max Paths  Min Paths  
  ------  ---------  ---------  
  Slow    Yes        Yes        
  Fast    Yes        Yes        


------------------------------------------------------------------------------------------------
| Report Methodology
| ------------------
------------------------------------------------------------------------------------------------

No report available as report_methodology has not been run prior. Run report_methodology on the current design for the summary of methodology violations.



check_timing report

Table of Contents
-----------------
1. checking no_clock (0)
2. checking constant_clock (0)
3. checking pulse_width_clock (0)
4. checking unconstrained_internal_endpoints (0)
5. checking no_input_delay (0)
6. checking no_output_delay (0)
7. checking multiple_clock (0)
8. checking generated_clocks (0)
9. checking loops (0)
10. checking partial_input_delay (0)
11. checking partial_output_delay (0)
12. checking latch_loops (0)

1. checking no_clock (0)
------------------------
 There are 0 register/latch pins with no clock.


2. checking constant_clock (0)
------------------------------
 There are 0 register/latch pins with constant_clock.


3. checking pulse_width_clock (0)
---------------------------------
 There are 0 register/latch pins which need pulse_width check


4. checking unconstrained_internal_endpoints (0)
------------------------------------------------
 There are 0 pins that are not constrained for maximum delay.

 There are 0 pins that are not constrained for maximum delay due to constant clock.


5. checking no_input_delay (0)
------------------------------
 There are 0 input ports with no input delay specified.

 There are 0 input ports with no input delay but user has a false path constraint.


6. checking no_output_delay (0)
-------------------------------
 There are 0 ports with no output delay specified.

 There are 0 ports with no output delay but user has a false path constraint

 There are 0 ports with no output delay but with a timing clock defined on it or propagating through it


7. checking multiple_clock (0)
------------------------------
 There are 0 register/latch pins with multiple clocks.


8. checking generated_clocks (0)
--------------------------------
 There are 0 generated clocks that are not connected to a clock source.


9. checking loops (0)
---------------------
 There are 0 combinational loops in the design.


10. checking partial_input_delay (0)
------------------------------------
 There are 0 input ports with partial input delay specified.


11. checking partial_output_delay (0)
-------------------------------------
 There are 0 ports with partial output delay specified.


12. checking latch_loops (0)
----------------------------
 There are 0 combinational latch loops in the design through latch input



------------------------------------------------------------------------------------------------
| Design Timing Summary
| ---------------------
------------------------------------------------------------------------------------------------

    WNS(ns)      TNS(ns)  TNS Failing Endpoints  TNS Total Endpoints     WPWS(ns)     TPWS(ns)  TPWS Failing Endpoints  TPWS Total Endpoints  
    -------      -------  ---------------------  -------------------     --------     --------  ----------------------  --------------------  
     -5.817      -45.582                     12                  362        8.664        0.000                       0                   174  


Timing constraints are not met.


------------------------------------------------------------------------------------------------
| Clock Summary
| -------------
------------------------------------------------------------------------------------------------

Clock  Waveform(ns)       Period(ns)      Frequency(MHz)
-----  ------------       ----------      --------------
vclk   {0.000 9.164}      18.328          54.561          


------------------------------------------------------------------------------------------------
| Intra Clock Table
| -----------------
------------------------------------------------------------------------------------------------

Clock             WNS(ns)      TNS(ns)  TNS Failing Endpoints  TNS Total Endpoints     WPWS(ns)     TPWS(ns)  TPWS Failing Endpoints  TPWS Total Endpoints  
-----             -------      -------  ---------------------  -------------------     --------     --------  ----------------------  --------------------  
vclk               -5.817      -45.582                     12                  362        8.664        0.000                       0                   174  


------------------------------------------------------------------------------------------------
| Inter Clock Table
| -----------------
------------------------------------------------------------------------------------------------

From Clock    To Clock          WNS(ns)      TNS(ns)  TNS Failing Endpoints  TNS Total Endpoints  
----------    --------          -------      -------  ---------------------  -------------------  


------------------------------------------------------------------------------------------------
| Other Path Groups Table
| -----------------------
------------------------------------------------------------------------------------------------

Path Group    From Clock    To Clock          WNS(ns)      TNS(ns)  TNS Failing Endpoints  TNS Total Endpoints  
----------    ----------    --------          -------      -------  ---------------------  -------------------  


------------------------------------------------------------------------------------------------
| User Ignored Path Table
| -----------------------
------------------------------------------------------------------------------------------------

Path Group    From Clock    To Clock    
----------    ----------    --------    


------------------------------------------------------------------------------------------------
| Unconstrained Path Table
| ------------------------
------------------------------------------------------------------------------------------------

Path Group    From Clock    To Clock    
----------    ----------    --------    


------------------------------------------------------------------------------------------------
| Timing Details
| --------------
------------------------------------------------------------------------------------------------


---------------------------------------------------------------------------------------------------
From Clock:  vclk
  To Clock:  vclk

Setup :           12  Failing Endpoints,  Worst Slack       -5.817ns,  Total Violation      -45.582ns
Hold  :           NA  Failing Endpoints,  Worst Slack           NA  ,  Total Violation           NA
PW    :            0  Failing Endpoints,  Worst Slack        8.664ns,  Total Violation        0.000ns
---------------------------------------------------------------------------------------------------


Max Delay Paths
--------------------------------------------------------------------------------------
Slack (VIOLATED) :        -5.817ns  (required time - arrival time)
  Source:                 d19_reg[1]/C
                            (rising edge-triggered cell FDRE clocked by vclk  {rise@0.000ns fall@9.164ns period=18.328ns})
  Destination:            y_reg[15]/D
                            (rising edge-triggered cell FDRE clocked by vclk  {rise@0.000ns fall@9.164ns period=18.328ns})
  Path Group:             vclk
  Path Type:              Setup (Max at Slow Process Corner)
  Requirement:            18.328ns  (vclk rise@18.328ns - vclk rise@0.000ns)
  Data Path Delay:        24.170ns  (logic 14.343ns (59.341%)  route 9.827ns (40.659%))
  Logic Levels:           40  (CARRY4=24 LUT2=16)
  Clock Path Skew:        -0.049ns (DCD - SCD + CPR)
    Destination Clock Delay (DCD):    0.924ns = ( 19.252 - 18.328 ) 
    Source Clock Delay      (SCD):    0.973ns
    Clock Pessimism Removal (CPR):    0.000ns
  Clock Uncertainty:      0.035ns  ((TSJ^2 + TIJ^2)^1/2 + DJ) / 2 + PE
    Total System Jitter     (TSJ):    0.071ns
    Total Input Jitter      (TIJ):    0.000ns
    Discrete Jitter          (DJ):    0.000ns
    Phase Error              (PE):    0.000ns

    Location             Delay type                Incr(ns)  Path(ns)    Netlist Resource(s)
  -------------------------------------------------------------------    -------------------
                         (clock vclk rise edge)       0.000     0.000 r  <hidden>
                                                      0.000     0.000 r  clk
                         net (fo=173, unset)          0.973     0.973    clk
    SLICE_X34Y64         FDRE                                         r  d19_reg[1]/C
  -------------------------------------------------------------------    -------------------
    SLICE_X34Y64         FDRE (Prop_fdre_C_Q)         0.518     1.491 r  d19_reg[1]/Q
                         net (fo=3, routed)           0.440     1.931    d19[1]
    SLICE_X34Y65         CARRY4 (Prop_carry4_S[0]_O[0])
                                                      0.376     2.307 r  y_reg[5]_i_145/O[0]
                         net (fo=2, routed)           0.592     2.899    acc0[5]
    SLICE_X35Y64         LUT2 (Prop_lut2_I0_O)        0.295     3.194 r  y[5]_i_147/O
                         net (fo=1, routed)           0.000     3.194    y[5]_i_147_n_0
    SLICE_X35Y64         CARRY4 (Prop_carry4_S[2]_O[2])
                                                      0.248     3.442 r  y_reg[5]_i_144/O[2]
                         net (fo=1, routed)           0.461     3.902    y_reg[5]_i_144_n_5
    SLICE_X34Y61         LUT2 (Prop_lut2_I1_O)        0.302     4.204 r  y[5]_i_134/O
                         net (fo=1, routed)           0.000     4.204    y[5]_i_134_n_0
    SLICE_X34Y61         CARRY4 (Prop_carry4_S[3]_CO[3])
                                                      0.376     4.580 r  y_reg[5]_i_127/CO[3]
                         net (fo=1, routed)           0.000     4.580    y_reg[5]_i_127_n_0
    SLICE_X34Y62         CARRY4 (Prop_carry4_CI_O[0])
                                                      0.219     4.799 r  y_reg[15]_i_253/O[0]
                         net (fo=1, routed)           0.488     5.288    y_reg[15]_i_253_n_7
    SLICE_X35Y60         LUT2 (Prop_lut2_I1_O)        0.295     5.583 r  y[5]_i_129/O
                         net (fo=1, routed)           0.000     5.583    y[5]_i_129_n_0
    SLICE_X35Y60         CARRY4 (Prop_carry4_S[3]_O[3])
                                                      0.248     5.831 r  y_reg[5]_i_126/O[3]
                         net (fo=1, routed)           0.473     6.304    y_reg[5]_i_126_n_4
    SLICE_X36Y61         LUT2 (Prop_lut2_I1_O)        0.306     6.610 r  y[15]_i_234/O
                         net (fo=1, routed)           0.000     6.610    y[15]_i_234_n_0
    SLICE_X36Y61         CARRY4 (Prop_carry4_S[0]_O[0])
                                                      0.252     6.862 r  y_reg[15]_i_223/O[0]
                         net (fo=1, routed)           0.403     7.264    y_reg[15]_i_223_n_7
    SLICE_X39Y61         LUT2 (Prop_lut2_I1_O)        0.295     7.559 r  y[5]_i_117/O
                         net (fo=1, routed)           0.000     7.559    y[5]_i_117_n_0
    SLICE_X39Y61         CARRY4 (Prop_carry4_S[1]_O[2])
                                                      0.580     8.139 r  y_reg[5]_i_113/O[2]
                         net (fo=1, routed)           0.443     8.582    y_reg[5]_i_113_n_5
    SLICE_X37Y62         LUT2 (Prop_lut2_I1_O)        0.302     8.884 r  y[15]_i_205/O
                         net (fo=1, routed)           0.000     8.884    y[15]_i_205_n_0
    SLICE_X37Y62         CARRY4 (Prop_carry4_S[1]_O[2])
                                                      0.580     9.464 r  y_reg[15]_i_189/O[2]
                         net (fo=1, routed)           0.580    10.044    y_reg[15]_i_189_n_5
    SLICE_X37Y66         LUT2 (Prop_lut2_I1_O)        0.302    10.346 r  y[15]_i_184/O
                         net (fo=1, routed)           0.000    10.346    y[15]_i_184_n_0
    SLICE_X37Y66         CARRY4 (Prop_carry4_S[1]_O[1])
                                                      0.227    10.573 r  y_reg[15]_i_159/O[1]
                         net (fo=1, routed)           0.575    11.148    y_reg[15]_i_159_n_6
    SLICE_X38Y64         LUT2 (Prop_lut2_I1_O)        0.303    11.451 r  y[15]_i_165/O
                         net (fo=1, routed)           0.000    11.451    y[15]_i_165_n_0
    SLICE_X38Y64         CARRY4 (Prop_carry4_S[2]_O[2])
                                                      0.250    11.701 r  y_reg[15]_i_151/O[2]
                         net (fo=1, routed)           0.407    12.107    y_reg[15]_i_151_n_5
    SLICE_X39Y65         LUT2 (Prop_lut2_I1_O)        0.301    12.408 r  y[15]_i_133/O
                         net (fo=1, routed)           0.000    12.408    y[15]_i_133_n_0
    SLICE_X39Y65         CARRY4 (Prop_carry4_S[0]_O[0])
                                                      0.247    12.655 r  y_reg[15]_i_110/O[0]
                         net (fo=1, routed)           0.430    13.086    y_reg[15]_i_110_n_7
    SLICE_X40Y65         LUT2 (Prop_lut2_I1_O)        0.299    13.385 r  y[15]_i_120/O
                         net (fo=1, routed)           0.000    13.385    y[15]_i_120_n_0
    SLICE_X40Y65         CARRY4 (Prop_carry4_S[2]_O[2])
                                                      0.248    13.633 r  y_reg[15]_i_104/O[2]
                         net (fo=1, routed)           0.438    14.070    y_reg[15]_i_104_n_5
    SLICE_X41Y67         LUT2 (Prop_lut2_I1_O)        0.302    14.372 r  y[15]_i_99/O
                         net (fo=1, routed)           0.000    14.372    y[15]_i_99_n_0
    SLICE_X41Y67         CARRY4 (Prop_carry4_S[1]_O[2])
                                                      0.580    14.952 r  y_reg[15]_i_82/O[2]
                         net (fo=1, routed)           0.399    15.351    y_reg[15]_i_82_n_5
    SLICE_X43Y66         LUT2 (Prop_lut2_I1_O)        0.302    15.653 r  y[15]_i_88/O
                         net (fo=1, routed)           0.000    15.653    y[15]_i_88_n_0
    SLICE_X43Y66         CARRY4 (Prop_carry4_S[3]_CO[3])
                                                      0.401    16.054 r  y_reg[15]_i_70/CO[3]
                         net (fo=1, routed)           0.000    16.054    y_reg[15]_i_70_n_0
    SLICE_X43Y67         CARRY4 (Prop_carry4_CI_O[1])
                                                      0.334    16.388 r  y_reg[15]_i_50/O[1]
                         net (fo=1, routed)           0.530    16.917    y_reg[15]_i_50_n_6
    SLICE_X42Y67         LUT2 (Prop_lut2_I1_O)        0.303    17.220 r  y[15]_i_64/O
                         net (fo=1, routed)           0.000    17.220    y[15]_i_64_n_0
    SLICE_X42Y67         CARRY4 (Prop_carry4_S[3]_CO[3])
                                                      0.376    17.596 r  y_reg[15]_i_48/CO[3]
                         net (fo=1, routed)           0.000    17.596    y_reg[15]_i_48_n_0
    SLICE_X42Y68         CARRY4 (Prop_carry4_CI_O[0])
                                                      0.219    17.815 r  y_reg[15]_i_35/O[0]
                         net (fo=1, routed)           0.636    18.452    y_reg[15]_i_35_n_7
    SLICE_X42Y64         LUT2 (Prop_lut2_I1_O)        0.295    18.747 r  y[15]_i_45/O
                         net (fo=1, routed)           0.000    18.747    y[15]_i_45_n_0
    SLICE_X42Y64         CARRY4 (Prop_carry4_S[2]_O[2])
                                                      0.250    18.997 r  y_reg[15]_i_25/O[2]
                         net (fo=1, routed)           0.403    19.399    y_reg[15]_i_25_n_5
    SLICE_X41Y64         LUT2 (Prop_lut2_I1_O)        0.301    19.700 r  y[15]_i_26/O
                         net (fo=1, routed)           0.000    19.700    y[15]_i_26_n_0
    SLICE_X41Y64         CARRY4 (Prop_carry4_S[1]_O[1])
                                                      0.227    19.927 r  y_reg[15]_i_11/O[1]
                         net (fo=1, routed)           0.556    20.483    y_reg[15]_i_11_n_6
    SLICE_X43Y62         LUT2 (Prop_lut2_I1_O)        0.303    20.786 r  y[15]_i_19/O
                         net (fo=1, routed)           0.000    20.786    y[15]_i_19_n_0
    SLICE_X43Y62         CARRY4 (Prop_carry4_S[2]_O[2])
                                                      0.248    21.034 r  y_reg[15]_i_8/O[2]
                         net (fo=1, routed)           0.630    21.665    y_reg[15]_i_8_n_5
    SLICE_X44Y65         CARRY4 (Prop_carry4_S[1]_O[2])
                                                      0.882    22.547 r  y_reg[15]_i_5/O[2]
                         net (fo=1, routed)           0.488    23.034    y_reg[15]_i_5_n_5
    SLICE_X45Y65         CARRY4 (Prop_carry4_S[3]_CO[3])
                                                      0.703    23.737 r  y_reg[13]_i_2/CO[3]
                         net (fo=1, routed)           0.000    23.737    y_reg[13]_i_2_n_0
    SLICE_X45Y66         CARRY4 (Prop_carry4_CI_O[0])
                                                      0.222    23.959 r  y_reg[15]_i_3/O[0]
                         net (fo=1, routed)           0.458    24.417    C[14]
    SLICE_X46Y66         CARRY4 (Prop_carry4_S[0]_O[1])
                                                      0.726    25.143 r  y_reg[15]_i_2/O[1]
                         net (fo=1, routed)           0.000    25.143    acc[15]
    SLICE_X46Y66         FDRE                                         r  y_reg[15]/D
  -------------------------------------------------------------------    -------------------

                         (clock vclk rise edge)      18.328    18.328 r  <hidden>
                                                      0.000    18.328 r  clk
                         net (fo=173, unset)          0.924    19.252    clk
    SLICE_X46Y66         FDRE                                         r  y_reg[15]/C
                         clock pessimism              0.000    19.252    <hidden>
                         clock uncertainty           -0.035    19.217    <hidden>
    SLICE_X46Y66         FDRE (Setup_fdre_C_D)        0.109    19.326    y_reg[15]
  -------------------------------------------------------------------
                         required time                         19.326    <hidden>
                         arrival time                         -25.143    <hidden>
  -------------------------------------------------------------------
                         slack                                 -5.817    <hidden>

Slack (VIOLATED) :        -5.642ns  (required time - arrival time)
  Source:                 d19_reg[1]/C
                            (rising edge-triggered cell FDRE clocked by vclk  {rise@0.000ns fall@9.164ns period=18.328ns})
  Destination:            y_reg[14]/D
                            (rising edge-triggered cell FDRE clocked by vclk  {rise@0.000ns fall@9.164ns period=18.328ns})
  Path Group:             vclk
  Path Type:              Setup (Max at Slow Process Corner)
  Requirement:            18.328ns  (vclk rise@18.328ns - vclk rise@0.000ns)
  Data Path Delay:        23.995ns  (logic 14.168ns (59.045%)  route 9.827ns (40.955%))
  Logic Levels:           40  (CARRY4=24 LUT2=16)
  Clock Path Skew:        -0.049ns (DCD - SCD + CPR)
    Destination Clock Delay (DCD):    0.924ns = ( 19.252 - 18.328 ) 
    Source Clock Delay      (SCD):    0.973ns
    Clock Pessimism Removal (CPR):    0.000ns
  Clock Uncertainty:      0.035ns  ((TSJ^2 + TIJ^2)^1/2 + DJ) / 2 + PE
    Total System Jitter     (TSJ):    0.071ns
    Total Input Jitter      (TIJ):    0.000ns
    Discrete Jitter          (DJ):    0.000ns
    Phase Error              (PE):    0.000ns

    Location             Delay type                Incr(ns)  Path(ns)    Netlist Resource(s)
  -------------------------------------------------------------------    -------------------
                         (clock vclk rise edge)       0.000     0.000 r  <hidden>
                                                      0.000     0.000 r  clk
                         net (fo=173, unset)          0.973     0.973    clk
    SLICE_X34Y64         FDRE                                         r  d19_reg[1]/C
  -------------------------------------------------------------------    -------------------
    SLICE_X34Y64         FDRE (Prop_fdre_C_Q)         0.518     1.491 r  d19_reg[1]/Q
                         net (fo=3, routed)           0.440     1.931    d19[1]
    SLICE_X34Y65         CARRY4 (Prop_carry4_S[0]_O[0])
                                                      0.376     2.307 r  y_reg[5]_i_145/O[0]
                         net (fo=2, routed)           0.592     2.899    acc0[5]
    SLICE_X35Y64         LUT2 (Prop_lut2_I0_O)        0.295     3.194 r  y[5]_i_147/O
                         net (fo=1, routed)           0.000     3.194    y[5]_i_147_n_0
    SLICE_X35Y64         CARRY4 (Prop_carry4_S[2]_O[2])
                                                      0.248     3.442 r  y_reg[5]_i_144/O[2]
                         net (fo=1, routed)           0.461     3.902    y_reg[5]_i_144_n_5
    SLICE_X34Y61         LUT2 (Prop_lut2_I1_O)        0.302     4.204 r  y[5]_i_134/O
                         net (fo=1, routed)           0.000     4.204    y[5]_i_134_n_0
    SLICE_X34Y61         CARRY4 (Prop_carry4_S[3]_CO[3])
                                                      0.376     4.580 r  y_reg[5]_i_127/CO[3]
                         net (fo=1, routed)           0.000     4.580    y_reg[5]_i_127_n_0
    SLICE_X34Y62         CARRY4 (Prop_carry4_CI_O[0])
                                                      0.219     4.799 r  y_reg[15]_i_253/O[0]
                         net (fo=1, routed)           0.488     5.288    y_reg[15]_i_253_n_7
    SLICE_X35Y60         LUT2 (Prop_lut2_I1_O)        0.295     5.583 r  y[5]_i_129/O
                         net (fo=1, routed)           0.000     5.583    y[5]_i_129_n_0
    SLICE_X35Y60         CARRY4 (Prop_carry4_S[3]_O[3])
                                                      0.248     5.831 r  y_reg[5]_i_126/O[3]
                         net (fo=1, routed)           0.473     6.304    y_reg[5]_i_126_n_4
    SLICE_X36Y61         LUT2 (Prop_lut2_I1_O)        0.306     6.610 r  y[15]_i_234/O
                         net (fo=1, routed)           0.000     6.610    y[15]_i_234_n_0
    SLICE_X36Y61         CARRY4 (Prop_carry4_S[0]_O[0])
                                                      0.252     6.862 r  y_reg[15]_i_223/O[0]
                         net (fo=1, routed)           0.403     7.264    y_reg[15]_i_223_n_7
    SLICE_X39Y61         LUT2 (Prop_lut2_I1_O)        0.295     7.559 r  y[5]_i_117/O
                         net (fo=1, routed)           0.000     7.559    y[5]_i_117_n_0
    SLICE_X39Y61         CARRY4 (Prop_carry4_S[1]_O[2])
                                                      0.580     8.139 r  y_reg[5]_i_113/O[2]
                         net (fo=1, routed)           0.443     8.582    y_reg[5]_i_113_n_5
    SLICE_X37Y62         LUT2 (Prop_lut2_I1_O)        0.302     8.884 r  y[15]_i_205/O
                         net (fo=1, routed)           0.000     8.884    y[15]_i_205_n_0
    SLICE_X37Y62         CARRY4 (Prop_carry4_S[1]_O[2])
                                                      0.580     9.464 r  y_reg[15]_i_189/O[2]
                         net (fo=1, routed)           0.580    10.044    y_reg[15]_i_189_n_5
    SLICE_X37Y66         LUT2 (Prop_lut2_I1_O)        0.302    10.346 r  y[15]_i_184/O
                         net (fo=1, routed)           0.000    10.346    y[15]_i_184_n_0
    SLICE_X37Y66         CARRY4 (Prop_carry4_S[1]_O[1])
                                                      0.227    10.573 r  y_reg[15]_i_159/O[1]
                         net (fo=1, routed)           0.575    11.148    y_reg[15]_i_159_n_6
    SLICE_X38Y64         LUT2 (Prop_lut2_I1_O)        0.303    11.451 r  y[15]_i_165/O
                         net (fo=1, routed)           0.000    11.451    y[15]_i_165_n_0
    SLICE_X38Y64         CARRY4 (Prop_carry4_S[2]_O[2])
                                                      0.250    11.701 r  y_reg[15]_i_151/O[2]
                         net (fo=1, routed)           0.407    12.107    y_reg[15]_i_151_n_5
    SLICE_X39Y65         LUT2 (Prop_lut2_I1_O)        0.301    12.408 r  y[15]_i_133/O
                         net (fo=1, routed)           0.000    12.408    y[15]_i_133_n_0
    SLICE_X39Y65         CARRY4 (Prop_carry4_S[0]_O[0])
                                                      0.247    12.655 r  y_reg[15]_i_110/O[0]
                         net (fo=1, routed)           0.430    13.086    y_reg[15]_i_110_n_7
    SLICE_X40Y65         LUT2 (Prop_lut2_I1_O)        0.299    13.385 r  y[15]_i_120/O
                         net (fo=1, routed)           0.000    13.385    y[15]_i_120_n_0
    SLICE_X40Y65         CARRY4 (Prop_carry4_S[2]_O[2])
                                                      0.248    13.633 r  y_reg[15]_i_104/O[2]
                         net (fo=1, routed)           0.438    14.070    y_reg[15]_i_104_n_5
    SLICE_X41Y67         LUT2 (Prop_lut2_I1_O)        0.302    14.372 r  y[15]_i_99/O
                         net (fo=1, routed)           0.000    14.372    y[15]_i_99_n_0
    SLICE_X41Y67         CARRY4 (Prop_carry4_S[1]_O[2])
                                                      0.580    14.952 r  y_reg[15]_i_82/O[2]
                         net (fo=1, routed)           0.399    15.351    y_reg[15]_i_82_n_5
    SLICE_X43Y66         LUT2 (Prop_lut2_I1_O)        0.302    15.653 r  y[15]_i_88/O
                         net (fo=1, routed)           0.000    15.653    y[15]_i_88_n_0
    SLICE_X43Y66         CARRY4 (Prop_carry4_S[3]_CO[3])
                                                      0.401    16.054 r  y_reg[15]_i_70/CO[3]
                         net (fo=1, routed)           0.000    16.054    y_reg[15]_i_70_n_0
    SLICE_X43Y67         CARRY4 (Prop_carry4_CI_O[1])
                                                      0.334    16.388 r  y_reg[15]_i_50/O[1]
                         net (fo=1, routed)           0.530    16.917    y_reg[15]_i_50_n_6
    SLICE_X42Y67         LUT2 (Prop_lut2_I1_O)        0.303    17.220 r  y[15]_i_64/O
                         net (fo=1, routed)           0.000    17.220    y[15]_i_64_n_0
    SLICE_X42Y67         CARRY4 (Prop_carry4_S[3]_CO[3])
                                                      0.376    17.596 r  y_reg[15]_i_48/CO[3]
                         net (fo=1, routed)           0.000    17.596    y_reg[15]_i_48_n_0
    SLICE_X42Y68         CARRY4 (Prop_carry4_CI_O[0])
                                                      0.219    17.815 r  y_reg[15]_i_35/O[0]
                         net (fo=1, routed)           0.636    18.452    y_reg[15]_i_35_n_7
    SLICE_X42Y64         LUT2 (Prop_lut2_I1_O)        0.295    18.747 r  y[15]_i_45/O
                         net (fo=1, routed)           0.000    18.747    y[15]_i_45_n_0
    SLICE_X42Y64         CARRY4 (Prop_carry4_S[2]_O[2])
                                                      0.250    18.997 r  y_reg[15]_i_25/O[2]
                         net (fo=1, routed)           0.403    19.399    y_reg[15]_i_25_n_5
    SLICE_X41Y64         LUT2 (Prop_lut2_I1_O)        0.301    19.700 r  y[15]_i_26/O
                         net (fo=1, routed)           0.000    19.700    y[15]_i_26_n_0
    SLICE_X41Y64         CARRY4 (Prop_carry4_S[1]_O[1])
                                                      0.227    19.927 r  y_reg[15]_i_11/O[1]
                         net (fo=1, routed)           0.556    20.483    y_reg[15]_i_11_n_6
    SLICE_X43Y62         LUT2 (Prop_lut2_I1_O)        0.303    20.786 r  y[15]_i_19/O
                         net (fo=1, routed)           0.000    20.786    y[15]_i_19_n_0
    SLICE_X43Y62         CARRY4 (Prop_carry4_S[2]_O[2])
                                                      0.248    21.034 r  y_reg[15]_i_8/O[2]
                         net (fo=1, routed)           0.630    21.665    y_reg[15]_i_8_n_5
    SLICE_X44Y65         CARRY4 (Prop_carry4_S[1]_O[2])
                                                      0.882    22.547 r  y_reg[15]_i_5/O[2]
                         net (fo=1, routed)           0.488    23.034    y_reg[15]_i_5_n_5
    SLICE_X45Y65         CARRY4 (Prop_carry4_S[3]_CO[3])
                                                      0.703    23.737 r  y_reg[13]_i_2/CO[3]
                         net (fo=1, routed)           0.000    23.737    y_reg[13]_i_2_n_0
    SLICE_X45Y66         CARRY4 (Prop_carry4_CI_O[0])
                                                      0.222    23.959 r  y_reg[15]_i_3/O[0]
                         net (fo=1, routed)           0.458    24.417    C[14]
    SLICE_X46Y66         CARRY4 (Prop_carry4_S[0]_O[0])
                                                      0.551    24.968 r  y_reg[15]_i_2/O[0]
                         net (fo=1, routed)           0.000    24.968    acc[14]
    SLICE_X46Y66         FDRE                                         r  y_reg[14]/D
  -------------------------------------------------------------------    -------------------

                         (clock vclk rise edge)      18.328    18.328 r  <hidden>
                                                      0.000    18.328 r  clk
                         net (fo=173, unset)          0.924    19.252    clk
    SLICE_X46Y66         FDRE                                         r  y_reg[14]/C
                         clock pessimism              0.000    19.252    <hidden>
                         clock uncertainty           -0.035    19.217    <hidden>
    SLICE_X46Y66         FDRE (Setup_fdre_C_D)        0.109    19.326    y_reg[14]
  -------------------------------------------------------------------
                         required time                         19.326    <hidden>
                         arrival time                         -24.968    <hidden>
  -------------------------------------------------------------------
                         slack                                 -5.642    <hidden>

Slack (VIOLATED) :        -5.279ns  (required time - arrival time)
  Source:                 d19_reg[1]/C
                            (rising edge-triggered cell FDRE clocked by vclk  {rise@0.000ns fall@9.164ns period=18.328ns})
  Destination:            y_reg[13]/D
                            (rising edge-triggered cell FDRE clocked by vclk  {rise@0.000ns fall@9.164ns period=18.328ns})
  Path Group:             vclk
  Path Type:              Setup (Max at Slow Process Corner)
  Requirement:            18.328ns  (vclk rise@18.328ns - vclk rise@0.000ns)
  Data Path Delay:        23.632ns  (logic 13.803ns (58.408%)  route 9.829ns (41.592%))
  Logic Levels:           39  (CARRY4=23 LUT2=16)
  Clock Path Skew:        -0.049ns (DCD - SCD + CPR)
    Destination Clock Delay (DCD):    0.924ns = ( 19.252 - 18.328 ) 
    Source Clock Delay      (SCD):    0.973ns
    Clock Pessimism Removal (CPR):    0.000ns
  Clock Uncertainty:      0.035ns  ((TSJ^2 + TIJ^2)^1/2 + DJ) / 2 + PE
    Total System Jitter     (TSJ):    0.071ns
    Total Input Jitter      (TIJ):    0.000ns
    Discrete Jitter          (DJ):    0.000ns
    Phase Error              (PE):    0.000ns

    Location             Delay type                Incr(ns)  Path(ns)    Netlist Resource(s)
  -------------------------------------------------------------------    -------------------
                         (clock vclk rise edge)       0.000     0.000 r  <hidden>
                                                      0.000     0.000 r  clk
                         net (fo=173, unset)          0.973     0.973    clk
    SLICE_X34Y64         FDRE                                         r  d19_reg[1]/C
  -------------------------------------------------------------------    -------------------
    SLICE_X34Y64         FDRE (Prop_fdre_C_Q)         0.518     1.491 r  d19_reg[1]/Q
                         net (fo=3, routed)           0.440     1.931    d19[1]
    SLICE_X34Y65         CARRY4 (Prop_carry4_S[0]_O[0])
                                                      0.376     2.307 r  y_reg[5]_i_145/O[0]
                         net (fo=2, routed)           0.592     2.899    acc0[5]
    SLICE_X35Y64         LUT2 (Prop_lut2_I0_O)        0.295     3.194 r  y[5]_i_147/O
                         net (fo=1, routed)           0.000     3.194    y[5]_i_147_n_0
    SLICE_X35Y64         CARRY4 (Prop_carry4_S[2]_O[2])
                                                      0.248     3.442 r  y_reg[5]_i_144/O[2]
                         net (fo=1, routed)           0.461     3.902    y_reg[5]_i_144_n_5
    SLICE_X34Y61         LUT2 (Prop_lut2_I1_O)        0.302     4.204 r  y[5]_i_134/O
                         net (fo=1, routed)           0.000     4.204    y[5]_i_134_n_0
    SLICE_X34Y61         CARRY4 (Prop_carry4_S[3]_CO[3])
                                                      0.376     4.580 r  y_reg[5]_i_127/CO[3]
                         net (fo=1, routed)           0.000     4.580    y_reg[5]_i_127_n_0
    SLICE_X34Y62         CARRY4 (Prop_carry4_CI_O[0])
                                                      0.219     4.799 r  y_reg[15]_i_253/O[0]
                         net (fo=1, routed)           0.488     5.288    y_reg[15]_i_253_n_7
    SLICE_X35Y60         LUT2 (Prop_lut2_I1_O)        0.295     5.583 r  y[5]_i_129/O
                         net (fo=1, routed)           0.000     5.583    y[5]_i_129_n_0
    SLICE_X35Y60         CARRY4 (Prop_carry4_S[3]_O[3])
                                                      0.248     5.831 r  y_reg[5]_i_126/O[3]
                         net (fo=1, routed)           0.473     6.304    y_reg[5]_i_126_n_4
    SLICE_X36Y61         LUT2 (Prop_lut2_I1_O)        0.306     6.610 r  y[15]_i_234/O
                         net (fo=1, routed)           0.000     6.610    y[15]_i_234_n_0
    SLICE_X36Y61         CARRY4 (Prop_carry4_S[0]_O[0])
                                                      0.252     6.862 r  y_reg[15]_i_223/O[0]
                         net (fo=1, routed)           0.403     7.264    y_reg[15]_i_223_n_7
    SLICE_X39Y61         LUT2 (Prop_lut2_I1_O)        0.295     7.559 r  y[5]_i_117/O
                         net (fo=1, routed)           0.000     7.559    y[5]_i_117_n_0
    SLICE_X39Y61         CARRY4 (Prop_carry4_S[1]_O[2])
                                                      0.580     8.139 r  y_reg[5]_i_113/O[2]
                         net (fo=1, routed)           0.443     8.582    y_reg[5]_i_113_n_5
    SLICE_X37Y62         LUT2 (Prop_lut2_I1_O)        0.302     8.884 r  y[15]_i_205/O
                         net (fo=1, routed)           0.000     8.884    y[15]_i_205_n_0
    SLICE_X37Y62         CARRY4 (Prop_carry4_S[1]_O[2])
                                                      0.580     9.464 r  y_reg[15]_i_189/O[2]
                         net (fo=1, routed)           0.580    10.044    y_reg[15]_i_189_n_5
    SLICE_X37Y66         LUT2 (Prop_lut2_I1_O)        0.302    10.346 r  y[15]_i_184/O
                         net (fo=1, routed)           0.000    10.346    y[15]_i_184_n_0
    SLICE_X37Y66         CARRY4 (Prop_carry4_S[1]_O[1])
                                                      0.227    10.573 r  y_reg[15]_i_159/O[1]
                         net (fo=1, routed)           0.575    11.148    y_reg[15]_i_159_n_6
    SLICE_X38Y64         LUT2 (Prop_lut2_I1_O)        0.303    11.451 r  y[15]_i_165/O
                         net (fo=1, routed)           0.000    11.451    y[15]_i_165_n_0
    SLICE_X38Y64         CARRY4 (Prop_carry4_S[2]_O[2])
                                                      0.250    11.701 r  y_reg[15]_i_151/O[2]
                         net (fo=1, routed)           0.407    12.107    y_reg[15]_i_151_n_5
    SLICE_X39Y65         LUT2 (Prop_lut2_I1_O)        0.301    12.408 r  y[15]_i_133/O
                         net (fo=1, routed)           0.000    12.408    y[15]_i_133_n_0
    SLICE_X39Y65         CARRY4 (Prop_carry4_S[0]_O[0])
                                                      0.247    12.655 r  y_reg[15]_i_110/O[0]
                         net (fo=1, routed)           0.430    13.086    y_reg[15]_i_110_n_7
    SLICE_X40Y65         LUT2 (Prop_lut2_I1_O)        0.299    13.385 r  y[15]_i_120/O
                         net (fo=1, routed)           0.000    13.385    y[15]_i_120_n_0
    SLICE_X40Y65         CARRY4 (Prop_carry4_S[2]_O[2])
                                                      0.248    13.633 r  y_reg[15]_i_104/O[2]
                         net (fo=1, routed)           0.438    14.070    y_reg[15]_i_104_n_5
    SLICE_X41Y67         LUT2 (Prop_lut2_I1_O)        0.302    14.372 r  y[15]_i_99/O
                         net (fo=1, routed)           0.000    14.372    y[15]_i_99_n_0
    SLICE_X41Y67         CARRY4 (Prop_carry4_S[1]_O[2])
                                                      0.580    14.952 r  y_reg[15]_i_82/O[2]
                         net (fo=1, routed)           0.399    15.351    y_reg[15]_i_82_n_5
    SLICE_X43Y66         LUT2 (Prop_lut2_I1_O)        0.302    15.653 r  y[15]_i_88/O
                         net (fo=1, routed)           0.000    15.653    y[15]_i_88_n_0
    SLICE_X43Y66         CARRY4 (Prop_carry4_S[3]_CO[3])
                                                      0.401    16.054 r  y_reg[15]_i_70/CO[3]
                         net (fo=1, routed)           0.000    16.054    y_reg[15]_i_70_n_0
    SLICE_X43Y67         CARRY4 (Prop_carry4_CI_O[1])
                                                      0.334    16.388 r  y_reg[15]_i_50/O[1]
                         net (fo=1, routed)           0.530    16.917    y_reg[15]_i_50_n_6
    SLICE_X42Y67         LUT2 (Prop_lut2_I1_O)        0.303    17.220 r  y[15]_i_64/O
                         net (fo=1, routed)           0.000    17.220    y[15]_i_64_n_0
    SLICE_X42Y67         CARRY4 (Prop_carry4_S[3]_CO[3])
                                                      0.376    17.596 r  y_reg[15]_i_48/CO[3]
                         net (fo=1, routed)           0.000    17.596    y_reg[15]_i_48_n_0
    SLICE_X42Y68         CARRY4 (Prop_carry4_CI_O[0])
                                                      0.219    17.815 r  y_reg[15]_i_35/O[0]
                         net (fo=1, routed)           0.636    18.452    y_reg[15]_i_35_n_7
    SLICE_X42Y64         LUT2 (Prop_lut2_I1_O)        0.295    18.747 r  y[15]_i_45/O
                         net (fo=1, routed)           0.000    18.747    y[15]_i_45_n_0
    SLICE_X42Y64         CARRY4 (Prop_carry4_S[2]_O[2])
                                                      0.250    18.997 r  y_reg[15]_i_25/O[2]
                         net (fo=1, routed)           0.403    19.399    y_reg[15]_i_25_n_5
    SLICE_X41Y64         LUT2 (Prop_lut2_I1_O)        0.301    19.700 r  y[15]_i_26/O
                         net (fo=1, routed)           0.000    19.700    y[15]_i_26_n_0
    SLICE_X41Y64         CARRY4 (Prop_carry4_S[1]_O[1])
                                                      0.227    19.927 r  y_reg[15]_i_11/O[1]
                         net (fo=1, routed)           0.556    20.483    y_reg[15]_i_11_n_6
    SLICE_X43Y62         LUT2 (Prop_lut2_I1_O)        0.303    20.786 r  y[15]_i_19/O
                         net (fo=1, routed)           0.000    20.786    y[15]_i_19_n_0
    SLICE_X43Y62         CARRY4 (Prop_carry4_S[2]_O[2])
                                                      0.248    21.034 r  y_reg[15]_i_8/O[2]
                         net (fo=1, routed)           0.630    21.665    y_reg[15]_i_8_n_5
    SLICE_X44Y65         CARRY4 (Prop_carry4_S[1]_O[2])
                                                      0.882    22.547 r  y_reg[15]_i_5/O[2]
                         net (fo=1, routed)           0.488    23.034    y_reg[15]_i_5_n_5
    SLICE_X45Y65         CARRY4 (Prop_carry4_S[3]_O[3])
                                                      0.550    23.584 r  y_reg[13]_i_2/O[3]
                         net (fo=1, routed)           0.460    24.044    C[13]
    SLICE_X46Y65         CARRY4 (Prop_carry4_S[3]_O[3])
                                                      0.561    24.605 r  y_reg[13]_i_1/O[3]
                         net (fo=1, routed)           0.000    24.605    acc[13]
    SLICE_X46Y65         FDRE                                         r  y_reg[13]/D
  -------------------------------------------------------------------    -------------------

                         (clock vclk rise edge)      18.328    18.328 r  <hidden>
                                                      0.000    18.328 r  clk
                         net (fo=173, unset)          0.924    19.252    clk
    SLICE_X46Y65         FDRE                                         r  y_reg[13]/C
                         clock pessimism              0.000    19.252    <hidden>
                         clock uncertainty           -0.035    19.217    <hidden>
    SLICE_X46Y65         FDRE (Setup_fdre_C_D)        0.109    19.326    y_reg[13]
  -------------------------------------------------------------------
                         required time                         19.326    <hidden>
                         arrival time                         -24.605    <hidden>
  -------------------------------------------------------------------
                         slack                                 -5.279    <hidden>

Slack (VIOLATED) :        -4.691ns  (required time - arrival time)
  Source:                 d19_reg[1]/C
                            (rising edge-triggered cell FDRE clocked by vclk  {rise@0.000ns fall@9.164ns period=18.328ns})
  Destination:            y_reg[12]/D
                            (rising edge-triggered cell FDRE clocked by vclk  {rise@0.000ns fall@9.164ns period=18.328ns})
  Path Group:             vclk
  Path Type:              Setup (Max at Slow Process Corner)
  Requirement:            18.328ns  (vclk rise@18.328ns - vclk rise@0.000ns)
  Data Path Delay:        23.044ns  (logic 13.663ns (59.290%)  route 9.381ns (40.710%))
  Logic Levels:           41  (CARRY4=23 LUT2=18)
  Clock Path Skew:        -0.049ns (DCD - SCD + CPR)
    Destination Clock Delay (DCD):    0.924ns = ( 19.252 - 18.328 ) 
    Source Clock Delay      (SCD):    0.973ns
    Clock Pessimism Removal (CPR):    0.000ns
  Clock Uncertainty:      0.035ns  ((TSJ^2 + TIJ^2)^1/2 + DJ) / 2 + PE
    Total System Jitter     (TSJ):    0.071ns
    Total Input Jitter      (TIJ):    0.000ns
    Discrete Jitter          (DJ):    0.000ns
    Phase Error              (PE):    0.000ns

    Location             Delay type                Incr(ns)  Path(ns)    Netlist Resource(s)
  -------------------------------------------------------------------    -------------------
                         (clock vclk rise edge)       0.000     0.000 r  <hidden>
                                                      0.000     0.000 r  clk
                         net (fo=173, unset)          0.973     0.973    clk
    SLICE_X34Y64         FDRE                                         r  d19_reg[1]/C
  -------------------------------------------------------------------    -------------------
    SLICE_X34Y64         FDRE (Prop_fdre_C_Q)         0.518     1.491 r  d19_reg[1]/Q
                         net (fo=3, routed)           0.440     1.931    d19[1]
    SLICE_X34Y65         CARRY4 (Prop_carry4_S[0]_O[0])
                                                      0.376     2.307 r  y_reg[5]_i_145/O[0]
                         net (fo=2, routed)           0.592     2.899    acc0[5]
    SLICE_X35Y64         LUT2 (Prop_lut2_I0_O)        0.295     3.194 r  y[5]_i_147/O
                         net (fo=1, routed)           0.000     3.194    y[5]_i_147_n_0
    SLICE_X35Y64         CARRY4 (Prop_carry4_S[2]_O[2])
                                                      0.248     3.442 r  y_reg[5]_i_144/O[2]
                         net (fo=1, routed)           0.461     3.902    y_reg[5]_i_144_n_5
    SLICE_X34Y61         LUT2 (Prop_lut2_I1_O)        0.302     4.204 r  y[5]_i_134/O
                         net (fo=1, routed)           0.000     4.204    y[5]_i_134_n_0
    SLICE_X34Y61         CARRY4 (Prop_carry4_S[3]_CO[3])
                                                      0.376     4.580 r  y_reg[5]_i_127/CO[3]
                         net (fo=1, routed)           0.000     4.580    y_reg[5]_i_127_n_0
    SLICE_X34Y62         CARRY4 (Prop_carry4_CI_O[0])
                                                      0.219     4.799 r  y_reg[15]_i_253/O[0]
                         net (fo=1, routed)           0.488     5.288    y_reg[15]_i_253_n_7
    SLICE_X35Y60         LUT2 (Prop_lut2_I1_O)        0.295     5.583 r  y[5]_i_129/O
                         net (fo=1, routed)           0.000     5.583    y[5]_i_129_n_0
    SLICE_X35Y60         CARRY4 (Prop_carry4_S[3]_O[3])
                                                      0.248     5.831 r  y_reg[5]_i_126/O[3]
                         net (fo=1, routed)           0.473     6.304    y_reg[5]_i_126_n_4
    SLICE_X36Y61         LUT2 (Prop_lut2_I1_O)        0.306     6.610 r  y[15]_i_234/O
                         net (fo=1, routed)           0.000     6.610    y[15]_i_234_n_0
    SLICE_X36Y61         CARRY4 (Prop_carry4_S[0]_O[0])
                                                      0.252     6.862 r  y_reg[15]_i_223/O[0]
                         net (fo=1, routed)           0.403     7.264    y_reg[15]_i_223_n_7
    SLICE_X39Y61         LUT2 (Prop_lut2_I1_O)        0.295     7.559 r  y[5]_i_117/O
                         net (fo=1, routed)           0.000     7.559    y[5]_i_117_n_0
    SLICE_X39Y61         CARRY4 (Prop_carry4_S[1]_O[2])
                                                      0.580     8.139 r  y_reg[5]_i_113/O[2]
                         net (fo=1, routed)           0.443     8.582    y_reg[5]_i_113_n_5
    SLICE_X37Y62         LUT2 (Prop_lut2_I1_O)        0.302     8.884 r  y[15]_i_205/O
                         net (fo=1, routed)           0.000     8.884    y[15]_i_205_n_0
    SLICE_X37Y62         CARRY4 (Prop_carry4_S[1]_O[2])
                                                      0.580     9.464 r  y_reg[15]_i_189/O[2]
                         net (fo=1, routed)           0.580    10.044    y_reg[15]_i_189_n_5
    SLICE_X37Y66         LUT2 (Prop_lut2_I1_O)        0.302    10.346 r  y[15]_i_184/O
                         net (fo=1, routed)           0.000    10.346    y[15]_i_184_n_0
    SLICE_X37Y66         CARRY4 (Prop_carry4_S[1]_O[1])
                                                      0.227    10.573 r  y_reg[15]_i_159/O[1]
                         net (fo=1, routed)           0.575    11.148    y_reg[15]_i_159_n_6
    SLICE_X38Y64         LUT2 (Prop_lut2_I1_O)        0.303    11.451 r  y[15]_i_165/O
                         net (fo=1, routed)           0.000    11.451    y[15]_i_165_n_0
    SLICE_X38Y64         CARRY4 (Prop_carry4_S[2]_O[2])
                                                      0.250    11.701 r  y_reg[15]_i_151/O[2]
                         net (fo=1, routed)           0.407    12.107    y_reg[15]_i_151_n_5
    SLICE_X39Y65         LUT2 (Prop_lut2_I1_O)        0.301    12.408 r  y[15]_i_133/O
                         net (fo=1, routed)           0.000    12.408    y[15]_i_133_n_0
    SLICE_X39Y65         CARRY4 (Prop_carry4_S[0]_O[0])
                                                      0.247    12.655 r  y_reg[15]_i_110/O[0]
                         net (fo=1, routed)           0.430    13.086    y_reg[15]_i_110_n_7
    SLICE_X40Y65         LUT2 (Prop_lut2_I1_O)        0.299    13.385 r  y[15]_i_120/O
                         net (fo=1, routed)           0.000    13.385    y[15]_i_120_n_0
    SLICE_X40Y65         CARRY4 (Prop_carry4_S[2]_O[2])
                                                      0.248    13.633 r  y_reg[15]_i_104/O[2]
                         net (fo=1, routed)           0.438    14.070    y_reg[15]_i_104_n_5
    SLICE_X41Y67         LUT2 (Prop_lut2_I1_O)        0.302    14.372 r  y[15]_i_99/O
                         net (fo=1, routed)           0.000    14.372    y[15]_i_99_n_0
    SLICE_X41Y67         CARRY4 (Prop_carry4_S[1]_O[2])
                                                      0.580    14.952 r  y_reg[15]_i_82/O[2]
                         net (fo=1, routed)           0.399    15.351    y_reg[15]_i_82_n_5
    SLICE_X43Y66         LUT2 (Prop_lut2_I1_O)        0.302    15.653 r  y[15]_i_88/O
                         net (fo=1, routed)           0.000    15.653    y[15]_i_88_n_0
    SLICE_X43Y66         CARRY4 (Prop_carry4_S[3]_O[3])
                                                      0.248    15.901 r  y_reg[15]_i_70/O[3]
                         net (fo=1, routed)           0.430    16.330    y_reg[15]_i_70_n_4
    SLICE_X42Y67         LUT2 (Prop_lut2_I1_O)        0.306    16.636 r  y[15]_i_66/O
                         net (fo=1, routed)           0.000    16.636    y[15]_i_66_n_0
    SLICE_X42Y67         CARRY4 (Prop_carry4_S[1]_O[1])
                                                      0.230    16.866 r  y_reg[15]_i_48/O[1]
                         net (fo=1, routed)           0.573    17.439    y_reg[15]_i_48_n_6
    SLICE_X42Y63         LUT2 (Prop_lut2_I1_O)        0.306    17.745 r  y[15]_i_57/O
                         net (fo=1, routed)           0.000    17.745    y[15]_i_57_n_0
    SLICE_X42Y63         CARRY4 (Prop_carry4_S[3]_CO[3])
                                                      0.376    18.121 r  y_reg[15]_i_43/CO[3]
                         net (fo=1, routed)           0.000    18.121    y_reg[15]_i_43_n_0
    SLICE_X42Y64         CARRY4 (Prop_carry4_CI_O[0])
                                                      0.219    18.340 r  y_reg[15]_i_25/O[0]
                         net (fo=1, routed)           0.431    18.772    y_reg[15]_i_25_n_7
    SLICE_X41Y63         LUT2 (Prop_lut2_I1_O)        0.295    19.067 r  y[15]_i_37/O
                         net (fo=1, routed)           0.000    19.067    y[15]_i_37_n_0
    SLICE_X41Y63         CARRY4 (Prop_carry4_S[3]_CO[3])
                                                      0.401    19.468 r  y_reg[15]_i_23/CO[3]
                         net (fo=1, routed)           0.000    19.468    y_reg[15]_i_23_n_0
    SLICE_X41Y64         CARRY4 (Prop_carry4_CI_O[0])
                                                      0.222    19.690 r  y_reg[15]_i_11/O[0]
                         net (fo=1, routed)           0.444    20.133    y_reg[15]_i_11_n_7
    SLICE_X43Y62         LUT2 (Prop_lut2_I1_O)        0.299    20.432 r  y[15]_i_20/O
                         net (fo=1, routed)           0.000    20.432    y[15]_i_20_n_0
    SLICE_X43Y62         CARRY4 (Prop_carry4_S[1]_O[1])
                                                      0.227    20.659 r  y_reg[15]_i_8/O[1]
                         net (fo=1, routed)           0.594    21.254    y_reg[15]_i_8_n_6
    SLICE_X44Y65         LUT2 (Prop_lut2_I1_O)        0.303    21.557 r  y[15]_i_9/O
                         net (fo=1, routed)           0.000    21.557    y[15]_i_9_n_0
    SLICE_X44Y65         CARRY4 (Prop_carry4_S[0]_O[0])
                                                      0.247    21.804 r  y_reg[15]_i_5/O[0]
                         net (fo=1, routed)           0.484    22.288    y_reg[15]_i_5_n_7
    SLICE_X45Y65         LUT2 (Prop_lut2_I1_O)        0.299    22.587 r  y[13]_i_6/O
                         net (fo=1, routed)           0.000    22.587    y[13]_i_6_n_0
    SLICE_X45Y65         CARRY4 (Prop_carry4_S[1]_O[2])
                                                      0.580    23.167 r  y_reg[13]_i_2/O[2]
                         net (fo=1, routed)           0.299    23.465    C[12]
    SLICE_X46Y65         CARRY4 (Prop_carry4_S[2]_O[2])
                                                      0.552    24.017 r  y_reg[13]_i_1/O[2]
                         net (fo=1, routed)           0.000    24.017    acc[12]
    SLICE_X46Y65         FDRE                                         r  y_reg[12]/D
  -------------------------------------------------------------------    -------------------

                         (clock vclk rise edge)      18.328    18.328 r  <hidden>
                                                      0.000    18.328 r  clk
                         net (fo=173, unset)          0.924    19.252    clk
    SLICE_X46Y65         FDRE                                         r  y_reg[12]/C
                         clock pessimism              0.000    19.252    <hidden>
                         clock uncertainty           -0.035    19.217    <hidden>
    SLICE_X46Y65         FDRE (Setup_fdre_C_D)        0.109    19.326    y_reg[12]
  -------------------------------------------------------------------
                         required time                         19.326    <hidden>
                         arrival time                         -24.017    <hidden>
  -------------------------------------------------------------------
                         slack                                 -4.691    <hidden>

Slack (VIOLATED) :        -4.420ns  (required time - arrival time)
  Source:                 d19_reg[1]/C
                            (rising edge-triggered cell FDRE clocked by vclk  {rise@0.000ns fall@9.164ns period=18.328ns})
  Destination:            y_reg[11]/D
                            (rising edge-triggered cell FDRE clocked by vclk  {rise@0.000ns fall@9.164ns period=18.328ns})
  Path Group:             vclk
  Path Type:              Setup (Max at Slow Process Corner)
  Requirement:            18.328ns  (vclk rise@18.328ns - vclk rise@0.000ns)
  Data Path Delay:        22.773ns  (logic 13.160ns (57.789%)  route 9.613ns (42.211%))
  Logic Levels:           41  (CARRY4=22 LUT2=19)
  Clock Path Skew:        -0.049ns (DCD - SCD + CPR)
    Destination Clock Delay (DCD):    0.924ns = ( 19.252 - 18.328 ) 
    Source Clock Delay      (SCD):    0.973ns
    Clock Pessimism Removal (CPR):    0.000ns
  Clock Uncertainty:      0.035ns  ((TSJ^2 + TIJ^2)^1/2 + DJ) / 2 + PE
    Total System Jitter     (TSJ):    0.071ns
    Total Input Jitter      (TIJ):    0.000ns
    Discrete Jitter          (DJ):    0.000ns
    Phase Error              (PE):    0.000ns

    Location             Delay type                Incr(ns)  Path(ns)    Netlist Resource(s)
  -------------------------------------------------------------------    -------------------
                         (clock vclk rise edge)       0.000     0.000 r  <hidden>
                                                      0.000     0.000 r  clk
                         net (fo=173, unset)          0.973     0.973    clk
    SLICE_X34Y64         FDRE                                         r  d19_reg[1]/C
  -------------------------------------------------------------------    -------------------
    SLICE_X34Y64         FDRE (Prop_fdre_C_Q)         0.518     1.491 r  d19_reg[1]/Q
                         net (fo=3, routed)           0.440     1.931    d19[1]
    SLICE_X34Y65         CARRY4 (Prop_carry4_S[0]_O[0])
                                                      0.376     2.307 r  y_reg[5]_i_145/O[0]
                         net (fo=2, routed)           0.592     2.899    acc0[5]
    SLICE_X35Y64         LUT2 (Prop_lut2_I0_O)        0.295     3.194 r  y[5]_i_147/O
                         net (fo=1, routed)           0.000     3.194    y[5]_i_147_n_0
    SLICE_X35Y64         CARRY4 (Prop_carry4_S[2]_O[2])
                                                      0.248     3.442 r  y_reg[5]_i_144/O[2]
                         net (fo=1, routed)           0.461     3.902    y_reg[5]_i_144_n_5
    SLICE_X34Y61         LUT2 (Prop_lut2_I1_O)        0.302     4.204 r  y[5]_i_134/O
                         net (fo=1, routed)           0.000     4.204    y[5]_i_134_n_0
    SLICE_X34Y61         CARRY4 (Prop_carry4_S[3]_CO[3])
                                                      0.376     4.580 r  y_reg[5]_i_127/CO[3]
                         net (fo=1, routed)           0.000     4.580    y_reg[5]_i_127_n_0
    SLICE_X34Y62         CARRY4 (Prop_carry4_CI_O[0])
                                                      0.219     4.799 r  y_reg[15]_i_253/O[0]
                         net (fo=1, routed)           0.488     5.288    y_reg[15]_i_253_n_7
    SLICE_X35Y60         LUT2 (Prop_lut2_I1_O)        0.295     5.583 r  y[5]_i_129/O
                         net (fo=1, routed)           0.000     5.583    y[5]_i_129_n_0
    SLICE_X35Y60         CARRY4 (Prop_carry4_S[3]_O[3])
                                                      0.248     5.831 r  y_reg[5]_i_126/O[3]
                         net (fo=1, routed)           0.473     6.304    y_reg[5]_i_126_n_4
    SLICE_X36Y61         LUT2 (Prop_lut2_I1_O)        0.306     6.610 r  y[15]_i_234/O
                         net (fo=1, routed)           0.000     6.610    y[15]_i_234_n_0
    SLICE_X36Y61         CARRY4 (Prop_carry4_S[0]_O[0])
                                                      0.252     6.862 r  y_reg[15]_i_223/O[0]
                         net (fo=1, routed)           0.403     7.264    y_reg[15]_i_223_n_7
    SLICE_X39Y61         LUT2 (Prop_lut2_I1_O)        0.295     7.559 r  y[5]_i_117/O
                         net (fo=1, routed)           0.000     7.559    y[5]_i_117_n_0
    SLICE_X39Y61         CARRY4 (Prop_carry4_S[1]_O[2])
                                                      0.580     8.139 r  y_reg[5]_i_113/O[2]
                         net (fo=1, routed)           0.443     8.582    y_reg[5]_i_113_n_5
    SLICE_X37Y62         LUT2 (Prop_lut2_I1_O)        0.302     8.884 r  y[15]_i_205/O
                         net (fo=1, routed)           0.000     8.884    y[15]_i_205_n_0
    SLICE_X37Y62         CARRY4 (Prop_carry4_S[1]_O[2])
                                                      0.580     9.464 r  y_reg[15]_i_189/O[2]
                         net (fo=1, routed)           0.580    10.044    y_reg[15]_i_189_n_5
    SLICE_X37Y66         LUT2 (Prop_lut2_I1_O)        0.302    10.346 r  y[15]_i_184/O
                         net (fo=1, routed)           0.000    10.346    y[15]_i_184_n_0
    SLICE_X37Y66         CARRY4 (Prop_carry4_S[1]_O[1])
                                                      0.227    10.573 r  y_reg[15]_i_159/O[1]
                         net (fo=1, routed)           0.575    11.148    y_reg[15]_i_159_n_6
    SLICE_X38Y64         LUT2 (Prop_lut2_I1_O)        0.303    11.451 r  y[15]_i_165/O
                         net (fo=1, routed)           0.000    11.451    y[15]_i_165_n_0
    SLICE_X38Y64         CARRY4 (Prop_carry4_S[2]_O[2])
                                                      0.250    11.701 r  y_reg[15]_i_151/O[2]
                         net (fo=1, routed)           0.407    12.107    y_reg[15]_i_151_n_5
    SLICE_X39Y65         LUT2 (Prop_lut2_I1_O)        0.301    12.408 r  y[15]_i_133/O
                         net (fo=1, routed)           0.000    12.408    y[15]_i_133_n_0
    SLICE_X39Y65         CARRY4 (Prop_carry4_S[0]_O[0])
                                                      0.247    12.655 r  y_reg[15]_i_110/O[0]
                         net (fo=1, routed)           0.430    13.086    y_reg[15]_i_110_n_7
    SLICE_X40Y65         LUT2 (Prop_lut2_I1_O)        0.299    13.385 r  y[15]_i_120/O
                         net (fo=1, routed)           0.000    13.385    y[15]_i_120_n_0
    SLICE_X40Y65         CARRY4 (Prop_carry4_S[2]_O[2])
                                                      0.248    13.633 r  y_reg[15]_i_104/O[2]
                         net (fo=1, routed)           0.438    14.070    y_reg[15]_i_104_n_5
    SLICE_X41Y67         LUT2 (Prop_lut2_I1_O)        0.302    14.372 r  y[15]_i_99/O
                         net (fo=1, routed)           0.000    14.372    y[15]_i_99_n_0
    SLICE_X41Y67         CARRY4 (Prop_carry4_S[1]_O[1])
                                                      0.227    14.599 r  y_reg[15]_i_82/O[1]
                         net (fo=1, routed)           0.415    15.015    y_reg[15]_i_82_n_6
    SLICE_X43Y66         LUT2 (Prop_lut2_I1_O)        0.303    15.318 r  y[15]_i_89/O
                         net (fo=1, routed)           0.000    15.318    y[15]_i_89_n_0
    SLICE_X43Y66         CARRY4 (Prop_carry4_S[2]_O[2])
                                                      0.248    15.566 r  y_reg[15]_i_70/O[2]
                         net (fo=1, routed)           0.421    15.986    y_reg[15]_i_70_n_5
    SLICE_X42Y67         LUT2 (Prop_lut2_I1_O)        0.302    16.288 r  y[15]_i_67/O
                         net (fo=1, routed)           0.000    16.288    y[15]_i_67_n_0
    SLICE_X42Y67         CARRY4 (Prop_carry4_S[0]_O[0])
                                                      0.252    16.540 r  y_reg[15]_i_48/O[0]
                         net (fo=1, routed)           0.641    17.181    y_reg[15]_i_48_n_7
    SLICE_X42Y63         LUT2 (Prop_lut2_I1_O)        0.295    17.476 r  y[15]_i_58/O
                         net (fo=1, routed)           0.000    17.476    y[15]_i_58_n_0
    SLICE_X42Y63         CARRY4 (Prop_carry4_S[2]_O[2])
                                                      0.250    17.726 r  y_reg[15]_i_43/O[2]
                         net (fo=1, routed)           0.403    18.128    y_reg[15]_i_43_n_5
    SLICE_X41Y63         LUT2 (Prop_lut2_I1_O)        0.301    18.429 r  y[15]_i_39/O
                         net (fo=1, routed)           0.000    18.429    y[15]_i_39_n_0
    SLICE_X41Y63         CARRY4 (Prop_carry4_S[1]_O[1])
                                                      0.227    18.656 r  y_reg[15]_i_23/O[1]
                         net (fo=1, routed)           0.556    19.212    y_reg[15]_i_23_n_6
    SLICE_X43Y61         LUT2 (Prop_lut2_I1_O)        0.303    19.515 r  y[15]_i_29/O
                         net (fo=1, routed)           0.000    19.515    y[15]_i_29_n_0
    SLICE_X43Y61         CARRY4 (Prop_carry4_S[2]_O[2])
                                                      0.248    19.763 r  y_reg[15]_i_16/O[2]
                         net (fo=1, routed)           0.585    20.348    y_reg[15]_i_16_n_5
    SLICE_X44Y64         LUT2 (Prop_lut2_I1_O)        0.302    20.650 r  y[15]_i_14/O
                         net (fo=1, routed)           0.000    20.650    y[15]_i_14_n_0
    SLICE_X44Y64         CARRY4 (Prop_carry4_S[1]_O[2])
                                                      0.580    21.230 r  y_reg[15]_i_7/O[2]
                         net (fo=1, routed)           0.407    21.637    y_reg[15]_i_7_n_5
    SLICE_X45Y64         LUT2 (Prop_lut2_I1_O)        0.302    21.939 r  y[13]_i_9/O
                         net (fo=1, routed)           0.000    21.939    y[13]_i_9_n_0
    SLICE_X45Y64         CARRY4 (Prop_carry4_S[3]_CO[3])
                                                      0.401    22.340 r  y_reg[13]_i_4/CO[3]
                         net (fo=1, routed)           0.000    22.340    y_reg[13]_i_4_n_0
    SLICE_X45Y65         CARRY4 (Prop_carry4_CI_O[0])
                                                      0.222    22.562 r  y_reg[13]_i_2/O[0]
                         net (fo=1, routed)           0.458    23.020    C[10]
    SLICE_X46Y65         LUT2 (Prop_lut2_I1_O)        0.299    23.319 r  y[13]_i_3/O
                         net (fo=1, routed)           0.000    23.319    y[13]_i_3_n_0
    SLICE_X46Y65         CARRY4 (Prop_carry4_S[0]_O[1])
                                                      0.427    23.746 r  y_reg[13]_i_1/O[1]
                         net (fo=1, routed)           0.000    23.746    acc[11]
    SLICE_X46Y65         FDRE                                         r  y_reg[11]/D
  -------------------------------------------------------------------    -------------------

                         (clock vclk rise edge)      18.328    18.328 r  <hidden>
                                                      0.000    18.328 r  clk
                         net (fo=173, unset)          0.924    19.252    clk
    SLICE_X46Y65         FDRE                                         r  y_reg[11]/C
                         clock pessimism              0.000    19.252    <hidden>
                         clock uncertainty           -0.035    19.217    <hidden>
    SLICE_X46Y65         FDRE (Setup_fdre_C_D)        0.109    19.326    y_reg[11]
  -------------------------------------------------------------------
                         required time                         19.326    <hidden>
                         arrival time                         -23.746    <hidden>
  -------------------------------------------------------------------
                         slack                                 -4.420    <hidden>

Slack (VIOLATED) :        -4.245ns  (required time - arrival time)
  Source:                 d19_reg[1]/C
                            (rising edge-triggered cell FDRE clocked by vclk  {rise@0.000ns fall@9.164ns period=18.328ns})
  Destination:            y_reg[10]/D
                            (rising edge-triggered cell FDRE clocked by vclk  {rise@0.000ns fall@9.164ns period=18.328ns})
  Path Group:             vclk
  Path Type:              Setup (Max at Slow Process Corner)
  Requirement:            18.328ns  (vclk rise@18.328ns - vclk rise@0.000ns)
  Data Path Delay:        22.598ns  (logic 12.985ns (57.462%)  route 9.613ns (42.538%))
  Logic Levels:           41  (CARRY4=22 LUT2=19)
  Clock Path Skew:        -0.049ns (DCD - SCD + CPR)
    Destination Clock Delay (DCD):    0.924ns = ( 19.252 - 18.328 ) 
    Source Clock Delay      (SCD):    0.973ns
    Clock Pessimism Removal (CPR):    0.000ns
  Clock Uncertainty:      0.035ns  ((TSJ^2 + TIJ^2)^1/2 + DJ) / 2 + PE
    Total System Jitter     (TSJ):    0.071ns
    Total Input Jitter      (TIJ):    0.000ns
    Discrete Jitter          (DJ):    0.000ns
    Phase Error              (PE):    0.000ns

    Location             Delay type                Incr(ns)  Path(ns)    Netlist Resource(s)
  -------------------------------------------------------------------    -------------------
                         (clock vclk rise edge)       0.000     0.000 r  <hidden>
                                                      0.000     0.000 r  clk
                         net (fo=173, unset)          0.973     0.973    clk
    SLICE_X34Y64         FDRE                                         r  d19_reg[1]/C
  -------------------------------------------------------------------    -------------------
    SLICE_X34Y64         FDRE (Prop_fdre_C_Q)         0.518     1.491 r  d19_reg[1]/Q
                         net (fo=3, routed)           0.440     1.931    d19[1]
    SLICE_X34Y65         CARRY4 (Prop_carry4_S[0]_O[0])
                                                      0.376     2.307 r  y_reg[5]_i_145/O[0]
                         net (fo=2, routed)           0.592     2.899    acc0[5]
    SLICE_X35Y64         LUT2 (Prop_lut2_I0_O)        0.295     3.194 r  y[5]_i_147/O
                         net (fo=1, routed)           0.000     3.194    y[5]_i_147_n_0
    SLICE_X35Y64         CARRY4 (Prop_carry4_S[2]_O[2])
                                                      0.248     3.442 r  y_reg[5]_i_144/O[2]
                         net (fo=1, routed)           0.461     3.902    y_reg[5]_i_144_n_5
    SLICE_X34Y61         LUT2 (Prop_lut2_I1_O)        0.302     4.204 r  y[5]_i_134/O
                         net (fo=1, routed)           0.000     4.204    y[5]_i_134_n_0
    SLICE_X34Y61         CARRY4 (Prop_carry4_S[3]_CO[3])
                                                      0.376     4.580 r  y_reg[5]_i_127/CO[3]
                         net (fo=1, routed)           0.000     4.580    y_reg[5]_i_127_n_0
    SLICE_X34Y62         CARRY4 (Prop_carry4_CI_O[0])
                                                      0.219     4.799 r  y_reg[15]_i_253/O[0]
                         net (fo=1, routed)           0.488     5.288    y_reg[15]_i_253_n_7
    SLICE_X35Y60         LUT2 (Prop_lut2_I1_O)        0.295     5.583 r  y[5]_i_129/O
                         net (fo=1, routed)           0.000     5.583    y[5]_i_129_n_0
    SLICE_X35Y60         CARRY4 (Prop_carry4_S[3]_O[3])
                                                      0.248     5.831 r  y_reg[5]_i_126/O[3]
                         net (fo=1, routed)           0.473     6.304    y_reg[5]_i_126_n_4
    SLICE_X36Y61         LUT2 (Prop_lut2_I1_O)        0.306     6.610 r  y[15]_i_234/O
                         net (fo=1, routed)           0.000     6.610    y[15]_i_234_n_0
    SLICE_X36Y61         CARRY4 (Prop_carry4_S[0]_O[0])
                                                      0.252     6.862 r  y_reg[15]_i_223/O[0]
                         net (fo=1, routed)           0.403     7.264    y_reg[15]_i_223_n_7
    SLICE_X39Y61         LUT2 (Prop_lut2_I1_O)        0.295     7.559 r  y[5]_i_117/O
                         net (fo=1, routed)           0.000     7.559    y[5]_i_117_n_0
    SLICE_X39Y61         CARRY4 (Prop_carry4_S[1]_O[2])
                                                      0.580     8.139 r  y_reg[5]_i_113/O[2]
                         net (fo=1, routed)           0.443     8.582    y_reg[5]_i_113_n_5
    SLICE_X37Y62         LUT2 (Prop_lut2_I1_O)        0.302     8.884 r  y[15]_i_205/O
                         net (fo=1, routed)           0.000     8.884    y[15]_i_205_n_0
    SLICE_X37Y62         CARRY4 (Prop_carry4_S[1]_O[2])
                                                      0.580     9.464 r  y_reg[15]_i_189/O[2]
                         net (fo=1, routed)           0.580    10.044    y_reg[15]_i_189_n_5
    SLICE_X37Y66         LUT2 (Prop_lut2_I1_O)        0.302    10.346 r  y[15]_i_184/O
                         net (fo=1, routed)           0.000    10.346    y[15]_i_184_n_0
    SLICE_X37Y66         CARRY4 (Prop_carry4_S[1]_O[1])
                                                      0.227    10.573 r  y_reg[15]_i_159/O[1]
                         net (fo=1, routed)           0.575    11.148    y_reg[15]_i_159_n_6
    SLICE_X38Y64         LUT2 (Prop_lut2_I1_O)        0.303    11.451 r  y[15]_i_165/O
                         net (fo=1, routed)           0.000    11.451    y[15]_i_165_n_0
    SLICE_X38Y64         CARRY4 (Prop_carry4_S[2]_O[2])
                                                      0.250    11.701 r  y_reg[15]_i_151/O[2]
                         net (fo=1, routed)           0.407    12.107    y_reg[15]_i_151_n_5
    SLICE_X39Y65         LUT2 (Prop_lut2_I1_O)        0.301    12.408 r  y[15]_i_133/O
                         net (fo=1, routed)           0.000    12.408    y[15]_i_133_n_0
    SLICE_X39Y65         CARRY4 (Prop_carry4_S[0]_O[0])
                                                      0.247    12.655 r  y_reg[15]_i_110/O[0]
                         net (fo=1, routed)           0.430    13.086    y_reg[15]_i_110_n_7
    SLICE_X40Y65         LUT2 (Prop_lut2_I1_O)        0.299    13.385 r  y[15]_i_120/O
                         net (fo=1, routed)           0.000    13.385    y[15]_i_120_n_0
    SLICE_X40Y65         CARRY4 (Prop_carry4_S[2]_O[2])
                                                      0.248    13.633 r  y_reg[15]_i_104/O[2]
                         net (fo=1, routed)           0.438    14.070    y_reg[15]_i_104_n_5
    SLICE_X41Y67         LUT2 (Prop_lut2_I1_O)        0.302    14.372 r  y[15]_i_99/O
                         net (fo=1, routed)           0.000    14.372    y[15]_i_99_n_0
    SLICE_X41Y67         CARRY4 (Prop_carry4_S[1]_O[1])
                                                      0.227    14.599 r  y_reg[15]_i_82/O[1]
                         net (fo=1, routed)           0.415    15.015    y_reg[15]_i_82_n_6
    SLICE_X43Y66         LUT2 (Prop_lut2_I1_O)        0.303    15.318 r  y[15]_i_89/O
                         net (fo=1, routed)           0.000    15.318    y[15]_i_89_n_0
    SLICE_X43Y66         CARRY4 (Prop_carry4_S[2]_O[2])
                                                      0.248    15.566 r  y_reg[15]_i_70/O[2]
                         net (fo=1, routed)           0.421    15.986    y_reg[15]_i_70_n_5
    SLICE_X42Y67         LUT2 (Prop_lut2_I1_O)        0.302    16.288 r  y[15]_i_67/O
                         net (fo=1, routed)           0.000    16.288    y[15]_i_67_n_0
    SLICE_X42Y67         CARRY4 (Prop_carry4_S[0]_O[0])
                                                      0.252    16.540 r  y_reg[15]_i_48/O[0]
                         net (fo=1, routed)           0.641    17.181    y_reg[15]_i_48_n_7
    SLICE_X42Y63         LUT2 (Prop_lut2_I1_O)        0.295    17.476 r  y[15]_i_58/O
                         net (fo=1, routed)           0.000    17.476    y[15]_i_58_n_0
    SLICE_X42Y63         CARRY4 (Prop_carry4_S[2]_O[2])
                                                      0.250    17.726 r  y_reg[15]_i_43/O[2]
                         net (fo=1, routed)           0.403    18.128    y_reg[15]_i_43_n_5
    SLICE_X41Y63         LUT2 (Prop_lut2_I1_O)        0.301    18.429 r  y[15]_i_39/O
                         net (fo=1, routed)           0.000    18.429    y[15]_i_39_n_0
    SLICE_X41Y63         CARRY4 (Prop_carry4_S[1]_O[1])
                                                      0.227    18.656 r  y_reg[15]_i_23/O[1]
                         net (fo=1, routed)           0.556    19.212    y_reg[15]_i_23_n_6
    SLICE_X43Y61         LUT2 (Prop_lut2_I1_O)        0.303    19.515 r  y[15]_i_29/O
                         net (fo=1, routed)           0.000    19.515    y[15]_i_29_n_0
    SLICE_X43Y61         CARRY4 (Prop_carry4_S[2]_O[2])
                                                      0.248    19.763 r  y_reg[15]_i_16/O[2]
                         net (fo=1, routed)           0.585    20.348    y_reg[15]_i_16_n_5
    SLICE_X44Y64         LUT2 (Prop_lut2_I1_O)        0.302    20.650 r  y[15]_i_14/O
                         net (fo=1, routed)           0.000    20.650    y[15]_i_14_n_0
    SLICE_X44Y64         CARRY4 (Prop_carry4_S[1]_O[2])
                                                      0.580    21.230 r  y_reg[15]_i_7/O[2]
                         net (fo=1, routed)           0.407    21.637    y_reg[15]_i_7_n_5
    SLICE_X45Y64         LUT2 (Prop_lut2_I1_O)        0.302    21.939 r  y[13]_i_9/O
                         net (fo=1, routed)           0.000    21.939    y[13]_i_9_n_0
    SLICE_X45Y64         CARRY4 (Prop_carry4_S[3]_CO[3])
                                                      0.401    22.340 r  y_reg[13]_i_4/CO[3]
                         net (fo=1, routed)           0.000    22.340    y_reg[13]_i_4_n_0
    SLICE_X45Y65         CARRY4 (Prop_carry4_CI_O[0])
                                                      0.222    22.562 r  y_reg[13]_i_2/O[0]
                         net (fo=1, routed)           0.458    23.020    C[10]
    SLICE_X46Y65         LUT2 (Prop_lut2_I1_O)        0.299    23.319 r  y[13]_i_3/O
                         net (fo=1, routed)           0.000    23.319    y[13]_i_3_n_0
    SLICE_X46Y65         CARRY4 (Prop_carry4_S[0]_O[0])
                                                      0.252    23.571 r  y_reg[13]_i_1/O[0]
                         net (fo=1, routed)           0.000    23.571    acc[10]
    SLICE_X46Y65         FDRE                                         r  y_reg[10]/D
  -------------------------------------------------------------------    -------------------

                         (clock vclk rise edge)      18.328    18.328 r  <hidden>
                                                      0.000    18.328 r  clk
                         net (fo=173, unset)          0.924    19.252    clk
    SLICE_X46Y65         FDRE                                         r  y_reg[10]/C
                         clock pessimism              0.000    19.252    <hidden>
                         clock uncertainty           -0.035    19.217    <hidden>
    SLICE_X46Y65         FDRE (Setup_fdre_C_D)        0.109    19.326    y_reg[10]
  -------------------------------------------------------------------
                         required time                         19.326    <hidden>
                         arrival time                         -23.571    <hidden>
  -------------------------------------------------------------------
                         slack                                 -4.245    <hidden>

Slack (VIOLATED) :        -3.886ns  (required time - arrival time)
  Source:                 d19_reg[1]/C
                            (rising edge-triggered cell FDRE clocked by vclk  {rise@0.000ns fall@9.164ns period=18.328ns})
  Destination:            y_reg[9]/D
                            (rising edge-triggered cell FDRE clocked by vclk  {rise@0.000ns fall@9.164ns period=18.328ns})
  Path Group:             vclk
  Path Type:              Setup (Max at Slow Process Corner)
  Requirement:            18.328ns  (vclk rise@18.328ns - vclk rise@0.000ns)
  Data Path Delay:        22.239ns  (logic 12.620ns (56.746%)  route 9.619ns (43.254%))
  Logic Levels:           40  (CARRY4=21 LUT2=19)
  Clock Path Skew:        -0.049ns (DCD - SCD + CPR)
    Destination Clock Delay (DCD):    0.924ns = ( 19.252 - 18.328 ) 
    Source Clock Delay      (SCD):    0.973ns
    Clock Pessimism Removal (CPR):    0.000ns
  Clock Uncertainty:      0.035ns  ((TSJ^2 + TIJ^2)^1/2 + DJ) / 2 + PE
    Total System Jitter     (TSJ):    0.071ns
    Total Input Jitter      (TIJ):    0.000ns
    Discrete Jitter          (DJ):    0.000ns
    Phase Error              (PE):    0.000ns

    Location             Delay type                Incr(ns)  Path(ns)    Netlist Resource(s)
  -------------------------------------------------------------------    -------------------
                         (clock vclk rise edge)       0.000     0.000 r  <hidden>
                                                      0.000     0.000 r  clk
                         net (fo=173, unset)          0.973     0.973    clk
    SLICE_X34Y64         FDRE                                         r  d19_reg[1]/C
  -------------------------------------------------------------------    -------------------
    SLICE_X34Y64         FDRE (Prop_fdre_C_Q)         0.518     1.491 r  d19_reg[1]/Q
                         net (fo=3, routed)           0.440     1.931    d19[1]
    SLICE_X34Y65         CARRY4 (Prop_carry4_S[0]_O[0])
                                                      0.376     2.307 r  y_reg[5]_i_145/O[0]
                         net (fo=2, routed)           0.592     2.899    acc0[5]
    SLICE_X35Y64         LUT2 (Prop_lut2_I0_O)        0.295     3.194 r  y[5]_i_147/O
                         net (fo=1, routed)           0.000     3.194    y[5]_i_147_n_0
    SLICE_X35Y64         CARRY4 (Prop_carry4_S[2]_O[2])
                                                      0.248     3.442 r  y_reg[5]_i_144/O[2]
                         net (fo=1, routed)           0.461     3.902    y_reg[5]_i_144_n_5
    SLICE_X34Y61         LUT2 (Prop_lut2_I1_O)        0.302     4.204 r  y[5]_i_134/O
                         net (fo=1, routed)           0.000     4.204    y[5]_i_134_n_0
    SLICE_X34Y61         CARRY4 (Prop_carry4_S[3]_CO[3])
                                                      0.376     4.580 r  y_reg[5]_i_127/CO[3]
                         net (fo=1, routed)           0.000     4.580    y_reg[5]_i_127_n_0
    SLICE_X34Y62         CARRY4 (Prop_carry4_CI_O[0])
                                                      0.219     4.799 r  y_reg[15]_i_253/O[0]
                         net (fo=1, routed)           0.488     5.288    y_reg[15]_i_253_n_7
    SLICE_X35Y60         LUT2 (Prop_lut2_I1_O)        0.295     5.583 r  y[5]_i_129/O
                         net (fo=1, routed)           0.000     5.583    y[5]_i_129_n_0
    SLICE_X35Y60         CARRY4 (Prop_carry4_S[3]_O[3])
                                                      0.248     5.831 r  y_reg[5]_i_126/O[3]
                         net (fo=1, routed)           0.473     6.304    y_reg[5]_i_126_n_4
    SLICE_X36Y61         LUT2 (Prop_lut2_I1_O)        0.306     6.610 r  y[15]_i_234/O
                         net (fo=1, routed)           0.000     6.610    y[15]_i_234_n_0
    SLICE_X36Y61         CARRY4 (Prop_carry4_S[0]_O[0])
                                                      0.252     6.862 r  y_reg[15]_i_223/O[0]
                         net (fo=1, routed)           0.403     7.264    y_reg[15]_i_223_n_7
    SLICE_X39Y61         LUT2 (Prop_lut2_I1_O)        0.295     7.559 r  y[5]_i_117/O
                         net (fo=1, routed)           0.000     7.559    y[5]_i_117_n_0
    SLICE_X39Y61         CARRY4 (Prop_carry4_S[1]_O[2])
                                                      0.580     8.139 r  y_reg[5]_i_113/O[2]
                         net (fo=1, routed)           0.443     8.582    y_reg[5]_i_113_n_5
    SLICE_X37Y62         LUT2 (Prop_lut2_I1_O)        0.302     8.884 r  y[15]_i_205/O
                         net (fo=1, routed)           0.000     8.884    y[15]_i_205_n_0
    SLICE_X37Y62         CARRY4 (Prop_carry4_S[1]_O[2])
                                                      0.580     9.464 r  y_reg[15]_i_189/O[2]
                         net (fo=1, routed)           0.580    10.044    y_reg[15]_i_189_n_5
    SLICE_X37Y66         LUT2 (Prop_lut2_I1_O)        0.302    10.346 r  y[15]_i_184/O
                         net (fo=1, routed)           0.000    10.346    y[15]_i_184_n_0
    SLICE_X37Y66         CARRY4 (Prop_carry4_S[1]_O[1])
                                                      0.227    10.573 r  y_reg[15]_i_159/O[1]
                         net (fo=1, routed)           0.575    11.148    y_reg[15]_i_159_n_6
    SLICE_X38Y64         LUT2 (Prop_lut2_I1_O)        0.303    11.451 r  y[15]_i_165/O
                         net (fo=1, routed)           0.000    11.451    y[15]_i_165_n_0
    SLICE_X38Y64         CARRY4 (Prop_carry4_S[2]_O[2])
                                                      0.250    11.701 r  y_reg[15]_i_151/O[2]
                         net (fo=1, routed)           0.407    12.107    y_reg[15]_i_151_n_5
    SLICE_X39Y65         LUT2 (Prop_lut2_I1_O)        0.301    12.408 r  y[15]_i_133/O
                         net (fo=1, routed)           0.000    12.408    y[15]_i_133_n_0
    SLICE_X39Y65         CARRY4 (Prop_carry4_S[0]_O[0])
                                                      0.247    12.655 r  y_reg[15]_i_110/O[0]
                         net (fo=1, routed)           0.430    13.086    y_reg[15]_i_110_n_7
    SLICE_X40Y65         LUT2 (Prop_lut2_I1_O)        0.299    13.385 r  y[15]_i_120/O
                         net (fo=1, routed)           0.000    13.385    y[15]_i_120_n_0
    SLICE_X40Y65         CARRY4 (Prop_carry4_S[2]_O[2])
                                                      0.248    13.633 r  y_reg[15]_i_104/O[2]
                         net (fo=1, routed)           0.438    14.070    y_reg[15]_i_104_n_5
    SLICE_X41Y67         LUT2 (Prop_lut2_I1_O)        0.302    14.372 r  y[15]_i_99/O
                         net (fo=1, routed)           0.000    14.372    y[15]_i_99_n_0
    SLICE_X41Y67         CARRY4 (Prop_carry4_S[1]_O[1])
                                                      0.227    14.599 r  y_reg[15]_i_82/O[1]
                         net (fo=1, routed)           0.415    15.015    y_reg[15]_i_82_n_6
    SLICE_X43Y66         LUT2 (Prop_lut2_I1_O)        0.303    15.318 r  y[15]_i_89/O
                         net (fo=1, routed)           0.000    15.318    y[15]_i_89_n_0
    SLICE_X43Y66         CARRY4 (Prop_carry4_S[2]_O[2])
                                                      0.248    15.566 r  y_reg[15]_i_70/O[2]
                         net (fo=1, routed)           0.421    15.986    y_reg[15]_i_70_n_5
    SLICE_X42Y67         LUT2 (Prop_lut2_I1_O)        0.302    16.288 r  y[15]_i_67/O
                         net (fo=1, routed)           0.000    16.288    y[15]_i_67_n_0
    SLICE_X42Y67         CARRY4 (Prop_carry4_S[0]_O[0])
                                                      0.252    16.540 r  y_reg[15]_i_48/O[0]
                         net (fo=1, routed)           0.641    17.181    y_reg[15]_i_48_n_7
    SLICE_X42Y63         LUT2 (Prop_lut2_I1_O)        0.295    17.476 r  y[15]_i_58/O
                         net (fo=1, routed)           0.000    17.476    y[15]_i_58_n_0
    SLICE_X42Y63         CARRY4 (Prop_carry4_S[2]_O[2])
                                                      0.250    17.726 r  y_reg[15]_i_43/O[2]
                         net (fo=1, routed)           0.403    18.128    y_reg[15]_i_43_n_5
    SLICE_X41Y63         LUT2 (Prop_lut2_I1_O)        0.301    18.429 r  y[15]_i_39/O
                         net (fo=1, routed)           0.000    18.429    y[15]_i_39_n_0
    SLICE_X41Y63         CARRY4 (Prop_carry4_S[1]_O[1])
                                                      0.227    18.656 r  y_reg[15]_i_23/O[1]
                         net (fo=1, routed)           0.556    19.212    y_reg[15]_i_23_n_6
    SLICE_X43Y61         LUT2 (Prop_lut2_I1_O)        0.303    19.515 r  y[15]_i_29/O
                         net (fo=1, routed)           0.000    19.515    y[15]_i_29_n_0
    SLICE_X43Y61         CARRY4 (Prop_carry4_S[2]_O[2])
                                                      0.248    19.763 r  y_reg[15]_i_16/O[2]
                         net (fo=1, routed)           0.585    20.348    y_reg[15]_i_16_n_5
    SLICE_X44Y64         LUT2 (Prop_lut2_I1_O)        0.302    20.650 r  y[15]_i_14/O
                         net (fo=1, routed)           0.000    20.650    y[15]_i_14_n_0
    SLICE_X44Y64         CARRY4 (Prop_carry4_S[1]_O[2])
                                                      0.580    21.230 r  y_reg[15]_i_7/O[2]
                         net (fo=1, routed)           0.407    21.637    y_reg[15]_i_7_n_5
    SLICE_X45Y64         LUT2 (Prop_lut2_I1_O)        0.302    21.939 r  y[13]_i_9/O
                         net (fo=1, routed)           0.000    21.939    y[13]_i_9_n_0
    SLICE_X45Y64         CARRY4 (Prop_carry4_S[3]_O[3])
                                                      0.248    22.187 r  y_reg[13]_i_4/O[3]
                         net (fo=1, routed)           0.465    22.651    C[9]
    SLICE_X46Y64         LUT2 (Prop_lut2_I1_O)        0.306    22.957 r  y[9]_i_2/O
                         net (fo=1, routed)           0.000    22.957    y[9]_i_2_n_0
    SLICE_X46Y64         CARRY4 (Prop_carry4_S[3]_O[3])
                                                      0.255    23.212 r  y_reg[9]_i_1/O[3]
                         net (fo=1, routed)           0.000    23.212    acc[9]
    SLICE_X46Y64         FDRE                                         r  y_reg[9]/D
  -------------------------------------------------------------------    -------------------

                         (clock vclk rise edge)      18.328    18.328 r  <hidden>
                                                      0.000    18.328 r  clk
                         net (fo=173, unset)          0.924    19.252    clk
    SLICE_X46Y64         FDRE                                         r  y_reg[9]/C
                         clock pessimism              0.000    19.252    <hidden>
                         clock uncertainty           -0.035    19.217    <hidden>
    SLICE_X46Y64         FDRE (Setup_fdre_C_D)        0.109    19.326    y_reg[9]
  -------------------------------------------------------------------
                         required time                         19.326    <hidden>
                         arrival time                         -23.212    <hidden>
  -------------------------------------------------------------------
                         slack                                 -3.886    <hidden>

Slack (VIOLATED) :        -3.288ns  (required time - arrival time)
  Source:                 d19_reg[1]/C
                            (rising edge-triggered cell FDRE clocked by vclk  {rise@0.000ns fall@9.164ns period=18.328ns})
  Destination:            y_reg[8]/D
                            (rising edge-triggered cell FDRE clocked by vclk  {rise@0.000ns fall@9.164ns period=18.328ns})
  Path Group:             vclk
  Path Type:              Setup (Max at Slow Process Corner)
  Requirement:            18.328ns  (vclk rise@18.328ns - vclk rise@0.000ns)
  Data Path Delay:        21.641ns  (logic 12.236ns (56.540%)  route 9.405ns (43.460%))
  Logic Levels:           40  (CARRY4=21 LUT2=19)
  Clock Path Skew:        -0.049ns (DCD - SCD + CPR)
    Destination Clock Delay (DCD):    0.924ns = ( 19.252 - 18.328 ) 
    Source Clock Delay      (SCD):    0.973ns
    Clock Pessimism Removal (CPR):    0.000ns
  Clock Uncertainty:      0.035ns  ((TSJ^2 + TIJ^2)^1/2 + DJ) / 2 + PE
    Total System Jitter     (TSJ):    0.071ns
    Total Input Jitter      (TIJ):    0.000ns
    Discrete Jitter          (DJ):    0.000ns
    Phase Error              (PE):    0.000ns

    Location             Delay type                Incr(ns)  Path(ns)    Netlist Resource(s)
  -------------------------------------------------------------------    -------------------
                         (clock vclk rise edge)       0.000     0.000 r  <hidden>
                                                      0.000     0.000 r  clk
                         net (fo=173, unset)          0.973     0.973    clk
    SLICE_X34Y64         FDRE                                         r  d19_reg[1]/C
  -------------------------------------------------------------------    -------------------
    SLICE_X34Y64         FDRE (Prop_fdre_C_Q)         0.518     1.491 r  d19_reg[1]/Q
                         net (fo=3, routed)           0.440     1.931    d19[1]
    SLICE_X34Y65         CARRY4 (Prop_carry4_S[0]_O[0])
                                                      0.376     2.307 r  y_reg[5]_i_145/O[0]
                         net (fo=2, routed)           0.592     2.899    acc0[5]
    SLICE_X35Y64         LUT2 (Prop_lut2_I0_O)        0.295     3.194 r  y[5]_i_147/O
                         net (fo=1, routed)           0.000     3.194    y[5]_i_147_n_0
    SLICE_X35Y64         CARRY4 (Prop_carry4_S[2]_O[2])
                                                      0.248     3.442 r  y_reg[5]_i_144/O[2]
                         net (fo=1, routed)           0.461     3.902    y_reg[5]_i_144_n_5
    SLICE_X34Y61         LUT2 (Prop_lut2_I1_O)        0.302     4.204 r  y[5]_i_134/O
                         net (fo=1, routed)           0.000     4.204    y[5]_i_134_n_0
    SLICE_X34Y61         CARRY4 (Prop_carry4_S[3]_CO[3])
                                                      0.376     4.580 r  y_reg[5]_i_127/CO[3]
                         net (fo=1, routed)           0.000     4.580    y_reg[5]_i_127_n_0
    SLICE_X34Y62         CARRY4 (Prop_carry4_CI_O[0])
                                                      0.219     4.799 r  y_reg[15]_i_253/O[0]
                         net (fo=1, routed)           0.488     5.288    y_reg[15]_i_253_n_7
    SLICE_X35Y60         LUT2 (Prop_lut2_I1_O)        0.295     5.583 r  y[5]_i_129/O
                         net (fo=1, routed)           0.000     5.583    y[5]_i_129_n_0
    SLICE_X35Y60         CARRY4 (Prop_carry4_S[3]_O[3])
                                                      0.248     5.831 r  y_reg[5]_i_126/O[3]
                         net (fo=1, routed)           0.473     6.304    y_reg[5]_i_126_n_4
    SLICE_X36Y61         LUT2 (Prop_lut2_I1_O)        0.306     6.610 r  y[15]_i_234/O
                         net (fo=1, routed)           0.000     6.610    y[15]_i_234_n_0
    SLICE_X36Y61         CARRY4 (Prop_carry4_S[0]_O[0])
                                                      0.252     6.862 r  y_reg[15]_i_223/O[0]
                         net (fo=1, routed)           0.403     7.264    y_reg[15]_i_223_n_7
    SLICE_X39Y61         LUT2 (Prop_lut2_I1_O)        0.295     7.559 r  y[5]_i_117/O
                         net (fo=1, routed)           0.000     7.559    y[5]_i_117_n_0
    SLICE_X39Y61         CARRY4 (Prop_carry4_S[1]_O[2])
                                                      0.580     8.139 r  y_reg[5]_i_113/O[2]
                         net (fo=1, routed)           0.443     8.582    y_reg[5]_i_113_n_5
    SLICE_X37Y62         LUT2 (Prop_lut2_I1_O)        0.302     8.884 r  y[15]_i_205/O
                         net (fo=1, routed)           0.000     8.884    y[15]_i_205_n_0
    SLICE_X37Y62         CARRY4 (Prop_carry4_S[1]_O[1])
                                                      0.227     9.111 r  y_reg[15]_i_189/O[1]
                         net (fo=1, routed)           0.583     9.694    y_reg[15]_i_189_n_6
    SLICE_X37Y66         LUT2 (Prop_lut2_I1_O)        0.303     9.997 r  y[15]_i_185/O
                         net (fo=1, routed)           0.000     9.997    y[15]_i_185_n_0
    SLICE_X37Y66         CARRY4 (Prop_carry4_S[0]_O[0])
                                                      0.247    10.244 r  y_reg[15]_i_159/O[0]
                         net (fo=1, routed)           0.444    10.688    y_reg[15]_i_159_n_7
    SLICE_X38Y64         LUT2 (Prop_lut2_I1_O)        0.299    10.987 r  y[15]_i_166/O
                         net (fo=1, routed)           0.000    10.987    y[15]_i_166_n_0
    SLICE_X38Y64         CARRY4 (Prop_carry4_S[1]_O[1])
                                                      0.230    11.217 r  y_reg[15]_i_151/O[1]
                         net (fo=1, routed)           0.300    11.517    y_reg[15]_i_151_n_6
    SLICE_X39Y64         LUT2 (Prop_lut2_I1_O)        0.306    11.823 r  y[5]_i_76/O
                         net (fo=1, routed)           0.000    11.823    y[5]_i_76_n_0
    SLICE_X39Y64         CARRY4 (Prop_carry4_S[3]_O[3])
                                                      0.248    12.071 r  y_reg[5]_i_73/O[3]
                         net (fo=1, routed)           0.450    12.521    y_reg[5]_i_73_n_4
    SLICE_X40Y65         LUT2 (Prop_lut2_I1_O)        0.306    12.827 r  y[15]_i_121/O
                         net (fo=1, routed)           0.000    12.827    y[15]_i_121_n_0
    SLICE_X40Y65         CARRY4 (Prop_carry4_S[1]_O[1])
                                                      0.227    13.054 r  y_reg[15]_i_104/O[1]
                         net (fo=1, routed)           0.444    13.498    y_reg[15]_i_104_n_6
    SLICE_X41Y67         LUT2 (Prop_lut2_I1_O)        0.303    13.801 r  y[15]_i_100/O
                         net (fo=1, routed)           0.000    13.801    y[15]_i_100_n_0
    SLICE_X41Y67         CARRY4 (Prop_carry4_S[0]_O[0])
                                                      0.247    14.048 r  y_reg[15]_i_82/O[0]
                         net (fo=1, routed)           0.303    14.351    y_reg[15]_i_82_n_7
    SLICE_X43Y66         LUT2 (Prop_lut2_I1_O)        0.299    14.650 r  y[15]_i_90/O
                         net (fo=1, routed)           0.000    14.650    y[15]_i_90_n_0
    SLICE_X43Y66         CARRY4 (Prop_carry4_S[1]_O[1])
                                                      0.227    14.877 r  y_reg[15]_i_70/O[1]
                         net (fo=1, routed)           0.530    15.407    y_reg[15]_i_70_n_6
    SLICE_X42Y66         LUT2 (Prop_lut2_I1_O)        0.303    15.710 r  y[5]_i_47/O
                         net (fo=1, routed)           0.000    15.710    y[5]_i_47_n_0
    SLICE_X42Y66         CARRY4 (Prop_carry4_S[3]_O[3])
                                                      0.255    15.965 r  y_reg[5]_i_45/O[3]
                         net (fo=1, routed)           0.451    16.416    y_reg[5]_i_45_n_4
    SLICE_X42Y63         LUT2 (Prop_lut2_I1_O)        0.307    16.723 r  y[15]_i_59/O
                         net (fo=1, routed)           0.000    16.723    y[15]_i_59_n_0
    SLICE_X42Y63         CARRY4 (Prop_carry4_S[1]_O[1])
                                                      0.230    16.953 r  y_reg[15]_i_43/O[1]
                         net (fo=1, routed)           0.541    17.494    y_reg[15]_i_43_n_6
    SLICE_X41Y63         LUT2 (Prop_lut2_I1_O)        0.306    17.800 r  y[15]_i_40/O
                         net (fo=1, routed)           0.000    17.800    y[15]_i_40_n_0
    SLICE_X41Y63         CARRY4 (Prop_carry4_S[0]_O[0])
                                                      0.247    18.047 r  y_reg[15]_i_23/O[0]
                         net (fo=1, routed)           0.684    18.730    y_reg[15]_i_23_n_7
    SLICE_X43Y61         LUT2 (Prop_lut2_I1_O)        0.299    19.029 r  y[15]_i_30/O
                         net (fo=1, routed)           0.000    19.029    y[15]_i_30_n_0
    SLICE_X43Y61         CARRY4 (Prop_carry4_S[1]_O[1])
                                                      0.227    19.256 r  y_reg[15]_i_16/O[1]
                         net (fo=1, routed)           0.594    19.851    y_reg[15]_i_16_n_6
    SLICE_X44Y64         LUT2 (Prop_lut2_I1_O)        0.303    20.154 r  y[15]_i_15/O
                         net (fo=1, routed)           0.000    20.154    y[15]_i_15_n_0
    SLICE_X44Y64         CARRY4 (Prop_carry4_S[0]_O[0])
                                                      0.247    20.401 r  y_reg[15]_i_7/O[0]
                         net (fo=1, routed)           0.484    20.885    y_reg[15]_i_7_n_7
    SLICE_X45Y64         LUT2 (Prop_lut2_I1_O)        0.299    21.184 r  y[13]_i_11/O
                         net (fo=1, routed)           0.000    21.184    y[13]_i_11_n_0
    SLICE_X45Y64         CARRY4 (Prop_carry4_S[1]_O[2])
                                                      0.580    21.764 r  y_reg[13]_i_4/O[2]
                         net (fo=1, routed)           0.299    22.062    C[8]
    SLICE_X46Y64         LUT2 (Prop_lut2_I1_O)        0.302    22.364 r  y[9]_i_3/O
                         net (fo=1, routed)           0.000    22.364    y[9]_i_3_n_0
    SLICE_X46Y64         CARRY4 (Prop_carry4_S[2]_O[2])
                                                      0.250    22.614 r  y_reg[9]_i_1/O[2]
                         net (fo=1, routed)           0.000    22.614    acc[8]
    SLICE_X46Y64         FDRE                                         r  y_reg[8]/D
  -------------------------------------------------------------------    -------------------

                         (clock vclk rise edge)      18.328    18.328 r  <hidden>
                                                      0.000    18.328 r  clk
                         net (fo=173, unset)          0.924    19.252    clk
    SLICE_X46Y64         FDRE                                         r  y_reg[8]/C
                         clock pessimism              0.000    19.252    <hidden>
                         clock uncertainty           -0.035    19.217    <hidden>
    SLICE_X46Y64         FDRE (Setup_fdre_C_D)        0.109    19.326    y_reg[8]
  -------------------------------------------------------------------
                         required time                         19.326    <hidden>
                         arrival time                         -22.614    <hidden>
  -------------------------------------------------------------------
                         slack                                 -3.288    <hidden>

Slack (VIOLATED) :        -2.917ns  (required time - arrival time)
  Source:                 d19_reg[1]/C
                            (rising edge-triggered cell FDRE clocked by vclk  {rise@0.000ns fall@9.164ns period=18.328ns})
  Destination:            y_reg[7]/D
                            (rising edge-triggered cell FDRE clocked by vclk  {rise@0.000ns fall@9.164ns period=18.328ns})
  Path Group:             vclk
  Path Type:              Setup (Max at Slow Process Corner)
  Requirement:            18.328ns  (vclk rise@18.328ns - vclk rise@0.000ns)
  Data Path Delay:        21.270ns  (logic 11.864ns (55.779%)  route 9.406ns (44.221%))
  Logic Levels:           40  (CARRY4=21 LUT2=19)
  Clock Path Skew:        -0.049ns (DCD - SCD + CPR)
    Destination Clock Delay (DCD):    0.924ns = ( 19.252 - 18.328 ) 
    Source Clock Delay      (SCD):    0.973ns
    Clock Pessimism Removal (CPR):    0.000ns
  Clock Uncertainty:      0.035ns  ((TSJ^2 + TIJ^2)^1/2 + DJ) / 2 + PE
    Total System Jitter     (TSJ):    0.071ns
    Total Input Jitter      (TIJ):    0.000ns
    Discrete Jitter          (DJ):    0.000ns
    Phase Error              (PE):    0.000ns

    Location             Delay type                Incr(ns)  Path(ns)    Netlist Resource(s)
  -------------------------------------------------------------------    -------------------
                         (clock vclk rise edge)       0.000     0.000 r  <hidden>
                                                      0.000     0.000 r  clk
                         net (fo=173, unset)          0.973     0.973    clk
    SLICE_X34Y64         FDRE                                         r  d19_reg[1]/C
  -------------------------------------------------------------------    -------------------
    SLICE_X34Y64         FDRE (Prop_fdre_C_Q)         0.518     1.491 r  d19_reg[1]/Q
                         net (fo=3, routed)           0.440     1.931    d19[1]
    SLICE_X34Y65         CARRY4 (Prop_carry4_S[0]_O[0])
                                                      0.376     2.307 r  y_reg[5]_i_145/O[0]
                         net (fo=2, routed)           0.592     2.899    acc0[5]
    SLICE_X35Y64         LUT2 (Prop_lut2_I0_O)        0.295     3.194 r  y[5]_i_147/O
                         net (fo=1, routed)           0.000     3.194    y[5]_i_147_n_0
    SLICE_X35Y64         CARRY4 (Prop_carry4_S[2]_O[2])
                                                      0.248     3.442 r  y_reg[5]_i_144/O[2]
                         net (fo=1, routed)           0.461     3.902    y_reg[5]_i_144_n_5
    SLICE_X34Y61         LUT2 (Prop_lut2_I1_O)        0.302     4.204 r  y[5]_i_134/O
                         net (fo=1, routed)           0.000     4.204    y[5]_i_134_n_0
    SLICE_X34Y61         CARRY4 (Prop_carry4_S[3]_CO[3])
                                                      0.376     4.580 r  y_reg[5]_i_127/CO[3]
                         net (fo=1, routed)           0.000     4.580    y_reg[5]_i_127_n_0
    SLICE_X34Y62         CARRY4 (Prop_carry4_CI_O[0])
                                                      0.219     4.799 r  y_reg[15]_i_253/O[0]
                         net (fo=1, routed)           0.488     5.288    y_reg[15]_i_253_n_7
    SLICE_X35Y60         LUT2 (Prop_lut2_I1_O)        0.295     5.583 r  y[5]_i_129/O
                         net (fo=1, routed)           0.000     5.583    y[5]_i_129_n_0
    SLICE_X35Y60         CARRY4 (Prop_carry4_S[3]_O[3])
                                                      0.248     5.831 r  y_reg[5]_i_126/O[3]
                         net (fo=1, routed)           0.473     6.304    y_reg[5]_i_126_n_4
    SLICE_X36Y61         LUT2 (Prop_lut2_I1_O)        0.306     6.610 r  y[15]_i_234/O
                         net (fo=1, routed)           0.000     6.610    y[15]_i_234_n_0
    SLICE_X36Y61         CARRY4 (Prop_carry4_S[0]_O[0])
                                                      0.252     6.862 r  y_reg[15]_i_223/O[0]
                         net (fo=1, routed)           0.403     7.264    y_reg[15]_i_223_n_7
    SLICE_X39Y61         LUT2 (Prop_lut2_I1_O)        0.295     7.559 r  y[5]_i_117/O
                         net (fo=1, routed)           0.000     7.559    y[5]_i_117_n_0
    SLICE_X39Y61         CARRY4 (Prop_carry4_S[1]_O[2])
                                                      0.580     8.139 r  y_reg[5]_i_113/O[2]
                         net (fo=1, routed)           0.443     8.582    y_reg[5]_i_113_n_5
    SLICE_X37Y62         LUT2 (Prop_lut2_I1_O)        0.302     8.884 r  y[15]_i_205/O
                         net (fo=1, routed)           0.000     8.884    y[15]_i_205_n_0
    SLICE_X37Y62         CARRY4 (Prop_carry4_S[1]_O[1])
                                                      0.227     9.111 r  y_reg[15]_i_189/O[1]
                         net (fo=1, routed)           0.583     9.694    y_reg[15]_i_189_n_6
    SLICE_X37Y66         LUT2 (Prop_lut2_I1_O)        0.303     9.997 r  y[15]_i_185/O
                         net (fo=1, routed)           0.000     9.997    y[15]_i_185_n_0
    SLICE_X37Y66         CARRY4 (Prop_carry4_S[0]_O[0])
                                                      0.247    10.244 r  y_reg[15]_i_159/O[0]
                         net (fo=1, routed)           0.444    10.688    y_reg[15]_i_159_n_7
    SLICE_X38Y64         LUT2 (Prop_lut2_I1_O)        0.299    10.987 r  y[15]_i_166/O
                         net (fo=1, routed)           0.000    10.987    y[15]_i_166_n_0
    SLICE_X38Y64         CARRY4 (Prop_carry4_S[1]_O[1])
                                                      0.230    11.217 r  y_reg[15]_i_151/O[1]
                         net (fo=1, routed)           0.300    11.517    y_reg[15]_i_151_n_6
    SLICE_X39Y64         LUT2 (Prop_lut2_I1_O)        0.306    11.823 r  y[5]_i_76/O
                         net (fo=1, routed)           0.000    11.823    y[5]_i_76_n_0
    SLICE_X39Y64         CARRY4 (Prop_carry4_S[3]_O[3])
                                                      0.248    12.071 r  y_reg[5]_i_73/O[3]
                         net (fo=1, routed)           0.450    12.521    y_reg[5]_i_73_n_4
    SLICE_X40Y65         LUT2 (Prop_lut2_I1_O)        0.306    12.827 r  y[15]_i_121/O
                         net (fo=1, routed)           0.000    12.827    y[15]_i_121_n_0
    SLICE_X40Y65         CARRY4 (Prop_carry4_S[1]_O[1])
                                                      0.227    13.054 r  y_reg[15]_i_104/O[1]
                         net (fo=1, routed)           0.444    13.498    y_reg[15]_i_104_n_6
    SLICE_X41Y67         LUT2 (Prop_lut2_I1_O)        0.303    13.801 r  y[15]_i_100/O
                         net (fo=1, routed)           0.000    13.801    y[15]_i_100_n_0
    SLICE_X41Y67         CARRY4 (Prop_carry4_S[0]_O[0])
                                                      0.247    14.048 r  y_reg[15]_i_82/O[0]
                         net (fo=1, routed)           0.303    14.351    y_reg[15]_i_82_n_7
    SLICE_X43Y66         LUT2 (Prop_lut2_I1_O)        0.299    14.650 r  y[15]_i_90/O
                         net (fo=1, routed)           0.000    14.650    y[15]_i_90_n_0
    SLICE_X43Y66         CARRY4 (Prop_carry4_S[1]_O[1])
                                                      0.227    14.877 r  y_reg[15]_i_70/O[1]
                         net (fo=1, routed)           0.530    15.407    y_reg[15]_i_70_n_6
    SLICE_X42Y66         LUT2 (Prop_lut2_I1_O)        0.303    15.710 r  y[5]_i_47/O
                         net (fo=1, routed)           0.000    15.710    y[5]_i_47_n_0
    SLICE_X42Y66         CARRY4 (Prop_carry4_S[3]_O[3])
                                                      0.255    15.965 r  y_reg[5]_i_45/O[3]
                         net (fo=1, routed)           0.451    16.416    y_reg[5]_i_45_n_4
    SLICE_X42Y63         LUT2 (Prop_lut2_I1_O)        0.307    16.723 r  y[15]_i_59/O
                         net (fo=1, routed)           0.000    16.723    y[15]_i_59_n_0
    SLICE_X42Y63         CARRY4 (Prop_carry4_S[1]_O[1])
                                                      0.230    16.953 r  y_reg[15]_i_43/O[1]
                         net (fo=1, routed)           0.541    17.494    y_reg[15]_i_43_n_6
    SLICE_X41Y63         LUT2 (Prop_lut2_I1_O)        0.306    17.800 r  y[15]_i_40/O
                         net (fo=1, routed)           0.000    17.800    y[15]_i_40_n_0
    SLICE_X41Y63         CARRY4 (Prop_carry4_S[0]_O[0])
                                                      0.247    18.047 r  y_reg[15]_i_23/O[0]
                         net (fo=1, routed)           0.684    18.730    y_reg[15]_i_23_n_7
    SLICE_X43Y61         LUT2 (Prop_lut2_I1_O)        0.299    19.029 r  y[15]_i_30/O
                         net (fo=1, routed)           0.000    19.029    y[15]_i_30_n_0
    SLICE_X43Y61         CARRY4 (Prop_carry4_S[1]_O[1])
                                                      0.227    19.256 r  y_reg[15]_i_16/O[1]
                         net (fo=1, routed)           0.594    19.851    y_reg[15]_i_16_n_6
    SLICE_X44Y64         LUT2 (Prop_lut2_I1_O)        0.303    20.154 r  y[15]_i_15/O
                         net (fo=1, routed)           0.000    20.154    y[15]_i_15_n_0
    SLICE_X44Y64         CARRY4 (Prop_carry4_S[0]_O[0])
                                                      0.247    20.401 r  y_reg[15]_i_7/O[0]
                         net (fo=1, routed)           0.484    20.885    y_reg[15]_i_7_n_7
    SLICE_X45Y64         LUT2 (Prop_lut2_I1_O)        0.299    21.184 r  y[13]_i_11/O
                         net (fo=1, routed)           0.000    21.184    y[13]_i_11_n_0
    SLICE_X45Y64         CARRY4 (Prop_carry4_S[1]_O[1])
                                                      0.227    21.411 r  y_reg[13]_i_4/O[1]
                         net (fo=1, routed)           0.299    21.710    C[7]
    SLICE_X46Y64         LUT2 (Prop_lut2_I1_O)        0.303    22.013 r  y[9]_i_4/O
                         net (fo=1, routed)           0.000    22.013    y[9]_i_4_n_0
    SLICE_X46Y64         CARRY4 (Prop_carry4_S[1]_O[1])
                                                      0.230    22.243 r  y_reg[9]_i_1/O[1]
                         net (fo=1, routed)           0.000    22.243    acc[7]
    SLICE_X46Y64         FDRE                                         r  y_reg[7]/D
  -------------------------------------------------------------------    -------------------

                         (clock vclk rise edge)      18.328    18.328 r  <hidden>
                                                      0.000    18.328 r  clk
                         net (fo=173, unset)          0.924    19.252    clk
    SLICE_X46Y64         FDRE                                         r  y_reg[7]/C
                         clock pessimism              0.000    19.252    <hidden>
                         clock uncertainty           -0.035    19.217    <hidden>
    SLICE_X46Y64         FDRE (Setup_fdre_C_D)        0.109    19.326    y_reg[7]
  -------------------------------------------------------------------
                         required time                         19.326    <hidden>
                         arrival time                         -22.243    <hidden>
  -------------------------------------------------------------------
                         slack                                 -2.917    <hidden>

Slack (VIOLATED) :        -2.411ns  (required time - arrival time)
  Source:                 d19_reg[1]/C
                            (rising edge-triggered cell FDRE clocked by vclk  {rise@0.000ns fall@9.164ns period=18.328ns})
  Destination:            y_reg[6]/D
                            (rising edge-triggered cell FDRE clocked by vclk  {rise@0.000ns fall@9.164ns period=18.328ns})
  Path Group:             vclk
  Path Type:              Setup (Max at Slow Process Corner)
  Requirement:            18.328ns  (vclk rise@18.328ns - vclk rise@0.000ns)
  Data Path Delay:        20.764ns  (logic 11.739ns (56.535%)  route 9.025ns (43.465%))
  Logic Levels:           39  (CARRY4=21 LUT2=18)
  Clock Path Skew:        -0.049ns (DCD - SCD + CPR)
    Destination Clock Delay (DCD):    0.924ns = ( 19.252 - 18.328 ) 
    Source Clock Delay      (SCD):    0.973ns
    Clock Pessimism Removal (CPR):    0.000ns
  Clock Uncertainty:      0.035ns  ((TSJ^2 + TIJ^2)^1/2 + DJ) / 2 + PE
    Total System Jitter     (TSJ):    0.071ns
    Total Input Jitter      (TIJ):    0.000ns
    Discrete Jitter          (DJ):    0.000ns
    Phase Error              (PE):    0.000ns

    Location             Delay type                Incr(ns)  Path(ns)    Netlist Resource(s)
  -------------------------------------------------------------------    -------------------
                         (clock vclk rise edge)       0.000     0.000 r  <hidden>
                                                      0.000     0.000 r  clk
                         net (fo=173, unset)          0.973     0.973    clk
    SLICE_X34Y64         FDRE                                         r  d19_reg[1]/C
  -------------------------------------------------------------------    -------------------
    SLICE_X34Y64         FDRE (Prop_fdre_C_Q)         0.518     1.491 r  d19_reg[1]/Q
                         net (fo=3, routed)           0.440     1.931    d19[1]
    SLICE_X34Y65         CARRY4 (Prop_carry4_S[0]_O[0])
                                                      0.376     2.307 r  y_reg[5]_i_145/O[0]
                         net (fo=2, routed)           0.592     2.899    acc0[5]
    SLICE_X35Y64         LUT2 (Prop_lut2_I0_O)        0.295     3.194 r  y[5]_i_147/O
                         net (fo=1, routed)           0.000     3.194    y[5]_i_147_n_0
    SLICE_X35Y64         CARRY4 (Prop_carry4_S[2]_O[2])
                                                      0.248     3.442 r  y_reg[5]_i_144/O[2]
                         net (fo=1, routed)           0.461     3.902    y_reg[5]_i_144_n_5
    SLICE_X34Y61         LUT2 (Prop_lut2_I1_O)        0.302     4.204 r  y[5]_i_134/O
                         net (fo=1, routed)           0.000     4.204    y[5]_i_134_n_0
    SLICE_X34Y61         CARRY4 (Prop_carry4_S[3]_O[3])
                                                      0.255     4.459 r  y_reg[5]_i_127/O[3]
                         net (fo=1, routed)           0.294     4.753    y_reg[5]_i_127_n_4
    SLICE_X35Y60         LUT2 (Prop_lut2_I1_O)        0.307     5.060 r  y[5]_i_130/O
                         net (fo=1, routed)           0.000     5.060    y[5]_i_130_n_0
    SLICE_X35Y60         CARRY4 (Prop_carry4_S[2]_O[2])
                                                      0.248     5.308 r  y_reg[5]_i_126/O[2]
                         net (fo=1, routed)           0.604     5.912    y_reg[5]_i_126_n_5
    SLICE_X36Y60         LUT2 (Prop_lut2_I1_O)        0.302     6.214 r  y[5]_i_119/O
                         net (fo=1, routed)           0.000     6.214    y[5]_i_119_n_0
    SLICE_X36Y60         CARRY4 (Prop_carry4_S[3]_O[3])
                                                      0.255     6.469 r  y_reg[5]_i_114/O[3]
                         net (fo=1, routed)           0.431     6.900    y_reg[5]_i_114_n_4
    SLICE_X39Y61         CARRY4 (Prop_carry4_S[0]_O[0])
                                                      0.554     7.454 r  y_reg[5]_i_113/O[0]
                         net (fo=1, routed)           0.399     7.853    y_reg[5]_i_113_n_7
    SLICE_X37Y61         LUT2 (Prop_lut2_I1_O)        0.299     8.152 r  y[5]_i_103/O
                         net (fo=1, routed)           0.000     8.152    y[5]_i_103_n_0
    SLICE_X37Y61         CARRY4 (Prop_carry4_S[3]_O[3])
                                                      0.248     8.400 r  y_reg[5]_i_96/O[3]
                         net (fo=1, routed)           0.437     8.837    y_reg[5]_i_96_n_4
    SLICE_X37Y65         LUT2 (Prop_lut2_I1_O)        0.306     9.143 r  y[5]_i_99/O
                         net (fo=1, routed)           0.000     9.143    y[5]_i_99_n_0
    SLICE_X37Y65         CARRY4 (Prop_carry4_S[2]_O[2])
                                                      0.248     9.391 r  y_reg[5]_i_95/O[2]
                         net (fo=1, routed)           0.465     9.855    y_reg[5]_i_95_n_5
    SLICE_X38Y63         LUT2 (Prop_lut2_I1_O)        0.302    10.157 r  y[5]_i_81/O
                         net (fo=1, routed)           0.000    10.157    y[5]_i_81_n_0
    SLICE_X38Y63         CARRY4 (Prop_carry4_S[3]_O[3])
                                                      0.255    10.412 r  y_reg[5]_i_74/O[3]
                         net (fo=1, routed)           0.436    10.848    y_reg[5]_i_74_n_4
    SLICE_X39Y64         LUT2 (Prop_lut2_I1_O)        0.307    11.155 r  y[5]_i_78/O
                         net (fo=1, routed)           0.000    11.155    y[5]_i_78_n_0
    SLICE_X39Y64         CARRY4 (Prop_carry4_S[1]_O[1])
                                                      0.227    11.382 r  y_reg[5]_i_73/O[1]
                         net (fo=1, routed)           0.310    11.692    y_reg[5]_i_73_n_6
    SLICE_X40Y64         LUT2 (Prop_lut2_I1_O)        0.303    11.995 r  y[5]_i_65/O
                         net (fo=1, routed)           0.000    11.995    y[5]_i_65_n_0
    SLICE_X40Y64         CARRY4 (Prop_carry4_S[3]_O[3])
                                                      0.248    12.243 r  y_reg[5]_i_59/O[3]
                         net (fo=1, routed)           0.297    12.541    y_reg[5]_i_59_n_4
    SLICE_X41Y66         LUT2 (Prop_lut2_I1_O)        0.306    12.847 r  y[5]_i_61/O
                         net (fo=1, routed)           0.000    12.847    y[5]_i_61_n_0
    SLICE_X41Y66         CARRY4 (Prop_carry4_S[2]_O[2])
                                                      0.248    13.095 r  y_reg[5]_i_58/O[2]
                         net (fo=1, routed)           0.399    13.493    y_reg[5]_i_58_n_5
    SLICE_X43Y65         LUT2 (Prop_lut2_I1_O)        0.302    13.795 r  y[5]_i_51/O
                         net (fo=1, routed)           0.000    13.795    y[5]_i_51_n_0
    SLICE_X43Y65         CARRY4 (Prop_carry4_S[3]_O[3])
                                                      0.248    14.043 r  y_reg[5]_i_46/O[3]
                         net (fo=1, routed)           0.430    14.473    y_reg[5]_i_46_n_4
    SLICE_X42Y66         LUT2 (Prop_lut2_I1_O)        0.306    14.779 r  y[5]_i_49/O
                         net (fo=1, routed)           0.000    14.779    y[5]_i_49_n_0
    SLICE_X42Y66         CARRY4 (Prop_carry4_S[1]_O[1])
                                                      0.230    15.009 r  y_reg[5]_i_45/O[1]
                         net (fo=1, routed)           0.573    15.581    y_reg[5]_i_45_n_6
    SLICE_X42Y62         LUT2 (Prop_lut2_I1_O)        0.306    15.887 r  y[5]_i_35/O
                         net (fo=1, routed)           0.000    15.887    y[5]_i_35_n_0
    SLICE_X42Y62         CARRY4 (Prop_carry4_S[3]_O[3])
                                                      0.255    16.142 r  y_reg[5]_i_28/O[3]
                         net (fo=1, routed)           0.567    16.709    y_reg[5]_i_28_n_4
    SLICE_X41Y62         LUT2 (Prop_lut2_I1_O)        0.307    17.016 r  y[5]_i_31/O
                         net (fo=1, routed)           0.000    17.016    y[5]_i_31_n_0
    SLICE_X41Y62         CARRY4 (Prop_carry4_S[2]_O[2])
                                                      0.248    17.264 r  y_reg[5]_i_27/O[2]
                         net (fo=1, routed)           0.436    17.700    y_reg[5]_i_27_n_5
    SLICE_X43Y60         LUT2 (Prop_lut2_I1_O)        0.302    18.002 r  y[5]_i_20/O
                         net (fo=1, routed)           0.000    18.002    y[5]_i_20_n_0
    SLICE_X43Y60         CARRY4 (Prop_carry4_S[3]_O[3])
                                                      0.248    18.250 r  y_reg[5]_i_15/O[3]
                         net (fo=1, routed)           0.593    18.842    y_reg[5]_i_15_n_4
    SLICE_X44Y63         LUT2 (Prop_lut2_I1_O)        0.306    19.148 r  y[5]_i_17/O
                         net (fo=1, routed)           0.000    19.148    y[5]_i_17_n_0
    SLICE_X44Y63         CARRY4 (Prop_carry4_S[2]_O[2])
                                                      0.248    19.396 r  y_reg[5]_i_14/O[2]
                         net (fo=1, routed)           0.407    19.803    y_reg[5]_i_14_n_5
    SLICE_X45Y63         LUT2 (Prop_lut2_I1_O)        0.302    20.105 r  y[5]_i_7/O
                         net (fo=1, routed)           0.000    20.105    y[5]_i_7_n_0
    SLICE_X45Y63         CARRY4 (Prop_carry4_S[3]_CO[3])
                                                      0.401    20.506 r  y_reg[5]_i_5/CO[3]
                         net (fo=1, routed)           0.000    20.506    y_reg[5]_i_5_n_0
    SLICE_X45Y64         CARRY4 (Prop_carry4_CI_O[0])
                                                      0.222    20.728 r  y_reg[13]_i_4/O[0]
                         net (fo=1, routed)           0.458    21.186    C[6]
    SLICE_X46Y64         LUT2 (Prop_lut2_I1_O)        0.299    21.485 r  y[9]_i_5/O
                         net (fo=1, routed)           0.000    21.485    y[9]_i_5_n_0
    SLICE_X46Y64         CARRY4 (Prop_carry4_S[0]_O[0])
                                                      0.252    21.737 r  y_reg[9]_i_1/O[0]
                         net (fo=1, routed)           0.000    21.737    acc[6]
    SLICE_X46Y64         FDRE                                         r  y_reg[6]/D
  -------------------------------------------------------------------    -------------------

                         (clock vclk rise edge)      18.328    18.328 r  <hidden>
                                                      0.000    18.328 r  clk
                         net (fo=173, unset)          0.924    19.252    clk
    SLICE_X46Y64         FDRE                                         r  y_reg[6]/C
                         clock pessimism              0.000    19.252    <hidden>
                         clock uncertainty           -0.035    19.217    <hidden>
    SLICE_X46Y64         FDRE (Setup_fdre_C_D)        0.109    19.326    y_reg[6]
  -------------------------------------------------------------------
                         required time                         19.326    <hidden>
                         arrival time                         -21.737    <hidden>
  -------------------------------------------------------------------
                         slack                                 -2.411    <hidden>





Pulse Width Checks
--------------------------------------------------------------------------------------
Clock Name:         vclk
Waveform(ns):       { 0.000 9.164 }
Period(ns):         18.328
Sources:            { clk }

Check Type        Corner  Lib Pin  Reference Pin  Required(ns)  Actual(ns)  Slack(ns)  Location      Pin
Min Period        n/a     FDRE/C   n/a            1.000         18.328      17.328     SLICE_X35Y61  d0_reg[0]/C
Min Period        n/a     FDRE/C   n/a            1.000         18.328      17.328     SLICE_X35Y63  d0_reg[1]/C
Min Period        n/a     FDRE/C   n/a            1.000         18.328      17.328     SLICE_X34Y64  d0_reg[2]/C
Min Period        n/a     FDRE/C   n/a            1.000         18.328      17.328     SLICE_X34Y64  d0_reg[3]/C
Min Period        n/a     FDRE/C   n/a            1.000         18.328      17.328     SLICE_X35Y64  d0_reg[4]/C
Min Period        n/a     FDRE/C   n/a            1.000         18.328      17.328     SLICE_X34Y65  d0_reg[5]/C
Min Period        n/a     FDRE/C   n/a            1.000         18.328      17.328     SLICE_X35Y64  d0_reg[6]/C
Min Period        n/a     FDRE/C   n/a            1.000         18.328      17.328     SLICE_X34Y65  d0_reg[7]/C
Min Period        n/a     FDRE/C   n/a            1.000         18.328      17.328     SLICE_X31Y65  d10_reg[0]/C
Min Period        n/a     FDRE/C   n/a            1.000         18.328      17.328     SLICE_X31Y65  d10_reg[1]/C
Low Pulse Width   Slow    FDRE/C   n/a            0.500         9.164       8.664      SLICE_X35Y61  d0_reg[0]/C
Low Pulse Width   Fast    FDRE/C   n/a            0.500         9.164       8.664      SLICE_X35Y61  d0_reg[0]/C
Low Pulse Width   Slow    FDRE/C   n/a            0.500         9.164       8.664      SLICE_X35Y63  d0_reg[1]/C
Low Pulse Width   Fast    FDRE/C   n/a            0.500         9.164       8.664      SLICE_X35Y63  d0_reg[1]/C
Low Pulse Width   Slow    FDRE/C   n/a            0.500         9.164       8.664      SLICE_X34Y64  d0_reg[2]/C
Low Pulse Width   Fast    FDRE/C   n/a            0.500         9.164       8.664      SLICE_X34Y64  d0_reg[2]/C
Low Pulse Width   Slow    FDRE/C   n/a            0.500         9.164       8.664      SLICE_X34Y64  d0_reg[3]/C
Low Pulse Width   Fast    FDRE/C   n/a            0.500         9.164       8.664      SLICE_X34Y64  d0_reg[3]/C
Low Pulse Width   Slow    FDRE/C   n/a            0.500         9.164       8.664      SLICE_X35Y64  d0_reg[4]/C
Low Pulse Width   Fast    FDRE/C   n/a            0.500         9.164       8.664      SLICE_X35Y64  d0_reg[4]/C
High Pulse Width  Slow    FDRE/C   n/a            0.500         9.164       8.664      SLICE_X35Y61  d0_reg[0]/C
High Pulse Width  Fast    FDRE/C   n/a            0.500         9.164       8.664      SLICE_X35Y61  d0_reg[0]/C
High Pulse Width  Slow    FDRE/C   n/a            0.500         9.164       8.664      SLICE_X35Y63  d0_reg[1]/C
High Pulse Width  Fast    FDRE/C   n/a            0.500         9.164       8.664      SLICE_X35Y63  d0_reg[1]/C
High Pulse Width  Slow    FDRE/C   n/a            0.500         9.164       8.664      SLICE_X34Y64  d0_reg[2]/C
High Pulse Width  Fast    FDRE/C   n/a            0.500         9.164       8.664      SLICE_X34Y64  d0_reg[2]/C
High Pulse Width  Slow    FDRE/C   n/a            0.500         9.164       8.664      SLICE_X34Y64  d0_reg[3]/C
High Pulse Width  Fast    FDRE/C   n/a            0.500         9.164       8.664      SLICE_X34Y64  d0_reg[3]/C
High Pulse Width  Slow    FDRE/C   n/a            0.500         9.164       8.664      SLICE_X35Y64  d0_reg[4]/C
High Pulse Width  Fast    FDRE/C   n/a            0.500         9.164       8.664      SLICE_X35Y64  d0_reg[4]/C



