Copyright 1986-2022 Xilinx, Inc. All Rights Reserved. Copyright 2022-2026 Advanced Micro Devices, Inc. All Rights Reserved.
----------------------------------------------------------------------------------------------------------------------------------------------------------------------------------------------------------------------------------------------------------------------------------------------
| Tool Version : Vivado v.2026.1 (win64) Build 6511674 Tue Jun 16 11:02:23 MDT 2026
| Date         : Sun Aug 30 23:09:05 2026
| Host         : Amine running 64-bit major release  (build 9200)
| Command      : report_timing_summary -delay_type max -max_paths 10 -report_unconstrained -check_timing_verbose -warn_on_violation -file C:/Users/Amine/mas/fpga-repo/timing_closure_candidate_v7/results/c03_firr_sft_firr20_v6/trial_006_search_p25p20065625_a0/reports/timing_summary.rpt
| Design       : sft__firr20_v6__g1
| Device       : 7z020-clg400
| Speed File   : -1  PRODUCTION 1.12 2019-11-22
| Design State : Routed
----------------------------------------------------------------------------------------------------------------------------------------------------------------------------------------------------------------------------------------------------------------------------------------------

Timing Summary Report

------------------------------------------------------------------------------------------------
| Timer Settings
| --------------
------------------------------------------------------------------------------------------------

  Enable Multi Corner Analysis               :  Yes
  Enable Pessimism Removal                   :  Yes
  Pessimism Removal Resolution               :  Nearest Common Node
  Enable Input Delay Default Clock           :  No
  Enable Preset / Clear Arcs                 :  No
  Disable Flight Delays                      :  No
  Ignore I/O Paths                           :  No
  Timing Early Launch at Borrowing Latches   :  No
  Borrow Time for Max Delay Exceptions       :  Yes
  Merge Timing Exceptions                    :  Yes
  Inter-SLR Compensation                     :  Conservative

  Corner  Analyze    Analyze    
  Name    Max Paths  Min Paths  
  ------  ---------  ---------  
  Slow    Yes        Yes        
  Fast    Yes        Yes        


------------------------------------------------------------------------------------------------
| Report Methodology
| ------------------
------------------------------------------------------------------------------------------------

No report available as report_methodology has not been run prior. Run report_methodology on the current design for the summary of methodology violations.



check_timing report

Table of Contents
-----------------
1. checking no_clock (0)
2. checking constant_clock (0)
3. checking pulse_width_clock (0)
4. checking unconstrained_internal_endpoints (0)
5. checking no_input_delay (0)
6. checking no_output_delay (0)
7. checking multiple_clock (0)
8. checking generated_clocks (0)
9. checking loops (0)
10. checking partial_input_delay (0)
11. checking partial_output_delay (0)
12. checking latch_loops (0)

1. checking no_clock (0)
------------------------
 There are 0 register/latch pins with no clock.


2. checking constant_clock (0)
------------------------------
 There are 0 register/latch pins with constant_clock.


3. checking pulse_width_clock (0)
---------------------------------
 There are 0 register/latch pins which need pulse_width check


4. checking unconstrained_internal_endpoints (0)
------------------------------------------------
 There are 0 pins that are not constrained for maximum delay.

 There are 0 pins that are not constrained for maximum delay due to constant clock.


5. checking no_input_delay (0)
------------------------------
 There are 0 input ports with no input delay specified.

 There are 0 input ports with no input delay but user has a false path constraint.


6. checking no_output_delay (0)
-------------------------------
 There are 0 ports with no output delay specified.

 There are 0 ports with no output delay but user has a false path constraint

 There are 0 ports with no output delay but with a timing clock defined on it or propagating through it


7. checking multiple_clock (0)
------------------------------
 There are 0 register/latch pins with multiple clocks.


8. checking generated_clocks (0)
--------------------------------
 There are 0 generated clocks that are not connected to a clock source.


9. checking loops (0)
---------------------
 There are 0 combinational loops in the design.


10. checking partial_input_delay (0)
------------------------------------
 There are 0 input ports with partial input delay specified.


11. checking partial_output_delay (0)
-------------------------------------
 There are 0 ports with partial output delay specified.


12. checking latch_loops (0)
----------------------------
 There are 0 combinational latch loops in the design through latch input



------------------------------------------------------------------------------------------------
| Design Timing Summary
| ---------------------
------------------------------------------------------------------------------------------------

    WNS(ns)      TNS(ns)  TNS Failing Endpoints  TNS Total Endpoints     WPWS(ns)     TPWS(ns)  TPWS Failing Endpoints  TPWS Total Endpoints  
    -------      -------  ---------------------  -------------------     --------     --------  ----------------------  --------------------  
      0.693        0.000                      0                  362       12.101        0.000                       0                   174  


All user specified timing constraints are met.


------------------------------------------------------------------------------------------------
| Clock Summary
| -------------
------------------------------------------------------------------------------------------------

Clock  Waveform(ns)       Period(ns)      Frequency(MHz)
-----  ------------       ----------      --------------
vclk   {0.000 12.601}     25.201          39.681          


------------------------------------------------------------------------------------------------
| Intra Clock Table
| -----------------
------------------------------------------------------------------------------------------------

Clock             WNS(ns)      TNS(ns)  TNS Failing Endpoints  TNS Total Endpoints     WPWS(ns)     TPWS(ns)  TPWS Failing Endpoints  TPWS Total Endpoints  
-----             -------      -------  ---------------------  -------------------     --------     --------  ----------------------  --------------------  
vclk                0.693        0.000                      0                  362       12.101        0.000                       0                   174  


------------------------------------------------------------------------------------------------
| Inter Clock Table
| -----------------
------------------------------------------------------------------------------------------------

From Clock    To Clock          WNS(ns)      TNS(ns)  TNS Failing Endpoints  TNS Total Endpoints  
----------    --------          -------      -------  ---------------------  -------------------  


------------------------------------------------------------------------------------------------
| Other Path Groups Table
| -----------------------
------------------------------------------------------------------------------------------------

Path Group    From Clock    To Clock          WNS(ns)      TNS(ns)  TNS Failing Endpoints  TNS Total Endpoints  
----------    ----------    --------          -------      -------  ---------------------  -------------------  


------------------------------------------------------------------------------------------------
| User Ignored Path Table
| -----------------------
------------------------------------------------------------------------------------------------

Path Group    From Clock    To Clock    
----------    ----------    --------    


------------------------------------------------------------------------------------------------
| Unconstrained Path Table
| ------------------------
------------------------------------------------------------------------------------------------

Path Group    From Clock    To Clock    
----------    ----------    --------    


------------------------------------------------------------------------------------------------
| Timing Details
| --------------
------------------------------------------------------------------------------------------------


---------------------------------------------------------------------------------------------------
From Clock:  vclk
  To Clock:  vclk

Setup :            0  Failing Endpoints,  Worst Slack        0.693ns,  Total Violation        0.000ns
Hold  :           NA  Failing Endpoints,  Worst Slack           NA  ,  Total Violation           NA
PW    :            0  Failing Endpoints,  Worst Slack       12.101ns,  Total Violation        0.000ns
---------------------------------------------------------------------------------------------------


Max Delay Paths
--------------------------------------------------------------------------------------
Slack (MET) :             0.693ns  (required time - arrival time)
  Source:                 d19_reg[1]/C
                            (rising edge-triggered cell FDRE clocked by vclk  {rise@0.000ns fall@12.601ns period=25.201ns})
  Destination:            y_reg[15]/D
                            (rising edge-triggered cell FDRE clocked by vclk  {rise@0.000ns fall@12.601ns period=25.201ns})
  Path Group:             vclk
  Path Type:              Setup (Max at Slow Process Corner)
  Requirement:            25.201ns  (vclk rise@25.201ns - vclk rise@0.000ns)
  Data Path Delay:        24.486ns  (logic 14.357ns (58.634%)  route 10.129ns (41.366%))
  Logic Levels:           36  (CARRY4=24 LUT2=12)
  Clock Path Skew:        -0.049ns (DCD - SCD + CPR)
    Destination Clock Delay (DCD):    0.924ns = ( 26.125 - 25.201 ) 
    Source Clock Delay      (SCD):    0.973ns
    Clock Pessimism Removal (CPR):    0.000ns
  Clock Uncertainty:      0.035ns  ((TSJ^2 + TIJ^2)^1/2 + DJ) / 2 + PE
    Total System Jitter     (TSJ):    0.071ns
    Total Input Jitter      (TIJ):    0.000ns
    Discrete Jitter          (DJ):    0.000ns
    Phase Error              (PE):    0.000ns

    Location             Delay type                Incr(ns)  Path(ns)    Netlist Resource(s)
  -------------------------------------------------------------------    -------------------
                         (clock vclk rise edge)       0.000     0.000 r  <hidden>
                                                      0.000     0.000 r  clk
                         net (fo=173, unset)          0.973     0.973    clk
    SLICE_X33Y72         FDRE                                         r  d19_reg[1]/C
  -------------------------------------------------------------------    -------------------
    SLICE_X33Y72         FDRE (Prop_fdre_C_Q)         0.456     1.429 r  d19_reg[1]/Q
                         net (fo=3, routed)           0.475     1.904    d19[1]
    SLICE_X33Y72         CARRY4 (Prop_carry4_S[0]_O[0])
                                                      0.371     2.275 r  y_reg[5]_i_145/O[0]
                         net (fo=2, routed)           0.722     2.997    acc0[5]
    SLICE_X34Y74         LUT2 (Prop_lut2_I0_O)        0.299     3.296 r  y[5]_i_147/O
                         net (fo=1, routed)           0.000     3.296    y[5]_i_147_n_0
    SLICE_X34Y74         CARRY4 (Prop_carry4_S[2]_O[2])
                                                      0.250     3.546 r  y_reg[5]_i_144/O[2]
                         net (fo=1, routed)           0.604     4.150    y_reg[5]_i_144_n_5
    SLICE_X36Y74         LUT2 (Prop_lut2_I1_O)        0.301     4.451 r  y[5]_i_134/O
                         net (fo=1, routed)           0.000     4.451    y[5]_i_134_n_0
    SLICE_X36Y74         CARRY4 (Prop_carry4_S[3]_O[3])
                                                      0.255     4.706 r  y_reg[5]_i_127/O[3]
                         net (fo=1, routed)           0.322     5.028    y_reg[5]_i_127_n_4
    SLICE_X37Y75         LUT2 (Prop_lut2_I1_O)        0.307     5.335 r  y[5]_i_130/O
                         net (fo=1, routed)           0.000     5.335    y[5]_i_130_n_0
    SLICE_X37Y75         CARRY4 (Prop_carry4_S[2]_O[2])
                                                      0.248     5.583 r  y_reg[5]_i_126/O[2]
                         net (fo=1, routed)           0.477     6.060    y_reg[5]_i_126_n_5
    SLICE_X38Y74         LUT2 (Prop_lut2_I1_O)        0.302     6.362 r  y[5]_i_119/O
                         net (fo=1, routed)           0.000     6.362    y[5]_i_119_n_0
    SLICE_X38Y74         CARRY4 (Prop_carry4_S[3]_CO[3])
                                                      0.376     6.738 r  y_reg[5]_i_114/CO[3]
                         net (fo=1, routed)           0.009     6.747    y_reg[5]_i_114_n_0
    SLICE_X38Y75         CARRY4 (Prop_carry4_CI_O[0])
                                                      0.219     6.966 r  y_reg[15]_i_223/O[0]
                         net (fo=1, routed)           0.651     7.617    y_reg[15]_i_223_n_7
    SLICE_X41Y74         LUT2 (Prop_lut2_I1_O)        0.295     7.912 r  y[5]_i_117/O
                         net (fo=1, routed)           0.000     7.912    y[5]_i_117_n_0
    SLICE_X41Y74         CARRY4 (Prop_carry4_S[1]_O[2])
                                                      0.580     8.492 r  y_reg[5]_i_113/O[2]
                         net (fo=1, routed)           0.587     9.079    y_reg[5]_i_113_n_5
    SLICE_X39Y75         LUT2 (Prop_lut2_I1_O)        0.302     9.381 r  y[15]_i_205/O
                         net (fo=1, routed)           0.000     9.381    y[15]_i_205_n_0
    SLICE_X39Y75         CARRY4 (Prop_carry4_S[1]_O[2])
                                                      0.580     9.961 r  y_reg[15]_i_189/O[2]
                         net (fo=1, routed)           0.580    10.541    y_reg[15]_i_189_n_5
    SLICE_X39Y79         LUT2 (Prop_lut2_I1_O)        0.302    10.843 r  y[15]_i_184/O
                         net (fo=1, routed)           0.000    10.843    y[15]_i_184_n_0
    SLICE_X39Y79         CARRY4 (Prop_carry4_S[1]_O[2])
                                                      0.580    11.423 r  y_reg[15]_i_159/O[2]
                         net (fo=1, routed)           0.455    11.878    y_reg[15]_i_159_n_5
    SLICE_X40Y78         LUT2 (Prop_lut2_I1_O)        0.302    12.180 r  y[15]_i_164/O
                         net (fo=1, routed)           0.000    12.180    y[15]_i_164_n_0
    SLICE_X40Y78         CARRY4 (Prop_carry4_S[3]_CO[3])
                                                      0.401    12.581 r  y_reg[15]_i_151/CO[3]
                         net (fo=1, routed)           0.000    12.581    y_reg[15]_i_151_n_0
    SLICE_X40Y79         CARRY4 (Prop_carry4_CI_O[1])
                                                      0.334    12.915 r  y_reg[15]_i_136/O[1]
                         net (fo=1, routed)           0.411    13.326    y_reg[15]_i_136_n_6
    SLICE_X41Y78         LUT2 (Prop_lut2_I1_O)        0.303    13.629 r  y[15]_i_130/O
                         net (fo=1, routed)           0.000    13.629    y[15]_i_130_n_0
    SLICE_X41Y78         CARRY4 (Prop_carry4_S[3]_CO[3])
                                                      0.401    14.030 r  y_reg[15]_i_110/CO[3]
                         net (fo=1, routed)           0.000    14.030    y_reg[15]_i_110_n_0
    SLICE_X41Y79         CARRY4 (Prop_carry4_CI_O[0])
                                                      0.222    14.252 r  y_reg[15]_i_95/O[0]
                         net (fo=1, routed)           0.440    14.692    y_reg[15]_i_95_n_7
    SLICE_X42Y78         LUT2 (Prop_lut2_I1_O)        0.299    14.991 r  y[15]_i_107/O
                         net (fo=1, routed)           0.000    14.991    y[15]_i_107_n_0
    SLICE_X42Y78         CARRY4 (Prop_carry4_S[2]_O[2])
                                                      0.250    15.241 r  y_reg[15]_i_94/O[2]
                         net (fo=1, routed)           0.411    15.651    y_reg[15]_i_94_n_5
    SLICE_X43Y79         LUT2 (Prop_lut2_I1_O)        0.301    15.952 r  y[15]_i_86/O
                         net (fo=1, routed)           0.000    15.952    y[15]_i_86_n_0
    SLICE_X43Y79         CARRY4 (Prop_carry4_S[1]_O[2])
                                                      0.580    16.532 r  y_reg[15]_i_69/O[2]
                         net (fo=1, routed)           0.472    17.004    y_reg[15]_i_69_n_5
    SLICE_X46Y78         LUT2 (Prop_lut2_I1_O)        0.302    17.306 r  y[15]_i_73/O
                         net (fo=1, routed)           0.000    17.306    y[15]_i_73_n_0
    SLICE_X46Y78         CARRY4 (Prop_carry4_S[3]_O[3])
                                                      0.255    17.561 r  y_reg[15]_i_50/O[3]
                         net (fo=1, routed)           0.430    17.991    y_reg[15]_i_50_n_4
    SLICE_X45Y79         CARRY4 (Prop_carry4_S[1]_O[1])
                                                      0.534    18.525 r  y_reg[15]_i_35/O[1]
                         net (fo=1, routed)           0.495    19.020    y_reg[15]_i_35_n_6
    SLICE_X47Y78         CARRY4 (Prop_carry4_S[3]_CO[3])
                                                      0.704    19.724 r  y_reg[15]_i_25/CO[3]
                         net (fo=1, routed)           0.000    19.724    y_reg[15]_i_25_n_0
    SLICE_X47Y79         CARRY4 (Prop_carry4_CI_O[0])
                                                      0.222    19.946 r  y_reg[15]_i_22/O[0]
                         net (fo=1, routed)           0.594    20.541    y_reg[15]_i_22_n_7
    SLICE_X44Y77         CARRY4 (Prop_carry4_S[3]_O[3])
                                                      0.547    21.088 r  y_reg[15]_i_11/O[3]
                         net (fo=1, routed)           0.458    21.546    y_reg[15]_i_11_n_4
    SLICE_X43Y76         CARRY4 (Prop_carry4_S[0]_O[0])
                                                      0.553    22.099 r  y_reg[15]_i_6/O[0]
                         net (fo=1, routed)           0.478    22.577    y_reg[15]_i_6_n_7
    SLICE_X45Y74         CARRY4 (Prop_carry4_S[3]_O[3])
                                                      0.547    23.124 r  y_reg[15]_i_5/O[3]
                         net (fo=1, routed)           0.469    23.592    y_reg[15]_i_5_n_4
    SLICE_X46Y75         CARRY4 (Prop_carry4_S[0]_O[0])
                                                      0.558    24.150 r  y_reg[15]_i_3/O[0]
                         net (fo=1, routed)           0.589    24.740    C[14]
    SLICE_X47Y75         CARRY4 (Prop_carry4_S[0]_O[1])
                                                      0.719    25.459 r  y_reg[15]_i_2/O[1]
                         net (fo=1, routed)           0.000    25.459    acc[15]
    SLICE_X47Y75         FDRE                                         r  y_reg[15]/D
  -------------------------------------------------------------------    -------------------

                         (clock vclk rise edge)      25.201    25.201 r  <hidden>
                                                      0.000    25.201 r  clk
                         net (fo=173, unset)          0.924    26.125    clk
    SLICE_X47Y75         FDRE                                         r  y_reg[15]/C
                         clock pessimism              0.000    26.125    <hidden>
                         clock uncertainty           -0.035    26.090    <hidden>
    SLICE_X47Y75         FDRE (Setup_fdre_C_D)        0.062    26.152    y_reg[15]
  -------------------------------------------------------------------
                         required time                         26.152    <hidden>
                         arrival time                         -25.459    <hidden>
  -------------------------------------------------------------------
                         slack                                  0.693    <hidden>

Slack (MET) :             0.870ns  (required time - arrival time)
  Source:                 d19_reg[1]/C
                            (rising edge-triggered cell FDRE clocked by vclk  {rise@0.000ns fall@12.601ns period=25.201ns})
  Destination:            y_reg[14]/D
                            (rising edge-triggered cell FDRE clocked by vclk  {rise@0.000ns fall@12.601ns period=25.201ns})
  Path Group:             vclk
  Path Type:              Setup (Max at Slow Process Corner)
  Requirement:            25.201ns  (vclk rise@25.201ns - vclk rise@0.000ns)
  Data Path Delay:        24.309ns  (logic 14.180ns (58.332%)  route 10.129ns (41.668%))
  Logic Levels:           36  (CARRY4=24 LUT2=12)
  Clock Path Skew:        -0.049ns (DCD - SCD + CPR)
    Destination Clock Delay (DCD):    0.924ns = ( 26.125 - 25.201 ) 
    Source Clock Delay      (SCD):    0.973ns
    Clock Pessimism Removal (CPR):    0.000ns
  Clock Uncertainty:      0.035ns  ((TSJ^2 + TIJ^2)^1/2 + DJ) / 2 + PE
    Total System Jitter     (TSJ):    0.071ns
    Total Input Jitter      (TIJ):    0.000ns
    Discrete Jitter          (DJ):    0.000ns
    Phase Error              (PE):    0.000ns

    Location             Delay type                Incr(ns)  Path(ns)    Netlist Resource(s)
  -------------------------------------------------------------------    -------------------
                         (clock vclk rise edge)       0.000     0.000 r  <hidden>
                                                      0.000     0.000 r  clk
                         net (fo=173, unset)          0.973     0.973    clk
    SLICE_X33Y72         FDRE                                         r  d19_reg[1]/C
  -------------------------------------------------------------------    -------------------
    SLICE_X33Y72         FDRE (Prop_fdre_C_Q)         0.456     1.429 r  d19_reg[1]/Q
                         net (fo=3, routed)           0.475     1.904    d19[1]
    SLICE_X33Y72         CARRY4 (Prop_carry4_S[0]_O[0])
                                                      0.371     2.275 r  y_reg[5]_i_145/O[0]
                         net (fo=2, routed)           0.722     2.997    acc0[5]
    SLICE_X34Y74         LUT2 (Prop_lut2_I0_O)        0.299     3.296 r  y[5]_i_147/O
                         net (fo=1, routed)           0.000     3.296    y[5]_i_147_n_0
    SLICE_X34Y74         CARRY4 (Prop_carry4_S[2]_O[2])
                                                      0.250     3.546 r  y_reg[5]_i_144/O[2]
                         net (fo=1, routed)           0.604     4.150    y_reg[5]_i_144_n_5
    SLICE_X36Y74         LUT2 (Prop_lut2_I1_O)        0.301     4.451 r  y[5]_i_134/O
                         net (fo=1, routed)           0.000     4.451    y[5]_i_134_n_0
    SLICE_X36Y74         CARRY4 (Prop_carry4_S[3]_O[3])
                                                      0.255     4.706 r  y_reg[5]_i_127/O[3]
                         net (fo=1, routed)           0.322     5.028    y_reg[5]_i_127_n_4
    SLICE_X37Y75         LUT2 (Prop_lut2_I1_O)        0.307     5.335 r  y[5]_i_130/O
                         net (fo=1, routed)           0.000     5.335    y[5]_i_130_n_0
    SLICE_X37Y75         CARRY4 (Prop_carry4_S[2]_O[2])
                                                      0.248     5.583 r  y_reg[5]_i_126/O[2]
                         net (fo=1, routed)           0.477     6.060    y_reg[5]_i_126_n_5
    SLICE_X38Y74         LUT2 (Prop_lut2_I1_O)        0.302     6.362 r  y[5]_i_119/O
                         net (fo=1, routed)           0.000     6.362    y[5]_i_119_n_0
    SLICE_X38Y74         CARRY4 (Prop_carry4_S[3]_CO[3])
                                                      0.376     6.738 r  y_reg[5]_i_114/CO[3]
                         net (fo=1, routed)           0.009     6.747    y_reg[5]_i_114_n_0
    SLICE_X38Y75         CARRY4 (Prop_carry4_CI_O[0])
                                                      0.219     6.966 r  y_reg[15]_i_223/O[0]
                         net (fo=1, routed)           0.651     7.617    y_reg[15]_i_223_n_7
    SLICE_X41Y74         LUT2 (Prop_lut2_I1_O)        0.295     7.912 r  y[5]_i_117/O
                         net (fo=1, routed)           0.000     7.912    y[5]_i_117_n_0
    SLICE_X41Y74         CARRY4 (Prop_carry4_S[1]_O[2])
                                                      0.580     8.492 r  y_reg[5]_i_113/O[2]
                         net (fo=1, routed)           0.587     9.079    y_reg[5]_i_113_n_5
    SLICE_X39Y75         LUT2 (Prop_lut2_I1_O)        0.302     9.381 r  y[15]_i_205/O
                         net (fo=1, routed)           0.000     9.381    y[15]_i_205_n_0
    SLICE_X39Y75         CARRY4 (Prop_carry4_S[1]_O[2])
                                                      0.580     9.961 r  y_reg[15]_i_189/O[2]
                         net (fo=1, routed)           0.580    10.541    y_reg[15]_i_189_n_5
    SLICE_X39Y79         LUT2 (Prop_lut2_I1_O)        0.302    10.843 r  y[15]_i_184/O
                         net (fo=1, routed)           0.000    10.843    y[15]_i_184_n_0
    SLICE_X39Y79         CARRY4 (Prop_carry4_S[1]_O[2])
                                                      0.580    11.423 r  y_reg[15]_i_159/O[2]
                         net (fo=1, routed)           0.455    11.878    y_reg[15]_i_159_n_5
    SLICE_X40Y78         LUT2 (Prop_lut2_I1_O)        0.302    12.180 r  y[15]_i_164/O
                         net (fo=1, routed)           0.000    12.180    y[15]_i_164_n_0
    SLICE_X40Y78         CARRY4 (Prop_carry4_S[3]_CO[3])
                                                      0.401    12.581 r  y_reg[15]_i_151/CO[3]
                         net (fo=1, routed)           0.000    12.581    y_reg[15]_i_151_n_0
    SLICE_X40Y79         CARRY4 (Prop_carry4_CI_O[1])
                                                      0.334    12.915 r  y_reg[15]_i_136/O[1]
                         net (fo=1, routed)           0.411    13.326    y_reg[15]_i_136_n_6
    SLICE_X41Y78         LUT2 (Prop_lut2_I1_O)        0.303    13.629 r  y[15]_i_130/O
                         net (fo=1, routed)           0.000    13.629    y[15]_i_130_n_0
    SLICE_X41Y78         CARRY4 (Prop_carry4_S[3]_CO[3])
                                                      0.401    14.030 r  y_reg[15]_i_110/CO[3]
                         net (fo=1, routed)           0.000    14.030    y_reg[15]_i_110_n_0
    SLICE_X41Y79         CARRY4 (Prop_carry4_CI_O[0])
                                                      0.222    14.252 r  y_reg[15]_i_95/O[0]
                         net (fo=1, routed)           0.440    14.692    y_reg[15]_i_95_n_7
    SLICE_X42Y78         LUT2 (Prop_lut2_I1_O)        0.299    14.991 r  y[15]_i_107/O
                         net (fo=1, routed)           0.000    14.991    y[15]_i_107_n_0
    SLICE_X42Y78         CARRY4 (Prop_carry4_S[2]_O[2])
                                                      0.250    15.241 r  y_reg[15]_i_94/O[2]
                         net (fo=1, routed)           0.411    15.651    y_reg[15]_i_94_n_5
    SLICE_X43Y79         LUT2 (Prop_lut2_I1_O)        0.301    15.952 r  y[15]_i_86/O
                         net (fo=1, routed)           0.000    15.952    y[15]_i_86_n_0
    SLICE_X43Y79         CARRY4 (Prop_carry4_S[1]_O[2])
                                                      0.580    16.532 r  y_reg[15]_i_69/O[2]
                         net (fo=1, routed)           0.472    17.004    y_reg[15]_i_69_n_5
    SLICE_X46Y78         LUT2 (Prop_lut2_I1_O)        0.302    17.306 r  y[15]_i_73/O
                         net (fo=1, routed)           0.000    17.306    y[15]_i_73_n_0
    SLICE_X46Y78         CARRY4 (Prop_carry4_S[3]_O[3])
                                                      0.255    17.561 r  y_reg[15]_i_50/O[3]
                         net (fo=1, routed)           0.430    17.991    y_reg[15]_i_50_n_4
    SLICE_X45Y79         CARRY4 (Prop_carry4_S[1]_O[1])
                                                      0.534    18.525 r  y_reg[15]_i_35/O[1]
                         net (fo=1, routed)           0.495    19.020    y_reg[15]_i_35_n_6
    SLICE_X47Y78         CARRY4 (Prop_carry4_S[3]_CO[3])
                                                      0.704    19.724 r  y_reg[15]_i_25/CO[3]
                         net (fo=1, routed)           0.000    19.724    y_reg[15]_i_25_n_0
    SLICE_X47Y79         CARRY4 (Prop_carry4_CI_O[0])
                                                      0.222    19.946 r  y_reg[15]_i_22/O[0]
                         net (fo=1, routed)           0.594    20.541    y_reg[15]_i_22_n_7
    SLICE_X44Y77         CARRY4 (Prop_carry4_S[3]_O[3])
                                                      0.547    21.088 r  y_reg[15]_i_11/O[3]
                         net (fo=1, routed)           0.458    21.546    y_reg[15]_i_11_n_4
    SLICE_X43Y76         CARRY4 (Prop_carry4_S[0]_O[0])
                                                      0.553    22.099 r  y_reg[15]_i_6/O[0]
                         net (fo=1, routed)           0.478    22.577    y_reg[15]_i_6_n_7
    SLICE_X45Y74         CARRY4 (Prop_carry4_S[3]_O[3])
                                                      0.547    23.124 r  y_reg[15]_i_5/O[3]
                         net (fo=1, routed)           0.469    23.592    y_reg[15]_i_5_n_4
    SLICE_X46Y75         CARRY4 (Prop_carry4_S[0]_O[0])
                                                      0.558    24.150 r  y_reg[15]_i_3/O[0]
                         net (fo=1, routed)           0.589    24.740    C[14]
    SLICE_X47Y75         CARRY4 (Prop_carry4_S[0]_O[0])
                                                      0.542    25.282 r  y_reg[15]_i_2/O[0]
                         net (fo=1, routed)           0.000    25.282    acc[14]
    SLICE_X47Y75         FDRE                                         r  y_reg[14]/D
  -------------------------------------------------------------------    -------------------

                         (clock vclk rise edge)      25.201    25.201 r  <hidden>
                                                      0.000    25.201 r  clk
                         net (fo=173, unset)          0.924    26.125    clk
    SLICE_X47Y75         FDRE                                         r  y_reg[14]/C
                         clock pessimism              0.000    26.125    <hidden>
                         clock uncertainty           -0.035    26.090    <hidden>
    SLICE_X47Y75         FDRE (Setup_fdre_C_D)        0.062    26.152    y_reg[14]
  -------------------------------------------------------------------
                         required time                         26.152    <hidden>
                         arrival time                         -25.282    <hidden>
  -------------------------------------------------------------------
                         slack                                  0.870    <hidden>

Slack (MET) :             1.314ns  (required time - arrival time)
  Source:                 d19_reg[1]/C
                            (rising edge-triggered cell FDRE clocked by vclk  {rise@0.000ns fall@12.601ns period=25.201ns})
  Destination:            y_reg[13]/D
                            (rising edge-triggered cell FDRE clocked by vclk  {rise@0.000ns fall@12.601ns period=25.201ns})
  Path Group:             vclk
  Path Type:              Setup (Max at Slow Process Corner)
  Requirement:            25.201ns  (vclk rise@25.201ns - vclk rise@0.000ns)
  Data Path Delay:        23.865ns  (logic 14.001ns (58.667%)  route 9.864ns (41.333%))
  Logic Levels:           40  (CARRY4=24 LUT2=16)
  Clock Path Skew:        -0.049ns (DCD - SCD + CPR)
    Destination Clock Delay (DCD):    0.924ns = ( 26.125 - 25.201 ) 
    Source Clock Delay      (SCD):    0.973ns
    Clock Pessimism Removal (CPR):    0.000ns
  Clock Uncertainty:      0.035ns  ((TSJ^2 + TIJ^2)^1/2 + DJ) / 2 + PE
    Total System Jitter     (TSJ):    0.071ns
    Total Input Jitter      (TIJ):    0.000ns
    Discrete Jitter          (DJ):    0.000ns
    Phase Error              (PE):    0.000ns

    Location             Delay type                Incr(ns)  Path(ns)    Netlist Resource(s)
  -------------------------------------------------------------------    -------------------
                         (clock vclk rise edge)       0.000     0.000 r  <hidden>
                                                      0.000     0.000 r  clk
                         net (fo=173, unset)          0.973     0.973    clk
    SLICE_X33Y72         FDRE                                         r  d19_reg[1]/C
  -------------------------------------------------------------------    -------------------
    SLICE_X33Y72         FDRE (Prop_fdre_C_Q)         0.456     1.429 r  d19_reg[1]/Q
                         net (fo=3, routed)           0.475     1.904    d19[1]
    SLICE_X33Y72         CARRY4 (Prop_carry4_S[0]_O[0])
                                                      0.371     2.275 r  y_reg[5]_i_145/O[0]
                         net (fo=2, routed)           0.722     2.997    acc0[5]
    SLICE_X34Y74         LUT2 (Prop_lut2_I0_O)        0.299     3.296 r  y[5]_i_147/O
                         net (fo=1, routed)           0.000     3.296    y[5]_i_147_n_0
    SLICE_X34Y74         CARRY4 (Prop_carry4_S[2]_O[2])
                                                      0.250     3.546 r  y_reg[5]_i_144/O[2]
                         net (fo=1, routed)           0.604     4.150    y_reg[5]_i_144_n_5
    SLICE_X36Y74         LUT2 (Prop_lut2_I1_O)        0.301     4.451 r  y[5]_i_134/O
                         net (fo=1, routed)           0.000     4.451    y[5]_i_134_n_0
    SLICE_X36Y74         CARRY4 (Prop_carry4_S[3]_O[3])
                                                      0.255     4.706 r  y_reg[5]_i_127/O[3]
                         net (fo=1, routed)           0.322     5.028    y_reg[5]_i_127_n_4
    SLICE_X37Y75         LUT2 (Prop_lut2_I1_O)        0.307     5.335 r  y[5]_i_130/O
                         net (fo=1, routed)           0.000     5.335    y[5]_i_130_n_0
    SLICE_X37Y75         CARRY4 (Prop_carry4_S[2]_O[2])
                                                      0.248     5.583 r  y_reg[5]_i_126/O[2]
                         net (fo=1, routed)           0.477     6.060    y_reg[5]_i_126_n_5
    SLICE_X38Y74         LUT2 (Prop_lut2_I1_O)        0.302     6.362 r  y[5]_i_119/O
                         net (fo=1, routed)           0.000     6.362    y[5]_i_119_n_0
    SLICE_X38Y74         CARRY4 (Prop_carry4_S[3]_CO[3])
                                                      0.376     6.738 r  y_reg[5]_i_114/CO[3]
                         net (fo=1, routed)           0.009     6.747    y_reg[5]_i_114_n_0
    SLICE_X38Y75         CARRY4 (Prop_carry4_CI_O[0])
                                                      0.219     6.966 r  y_reg[15]_i_223/O[0]
                         net (fo=1, routed)           0.651     7.617    y_reg[15]_i_223_n_7
    SLICE_X41Y74         LUT2 (Prop_lut2_I1_O)        0.295     7.912 r  y[5]_i_117/O
                         net (fo=1, routed)           0.000     7.912    y[5]_i_117_n_0
    SLICE_X41Y74         CARRY4 (Prop_carry4_S[1]_O[2])
                                                      0.580     8.492 r  y_reg[5]_i_113/O[2]
                         net (fo=1, routed)           0.587     9.079    y_reg[5]_i_113_n_5
    SLICE_X39Y75         LUT2 (Prop_lut2_I1_O)        0.302     9.381 r  y[15]_i_205/O
                         net (fo=1, routed)           0.000     9.381    y[15]_i_205_n_0
    SLICE_X39Y75         CARRY4 (Prop_carry4_S[1]_O[2])
                                                      0.580     9.961 r  y_reg[15]_i_189/O[2]
                         net (fo=1, routed)           0.580    10.541    y_reg[15]_i_189_n_5
    SLICE_X39Y79         LUT2 (Prop_lut2_I1_O)        0.302    10.843 r  y[15]_i_184/O
                         net (fo=1, routed)           0.000    10.843    y[15]_i_184_n_0
    SLICE_X39Y79         CARRY4 (Prop_carry4_S[1]_O[2])
                                                      0.580    11.423 r  y_reg[15]_i_159/O[2]
                         net (fo=1, routed)           0.455    11.878    y_reg[15]_i_159_n_5
    SLICE_X40Y78         LUT2 (Prop_lut2_I1_O)        0.302    12.180 r  y[15]_i_164/O
                         net (fo=1, routed)           0.000    12.180    y[15]_i_164_n_0
    SLICE_X40Y78         CARRY4 (Prop_carry4_S[3]_O[3])
                                                      0.248    12.428 r  y_reg[15]_i_151/O[3]
                         net (fo=1, routed)           0.460    12.888    y_reg[15]_i_151_n_4
    SLICE_X41Y78         LUT2 (Prop_lut2_I1_O)        0.306    13.194 r  y[15]_i_132/O
                         net (fo=1, routed)           0.000    13.194    y[15]_i_132_n_0
    SLICE_X41Y78         CARRY4 (Prop_carry4_S[1]_O[1])
                                                      0.227    13.421 r  y_reg[15]_i_110/O[1]
                         net (fo=1, routed)           0.438    13.859    y_reg[15]_i_110_n_6
    SLICE_X42Y77         LUT2 (Prop_lut2_I1_O)        0.303    14.162 r  y[15]_i_119/O
                         net (fo=1, routed)           0.000    14.162    y[15]_i_119_n_0
    SLICE_X42Y77         CARRY4 (Prop_carry4_S[3]_CO[3])
                                                      0.376    14.538 r  y_reg[15]_i_104/CO[3]
                         net (fo=1, routed)           0.000    14.538    y_reg[15]_i_104_n_0
    SLICE_X42Y78         CARRY4 (Prop_carry4_CI_O[0])
                                                      0.219    14.757 r  y_reg[15]_i_94/O[0]
                         net (fo=1, routed)           0.346    15.103    y_reg[15]_i_94_n_7
    SLICE_X43Y78         LUT2 (Prop_lut2_I1_O)        0.295    15.398 r  y[15]_i_97/O
                         net (fo=1, routed)           0.000    15.398    y[15]_i_97_n_0
    SLICE_X43Y78         CARRY4 (Prop_carry4_S[3]_CO[3])
                                                      0.401    15.799 r  y_reg[15]_i_82/CO[3]
                         net (fo=1, routed)           0.000    15.799    y_reg[15]_i_82_n_0
    SLICE_X43Y79         CARRY4 (Prop_carry4_CI_O[0])
                                                      0.222    16.021 r  y_reg[15]_i_69/O[0]
                         net (fo=1, routed)           0.451    16.472    y_reg[15]_i_69_n_7
    SLICE_X46Y78         LUT2 (Prop_lut2_I1_O)        0.299    16.771 r  y[15]_i_75/O
                         net (fo=1, routed)           0.000    16.771    y[15]_i_75_n_0
    SLICE_X46Y78         CARRY4 (Prop_carry4_S[1]_O[1])
                                                      0.230    17.001 r  y_reg[15]_i_50/O[1]
                         net (fo=1, routed)           0.434    17.435    y_reg[15]_i_50_n_6
    SLICE_X45Y78         LUT2 (Prop_lut2_I1_O)        0.306    17.741 r  y[15]_i_64/O
                         net (fo=1, routed)           0.000    17.741    y[15]_i_64_n_0
    SLICE_X45Y78         CARRY4 (Prop_carry4_S[3]_CO[3])
                                                      0.401    18.142 r  y_reg[15]_i_48/CO[3]
                         net (fo=1, routed)           0.000    18.142    y_reg[15]_i_48_n_0
    SLICE_X45Y79         CARRY4 (Prop_carry4_CI_O[0])
                                                      0.222    18.364 r  y_reg[15]_i_35/O[0]
                         net (fo=1, routed)           0.428    18.792    y_reg[15]_i_35_n_7
    SLICE_X47Y78         LUT2 (Prop_lut2_I1_O)        0.299    19.091 r  y[15]_i_45/O
                         net (fo=1, routed)           0.000    19.091    y[15]_i_45_n_0
    SLICE_X47Y78         CARRY4 (Prop_carry4_S[2]_O[2])
                                                      0.248    19.339 r  y_reg[15]_i_25/O[2]
                         net (fo=1, routed)           0.431    19.770    y_reg[15]_i_25_n_5
    SLICE_X44Y77         LUT2 (Prop_lut2_I1_O)        0.302    20.072 r  y[15]_i_26/O
                         net (fo=1, routed)           0.000    20.072    y[15]_i_26_n_0
    SLICE_X44Y77         CARRY4 (Prop_carry4_S[1]_O[1])
                                                      0.227    20.299 r  y_reg[15]_i_11/O[1]
                         net (fo=1, routed)           0.576    20.874    y_reg[15]_i_11_n_6
    SLICE_X43Y75         LUT2 (Prop_lut2_I1_O)        0.303    21.177 r  y[15]_i_19/O
                         net (fo=1, routed)           0.000    21.177    y[15]_i_19_n_0
    SLICE_X43Y75         CARRY4 (Prop_carry4_S[2]_O[2])
                                                      0.248    21.425 r  y_reg[15]_i_8/O[2]
                         net (fo=1, routed)           0.471    21.896    y_reg[15]_i_8_n_5
    SLICE_X45Y74         CARRY4 (Prop_carry4_S[1]_O[2])
                                                      0.882    22.778 r  y_reg[15]_i_5/O[2]
                         net (fo=1, routed)           0.309    23.086    y_reg[15]_i_5_n_5
    SLICE_X46Y74         CARRY4 (Prop_carry4_S[3]_O[3])
                                                      0.557    23.643 r  y_reg[13]_i_2/O[3]
                         net (fo=1, routed)           0.640    24.283    C[13]
    SLICE_X47Y74         CARRY4 (Prop_carry4_S[3]_O[3])
                                                      0.555    24.838 r  y_reg[13]_i_1/O[3]
                         net (fo=1, routed)           0.000    24.838    acc[13]
    SLICE_X47Y74         FDRE                                         r  y_reg[13]/D
  -------------------------------------------------------------------    -------------------

                         (clock vclk rise edge)      25.201    25.201 r  <hidden>
                                                      0.000    25.201 r  clk
                         net (fo=173, unset)          0.924    26.125    clk
    SLICE_X47Y74         FDRE                                         r  y_reg[13]/C
                         clock pessimism              0.000    26.125    <hidden>
                         clock uncertainty           -0.035    26.090    <hidden>
    SLICE_X47Y74         FDRE (Setup_fdre_C_D)        0.062    26.152    y_reg[13]
  -------------------------------------------------------------------
                         required time                         26.152    <hidden>
                         arrival time                         -24.838    <hidden>
  -------------------------------------------------------------------
                         slack                                  1.314    <hidden>

Slack (MET) :             1.636ns  (required time - arrival time)
  Source:                 d19_reg[1]/C
                            (rising edge-triggered cell FDRE clocked by vclk  {rise@0.000ns fall@12.601ns period=25.201ns})
  Destination:            y_reg[12]/D
                            (rising edge-triggered cell FDRE clocked by vclk  {rise@0.000ns fall@12.601ns period=25.201ns})
  Path Group:             vclk
  Path Type:              Setup (Max at Slow Process Corner)
  Requirement:            25.201ns  (vclk rise@25.201ns - vclk rise@0.000ns)
  Data Path Delay:        23.543ns  (logic 13.660ns (58.020%)  route 9.883ns (41.980%))
  Logic Levels:           40  (CARRY4=22 LUT2=18)
  Clock Path Skew:        -0.049ns (DCD - SCD + CPR)
    Destination Clock Delay (DCD):    0.924ns = ( 26.125 - 25.201 ) 
    Source Clock Delay      (SCD):    0.973ns
    Clock Pessimism Removal (CPR):    0.000ns
  Clock Uncertainty:      0.035ns  ((TSJ^2 + TIJ^2)^1/2 + DJ) / 2 + PE
    Total System Jitter     (TSJ):    0.071ns
    Total Input Jitter      (TIJ):    0.000ns
    Discrete Jitter          (DJ):    0.000ns
    Phase Error              (PE):    0.000ns

    Location             Delay type                Incr(ns)  Path(ns)    Netlist Resource(s)
  -------------------------------------------------------------------    -------------------
                         (clock vclk rise edge)       0.000     0.000 r  <hidden>
                                                      0.000     0.000 r  clk
                         net (fo=173, unset)          0.973     0.973    clk
    SLICE_X33Y72         FDRE                                         r  d19_reg[1]/C
  -------------------------------------------------------------------    -------------------
    SLICE_X33Y72         FDRE (Prop_fdre_C_Q)         0.456     1.429 r  d19_reg[1]/Q
                         net (fo=3, routed)           0.475     1.904    d19[1]
    SLICE_X33Y72         CARRY4 (Prop_carry4_S[0]_O[0])
                                                      0.371     2.275 r  y_reg[5]_i_145/O[0]
                         net (fo=2, routed)           0.722     2.997    acc0[5]
    SLICE_X34Y74         LUT2 (Prop_lut2_I0_O)        0.299     3.296 r  y[5]_i_147/O
                         net (fo=1, routed)           0.000     3.296    y[5]_i_147_n_0
    SLICE_X34Y74         CARRY4 (Prop_carry4_S[2]_O[2])
                                                      0.250     3.546 r  y_reg[5]_i_144/O[2]
                         net (fo=1, routed)           0.604     4.150    y_reg[5]_i_144_n_5
    SLICE_X36Y74         LUT2 (Prop_lut2_I1_O)        0.301     4.451 r  y[5]_i_134/O
                         net (fo=1, routed)           0.000     4.451    y[5]_i_134_n_0
    SLICE_X36Y74         CARRY4 (Prop_carry4_S[3]_O[3])
                                                      0.255     4.706 r  y_reg[5]_i_127/O[3]
                         net (fo=1, routed)           0.322     5.028    y_reg[5]_i_127_n_4
    SLICE_X37Y75         LUT2 (Prop_lut2_I1_O)        0.307     5.335 r  y[5]_i_130/O
                         net (fo=1, routed)           0.000     5.335    y[5]_i_130_n_0
    SLICE_X37Y75         CARRY4 (Prop_carry4_S[2]_O[2])
                                                      0.248     5.583 r  y_reg[5]_i_126/O[2]
                         net (fo=1, routed)           0.477     6.060    y_reg[5]_i_126_n_5
    SLICE_X38Y74         LUT2 (Prop_lut2_I1_O)        0.302     6.362 r  y[5]_i_119/O
                         net (fo=1, routed)           0.000     6.362    y[5]_i_119_n_0
    SLICE_X38Y74         CARRY4 (Prop_carry4_S[3]_CO[3])
                                                      0.376     6.738 r  y_reg[5]_i_114/CO[3]
                         net (fo=1, routed)           0.009     6.747    y_reg[5]_i_114_n_0
    SLICE_X38Y75         CARRY4 (Prop_carry4_CI_O[0])
                                                      0.219     6.966 r  y_reg[15]_i_223/O[0]
                         net (fo=1, routed)           0.651     7.617    y_reg[15]_i_223_n_7
    SLICE_X41Y74         LUT2 (Prop_lut2_I1_O)        0.295     7.912 r  y[5]_i_117/O
                         net (fo=1, routed)           0.000     7.912    y[5]_i_117_n_0
    SLICE_X41Y74         CARRY4 (Prop_carry4_S[1]_O[2])
                                                      0.580     8.492 r  y_reg[5]_i_113/O[2]
                         net (fo=1, routed)           0.587     9.079    y_reg[5]_i_113_n_5
    SLICE_X39Y75         LUT2 (Prop_lut2_I1_O)        0.302     9.381 r  y[15]_i_205/O
                         net (fo=1, routed)           0.000     9.381    y[15]_i_205_n_0
    SLICE_X39Y75         CARRY4 (Prop_carry4_S[1]_O[2])
                                                      0.580     9.961 r  y_reg[15]_i_189/O[2]
                         net (fo=1, routed)           0.580    10.541    y_reg[15]_i_189_n_5
    SLICE_X39Y79         LUT2 (Prop_lut2_I1_O)        0.302    10.843 r  y[15]_i_184/O
                         net (fo=1, routed)           0.000    10.843    y[15]_i_184_n_0
    SLICE_X39Y79         CARRY4 (Prop_carry4_S[1]_O[2])
                                                      0.580    11.423 r  y_reg[15]_i_159/O[2]
                         net (fo=1, routed)           0.455    11.878    y_reg[15]_i_159_n_5
    SLICE_X40Y78         LUT2 (Prop_lut2_I1_O)        0.302    12.180 r  y[15]_i_164/O
                         net (fo=1, routed)           0.000    12.180    y[15]_i_164_n_0
    SLICE_X40Y78         CARRY4 (Prop_carry4_S[3]_O[3])
                                                      0.248    12.428 r  y_reg[15]_i_151/O[3]
                         net (fo=1, routed)           0.460    12.888    y_reg[15]_i_151_n_4
    SLICE_X41Y78         LUT2 (Prop_lut2_I1_O)        0.306    13.194 r  y[15]_i_132/O
                         net (fo=1, routed)           0.000    13.194    y[15]_i_132_n_0
    SLICE_X41Y78         CARRY4 (Prop_carry4_S[1]_O[1])
                                                      0.227    13.421 r  y_reg[15]_i_110/O[1]
                         net (fo=1, routed)           0.438    13.859    y_reg[15]_i_110_n_6
    SLICE_X42Y77         LUT2 (Prop_lut2_I1_O)        0.303    14.162 r  y[15]_i_119/O
                         net (fo=1, routed)           0.000    14.162    y[15]_i_119_n_0
    SLICE_X42Y77         CARRY4 (Prop_carry4_S[3]_O[3])
                                                      0.255    14.417 r  y_reg[15]_i_104/O[3]
                         net (fo=1, routed)           0.295    14.712    y_reg[15]_i_104_n_4
    SLICE_X43Y78         LUT2 (Prop_lut2_I1_O)        0.307    15.019 r  y[15]_i_98/O
                         net (fo=1, routed)           0.000    15.019    y[15]_i_98_n_0
    SLICE_X43Y78         CARRY4 (Prop_carry4_S[2]_O[2])
                                                      0.248    15.267 r  y_reg[15]_i_82/O[2]
                         net (fo=1, routed)           0.472    15.738    y_reg[15]_i_82_n_5
    SLICE_X46Y77         LUT2 (Prop_lut2_I1_O)        0.302    16.040 r  y[15]_i_88/O
                         net (fo=1, routed)           0.000    16.040    y[15]_i_88_n_0
    SLICE_X46Y77         CARRY4 (Prop_carry4_S[3]_O[3])
                                                      0.255    16.295 r  y_reg[15]_i_70/O[3]
                         net (fo=1, routed)           0.416    16.711    y_reg[15]_i_70_n_4
    SLICE_X45Y78         LUT2 (Prop_lut2_I1_O)        0.307    17.018 r  y[15]_i_66/O
                         net (fo=1, routed)           0.000    17.018    y[15]_i_66_n_0
    SLICE_X45Y78         CARRY4 (Prop_carry4_S[1]_O[2])
                                                      0.580    17.598 r  y_reg[15]_i_48/O[2]
                         net (fo=1, routed)           0.550    18.148    y_reg[15]_i_48_n_5
    SLICE_X47Y78         LUT2 (Prop_lut2_I1_O)        0.302    18.450 r  y[15]_i_47/O
                         net (fo=1, routed)           0.000    18.450    y[15]_i_47_n_0
    SLICE_X47Y78         CARRY4 (Prop_carry4_S[0]_O[0])
                                                      0.247    18.697 r  y_reg[15]_i_25/O[0]
                         net (fo=1, routed)           0.439    19.136    y_reg[15]_i_25_n_7
    SLICE_X44Y76         LUT2 (Prop_lut2_I1_O)        0.299    19.435 r  y[15]_i_37/O
                         net (fo=1, routed)           0.000    19.435    y[15]_i_37_n_0
    SLICE_X44Y76         CARRY4 (Prop_carry4_S[3]_O[3])
                                                      0.248    19.683 r  y_reg[15]_i_23/O[3]
                         net (fo=1, routed)           0.458    20.142    y_reg[15]_i_23_n_4
    SLICE_X43Y75         LUT2 (Prop_lut2_I1_O)        0.306    20.448 r  y[15]_i_21/O
                         net (fo=1, routed)           0.000    20.448    y[15]_i_21_n_0
    SLICE_X43Y75         CARRY4 (Prop_carry4_S[0]_O[0])
                                                      0.247    20.695 r  y_reg[15]_i_8/O[0]
                         net (fo=1, routed)           0.478    21.172    y_reg[15]_i_8_n_7
    SLICE_X45Y73         LUT2 (Prop_lut2_I1_O)        0.299    21.471 r  y[15]_i_12/O
                         net (fo=1, routed)           0.000    21.471    y[15]_i_12_n_0
    SLICE_X45Y73         CARRY4 (Prop_carry4_S[3]_CO[3])
                                                      0.401    21.872 r  y_reg[15]_i_7/CO[3]
                         net (fo=1, routed)           0.000    21.872    y_reg[15]_i_7_n_0
    SLICE_X45Y74         CARRY4 (Prop_carry4_CI_O[0])
                                                      0.222    22.094 r  y_reg[15]_i_5/O[0]
                         net (fo=1, routed)           0.513    22.608    y_reg[15]_i_5_n_7
    SLICE_X46Y74         LUT2 (Prop_lut2_I1_O)        0.299    22.907 r  y[13]_i_6/O
                         net (fo=1, routed)           0.000    22.907    y[13]_i_6_n_0
    SLICE_X46Y74         CARRY4 (Prop_carry4_S[1]_O[2])
                                                      0.578    23.485 r  y_reg[13]_i_2/O[2]
                         net (fo=1, routed)           0.483    23.967    C[12]
    SLICE_X47Y74         CARRY4 (Prop_carry4_S[2]_O[2])
                                                      0.549    24.516 r  y_reg[13]_i_1/O[2]
                         net (fo=1, routed)           0.000    24.516    acc[12]
    SLICE_X47Y74         FDRE                                         r  y_reg[12]/D
  -------------------------------------------------------------------    -------------------

                         (clock vclk rise edge)      25.201    25.201 r  <hidden>
                                                      0.000    25.201 r  clk
                         net (fo=173, unset)          0.924    26.125    clk
    SLICE_X47Y74         FDRE                                         r  y_reg[12]/C
                         clock pessimism              0.000    26.125    <hidden>
                         clock uncertainty           -0.035    26.090    <hidden>
    SLICE_X47Y74         FDRE (Setup_fdre_C_D)        0.062    26.152    y_reg[12]
  -------------------------------------------------------------------
                         required time                         26.152    <hidden>
                         arrival time                         -24.516    <hidden>
  -------------------------------------------------------------------
                         slack                                  1.636    <hidden>

Slack (MET) :             2.021ns  (required time - arrival time)
  Source:                 d19_reg[1]/C
                            (rising edge-triggered cell FDRE clocked by vclk  {rise@0.000ns fall@12.601ns period=25.201ns})
  Destination:            y_reg[11]/D
                            (rising edge-triggered cell FDRE clocked by vclk  {rise@0.000ns fall@12.601ns period=25.201ns})
  Path Group:             vclk
  Path Type:              Setup (Max at Slow Process Corner)
  Requirement:            25.201ns  (vclk rise@25.201ns - vclk rise@0.000ns)
  Data Path Delay:        23.158ns  (logic 13.136ns (56.722%)  route 10.022ns (43.278%))
  Logic Levels:           40  (CARRY4=21 LUT2=19)
  Clock Path Skew:        -0.049ns (DCD - SCD + CPR)
    Destination Clock Delay (DCD):    0.924ns = ( 26.125 - 25.201 ) 
    Source Clock Delay      (SCD):    0.973ns
    Clock Pessimism Removal (CPR):    0.000ns
  Clock Uncertainty:      0.035ns  ((TSJ^2 + TIJ^2)^1/2 + DJ) / 2 + PE
    Total System Jitter     (TSJ):    0.071ns
    Total Input Jitter      (TIJ):    0.000ns
    Discrete Jitter          (DJ):    0.000ns
    Phase Error              (PE):    0.000ns

    Location             Delay type                Incr(ns)  Path(ns)    Netlist Resource(s)
  -------------------------------------------------------------------    -------------------
                         (clock vclk rise edge)       0.000     0.000 r  <hidden>
                                                      0.000     0.000 r  clk
                         net (fo=173, unset)          0.973     0.973    clk
    SLICE_X33Y72         FDRE                                         r  d19_reg[1]/C
  -------------------------------------------------------------------    -------------------
    SLICE_X33Y72         FDRE (Prop_fdre_C_Q)         0.456     1.429 r  d19_reg[1]/Q
                         net (fo=3, routed)           0.475     1.904    d19[1]
    SLICE_X33Y72         CARRY4 (Prop_carry4_S[0]_O[0])
                                                      0.371     2.275 r  y_reg[5]_i_145/O[0]
                         net (fo=2, routed)           0.722     2.997    acc0[5]
    SLICE_X34Y74         LUT2 (Prop_lut2_I0_O)        0.299     3.296 r  y[5]_i_147/O
                         net (fo=1, routed)           0.000     3.296    y[5]_i_147_n_0
    SLICE_X34Y74         CARRY4 (Prop_carry4_S[2]_O[2])
                                                      0.250     3.546 r  y_reg[5]_i_144/O[2]
                         net (fo=1, routed)           0.604     4.150    y_reg[5]_i_144_n_5
    SLICE_X36Y74         LUT2 (Prop_lut2_I1_O)        0.301     4.451 r  y[5]_i_134/O
                         net (fo=1, routed)           0.000     4.451    y[5]_i_134_n_0
    SLICE_X36Y74         CARRY4 (Prop_carry4_S[3]_O[3])
                                                      0.255     4.706 r  y_reg[5]_i_127/O[3]
                         net (fo=1, routed)           0.322     5.028    y_reg[5]_i_127_n_4
    SLICE_X37Y75         LUT2 (Prop_lut2_I1_O)        0.307     5.335 r  y[5]_i_130/O
                         net (fo=1, routed)           0.000     5.335    y[5]_i_130_n_0
    SLICE_X37Y75         CARRY4 (Prop_carry4_S[2]_O[2])
                                                      0.248     5.583 r  y_reg[5]_i_126/O[2]
                         net (fo=1, routed)           0.477     6.060    y_reg[5]_i_126_n_5
    SLICE_X38Y74         LUT2 (Prop_lut2_I1_O)        0.302     6.362 r  y[5]_i_119/O
                         net (fo=1, routed)           0.000     6.362    y[5]_i_119_n_0
    SLICE_X38Y74         CARRY4 (Prop_carry4_S[3]_CO[3])
                                                      0.376     6.738 r  y_reg[5]_i_114/CO[3]
                         net (fo=1, routed)           0.009     6.747    y_reg[5]_i_114_n_0
    SLICE_X38Y75         CARRY4 (Prop_carry4_CI_O[0])
                                                      0.219     6.966 r  y_reg[15]_i_223/O[0]
                         net (fo=1, routed)           0.651     7.617    y_reg[15]_i_223_n_7
    SLICE_X41Y74         LUT2 (Prop_lut2_I1_O)        0.295     7.912 r  y[5]_i_117/O
                         net (fo=1, routed)           0.000     7.912    y[5]_i_117_n_0
    SLICE_X41Y74         CARRY4 (Prop_carry4_S[1]_O[2])
                                                      0.580     8.492 r  y_reg[5]_i_113/O[2]
                         net (fo=1, routed)           0.587     9.079    y_reg[5]_i_113_n_5
    SLICE_X39Y75         LUT2 (Prop_lut2_I1_O)        0.302     9.381 r  y[15]_i_205/O
                         net (fo=1, routed)           0.000     9.381    y[15]_i_205_n_0
    SLICE_X39Y75         CARRY4 (Prop_carry4_S[1]_O[2])
                                                      0.580     9.961 r  y_reg[15]_i_189/O[2]
                         net (fo=1, routed)           0.580    10.541    y_reg[15]_i_189_n_5
    SLICE_X39Y79         LUT2 (Prop_lut2_I1_O)        0.302    10.843 r  y[15]_i_184/O
                         net (fo=1, routed)           0.000    10.843    y[15]_i_184_n_0
    SLICE_X39Y79         CARRY4 (Prop_carry4_S[1]_O[2])
                                                      0.580    11.423 r  y_reg[15]_i_159/O[2]
                         net (fo=1, routed)           0.455    11.878    y_reg[15]_i_159_n_5
    SLICE_X40Y78         LUT2 (Prop_lut2_I1_O)        0.302    12.180 r  y[15]_i_164/O
                         net (fo=1, routed)           0.000    12.180    y[15]_i_164_n_0
    SLICE_X40Y78         CARRY4 (Prop_carry4_S[3]_O[3])
                                                      0.248    12.428 r  y_reg[15]_i_151/O[3]
                         net (fo=1, routed)           0.460    12.888    y_reg[15]_i_151_n_4
    SLICE_X41Y78         LUT2 (Prop_lut2_I1_O)        0.306    13.194 r  y[15]_i_132/O
                         net (fo=1, routed)           0.000    13.194    y[15]_i_132_n_0
    SLICE_X41Y78         CARRY4 (Prop_carry4_S[1]_O[1])
                                                      0.227    13.421 r  y_reg[15]_i_110/O[1]
                         net (fo=1, routed)           0.438    13.859    y_reg[15]_i_110_n_6
    SLICE_X42Y77         LUT2 (Prop_lut2_I1_O)        0.303    14.162 r  y[15]_i_119/O
                         net (fo=1, routed)           0.000    14.162    y[15]_i_119_n_0
    SLICE_X42Y77         CARRY4 (Prop_carry4_S[3]_O[3])
                                                      0.255    14.417 r  y_reg[15]_i_104/O[3]
                         net (fo=1, routed)           0.295    14.712    y_reg[15]_i_104_n_4
    SLICE_X43Y78         LUT2 (Prop_lut2_I1_O)        0.307    15.019 r  y[15]_i_98/O
                         net (fo=1, routed)           0.000    15.019    y[15]_i_98_n_0
    SLICE_X43Y78         CARRY4 (Prop_carry4_S[2]_O[2])
                                                      0.248    15.267 r  y_reg[15]_i_82/O[2]
                         net (fo=1, routed)           0.472    15.738    y_reg[15]_i_82_n_5
    SLICE_X46Y77         LUT2 (Prop_lut2_I1_O)        0.302    16.040 r  y[15]_i_88/O
                         net (fo=1, routed)           0.000    16.040    y[15]_i_88_n_0
    SLICE_X46Y77         CARRY4 (Prop_carry4_S[3]_O[3])
                                                      0.255    16.295 r  y_reg[15]_i_70/O[3]
                         net (fo=1, routed)           0.416    16.711    y_reg[15]_i_70_n_4
    SLICE_X45Y78         LUT2 (Prop_lut2_I1_O)        0.307    17.018 r  y[15]_i_66/O
                         net (fo=1, routed)           0.000    17.018    y[15]_i_66_n_0
    SLICE_X45Y78         CARRY4 (Prop_carry4_S[1]_O[2])
                                                      0.580    17.598 r  y_reg[15]_i_48/O[2]
                         net (fo=1, routed)           0.550    18.148    y_reg[15]_i_48_n_5
    SLICE_X47Y78         LUT2 (Prop_lut2_I1_O)        0.302    18.450 r  y[15]_i_47/O
                         net (fo=1, routed)           0.000    18.450    y[15]_i_47_n_0
    SLICE_X47Y78         CARRY4 (Prop_carry4_S[0]_O[0])
                                                      0.247    18.697 r  y_reg[15]_i_25/O[0]
                         net (fo=1, routed)           0.439    19.136    y_reg[15]_i_25_n_7
    SLICE_X44Y76         LUT2 (Prop_lut2_I1_O)        0.299    19.435 r  y[15]_i_37/O
                         net (fo=1, routed)           0.000    19.435    y[15]_i_37_n_0
    SLICE_X44Y76         CARRY4 (Prop_carry4_S[3]_O[3])
                                                      0.248    19.683 r  y_reg[15]_i_23/O[3]
                         net (fo=1, routed)           0.458    20.142    y_reg[15]_i_23_n_4
    SLICE_X43Y75         LUT2 (Prop_lut2_I1_O)        0.306    20.448 r  y[15]_i_21/O
                         net (fo=1, routed)           0.000    20.448    y[15]_i_21_n_0
    SLICE_X43Y75         CARRY4 (Prop_carry4_S[0]_O[0])
                                                      0.247    20.695 r  y_reg[15]_i_8/O[0]
                         net (fo=1, routed)           0.478    21.172    y_reg[15]_i_8_n_7
    SLICE_X45Y73         LUT2 (Prop_lut2_I1_O)        0.299    21.471 r  y[15]_i_12/O
                         net (fo=1, routed)           0.000    21.471    y[15]_i_12_n_0
    SLICE_X45Y73         CARRY4 (Prop_carry4_S[3]_O[3])
                                                      0.248    21.719 r  y_reg[15]_i_7/O[3]
                         net (fo=1, routed)           0.554    22.274    y_reg[15]_i_7_n_4
    SLICE_X46Y74         LUT2 (Prop_lut2_I1_O)        0.306    22.580 r  y[13]_i_7/O
                         net (fo=1, routed)           0.000    22.580    y[13]_i_7_n_0
    SLICE_X46Y74         CARRY4 (Prop_carry4_S[0]_O[0])
                                                      0.252    22.832 r  y_reg[13]_i_2/O[0]
                         net (fo=1, routed)           0.581    23.412    C[10]
    SLICE_X47Y74         LUT2 (Prop_lut2_I1_O)        0.295    23.707 r  y[13]_i_3/O
                         net (fo=1, routed)           0.000    23.707    y[13]_i_3_n_0
    SLICE_X47Y74         CARRY4 (Prop_carry4_S[0]_O[1])
                                                      0.424    24.131 r  y_reg[13]_i_1/O[1]
                         net (fo=1, routed)           0.000    24.131    acc[11]
    SLICE_X47Y74         FDRE                                         r  y_reg[11]/D
  -------------------------------------------------------------------    -------------------

                         (clock vclk rise edge)      25.201    25.201 r  <hidden>
                                                      0.000    25.201 r  clk
                         net (fo=173, unset)          0.924    26.125    clk
    SLICE_X47Y74         FDRE                                         r  y_reg[11]/C
                         clock pessimism              0.000    26.125    <hidden>
                         clock uncertainty           -0.035    26.090    <hidden>
    SLICE_X47Y74         FDRE (Setup_fdre_C_D)        0.062    26.152    y_reg[11]
  -------------------------------------------------------------------
                         required time                         26.152    <hidden>
                         arrival time                         -24.131    <hidden>
  -------------------------------------------------------------------
                         slack                                  2.021    <hidden>

Slack (MET) :             2.198ns  (required time - arrival time)
  Source:                 d19_reg[1]/C
                            (rising edge-triggered cell FDRE clocked by vclk  {rise@0.000ns fall@12.601ns period=25.201ns})
  Destination:            y_reg[10]/D
                            (rising edge-triggered cell FDRE clocked by vclk  {rise@0.000ns fall@12.601ns period=25.201ns})
  Path Group:             vclk
  Path Type:              Setup (Max at Slow Process Corner)
  Requirement:            25.201ns  (vclk rise@25.201ns - vclk rise@0.000ns)
  Data Path Delay:        22.981ns  (logic 12.959ns (56.389%)  route 10.022ns (43.611%))
  Logic Levels:           40  (CARRY4=21 LUT2=19)
  Clock Path Skew:        -0.049ns (DCD - SCD + CPR)
    Destination Clock Delay (DCD):    0.924ns = ( 26.125 - 25.201 ) 
    Source Clock Delay      (SCD):    0.973ns
    Clock Pessimism Removal (CPR):    0.000ns
  Clock Uncertainty:      0.035ns  ((TSJ^2 + TIJ^2)^1/2 + DJ) / 2 + PE
    Total System Jitter     (TSJ):    0.071ns
    Total Input Jitter      (TIJ):    0.000ns
    Discrete Jitter          (DJ):    0.000ns
    Phase Error              (PE):    0.000ns

    Location             Delay type                Incr(ns)  Path(ns)    Netlist Resource(s)
  -------------------------------------------------------------------    -------------------
                         (clock vclk rise edge)       0.000     0.000 r  <hidden>
                                                      0.000     0.000 r  clk
                         net (fo=173, unset)          0.973     0.973    clk
    SLICE_X33Y72         FDRE                                         r  d19_reg[1]/C
  -------------------------------------------------------------------    -------------------
    SLICE_X33Y72         FDRE (Prop_fdre_C_Q)         0.456     1.429 r  d19_reg[1]/Q
                         net (fo=3, routed)           0.475     1.904    d19[1]
    SLICE_X33Y72         CARRY4 (Prop_carry4_S[0]_O[0])
                                                      0.371     2.275 r  y_reg[5]_i_145/O[0]
                         net (fo=2, routed)           0.722     2.997    acc0[5]
    SLICE_X34Y74         LUT2 (Prop_lut2_I0_O)        0.299     3.296 r  y[5]_i_147/O
                         net (fo=1, routed)           0.000     3.296    y[5]_i_147_n_0
    SLICE_X34Y74         CARRY4 (Prop_carry4_S[2]_O[2])
                                                      0.250     3.546 r  y_reg[5]_i_144/O[2]
                         net (fo=1, routed)           0.604     4.150    y_reg[5]_i_144_n_5
    SLICE_X36Y74         LUT2 (Prop_lut2_I1_O)        0.301     4.451 r  y[5]_i_134/O
                         net (fo=1, routed)           0.000     4.451    y[5]_i_134_n_0
    SLICE_X36Y74         CARRY4 (Prop_carry4_S[3]_O[3])
                                                      0.255     4.706 r  y_reg[5]_i_127/O[3]
                         net (fo=1, routed)           0.322     5.028    y_reg[5]_i_127_n_4
    SLICE_X37Y75         LUT2 (Prop_lut2_I1_O)        0.307     5.335 r  y[5]_i_130/O
                         net (fo=1, routed)           0.000     5.335    y[5]_i_130_n_0
    SLICE_X37Y75         CARRY4 (Prop_carry4_S[2]_O[2])
                                                      0.248     5.583 r  y_reg[5]_i_126/O[2]
                         net (fo=1, routed)           0.477     6.060    y_reg[5]_i_126_n_5
    SLICE_X38Y74         LUT2 (Prop_lut2_I1_O)        0.302     6.362 r  y[5]_i_119/O
                         net (fo=1, routed)           0.000     6.362    y[5]_i_119_n_0
    SLICE_X38Y74         CARRY4 (Prop_carry4_S[3]_CO[3])
                                                      0.376     6.738 r  y_reg[5]_i_114/CO[3]
                         net (fo=1, routed)           0.009     6.747    y_reg[5]_i_114_n_0
    SLICE_X38Y75         CARRY4 (Prop_carry4_CI_O[0])
                                                      0.219     6.966 r  y_reg[15]_i_223/O[0]
                         net (fo=1, routed)           0.651     7.617    y_reg[15]_i_223_n_7
    SLICE_X41Y74         LUT2 (Prop_lut2_I1_O)        0.295     7.912 r  y[5]_i_117/O
                         net (fo=1, routed)           0.000     7.912    y[5]_i_117_n_0
    SLICE_X41Y74         CARRY4 (Prop_carry4_S[1]_O[2])
                                                      0.580     8.492 r  y_reg[5]_i_113/O[2]
                         net (fo=1, routed)           0.587     9.079    y_reg[5]_i_113_n_5
    SLICE_X39Y75         LUT2 (Prop_lut2_I1_O)        0.302     9.381 r  y[15]_i_205/O
                         net (fo=1, routed)           0.000     9.381    y[15]_i_205_n_0
    SLICE_X39Y75         CARRY4 (Prop_carry4_S[1]_O[2])
                                                      0.580     9.961 r  y_reg[15]_i_189/O[2]
                         net (fo=1, routed)           0.580    10.541    y_reg[15]_i_189_n_5
    SLICE_X39Y79         LUT2 (Prop_lut2_I1_O)        0.302    10.843 r  y[15]_i_184/O
                         net (fo=1, routed)           0.000    10.843    y[15]_i_184_n_0
    SLICE_X39Y79         CARRY4 (Prop_carry4_S[1]_O[2])
                                                      0.580    11.423 r  y_reg[15]_i_159/O[2]
                         net (fo=1, routed)           0.455    11.878    y_reg[15]_i_159_n_5
    SLICE_X40Y78         LUT2 (Prop_lut2_I1_O)        0.302    12.180 r  y[15]_i_164/O
                         net (fo=1, routed)           0.000    12.180    y[15]_i_164_n_0
    SLICE_X40Y78         CARRY4 (Prop_carry4_S[3]_O[3])
                                                      0.248    12.428 r  y_reg[15]_i_151/O[3]
                         net (fo=1, routed)           0.460    12.888    y_reg[15]_i_151_n_4
    SLICE_X41Y78         LUT2 (Prop_lut2_I1_O)        0.306    13.194 r  y[15]_i_132/O
                         net (fo=1, routed)           0.000    13.194    y[15]_i_132_n_0
    SLICE_X41Y78         CARRY4 (Prop_carry4_S[1]_O[1])
                                                      0.227    13.421 r  y_reg[15]_i_110/O[1]
                         net (fo=1, routed)           0.438    13.859    y_reg[15]_i_110_n_6
    SLICE_X42Y77         LUT2 (Prop_lut2_I1_O)        0.303    14.162 r  y[15]_i_119/O
                         net (fo=1, routed)           0.000    14.162    y[15]_i_119_n_0
    SLICE_X42Y77         CARRY4 (Prop_carry4_S[3]_O[3])
                                                      0.255    14.417 r  y_reg[15]_i_104/O[3]
                         net (fo=1, routed)           0.295    14.712    y_reg[15]_i_104_n_4
    SLICE_X43Y78         LUT2 (Prop_lut2_I1_O)        0.307    15.019 r  y[15]_i_98/O
                         net (fo=1, routed)           0.000    15.019    y[15]_i_98_n_0
    SLICE_X43Y78         CARRY4 (Prop_carry4_S[2]_O[2])
                                                      0.248    15.267 r  y_reg[15]_i_82/O[2]
                         net (fo=1, routed)           0.472    15.738    y_reg[15]_i_82_n_5
    SLICE_X46Y77         LUT2 (Prop_lut2_I1_O)        0.302    16.040 r  y[15]_i_88/O
                         net (fo=1, routed)           0.000    16.040    y[15]_i_88_n_0
    SLICE_X46Y77         CARRY4 (Prop_carry4_S[3]_O[3])
                                                      0.255    16.295 r  y_reg[15]_i_70/O[3]
                         net (fo=1, routed)           0.416    16.711    y_reg[15]_i_70_n_4
    SLICE_X45Y78         LUT2 (Prop_lut2_I1_O)        0.307    17.018 r  y[15]_i_66/O
                         net (fo=1, routed)           0.000    17.018    y[15]_i_66_n_0
    SLICE_X45Y78         CARRY4 (Prop_carry4_S[1]_O[2])
                                                      0.580    17.598 r  y_reg[15]_i_48/O[2]
                         net (fo=1, routed)           0.550    18.148    y_reg[15]_i_48_n_5
    SLICE_X47Y78         LUT2 (Prop_lut2_I1_O)        0.302    18.450 r  y[15]_i_47/O
                         net (fo=1, routed)           0.000    18.450    y[15]_i_47_n_0
    SLICE_X47Y78         CARRY4 (Prop_carry4_S[0]_O[0])
                                                      0.247    18.697 r  y_reg[15]_i_25/O[0]
                         net (fo=1, routed)           0.439    19.136    y_reg[15]_i_25_n_7
    SLICE_X44Y76         LUT2 (Prop_lut2_I1_O)        0.299    19.435 r  y[15]_i_37/O
                         net (fo=1, routed)           0.000    19.435    y[15]_i_37_n_0
    SLICE_X44Y76         CARRY4 (Prop_carry4_S[3]_O[3])
                                                      0.248    19.683 r  y_reg[15]_i_23/O[3]
                         net (fo=1, routed)           0.458    20.142    y_reg[15]_i_23_n_4
    SLICE_X43Y75         LUT2 (Prop_lut2_I1_O)        0.306    20.448 r  y[15]_i_21/O
                         net (fo=1, routed)           0.000    20.448    y[15]_i_21_n_0
    SLICE_X43Y75         CARRY4 (Prop_carry4_S[0]_O[0])
                                                      0.247    20.695 r  y_reg[15]_i_8/O[0]
                         net (fo=1, routed)           0.478    21.172    y_reg[15]_i_8_n_7
    SLICE_X45Y73         LUT2 (Prop_lut2_I1_O)        0.299    21.471 r  y[15]_i_12/O
                         net (fo=1, routed)           0.000    21.471    y[15]_i_12_n_0
    SLICE_X45Y73         CARRY4 (Prop_carry4_S[3]_O[3])
                                                      0.248    21.719 r  y_reg[15]_i_7/O[3]
                         net (fo=1, routed)           0.554    22.274    y_reg[15]_i_7_n_4
    SLICE_X46Y74         LUT2 (Prop_lut2_I1_O)        0.306    22.580 r  y[13]_i_7/O
                         net (fo=1, routed)           0.000    22.580    y[13]_i_7_n_0
    SLICE_X46Y74         CARRY4 (Prop_carry4_S[0]_O[0])
                                                      0.252    22.832 r  y_reg[13]_i_2/O[0]
                         net (fo=1, routed)           0.581    23.412    C[10]
    SLICE_X47Y74         LUT2 (Prop_lut2_I1_O)        0.295    23.707 r  y[13]_i_3/O
                         net (fo=1, routed)           0.000    23.707    y[13]_i_3_n_0
    SLICE_X47Y74         CARRY4 (Prop_carry4_S[0]_O[0])
                                                      0.247    23.954 r  y_reg[13]_i_1/O[0]
                         net (fo=1, routed)           0.000    23.954    acc[10]
    SLICE_X47Y74         FDRE                                         r  y_reg[10]/D
  -------------------------------------------------------------------    -------------------

                         (clock vclk rise edge)      25.201    25.201 r  <hidden>
                                                      0.000    25.201 r  clk
                         net (fo=173, unset)          0.924    26.125    clk
    SLICE_X47Y74         FDRE                                         r  y_reg[10]/C
                         clock pessimism              0.000    26.125    <hidden>
                         clock uncertainty           -0.035    26.090    <hidden>
    SLICE_X47Y74         FDRE (Setup_fdre_C_D)        0.062    26.152    y_reg[10]
  -------------------------------------------------------------------
                         required time                         26.152    <hidden>
                         arrival time                         -23.954    <hidden>
  -------------------------------------------------------------------
                         slack                                  2.198    <hidden>

Slack (MET) :             2.879ns  (required time - arrival time)
  Source:                 d19_reg[1]/C
                            (rising edge-triggered cell FDRE clocked by vclk  {rise@0.000ns fall@12.601ns period=25.201ns})
  Destination:            y_reg[9]/D
                            (rising edge-triggered cell FDRE clocked by vclk  {rise@0.000ns fall@12.601ns period=25.201ns})
  Path Group:             vclk
  Path Type:              Setup (Max at Slow Process Corner)
  Requirement:            25.201ns  (vclk rise@25.201ns - vclk rise@0.000ns)
  Data Path Delay:        22.300ns  (logic 12.589ns (56.453%)  route 9.711ns (43.547%))
  Logic Levels:           41  (CARRY4=22 LUT2=19)
  Clock Path Skew:        -0.049ns (DCD - SCD + CPR)
    Destination Clock Delay (DCD):    0.924ns = ( 26.125 - 25.201 ) 
    Source Clock Delay      (SCD):    0.973ns
    Clock Pessimism Removal (CPR):    0.000ns
  Clock Uncertainty:      0.035ns  ((TSJ^2 + TIJ^2)^1/2 + DJ) / 2 + PE
    Total System Jitter     (TSJ):    0.071ns
    Total Input Jitter      (TIJ):    0.000ns
    Discrete Jitter          (DJ):    0.000ns
    Phase Error              (PE):    0.000ns

    Location             Delay type                Incr(ns)  Path(ns)    Netlist Resource(s)
  -------------------------------------------------------------------    -------------------
                         (clock vclk rise edge)       0.000     0.000 r  <hidden>
                                                      0.000     0.000 r  clk
                         net (fo=173, unset)          0.973     0.973    clk
    SLICE_X33Y72         FDRE                                         r  d19_reg[1]/C
  -------------------------------------------------------------------    -------------------
    SLICE_X33Y72         FDRE (Prop_fdre_C_Q)         0.456     1.429 r  d19_reg[1]/Q
                         net (fo=3, routed)           0.475     1.904    d19[1]
    SLICE_X33Y72         CARRY4 (Prop_carry4_S[0]_O[0])
                                                      0.371     2.275 r  y_reg[5]_i_145/O[0]
                         net (fo=2, routed)           0.722     2.997    acc0[5]
    SLICE_X34Y74         LUT2 (Prop_lut2_I0_O)        0.299     3.296 r  y[5]_i_147/O
                         net (fo=1, routed)           0.000     3.296    y[5]_i_147_n_0
    SLICE_X34Y74         CARRY4 (Prop_carry4_S[2]_O[2])
                                                      0.250     3.546 r  y_reg[5]_i_144/O[2]
                         net (fo=1, routed)           0.604     4.150    y_reg[5]_i_144_n_5
    SLICE_X36Y74         LUT2 (Prop_lut2_I1_O)        0.301     4.451 r  y[5]_i_134/O
                         net (fo=1, routed)           0.000     4.451    y[5]_i_134_n_0
    SLICE_X36Y74         CARRY4 (Prop_carry4_S[3]_O[3])
                                                      0.255     4.706 r  y_reg[5]_i_127/O[3]
                         net (fo=1, routed)           0.322     5.028    y_reg[5]_i_127_n_4
    SLICE_X37Y75         LUT2 (Prop_lut2_I1_O)        0.307     5.335 r  y[5]_i_130/O
                         net (fo=1, routed)           0.000     5.335    y[5]_i_130_n_0
    SLICE_X37Y75         CARRY4 (Prop_carry4_S[2]_O[2])
                                                      0.248     5.583 r  y_reg[5]_i_126/O[2]
                         net (fo=1, routed)           0.477     6.060    y_reg[5]_i_126_n_5
    SLICE_X38Y74         LUT2 (Prop_lut2_I1_O)        0.302     6.362 r  y[5]_i_119/O
                         net (fo=1, routed)           0.000     6.362    y[5]_i_119_n_0
    SLICE_X38Y74         CARRY4 (Prop_carry4_S[3]_CO[3])
                                                      0.376     6.738 r  y_reg[5]_i_114/CO[3]
                         net (fo=1, routed)           0.009     6.747    y_reg[5]_i_114_n_0
    SLICE_X38Y75         CARRY4 (Prop_carry4_CI_O[0])
                                                      0.219     6.966 r  y_reg[15]_i_223/O[0]
                         net (fo=1, routed)           0.651     7.617    y_reg[15]_i_223_n_7
    SLICE_X41Y74         LUT2 (Prop_lut2_I1_O)        0.295     7.912 r  y[5]_i_117/O
                         net (fo=1, routed)           0.000     7.912    y[5]_i_117_n_0
    SLICE_X41Y74         CARRY4 (Prop_carry4_S[1]_O[2])
                                                      0.580     8.492 r  y_reg[5]_i_113/O[2]
                         net (fo=1, routed)           0.587     9.079    y_reg[5]_i_113_n_5
    SLICE_X39Y75         LUT2 (Prop_lut2_I1_O)        0.302     9.381 r  y[15]_i_205/O
                         net (fo=1, routed)           0.000     9.381    y[15]_i_205_n_0
    SLICE_X39Y75         CARRY4 (Prop_carry4_S[1]_O[1])
                                                      0.227     9.608 r  y_reg[15]_i_189/O[1]
                         net (fo=1, routed)           0.583    10.191    y_reg[15]_i_189_n_6
    SLICE_X39Y79         LUT2 (Prop_lut2_I1_O)        0.303    10.494 r  y[15]_i_185/O
                         net (fo=1, routed)           0.000    10.494    y[15]_i_185_n_0
    SLICE_X39Y79         CARRY4 (Prop_carry4_S[0]_O[0])
                                                      0.247    10.741 r  y_reg[15]_i_159/O[0]
                         net (fo=1, routed)           0.324    11.065    y_reg[15]_i_159_n_7
    SLICE_X40Y78         LUT2 (Prop_lut2_I1_O)        0.299    11.364 r  y[15]_i_166/O
                         net (fo=1, routed)           0.000    11.364    y[15]_i_166_n_0
    SLICE_X40Y78         CARRY4 (Prop_carry4_S[1]_O[1])
                                                      0.227    11.591 r  y_reg[15]_i_151/O[1]
                         net (fo=1, routed)           0.411    12.003    y_reg[15]_i_151_n_6
    SLICE_X41Y77         LUT2 (Prop_lut2_I1_O)        0.303    12.306 r  y[5]_i_76/O
                         net (fo=1, routed)           0.000    12.306    y[5]_i_76_n_0
    SLICE_X41Y77         CARRY4 (Prop_carry4_S[3]_CO[3])
                                                      0.401    12.707 r  y_reg[5]_i_73/CO[3]
                         net (fo=1, routed)           0.000    12.707    y_reg[5]_i_73_n_0
    SLICE_X41Y78         CARRY4 (Prop_carry4_CI_O[0])
                                                      0.222    12.929 r  y_reg[15]_i_110/O[0]
                         net (fo=1, routed)           0.440    13.369    y_reg[15]_i_110_n_7
    SLICE_X42Y77         LUT2 (Prop_lut2_I1_O)        0.299    13.668 r  y[15]_i_120/O
                         net (fo=1, routed)           0.000    13.668    y[15]_i_120_n_0
    SLICE_X42Y77         CARRY4 (Prop_carry4_S[2]_O[2])
                                                      0.250    13.918 r  y_reg[15]_i_104/O[2]
                         net (fo=1, routed)           0.411    14.328    y_reg[15]_i_104_n_5
    SLICE_X43Y78         LUT2 (Prop_lut2_I1_O)        0.301    14.629 r  y[15]_i_99/O
                         net (fo=1, routed)           0.000    14.629    y[15]_i_99_n_0
    SLICE_X43Y78         CARRY4 (Prop_carry4_S[1]_O[1])
                                                      0.227    14.856 r  y_reg[15]_i_82/O[1]
                         net (fo=1, routed)           0.460    15.316    y_reg[15]_i_82_n_6
    SLICE_X46Y77         LUT2 (Prop_lut2_I1_O)        0.303    15.619 r  y[15]_i_89/O
                         net (fo=1, routed)           0.000    15.619    y[15]_i_89_n_0
    SLICE_X46Y77         CARRY4 (Prop_carry4_S[2]_O[2])
                                                      0.250    15.869 r  y_reg[15]_i_70/O[2]
                         net (fo=1, routed)           0.449    16.318    y_reg[15]_i_70_n_5
    SLICE_X45Y78         LUT2 (Prop_lut2_I1_O)        0.301    16.619 r  y[15]_i_67/O
                         net (fo=1, routed)           0.000    16.619    y[15]_i_67_n_0
    SLICE_X45Y78         CARRY4 (Prop_carry4_S[0]_O[0])
                                                      0.247    16.866 r  y_reg[15]_i_48/O[0]
                         net (fo=1, routed)           0.428    17.293    y_reg[15]_i_48_n_7
    SLICE_X47Y77         LUT2 (Prop_lut2_I1_O)        0.299    17.592 r  y[15]_i_58/O
                         net (fo=1, routed)           0.000    17.592    y[15]_i_58_n_0
    SLICE_X47Y77         CARRY4 (Prop_carry4_S[2]_O[2])
                                                      0.248    17.840 r  y_reg[15]_i_43/O[2]
                         net (fo=1, routed)           0.431    18.271    y_reg[15]_i_43_n_5
    SLICE_X44Y76         LUT2 (Prop_lut2_I1_O)        0.302    18.573 r  y[15]_i_39/O
                         net (fo=1, routed)           0.000    18.573    y[15]_i_39_n_0
    SLICE_X44Y76         CARRY4 (Prop_carry4_S[1]_O[1])
                                                      0.227    18.800 r  y_reg[15]_i_23/O[1]
                         net (fo=1, routed)           0.603    19.403    y_reg[15]_i_23_n_6
    SLICE_X43Y74         LUT2 (Prop_lut2_I1_O)        0.303    19.706 r  y[15]_i_29/O
                         net (fo=1, routed)           0.000    19.706    y[15]_i_29_n_0
    SLICE_X43Y74         CARRY4 (Prop_carry4_S[2]_O[2])
                                                      0.248    19.954 r  y_reg[15]_i_16/O[2]
                         net (fo=1, routed)           0.431    20.384    y_reg[15]_i_16_n_5
    SLICE_X45Y73         LUT2 (Prop_lut2_I1_O)        0.302    20.686 r  y[15]_i_14/O
                         net (fo=1, routed)           0.000    20.686    y[15]_i_14_n_0
    SLICE_X45Y73         CARRY4 (Prop_carry4_S[1]_O[2])
                                                      0.580    21.266 r  y_reg[15]_i_7/O[2]
                         net (fo=1, routed)           0.309    21.575    y_reg[15]_i_7_n_5
    SLICE_X46Y73         LUT2 (Prop_lut2_I1_O)        0.302    21.877 r  y[13]_i_9/O
                         net (fo=1, routed)           0.000    21.877    y[13]_i_9_n_0
    SLICE_X46Y73         CARRY4 (Prop_carry4_S[3]_O[3])
                                                      0.255    22.132 r  y_reg[13]_i_4/O[3]
                         net (fo=1, routed)           0.586    22.718    C[9]
    SLICE_X47Y73         LUT2 (Prop_lut2_I1_O)        0.307    23.025 r  y[9]_i_2/O
                         net (fo=1, routed)           0.000    23.025    y[9]_i_2_n_0
    SLICE_X47Y73         CARRY4 (Prop_carry4_S[3]_O[3])
                                                      0.248    23.273 r  y_reg[9]_i_1/O[3]
                         net (fo=1, routed)           0.000    23.273    acc[9]
    SLICE_X47Y73         FDRE                                         r  y_reg[9]/D
  -------------------------------------------------------------------    -------------------

                         (clock vclk rise edge)      25.201    25.201 r  <hidden>
                                                      0.000    25.201 r  clk
                         net (fo=173, unset)          0.924    26.125    clk
    SLICE_X47Y73         FDRE                                         r  y_reg[9]/C
                         clock pessimism              0.000    26.125    <hidden>
                         clock uncertainty           -0.035    26.090    <hidden>
    SLICE_X47Y73         FDRE (Setup_fdre_C_D)        0.062    26.152    y_reg[9]
  -------------------------------------------------------------------
                         required time                         26.152    <hidden>
                         arrival time                         -23.273    <hidden>
  -------------------------------------------------------------------
                         slack                                  2.879    <hidden>

Slack (MET) :             3.431ns  (required time - arrival time)
  Source:                 d19_reg[1]/C
                            (rising edge-triggered cell FDRE clocked by vclk  {rise@0.000ns fall@12.601ns period=25.201ns})
  Destination:            y_reg[8]/D
                            (rising edge-triggered cell FDRE clocked by vclk  {rise@0.000ns fall@12.601ns period=25.201ns})
  Path Group:             vclk
  Path Type:              Setup (Max at Slow Process Corner)
  Requirement:            25.201ns  (vclk rise@25.201ns - vclk rise@0.000ns)
  Data Path Delay:        21.748ns  (logic 12.226ns (56.217%)  route 9.522ns (43.783%))
  Logic Levels:           41  (CARRY4=22 LUT2=19)
  Clock Path Skew:        -0.049ns (DCD - SCD + CPR)
    Destination Clock Delay (DCD):    0.924ns = ( 26.125 - 25.201 ) 
    Source Clock Delay      (SCD):    0.973ns
    Clock Pessimism Removal (CPR):    0.000ns
  Clock Uncertainty:      0.035ns  ((TSJ^2 + TIJ^2)^1/2 + DJ) / 2 + PE
    Total System Jitter     (TSJ):    0.071ns
    Total Input Jitter      (TIJ):    0.000ns
    Discrete Jitter          (DJ):    0.000ns
    Phase Error              (PE):    0.000ns

    Location             Delay type                Incr(ns)  Path(ns)    Netlist Resource(s)
  -------------------------------------------------------------------    -------------------
                         (clock vclk rise edge)       0.000     0.000 r  <hidden>
                                                      0.000     0.000 r  clk
                         net (fo=173, unset)          0.973     0.973    clk
    SLICE_X33Y72         FDRE                                         r  d19_reg[1]/C
  -------------------------------------------------------------------    -------------------
    SLICE_X33Y72         FDRE (Prop_fdre_C_Q)         0.456     1.429 r  d19_reg[1]/Q
                         net (fo=3, routed)           0.475     1.904    d19[1]
    SLICE_X33Y72         CARRY4 (Prop_carry4_S[0]_O[0])
                                                      0.371     2.275 r  y_reg[5]_i_145/O[0]
                         net (fo=2, routed)           0.722     2.997    acc0[5]
    SLICE_X34Y74         LUT2 (Prop_lut2_I0_O)        0.299     3.296 r  y[5]_i_147/O
                         net (fo=1, routed)           0.000     3.296    y[5]_i_147_n_0
    SLICE_X34Y74         CARRY4 (Prop_carry4_S[2]_O[2])
                                                      0.250     3.546 r  y_reg[5]_i_144/O[2]
                         net (fo=1, routed)           0.604     4.150    y_reg[5]_i_144_n_5
    SLICE_X36Y74         LUT2 (Prop_lut2_I1_O)        0.301     4.451 r  y[5]_i_134/O
                         net (fo=1, routed)           0.000     4.451    y[5]_i_134_n_0
    SLICE_X36Y74         CARRY4 (Prop_carry4_S[3]_O[3])
                                                      0.255     4.706 r  y_reg[5]_i_127/O[3]
                         net (fo=1, routed)           0.322     5.028    y_reg[5]_i_127_n_4
    SLICE_X37Y75         LUT2 (Prop_lut2_I1_O)        0.307     5.335 r  y[5]_i_130/O
                         net (fo=1, routed)           0.000     5.335    y[5]_i_130_n_0
    SLICE_X37Y75         CARRY4 (Prop_carry4_S[2]_O[2])
                                                      0.248     5.583 r  y_reg[5]_i_126/O[2]
                         net (fo=1, routed)           0.477     6.060    y_reg[5]_i_126_n_5
    SLICE_X38Y74         LUT2 (Prop_lut2_I1_O)        0.302     6.362 r  y[5]_i_119/O
                         net (fo=1, routed)           0.000     6.362    y[5]_i_119_n_0
    SLICE_X38Y74         CARRY4 (Prop_carry4_S[3]_CO[3])
                                                      0.376     6.738 r  y_reg[5]_i_114/CO[3]
                         net (fo=1, routed)           0.009     6.747    y_reg[5]_i_114_n_0
    SLICE_X38Y75         CARRY4 (Prop_carry4_CI_O[0])
                                                      0.219     6.966 r  y_reg[15]_i_223/O[0]
                         net (fo=1, routed)           0.651     7.617    y_reg[15]_i_223_n_7
    SLICE_X41Y74         LUT2 (Prop_lut2_I1_O)        0.295     7.912 r  y[5]_i_117/O
                         net (fo=1, routed)           0.000     7.912    y[5]_i_117_n_0
    SLICE_X41Y74         CARRY4 (Prop_carry4_S[1]_O[2])
                                                      0.580     8.492 r  y_reg[5]_i_113/O[2]
                         net (fo=1, routed)           0.587     9.079    y_reg[5]_i_113_n_5
    SLICE_X39Y75         LUT2 (Prop_lut2_I1_O)        0.302     9.381 r  y[15]_i_205/O
                         net (fo=1, routed)           0.000     9.381    y[15]_i_205_n_0
    SLICE_X39Y75         CARRY4 (Prop_carry4_S[1]_O[1])
                                                      0.227     9.608 r  y_reg[15]_i_189/O[1]
                         net (fo=1, routed)           0.583    10.191    y_reg[15]_i_189_n_6
    SLICE_X39Y79         LUT2 (Prop_lut2_I1_O)        0.303    10.494 r  y[15]_i_185/O
                         net (fo=1, routed)           0.000    10.494    y[15]_i_185_n_0
    SLICE_X39Y79         CARRY4 (Prop_carry4_S[0]_O[0])
                                                      0.247    10.741 r  y_reg[15]_i_159/O[0]
                         net (fo=1, routed)           0.324    11.065    y_reg[15]_i_159_n_7
    SLICE_X40Y78         LUT2 (Prop_lut2_I1_O)        0.299    11.364 r  y[15]_i_166/O
                         net (fo=1, routed)           0.000    11.364    y[15]_i_166_n_0
    SLICE_X40Y78         CARRY4 (Prop_carry4_S[1]_O[1])
                                                      0.227    11.591 r  y_reg[15]_i_151/O[1]
                         net (fo=1, routed)           0.411    12.003    y_reg[15]_i_151_n_6
    SLICE_X41Y77         LUT2 (Prop_lut2_I1_O)        0.303    12.306 r  y[5]_i_76/O
                         net (fo=1, routed)           0.000    12.306    y[5]_i_76_n_0
    SLICE_X41Y77         CARRY4 (Prop_carry4_S[3]_CO[3])
                                                      0.401    12.707 r  y_reg[5]_i_73/CO[3]
                         net (fo=1, routed)           0.000    12.707    y_reg[5]_i_73_n_0
    SLICE_X41Y78         CARRY4 (Prop_carry4_CI_O[0])
                                                      0.222    12.929 r  y_reg[15]_i_110/O[0]
                         net (fo=1, routed)           0.440    13.369    y_reg[15]_i_110_n_7
    SLICE_X42Y77         LUT2 (Prop_lut2_I1_O)        0.299    13.668 r  y[15]_i_120/O
                         net (fo=1, routed)           0.000    13.668    y[15]_i_120_n_0
    SLICE_X42Y77         CARRY4 (Prop_carry4_S[2]_O[2])
                                                      0.250    13.918 r  y_reg[15]_i_104/O[2]
                         net (fo=1, routed)           0.411    14.328    y_reg[15]_i_104_n_5
    SLICE_X43Y78         LUT2 (Prop_lut2_I1_O)        0.301    14.629 r  y[15]_i_99/O
                         net (fo=1, routed)           0.000    14.629    y[15]_i_99_n_0
    SLICE_X43Y78         CARRY4 (Prop_carry4_S[1]_O[1])
                                                      0.227    14.856 r  y_reg[15]_i_82/O[1]
                         net (fo=1, routed)           0.460    15.316    y_reg[15]_i_82_n_6
    SLICE_X46Y77         LUT2 (Prop_lut2_I1_O)        0.303    15.619 r  y[15]_i_89/O
                         net (fo=1, routed)           0.000    15.619    y[15]_i_89_n_0
    SLICE_X46Y77         CARRY4 (Prop_carry4_S[2]_O[2])
                                                      0.250    15.869 r  y_reg[15]_i_70/O[2]
                         net (fo=1, routed)           0.449    16.318    y_reg[15]_i_70_n_5
    SLICE_X45Y78         LUT2 (Prop_lut2_I1_O)        0.301    16.619 r  y[15]_i_67/O
                         net (fo=1, routed)           0.000    16.619    y[15]_i_67_n_0
    SLICE_X45Y78         CARRY4 (Prop_carry4_S[0]_O[0])
                                                      0.247    16.866 r  y_reg[15]_i_48/O[0]
                         net (fo=1, routed)           0.428    17.293    y_reg[15]_i_48_n_7
    SLICE_X47Y77         LUT2 (Prop_lut2_I1_O)        0.299    17.592 r  y[15]_i_58/O
                         net (fo=1, routed)           0.000    17.592    y[15]_i_58_n_0
    SLICE_X47Y77         CARRY4 (Prop_carry4_S[2]_O[2])
                                                      0.248    17.840 r  y_reg[15]_i_43/O[2]
                         net (fo=1, routed)           0.431    18.271    y_reg[15]_i_43_n_5
    SLICE_X44Y76         LUT2 (Prop_lut2_I1_O)        0.302    18.573 r  y[15]_i_39/O
                         net (fo=1, routed)           0.000    18.573    y[15]_i_39_n_0
    SLICE_X44Y76         CARRY4 (Prop_carry4_S[1]_O[1])
                                                      0.227    18.800 r  y_reg[15]_i_23/O[1]
                         net (fo=1, routed)           0.603    19.403    y_reg[15]_i_23_n_6
    SLICE_X43Y74         LUT2 (Prop_lut2_I1_O)        0.303    19.706 r  y[15]_i_29/O
                         net (fo=1, routed)           0.000    19.706    y[15]_i_29_n_0
    SLICE_X43Y74         CARRY4 (Prop_carry4_S[2]_O[2])
                                                      0.248    19.954 r  y_reg[15]_i_16/O[2]
                         net (fo=1, routed)           0.431    20.384    y_reg[15]_i_16_n_5
    SLICE_X45Y73         LUT2 (Prop_lut2_I1_O)        0.302    20.686 r  y[15]_i_14/O
                         net (fo=1, routed)           0.000    20.686    y[15]_i_14_n_0
    SLICE_X45Y73         CARRY4 (Prop_carry4_S[1]_O[1])
                                                      0.227    20.913 r  y_reg[15]_i_7/O[1]
                         net (fo=1, routed)           0.298    21.211    y_reg[15]_i_7_n_6
    SLICE_X46Y73         LUT2 (Prop_lut2_I1_O)        0.303    21.514 r  y[13]_i_10/O
                         net (fo=1, routed)           0.000    21.514    y[13]_i_10_n_0
    SLICE_X46Y73         CARRY4 (Prop_carry4_S[2]_O[2])
                                                      0.250    21.764 r  y_reg[13]_i_4/O[2]
                         net (fo=1, routed)           0.408    22.172    C[8]
    SLICE_X47Y73         LUT2 (Prop_lut2_I1_O)        0.301    22.473 r  y[9]_i_3/O
                         net (fo=1, routed)           0.000    22.473    y[9]_i_3_n_0
    SLICE_X47Y73         CARRY4 (Prop_carry4_S[2]_O[2])
                                                      0.248    22.721 r  y_reg[9]_i_1/O[2]
                         net (fo=1, routed)           0.000    22.721    acc[8]
    SLICE_X47Y73         FDRE                                         r  y_reg[8]/D
  -------------------------------------------------------------------    -------------------

                         (clock vclk rise edge)      25.201    25.201 r  <hidden>
                                                      0.000    25.201 r  clk
                         net (fo=173, unset)          0.924    26.125    clk
    SLICE_X47Y73         FDRE                                         r  y_reg[8]/C
                         clock pessimism              0.000    26.125    <hidden>
                         clock uncertainty           -0.035    26.090    <hidden>
    SLICE_X47Y73         FDRE (Setup_fdre_C_D)        0.062    26.152    y_reg[8]
  -------------------------------------------------------------------
                         required time                         26.152    <hidden>
                         arrival time                         -22.721    <hidden>
  -------------------------------------------------------------------
                         slack                                  3.431    <hidden>

Slack (MET) :             3.871ns  (required time - arrival time)
  Source:                 d19_reg[1]/C
                            (rising edge-triggered cell FDRE clocked by vclk  {rise@0.000ns fall@12.601ns period=25.201ns})
  Destination:            y_reg[7]/D
                            (rising edge-triggered cell FDRE clocked by vclk  {rise@0.000ns fall@12.601ns period=25.201ns})
  Path Group:             vclk
  Path Type:              Setup (Max at Slow Process Corner)
  Requirement:            25.201ns  (vclk rise@25.201ns - vclk rise@0.000ns)
  Data Path Delay:        21.308ns  (logic 11.808ns (55.416%)  route 9.500ns (44.584%))
  Logic Levels:           40  (CARRY4=21 LUT2=19)
  Clock Path Skew:        -0.049ns (DCD - SCD + CPR)
    Destination Clock Delay (DCD):    0.924ns = ( 26.125 - 25.201 ) 
    Source Clock Delay      (SCD):    0.973ns
    Clock Pessimism Removal (CPR):    0.000ns
  Clock Uncertainty:      0.035ns  ((TSJ^2 + TIJ^2)^1/2 + DJ) / 2 + PE
    Total System Jitter     (TSJ):    0.071ns
    Total Input Jitter      (TIJ):    0.000ns
    Discrete Jitter          (DJ):    0.000ns
    Phase Error              (PE):    0.000ns

    Location             Delay type                Incr(ns)  Path(ns)    Netlist Resource(s)
  -------------------------------------------------------------------    -------------------
                         (clock vclk rise edge)       0.000     0.000 r  <hidden>
                                                      0.000     0.000 r  clk
                         net (fo=173, unset)          0.973     0.973    clk
    SLICE_X33Y72         FDRE                                         r  d19_reg[1]/C
  -------------------------------------------------------------------    -------------------
    SLICE_X33Y72         FDRE (Prop_fdre_C_Q)         0.456     1.429 r  d19_reg[1]/Q
                         net (fo=3, routed)           0.475     1.904    d19[1]
    SLICE_X33Y72         CARRY4 (Prop_carry4_S[0]_O[0])
                                                      0.371     2.275 r  y_reg[5]_i_145/O[0]
                         net (fo=2, routed)           0.722     2.997    acc0[5]
    SLICE_X34Y74         LUT2 (Prop_lut2_I0_O)        0.299     3.296 r  y[5]_i_147/O
                         net (fo=1, routed)           0.000     3.296    y[5]_i_147_n_0
    SLICE_X34Y74         CARRY4 (Prop_carry4_S[2]_O[2])
                                                      0.250     3.546 r  y_reg[5]_i_144/O[2]
                         net (fo=1, routed)           0.604     4.150    y_reg[5]_i_144_n_5
    SLICE_X36Y74         LUT2 (Prop_lut2_I1_O)        0.301     4.451 r  y[5]_i_134/O
                         net (fo=1, routed)           0.000     4.451    y[5]_i_134_n_0
    SLICE_X36Y74         CARRY4 (Prop_carry4_S[3]_O[3])
                                                      0.255     4.706 r  y_reg[5]_i_127/O[3]
                         net (fo=1, routed)           0.322     5.028    y_reg[5]_i_127_n_4
    SLICE_X37Y75         LUT2 (Prop_lut2_I1_O)        0.307     5.335 r  y[5]_i_130/O
                         net (fo=1, routed)           0.000     5.335    y[5]_i_130_n_0
    SLICE_X37Y75         CARRY4 (Prop_carry4_S[2]_O[2])
                                                      0.248     5.583 r  y_reg[5]_i_126/O[2]
                         net (fo=1, routed)           0.477     6.060    y_reg[5]_i_126_n_5
    SLICE_X38Y74         LUT2 (Prop_lut2_I1_O)        0.302     6.362 r  y[5]_i_119/O
                         net (fo=1, routed)           0.000     6.362    y[5]_i_119_n_0
    SLICE_X38Y74         CARRY4 (Prop_carry4_S[3]_CO[3])
                                                      0.376     6.738 r  y_reg[5]_i_114/CO[3]
                         net (fo=1, routed)           0.009     6.747    y_reg[5]_i_114_n_0
    SLICE_X38Y75         CARRY4 (Prop_carry4_CI_O[0])
                                                      0.219     6.966 r  y_reg[15]_i_223/O[0]
                         net (fo=1, routed)           0.651     7.617    y_reg[15]_i_223_n_7
    SLICE_X41Y74         LUT2 (Prop_lut2_I1_O)        0.295     7.912 r  y[5]_i_117/O
                         net (fo=1, routed)           0.000     7.912    y[5]_i_117_n_0
    SLICE_X41Y74         CARRY4 (Prop_carry4_S[1]_O[2])
                                                      0.580     8.492 r  y_reg[5]_i_113/O[2]
                         net (fo=1, routed)           0.587     9.079    y_reg[5]_i_113_n_5
    SLICE_X39Y75         LUT2 (Prop_lut2_I1_O)        0.302     9.381 r  y[15]_i_205/O
                         net (fo=1, routed)           0.000     9.381    y[15]_i_205_n_0
    SLICE_X39Y75         CARRY4 (Prop_carry4_S[1]_O[1])
                                                      0.227     9.608 r  y_reg[15]_i_189/O[1]
                         net (fo=1, routed)           0.583    10.191    y_reg[15]_i_189_n_6
    SLICE_X39Y79         LUT2 (Prop_lut2_I1_O)        0.303    10.494 r  y[15]_i_185/O
                         net (fo=1, routed)           0.000    10.494    y[15]_i_185_n_0
    SLICE_X39Y79         CARRY4 (Prop_carry4_S[0]_O[0])
                                                      0.247    10.741 r  y_reg[15]_i_159/O[0]
                         net (fo=1, routed)           0.324    11.065    y_reg[15]_i_159_n_7
    SLICE_X40Y78         LUT2 (Prop_lut2_I1_O)        0.299    11.364 r  y[15]_i_166/O
                         net (fo=1, routed)           0.000    11.364    y[15]_i_166_n_0
    SLICE_X40Y78         CARRY4 (Prop_carry4_S[1]_O[1])
                                                      0.227    11.591 r  y_reg[15]_i_151/O[1]
                         net (fo=1, routed)           0.411    12.003    y_reg[15]_i_151_n_6
    SLICE_X41Y77         LUT2 (Prop_lut2_I1_O)        0.303    12.306 r  y[5]_i_76/O
                         net (fo=1, routed)           0.000    12.306    y[5]_i_76_n_0
    SLICE_X41Y77         CARRY4 (Prop_carry4_S[3]_O[3])
                                                      0.248    12.554 r  y_reg[5]_i_73/O[3]
                         net (fo=1, routed)           0.424    12.977    y_reg[5]_i_73_n_4
    SLICE_X42Y77         LUT2 (Prop_lut2_I1_O)        0.306    13.283 r  y[15]_i_121/O
                         net (fo=1, routed)           0.000    13.283    y[15]_i_121_n_0
    SLICE_X42Y77         CARRY4 (Prop_carry4_S[1]_O[1])
                                                      0.230    13.513 r  y_reg[15]_i_104/O[1]
                         net (fo=1, routed)           0.441    13.955    y_reg[15]_i_104_n_6
    SLICE_X43Y78         LUT2 (Prop_lut2_I1_O)        0.306    14.261 r  y[15]_i_100/O
                         net (fo=1, routed)           0.000    14.261    y[15]_i_100_n_0
    SLICE_X43Y78         CARRY4 (Prop_carry4_S[0]_O[0])
                                                      0.247    14.508 r  y_reg[15]_i_82/O[0]
                         net (fo=1, routed)           0.451    14.959    y_reg[15]_i_82_n_7
    SLICE_X46Y77         LUT2 (Prop_lut2_I1_O)        0.299    15.258 r  y[15]_i_90/O
                         net (fo=1, routed)           0.000    15.258    y[15]_i_90_n_0
    SLICE_X46Y77         CARRY4 (Prop_carry4_S[1]_O[1])
                                                      0.230    15.488 r  y_reg[15]_i_70/O[1]
                         net (fo=1, routed)           0.434    15.922    y_reg[15]_i_70_n_6
    SLICE_X45Y77         LUT2 (Prop_lut2_I1_O)        0.306    16.228 r  y[5]_i_47/O
                         net (fo=1, routed)           0.000    16.228    y[5]_i_47_n_0
    SLICE_X45Y77         CARRY4 (Prop_carry4_S[3]_O[3])
                                                      0.248    16.476 r  y_reg[5]_i_45/O[3]
                         net (fo=1, routed)           0.287    16.762    y_reg[5]_i_45_n_4
    SLICE_X47Y77         LUT2 (Prop_lut2_I1_O)        0.306    17.068 r  y[15]_i_59/O
                         net (fo=1, routed)           0.000    17.068    y[15]_i_59_n_0
    SLICE_X47Y77         CARRY4 (Prop_carry4_S[1]_O[1])
                                                      0.227    17.295 r  y_reg[15]_i_43/O[1]
                         net (fo=1, routed)           0.568    17.863    y_reg[15]_i_43_n_6
    SLICE_X44Y76         LUT2 (Prop_lut2_I1_O)        0.303    18.166 r  y[15]_i_40/O
                         net (fo=1, routed)           0.000    18.166    y[15]_i_40_n_0
    SLICE_X44Y76         CARRY4 (Prop_carry4_S[0]_O[0])
                                                      0.247    18.413 r  y_reg[15]_i_23/O[0]
                         net (fo=1, routed)           0.486    18.899    y_reg[15]_i_23_n_7
    SLICE_X43Y74         LUT2 (Prop_lut2_I1_O)        0.299    19.198 r  y[15]_i_30/O
                         net (fo=1, routed)           0.000    19.198    y[15]_i_30_n_0
    SLICE_X43Y74         CARRY4 (Prop_carry4_S[1]_O[1])
                                                      0.227    19.425 r  y_reg[15]_i_16/O[1]
                         net (fo=1, routed)           0.444    19.869    y_reg[15]_i_16_n_6
    SLICE_X45Y73         LUT2 (Prop_lut2_I1_O)        0.303    20.172 r  y[15]_i_15/O
                         net (fo=1, routed)           0.000    20.172    y[15]_i_15_n_0
    SLICE_X45Y73         CARRY4 (Prop_carry4_S[0]_O[0])
                                                      0.247    20.419 r  y_reg[15]_i_7/O[0]
                         net (fo=1, routed)           0.456    20.875    y_reg[15]_i_7_n_7
    SLICE_X46Y73         LUT2 (Prop_lut2_I1_O)        0.299    21.174 r  y[13]_i_11/O
                         net (fo=1, routed)           0.000    21.174    y[13]_i_11_n_0
    SLICE_X46Y73         CARRY4 (Prop_carry4_S[1]_O[1])
                                                      0.230    21.404 r  y_reg[13]_i_4/O[1]
                         net (fo=1, routed)           0.344    21.748    C[7]
    SLICE_X47Y73         LUT2 (Prop_lut2_I1_O)        0.306    22.054 r  y[9]_i_4/O
                         net (fo=1, routed)           0.000    22.054    y[9]_i_4_n_0
    SLICE_X47Y73         CARRY4 (Prop_carry4_S[1]_O[1])
                                                      0.227    22.281 r  y_reg[9]_i_1/O[1]
                         net (fo=1, routed)           0.000    22.281    acc[7]
    SLICE_X47Y73         FDRE                                         r  y_reg[7]/D
  -------------------------------------------------------------------    -------------------

                         (clock vclk rise edge)      25.201    25.201 r  <hidden>
                                                      0.000    25.201 r  clk
                         net (fo=173, unset)          0.924    26.125    clk
    SLICE_X47Y73         FDRE                                         r  y_reg[7]/C
                         clock pessimism              0.000    26.125    <hidden>
                         clock uncertainty           -0.035    26.090    <hidden>
    SLICE_X47Y73         FDRE (Setup_fdre_C_D)        0.062    26.152    y_reg[7]
  -------------------------------------------------------------------
                         required time                         26.152    <hidden>
                         arrival time                         -22.281    <hidden>
  -------------------------------------------------------------------
                         slack                                  3.871    <hidden>

Slack (MET) :             4.097ns  (required time - arrival time)
  Source:                 d19_reg[1]/C
                            (rising edge-triggered cell FDRE clocked by vclk  {rise@0.000ns fall@12.601ns period=25.201ns})
  Destination:            y_reg[6]/D
                            (rising edge-triggered cell FDRE clocked by vclk  {rise@0.000ns fall@12.601ns period=25.201ns})
  Path Group:             vclk
  Path Type:              Setup (Max at Slow Process Corner)
  Requirement:            25.201ns  (vclk rise@25.201ns - vclk rise@0.000ns)
  Data Path Delay:        21.082ns  (logic 11.635ns (55.188%)  route 9.447ns (44.812%))
  Logic Levels:           38  (CARRY4=20 LUT2=18)
  Clock Path Skew:        -0.049ns (DCD - SCD + CPR)
    Destination Clock Delay (DCD):    0.924ns = ( 26.125 - 25.201 ) 
    Source Clock Delay      (SCD):    0.973ns
    Clock Pessimism Removal (CPR):    0.000ns
  Clock Uncertainty:      0.035ns  ((TSJ^2 + TIJ^2)^1/2 + DJ) / 2 + PE
    Total System Jitter     (TSJ):    0.071ns
    Total Input Jitter      (TIJ):    0.000ns
    Discrete Jitter          (DJ):    0.000ns
    Phase Error              (PE):    0.000ns

    Location             Delay type                Incr(ns)  Path(ns)    Netlist Resource(s)
  -------------------------------------------------------------------    -------------------
                         (clock vclk rise edge)       0.000     0.000 r  <hidden>
                                                      0.000     0.000 r  clk
                         net (fo=173, unset)          0.973     0.973    clk
    SLICE_X33Y72         FDRE                                         r  d19_reg[1]/C
  -------------------------------------------------------------------    -------------------
    SLICE_X33Y72         FDRE (Prop_fdre_C_Q)         0.456     1.429 r  d19_reg[1]/Q
                         net (fo=3, routed)           0.475     1.904    d19[1]
    SLICE_X33Y72         CARRY4 (Prop_carry4_S[0]_O[0])
                                                      0.371     2.275 r  y_reg[5]_i_145/O[0]
                         net (fo=2, routed)           0.722     2.997    acc0[5]
    SLICE_X34Y74         LUT2 (Prop_lut2_I0_O)        0.299     3.296 r  y[5]_i_147/O
                         net (fo=1, routed)           0.000     3.296    y[5]_i_147_n_0
    SLICE_X34Y74         CARRY4 (Prop_carry4_S[2]_O[2])
                                                      0.250     3.546 r  y_reg[5]_i_144/O[2]
                         net (fo=1, routed)           0.604     4.150    y_reg[5]_i_144_n_5
    SLICE_X36Y74         LUT2 (Prop_lut2_I1_O)        0.301     4.451 r  y[5]_i_134/O
                         net (fo=1, routed)           0.000     4.451    y[5]_i_134_n_0
    SLICE_X36Y74         CARRY4 (Prop_carry4_S[3]_O[3])
                                                      0.255     4.706 r  y_reg[5]_i_127/O[3]
                         net (fo=1, routed)           0.322     5.028    y_reg[5]_i_127_n_4
    SLICE_X37Y75         LUT2 (Prop_lut2_I1_O)        0.307     5.335 r  y[5]_i_130/O
                         net (fo=1, routed)           0.000     5.335    y[5]_i_130_n_0
    SLICE_X37Y75         CARRY4 (Prop_carry4_S[2]_O[2])
                                                      0.248     5.583 r  y_reg[5]_i_126/O[2]
                         net (fo=1, routed)           0.477     6.060    y_reg[5]_i_126_n_5
    SLICE_X38Y74         LUT2 (Prop_lut2_I1_O)        0.302     6.362 r  y[5]_i_119/O
                         net (fo=1, routed)           0.000     6.362    y[5]_i_119_n_0
    SLICE_X38Y74         CARRY4 (Prop_carry4_S[3]_O[3])
                                                      0.255     6.617 r  y_reg[5]_i_114/O[3]
                         net (fo=1, routed)           0.411     7.027    y_reg[5]_i_114_n_4
    SLICE_X41Y74         CARRY4 (Prop_carry4_S[0]_O[0])
                                                      0.554     7.581 r  y_reg[5]_i_113/O[0]
                         net (fo=1, routed)           0.306     7.888    y_reg[5]_i_113_n_7
    SLICE_X39Y74         LUT2 (Prop_lut2_I1_O)        0.299     8.187 r  y[5]_i_103/O
                         net (fo=1, routed)           0.000     8.187    y[5]_i_103_n_0
    SLICE_X39Y74         CARRY4 (Prop_carry4_S[3]_O[3])
                                                      0.248     8.435 r  y_reg[5]_i_96/O[3]
                         net (fo=1, routed)           0.467     8.901    y_reg[5]_i_96_n_4
    SLICE_X39Y78         LUT2 (Prop_lut2_I1_O)        0.306     9.207 r  y[5]_i_99/O
                         net (fo=1, routed)           0.000     9.207    y[5]_i_99_n_0
    SLICE_X39Y78         CARRY4 (Prop_carry4_S[2]_O[2])
                                                      0.248     9.455 r  y_reg[5]_i_95/O[2]
                         net (fo=1, routed)           0.455     9.910    y_reg[5]_i_95_n_5
    SLICE_X40Y77         LUT2 (Prop_lut2_I1_O)        0.302    10.212 r  y[5]_i_81/O
                         net (fo=1, routed)           0.000    10.212    y[5]_i_81_n_0
    SLICE_X40Y77         CARRY4 (Prop_carry4_S[3]_O[3])
                                                      0.248    10.460 r  y_reg[5]_i_74/O[3]
                         net (fo=1, routed)           0.460    10.920    y_reg[5]_i_74_n_4
    SLICE_X41Y77         LUT2 (Prop_lut2_I1_O)        0.306    11.226 r  y[5]_i_78/O
                         net (fo=1, routed)           0.000    11.226    y[5]_i_78_n_0
    SLICE_X41Y77         CARRY4 (Prop_carry4_S[1]_O[1])
                                                      0.227    11.453 r  y_reg[5]_i_73/O[1]
                         net (fo=1, routed)           0.438    11.891    y_reg[5]_i_73_n_6
    SLICE_X42Y76         LUT2 (Prop_lut2_I1_O)        0.303    12.194 r  y[5]_i_65/O
                         net (fo=1, routed)           0.000    12.194    y[5]_i_65_n_0
    SLICE_X42Y76         CARRY4 (Prop_carry4_S[3]_O[3])
                                                      0.255    12.449 r  y_reg[5]_i_59/O[3]
                         net (fo=1, routed)           0.295    12.744    y_reg[5]_i_59_n_4
    SLICE_X43Y77         LUT2 (Prop_lut2_I1_O)        0.307    13.051 r  y[5]_i_61/O
                         net (fo=1, routed)           0.000    13.051    y[5]_i_61_n_0
    SLICE_X43Y77         CARRY4 (Prop_carry4_S[2]_O[2])
                                                      0.248    13.299 r  y_reg[5]_i_58/O[2]
                         net (fo=1, routed)           0.472    13.771    y_reg[5]_i_58_n_5
    SLICE_X46Y76         LUT2 (Prop_lut2_I1_O)        0.302    14.073 r  y[5]_i_51/O
                         net (fo=1, routed)           0.000    14.073    y[5]_i_51_n_0
    SLICE_X46Y76         CARRY4 (Prop_carry4_S[3]_O[3])
                                                      0.255    14.328 r  y_reg[5]_i_46/O[3]
                         net (fo=1, routed)           0.416    14.744    y_reg[5]_i_46_n_4
    SLICE_X45Y77         LUT2 (Prop_lut2_I1_O)        0.307    15.051 r  y[5]_i_49/O
                         net (fo=1, routed)           0.000    15.051    y[5]_i_49_n_0
    SLICE_X45Y77         CARRY4 (Prop_carry4_S[1]_O[2])
                                                      0.580    15.631 r  y_reg[5]_i_45/O[2]
                         net (fo=1, routed)           0.555    16.185    y_reg[5]_i_45_n_5
    SLICE_X47Y77         LUT2 (Prop_lut2_I1_O)        0.302    16.487 r  y[15]_i_60/O
                         net (fo=1, routed)           0.000    16.487    y[15]_i_60_n_0
    SLICE_X47Y77         CARRY4 (Prop_carry4_S[0]_O[0])
                                                      0.247    16.734 r  y_reg[15]_i_43/O[0]
                         net (fo=1, routed)           0.439    17.174    y_reg[15]_i_43_n_7
    SLICE_X44Y75         LUT2 (Prop_lut2_I1_O)        0.299    17.473 r  y[5]_i_30/O
                         net (fo=1, routed)           0.000    17.473    y[5]_i_30_n_0
    SLICE_X44Y75         CARRY4 (Prop_carry4_S[3]_O[3])
                                                      0.248    17.721 r  y_reg[5]_i_27/O[3]
                         net (fo=1, routed)           0.486    18.207    y_reg[5]_i_27_n_4
    SLICE_X43Y74         LUT2 (Prop_lut2_I1_O)        0.306    18.513 r  y[15]_i_31/O
                         net (fo=1, routed)           0.000    18.513    y[15]_i_31_n_0
    SLICE_X43Y74         CARRY4 (Prop_carry4_S[0]_O[0])
                                                      0.247    18.760 r  y_reg[15]_i_16/O[0]
                         net (fo=1, routed)           0.448    19.207    y_reg[15]_i_16_n_7
    SLICE_X45Y72         LUT2 (Prop_lut2_I1_O)        0.299    19.506 r  y[5]_i_16/O
                         net (fo=1, routed)           0.000    19.506    y[5]_i_16_n_0
    SLICE_X45Y72         CARRY4 (Prop_carry4_S[3]_O[3])
                                                      0.248    19.754 r  y_reg[5]_i_14/O[3]
                         net (fo=1, routed)           0.554    20.309    y_reg[5]_i_14_n_4
    SLICE_X46Y73         LUT2 (Prop_lut2_I1_O)        0.306    20.615 r  y[13]_i_12/O
                         net (fo=1, routed)           0.000    20.615    y[13]_i_12_n_0
    SLICE_X46Y73         CARRY4 (Prop_carry4_S[0]_O[0])
                                                      0.252    20.867 r  y_reg[13]_i_4/O[0]
                         net (fo=1, routed)           0.647    21.513    C[6]
    SLICE_X47Y73         LUT2 (Prop_lut2_I1_O)        0.295    21.808 r  y[9]_i_5/O
                         net (fo=1, routed)           0.000    21.808    y[9]_i_5_n_0
    SLICE_X47Y73         CARRY4 (Prop_carry4_S[0]_O[0])
                                                      0.247    22.055 r  y_reg[9]_i_1/O[0]
                         net (fo=1, routed)           0.000    22.055    acc[6]
    SLICE_X47Y73         FDRE                                         r  y_reg[6]/D
  -------------------------------------------------------------------    -------------------

                         (clock vclk rise edge)      25.201    25.201 r  <hidden>
                                                      0.000    25.201 r  clk
                         net (fo=173, unset)          0.924    26.125    clk
    SLICE_X47Y73         FDRE                                         r  y_reg[6]/C
                         clock pessimism              0.000    26.125    <hidden>
                         clock uncertainty           -0.035    26.090    <hidden>
    SLICE_X47Y73         FDRE (Setup_fdre_C_D)        0.062    26.152    y_reg[6]
  -------------------------------------------------------------------
                         required time                         26.152    <hidden>
                         arrival time                         -22.055    <hidden>
  -------------------------------------------------------------------
                         slack                                  4.097    <hidden>





Pulse Width Checks
--------------------------------------------------------------------------------------
Clock Name:         vclk
Waveform(ns):       { 0.000 12.601 }
Period(ns):         25.201
Sources:            { clk }

Check Type        Corner  Lib Pin  Reference Pin  Required(ns)  Actual(ns)  Slack(ns)  Location      Pin
Min Period        n/a     FDRE/C   n/a            1.000         25.201      24.201     SLICE_X37Y74  d0_reg[0]/C
Min Period        n/a     FDRE/C   n/a            1.000         25.201      24.201     SLICE_X35Y74  d0_reg[1]/C
Min Period        n/a     FDRE/C   n/a            1.000         25.201      24.201     SLICE_X35Y74  d0_reg[2]/C
Min Period        n/a     FDRE/C   n/a            1.000         25.201      24.201     SLICE_X34Y74  d0_reg[3]/C
Min Period        n/a     FDRE/C   n/a            1.000         25.201      24.201     SLICE_X35Y74  d0_reg[4]/C
Min Period        n/a     FDRE/C   n/a            1.000         25.201      24.201     SLICE_X34Y76  d0_reg[5]/C
Min Period        n/a     FDRE/C   n/a            1.000         25.201      24.201     SLICE_X33Y74  d0_reg[6]/C
Min Period        n/a     FDRE/C   n/a            1.000         25.201      24.201     SLICE_X35Y76  d0_reg[7]/C
Min Period        n/a     FDRE/C   n/a            1.000         25.201      24.201     SLICE_X33Y77  d10_reg[0]/C
Min Period        n/a     FDRE/C   n/a            1.000         25.201      24.201     SLICE_X33Y76  d10_reg[1]/C
Low Pulse Width   Slow    FDRE/C   n/a            0.500         12.601      12.101     SLICE_X37Y74  d0_reg[0]/C
Low Pulse Width   Fast    FDRE/C   n/a            0.500         12.601      12.101     SLICE_X37Y74  d0_reg[0]/C
Low Pulse Width   Slow    FDRE/C   n/a            0.500         12.601      12.101     SLICE_X35Y74  d0_reg[1]/C
Low Pulse Width   Fast    FDRE/C   n/a            0.500         12.601      12.101     SLICE_X35Y74  d0_reg[1]/C
Low Pulse Width   Slow    FDRE/C   n/a            0.500         12.601      12.101     SLICE_X35Y74  d0_reg[2]/C
Low Pulse Width   Fast    FDRE/C   n/a            0.500         12.601      12.101     SLICE_X35Y74  d0_reg[2]/C
Low Pulse Width   Slow    FDRE/C   n/a            0.500         12.601      12.101     SLICE_X34Y74  d0_reg[3]/C
Low Pulse Width   Fast    FDRE/C   n/a            0.500         12.601      12.101     SLICE_X34Y74  d0_reg[3]/C
Low Pulse Width   Slow    FDRE/C   n/a            0.500         12.601      12.101     SLICE_X35Y74  d0_reg[4]/C
Low Pulse Width   Fast    FDRE/C   n/a            0.500         12.601      12.101     SLICE_X35Y74  d0_reg[4]/C
High Pulse Width  Slow    FDRE/C   n/a            0.500         12.601      12.101     SLICE_X37Y74  d0_reg[0]/C
High Pulse Width  Fast    FDRE/C   n/a            0.500         12.601      12.101     SLICE_X37Y74  d0_reg[0]/C
High Pulse Width  Slow    FDRE/C   n/a            0.500         12.601      12.101     SLICE_X35Y74  d0_reg[1]/C
High Pulse Width  Fast    FDRE/C   n/a            0.500         12.601      12.101     SLICE_X35Y74  d0_reg[1]/C
High Pulse Width  Slow    FDRE/C   n/a            0.500         12.601      12.101     SLICE_X35Y74  d0_reg[2]/C
High Pulse Width  Fast    FDRE/C   n/a            0.500         12.601      12.101     SLICE_X35Y74  d0_reg[2]/C
High Pulse Width  Slow    FDRE/C   n/a            0.500         12.601      12.101     SLICE_X34Y74  d0_reg[3]/C
High Pulse Width  Fast    FDRE/C   n/a            0.500         12.601      12.101     SLICE_X34Y74  d0_reg[3]/C
High Pulse Width  Slow    FDRE/C   n/a            0.500         12.601      12.101     SLICE_X35Y74  d0_reg[4]/C
High Pulse Width  Fast    FDRE/C   n/a            0.500         12.601      12.101     SLICE_X35Y74  d0_reg[4]/C



