Copyright 1986-2022 Xilinx, Inc. All Rights Reserved. Copyright 2022-2026 Advanced Micro Devices, Inc. All Rights Reserved.
--------------------------------------------------------------------------------------------------------------------------------------------------------------------------------------------------------------------------------------------------------------------------------------------
| Tool Version : Vivado v.2026.1 (win64) Build 6511674 Tue Jun 16 11:02:23 MDT 2026
| Date         : Sun Aug 30 23:06:45 2026
| Host         : Amine running 64-bit major release  (build 9200)
| Command      : report_timing_summary -delay_type max -max_paths 10 -report_unconstrained -check_timing_verbose -warn_on_violation -file C:/Users/Amine/mas/fpga-repo/timing_closure_candidate_v7/results/c03_firr_sft_firr20_v6/trial_004_search_p27p491625_a0/reports/timing_summary.rpt
| Design       : sft__firr20_v6__g1
| Device       : 7z020-clg400
| Speed File   : -1  PRODUCTION 1.12 2019-11-22
| Design State : Routed
--------------------------------------------------------------------------------------------------------------------------------------------------------------------------------------------------------------------------------------------------------------------------------------------

Timing Summary Report

------------------------------------------------------------------------------------------------
| Timer Settings
| --------------
------------------------------------------------------------------------------------------------

  Enable Multi Corner Analysis               :  Yes
  Enable Pessimism Removal                   :  Yes
  Pessimism Removal Resolution               :  Nearest Common Node
  Enable Input Delay Default Clock           :  No
  Enable Preset / Clear Arcs                 :  No
  Disable Flight Delays                      :  No
  Ignore I/O Paths                           :  No
  Timing Early Launch at Borrowing Latches   :  No
  Borrow Time for Max Delay Exceptions       :  Yes
  Merge Timing Exceptions                    :  Yes
  Inter-SLR Compensation                     :  Conservative

  Corner  Analyze    Analyze    
  Name    Max Paths  Min Paths  
  ------  ---------  ---------  
  Slow    Yes        Yes        
  Fast    Yes        Yes        


------------------------------------------------------------------------------------------------
| Report Methodology
| ------------------
------------------------------------------------------------------------------------------------

No report available as report_methodology has not been run prior. Run report_methodology on the current design for the summary of methodology violations.



check_timing report

Table of Contents
-----------------
1. checking no_clock (0)
2. checking constant_clock (0)
3. checking pulse_width_clock (0)
4. checking unconstrained_internal_endpoints (0)
5. checking no_input_delay (0)
6. checking no_output_delay (0)
7. checking multiple_clock (0)
8. checking generated_clocks (0)
9. checking loops (0)
10. checking partial_input_delay (0)
11. checking partial_output_delay (0)
12. checking latch_loops (0)

1. checking no_clock (0)
------------------------
 There are 0 register/latch pins with no clock.


2. checking constant_clock (0)
------------------------------
 There are 0 register/latch pins with constant_clock.


3. checking pulse_width_clock (0)
---------------------------------
 There are 0 register/latch pins which need pulse_width check


4. checking unconstrained_internal_endpoints (0)
------------------------------------------------
 There are 0 pins that are not constrained for maximum delay.

 There are 0 pins that are not constrained for maximum delay due to constant clock.


5. checking no_input_delay (0)
------------------------------
 There are 0 input ports with no input delay specified.

 There are 0 input ports with no input delay but user has a false path constraint.


6. checking no_output_delay (0)
-------------------------------
 There are 0 ports with no output delay specified.

 There are 0 ports with no output delay but user has a false path constraint

 There are 0 ports with no output delay but with a timing clock defined on it or propagating through it


7. checking multiple_clock (0)
------------------------------
 There are 0 register/latch pins with multiple clocks.


8. checking generated_clocks (0)
--------------------------------
 There are 0 generated clocks that are not connected to a clock source.


9. checking loops (0)
---------------------
 There are 0 combinational loops in the design.


10. checking partial_input_delay (0)
------------------------------------
 There are 0 input ports with partial input delay specified.


11. checking partial_output_delay (0)
-------------------------------------
 There are 0 ports with partial output delay specified.


12. checking latch_loops (0)
----------------------------
 There are 0 combinational latch loops in the design through latch input



------------------------------------------------------------------------------------------------
| Design Timing Summary
| ---------------------
------------------------------------------------------------------------------------------------

    WNS(ns)      TNS(ns)  TNS Failing Endpoints  TNS Total Endpoints     WPWS(ns)     TPWS(ns)  TPWS Failing Endpoints  TPWS Total Endpoints  
    -------      -------  ---------------------  -------------------     --------     --------  ----------------------  --------------------  
      2.468        0.000                      0                  362       13.246        0.000                       0                   174  


All user specified timing constraints are met.


------------------------------------------------------------------------------------------------
| Clock Summary
| -------------
------------------------------------------------------------------------------------------------

Clock  Waveform(ns)       Period(ns)      Frequency(MHz)
-----  ------------       ----------      --------------
vclk   {0.000 13.746}     27.492          36.374          


------------------------------------------------------------------------------------------------
| Intra Clock Table
| -----------------
------------------------------------------------------------------------------------------------

Clock             WNS(ns)      TNS(ns)  TNS Failing Endpoints  TNS Total Endpoints     WPWS(ns)     TPWS(ns)  TPWS Failing Endpoints  TPWS Total Endpoints  
-----             -------      -------  ---------------------  -------------------     --------     --------  ----------------------  --------------------  
vclk                2.468        0.000                      0                  362       13.246        0.000                       0                   174  


------------------------------------------------------------------------------------------------
| Inter Clock Table
| -----------------
------------------------------------------------------------------------------------------------

From Clock    To Clock          WNS(ns)      TNS(ns)  TNS Failing Endpoints  TNS Total Endpoints  
----------    --------          -------      -------  ---------------------  -------------------  


------------------------------------------------------------------------------------------------
| Other Path Groups Table
| -----------------------
------------------------------------------------------------------------------------------------

Path Group    From Clock    To Clock          WNS(ns)      TNS(ns)  TNS Failing Endpoints  TNS Total Endpoints  
----------    ----------    --------          -------      -------  ---------------------  -------------------  


------------------------------------------------------------------------------------------------
| User Ignored Path Table
| -----------------------
------------------------------------------------------------------------------------------------

Path Group    From Clock    To Clock    
----------    ----------    --------    


------------------------------------------------------------------------------------------------
| Unconstrained Path Table
| ------------------------
------------------------------------------------------------------------------------------------

Path Group    From Clock    To Clock    
----------    ----------    --------    


------------------------------------------------------------------------------------------------
| Timing Details
| --------------
------------------------------------------------------------------------------------------------


---------------------------------------------------------------------------------------------------
From Clock:  vclk
  To Clock:  vclk

Setup :            0  Failing Endpoints,  Worst Slack        2.468ns,  Total Violation        0.000ns
Hold  :           NA  Failing Endpoints,  Worst Slack           NA  ,  Total Violation           NA
PW    :            0  Failing Endpoints,  Worst Slack       13.246ns,  Total Violation        0.000ns
---------------------------------------------------------------------------------------------------


Max Delay Paths
--------------------------------------------------------------------------------------
Slack (MET) :             2.468ns  (required time - arrival time)
  Source:                 d19_reg[1]/C
                            (rising edge-triggered cell FDRE clocked by vclk  {rise@0.000ns fall@13.746ns period=27.492ns})
  Destination:            y_reg[15]/D
                            (rising edge-triggered cell FDRE clocked by vclk  {rise@0.000ns fall@13.746ns period=27.492ns})
  Path Group:             vclk
  Path Type:              Setup (Max at Slow Process Corner)
  Requirement:            27.492ns  (vclk rise@27.492ns - vclk rise@0.000ns)
  Data Path Delay:        25.049ns  (logic 14.624ns (58.382%)  route 10.425ns (41.618%))
  Logic Levels:           40  (CARRY4=24 LUT2=16)
  Clock Path Skew:        -0.049ns (DCD - SCD + CPR)
    Destination Clock Delay (DCD):    0.924ns = ( 28.416 - 27.492 ) 
    Source Clock Delay      (SCD):    0.973ns
    Clock Pessimism Removal (CPR):    0.000ns
  Clock Uncertainty:      0.035ns  ((TSJ^2 + TIJ^2)^1/2 + DJ) / 2 + PE
    Total System Jitter     (TSJ):    0.071ns
    Total Input Jitter      (TIJ):    0.000ns
    Discrete Jitter          (DJ):    0.000ns
    Phase Error              (PE):    0.000ns

    Location             Delay type                Incr(ns)  Path(ns)    Netlist Resource(s)
  -------------------------------------------------------------------    -------------------
                         (clock vclk rise edge)       0.000     0.000 r  <hidden>
                                                      0.000     0.000 r  clk
                         net (fo=173, unset)          0.973     0.973    clk
    SLICE_X34Y62         FDRE                                         r  d19_reg[1]/C
  -------------------------------------------------------------------    -------------------
    SLICE_X34Y62         FDRE (Prop_fdre_C_Q)         0.518     1.491 r  d19_reg[1]/Q
                         net (fo=3, routed)           0.533     2.024    d19[1]
    SLICE_X34Y62         CARRY4 (Prop_carry4_S[0]_O[0])
                                                      0.376     2.400 r  y_reg[5]_i_145/O[0]
                         net (fo=2, routed)           0.573     2.973    acc0[5]
    SLICE_X35Y60         LUT2 (Prop_lut2_I0_O)        0.295     3.268 r  y[5]_i_147/O
                         net (fo=1, routed)           0.000     3.268    y[5]_i_147_n_0
    SLICE_X35Y60         CARRY4 (Prop_carry4_S[2]_O[2])
                                                      0.248     3.516 r  y_reg[5]_i_144/O[2]
                         net (fo=1, routed)           0.687     4.203    y_reg[5]_i_144_n_5
    SLICE_X35Y56         LUT2 (Prop_lut2_I1_O)        0.302     4.505 r  y[5]_i_134/O
                         net (fo=1, routed)           0.000     4.505    y[5]_i_134_n_0
    SLICE_X35Y56         CARRY4 (Prop_carry4_S[3]_O[3])
                                                      0.248     4.753 r  y_reg[5]_i_127/O[3]
                         net (fo=1, routed)           0.568     5.321    y_reg[5]_i_127_n_4
    SLICE_X34Y58         LUT2 (Prop_lut2_I1_O)        0.306     5.627 r  y[5]_i_130/O
                         net (fo=1, routed)           0.000     5.627    y[5]_i_130_n_0
    SLICE_X34Y58         CARRY4 (Prop_carry4_S[2]_O[2])
                                                      0.250     5.877 r  y_reg[5]_i_126/O[2]
                         net (fo=1, routed)           0.606     6.483    y_reg[5]_i_126_n_5
    SLICE_X36Y58         LUT2 (Prop_lut2_I1_O)        0.301     6.784 r  y[5]_i_119/O
                         net (fo=1, routed)           0.000     6.784    y[5]_i_119_n_0
    SLICE_X36Y58         CARRY4 (Prop_carry4_S[3]_CO[3])
                                                      0.376     7.160 r  y_reg[5]_i_114/CO[3]
                         net (fo=1, routed)           0.000     7.160    y_reg[5]_i_114_n_0
    SLICE_X36Y59         CARRY4 (Prop_carry4_CI_O[0])
                                                      0.219     7.379 r  y_reg[15]_i_223/O[0]
                         net (fo=1, routed)           0.702     8.081    y_reg[15]_i_223_n_7
    SLICE_X37Y56         LUT2 (Prop_lut2_I1_O)        0.295     8.376 r  y[5]_i_117/O
                         net (fo=1, routed)           0.000     8.376    y[5]_i_117_n_0
    SLICE_X37Y56         CARRY4 (Prop_carry4_S[1]_O[2])
                                                      0.580     8.956 r  y_reg[5]_i_113/O[2]
                         net (fo=1, routed)           0.434     9.390    y_reg[5]_i_113_n_5
    SLICE_X38Y57         LUT2 (Prop_lut2_I1_O)        0.302     9.692 r  y[15]_i_205/O
                         net (fo=1, routed)           0.000     9.692    y[15]_i_205_n_0
    SLICE_X38Y57         CARRY4 (Prop_carry4_S[1]_O[2])
                                                      0.578    10.270 r  y_reg[15]_i_189/O[2]
                         net (fo=1, routed)           0.574    10.844    y_reg[15]_i_189_n_5
    SLICE_X38Y61         LUT2 (Prop_lut2_I1_O)        0.301    11.145 r  y[15]_i_184/O
                         net (fo=1, routed)           0.000    11.145    y[15]_i_184_n_0
    SLICE_X38Y61         CARRY4 (Prop_carry4_S[1]_O[2])
                                                      0.578    11.723 r  y_reg[15]_i_159/O[2]
                         net (fo=1, routed)           0.400    12.122    y_reg[15]_i_159_n_5
    SLICE_X37Y60         LUT2 (Prop_lut2_I1_O)        0.301    12.423 r  y[15]_i_164/O
                         net (fo=1, routed)           0.000    12.423    y[15]_i_164_n_0
    SLICE_X37Y60         CARRY4 (Prop_carry4_S[3]_CO[3])
                                                      0.401    12.824 r  y_reg[15]_i_151/CO[3]
                         net (fo=1, routed)           0.000    12.824    y_reg[15]_i_151_n_0
    SLICE_X37Y61         CARRY4 (Prop_carry4_CI_O[0])
                                                      0.222    13.046 r  y_reg[15]_i_136/O[0]
                         net (fo=1, routed)           0.431    13.477    y_reg[15]_i_136_n_7
    SLICE_X39Y59         LUT2 (Prop_lut2_I1_O)        0.299    13.776 r  y[15]_i_131/O
                         net (fo=1, routed)           0.000    13.776    y[15]_i_131_n_0
    SLICE_X39Y59         CARRY4 (Prop_carry4_S[2]_O[2])
                                                      0.248    14.024 r  y_reg[15]_i_110/O[2]
                         net (fo=1, routed)           0.439    14.463    y_reg[15]_i_110_n_5
    SLICE_X40Y60         LUT2 (Prop_lut2_I1_O)        0.302    14.765 r  y[15]_i_109/O
                         net (fo=1, routed)           0.000    14.765    y[15]_i_109_n_0
    SLICE_X40Y60         CARRY4 (Prop_carry4_S[0]_O[0])
                                                      0.247    15.012 r  y_reg[15]_i_94/O[0]
                         net (fo=1, routed)           0.588    15.600    y_reg[15]_i_94_n_7
    SLICE_X39Y63         LUT2 (Prop_lut2_I1_O)        0.299    15.899 r  y[15]_i_97/O
                         net (fo=1, routed)           0.000    15.899    y[15]_i_97_n_0
    SLICE_X39Y63         CARRY4 (Prop_carry4_S[3]_O[3])
                                                      0.248    16.147 r  y_reg[15]_i_82/O[3]
                         net (fo=1, routed)           0.453    16.600    y_reg[15]_i_82_n_4
    SLICE_X40Y64         LUT2 (Prop_lut2_I1_O)        0.306    16.906 r  y[15]_i_76/O
                         net (fo=1, routed)           0.000    16.906    y[15]_i_76_n_0
    SLICE_X40Y64         CARRY4 (Prop_carry4_S[0]_O[0])
                                                      0.247    17.153 r  y_reg[15]_i_50/O[0]
                         net (fo=1, routed)           0.558    17.710    y_reg[15]_i_50_n_7
    SLICE_X41Y61         LUT2 (Prop_lut2_I1_O)        0.299    18.009 r  y[15]_i_65/O
                         net (fo=1, routed)           0.000    18.009    y[15]_i_65_n_0
    SLICE_X41Y61         CARRY4 (Prop_carry4_S[2]_O[2])
                                                      0.248    18.257 r  y_reg[15]_i_48/O[2]
                         net (fo=1, routed)           0.427    18.684    y_reg[15]_i_48_n_5
    SLICE_X42Y60         LUT2 (Prop_lut2_I1_O)        0.302    18.986 r  y[15]_i_47/O
                         net (fo=1, routed)           0.000    18.986    y[15]_i_47_n_0
    SLICE_X42Y60         CARRY4 (Prop_carry4_S[0]_O[0])
                                                      0.252    19.238 r  y_reg[15]_i_25/O[0]
                         net (fo=1, routed)           0.452    19.690    y_reg[15]_i_25_n_7
    SLICE_X44Y59         LUT2 (Prop_lut2_I1_O)        0.295    19.985 r  y[15]_i_37/O
                         net (fo=1, routed)           0.000    19.985    y[15]_i_37_n_0
    SLICE_X44Y59         CARRY4 (Prop_carry4_S[3]_CO[3])
                                                      0.401    20.386 r  y_reg[15]_i_23/CO[3]
                         net (fo=1, routed)           0.000    20.386    y_reg[15]_i_23_n_0
    SLICE_X44Y60         CARRY4 (Prop_carry4_CI_O[0])
                                                      0.222    20.608 r  y_reg[15]_i_11/O[0]
                         net (fo=1, routed)           0.443    21.051    y_reg[15]_i_11_n_7
    SLICE_X43Y61         LUT2 (Prop_lut2_I1_O)        0.299    21.350 r  y[15]_i_20/O
                         net (fo=1, routed)           0.000    21.350    y[15]_i_20_n_0
    SLICE_X43Y61         CARRY4 (Prop_carry4_S[1]_O[2])
                                                      0.580    21.930 r  y_reg[15]_i_8/O[2]
                         net (fo=1, routed)           0.630    22.560    y_reg[15]_i_8_n_5
    SLICE_X44Y64         CARRY4 (Prop_carry4_S[1]_O[2])
                                                      0.882    23.442 r  y_reg[15]_i_5/O[2]
                         net (fo=1, routed)           0.469    23.912    y_reg[15]_i_5_n_5
    SLICE_X45Y63         CARRY4 (Prop_carry4_S[3]_CO[3])
                                                      0.703    24.615 r  y_reg[13]_i_2/CO[3]
                         net (fo=1, routed)           0.000    24.615    y_reg[13]_i_2_n_0
    SLICE_X45Y64         CARRY4 (Prop_carry4_CI_O[0])
                                                      0.222    24.837 r  y_reg[15]_i_3/O[0]
                         net (fo=1, routed)           0.459    25.296    C[14]
    SLICE_X46Y64         CARRY4 (Prop_carry4_S[0]_O[1])
                                                      0.726    26.022 r  y_reg[15]_i_2/O[1]
                         net (fo=1, routed)           0.000    26.022    acc[15]
    SLICE_X46Y64         FDRE                                         r  y_reg[15]/D
  -------------------------------------------------------------------    -------------------

                         (clock vclk rise edge)      27.492    27.492 r  <hidden>
                                                      0.000    27.492 r  clk
                         net (fo=173, unset)          0.924    28.416    clk
    SLICE_X46Y64         FDRE                                         r  y_reg[15]/C
                         clock pessimism              0.000    28.416    <hidden>
                         clock uncertainty           -0.035    28.381    <hidden>
    SLICE_X46Y64         FDRE (Setup_fdre_C_D)        0.109    28.490    y_reg[15]
  -------------------------------------------------------------------
                         required time                         28.490    <hidden>
                         arrival time                         -26.022    <hidden>
  -------------------------------------------------------------------
                         slack                                  2.468    <hidden>

Slack (MET) :             2.643ns  (required time - arrival time)
  Source:                 d19_reg[1]/C
                            (rising edge-triggered cell FDRE clocked by vclk  {rise@0.000ns fall@13.746ns period=27.492ns})
  Destination:            y_reg[14]/D
                            (rising edge-triggered cell FDRE clocked by vclk  {rise@0.000ns fall@13.746ns period=27.492ns})
  Path Group:             vclk
  Path Type:              Setup (Max at Slow Process Corner)
  Requirement:            27.492ns  (vclk rise@27.492ns - vclk rise@0.000ns)
  Data Path Delay:        24.874ns  (logic 14.449ns (58.090%)  route 10.425ns (41.910%))
  Logic Levels:           40  (CARRY4=24 LUT2=16)
  Clock Path Skew:        -0.049ns (DCD - SCD + CPR)
    Destination Clock Delay (DCD):    0.924ns = ( 28.416 - 27.492 ) 
    Source Clock Delay      (SCD):    0.973ns
    Clock Pessimism Removal (CPR):    0.000ns
  Clock Uncertainty:      0.035ns  ((TSJ^2 + TIJ^2)^1/2 + DJ) / 2 + PE
    Total System Jitter     (TSJ):    0.071ns
    Total Input Jitter      (TIJ):    0.000ns
    Discrete Jitter          (DJ):    0.000ns
    Phase Error              (PE):    0.000ns

    Location             Delay type                Incr(ns)  Path(ns)    Netlist Resource(s)
  -------------------------------------------------------------------    -------------------
                         (clock vclk rise edge)       0.000     0.000 r  <hidden>
                                                      0.000     0.000 r  clk
                         net (fo=173, unset)          0.973     0.973    clk
    SLICE_X34Y62         FDRE                                         r  d19_reg[1]/C
  -------------------------------------------------------------------    -------------------
    SLICE_X34Y62         FDRE (Prop_fdre_C_Q)         0.518     1.491 r  d19_reg[1]/Q
                         net (fo=3, routed)           0.533     2.024    d19[1]
    SLICE_X34Y62         CARRY4 (Prop_carry4_S[0]_O[0])
                                                      0.376     2.400 r  y_reg[5]_i_145/O[0]
                         net (fo=2, routed)           0.573     2.973    acc0[5]
    SLICE_X35Y60         LUT2 (Prop_lut2_I0_O)        0.295     3.268 r  y[5]_i_147/O
                         net (fo=1, routed)           0.000     3.268    y[5]_i_147_n_0
    SLICE_X35Y60         CARRY4 (Prop_carry4_S[2]_O[2])
                                                      0.248     3.516 r  y_reg[5]_i_144/O[2]
                         net (fo=1, routed)           0.687     4.203    y_reg[5]_i_144_n_5
    SLICE_X35Y56         LUT2 (Prop_lut2_I1_O)        0.302     4.505 r  y[5]_i_134/O
                         net (fo=1, routed)           0.000     4.505    y[5]_i_134_n_0
    SLICE_X35Y56         CARRY4 (Prop_carry4_S[3]_O[3])
                                                      0.248     4.753 r  y_reg[5]_i_127/O[3]
                         net (fo=1, routed)           0.568     5.321    y_reg[5]_i_127_n_4
    SLICE_X34Y58         LUT2 (Prop_lut2_I1_O)        0.306     5.627 r  y[5]_i_130/O
                         net (fo=1, routed)           0.000     5.627    y[5]_i_130_n_0
    SLICE_X34Y58         CARRY4 (Prop_carry4_S[2]_O[2])
                                                      0.250     5.877 r  y_reg[5]_i_126/O[2]
                         net (fo=1, routed)           0.606     6.483    y_reg[5]_i_126_n_5
    SLICE_X36Y58         LUT2 (Prop_lut2_I1_O)        0.301     6.784 r  y[5]_i_119/O
                         net (fo=1, routed)           0.000     6.784    y[5]_i_119_n_0
    SLICE_X36Y58         CARRY4 (Prop_carry4_S[3]_CO[3])
                                                      0.376     7.160 r  y_reg[5]_i_114/CO[3]
                         net (fo=1, routed)           0.000     7.160    y_reg[5]_i_114_n_0
    SLICE_X36Y59         CARRY4 (Prop_carry4_CI_O[0])
                                                      0.219     7.379 r  y_reg[15]_i_223/O[0]
                         net (fo=1, routed)           0.702     8.081    y_reg[15]_i_223_n_7
    SLICE_X37Y56         LUT2 (Prop_lut2_I1_O)        0.295     8.376 r  y[5]_i_117/O
                         net (fo=1, routed)           0.000     8.376    y[5]_i_117_n_0
    SLICE_X37Y56         CARRY4 (Prop_carry4_S[1]_O[2])
                                                      0.580     8.956 r  y_reg[5]_i_113/O[2]
                         net (fo=1, routed)           0.434     9.390    y_reg[5]_i_113_n_5
    SLICE_X38Y57         LUT2 (Prop_lut2_I1_O)        0.302     9.692 r  y[15]_i_205/O
                         net (fo=1, routed)           0.000     9.692    y[15]_i_205_n_0
    SLICE_X38Y57         CARRY4 (Prop_carry4_S[1]_O[2])
                                                      0.578    10.270 r  y_reg[15]_i_189/O[2]
                         net (fo=1, routed)           0.574    10.844    y_reg[15]_i_189_n_5
    SLICE_X38Y61         LUT2 (Prop_lut2_I1_O)        0.301    11.145 r  y[15]_i_184/O
                         net (fo=1, routed)           0.000    11.145    y[15]_i_184_n_0
    SLICE_X38Y61         CARRY4 (Prop_carry4_S[1]_O[2])
                                                      0.578    11.723 r  y_reg[15]_i_159/O[2]
                         net (fo=1, routed)           0.400    12.122    y_reg[15]_i_159_n_5
    SLICE_X37Y60         LUT2 (Prop_lut2_I1_O)        0.301    12.423 r  y[15]_i_164/O
                         net (fo=1, routed)           0.000    12.423    y[15]_i_164_n_0
    SLICE_X37Y60         CARRY4 (Prop_carry4_S[3]_CO[3])
                                                      0.401    12.824 r  y_reg[15]_i_151/CO[3]
                         net (fo=1, routed)           0.000    12.824    y_reg[15]_i_151_n_0
    SLICE_X37Y61         CARRY4 (Prop_carry4_CI_O[0])
                                                      0.222    13.046 r  y_reg[15]_i_136/O[0]
                         net (fo=1, routed)           0.431    13.477    y_reg[15]_i_136_n_7
    SLICE_X39Y59         LUT2 (Prop_lut2_I1_O)        0.299    13.776 r  y[15]_i_131/O
                         net (fo=1, routed)           0.000    13.776    y[15]_i_131_n_0
    SLICE_X39Y59         CARRY4 (Prop_carry4_S[2]_O[2])
                                                      0.248    14.024 r  y_reg[15]_i_110/O[2]
                         net (fo=1, routed)           0.439    14.463    y_reg[15]_i_110_n_5
    SLICE_X40Y60         LUT2 (Prop_lut2_I1_O)        0.302    14.765 r  y[15]_i_109/O
                         net (fo=1, routed)           0.000    14.765    y[15]_i_109_n_0
    SLICE_X40Y60         CARRY4 (Prop_carry4_S[0]_O[0])
                                                      0.247    15.012 r  y_reg[15]_i_94/O[0]
                         net (fo=1, routed)           0.588    15.600    y_reg[15]_i_94_n_7
    SLICE_X39Y63         LUT2 (Prop_lut2_I1_O)        0.299    15.899 r  y[15]_i_97/O
                         net (fo=1, routed)           0.000    15.899    y[15]_i_97_n_0
    SLICE_X39Y63         CARRY4 (Prop_carry4_S[3]_O[3])
                                                      0.248    16.147 r  y_reg[15]_i_82/O[3]
                         net (fo=1, routed)           0.453    16.600    y_reg[15]_i_82_n_4
    SLICE_X40Y64         LUT2 (Prop_lut2_I1_O)        0.306    16.906 r  y[15]_i_76/O
                         net (fo=1, routed)           0.000    16.906    y[15]_i_76_n_0
    SLICE_X40Y64         CARRY4 (Prop_carry4_S[0]_O[0])
                                                      0.247    17.153 r  y_reg[15]_i_50/O[0]
                         net (fo=1, routed)           0.558    17.710    y_reg[15]_i_50_n_7
    SLICE_X41Y61         LUT2 (Prop_lut2_I1_O)        0.299    18.009 r  y[15]_i_65/O
                         net (fo=1, routed)           0.000    18.009    y[15]_i_65_n_0
    SLICE_X41Y61         CARRY4 (Prop_carry4_S[2]_O[2])
                                                      0.248    18.257 r  y_reg[15]_i_48/O[2]
                         net (fo=1, routed)           0.427    18.684    y_reg[15]_i_48_n_5
    SLICE_X42Y60         LUT2 (Prop_lut2_I1_O)        0.302    18.986 r  y[15]_i_47/O
                         net (fo=1, routed)           0.000    18.986    y[15]_i_47_n_0
    SLICE_X42Y60         CARRY4 (Prop_carry4_S[0]_O[0])
                                                      0.252    19.238 r  y_reg[15]_i_25/O[0]
                         net (fo=1, routed)           0.452    19.690    y_reg[15]_i_25_n_7
    SLICE_X44Y59         LUT2 (Prop_lut2_I1_O)        0.295    19.985 r  y[15]_i_37/O
                         net (fo=1, routed)           0.000    19.985    y[15]_i_37_n_0
    SLICE_X44Y59         CARRY4 (Prop_carry4_S[3]_CO[3])
                                                      0.401    20.386 r  y_reg[15]_i_23/CO[3]
                         net (fo=1, routed)           0.000    20.386    y_reg[15]_i_23_n_0
    SLICE_X44Y60         CARRY4 (Prop_carry4_CI_O[0])
                                                      0.222    20.608 r  y_reg[15]_i_11/O[0]
                         net (fo=1, routed)           0.443    21.051    y_reg[15]_i_11_n_7
    SLICE_X43Y61         LUT2 (Prop_lut2_I1_O)        0.299    21.350 r  y[15]_i_20/O
                         net (fo=1, routed)           0.000    21.350    y[15]_i_20_n_0
    SLICE_X43Y61         CARRY4 (Prop_carry4_S[1]_O[2])
                                                      0.580    21.930 r  y_reg[15]_i_8/O[2]
                         net (fo=1, routed)           0.630    22.560    y_reg[15]_i_8_n_5
    SLICE_X44Y64         CARRY4 (Prop_carry4_S[1]_O[2])
                                                      0.882    23.442 r  y_reg[15]_i_5/O[2]
                         net (fo=1, routed)           0.469    23.912    y_reg[15]_i_5_n_5
    SLICE_X45Y63         CARRY4 (Prop_carry4_S[3]_CO[3])
                                                      0.703    24.615 r  y_reg[13]_i_2/CO[3]
                         net (fo=1, routed)           0.000    24.615    y_reg[13]_i_2_n_0
    SLICE_X45Y64         CARRY4 (Prop_carry4_CI_O[0])
                                                      0.222    24.837 r  y_reg[15]_i_3/O[0]
                         net (fo=1, routed)           0.459    25.296    C[14]
    SLICE_X46Y64         CARRY4 (Prop_carry4_S[0]_O[0])
                                                      0.551    25.847 r  y_reg[15]_i_2/O[0]
                         net (fo=1, routed)           0.000    25.847    acc[14]
    SLICE_X46Y64         FDRE                                         r  y_reg[14]/D
  -------------------------------------------------------------------    -------------------

                         (clock vclk rise edge)      27.492    27.492 r  <hidden>
                                                      0.000    27.492 r  clk
                         net (fo=173, unset)          0.924    28.416    clk
    SLICE_X46Y64         FDRE                                         r  y_reg[14]/C
                         clock pessimism              0.000    28.416    <hidden>
                         clock uncertainty           -0.035    28.381    <hidden>
    SLICE_X46Y64         FDRE (Setup_fdre_C_D)        0.109    28.490    y_reg[14]
  -------------------------------------------------------------------
                         required time                         28.490    <hidden>
                         arrival time                         -25.847    <hidden>
  -------------------------------------------------------------------
                         slack                                  2.643    <hidden>

Slack (MET) :             3.008ns  (required time - arrival time)
  Source:                 d19_reg[1]/C
                            (rising edge-triggered cell FDRE clocked by vclk  {rise@0.000ns fall@13.746ns period=27.492ns})
  Destination:            y_reg[13]/D
                            (rising edge-triggered cell FDRE clocked by vclk  {rise@0.000ns fall@13.746ns period=27.492ns})
  Path Group:             vclk
  Path Type:              Setup (Max at Slow Process Corner)
  Requirement:            27.492ns  (vclk rise@27.492ns - vclk rise@0.000ns)
  Data Path Delay:        24.509ns  (logic 14.084ns (57.464%)  route 10.425ns (42.536%))
  Logic Levels:           39  (CARRY4=23 LUT2=16)
  Clock Path Skew:        -0.049ns (DCD - SCD + CPR)
    Destination Clock Delay (DCD):    0.924ns = ( 28.416 - 27.492 ) 
    Source Clock Delay      (SCD):    0.973ns
    Clock Pessimism Removal (CPR):    0.000ns
  Clock Uncertainty:      0.035ns  ((TSJ^2 + TIJ^2)^1/2 + DJ) / 2 + PE
    Total System Jitter     (TSJ):    0.071ns
    Total Input Jitter      (TIJ):    0.000ns
    Discrete Jitter          (DJ):    0.000ns
    Phase Error              (PE):    0.000ns

    Location             Delay type                Incr(ns)  Path(ns)    Netlist Resource(s)
  -------------------------------------------------------------------    -------------------
                         (clock vclk rise edge)       0.000     0.000 r  <hidden>
                                                      0.000     0.000 r  clk
                         net (fo=173, unset)          0.973     0.973    clk
    SLICE_X34Y62         FDRE                                         r  d19_reg[1]/C
  -------------------------------------------------------------------    -------------------
    SLICE_X34Y62         FDRE (Prop_fdre_C_Q)         0.518     1.491 r  d19_reg[1]/Q
                         net (fo=3, routed)           0.533     2.024    d19[1]
    SLICE_X34Y62         CARRY4 (Prop_carry4_S[0]_O[0])
                                                      0.376     2.400 r  y_reg[5]_i_145/O[0]
                         net (fo=2, routed)           0.573     2.973    acc0[5]
    SLICE_X35Y60         LUT2 (Prop_lut2_I0_O)        0.295     3.268 r  y[5]_i_147/O
                         net (fo=1, routed)           0.000     3.268    y[5]_i_147_n_0
    SLICE_X35Y60         CARRY4 (Prop_carry4_S[2]_O[2])
                                                      0.248     3.516 r  y_reg[5]_i_144/O[2]
                         net (fo=1, routed)           0.687     4.203    y_reg[5]_i_144_n_5
    SLICE_X35Y56         LUT2 (Prop_lut2_I1_O)        0.302     4.505 r  y[5]_i_134/O
                         net (fo=1, routed)           0.000     4.505    y[5]_i_134_n_0
    SLICE_X35Y56         CARRY4 (Prop_carry4_S[3]_O[3])
                                                      0.248     4.753 r  y_reg[5]_i_127/O[3]
                         net (fo=1, routed)           0.568     5.321    y_reg[5]_i_127_n_4
    SLICE_X34Y58         LUT2 (Prop_lut2_I1_O)        0.306     5.627 r  y[5]_i_130/O
                         net (fo=1, routed)           0.000     5.627    y[5]_i_130_n_0
    SLICE_X34Y58         CARRY4 (Prop_carry4_S[2]_O[2])
                                                      0.250     5.877 r  y_reg[5]_i_126/O[2]
                         net (fo=1, routed)           0.606     6.483    y_reg[5]_i_126_n_5
    SLICE_X36Y58         LUT2 (Prop_lut2_I1_O)        0.301     6.784 r  y[5]_i_119/O
                         net (fo=1, routed)           0.000     6.784    y[5]_i_119_n_0
    SLICE_X36Y58         CARRY4 (Prop_carry4_S[3]_CO[3])
                                                      0.376     7.160 r  y_reg[5]_i_114/CO[3]
                         net (fo=1, routed)           0.000     7.160    y_reg[5]_i_114_n_0
    SLICE_X36Y59         CARRY4 (Prop_carry4_CI_O[0])
                                                      0.219     7.379 r  y_reg[15]_i_223/O[0]
                         net (fo=1, routed)           0.702     8.081    y_reg[15]_i_223_n_7
    SLICE_X37Y56         LUT2 (Prop_lut2_I1_O)        0.295     8.376 r  y[5]_i_117/O
                         net (fo=1, routed)           0.000     8.376    y[5]_i_117_n_0
    SLICE_X37Y56         CARRY4 (Prop_carry4_S[1]_O[2])
                                                      0.580     8.956 r  y_reg[5]_i_113/O[2]
                         net (fo=1, routed)           0.434     9.390    y_reg[5]_i_113_n_5
    SLICE_X38Y57         LUT2 (Prop_lut2_I1_O)        0.302     9.692 r  y[15]_i_205/O
                         net (fo=1, routed)           0.000     9.692    y[15]_i_205_n_0
    SLICE_X38Y57         CARRY4 (Prop_carry4_S[1]_O[2])
                                                      0.578    10.270 r  y_reg[15]_i_189/O[2]
                         net (fo=1, routed)           0.574    10.844    y_reg[15]_i_189_n_5
    SLICE_X38Y61         LUT2 (Prop_lut2_I1_O)        0.301    11.145 r  y[15]_i_184/O
                         net (fo=1, routed)           0.000    11.145    y[15]_i_184_n_0
    SLICE_X38Y61         CARRY4 (Prop_carry4_S[1]_O[2])
                                                      0.578    11.723 r  y_reg[15]_i_159/O[2]
                         net (fo=1, routed)           0.400    12.122    y_reg[15]_i_159_n_5
    SLICE_X37Y60         LUT2 (Prop_lut2_I1_O)        0.301    12.423 r  y[15]_i_164/O
                         net (fo=1, routed)           0.000    12.423    y[15]_i_164_n_0
    SLICE_X37Y60         CARRY4 (Prop_carry4_S[3]_CO[3])
                                                      0.401    12.824 r  y_reg[15]_i_151/CO[3]
                         net (fo=1, routed)           0.000    12.824    y_reg[15]_i_151_n_0
    SLICE_X37Y61         CARRY4 (Prop_carry4_CI_O[0])
                                                      0.222    13.046 r  y_reg[15]_i_136/O[0]
                         net (fo=1, routed)           0.431    13.477    y_reg[15]_i_136_n_7
    SLICE_X39Y59         LUT2 (Prop_lut2_I1_O)        0.299    13.776 r  y[15]_i_131/O
                         net (fo=1, routed)           0.000    13.776    y[15]_i_131_n_0
    SLICE_X39Y59         CARRY4 (Prop_carry4_S[2]_O[2])
                                                      0.248    14.024 r  y_reg[15]_i_110/O[2]
                         net (fo=1, routed)           0.439    14.463    y_reg[15]_i_110_n_5
    SLICE_X40Y60         LUT2 (Prop_lut2_I1_O)        0.302    14.765 r  y[15]_i_109/O
                         net (fo=1, routed)           0.000    14.765    y[15]_i_109_n_0
    SLICE_X40Y60         CARRY4 (Prop_carry4_S[0]_O[0])
                                                      0.247    15.012 r  y_reg[15]_i_94/O[0]
                         net (fo=1, routed)           0.588    15.600    y_reg[15]_i_94_n_7
    SLICE_X39Y63         LUT2 (Prop_lut2_I1_O)        0.299    15.899 r  y[15]_i_97/O
                         net (fo=1, routed)           0.000    15.899    y[15]_i_97_n_0
    SLICE_X39Y63         CARRY4 (Prop_carry4_S[3]_O[3])
                                                      0.248    16.147 r  y_reg[15]_i_82/O[3]
                         net (fo=1, routed)           0.453    16.600    y_reg[15]_i_82_n_4
    SLICE_X40Y64         LUT2 (Prop_lut2_I1_O)        0.306    16.906 r  y[15]_i_76/O
                         net (fo=1, routed)           0.000    16.906    y[15]_i_76_n_0
    SLICE_X40Y64         CARRY4 (Prop_carry4_S[0]_O[0])
                                                      0.247    17.153 r  y_reg[15]_i_50/O[0]
                         net (fo=1, routed)           0.558    17.710    y_reg[15]_i_50_n_7
    SLICE_X41Y61         LUT2 (Prop_lut2_I1_O)        0.299    18.009 r  y[15]_i_65/O
                         net (fo=1, routed)           0.000    18.009    y[15]_i_65_n_0
    SLICE_X41Y61         CARRY4 (Prop_carry4_S[2]_O[2])
                                                      0.248    18.257 r  y_reg[15]_i_48/O[2]
                         net (fo=1, routed)           0.427    18.684    y_reg[15]_i_48_n_5
    SLICE_X42Y60         LUT2 (Prop_lut2_I1_O)        0.302    18.986 r  y[15]_i_47/O
                         net (fo=1, routed)           0.000    18.986    y[15]_i_47_n_0
    SLICE_X42Y60         CARRY4 (Prop_carry4_S[0]_O[0])
                                                      0.252    19.238 r  y_reg[15]_i_25/O[0]
                         net (fo=1, routed)           0.452    19.690    y_reg[15]_i_25_n_7
    SLICE_X44Y59         LUT2 (Prop_lut2_I1_O)        0.295    19.985 r  y[15]_i_37/O
                         net (fo=1, routed)           0.000    19.985    y[15]_i_37_n_0
    SLICE_X44Y59         CARRY4 (Prop_carry4_S[3]_CO[3])
                                                      0.401    20.386 r  y_reg[15]_i_23/CO[3]
                         net (fo=1, routed)           0.000    20.386    y_reg[15]_i_23_n_0
    SLICE_X44Y60         CARRY4 (Prop_carry4_CI_O[0])
                                                      0.222    20.608 r  y_reg[15]_i_11/O[0]
                         net (fo=1, routed)           0.443    21.051    y_reg[15]_i_11_n_7
    SLICE_X43Y61         LUT2 (Prop_lut2_I1_O)        0.299    21.350 r  y[15]_i_20/O
                         net (fo=1, routed)           0.000    21.350    y[15]_i_20_n_0
    SLICE_X43Y61         CARRY4 (Prop_carry4_S[1]_O[2])
                                                      0.580    21.930 r  y_reg[15]_i_8/O[2]
                         net (fo=1, routed)           0.630    22.560    y_reg[15]_i_8_n_5
    SLICE_X44Y64         CARRY4 (Prop_carry4_S[1]_O[2])
                                                      0.882    23.442 r  y_reg[15]_i_5/O[2]
                         net (fo=1, routed)           0.469    23.912    y_reg[15]_i_5_n_5
    SLICE_X45Y63         CARRY4 (Prop_carry4_S[3]_O[3])
                                                      0.550    24.462 r  y_reg[13]_i_2/O[3]
                         net (fo=1, routed)           0.460    24.921    C[13]
    SLICE_X46Y63         CARRY4 (Prop_carry4_S[3]_O[3])
                                                      0.561    25.482 r  y_reg[13]_i_1/O[3]
                         net (fo=1, routed)           0.000    25.482    acc[13]
    SLICE_X46Y63         FDRE                                         r  y_reg[13]/D
  -------------------------------------------------------------------    -------------------

                         (clock vclk rise edge)      27.492    27.492 r  <hidden>
                                                      0.000    27.492 r  clk
                         net (fo=173, unset)          0.924    28.416    clk
    SLICE_X46Y63         FDRE                                         r  y_reg[13]/C
                         clock pessimism              0.000    28.416    <hidden>
                         clock uncertainty           -0.035    28.381    <hidden>
    SLICE_X46Y63         FDRE (Setup_fdre_C_D)        0.109    28.490    y_reg[13]
  -------------------------------------------------------------------
                         required time                         28.490    <hidden>
                         arrival time                         -25.482    <hidden>
  -------------------------------------------------------------------
                         slack                                  3.008    <hidden>

Slack (MET) :             3.559ns  (required time - arrival time)
  Source:                 d19_reg[1]/C
                            (rising edge-triggered cell FDRE clocked by vclk  {rise@0.000ns fall@13.746ns period=27.492ns})
  Destination:            y_reg[12]/D
                            (rising edge-triggered cell FDRE clocked by vclk  {rise@0.000ns fall@13.746ns period=27.492ns})
  Path Group:             vclk
  Path Type:              Setup (Max at Slow Process Corner)
  Requirement:            27.492ns  (vclk rise@27.492ns - vclk rise@0.000ns)
  Data Path Delay:        23.958ns  (logic 13.723ns (57.279%)  route 10.235ns (42.721%))
  Logic Levels:           39  (CARRY4=23 LUT2=16)
  Clock Path Skew:        -0.049ns (DCD - SCD + CPR)
    Destination Clock Delay (DCD):    0.924ns = ( 28.416 - 27.492 ) 
    Source Clock Delay      (SCD):    0.973ns
    Clock Pessimism Removal (CPR):    0.000ns
  Clock Uncertainty:      0.035ns  ((TSJ^2 + TIJ^2)^1/2 + DJ) / 2 + PE
    Total System Jitter     (TSJ):    0.071ns
    Total Input Jitter      (TIJ):    0.000ns
    Discrete Jitter          (DJ):    0.000ns
    Phase Error              (PE):    0.000ns

    Location             Delay type                Incr(ns)  Path(ns)    Netlist Resource(s)
  -------------------------------------------------------------------    -------------------
                         (clock vclk rise edge)       0.000     0.000 r  <hidden>
                                                      0.000     0.000 r  clk
                         net (fo=173, unset)          0.973     0.973    clk
    SLICE_X34Y62         FDRE                                         r  d19_reg[1]/C
  -------------------------------------------------------------------    -------------------
    SLICE_X34Y62         FDRE (Prop_fdre_C_Q)         0.518     1.491 r  d19_reg[1]/Q
                         net (fo=3, routed)           0.533     2.024    d19[1]
    SLICE_X34Y62         CARRY4 (Prop_carry4_S[0]_O[0])
                                                      0.376     2.400 r  y_reg[5]_i_145/O[0]
                         net (fo=2, routed)           0.573     2.973    acc0[5]
    SLICE_X35Y60         LUT2 (Prop_lut2_I0_O)        0.295     3.268 r  y[5]_i_147/O
                         net (fo=1, routed)           0.000     3.268    y[5]_i_147_n_0
    SLICE_X35Y60         CARRY4 (Prop_carry4_S[2]_O[2])
                                                      0.248     3.516 r  y_reg[5]_i_144/O[2]
                         net (fo=1, routed)           0.687     4.203    y_reg[5]_i_144_n_5
    SLICE_X35Y56         LUT2 (Prop_lut2_I1_O)        0.302     4.505 r  y[5]_i_134/O
                         net (fo=1, routed)           0.000     4.505    y[5]_i_134_n_0
    SLICE_X35Y56         CARRY4 (Prop_carry4_S[3]_O[3])
                                                      0.248     4.753 r  y_reg[5]_i_127/O[3]
                         net (fo=1, routed)           0.568     5.321    y_reg[5]_i_127_n_4
    SLICE_X34Y58         LUT2 (Prop_lut2_I1_O)        0.306     5.627 r  y[5]_i_130/O
                         net (fo=1, routed)           0.000     5.627    y[5]_i_130_n_0
    SLICE_X34Y58         CARRY4 (Prop_carry4_S[2]_O[2])
                                                      0.250     5.877 r  y_reg[5]_i_126/O[2]
                         net (fo=1, routed)           0.606     6.483    y_reg[5]_i_126_n_5
    SLICE_X36Y58         LUT2 (Prop_lut2_I1_O)        0.301     6.784 r  y[5]_i_119/O
                         net (fo=1, routed)           0.000     6.784    y[5]_i_119_n_0
    SLICE_X36Y58         CARRY4 (Prop_carry4_S[3]_CO[3])
                                                      0.376     7.160 r  y_reg[5]_i_114/CO[3]
                         net (fo=1, routed)           0.000     7.160    y_reg[5]_i_114_n_0
    SLICE_X36Y59         CARRY4 (Prop_carry4_CI_O[0])
                                                      0.219     7.379 r  y_reg[15]_i_223/O[0]
                         net (fo=1, routed)           0.702     8.081    y_reg[15]_i_223_n_7
    SLICE_X37Y56         LUT2 (Prop_lut2_I1_O)        0.295     8.376 r  y[5]_i_117/O
                         net (fo=1, routed)           0.000     8.376    y[5]_i_117_n_0
    SLICE_X37Y56         CARRY4 (Prop_carry4_S[1]_O[2])
                                                      0.580     8.956 r  y_reg[5]_i_113/O[2]
                         net (fo=1, routed)           0.434     9.390    y_reg[5]_i_113_n_5
    SLICE_X38Y57         LUT2 (Prop_lut2_I1_O)        0.302     9.692 r  y[15]_i_205/O
                         net (fo=1, routed)           0.000     9.692    y[15]_i_205_n_0
    SLICE_X38Y57         CARRY4 (Prop_carry4_S[1]_O[2])
                                                      0.578    10.270 r  y_reg[15]_i_189/O[2]
                         net (fo=1, routed)           0.574    10.844    y_reg[15]_i_189_n_5
    SLICE_X38Y61         LUT2 (Prop_lut2_I1_O)        0.301    11.145 r  y[15]_i_184/O
                         net (fo=1, routed)           0.000    11.145    y[15]_i_184_n_0
    SLICE_X38Y61         CARRY4 (Prop_carry4_S[1]_O[2])
                                                      0.578    11.723 r  y_reg[15]_i_159/O[2]
                         net (fo=1, routed)           0.400    12.122    y_reg[15]_i_159_n_5
    SLICE_X37Y60         LUT2 (Prop_lut2_I1_O)        0.301    12.423 r  y[15]_i_164/O
                         net (fo=1, routed)           0.000    12.423    y[15]_i_164_n_0
    SLICE_X37Y60         CARRY4 (Prop_carry4_S[3]_CO[3])
                                                      0.401    12.824 r  y_reg[15]_i_151/CO[3]
                         net (fo=1, routed)           0.000    12.824    y_reg[15]_i_151_n_0
    SLICE_X37Y61         CARRY4 (Prop_carry4_CI_O[0])
                                                      0.222    13.046 r  y_reg[15]_i_136/O[0]
                         net (fo=1, routed)           0.431    13.477    y_reg[15]_i_136_n_7
    SLICE_X39Y59         LUT2 (Prop_lut2_I1_O)        0.299    13.776 r  y[15]_i_131/O
                         net (fo=1, routed)           0.000    13.776    y[15]_i_131_n_0
    SLICE_X39Y59         CARRY4 (Prop_carry4_S[2]_O[2])
                                                      0.248    14.024 r  y_reg[15]_i_110/O[2]
                         net (fo=1, routed)           0.439    14.463    y_reg[15]_i_110_n_5
    SLICE_X40Y60         LUT2 (Prop_lut2_I1_O)        0.302    14.765 r  y[15]_i_109/O
                         net (fo=1, routed)           0.000    14.765    y[15]_i_109_n_0
    SLICE_X40Y60         CARRY4 (Prop_carry4_S[0]_O[0])
                                                      0.247    15.012 r  y_reg[15]_i_94/O[0]
                         net (fo=1, routed)           0.588    15.600    y_reg[15]_i_94_n_7
    SLICE_X39Y63         LUT2 (Prop_lut2_I1_O)        0.299    15.899 r  y[15]_i_97/O
                         net (fo=1, routed)           0.000    15.899    y[15]_i_97_n_0
    SLICE_X39Y63         CARRY4 (Prop_carry4_S[3]_O[3])
                                                      0.248    16.147 r  y_reg[15]_i_82/O[3]
                         net (fo=1, routed)           0.453    16.600    y_reg[15]_i_82_n_4
    SLICE_X40Y64         LUT2 (Prop_lut2_I1_O)        0.306    16.906 r  y[15]_i_76/O
                         net (fo=1, routed)           0.000    16.906    y[15]_i_76_n_0
    SLICE_X40Y64         CARRY4 (Prop_carry4_S[0]_O[0])
                                                      0.247    17.153 r  y_reg[15]_i_50/O[0]
                         net (fo=1, routed)           0.558    17.710    y_reg[15]_i_50_n_7
    SLICE_X41Y61         LUT2 (Prop_lut2_I1_O)        0.299    18.009 r  y[15]_i_65/O
                         net (fo=1, routed)           0.000    18.009    y[15]_i_65_n_0
    SLICE_X41Y61         CARRY4 (Prop_carry4_S[2]_O[2])
                                                      0.248    18.257 r  y_reg[15]_i_48/O[2]
                         net (fo=1, routed)           0.427    18.684    y_reg[15]_i_48_n_5
    SLICE_X42Y60         LUT2 (Prop_lut2_I1_O)        0.302    18.986 r  y[15]_i_47/O
                         net (fo=1, routed)           0.000    18.986    y[15]_i_47_n_0
    SLICE_X42Y60         CARRY4 (Prop_carry4_S[0]_O[0])
                                                      0.252    19.238 r  y_reg[15]_i_25/O[0]
                         net (fo=1, routed)           0.452    19.690    y_reg[15]_i_25_n_7
    SLICE_X44Y59         LUT2 (Prop_lut2_I1_O)        0.295    19.985 r  y[15]_i_37/O
                         net (fo=1, routed)           0.000    19.985    y[15]_i_37_n_0
    SLICE_X44Y59         CARRY4 (Prop_carry4_S[3]_CO[3])
                                                      0.401    20.386 r  y_reg[15]_i_23/CO[3]
                         net (fo=1, routed)           0.000    20.386    y_reg[15]_i_23_n_0
    SLICE_X44Y60         CARRY4 (Prop_carry4_CI_O[0])
                                                      0.222    20.608 r  y_reg[15]_i_11/O[0]
                         net (fo=1, routed)           0.443    21.051    y_reg[15]_i_11_n_7
    SLICE_X43Y61         LUT2 (Prop_lut2_I1_O)        0.299    21.350 r  y[15]_i_20/O
                         net (fo=1, routed)           0.000    21.350    y[15]_i_20_n_0
    SLICE_X43Y61         CARRY4 (Prop_carry4_S[1]_O[2])
                                                      0.580    21.930 r  y_reg[15]_i_8/O[2]
                         net (fo=1, routed)           0.630    22.560    y_reg[15]_i_8_n_5
    SLICE_X44Y64         CARRY4 (Prop_carry4_S[1]_O[1])
                                                      0.529    23.089 r  y_reg[15]_i_5/O[1]
                         net (fo=1, routed)           0.440    23.530    y_reg[15]_i_5_n_6
    SLICE_X45Y63         CARRY4 (Prop_carry4_S[2]_O[2])
                                                      0.551    24.081 r  y_reg[13]_i_2/O[2]
                         net (fo=1, routed)           0.299    24.379    C[12]
    SLICE_X46Y63         CARRY4 (Prop_carry4_S[2]_O[2])
                                                      0.552    24.931 r  y_reg[13]_i_1/O[2]
                         net (fo=1, routed)           0.000    24.931    acc[12]
    SLICE_X46Y63         FDRE                                         r  y_reg[12]/D
  -------------------------------------------------------------------    -------------------

                         (clock vclk rise edge)      27.492    27.492 r  <hidden>
                                                      0.000    27.492 r  clk
                         net (fo=173, unset)          0.924    28.416    clk
    SLICE_X46Y63         FDRE                                         r  y_reg[12]/C
                         clock pessimism              0.000    28.416    <hidden>
                         clock uncertainty           -0.035    28.381    <hidden>
    SLICE_X46Y63         FDRE (Setup_fdre_C_D)        0.109    28.490    y_reg[12]
  -------------------------------------------------------------------
                         required time                         28.490    <hidden>
                         arrival time                         -24.931    <hidden>
  -------------------------------------------------------------------
                         slack                                  3.559    <hidden>

Slack (MET) :             3.892ns  (required time - arrival time)
  Source:                 d19_reg[1]/C
                            (rising edge-triggered cell FDRE clocked by vclk  {rise@0.000ns fall@13.746ns period=27.492ns})
  Destination:            y_reg[11]/D
                            (rising edge-triggered cell FDRE clocked by vclk  {rise@0.000ns fall@13.746ns period=27.492ns})
  Path Group:             vclk
  Path Type:              Setup (Max at Slow Process Corner)
  Requirement:            27.492ns  (vclk rise@27.492ns - vclk rise@0.000ns)
  Data Path Delay:        23.625ns  (logic 13.232ns (56.009%)  route 10.393ns (43.991%))
  Logic Levels:           42  (CARRY4=23 LUT2=19)
  Clock Path Skew:        -0.049ns (DCD - SCD + CPR)
    Destination Clock Delay (DCD):    0.924ns = ( 28.416 - 27.492 ) 
    Source Clock Delay      (SCD):    0.973ns
    Clock Pessimism Removal (CPR):    0.000ns
  Clock Uncertainty:      0.035ns  ((TSJ^2 + TIJ^2)^1/2 + DJ) / 2 + PE
    Total System Jitter     (TSJ):    0.071ns
    Total Input Jitter      (TIJ):    0.000ns
    Discrete Jitter          (DJ):    0.000ns
    Phase Error              (PE):    0.000ns

    Location             Delay type                Incr(ns)  Path(ns)    Netlist Resource(s)
  -------------------------------------------------------------------    -------------------
                         (clock vclk rise edge)       0.000     0.000 r  <hidden>
                                                      0.000     0.000 r  clk
                         net (fo=173, unset)          0.973     0.973    clk
    SLICE_X34Y62         FDRE                                         r  d19_reg[1]/C
  -------------------------------------------------------------------    -------------------
    SLICE_X34Y62         FDRE (Prop_fdre_C_Q)         0.518     1.491 r  d19_reg[1]/Q
                         net (fo=3, routed)           0.533     2.024    d19[1]
    SLICE_X34Y62         CARRY4 (Prop_carry4_S[0]_O[0])
                                                      0.376     2.400 r  y_reg[5]_i_145/O[0]
                         net (fo=2, routed)           0.573     2.973    acc0[5]
    SLICE_X35Y60         LUT2 (Prop_lut2_I0_O)        0.295     3.268 r  y[5]_i_147/O
                         net (fo=1, routed)           0.000     3.268    y[5]_i_147_n_0
    SLICE_X35Y60         CARRY4 (Prop_carry4_S[2]_O[2])
                                                      0.248     3.516 r  y_reg[5]_i_144/O[2]
                         net (fo=1, routed)           0.687     4.203    y_reg[5]_i_144_n_5
    SLICE_X35Y56         LUT2 (Prop_lut2_I1_O)        0.302     4.505 r  y[5]_i_134/O
                         net (fo=1, routed)           0.000     4.505    y[5]_i_134_n_0
    SLICE_X35Y56         CARRY4 (Prop_carry4_S[3]_O[3])
                                                      0.248     4.753 r  y_reg[5]_i_127/O[3]
                         net (fo=1, routed)           0.568     5.321    y_reg[5]_i_127_n_4
    SLICE_X34Y58         LUT2 (Prop_lut2_I1_O)        0.306     5.627 r  y[5]_i_130/O
                         net (fo=1, routed)           0.000     5.627    y[5]_i_130_n_0
    SLICE_X34Y58         CARRY4 (Prop_carry4_S[2]_O[2])
                                                      0.250     5.877 r  y_reg[5]_i_126/O[2]
                         net (fo=1, routed)           0.606     6.483    y_reg[5]_i_126_n_5
    SLICE_X36Y58         LUT2 (Prop_lut2_I1_O)        0.301     6.784 r  y[5]_i_119/O
                         net (fo=1, routed)           0.000     6.784    y[5]_i_119_n_0
    SLICE_X36Y58         CARRY4 (Prop_carry4_S[3]_CO[3])
                                                      0.376     7.160 r  y_reg[5]_i_114/CO[3]
                         net (fo=1, routed)           0.000     7.160    y_reg[5]_i_114_n_0
    SLICE_X36Y59         CARRY4 (Prop_carry4_CI_O[0])
                                                      0.219     7.379 r  y_reg[15]_i_223/O[0]
                         net (fo=1, routed)           0.702     8.081    y_reg[15]_i_223_n_7
    SLICE_X37Y56         LUT2 (Prop_lut2_I1_O)        0.295     8.376 r  y[5]_i_117/O
                         net (fo=1, routed)           0.000     8.376    y[5]_i_117_n_0
    SLICE_X37Y56         CARRY4 (Prop_carry4_S[1]_O[2])
                                                      0.580     8.956 r  y_reg[5]_i_113/O[2]
                         net (fo=1, routed)           0.434     9.390    y_reg[5]_i_113_n_5
    SLICE_X38Y57         LUT2 (Prop_lut2_I1_O)        0.302     9.692 r  y[15]_i_205/O
                         net (fo=1, routed)           0.000     9.692    y[15]_i_205_n_0
    SLICE_X38Y57         CARRY4 (Prop_carry4_S[1]_O[1])
                                                      0.230     9.922 r  y_reg[15]_i_189/O[1]
                         net (fo=1, routed)           0.594    10.516    y_reg[15]_i_189_n_6
    SLICE_X38Y61         LUT2 (Prop_lut2_I1_O)        0.306    10.822 r  y[15]_i_185/O
                         net (fo=1, routed)           0.000    10.822    y[15]_i_185_n_0
    SLICE_X38Y61         CARRY4 (Prop_carry4_S[0]_O[0])
                                                      0.252    11.074 r  y_reg[15]_i_159/O[0]
                         net (fo=1, routed)           0.302    11.376    y_reg[15]_i_159_n_7
    SLICE_X37Y60         LUT2 (Prop_lut2_I1_O)        0.295    11.671 r  y[15]_i_166/O
                         net (fo=1, routed)           0.000    11.671    y[15]_i_166_n_0
    SLICE_X37Y60         CARRY4 (Prop_carry4_S[1]_O[1])
                                                      0.227    11.898 r  y_reg[15]_i_151/O[1]
                         net (fo=1, routed)           0.555    12.453    y_reg[15]_i_151_n_6
    SLICE_X39Y58         LUT2 (Prop_lut2_I1_O)        0.303    12.756 r  y[5]_i_76/O
                         net (fo=1, routed)           0.000    12.756    y[5]_i_76_n_0
    SLICE_X39Y58         CARRY4 (Prop_carry4_S[3]_CO[3])
                                                      0.401    13.157 r  y_reg[5]_i_73/CO[3]
                         net (fo=1, routed)           0.000    13.157    y_reg[5]_i_73_n_0
    SLICE_X39Y59         CARRY4 (Prop_carry4_CI_O[0])
                                                      0.222    13.379 r  y_reg[15]_i_110/O[0]
                         net (fo=1, routed)           0.430    13.809    y_reg[15]_i_110_n_7
    SLICE_X40Y59         LUT2 (Prop_lut2_I1_O)        0.299    14.108 r  y[15]_i_120/O
                         net (fo=1, routed)           0.000    14.108    y[15]_i_120_n_0
    SLICE_X40Y59         CARRY4 (Prop_carry4_S[2]_O[2])
                                                      0.248    14.356 r  y_reg[15]_i_104/O[2]
                         net (fo=1, routed)           0.647    15.003    y_reg[15]_i_104_n_5
    SLICE_X39Y63         LUT2 (Prop_lut2_I1_O)        0.302    15.305 r  y[15]_i_99/O
                         net (fo=1, routed)           0.000    15.305    y[15]_i_99_n_0
    SLICE_X39Y63         CARRY4 (Prop_carry4_S[1]_O[2])
                                                      0.580    15.885 r  y_reg[15]_i_82/O[2]
                         net (fo=1, routed)           0.314    16.199    y_reg[15]_i_82_n_5
    SLICE_X40Y63         LUT2 (Prop_lut2_I1_O)        0.302    16.501 r  y[15]_i_88/O
                         net (fo=1, routed)           0.000    16.501    y[15]_i_88_n_0
    SLICE_X40Y63         CARRY4 (Prop_carry4_S[3]_O[3])
                                                      0.248    16.749 r  y_reg[15]_i_70/O[3]
                         net (fo=1, routed)           0.448    17.197    y_reg[15]_i_70_n_4
    SLICE_X41Y61         LUT2 (Prop_lut2_I1_O)        0.306    17.503 r  y[15]_i_66/O
                         net (fo=1, routed)           0.000    17.503    y[15]_i_66_n_0
    SLICE_X41Y61         CARRY4 (Prop_carry4_S[1]_O[1])
                                                      0.227    17.730 r  y_reg[15]_i_48/O[1]
                         net (fo=1, routed)           0.579    18.309    y_reg[15]_i_48_n_6
    SLICE_X42Y59         LUT2 (Prop_lut2_I1_O)        0.303    18.612 r  y[15]_i_57/O
                         net (fo=1, routed)           0.000    18.612    y[15]_i_57_n_0
    SLICE_X42Y59         CARRY4 (Prop_carry4_S[3]_O[3])
                                                      0.255    18.867 r  y_reg[15]_i_43/O[3]
                         net (fo=1, routed)           0.444    19.311    y_reg[15]_i_43_n_4
    SLICE_X44Y59         LUT2 (Prop_lut2_I1_O)        0.307    19.618 r  y[15]_i_38/O
                         net (fo=1, routed)           0.000    19.618    y[15]_i_38_n_0
    SLICE_X44Y59         CARRY4 (Prop_carry4_S[2]_O[2])
                                                      0.248    19.866 r  y_reg[15]_i_23/O[2]
                         net (fo=1, routed)           0.449    20.315    y_reg[15]_i_23_n_5
    SLICE_X43Y60         LUT2 (Prop_lut2_I1_O)        0.302    20.617 r  y[15]_i_28/O
                         net (fo=1, routed)           0.000    20.617    y[15]_i_28_n_0
    SLICE_X43Y60         CARRY4 (Prop_carry4_S[3]_O[3])
                                                      0.248    20.865 r  y_reg[15]_i_16/O[3]
                         net (fo=1, routed)           0.600    21.465    y_reg[15]_i_16_n_4
    SLICE_X44Y63         LUT2 (Prop_lut2_I1_O)        0.306    21.771 r  y[15]_i_13/O
                         net (fo=1, routed)           0.000    21.771    y[15]_i_13_n_0
    SLICE_X44Y63         CARRY4 (Prop_carry4_S[2]_O[2])
                                                      0.248    22.019 r  y_reg[15]_i_7/O[2]
                         net (fo=1, routed)           0.469    22.489    y_reg[15]_i_7_n_5
    SLICE_X45Y62         LUT2 (Prop_lut2_I1_O)        0.302    22.791 r  y[13]_i_9/O
                         net (fo=1, routed)           0.000    22.791    y[13]_i_9_n_0
    SLICE_X45Y62         CARRY4 (Prop_carry4_S[3]_CO[3])
                                                      0.401    23.192 r  y_reg[13]_i_4/CO[3]
                         net (fo=1, routed)           0.000    23.192    y_reg[13]_i_4_n_0
    SLICE_X45Y63         CARRY4 (Prop_carry4_CI_O[0])
                                                      0.222    23.414 r  y_reg[13]_i_2/O[0]
                         net (fo=1, routed)           0.458    23.872    C[10]
    SLICE_X46Y63         LUT2 (Prop_lut2_I1_O)        0.299    24.171 r  y[13]_i_3/O
                         net (fo=1, routed)           0.000    24.171    y[13]_i_3_n_0
    SLICE_X46Y63         CARRY4 (Prop_carry4_S[0]_O[1])
                                                      0.427    24.598 r  y_reg[13]_i_1/O[1]
                         net (fo=1, routed)           0.000    24.598    acc[11]
    SLICE_X46Y63         FDRE                                         r  y_reg[11]/D
  -------------------------------------------------------------------    -------------------

                         (clock vclk rise edge)      27.492    27.492 r  <hidden>
                                                      0.000    27.492 r  clk
                         net (fo=173, unset)          0.924    28.416    clk
    SLICE_X46Y63         FDRE                                         r  y_reg[11]/C
                         clock pessimism              0.000    28.416    <hidden>
                         clock uncertainty           -0.035    28.381    <hidden>
    SLICE_X46Y63         FDRE (Setup_fdre_C_D)        0.109    28.490    y_reg[11]
  -------------------------------------------------------------------
                         required time                         28.490    <hidden>
                         arrival time                         -24.598    <hidden>
  -------------------------------------------------------------------
                         slack                                  3.892    <hidden>

Slack (MET) :             4.067ns  (required time - arrival time)
  Source:                 d19_reg[1]/C
                            (rising edge-triggered cell FDRE clocked by vclk  {rise@0.000ns fall@13.746ns period=27.492ns})
  Destination:            y_reg[10]/D
                            (rising edge-triggered cell FDRE clocked by vclk  {rise@0.000ns fall@13.746ns period=27.492ns})
  Path Group:             vclk
  Path Type:              Setup (Max at Slow Process Corner)
  Requirement:            27.492ns  (vclk rise@27.492ns - vclk rise@0.000ns)
  Data Path Delay:        23.450ns  (logic 13.057ns (55.681%)  route 10.393ns (44.319%))
  Logic Levels:           42  (CARRY4=23 LUT2=19)
  Clock Path Skew:        -0.049ns (DCD - SCD + CPR)
    Destination Clock Delay (DCD):    0.924ns = ( 28.416 - 27.492 ) 
    Source Clock Delay      (SCD):    0.973ns
    Clock Pessimism Removal (CPR):    0.000ns
  Clock Uncertainty:      0.035ns  ((TSJ^2 + TIJ^2)^1/2 + DJ) / 2 + PE
    Total System Jitter     (TSJ):    0.071ns
    Total Input Jitter      (TIJ):    0.000ns
    Discrete Jitter          (DJ):    0.000ns
    Phase Error              (PE):    0.000ns

    Location             Delay type                Incr(ns)  Path(ns)    Netlist Resource(s)
  -------------------------------------------------------------------    -------------------
                         (clock vclk rise edge)       0.000     0.000 r  <hidden>
                                                      0.000     0.000 r  clk
                         net (fo=173, unset)          0.973     0.973    clk
    SLICE_X34Y62         FDRE                                         r  d19_reg[1]/C
  -------------------------------------------------------------------    -------------------
    SLICE_X34Y62         FDRE (Prop_fdre_C_Q)         0.518     1.491 r  d19_reg[1]/Q
                         net (fo=3, routed)           0.533     2.024    d19[1]
    SLICE_X34Y62         CARRY4 (Prop_carry4_S[0]_O[0])
                                                      0.376     2.400 r  y_reg[5]_i_145/O[0]
                         net (fo=2, routed)           0.573     2.973    acc0[5]
    SLICE_X35Y60         LUT2 (Prop_lut2_I0_O)        0.295     3.268 r  y[5]_i_147/O
                         net (fo=1, routed)           0.000     3.268    y[5]_i_147_n_0
    SLICE_X35Y60         CARRY4 (Prop_carry4_S[2]_O[2])
                                                      0.248     3.516 r  y_reg[5]_i_144/O[2]
                         net (fo=1, routed)           0.687     4.203    y_reg[5]_i_144_n_5
    SLICE_X35Y56         LUT2 (Prop_lut2_I1_O)        0.302     4.505 r  y[5]_i_134/O
                         net (fo=1, routed)           0.000     4.505    y[5]_i_134_n_0
    SLICE_X35Y56         CARRY4 (Prop_carry4_S[3]_O[3])
                                                      0.248     4.753 r  y_reg[5]_i_127/O[3]
                         net (fo=1, routed)           0.568     5.321    y_reg[5]_i_127_n_4
    SLICE_X34Y58         LUT2 (Prop_lut2_I1_O)        0.306     5.627 r  y[5]_i_130/O
                         net (fo=1, routed)           0.000     5.627    y[5]_i_130_n_0
    SLICE_X34Y58         CARRY4 (Prop_carry4_S[2]_O[2])
                                                      0.250     5.877 r  y_reg[5]_i_126/O[2]
                         net (fo=1, routed)           0.606     6.483    y_reg[5]_i_126_n_5
    SLICE_X36Y58         LUT2 (Prop_lut2_I1_O)        0.301     6.784 r  y[5]_i_119/O
                         net (fo=1, routed)           0.000     6.784    y[5]_i_119_n_0
    SLICE_X36Y58         CARRY4 (Prop_carry4_S[3]_CO[3])
                                                      0.376     7.160 r  y_reg[5]_i_114/CO[3]
                         net (fo=1, routed)           0.000     7.160    y_reg[5]_i_114_n_0
    SLICE_X36Y59         CARRY4 (Prop_carry4_CI_O[0])
                                                      0.219     7.379 r  y_reg[15]_i_223/O[0]
                         net (fo=1, routed)           0.702     8.081    y_reg[15]_i_223_n_7
    SLICE_X37Y56         LUT2 (Prop_lut2_I1_O)        0.295     8.376 r  y[5]_i_117/O
                         net (fo=1, routed)           0.000     8.376    y[5]_i_117_n_0
    SLICE_X37Y56         CARRY4 (Prop_carry4_S[1]_O[2])
                                                      0.580     8.956 r  y_reg[5]_i_113/O[2]
                         net (fo=1, routed)           0.434     9.390    y_reg[5]_i_113_n_5
    SLICE_X38Y57         LUT2 (Prop_lut2_I1_O)        0.302     9.692 r  y[15]_i_205/O
                         net (fo=1, routed)           0.000     9.692    y[15]_i_205_n_0
    SLICE_X38Y57         CARRY4 (Prop_carry4_S[1]_O[1])
                                                      0.230     9.922 r  y_reg[15]_i_189/O[1]
                         net (fo=1, routed)           0.594    10.516    y_reg[15]_i_189_n_6
    SLICE_X38Y61         LUT2 (Prop_lut2_I1_O)        0.306    10.822 r  y[15]_i_185/O
                         net (fo=1, routed)           0.000    10.822    y[15]_i_185_n_0
    SLICE_X38Y61         CARRY4 (Prop_carry4_S[0]_O[0])
                                                      0.252    11.074 r  y_reg[15]_i_159/O[0]
                         net (fo=1, routed)           0.302    11.376    y_reg[15]_i_159_n_7
    SLICE_X37Y60         LUT2 (Prop_lut2_I1_O)        0.295    11.671 r  y[15]_i_166/O
                         net (fo=1, routed)           0.000    11.671    y[15]_i_166_n_0
    SLICE_X37Y60         CARRY4 (Prop_carry4_S[1]_O[1])
                                                      0.227    11.898 r  y_reg[15]_i_151/O[1]
                         net (fo=1, routed)           0.555    12.453    y_reg[15]_i_151_n_6
    SLICE_X39Y58         LUT2 (Prop_lut2_I1_O)        0.303    12.756 r  y[5]_i_76/O
                         net (fo=1, routed)           0.000    12.756    y[5]_i_76_n_0
    SLICE_X39Y58         CARRY4 (Prop_carry4_S[3]_CO[3])
                                                      0.401    13.157 r  y_reg[5]_i_73/CO[3]
                         net (fo=1, routed)           0.000    13.157    y_reg[5]_i_73_n_0
    SLICE_X39Y59         CARRY4 (Prop_carry4_CI_O[0])
                                                      0.222    13.379 r  y_reg[15]_i_110/O[0]
                         net (fo=1, routed)           0.430    13.809    y_reg[15]_i_110_n_7
    SLICE_X40Y59         LUT2 (Prop_lut2_I1_O)        0.299    14.108 r  y[15]_i_120/O
                         net (fo=1, routed)           0.000    14.108    y[15]_i_120_n_0
    SLICE_X40Y59         CARRY4 (Prop_carry4_S[2]_O[2])
                                                      0.248    14.356 r  y_reg[15]_i_104/O[2]
                         net (fo=1, routed)           0.647    15.003    y_reg[15]_i_104_n_5
    SLICE_X39Y63         LUT2 (Prop_lut2_I1_O)        0.302    15.305 r  y[15]_i_99/O
                         net (fo=1, routed)           0.000    15.305    y[15]_i_99_n_0
    SLICE_X39Y63         CARRY4 (Prop_carry4_S[1]_O[2])
                                                      0.580    15.885 r  y_reg[15]_i_82/O[2]
                         net (fo=1, routed)           0.314    16.199    y_reg[15]_i_82_n_5
    SLICE_X40Y63         LUT2 (Prop_lut2_I1_O)        0.302    16.501 r  y[15]_i_88/O
                         net (fo=1, routed)           0.000    16.501    y[15]_i_88_n_0
    SLICE_X40Y63         CARRY4 (Prop_carry4_S[3]_O[3])
                                                      0.248    16.749 r  y_reg[15]_i_70/O[3]
                         net (fo=1, routed)           0.448    17.197    y_reg[15]_i_70_n_4
    SLICE_X41Y61         LUT2 (Prop_lut2_I1_O)        0.306    17.503 r  y[15]_i_66/O
                         net (fo=1, routed)           0.000    17.503    y[15]_i_66_n_0
    SLICE_X41Y61         CARRY4 (Prop_carry4_S[1]_O[1])
                                                      0.227    17.730 r  y_reg[15]_i_48/O[1]
                         net (fo=1, routed)           0.579    18.309    y_reg[15]_i_48_n_6
    SLICE_X42Y59         LUT2 (Prop_lut2_I1_O)        0.303    18.612 r  y[15]_i_57/O
                         net (fo=1, routed)           0.000    18.612    y[15]_i_57_n_0
    SLICE_X42Y59         CARRY4 (Prop_carry4_S[3]_O[3])
                                                      0.255    18.867 r  y_reg[15]_i_43/O[3]
                         net (fo=1, routed)           0.444    19.311    y_reg[15]_i_43_n_4
    SLICE_X44Y59         LUT2 (Prop_lut2_I1_O)        0.307    19.618 r  y[15]_i_38/O
                         net (fo=1, routed)           0.000    19.618    y[15]_i_38_n_0
    SLICE_X44Y59         CARRY4 (Prop_carry4_S[2]_O[2])
                                                      0.248    19.866 r  y_reg[15]_i_23/O[2]
                         net (fo=1, routed)           0.449    20.315    y_reg[15]_i_23_n_5
    SLICE_X43Y60         LUT2 (Prop_lut2_I1_O)        0.302    20.617 r  y[15]_i_28/O
                         net (fo=1, routed)           0.000    20.617    y[15]_i_28_n_0
    SLICE_X43Y60         CARRY4 (Prop_carry4_S[3]_O[3])
                                                      0.248    20.865 r  y_reg[15]_i_16/O[3]
                         net (fo=1, routed)           0.600    21.465    y_reg[15]_i_16_n_4
    SLICE_X44Y63         LUT2 (Prop_lut2_I1_O)        0.306    21.771 r  y[15]_i_13/O
                         net (fo=1, routed)           0.000    21.771    y[15]_i_13_n_0
    SLICE_X44Y63         CARRY4 (Prop_carry4_S[2]_O[2])
                                                      0.248    22.019 r  y_reg[15]_i_7/O[2]
                         net (fo=1, routed)           0.469    22.489    y_reg[15]_i_7_n_5
    SLICE_X45Y62         LUT2 (Prop_lut2_I1_O)        0.302    22.791 r  y[13]_i_9/O
                         net (fo=1, routed)           0.000    22.791    y[13]_i_9_n_0
    SLICE_X45Y62         CARRY4 (Prop_carry4_S[3]_CO[3])
                                                      0.401    23.192 r  y_reg[13]_i_4/CO[3]
                         net (fo=1, routed)           0.000    23.192    y_reg[13]_i_4_n_0
    SLICE_X45Y63         CARRY4 (Prop_carry4_CI_O[0])
                                                      0.222    23.414 r  y_reg[13]_i_2/O[0]
                         net (fo=1, routed)           0.458    23.872    C[10]
    SLICE_X46Y63         LUT2 (Prop_lut2_I1_O)        0.299    24.171 r  y[13]_i_3/O
                         net (fo=1, routed)           0.000    24.171    y[13]_i_3_n_0
    SLICE_X46Y63         CARRY4 (Prop_carry4_S[0]_O[0])
                                                      0.252    24.423 r  y_reg[13]_i_1/O[0]
                         net (fo=1, routed)           0.000    24.423    acc[10]
    SLICE_X46Y63         FDRE                                         r  y_reg[10]/D
  -------------------------------------------------------------------    -------------------

                         (clock vclk rise edge)      27.492    27.492 r  <hidden>
                                                      0.000    27.492 r  clk
                         net (fo=173, unset)          0.924    28.416    clk
    SLICE_X46Y63         FDRE                                         r  y_reg[10]/C
                         clock pessimism              0.000    28.416    <hidden>
                         clock uncertainty           -0.035    28.381    <hidden>
    SLICE_X46Y63         FDRE (Setup_fdre_C_D)        0.109    28.490    y_reg[10]
  -------------------------------------------------------------------
                         required time                         28.490    <hidden>
                         arrival time                         -24.423    <hidden>
  -------------------------------------------------------------------
                         slack                                  4.067    <hidden>

Slack (MET) :             4.431ns  (required time - arrival time)
  Source:                 d19_reg[1]/C
                            (rising edge-triggered cell FDRE clocked by vclk  {rise@0.000ns fall@13.746ns period=27.492ns})
  Destination:            y_reg[9]/D
                            (rising edge-triggered cell FDRE clocked by vclk  {rise@0.000ns fall@13.746ns period=27.492ns})
  Path Group:             vclk
  Path Type:              Setup (Max at Slow Process Corner)
  Requirement:            27.492ns  (vclk rise@27.492ns - vclk rise@0.000ns)
  Data Path Delay:        23.086ns  (logic 12.692ns (54.976%)  route 10.394ns (45.024%))
  Logic Levels:           41  (CARRY4=22 LUT2=19)
  Clock Path Skew:        -0.049ns (DCD - SCD + CPR)
    Destination Clock Delay (DCD):    0.924ns = ( 28.416 - 27.492 ) 
    Source Clock Delay      (SCD):    0.973ns
    Clock Pessimism Removal (CPR):    0.000ns
  Clock Uncertainty:      0.035ns  ((TSJ^2 + TIJ^2)^1/2 + DJ) / 2 + PE
    Total System Jitter     (TSJ):    0.071ns
    Total Input Jitter      (TIJ):    0.000ns
    Discrete Jitter          (DJ):    0.000ns
    Phase Error              (PE):    0.000ns

    Location             Delay type                Incr(ns)  Path(ns)    Netlist Resource(s)
  -------------------------------------------------------------------    -------------------
                         (clock vclk rise edge)       0.000     0.000 r  <hidden>
                                                      0.000     0.000 r  clk
                         net (fo=173, unset)          0.973     0.973    clk
    SLICE_X34Y62         FDRE                                         r  d19_reg[1]/C
  -------------------------------------------------------------------    -------------------
    SLICE_X34Y62         FDRE (Prop_fdre_C_Q)         0.518     1.491 r  d19_reg[1]/Q
                         net (fo=3, routed)           0.533     2.024    d19[1]
    SLICE_X34Y62         CARRY4 (Prop_carry4_S[0]_O[0])
                                                      0.376     2.400 r  y_reg[5]_i_145/O[0]
                         net (fo=2, routed)           0.573     2.973    acc0[5]
    SLICE_X35Y60         LUT2 (Prop_lut2_I0_O)        0.295     3.268 r  y[5]_i_147/O
                         net (fo=1, routed)           0.000     3.268    y[5]_i_147_n_0
    SLICE_X35Y60         CARRY4 (Prop_carry4_S[2]_O[2])
                                                      0.248     3.516 r  y_reg[5]_i_144/O[2]
                         net (fo=1, routed)           0.687     4.203    y_reg[5]_i_144_n_5
    SLICE_X35Y56         LUT2 (Prop_lut2_I1_O)        0.302     4.505 r  y[5]_i_134/O
                         net (fo=1, routed)           0.000     4.505    y[5]_i_134_n_0
    SLICE_X35Y56         CARRY4 (Prop_carry4_S[3]_O[3])
                                                      0.248     4.753 r  y_reg[5]_i_127/O[3]
                         net (fo=1, routed)           0.568     5.321    y_reg[5]_i_127_n_4
    SLICE_X34Y58         LUT2 (Prop_lut2_I1_O)        0.306     5.627 r  y[5]_i_130/O
                         net (fo=1, routed)           0.000     5.627    y[5]_i_130_n_0
    SLICE_X34Y58         CARRY4 (Prop_carry4_S[2]_O[2])
                                                      0.250     5.877 r  y_reg[5]_i_126/O[2]
                         net (fo=1, routed)           0.606     6.483    y_reg[5]_i_126_n_5
    SLICE_X36Y58         LUT2 (Prop_lut2_I1_O)        0.301     6.784 r  y[5]_i_119/O
                         net (fo=1, routed)           0.000     6.784    y[5]_i_119_n_0
    SLICE_X36Y58         CARRY4 (Prop_carry4_S[3]_CO[3])
                                                      0.376     7.160 r  y_reg[5]_i_114/CO[3]
                         net (fo=1, routed)           0.000     7.160    y_reg[5]_i_114_n_0
    SLICE_X36Y59         CARRY4 (Prop_carry4_CI_O[0])
                                                      0.219     7.379 r  y_reg[15]_i_223/O[0]
                         net (fo=1, routed)           0.702     8.081    y_reg[15]_i_223_n_7
    SLICE_X37Y56         LUT2 (Prop_lut2_I1_O)        0.295     8.376 r  y[5]_i_117/O
                         net (fo=1, routed)           0.000     8.376    y[5]_i_117_n_0
    SLICE_X37Y56         CARRY4 (Prop_carry4_S[1]_O[2])
                                                      0.580     8.956 r  y_reg[5]_i_113/O[2]
                         net (fo=1, routed)           0.434     9.390    y_reg[5]_i_113_n_5
    SLICE_X38Y57         LUT2 (Prop_lut2_I1_O)        0.302     9.692 r  y[15]_i_205/O
                         net (fo=1, routed)           0.000     9.692    y[15]_i_205_n_0
    SLICE_X38Y57         CARRY4 (Prop_carry4_S[1]_O[1])
                                                      0.230     9.922 r  y_reg[15]_i_189/O[1]
                         net (fo=1, routed)           0.594    10.516    y_reg[15]_i_189_n_6
    SLICE_X38Y61         LUT2 (Prop_lut2_I1_O)        0.306    10.822 r  y[15]_i_185/O
                         net (fo=1, routed)           0.000    10.822    y[15]_i_185_n_0
    SLICE_X38Y61         CARRY4 (Prop_carry4_S[0]_O[0])
                                                      0.252    11.074 r  y_reg[15]_i_159/O[0]
                         net (fo=1, routed)           0.302    11.376    y_reg[15]_i_159_n_7
    SLICE_X37Y60         LUT2 (Prop_lut2_I1_O)        0.295    11.671 r  y[15]_i_166/O
                         net (fo=1, routed)           0.000    11.671    y[15]_i_166_n_0
    SLICE_X37Y60         CARRY4 (Prop_carry4_S[1]_O[1])
                                                      0.227    11.898 r  y_reg[15]_i_151/O[1]
                         net (fo=1, routed)           0.555    12.453    y_reg[15]_i_151_n_6
    SLICE_X39Y58         LUT2 (Prop_lut2_I1_O)        0.303    12.756 r  y[5]_i_76/O
                         net (fo=1, routed)           0.000    12.756    y[5]_i_76_n_0
    SLICE_X39Y58         CARRY4 (Prop_carry4_S[3]_CO[3])
                                                      0.401    13.157 r  y_reg[5]_i_73/CO[3]
                         net (fo=1, routed)           0.000    13.157    y_reg[5]_i_73_n_0
    SLICE_X39Y59         CARRY4 (Prop_carry4_CI_O[0])
                                                      0.222    13.379 r  y_reg[15]_i_110/O[0]
                         net (fo=1, routed)           0.430    13.809    y_reg[15]_i_110_n_7
    SLICE_X40Y59         LUT2 (Prop_lut2_I1_O)        0.299    14.108 r  y[15]_i_120/O
                         net (fo=1, routed)           0.000    14.108    y[15]_i_120_n_0
    SLICE_X40Y59         CARRY4 (Prop_carry4_S[2]_O[2])
                                                      0.248    14.356 r  y_reg[15]_i_104/O[2]
                         net (fo=1, routed)           0.647    15.003    y_reg[15]_i_104_n_5
    SLICE_X39Y63         LUT2 (Prop_lut2_I1_O)        0.302    15.305 r  y[15]_i_99/O
                         net (fo=1, routed)           0.000    15.305    y[15]_i_99_n_0
    SLICE_X39Y63         CARRY4 (Prop_carry4_S[1]_O[2])
                                                      0.580    15.885 r  y_reg[15]_i_82/O[2]
                         net (fo=1, routed)           0.314    16.199    y_reg[15]_i_82_n_5
    SLICE_X40Y63         LUT2 (Prop_lut2_I1_O)        0.302    16.501 r  y[15]_i_88/O
                         net (fo=1, routed)           0.000    16.501    y[15]_i_88_n_0
    SLICE_X40Y63         CARRY4 (Prop_carry4_S[3]_O[3])
                                                      0.248    16.749 r  y_reg[15]_i_70/O[3]
                         net (fo=1, routed)           0.448    17.197    y_reg[15]_i_70_n_4
    SLICE_X41Y61         LUT2 (Prop_lut2_I1_O)        0.306    17.503 r  y[15]_i_66/O
                         net (fo=1, routed)           0.000    17.503    y[15]_i_66_n_0
    SLICE_X41Y61         CARRY4 (Prop_carry4_S[1]_O[1])
                                                      0.227    17.730 r  y_reg[15]_i_48/O[1]
                         net (fo=1, routed)           0.579    18.309    y_reg[15]_i_48_n_6
    SLICE_X42Y59         LUT2 (Prop_lut2_I1_O)        0.303    18.612 r  y[15]_i_57/O
                         net (fo=1, routed)           0.000    18.612    y[15]_i_57_n_0
    SLICE_X42Y59         CARRY4 (Prop_carry4_S[3]_O[3])
                                                      0.255    18.867 r  y_reg[15]_i_43/O[3]
                         net (fo=1, routed)           0.444    19.311    y_reg[15]_i_43_n_4
    SLICE_X44Y59         LUT2 (Prop_lut2_I1_O)        0.307    19.618 r  y[15]_i_38/O
                         net (fo=1, routed)           0.000    19.618    y[15]_i_38_n_0
    SLICE_X44Y59         CARRY4 (Prop_carry4_S[2]_O[2])
                                                      0.248    19.866 r  y_reg[15]_i_23/O[2]
                         net (fo=1, routed)           0.449    20.315    y_reg[15]_i_23_n_5
    SLICE_X43Y60         LUT2 (Prop_lut2_I1_O)        0.302    20.617 r  y[15]_i_28/O
                         net (fo=1, routed)           0.000    20.617    y[15]_i_28_n_0
    SLICE_X43Y60         CARRY4 (Prop_carry4_S[3]_O[3])
                                                      0.248    20.865 r  y_reg[15]_i_16/O[3]
                         net (fo=1, routed)           0.600    21.465    y_reg[15]_i_16_n_4
    SLICE_X44Y63         LUT2 (Prop_lut2_I1_O)        0.306    21.771 r  y[15]_i_13/O
                         net (fo=1, routed)           0.000    21.771    y[15]_i_13_n_0
    SLICE_X44Y63         CARRY4 (Prop_carry4_S[2]_O[2])
                                                      0.248    22.019 r  y_reg[15]_i_7/O[2]
                         net (fo=1, routed)           0.469    22.489    y_reg[15]_i_7_n_5
    SLICE_X45Y62         LUT2 (Prop_lut2_I1_O)        0.302    22.791 r  y[13]_i_9/O
                         net (fo=1, routed)           0.000    22.791    y[13]_i_9_n_0
    SLICE_X45Y62         CARRY4 (Prop_carry4_S[3]_O[3])
                                                      0.248    23.039 r  y_reg[13]_i_4/O[3]
                         net (fo=1, routed)           0.460    23.498    C[9]
    SLICE_X46Y62         LUT2 (Prop_lut2_I1_O)        0.306    23.804 r  y[9]_i_2/O
                         net (fo=1, routed)           0.000    23.804    y[9]_i_2_n_0
    SLICE_X46Y62         CARRY4 (Prop_carry4_S[3]_O[3])
                                                      0.255    24.059 r  y_reg[9]_i_1/O[3]
                         net (fo=1, routed)           0.000    24.059    acc[9]
    SLICE_X46Y62         FDRE                                         r  y_reg[9]/D
  -------------------------------------------------------------------    -------------------

                         (clock vclk rise edge)      27.492    27.492 r  <hidden>
                                                      0.000    27.492 r  clk
                         net (fo=173, unset)          0.924    28.416    clk
    SLICE_X46Y62         FDRE                                         r  y_reg[9]/C
                         clock pessimism              0.000    28.416    <hidden>
                         clock uncertainty           -0.035    28.381    <hidden>
    SLICE_X46Y62         FDRE (Setup_fdre_C_D)        0.109    28.490    y_reg[9]
  -------------------------------------------------------------------
                         required time                         28.490    <hidden>
                         arrival time                         -24.059    <hidden>
  -------------------------------------------------------------------
                         slack                                  4.431    <hidden>

Slack (MET) :             5.012ns  (required time - arrival time)
  Source:                 d19_reg[1]/C
                            (rising edge-triggered cell FDRE clocked by vclk  {rise@0.000ns fall@13.746ns period=27.492ns})
  Destination:            y_reg[8]/D
                            (rising edge-triggered cell FDRE clocked by vclk  {rise@0.000ns fall@13.746ns period=27.492ns})
  Path Group:             vclk
  Path Type:              Setup (Max at Slow Process Corner)
  Requirement:            27.492ns  (vclk rise@27.492ns - vclk rise@0.000ns)
  Data Path Delay:        22.505ns  (logic 12.414ns (55.160%)  route 10.091ns (44.840%))
  Logic Levels:           40  (CARRY4=22 LUT2=18)
  Clock Path Skew:        -0.049ns (DCD - SCD + CPR)
    Destination Clock Delay (DCD):    0.924ns = ( 28.416 - 27.492 ) 
    Source Clock Delay      (SCD):    0.973ns
    Clock Pessimism Removal (CPR):    0.000ns
  Clock Uncertainty:      0.035ns  ((TSJ^2 + TIJ^2)^1/2 + DJ) / 2 + PE
    Total System Jitter     (TSJ):    0.071ns
    Total Input Jitter      (TIJ):    0.000ns
    Discrete Jitter          (DJ):    0.000ns
    Phase Error              (PE):    0.000ns

    Location             Delay type                Incr(ns)  Path(ns)    Netlist Resource(s)
  -------------------------------------------------------------------    -------------------
                         (clock vclk rise edge)       0.000     0.000 r  <hidden>
                                                      0.000     0.000 r  clk
                         net (fo=173, unset)          0.973     0.973    clk
    SLICE_X34Y62         FDRE                                         r  d19_reg[1]/C
  -------------------------------------------------------------------    -------------------
    SLICE_X34Y62         FDRE (Prop_fdre_C_Q)         0.518     1.491 r  d19_reg[1]/Q
                         net (fo=3, routed)           0.533     2.024    d19[1]
    SLICE_X34Y62         CARRY4 (Prop_carry4_S[0]_O[0])
                                                      0.376     2.400 r  y_reg[5]_i_145/O[0]
                         net (fo=2, routed)           0.573     2.973    acc0[5]
    SLICE_X35Y60         LUT2 (Prop_lut2_I0_O)        0.295     3.268 r  y[5]_i_147/O
                         net (fo=1, routed)           0.000     3.268    y[5]_i_147_n_0
    SLICE_X35Y60         CARRY4 (Prop_carry4_S[2]_O[2])
                                                      0.248     3.516 r  y_reg[5]_i_144/O[2]
                         net (fo=1, routed)           0.687     4.203    y_reg[5]_i_144_n_5
    SLICE_X35Y56         LUT2 (Prop_lut2_I1_O)        0.302     4.505 r  y[5]_i_134/O
                         net (fo=1, routed)           0.000     4.505    y[5]_i_134_n_0
    SLICE_X35Y56         CARRY4 (Prop_carry4_S[3]_O[3])
                                                      0.248     4.753 r  y_reg[5]_i_127/O[3]
                         net (fo=1, routed)           0.568     5.321    y_reg[5]_i_127_n_4
    SLICE_X34Y58         LUT2 (Prop_lut2_I1_O)        0.306     5.627 r  y[5]_i_130/O
                         net (fo=1, routed)           0.000     5.627    y[5]_i_130_n_0
    SLICE_X34Y58         CARRY4 (Prop_carry4_S[2]_O[2])
                                                      0.250     5.877 r  y_reg[5]_i_126/O[2]
                         net (fo=1, routed)           0.606     6.483    y_reg[5]_i_126_n_5
    SLICE_X36Y58         LUT2 (Prop_lut2_I1_O)        0.301     6.784 r  y[5]_i_119/O
                         net (fo=1, routed)           0.000     6.784    y[5]_i_119_n_0
    SLICE_X36Y58         CARRY4 (Prop_carry4_S[3]_O[3])
                                                      0.255     7.039 r  y_reg[5]_i_114/O[3]
                         net (fo=1, routed)           0.598     7.638    y_reg[5]_i_114_n_4
    SLICE_X37Y56         CARRY4 (Prop_carry4_S[0]_O[0])
                                                      0.554     8.192 r  y_reg[5]_i_113/O[0]
                         net (fo=1, routed)           0.422     8.613    y_reg[5]_i_113_n_7
    SLICE_X38Y56         LUT2 (Prop_lut2_I1_O)        0.299     8.912 r  y[5]_i_103/O
                         net (fo=1, routed)           0.000     8.912    y[5]_i_103_n_0
    SLICE_X38Y56         CARRY4 (Prop_carry4_S[3]_O[3])
                                                      0.255     9.167 r  y_reg[5]_i_96/O[3]
                         net (fo=1, routed)           0.591     9.758    y_reg[5]_i_96_n_4
    SLICE_X38Y60         LUT2 (Prop_lut2_I1_O)        0.307    10.065 r  y[5]_i_99/O
                         net (fo=1, routed)           0.000    10.065    y[5]_i_99_n_0
    SLICE_X38Y60         CARRY4 (Prop_carry4_S[2]_O[2])
                                                      0.250    10.315 r  y_reg[5]_i_95/O[2]
                         net (fo=1, routed)           0.400    10.715    y_reg[5]_i_95_n_5
    SLICE_X37Y59         LUT2 (Prop_lut2_I1_O)        0.301    11.016 r  y[5]_i_81/O
                         net (fo=1, routed)           0.000    11.016    y[5]_i_81_n_0
    SLICE_X37Y59         CARRY4 (Prop_carry4_S[3]_CO[3])
                                                      0.401    11.417 r  y_reg[5]_i_74/CO[3]
                         net (fo=1, routed)           0.000    11.417    y_reg[5]_i_74_n_0
    SLICE_X37Y60         CARRY4 (Prop_carry4_CI_O[0])
                                                      0.222    11.639 r  y_reg[15]_i_151/O[0]
                         net (fo=1, routed)           0.431    12.070    y_reg[15]_i_151_n_7
    SLICE_X39Y58         LUT2 (Prop_lut2_I1_O)        0.299    12.369 r  y[5]_i_77/O
                         net (fo=1, routed)           0.000    12.369    y[5]_i_77_n_0
    SLICE_X39Y58         CARRY4 (Prop_carry4_S[2]_O[2])
                                                      0.248    12.617 r  y_reg[5]_i_73/O[2]
                         net (fo=1, routed)           0.439    13.055    y_reg[5]_i_73_n_5
    SLICE_X40Y59         LUT2 (Prop_lut2_I1_O)        0.302    13.357 r  y[15]_i_122/O
                         net (fo=1, routed)           0.000    13.357    y[15]_i_122_n_0
    SLICE_X40Y59         CARRY4 (Prop_carry4_S[0]_O[0])
                                                      0.247    13.604 r  y_reg[15]_i_104/O[0]
                         net (fo=1, routed)           0.588    14.193    y_reg[15]_i_104_n_7
    SLICE_X39Y62         LUT2 (Prop_lut2_I1_O)        0.299    14.492 r  y[5]_i_60/O
                         net (fo=1, routed)           0.000    14.492    y[5]_i_60_n_0
    SLICE_X39Y62         CARRY4 (Prop_carry4_S[3]_O[3])
                                                      0.248    14.740 r  y_reg[5]_i_58/O[3]
                         net (fo=1, routed)           0.453    15.192    y_reg[5]_i_58_n_4
    SLICE_X40Y63         LUT2 (Prop_lut2_I1_O)        0.306    15.498 r  y[15]_i_91/O
                         net (fo=1, routed)           0.000    15.498    y[15]_i_91_n_0
    SLICE_X40Y63         CARRY4 (Prop_carry4_S[0]_O[0])
                                                      0.247    15.745 r  y_reg[15]_i_70/O[0]
                         net (fo=1, routed)           0.586    16.331    y_reg[15]_i_70_n_7
    SLICE_X41Y60         LUT2 (Prop_lut2_I1_O)        0.299    16.630 r  y[5]_i_48/O
                         net (fo=1, routed)           0.000    16.630    y[5]_i_48_n_0
    SLICE_X41Y60         CARRY4 (Prop_carry4_S[2]_O[2])
                                                      0.248    16.878 r  y_reg[5]_i_45/O[2]
                         net (fo=1, routed)           0.427    17.305    y_reg[5]_i_45_n_5
    SLICE_X42Y59         LUT2 (Prop_lut2_I1_O)        0.302    17.607 r  y[15]_i_60/O
                         net (fo=1, routed)           0.000    17.607    y[15]_i_60_n_0
    SLICE_X42Y59         CARRY4 (Prop_carry4_S[0]_O[0])
                                                      0.252    17.859 r  y_reg[15]_i_43/O[0]
                         net (fo=1, routed)           0.452    18.311    y_reg[15]_i_43_n_7
    SLICE_X44Y58         LUT2 (Prop_lut2_I1_O)        0.295    18.606 r  y[5]_i_30/O
                         net (fo=1, routed)           0.000    18.606    y[5]_i_30_n_0
    SLICE_X44Y58         CARRY4 (Prop_carry4_S[3]_CO[3])
                                                      0.401    19.007 r  y_reg[5]_i_27/CO[3]
                         net (fo=1, routed)           0.000    19.007    y_reg[5]_i_27_n_0
    SLICE_X44Y59         CARRY4 (Prop_carry4_CI_O[0])
                                                      0.222    19.229 r  y_reg[15]_i_23/O[0]
                         net (fo=1, routed)           0.443    19.672    y_reg[15]_i_23_n_7
    SLICE_X43Y60         LUT2 (Prop_lut2_I1_O)        0.299    19.971 r  y[15]_i_30/O
                         net (fo=1, routed)           0.000    19.971    y[15]_i_30_n_0
    SLICE_X43Y60         CARRY4 (Prop_carry4_S[1]_O[2])
                                                      0.580    20.551 r  y_reg[15]_i_16/O[2]
                         net (fo=1, routed)           0.585    21.135    y_reg[15]_i_16_n_5
    SLICE_X44Y63         LUT2 (Prop_lut2_I1_O)        0.302    21.437 r  y[15]_i_14/O
                         net (fo=1, routed)           0.000    21.437    y[15]_i_14_n_0
    SLICE_X44Y63         CARRY4 (Prop_carry4_S[1]_O[1])
                                                      0.227    21.664 r  y_reg[15]_i_7/O[1]
                         net (fo=1, routed)           0.412    22.077    y_reg[15]_i_7_n_6
    SLICE_X45Y62         LUT2 (Prop_lut2_I1_O)        0.303    22.380 r  y[13]_i_10/O
                         net (fo=1, routed)           0.000    22.380    y[13]_i_10_n_0
    SLICE_X45Y62         CARRY4 (Prop_carry4_S[2]_O[2])
                                                      0.248    22.628 r  y_reg[13]_i_4/O[2]
                         net (fo=1, routed)           0.299    22.926    C[8]
    SLICE_X46Y62         LUT2 (Prop_lut2_I1_O)        0.302    23.228 r  y[9]_i_3/O
                         net (fo=1, routed)           0.000    23.228    y[9]_i_3_n_0
    SLICE_X46Y62         CARRY4 (Prop_carry4_S[2]_O[2])
                                                      0.250    23.478 r  y_reg[9]_i_1/O[2]
                         net (fo=1, routed)           0.000    23.478    acc[8]
    SLICE_X46Y62         FDRE                                         r  y_reg[8]/D
  -------------------------------------------------------------------    -------------------

                         (clock vclk rise edge)      27.492    27.492 r  <hidden>
                                                      0.000    27.492 r  clk
                         net (fo=173, unset)          0.924    28.416    clk
    SLICE_X46Y62         FDRE                                         r  y_reg[8]/C
                         clock pessimism              0.000    28.416    <hidden>
                         clock uncertainty           -0.035    28.381    <hidden>
    SLICE_X46Y62         FDRE (Setup_fdre_C_D)        0.109    28.490    y_reg[8]
  -------------------------------------------------------------------
                         required time                         28.490    <hidden>
                         arrival time                         -23.478    <hidden>
  -------------------------------------------------------------------
                         slack                                  5.012    <hidden>

Slack (MET) :             5.420ns  (required time - arrival time)
  Source:                 d19_reg[1]/C
                            (rising edge-triggered cell FDRE clocked by vclk  {rise@0.000ns fall@13.746ns period=27.492ns})
  Destination:            y_reg[7]/D
                            (rising edge-triggered cell FDRE clocked by vclk  {rise@0.000ns fall@13.746ns period=27.492ns})
  Path Group:             vclk
  Path Type:              Setup (Max at Slow Process Corner)
  Requirement:            27.492ns  (vclk rise@27.492ns - vclk rise@0.000ns)
  Data Path Delay:        22.097ns  (logic 11.907ns (53.886%)  route 10.190ns (46.114%))
  Logic Levels:           39  (CARRY4=21 LUT2=18)
  Clock Path Skew:        -0.049ns (DCD - SCD + CPR)
    Destination Clock Delay (DCD):    0.924ns = ( 28.416 - 27.492 ) 
    Source Clock Delay      (SCD):    0.973ns
    Clock Pessimism Removal (CPR):    0.000ns
  Clock Uncertainty:      0.035ns  ((TSJ^2 + TIJ^2)^1/2 + DJ) / 2 + PE
    Total System Jitter     (TSJ):    0.071ns
    Total Input Jitter      (TIJ):    0.000ns
    Discrete Jitter          (DJ):    0.000ns
    Phase Error              (PE):    0.000ns

    Location             Delay type                Incr(ns)  Path(ns)    Netlist Resource(s)
  -------------------------------------------------------------------    -------------------
                         (clock vclk rise edge)       0.000     0.000 r  <hidden>
                                                      0.000     0.000 r  clk
                         net (fo=173, unset)          0.973     0.973    clk
    SLICE_X34Y62         FDRE                                         r  d19_reg[1]/C
  -------------------------------------------------------------------    -------------------
    SLICE_X34Y62         FDRE (Prop_fdre_C_Q)         0.518     1.491 r  d19_reg[1]/Q
                         net (fo=3, routed)           0.533     2.024    d19[1]
    SLICE_X34Y62         CARRY4 (Prop_carry4_S[0]_O[0])
                                                      0.376     2.400 r  y_reg[5]_i_145/O[0]
                         net (fo=2, routed)           0.573     2.973    acc0[5]
    SLICE_X35Y60         LUT2 (Prop_lut2_I0_O)        0.295     3.268 r  y[5]_i_147/O
                         net (fo=1, routed)           0.000     3.268    y[5]_i_147_n_0
    SLICE_X35Y60         CARRY4 (Prop_carry4_S[2]_O[2])
                                                      0.248     3.516 r  y_reg[5]_i_144/O[2]
                         net (fo=1, routed)           0.687     4.203    y_reg[5]_i_144_n_5
    SLICE_X35Y56         LUT2 (Prop_lut2_I1_O)        0.302     4.505 r  y[5]_i_134/O
                         net (fo=1, routed)           0.000     4.505    y[5]_i_134_n_0
    SLICE_X35Y56         CARRY4 (Prop_carry4_S[3]_O[3])
                                                      0.248     4.753 r  y_reg[5]_i_127/O[3]
                         net (fo=1, routed)           0.568     5.321    y_reg[5]_i_127_n_4
    SLICE_X34Y58         LUT2 (Prop_lut2_I1_O)        0.306     5.627 r  y[5]_i_130/O
                         net (fo=1, routed)           0.000     5.627    y[5]_i_130_n_0
    SLICE_X34Y58         CARRY4 (Prop_carry4_S[2]_O[2])
                                                      0.250     5.877 r  y_reg[5]_i_126/O[2]
                         net (fo=1, routed)           0.606     6.483    y_reg[5]_i_126_n_5
    SLICE_X36Y58         LUT2 (Prop_lut2_I1_O)        0.301     6.784 r  y[5]_i_119/O
                         net (fo=1, routed)           0.000     6.784    y[5]_i_119_n_0
    SLICE_X36Y58         CARRY4 (Prop_carry4_S[3]_O[3])
                                                      0.255     7.039 r  y_reg[5]_i_114/O[3]
                         net (fo=1, routed)           0.598     7.638    y_reg[5]_i_114_n_4
    SLICE_X37Y56         CARRY4 (Prop_carry4_S[0]_O[0])
                                                      0.554     8.192 r  y_reg[5]_i_113/O[0]
                         net (fo=1, routed)           0.422     8.613    y_reg[5]_i_113_n_7
    SLICE_X38Y56         LUT2 (Prop_lut2_I1_O)        0.299     8.912 r  y[5]_i_103/O
                         net (fo=1, routed)           0.000     8.912    y[5]_i_103_n_0
    SLICE_X38Y56         CARRY4 (Prop_carry4_S[3]_O[3])
                                                      0.255     9.167 r  y_reg[5]_i_96/O[3]
                         net (fo=1, routed)           0.591     9.758    y_reg[5]_i_96_n_4
    SLICE_X38Y60         LUT2 (Prop_lut2_I1_O)        0.307    10.065 r  y[5]_i_99/O
                         net (fo=1, routed)           0.000    10.065    y[5]_i_99_n_0
    SLICE_X38Y60         CARRY4 (Prop_carry4_S[2]_O[2])
                                                      0.250    10.315 r  y_reg[5]_i_95/O[2]
                         net (fo=1, routed)           0.400    10.715    y_reg[5]_i_95_n_5
    SLICE_X37Y59         LUT2 (Prop_lut2_I1_O)        0.301    11.016 r  y[5]_i_81/O
                         net (fo=1, routed)           0.000    11.016    y[5]_i_81_n_0
    SLICE_X37Y59         CARRY4 (Prop_carry4_S[3]_CO[3])
                                                      0.401    11.417 r  y_reg[5]_i_74/CO[3]
                         net (fo=1, routed)           0.000    11.417    y_reg[5]_i_74_n_0
    SLICE_X37Y60         CARRY4 (Prop_carry4_CI_O[0])
                                                      0.222    11.639 r  y_reg[15]_i_151/O[0]
                         net (fo=1, routed)           0.431    12.070    y_reg[15]_i_151_n_7
    SLICE_X39Y58         LUT2 (Prop_lut2_I1_O)        0.299    12.369 r  y[5]_i_77/O
                         net (fo=1, routed)           0.000    12.369    y[5]_i_77_n_0
    SLICE_X39Y58         CARRY4 (Prop_carry4_S[2]_O[2])
                                                      0.248    12.617 r  y_reg[5]_i_73/O[2]
                         net (fo=1, routed)           0.439    13.055    y_reg[5]_i_73_n_5
    SLICE_X40Y59         LUT2 (Prop_lut2_I1_O)        0.302    13.357 r  y[15]_i_122/O
                         net (fo=1, routed)           0.000    13.357    y[15]_i_122_n_0
    SLICE_X40Y59         CARRY4 (Prop_carry4_S[0]_O[0])
                                                      0.247    13.604 r  y_reg[15]_i_104/O[0]
                         net (fo=1, routed)           0.588    14.193    y_reg[15]_i_104_n_7
    SLICE_X39Y62         LUT2 (Prop_lut2_I1_O)        0.299    14.492 r  y[5]_i_60/O
                         net (fo=1, routed)           0.000    14.492    y[5]_i_60_n_0
    SLICE_X39Y62         CARRY4 (Prop_carry4_S[3]_O[3])
                                                      0.248    14.740 r  y_reg[5]_i_58/O[3]
                         net (fo=1, routed)           0.453    15.192    y_reg[5]_i_58_n_4
    SLICE_X40Y63         LUT2 (Prop_lut2_I1_O)        0.306    15.498 r  y[15]_i_91/O
                         net (fo=1, routed)           0.000    15.498    y[15]_i_91_n_0
    SLICE_X40Y63         CARRY4 (Prop_carry4_S[0]_O[0])
                                                      0.247    15.745 r  y_reg[15]_i_70/O[0]
                         net (fo=1, routed)           0.586    16.331    y_reg[15]_i_70_n_7
    SLICE_X41Y60         LUT2 (Prop_lut2_I1_O)        0.299    16.630 r  y[5]_i_48/O
                         net (fo=1, routed)           0.000    16.630    y[5]_i_48_n_0
    SLICE_X41Y60         CARRY4 (Prop_carry4_S[2]_O[2])
                                                      0.248    16.878 r  y_reg[5]_i_45/O[2]
                         net (fo=1, routed)           0.427    17.305    y_reg[5]_i_45_n_5
    SLICE_X42Y59         LUT2 (Prop_lut2_I1_O)        0.302    17.607 r  y[15]_i_60/O
                         net (fo=1, routed)           0.000    17.607    y[15]_i_60_n_0
    SLICE_X42Y59         CARRY4 (Prop_carry4_S[0]_O[0])
                                                      0.252    17.859 r  y_reg[15]_i_43/O[0]
                         net (fo=1, routed)           0.452    18.311    y_reg[15]_i_43_n_7
    SLICE_X44Y58         LUT2 (Prop_lut2_I1_O)        0.295    18.606 r  y[5]_i_30/O
                         net (fo=1, routed)           0.000    18.606    y[5]_i_30_n_0
    SLICE_X44Y58         CARRY4 (Prop_carry4_S[3]_O[3])
                                                      0.248    18.854 r  y_reg[5]_i_27/O[3]
                         net (fo=1, routed)           0.452    19.305    y_reg[5]_i_27_n_4
    SLICE_X43Y60         LUT2 (Prop_lut2_I1_O)        0.306    19.611 r  y[15]_i_31/O
                         net (fo=1, routed)           0.000    19.611    y[15]_i_31_n_0
    SLICE_X43Y60         CARRY4 (Prop_carry4_S[0]_O[0])
                                                      0.247    19.858 r  y_reg[15]_i_16/O[0]
                         net (fo=1, routed)           0.470    20.329    y_reg[15]_i_16_n_7
    SLICE_X44Y62         LUT2 (Prop_lut2_I1_O)        0.299    20.628 r  y[5]_i_16/O
                         net (fo=1, routed)           0.000    20.628    y[5]_i_16_n_0
    SLICE_X44Y62         CARRY4 (Prop_carry4_S[3]_O[3])
                                                      0.248    20.876 r  y_reg[5]_i_14/O[3]
                         net (fo=1, routed)           0.456    21.332    y_reg[5]_i_14_n_4
    SLICE_X45Y62         LUT2 (Prop_lut2_I1_O)        0.306    21.638 r  y[13]_i_12/O
                         net (fo=1, routed)           0.000    21.638    y[13]_i_12_n_0
    SLICE_X45Y62         CARRY4 (Prop_carry4_S[0]_O[0])
                                                      0.247    21.885 r  y_reg[13]_i_4/O[0]
                         net (fo=1, routed)           0.459    22.344    C[6]
    SLICE_X46Y62         LUT2 (Prop_lut2_I1_O)        0.299    22.643 r  y[9]_i_5/O
                         net (fo=1, routed)           0.000    22.643    y[9]_i_5_n_0
    SLICE_X46Y62         CARRY4 (Prop_carry4_S[0]_O[1])
                                                      0.427    23.070 r  y_reg[9]_i_1/O[1]
                         net (fo=1, routed)           0.000    23.070    acc[7]
    SLICE_X46Y62         FDRE                                         r  y_reg[7]/D
  -------------------------------------------------------------------    -------------------

                         (clock vclk rise edge)      27.492    27.492 r  <hidden>
                                                      0.000    27.492 r  clk
                         net (fo=173, unset)          0.924    28.416    clk
    SLICE_X46Y62         FDRE                                         r  y_reg[7]/C
                         clock pessimism              0.000    28.416    <hidden>
                         clock uncertainty           -0.035    28.381    <hidden>
    SLICE_X46Y62         FDRE (Setup_fdre_C_D)        0.109    28.490    y_reg[7]
  -------------------------------------------------------------------
                         required time                         28.490    <hidden>
                         arrival time                         -23.070    <hidden>
  -------------------------------------------------------------------
                         slack                                  5.420    <hidden>

Slack (MET) :             5.595ns  (required time - arrival time)
  Source:                 d19_reg[1]/C
                            (rising edge-triggered cell FDRE clocked by vclk  {rise@0.000ns fall@13.746ns period=27.492ns})
  Destination:            y_reg[6]/D
                            (rising edge-triggered cell FDRE clocked by vclk  {rise@0.000ns fall@13.746ns period=27.492ns})
  Path Group:             vclk
  Path Type:              Setup (Max at Slow Process Corner)
  Requirement:            27.492ns  (vclk rise@27.492ns - vclk rise@0.000ns)
  Data Path Delay:        21.922ns  (logic 11.732ns (53.518%)  route 10.190ns (46.482%))
  Logic Levels:           39  (CARRY4=21 LUT2=18)
  Clock Path Skew:        -0.049ns (DCD - SCD + CPR)
    Destination Clock Delay (DCD):    0.924ns = ( 28.416 - 27.492 ) 
    Source Clock Delay      (SCD):    0.973ns
    Clock Pessimism Removal (CPR):    0.000ns
  Clock Uncertainty:      0.035ns  ((TSJ^2 + TIJ^2)^1/2 + DJ) / 2 + PE
    Total System Jitter     (TSJ):    0.071ns
    Total Input Jitter      (TIJ):    0.000ns
    Discrete Jitter          (DJ):    0.000ns
    Phase Error              (PE):    0.000ns

    Location             Delay type                Incr(ns)  Path(ns)    Netlist Resource(s)
  -------------------------------------------------------------------    -------------------
                         (clock vclk rise edge)       0.000     0.000 r  <hidden>
                                                      0.000     0.000 r  clk
                         net (fo=173, unset)          0.973     0.973    clk
    SLICE_X34Y62         FDRE                                         r  d19_reg[1]/C
  -------------------------------------------------------------------    -------------------
    SLICE_X34Y62         FDRE (Prop_fdre_C_Q)         0.518     1.491 r  d19_reg[1]/Q
                         net (fo=3, routed)           0.533     2.024    d19[1]
    SLICE_X34Y62         CARRY4 (Prop_carry4_S[0]_O[0])
                                                      0.376     2.400 r  y_reg[5]_i_145/O[0]
                         net (fo=2, routed)           0.573     2.973    acc0[5]
    SLICE_X35Y60         LUT2 (Prop_lut2_I0_O)        0.295     3.268 r  y[5]_i_147/O
                         net (fo=1, routed)           0.000     3.268    y[5]_i_147_n_0
    SLICE_X35Y60         CARRY4 (Prop_carry4_S[2]_O[2])
                                                      0.248     3.516 r  y_reg[5]_i_144/O[2]
                         net (fo=1, routed)           0.687     4.203    y_reg[5]_i_144_n_5
    SLICE_X35Y56         LUT2 (Prop_lut2_I1_O)        0.302     4.505 r  y[5]_i_134/O
                         net (fo=1, routed)           0.000     4.505    y[5]_i_134_n_0
    SLICE_X35Y56         CARRY4 (Prop_carry4_S[3]_O[3])
                                                      0.248     4.753 r  y_reg[5]_i_127/O[3]
                         net (fo=1, routed)           0.568     5.321    y_reg[5]_i_127_n_4
    SLICE_X34Y58         LUT2 (Prop_lut2_I1_O)        0.306     5.627 r  y[5]_i_130/O
                         net (fo=1, routed)           0.000     5.627    y[5]_i_130_n_0
    SLICE_X34Y58         CARRY4 (Prop_carry4_S[2]_O[2])
                                                      0.250     5.877 r  y_reg[5]_i_126/O[2]
                         net (fo=1, routed)           0.606     6.483    y_reg[5]_i_126_n_5
    SLICE_X36Y58         LUT2 (Prop_lut2_I1_O)        0.301     6.784 r  y[5]_i_119/O
                         net (fo=1, routed)           0.000     6.784    y[5]_i_119_n_0
    SLICE_X36Y58         CARRY4 (Prop_carry4_S[3]_O[3])
                                                      0.255     7.039 r  y_reg[5]_i_114/O[3]
                         net (fo=1, routed)           0.598     7.638    y_reg[5]_i_114_n_4
    SLICE_X37Y56         CARRY4 (Prop_carry4_S[0]_O[0])
                                                      0.554     8.192 r  y_reg[5]_i_113/O[0]
                         net (fo=1, routed)           0.422     8.613    y_reg[5]_i_113_n_7
    SLICE_X38Y56         LUT2 (Prop_lut2_I1_O)        0.299     8.912 r  y[5]_i_103/O
                         net (fo=1, routed)           0.000     8.912    y[5]_i_103_n_0
    SLICE_X38Y56         CARRY4 (Prop_carry4_S[3]_O[3])
                                                      0.255     9.167 r  y_reg[5]_i_96/O[3]
                         net (fo=1, routed)           0.591     9.758    y_reg[5]_i_96_n_4
    SLICE_X38Y60         LUT2 (Prop_lut2_I1_O)        0.307    10.065 r  y[5]_i_99/O
                         net (fo=1, routed)           0.000    10.065    y[5]_i_99_n_0
    SLICE_X38Y60         CARRY4 (Prop_carry4_S[2]_O[2])
                                                      0.250    10.315 r  y_reg[5]_i_95/O[2]
                         net (fo=1, routed)           0.400    10.715    y_reg[5]_i_95_n_5
    SLICE_X37Y59         LUT2 (Prop_lut2_I1_O)        0.301    11.016 r  y[5]_i_81/O
                         net (fo=1, routed)           0.000    11.016    y[5]_i_81_n_0
    SLICE_X37Y59         CARRY4 (Prop_carry4_S[3]_CO[3])
                                                      0.401    11.417 r  y_reg[5]_i_74/CO[3]
                         net (fo=1, routed)           0.000    11.417    y_reg[5]_i_74_n_0
    SLICE_X37Y60         CARRY4 (Prop_carry4_CI_O[0])
                                                      0.222    11.639 r  y_reg[15]_i_151/O[0]
                         net (fo=1, routed)           0.431    12.070    y_reg[15]_i_151_n_7
    SLICE_X39Y58         LUT2 (Prop_lut2_I1_O)        0.299    12.369 r  y[5]_i_77/O
                         net (fo=1, routed)           0.000    12.369    y[5]_i_77_n_0
    SLICE_X39Y58         CARRY4 (Prop_carry4_S[2]_O[2])
                                                      0.248    12.617 r  y_reg[5]_i_73/O[2]
                         net (fo=1, routed)           0.439    13.055    y_reg[5]_i_73_n_5
    SLICE_X40Y59         LUT2 (Prop_lut2_I1_O)        0.302    13.357 r  y[15]_i_122/O
                         net (fo=1, routed)           0.000    13.357    y[15]_i_122_n_0
    SLICE_X40Y59         CARRY4 (Prop_carry4_S[0]_O[0])
                                                      0.247    13.604 r  y_reg[15]_i_104/O[0]
                         net (fo=1, routed)           0.588    14.193    y_reg[15]_i_104_n_7
    SLICE_X39Y62         LUT2 (Prop_lut2_I1_O)        0.299    14.492 r  y[5]_i_60/O
                         net (fo=1, routed)           0.000    14.492    y[5]_i_60_n_0
    SLICE_X39Y62         CARRY4 (Prop_carry4_S[3]_O[3])
                                                      0.248    14.740 r  y_reg[5]_i_58/O[3]
                         net (fo=1, routed)           0.453    15.192    y_reg[5]_i_58_n_4
    SLICE_X40Y63         LUT2 (Prop_lut2_I1_O)        0.306    15.498 r  y[15]_i_91/O
                         net (fo=1, routed)           0.000    15.498    y[15]_i_91_n_0
    SLICE_X40Y63         CARRY4 (Prop_carry4_S[0]_O[0])
                                                      0.247    15.745 r  y_reg[15]_i_70/O[0]
                         net (fo=1, routed)           0.586    16.331    y_reg[15]_i_70_n_7
    SLICE_X41Y60         LUT2 (Prop_lut2_I1_O)        0.299    16.630 r  y[5]_i_48/O
                         net (fo=1, routed)           0.000    16.630    y[5]_i_48_n_0
    SLICE_X41Y60         CARRY4 (Prop_carry4_S[2]_O[2])
                                                      0.248    16.878 r  y_reg[5]_i_45/O[2]
                         net (fo=1, routed)           0.427    17.305    y_reg[5]_i_45_n_5
    SLICE_X42Y59         LUT2 (Prop_lut2_I1_O)        0.302    17.607 r  y[15]_i_60/O
                         net (fo=1, routed)           0.000    17.607    y[15]_i_60_n_0
    SLICE_X42Y59         CARRY4 (Prop_carry4_S[0]_O[0])
                                                      0.252    17.859 r  y_reg[15]_i_43/O[0]
                         net (fo=1, routed)           0.452    18.311    y_reg[15]_i_43_n_7
    SLICE_X44Y58         LUT2 (Prop_lut2_I1_O)        0.295    18.606 r  y[5]_i_30/O
                         net (fo=1, routed)           0.000    18.606    y[5]_i_30_n_0
    SLICE_X44Y58         CARRY4 (Prop_carry4_S[3]_O[3])
                                                      0.248    18.854 r  y_reg[5]_i_27/O[3]
                         net (fo=1, routed)           0.452    19.305    y_reg[5]_i_27_n_4
    SLICE_X43Y60         LUT2 (Prop_lut2_I1_O)        0.306    19.611 r  y[15]_i_31/O
                         net (fo=1, routed)           0.000    19.611    y[15]_i_31_n_0
    SLICE_X43Y60         CARRY4 (Prop_carry4_S[0]_O[0])
                                                      0.247    19.858 r  y_reg[15]_i_16/O[0]
                         net (fo=1, routed)           0.470    20.329    y_reg[15]_i_16_n_7
    SLICE_X44Y62         LUT2 (Prop_lut2_I1_O)        0.299    20.628 r  y[5]_i_16/O
                         net (fo=1, routed)           0.000    20.628    y[5]_i_16_n_0
    SLICE_X44Y62         CARRY4 (Prop_carry4_S[3]_O[3])
                                                      0.248    20.876 r  y_reg[5]_i_14/O[3]
                         net (fo=1, routed)           0.456    21.332    y_reg[5]_i_14_n_4
    SLICE_X45Y62         LUT2 (Prop_lut2_I1_O)        0.306    21.638 r  y[13]_i_12/O
                         net (fo=1, routed)           0.000    21.638    y[13]_i_12_n_0
    SLICE_X45Y62         CARRY4 (Prop_carry4_S[0]_O[0])
                                                      0.247    21.885 r  y_reg[13]_i_4/O[0]
                         net (fo=1, routed)           0.459    22.344    C[6]
    SLICE_X46Y62         LUT2 (Prop_lut2_I1_O)        0.299    22.643 r  y[9]_i_5/O
                         net (fo=1, routed)           0.000    22.643    y[9]_i_5_n_0
    SLICE_X46Y62         CARRY4 (Prop_carry4_S[0]_O[0])
                                                      0.252    22.895 r  y_reg[9]_i_1/O[0]
                         net (fo=1, routed)           0.000    22.895    acc[6]
    SLICE_X46Y62         FDRE                                         r  y_reg[6]/D
  -------------------------------------------------------------------    -------------------

                         (clock vclk rise edge)      27.492    27.492 r  <hidden>
                                                      0.000    27.492 r  clk
                         net (fo=173, unset)          0.924    28.416    clk
    SLICE_X46Y62         FDRE                                         r  y_reg[6]/C
                         clock pessimism              0.000    28.416    <hidden>
                         clock uncertainty           -0.035    28.381    <hidden>
    SLICE_X46Y62         FDRE (Setup_fdre_C_D)        0.109    28.490    y_reg[6]
  -------------------------------------------------------------------
                         required time                         28.490    <hidden>
                         arrival time                         -22.895    <hidden>
  -------------------------------------------------------------------
                         slack                                  5.595    <hidden>





Pulse Width Checks
--------------------------------------------------------------------------------------
Clock Name:         vclk
Waveform(ns):       { 0.000 13.746 }
Period(ns):         27.492
Sources:            { clk }

Check Type        Corner  Lib Pin  Reference Pin  Required(ns)  Actual(ns)  Slack(ns)  Location      Pin
Min Period        n/a     FDRE/C   n/a            1.000         27.492      26.492     SLICE_X36Y58  d0_reg[0]/C
Min Period        n/a     FDRE/C   n/a            1.000         27.492      26.492     SLICE_X35Y59  d0_reg[1]/C
Min Period        n/a     FDRE/C   n/a            1.000         27.492      26.492     SLICE_X35Y58  d0_reg[2]/C
Min Period        n/a     FDRE/C   n/a            1.000         27.492      26.492     SLICE_X35Y58  d0_reg[3]/C
Min Period        n/a     FDRE/C   n/a            1.000         27.492      26.492     SLICE_X34Y60  d0_reg[4]/C
Min Period        n/a     FDRE/C   n/a            1.000         27.492      26.492     SLICE_X35Y61  d0_reg[5]/C
Min Period        n/a     FDRE/C   n/a            1.000         27.492      26.492     SLICE_X34Y57  d0_reg[6]/C
Min Period        n/a     FDRE/C   n/a            1.000         27.492      26.492     SLICE_X35Y61  d0_reg[7]/C
Min Period        n/a     FDRE/C   n/a            1.000         27.492      26.492     SLICE_X30Y61  d10_reg[0]/C
Min Period        n/a     FDRE/C   n/a            1.000         27.492      26.492     SLICE_X31Y59  d10_reg[1]/C
Low Pulse Width   Slow    FDRE/C   n/a            0.500         13.746      13.246     SLICE_X36Y58  d0_reg[0]/C
Low Pulse Width   Fast    FDRE/C   n/a            0.500         13.746      13.246     SLICE_X36Y58  d0_reg[0]/C
Low Pulse Width   Slow    FDRE/C   n/a            0.500         13.746      13.246     SLICE_X35Y59  d0_reg[1]/C
Low Pulse Width   Fast    FDRE/C   n/a            0.500         13.746      13.246     SLICE_X35Y59  d0_reg[1]/C
Low Pulse Width   Slow    FDRE/C   n/a            0.500         13.746      13.246     SLICE_X35Y58  d0_reg[2]/C
Low Pulse Width   Fast    FDRE/C   n/a            0.500         13.746      13.246     SLICE_X35Y58  d0_reg[2]/C
Low Pulse Width   Slow    FDRE/C   n/a            0.500         13.746      13.246     SLICE_X35Y58  d0_reg[3]/C
Low Pulse Width   Fast    FDRE/C   n/a            0.500         13.746      13.246     SLICE_X35Y58  d0_reg[3]/C
Low Pulse Width   Slow    FDRE/C   n/a            0.500         13.746      13.246     SLICE_X34Y60  d0_reg[4]/C
Low Pulse Width   Fast    FDRE/C   n/a            0.500         13.746      13.246     SLICE_X34Y60  d0_reg[4]/C
High Pulse Width  Slow    FDRE/C   n/a            0.500         13.746      13.246     SLICE_X36Y58  d0_reg[0]/C
High Pulse Width  Fast    FDRE/C   n/a            0.500         13.746      13.246     SLICE_X36Y58  d0_reg[0]/C
High Pulse Width  Slow    FDRE/C   n/a            0.500         13.746      13.246     SLICE_X35Y59  d0_reg[1]/C
High Pulse Width  Fast    FDRE/C   n/a            0.500         13.746      13.246     SLICE_X35Y59  d0_reg[1]/C
High Pulse Width  Slow    FDRE/C   n/a            0.500         13.746      13.246     SLICE_X35Y58  d0_reg[2]/C
High Pulse Width  Fast    FDRE/C   n/a            0.500         13.746      13.246     SLICE_X35Y58  d0_reg[2]/C
High Pulse Width  Slow    FDRE/C   n/a            0.500         13.746      13.246     SLICE_X35Y58  d0_reg[3]/C
High Pulse Width  Fast    FDRE/C   n/a            0.500         13.746      13.246     SLICE_X35Y58  d0_reg[3]/C
High Pulse Width  Slow    FDRE/C   n/a            0.500         13.746      13.246     SLICE_X34Y60  d0_reg[4]/C
High Pulse Width  Fast    FDRE/C   n/a            0.500         13.746      13.246     SLICE_X34Y60  d0_reg[4]/C



