Copyright 1986-2022 Xilinx, Inc. All Rights Reserved. Copyright 2022-2026 Advanced Micro Devices, Inc. All Rights Reserved.
-----------------------------------------------------------------------------------------------------------------------------------------------------------------------------------------------------------------------------------------------------------------------------------------------
| Tool Version : Vivado v.2026.1 (win64) Build 6511674 Tue Jun 16 11:02:23 MDT 2026
| Date         : Sun Aug 30 23:10:09 2026
| Host         : Amine running 64-bit major release  (build 9200)
| Command      : report_timing_summary -delay_type max -max_paths 10 -report_unconstrained -check_timing_verbose -warn_on_violation -file C:/Users/Amine/mas/fpga-repo/timing_closure_candidate_v7/results/c03_firr_sft_firr20_v6/trial_007_search_p24p818828125_a0/reports/timing_summary.rpt
| Design       : sft__firr20_v6__g1
| Device       : 7z020-clg400
| Speed File   : -1  PRODUCTION 1.12 2019-11-22
| Design State : Routed
-----------------------------------------------------------------------------------------------------------------------------------------------------------------------------------------------------------------------------------------------------------------------------------------------

Timing Summary Report

------------------------------------------------------------------------------------------------
| Timer Settings
| --------------
------------------------------------------------------------------------------------------------

  Enable Multi Corner Analysis               :  Yes
  Enable Pessimism Removal                   :  Yes
  Pessimism Removal Resolution               :  Nearest Common Node
  Enable Input Delay Default Clock           :  No
  Enable Preset / Clear Arcs                 :  No
  Disable Flight Delays                      :  No
  Ignore I/O Paths                           :  No
  Timing Early Launch at Borrowing Latches   :  No
  Borrow Time for Max Delay Exceptions       :  Yes
  Merge Timing Exceptions                    :  Yes
  Inter-SLR Compensation                     :  Conservative

  Corner  Analyze    Analyze    
  Name    Max Paths  Min Paths  
  ------  ---------  ---------  
  Slow    Yes        Yes        
  Fast    Yes        Yes        


------------------------------------------------------------------------------------------------
| Report Methodology
| ------------------
------------------------------------------------------------------------------------------------

No report available as report_methodology has not been run prior. Run report_methodology on the current design for the summary of methodology violations.



check_timing report

Table of Contents
-----------------
1. checking no_clock (0)
2. checking constant_clock (0)
3. checking pulse_width_clock (0)
4. checking unconstrained_internal_endpoints (0)
5. checking no_input_delay (0)
6. checking no_output_delay (0)
7. checking multiple_clock (0)
8. checking generated_clocks (0)
9. checking loops (0)
10. checking partial_input_delay (0)
11. checking partial_output_delay (0)
12. checking latch_loops (0)

1. checking no_clock (0)
------------------------
 There are 0 register/latch pins with no clock.


2. checking constant_clock (0)
------------------------------
 There are 0 register/latch pins with constant_clock.


3. checking pulse_width_clock (0)
---------------------------------
 There are 0 register/latch pins which need pulse_width check


4. checking unconstrained_internal_endpoints (0)
------------------------------------------------
 There are 0 pins that are not constrained for maximum delay.

 There are 0 pins that are not constrained for maximum delay due to constant clock.


5. checking no_input_delay (0)
------------------------------
 There are 0 input ports with no input delay specified.

 There are 0 input ports with no input delay but user has a false path constraint.


6. checking no_output_delay (0)
-------------------------------
 There are 0 ports with no output delay specified.

 There are 0 ports with no output delay but user has a false path constraint

 There are 0 ports with no output delay but with a timing clock defined on it or propagating through it


7. checking multiple_clock (0)
------------------------------
 There are 0 register/latch pins with multiple clocks.


8. checking generated_clocks (0)
--------------------------------
 There are 0 generated clocks that are not connected to a clock source.


9. checking loops (0)
---------------------
 There are 0 combinational loops in the design.


10. checking partial_input_delay (0)
------------------------------------
 There are 0 input ports with partial input delay specified.


11. checking partial_output_delay (0)
-------------------------------------
 There are 0 ports with partial output delay specified.


12. checking latch_loops (0)
----------------------------
 There are 0 combinational latch loops in the design through latch input



------------------------------------------------------------------------------------------------
| Design Timing Summary
| ---------------------
------------------------------------------------------------------------------------------------

    WNS(ns)      TNS(ns)  TNS Failing Endpoints  TNS Total Endpoints     WPWS(ns)     TPWS(ns)  TPWS Failing Endpoints  TPWS Total Endpoints  
    -------      -------  ---------------------  -------------------     --------     --------  ----------------------  --------------------  
      0.180        0.000                      0                  362       11.910        0.000                       0                   174  


All user specified timing constraints are met.


------------------------------------------------------------------------------------------------
| Clock Summary
| -------------
------------------------------------------------------------------------------------------------

Clock  Waveform(ns)       Period(ns)      Frequency(MHz)
-----  ------------       ----------      --------------
vclk   {0.000 12.410}     24.819          40.292          


------------------------------------------------------------------------------------------------
| Intra Clock Table
| -----------------
------------------------------------------------------------------------------------------------

Clock             WNS(ns)      TNS(ns)  TNS Failing Endpoints  TNS Total Endpoints     WPWS(ns)     TPWS(ns)  TPWS Failing Endpoints  TPWS Total Endpoints  
-----             -------      -------  ---------------------  -------------------     --------     --------  ----------------------  --------------------  
vclk                0.180        0.000                      0                  362       11.910        0.000                       0                   174  


------------------------------------------------------------------------------------------------
| Inter Clock Table
| -----------------
------------------------------------------------------------------------------------------------

From Clock    To Clock          WNS(ns)      TNS(ns)  TNS Failing Endpoints  TNS Total Endpoints  
----------    --------          -------      -------  ---------------------  -------------------  


------------------------------------------------------------------------------------------------
| Other Path Groups Table
| -----------------------
------------------------------------------------------------------------------------------------

Path Group    From Clock    To Clock          WNS(ns)      TNS(ns)  TNS Failing Endpoints  TNS Total Endpoints  
----------    ----------    --------          -------      -------  ---------------------  -------------------  


------------------------------------------------------------------------------------------------
| User Ignored Path Table
| -----------------------
------------------------------------------------------------------------------------------------

Path Group    From Clock    To Clock    
----------    ----------    --------    


------------------------------------------------------------------------------------------------
| Unconstrained Path Table
| ------------------------
------------------------------------------------------------------------------------------------

Path Group    From Clock    To Clock    
----------    ----------    --------    


------------------------------------------------------------------------------------------------
| Timing Details
| --------------
------------------------------------------------------------------------------------------------


---------------------------------------------------------------------------------------------------
From Clock:  vclk
  To Clock:  vclk

Setup :            0  Failing Endpoints,  Worst Slack        0.180ns,  Total Violation        0.000ns
Hold  :           NA  Failing Endpoints,  Worst Slack           NA  ,  Total Violation           NA
PW    :            0  Failing Endpoints,  Worst Slack       11.910ns,  Total Violation        0.000ns
---------------------------------------------------------------------------------------------------


Max Delay Paths
--------------------------------------------------------------------------------------
Slack (MET) :             0.180ns  (required time - arrival time)
  Source:                 d18_reg[0]/C
                            (rising edge-triggered cell FDRE clocked by vclk  {rise@0.000ns fall@12.410ns period=24.819ns})
  Destination:            y_reg[15]/D
                            (rising edge-triggered cell FDRE clocked by vclk  {rise@0.000ns fall@12.410ns period=24.819ns})
  Path Group:             vclk
  Path Type:              Setup (Max at Slow Process Corner)
  Requirement:            24.819ns  (vclk rise@24.819ns - vclk rise@0.000ns)
  Data Path Delay:        24.617ns  (logic 14.890ns (60.486%)  route 9.727ns (39.514%))
  Logic Levels:           38  (CARRY4=24 LUT2=14)
  Clock Path Skew:        -0.049ns (DCD - SCD + CPR)
    Destination Clock Delay (DCD):    0.924ns = ( 25.743 - 24.819 ) 
    Source Clock Delay      (SCD):    0.973ns
    Clock Pessimism Removal (CPR):    0.000ns
  Clock Uncertainty:      0.035ns  ((TSJ^2 + TIJ^2)^1/2 + DJ) / 2 + PE
    Total System Jitter     (TSJ):    0.071ns
    Total Input Jitter      (TIJ):    0.000ns
    Discrete Jitter          (DJ):    0.000ns
    Phase Error              (PE):    0.000ns

    Location             Delay type                Incr(ns)  Path(ns)    Netlist Resource(s)
  -------------------------------------------------------------------    -------------------
                         (clock vclk rise edge)       0.000     0.000 r  <hidden>
                                                      0.000     0.000 r  clk
                         net (fo=173, unset)          0.973     0.973    clk
    SLICE_X35Y72         FDRE                                         r  d18_reg[0]/C
  -------------------------------------------------------------------    -------------------
    SLICE_X35Y72         FDRE (Prop_fdre_C_Q)         0.456     1.429 r  d18_reg[0]/Q
                         net (fo=6, routed)           0.696     2.125    d18[0]
    SLICE_X34Y72         CARRY4 (Prop_carry4_S[0]_O[1])
                                                      0.551     2.676 r  y_reg[5]_i_133/O[1]
                         net (fo=2, routed)           0.741     3.417    acc1[3]
    SLICE_X37Y72         LUT2 (Prop_lut2_I0_O)        0.306     3.723 r  y[5]_i_136/O
                         net (fo=1, routed)           0.000     3.723    y[5]_i_136_n_0
    SLICE_X37Y72         CARRY4 (Prop_carry4_S[1]_O[2])
                                                      0.580     4.303 r  y_reg[5]_i_127/O[2]
                         net (fo=1, routed)           0.522     4.825    y_reg[5]_i_127_n_5
    SLICE_X36Y72         LUT2 (Prop_lut2_I1_O)        0.302     5.127 r  y[5]_i_131/O
                         net (fo=1, routed)           0.000     5.127    y[5]_i_131_n_0
    SLICE_X36Y72         CARRY4 (Prop_carry4_S[1]_O[2])
                                                      0.578     5.705 r  y_reg[5]_i_126/O[2]
                         net (fo=1, routed)           0.678     6.383    y_reg[5]_i_126_n_5
    SLICE_X36Y76         LUT2 (Prop_lut2_I1_O)        0.301     6.684 r  y[5]_i_119/O
                         net (fo=1, routed)           0.000     6.684    y[5]_i_119_n_0
    SLICE_X36Y76         CARRY4 (Prop_carry4_S[3]_O[3])
                                                      0.255     6.939 r  y_reg[5]_i_114/O[3]
                         net (fo=1, routed)           0.621     7.561    y_reg[5]_i_114_n_4
    SLICE_X37Y76         CARRY4 (Prop_carry4_S[0]_O[0])
                                                      0.554     8.115 r  y_reg[5]_i_113/O[0]
                         net (fo=1, routed)           0.450     8.564    y_reg[5]_i_113_n_7
    SLICE_X38Y75         LUT2 (Prop_lut2_I1_O)        0.299     8.863 r  y[5]_i_103/O
                         net (fo=1, routed)           0.000     8.863    y[5]_i_103_n_0
    SLICE_X38Y75         CARRY4 (Prop_carry4_S[3]_CO[3])
                                                      0.376     9.239 r  y_reg[5]_i_96/CO[3]
                         net (fo=1, routed)           0.000     9.239    y_reg[5]_i_96_n_0
    SLICE_X38Y76         CARRY4 (Prop_carry4_CI_O[0])
                                                      0.219     9.458 r  y_reg[15]_i_189/O[0]
                         net (fo=1, routed)           0.449     9.908    y_reg[15]_i_189_n_7
    SLICE_X39Y75         LUT2 (Prop_lut2_I1_O)        0.295    10.203 r  y[5]_i_98/O
                         net (fo=1, routed)           0.000    10.203    y[5]_i_98_n_0
    SLICE_X39Y75         CARRY4 (Prop_carry4_S[3]_CO[3])
                                                      0.401    10.604 r  y_reg[5]_i_95/CO[3]
                         net (fo=1, routed)           0.000    10.604    y_reg[5]_i_95_n_0
    SLICE_X39Y76         CARRY4 (Prop_carry4_CI_O[0])
                                                      0.222    10.826 r  y_reg[15]_i_159/O[0]
                         net (fo=1, routed)           0.467    11.293    y_reg[15]_i_159_n_7
    SLICE_X40Y76         LUT2 (Prop_lut2_I1_O)        0.299    11.592 r  y[15]_i_166/O
                         net (fo=1, routed)           0.000    11.592    y[15]_i_166_n_0
    SLICE_X40Y76         CARRY4 (Prop_carry4_S[1]_O[1])
                                                      0.227    11.819 r  y_reg[15]_i_151/O[1]
                         net (fo=1, routed)           0.613    12.432    y_reg[15]_i_151_n_6
    SLICE_X38Y79         LUT2 (Prop_lut2_I1_O)        0.303    12.735 r  y[5]_i_76/O
                         net (fo=1, routed)           0.000    12.735    y[5]_i_76_n_0
    SLICE_X38Y79         CARRY4 (Prop_carry4_S[3]_O[3])
                                                      0.255    12.990 r  y_reg[5]_i_73/O[3]
                         net (fo=1, routed)           0.669    13.659    y_reg[5]_i_73_n_4
    SLICE_X38Y83         LUT2 (Prop_lut2_I1_O)        0.307    13.966 r  y[15]_i_121/O
                         net (fo=1, routed)           0.000    13.966    y[15]_i_121_n_0
    SLICE_X38Y83         CARRY4 (Prop_carry4_S[1]_O[2])
                                                      0.578    14.544 r  y_reg[15]_i_104/O[2]
                         net (fo=1, routed)           0.403    14.946    y_reg[15]_i_104_n_5
    SLICE_X37Y83         LUT2 (Prop_lut2_I1_O)        0.301    15.247 r  y[15]_i_99/O
                         net (fo=1, routed)           0.000    15.247    y[15]_i_99_n_0
    SLICE_X37Y83         CARRY4 (Prop_carry4_S[1]_O[2])
                                                      0.580    15.827 r  y_reg[15]_i_82/O[2]
                         net (fo=1, routed)           0.457    16.285    y_reg[15]_i_82_n_5
    SLICE_X36Y81         LUT2 (Prop_lut2_I1_O)        0.302    16.587 r  y[15]_i_88/O
                         net (fo=1, routed)           0.000    16.587    y[15]_i_88_n_0
    SLICE_X36Y81         CARRY4 (Prop_carry4_S[3]_O[3])
                                                      0.255    16.842 r  y_reg[15]_i_70/O[3]
                         net (fo=1, routed)           0.287    17.129    y_reg[15]_i_70_n_4
    SLICE_X39Y81         LUT2 (Prop_lut2_I1_O)        0.307    17.436 r  y[15]_i_66/O
                         net (fo=1, routed)           0.000    17.436    y[15]_i_66_n_0
    SLICE_X39Y81         CARRY4 (Prop_carry4_S[1]_O[1])
                                                      0.227    17.663 r  y_reg[15]_i_48/O[1]
                         net (fo=1, routed)           0.441    18.103    y_reg[15]_i_48_n_6
    SLICE_X40Y80         LUT2 (Prop_lut2_I1_O)        0.303    18.406 r  y[15]_i_57/O
                         net (fo=1, routed)           0.000    18.406    y[15]_i_57_n_0
    SLICE_X40Y80         CARRY4 (Prop_carry4_S[3]_CO[3])
                                                      0.401    18.807 r  y_reg[15]_i_43/CO[3]
                         net (fo=1, routed)           0.000    18.807    y_reg[15]_i_43_n_0
    SLICE_X40Y81         CARRY4 (Prop_carry4_CI_O[0])
                                                      0.222    19.029 r  y_reg[15]_i_25/O[0]
                         net (fo=1, routed)           0.439    19.468    y_reg[15]_i_25_n_7
    SLICE_X41Y80         LUT2 (Prop_lut2_I1_O)        0.299    19.767 r  y[15]_i_37/O
                         net (fo=1, routed)           0.000    19.767    y[15]_i_37_n_0
    SLICE_X41Y80         CARRY4 (Prop_carry4_S[3]_CO[3])
                                                      0.401    20.168 r  y_reg[15]_i_23/CO[3]
                         net (fo=1, routed)           0.000    20.168    y_reg[15]_i_23_n_0
    SLICE_X41Y81         CARRY4 (Prop_carry4_CI_O[0])
                                                      0.222    20.390 r  y_reg[15]_i_11/O[0]
                         net (fo=1, routed)           0.456    20.846    y_reg[15]_i_11_n_7
    SLICE_X42Y81         LUT2 (Prop_lut2_I1_O)        0.299    21.145 r  y[15]_i_20/O
                         net (fo=1, routed)           0.000    21.145    y[15]_i_20_n_0
    SLICE_X42Y81         CARRY4 (Prop_carry4_S[1]_O[2])
                                                      0.578    21.723 r  y_reg[15]_i_8/O[2]
                         net (fo=1, routed)           0.437    22.161    y_reg[15]_i_8_n_5
    SLICE_X43Y82         CARRY4 (Prop_carry4_S[1]_O[2])
                                                      0.881    23.042 r  y_reg[15]_i_5/O[2]
                         net (fo=1, routed)           0.314    23.355    y_reg[15]_i_5_n_5
    SLICE_X44Y82         CARRY4 (Prop_carry4_S[3]_CO[3])
                                                      0.703    24.058 r  y_reg[13]_i_2/CO[3]
                         net (fo=1, routed)           0.000    24.058    y_reg[13]_i_2_n_0
    SLICE_X44Y83         CARRY4 (Prop_carry4_CI_O[0])
                                                      0.222    24.280 r  y_reg[15]_i_3/O[0]
                         net (fo=1, routed)           0.587    24.867    C[14]
    SLICE_X45Y83         CARRY4 (Prop_carry4_S[0]_O[1])
                                                      0.723    25.590 r  y_reg[15]_i_2/O[1]
                         net (fo=1, routed)           0.000    25.590    acc[15]
    SLICE_X45Y83         FDRE                                         r  y_reg[15]/D
  -------------------------------------------------------------------    -------------------

                         (clock vclk rise edge)      24.819    24.819 r  <hidden>
                                                      0.000    24.819 r  clk
                         net (fo=173, unset)          0.924    25.743    clk
    SLICE_X45Y83         FDRE                                         r  y_reg[15]/C
                         clock pessimism              0.000    25.743    <hidden>
                         clock uncertainty           -0.035    25.708    <hidden>
    SLICE_X45Y83         FDRE (Setup_fdre_C_D)        0.062    25.770    y_reg[15]
  -------------------------------------------------------------------
                         required time                         25.770    <hidden>
                         arrival time                         -25.590    <hidden>
  -------------------------------------------------------------------
                         slack                                  0.180    <hidden>

Slack (MET) :             0.349ns  (required time - arrival time)
  Source:                 d18_reg[0]/C
                            (rising edge-triggered cell FDRE clocked by vclk  {rise@0.000ns fall@12.410ns period=24.819ns})
  Destination:            y_reg[14]/D
                            (rising edge-triggered cell FDRE clocked by vclk  {rise@0.000ns fall@12.410ns period=24.819ns})
  Path Group:             vclk
  Path Type:              Setup (Max at Slow Process Corner)
  Requirement:            24.819ns  (vclk rise@24.819ns - vclk rise@0.000ns)
  Data Path Delay:        24.448ns  (logic 14.722ns (60.219%)  route 9.726ns (39.781%))
  Logic Levels:           38  (CARRY4=24 LUT2=14)
  Clock Path Skew:        -0.049ns (DCD - SCD + CPR)
    Destination Clock Delay (DCD):    0.924ns = ( 25.743 - 24.819 ) 
    Source Clock Delay      (SCD):    0.973ns
    Clock Pessimism Removal (CPR):    0.000ns
  Clock Uncertainty:      0.035ns  ((TSJ^2 + TIJ^2)^1/2 + DJ) / 2 + PE
    Total System Jitter     (TSJ):    0.071ns
    Total Input Jitter      (TIJ):    0.000ns
    Discrete Jitter          (DJ):    0.000ns
    Phase Error              (PE):    0.000ns

    Location             Delay type                Incr(ns)  Path(ns)    Netlist Resource(s)
  -------------------------------------------------------------------    -------------------
                         (clock vclk rise edge)       0.000     0.000 r  <hidden>
                                                      0.000     0.000 r  clk
                         net (fo=173, unset)          0.973     0.973    clk
    SLICE_X35Y72         FDRE                                         r  d18_reg[0]/C
  -------------------------------------------------------------------    -------------------
    SLICE_X35Y72         FDRE (Prop_fdre_C_Q)         0.456     1.429 r  d18_reg[0]/Q
                         net (fo=6, routed)           0.696     2.125    d18[0]
    SLICE_X34Y72         CARRY4 (Prop_carry4_S[0]_O[1])
                                                      0.551     2.676 r  y_reg[5]_i_133/O[1]
                         net (fo=2, routed)           0.741     3.417    acc1[3]
    SLICE_X37Y72         LUT2 (Prop_lut2_I0_O)        0.306     3.723 r  y[5]_i_136/O
                         net (fo=1, routed)           0.000     3.723    y[5]_i_136_n_0
    SLICE_X37Y72         CARRY4 (Prop_carry4_S[1]_O[2])
                                                      0.580     4.303 r  y_reg[5]_i_127/O[2]
                         net (fo=1, routed)           0.522     4.825    y_reg[5]_i_127_n_5
    SLICE_X36Y72         LUT2 (Prop_lut2_I1_O)        0.302     5.127 r  y[5]_i_131/O
                         net (fo=1, routed)           0.000     5.127    y[5]_i_131_n_0
    SLICE_X36Y72         CARRY4 (Prop_carry4_S[1]_O[2])
                                                      0.578     5.705 r  y_reg[5]_i_126/O[2]
                         net (fo=1, routed)           0.678     6.383    y_reg[5]_i_126_n_5
    SLICE_X36Y76         LUT2 (Prop_lut2_I1_O)        0.301     6.684 r  y[5]_i_119/O
                         net (fo=1, routed)           0.000     6.684    y[5]_i_119_n_0
    SLICE_X36Y76         CARRY4 (Prop_carry4_S[3]_O[3])
                                                      0.255     6.939 r  y_reg[5]_i_114/O[3]
                         net (fo=1, routed)           0.621     7.561    y_reg[5]_i_114_n_4
    SLICE_X37Y76         CARRY4 (Prop_carry4_S[0]_O[0])
                                                      0.554     8.115 r  y_reg[5]_i_113/O[0]
                         net (fo=1, routed)           0.450     8.564    y_reg[5]_i_113_n_7
    SLICE_X38Y75         LUT2 (Prop_lut2_I1_O)        0.299     8.863 r  y[5]_i_103/O
                         net (fo=1, routed)           0.000     8.863    y[5]_i_103_n_0
    SLICE_X38Y75         CARRY4 (Prop_carry4_S[3]_CO[3])
                                                      0.376     9.239 r  y_reg[5]_i_96/CO[3]
                         net (fo=1, routed)           0.000     9.239    y_reg[5]_i_96_n_0
    SLICE_X38Y76         CARRY4 (Prop_carry4_CI_O[0])
                                                      0.219     9.458 r  y_reg[15]_i_189/O[0]
                         net (fo=1, routed)           0.449     9.908    y_reg[15]_i_189_n_7
    SLICE_X39Y75         LUT2 (Prop_lut2_I1_O)        0.295    10.203 r  y[5]_i_98/O
                         net (fo=1, routed)           0.000    10.203    y[5]_i_98_n_0
    SLICE_X39Y75         CARRY4 (Prop_carry4_S[3]_CO[3])
                                                      0.401    10.604 r  y_reg[5]_i_95/CO[3]
                         net (fo=1, routed)           0.000    10.604    y_reg[5]_i_95_n_0
    SLICE_X39Y76         CARRY4 (Prop_carry4_CI_O[0])
                                                      0.222    10.826 r  y_reg[15]_i_159/O[0]
                         net (fo=1, routed)           0.467    11.293    y_reg[15]_i_159_n_7
    SLICE_X40Y76         LUT2 (Prop_lut2_I1_O)        0.299    11.592 r  y[15]_i_166/O
                         net (fo=1, routed)           0.000    11.592    y[15]_i_166_n_0
    SLICE_X40Y76         CARRY4 (Prop_carry4_S[1]_O[1])
                                                      0.227    11.819 r  y_reg[15]_i_151/O[1]
                         net (fo=1, routed)           0.613    12.432    y_reg[15]_i_151_n_6
    SLICE_X38Y79         LUT2 (Prop_lut2_I1_O)        0.303    12.735 r  y[5]_i_76/O
                         net (fo=1, routed)           0.000    12.735    y[5]_i_76_n_0
    SLICE_X38Y79         CARRY4 (Prop_carry4_S[3]_O[3])
                                                      0.255    12.990 r  y_reg[5]_i_73/O[3]
                         net (fo=1, routed)           0.669    13.659    y_reg[5]_i_73_n_4
    SLICE_X38Y83         LUT2 (Prop_lut2_I1_O)        0.307    13.966 r  y[15]_i_121/O
                         net (fo=1, routed)           0.000    13.966    y[15]_i_121_n_0
    SLICE_X38Y83         CARRY4 (Prop_carry4_S[1]_O[2])
                                                      0.578    14.544 r  y_reg[15]_i_104/O[2]
                         net (fo=1, routed)           0.403    14.946    y_reg[15]_i_104_n_5
    SLICE_X37Y83         LUT2 (Prop_lut2_I1_O)        0.301    15.247 r  y[15]_i_99/O
                         net (fo=1, routed)           0.000    15.247    y[15]_i_99_n_0
    SLICE_X37Y83         CARRY4 (Prop_carry4_S[1]_O[2])
                                                      0.580    15.827 r  y_reg[15]_i_82/O[2]
                         net (fo=1, routed)           0.457    16.285    y_reg[15]_i_82_n_5
    SLICE_X36Y81         LUT2 (Prop_lut2_I1_O)        0.302    16.587 r  y[15]_i_88/O
                         net (fo=1, routed)           0.000    16.587    y[15]_i_88_n_0
    SLICE_X36Y81         CARRY4 (Prop_carry4_S[3]_O[3])
                                                      0.255    16.842 r  y_reg[15]_i_70/O[3]
                         net (fo=1, routed)           0.287    17.129    y_reg[15]_i_70_n_4
    SLICE_X39Y81         LUT2 (Prop_lut2_I1_O)        0.307    17.436 r  y[15]_i_66/O
                         net (fo=1, routed)           0.000    17.436    y[15]_i_66_n_0
    SLICE_X39Y81         CARRY4 (Prop_carry4_S[1]_O[1])
                                                      0.227    17.663 r  y_reg[15]_i_48/O[1]
                         net (fo=1, routed)           0.441    18.103    y_reg[15]_i_48_n_6
    SLICE_X40Y80         LUT2 (Prop_lut2_I1_O)        0.303    18.406 r  y[15]_i_57/O
                         net (fo=1, routed)           0.000    18.406    y[15]_i_57_n_0
    SLICE_X40Y80         CARRY4 (Prop_carry4_S[3]_CO[3])
                                                      0.401    18.807 r  y_reg[15]_i_43/CO[3]
                         net (fo=1, routed)           0.000    18.807    y_reg[15]_i_43_n_0
    SLICE_X40Y81         CARRY4 (Prop_carry4_CI_O[0])
                                                      0.222    19.029 r  y_reg[15]_i_25/O[0]
                         net (fo=1, routed)           0.439    19.468    y_reg[15]_i_25_n_7
    SLICE_X41Y80         LUT2 (Prop_lut2_I1_O)        0.299    19.767 r  y[15]_i_37/O
                         net (fo=1, routed)           0.000    19.767    y[15]_i_37_n_0
    SLICE_X41Y80         CARRY4 (Prop_carry4_S[3]_CO[3])
                                                      0.401    20.168 r  y_reg[15]_i_23/CO[3]
                         net (fo=1, routed)           0.000    20.168    y_reg[15]_i_23_n_0
    SLICE_X41Y81         CARRY4 (Prop_carry4_CI_O[0])
                                                      0.222    20.390 r  y_reg[15]_i_11/O[0]
                         net (fo=1, routed)           0.456    20.846    y_reg[15]_i_11_n_7
    SLICE_X42Y81         LUT2 (Prop_lut2_I1_O)        0.299    21.145 r  y[15]_i_20/O
                         net (fo=1, routed)           0.000    21.145    y[15]_i_20_n_0
    SLICE_X42Y81         CARRY4 (Prop_carry4_S[1]_O[2])
                                                      0.578    21.723 r  y_reg[15]_i_8/O[2]
                         net (fo=1, routed)           0.437    22.161    y_reg[15]_i_8_n_5
    SLICE_X43Y82         CARRY4 (Prop_carry4_S[1]_O[2])
                                                      0.881    23.042 r  y_reg[15]_i_5/O[2]
                         net (fo=1, routed)           0.314    23.355    y_reg[15]_i_5_n_5
    SLICE_X44Y82         CARRY4 (Prop_carry4_S[3]_O[3])
                                                      0.550    23.905 r  y_reg[13]_i_2/O[3]
                         net (fo=1, routed)           0.585    24.491    C[13]
    SLICE_X45Y82         CARRY4 (Prop_carry4_S[3]_CO[3])
                                                      0.707    25.198 r  y_reg[13]_i_1/CO[3]
                         net (fo=1, routed)           0.000    25.198    y_reg[13]_i_1_n_0
    SLICE_X45Y83         CARRY4 (Prop_carry4_CI_O[0])
                                                      0.223    25.421 r  y_reg[15]_i_2/O[0]
                         net (fo=1, routed)           0.000    25.421    acc[14]
    SLICE_X45Y83         FDRE                                         r  y_reg[14]/D
  -------------------------------------------------------------------    -------------------

                         (clock vclk rise edge)      24.819    24.819 r  <hidden>
                                                      0.000    24.819 r  clk
                         net (fo=173, unset)          0.924    25.743    clk
    SLICE_X45Y83         FDRE                                         r  y_reg[14]/C
                         clock pessimism              0.000    25.743    <hidden>
                         clock uncertainty           -0.035    25.708    <hidden>
    SLICE_X45Y83         FDRE (Setup_fdre_C_D)        0.062    25.770    y_reg[14]
  -------------------------------------------------------------------
                         required time                         25.770    <hidden>
                         arrival time                         -25.421    <hidden>
  -------------------------------------------------------------------
                         slack                                  0.349    <hidden>

Slack (MET) :             0.725ns  (required time - arrival time)
  Source:                 d18_reg[0]/C
                            (rising edge-triggered cell FDRE clocked by vclk  {rise@0.000ns fall@12.410ns period=24.819ns})
  Destination:            y_reg[13]/D
                            (rising edge-triggered cell FDRE clocked by vclk  {rise@0.000ns fall@12.410ns period=24.819ns})
  Path Group:             vclk
  Path Type:              Setup (Max at Slow Process Corner)
  Requirement:            24.819ns  (vclk rise@24.819ns - vclk rise@0.000ns)
  Data Path Delay:        24.072ns  (logic 14.346ns (59.597%)  route 9.726ns (40.403%))
  Logic Levels:           37  (CARRY4=23 LUT2=14)
  Clock Path Skew:        -0.049ns (DCD - SCD + CPR)
    Destination Clock Delay (DCD):    0.924ns = ( 25.743 - 24.819 ) 
    Source Clock Delay      (SCD):    0.973ns
    Clock Pessimism Removal (CPR):    0.000ns
  Clock Uncertainty:      0.035ns  ((TSJ^2 + TIJ^2)^1/2 + DJ) / 2 + PE
    Total System Jitter     (TSJ):    0.071ns
    Total Input Jitter      (TIJ):    0.000ns
    Discrete Jitter          (DJ):    0.000ns
    Phase Error              (PE):    0.000ns

    Location             Delay type                Incr(ns)  Path(ns)    Netlist Resource(s)
  -------------------------------------------------------------------    -------------------
                         (clock vclk rise edge)       0.000     0.000 r  <hidden>
                                                      0.000     0.000 r  clk
                         net (fo=173, unset)          0.973     0.973    clk
    SLICE_X35Y72         FDRE                                         r  d18_reg[0]/C
  -------------------------------------------------------------------    -------------------
    SLICE_X35Y72         FDRE (Prop_fdre_C_Q)         0.456     1.429 r  d18_reg[0]/Q
                         net (fo=6, routed)           0.696     2.125    d18[0]
    SLICE_X34Y72         CARRY4 (Prop_carry4_S[0]_O[1])
                                                      0.551     2.676 r  y_reg[5]_i_133/O[1]
                         net (fo=2, routed)           0.741     3.417    acc1[3]
    SLICE_X37Y72         LUT2 (Prop_lut2_I0_O)        0.306     3.723 r  y[5]_i_136/O
                         net (fo=1, routed)           0.000     3.723    y[5]_i_136_n_0
    SLICE_X37Y72         CARRY4 (Prop_carry4_S[1]_O[2])
                                                      0.580     4.303 r  y_reg[5]_i_127/O[2]
                         net (fo=1, routed)           0.522     4.825    y_reg[5]_i_127_n_5
    SLICE_X36Y72         LUT2 (Prop_lut2_I1_O)        0.302     5.127 r  y[5]_i_131/O
                         net (fo=1, routed)           0.000     5.127    y[5]_i_131_n_0
    SLICE_X36Y72         CARRY4 (Prop_carry4_S[1]_O[2])
                                                      0.578     5.705 r  y_reg[5]_i_126/O[2]
                         net (fo=1, routed)           0.678     6.383    y_reg[5]_i_126_n_5
    SLICE_X36Y76         LUT2 (Prop_lut2_I1_O)        0.301     6.684 r  y[5]_i_119/O
                         net (fo=1, routed)           0.000     6.684    y[5]_i_119_n_0
    SLICE_X36Y76         CARRY4 (Prop_carry4_S[3]_O[3])
                                                      0.255     6.939 r  y_reg[5]_i_114/O[3]
                         net (fo=1, routed)           0.621     7.561    y_reg[5]_i_114_n_4
    SLICE_X37Y76         CARRY4 (Prop_carry4_S[0]_O[0])
                                                      0.554     8.115 r  y_reg[5]_i_113/O[0]
                         net (fo=1, routed)           0.450     8.564    y_reg[5]_i_113_n_7
    SLICE_X38Y75         LUT2 (Prop_lut2_I1_O)        0.299     8.863 r  y[5]_i_103/O
                         net (fo=1, routed)           0.000     8.863    y[5]_i_103_n_0
    SLICE_X38Y75         CARRY4 (Prop_carry4_S[3]_CO[3])
                                                      0.376     9.239 r  y_reg[5]_i_96/CO[3]
                         net (fo=1, routed)           0.000     9.239    y_reg[5]_i_96_n_0
    SLICE_X38Y76         CARRY4 (Prop_carry4_CI_O[0])
                                                      0.219     9.458 r  y_reg[15]_i_189/O[0]
                         net (fo=1, routed)           0.449     9.908    y_reg[15]_i_189_n_7
    SLICE_X39Y75         LUT2 (Prop_lut2_I1_O)        0.295    10.203 r  y[5]_i_98/O
                         net (fo=1, routed)           0.000    10.203    y[5]_i_98_n_0
    SLICE_X39Y75         CARRY4 (Prop_carry4_S[3]_CO[3])
                                                      0.401    10.604 r  y_reg[5]_i_95/CO[3]
                         net (fo=1, routed)           0.000    10.604    y_reg[5]_i_95_n_0
    SLICE_X39Y76         CARRY4 (Prop_carry4_CI_O[0])
                                                      0.222    10.826 r  y_reg[15]_i_159/O[0]
                         net (fo=1, routed)           0.467    11.293    y_reg[15]_i_159_n_7
    SLICE_X40Y76         LUT2 (Prop_lut2_I1_O)        0.299    11.592 r  y[15]_i_166/O
                         net (fo=1, routed)           0.000    11.592    y[15]_i_166_n_0
    SLICE_X40Y76         CARRY4 (Prop_carry4_S[1]_O[1])
                                                      0.227    11.819 r  y_reg[15]_i_151/O[1]
                         net (fo=1, routed)           0.613    12.432    y_reg[15]_i_151_n_6
    SLICE_X38Y79         LUT2 (Prop_lut2_I1_O)        0.303    12.735 r  y[5]_i_76/O
                         net (fo=1, routed)           0.000    12.735    y[5]_i_76_n_0
    SLICE_X38Y79         CARRY4 (Prop_carry4_S[3]_O[3])
                                                      0.255    12.990 r  y_reg[5]_i_73/O[3]
                         net (fo=1, routed)           0.669    13.659    y_reg[5]_i_73_n_4
    SLICE_X38Y83         LUT2 (Prop_lut2_I1_O)        0.307    13.966 r  y[15]_i_121/O
                         net (fo=1, routed)           0.000    13.966    y[15]_i_121_n_0
    SLICE_X38Y83         CARRY4 (Prop_carry4_S[1]_O[2])
                                                      0.578    14.544 r  y_reg[15]_i_104/O[2]
                         net (fo=1, routed)           0.403    14.946    y_reg[15]_i_104_n_5
    SLICE_X37Y83         LUT2 (Prop_lut2_I1_O)        0.301    15.247 r  y[15]_i_99/O
                         net (fo=1, routed)           0.000    15.247    y[15]_i_99_n_0
    SLICE_X37Y83         CARRY4 (Prop_carry4_S[1]_O[2])
                                                      0.580    15.827 r  y_reg[15]_i_82/O[2]
                         net (fo=1, routed)           0.457    16.285    y_reg[15]_i_82_n_5
    SLICE_X36Y81         LUT2 (Prop_lut2_I1_O)        0.302    16.587 r  y[15]_i_88/O
                         net (fo=1, routed)           0.000    16.587    y[15]_i_88_n_0
    SLICE_X36Y81         CARRY4 (Prop_carry4_S[3]_O[3])
                                                      0.255    16.842 r  y_reg[15]_i_70/O[3]
                         net (fo=1, routed)           0.287    17.129    y_reg[15]_i_70_n_4
    SLICE_X39Y81         LUT2 (Prop_lut2_I1_O)        0.307    17.436 r  y[15]_i_66/O
                         net (fo=1, routed)           0.000    17.436    y[15]_i_66_n_0
    SLICE_X39Y81         CARRY4 (Prop_carry4_S[1]_O[1])
                                                      0.227    17.663 r  y_reg[15]_i_48/O[1]
                         net (fo=1, routed)           0.441    18.103    y_reg[15]_i_48_n_6
    SLICE_X40Y80         LUT2 (Prop_lut2_I1_O)        0.303    18.406 r  y[15]_i_57/O
                         net (fo=1, routed)           0.000    18.406    y[15]_i_57_n_0
    SLICE_X40Y80         CARRY4 (Prop_carry4_S[3]_CO[3])
                                                      0.401    18.807 r  y_reg[15]_i_43/CO[3]
                         net (fo=1, routed)           0.000    18.807    y_reg[15]_i_43_n_0
    SLICE_X40Y81         CARRY4 (Prop_carry4_CI_O[0])
                                                      0.222    19.029 r  y_reg[15]_i_25/O[0]
                         net (fo=1, routed)           0.439    19.468    y_reg[15]_i_25_n_7
    SLICE_X41Y80         LUT2 (Prop_lut2_I1_O)        0.299    19.767 r  y[15]_i_37/O
                         net (fo=1, routed)           0.000    19.767    y[15]_i_37_n_0
    SLICE_X41Y80         CARRY4 (Prop_carry4_S[3]_CO[3])
                                                      0.401    20.168 r  y_reg[15]_i_23/CO[3]
                         net (fo=1, routed)           0.000    20.168    y_reg[15]_i_23_n_0
    SLICE_X41Y81         CARRY4 (Prop_carry4_CI_O[0])
                                                      0.222    20.390 r  y_reg[15]_i_11/O[0]
                         net (fo=1, routed)           0.456    20.846    y_reg[15]_i_11_n_7
    SLICE_X42Y81         LUT2 (Prop_lut2_I1_O)        0.299    21.145 r  y[15]_i_20/O
                         net (fo=1, routed)           0.000    21.145    y[15]_i_20_n_0
    SLICE_X42Y81         CARRY4 (Prop_carry4_S[1]_O[2])
                                                      0.578    21.723 r  y_reg[15]_i_8/O[2]
                         net (fo=1, routed)           0.437    22.161    y_reg[15]_i_8_n_5
    SLICE_X43Y82         CARRY4 (Prop_carry4_S[1]_O[2])
                                                      0.881    23.042 r  y_reg[15]_i_5/O[2]
                         net (fo=1, routed)           0.314    23.355    y_reg[15]_i_5_n_5
    SLICE_X44Y82         CARRY4 (Prop_carry4_S[3]_O[3])
                                                      0.550    23.905 r  y_reg[13]_i_2/O[3]
                         net (fo=1, routed)           0.585    24.491    C[13]
    SLICE_X45Y82         CARRY4 (Prop_carry4_S[3]_O[3])
                                                      0.554    25.045 r  y_reg[13]_i_1/O[3]
                         net (fo=1, routed)           0.000    25.045    acc[13]
    SLICE_X45Y82         FDRE                                         r  y_reg[13]/D
  -------------------------------------------------------------------    -------------------

                         (clock vclk rise edge)      24.819    24.819 r  <hidden>
                                                      0.000    24.819 r  clk
                         net (fo=173, unset)          0.924    25.743    clk
    SLICE_X45Y82         FDRE                                         r  y_reg[13]/C
                         clock pessimism              0.000    25.743    <hidden>
                         clock uncertainty           -0.035    25.708    <hidden>
    SLICE_X45Y82         FDRE (Setup_fdre_C_D)        0.062    25.770    y_reg[13]
  -------------------------------------------------------------------
                         required time                         25.770    <hidden>
                         arrival time                         -25.045    <hidden>
  -------------------------------------------------------------------
                         slack                                  0.725    <hidden>

Slack (MET) :             1.021ns  (required time - arrival time)
  Source:                 d18_reg[0]/C
                            (rising edge-triggered cell FDRE clocked by vclk  {rise@0.000ns fall@12.410ns period=24.819ns})
  Destination:            y_reg[12]/D
                            (rising edge-triggered cell FDRE clocked by vclk  {rise@0.000ns fall@12.410ns period=24.819ns})
  Path Group:             vclk
  Path Type:              Setup (Max at Slow Process Corner)
  Requirement:            24.819ns  (vclk rise@24.819ns - vclk rise@0.000ns)
  Data Path Delay:        23.776ns  (logic 13.995ns (58.862%)  route 9.781ns (41.138%))
  Logic Levels:           39  (CARRY4=23 LUT2=16)
  Clock Path Skew:        -0.049ns (DCD - SCD + CPR)
    Destination Clock Delay (DCD):    0.924ns = ( 25.743 - 24.819 ) 
    Source Clock Delay      (SCD):    0.973ns
    Clock Pessimism Removal (CPR):    0.000ns
  Clock Uncertainty:      0.035ns  ((TSJ^2 + TIJ^2)^1/2 + DJ) / 2 + PE
    Total System Jitter     (TSJ):    0.071ns
    Total Input Jitter      (TIJ):    0.000ns
    Discrete Jitter          (DJ):    0.000ns
    Phase Error              (PE):    0.000ns

    Location             Delay type                Incr(ns)  Path(ns)    Netlist Resource(s)
  -------------------------------------------------------------------    -------------------
                         (clock vclk rise edge)       0.000     0.000 r  <hidden>
                                                      0.000     0.000 r  clk
                         net (fo=173, unset)          0.973     0.973    clk
    SLICE_X35Y72         FDRE                                         r  d18_reg[0]/C
  -------------------------------------------------------------------    -------------------
    SLICE_X35Y72         FDRE (Prop_fdre_C_Q)         0.456     1.429 r  d18_reg[0]/Q
                         net (fo=6, routed)           0.696     2.125    d18[0]
    SLICE_X34Y72         CARRY4 (Prop_carry4_S[0]_O[1])
                                                      0.551     2.676 r  y_reg[5]_i_133/O[1]
                         net (fo=2, routed)           0.741     3.417    acc1[3]
    SLICE_X37Y72         LUT2 (Prop_lut2_I0_O)        0.306     3.723 r  y[5]_i_136/O
                         net (fo=1, routed)           0.000     3.723    y[5]_i_136_n_0
    SLICE_X37Y72         CARRY4 (Prop_carry4_S[1]_O[2])
                                                      0.580     4.303 r  y_reg[5]_i_127/O[2]
                         net (fo=1, routed)           0.522     4.825    y_reg[5]_i_127_n_5
    SLICE_X36Y72         LUT2 (Prop_lut2_I1_O)        0.302     5.127 r  y[5]_i_131/O
                         net (fo=1, routed)           0.000     5.127    y[5]_i_131_n_0
    SLICE_X36Y72         CARRY4 (Prop_carry4_S[1]_O[2])
                                                      0.578     5.705 r  y_reg[5]_i_126/O[2]
                         net (fo=1, routed)           0.678     6.383    y_reg[5]_i_126_n_5
    SLICE_X36Y76         LUT2 (Prop_lut2_I1_O)        0.301     6.684 r  y[5]_i_119/O
                         net (fo=1, routed)           0.000     6.684    y[5]_i_119_n_0
    SLICE_X36Y76         CARRY4 (Prop_carry4_S[3]_O[3])
                                                      0.255     6.939 r  y_reg[5]_i_114/O[3]
                         net (fo=1, routed)           0.621     7.561    y_reg[5]_i_114_n_4
    SLICE_X37Y76         CARRY4 (Prop_carry4_S[0]_O[0])
                                                      0.554     8.115 r  y_reg[5]_i_113/O[0]
                         net (fo=1, routed)           0.450     8.564    y_reg[5]_i_113_n_7
    SLICE_X38Y75         LUT2 (Prop_lut2_I1_O)        0.299     8.863 r  y[5]_i_103/O
                         net (fo=1, routed)           0.000     8.863    y[5]_i_103_n_0
    SLICE_X38Y75         CARRY4 (Prop_carry4_S[3]_CO[3])
                                                      0.376     9.239 r  y_reg[5]_i_96/CO[3]
                         net (fo=1, routed)           0.000     9.239    y_reg[5]_i_96_n_0
    SLICE_X38Y76         CARRY4 (Prop_carry4_CI_O[0])
                                                      0.219     9.458 r  y_reg[15]_i_189/O[0]
                         net (fo=1, routed)           0.449     9.908    y_reg[15]_i_189_n_7
    SLICE_X39Y75         LUT2 (Prop_lut2_I1_O)        0.295    10.203 r  y[5]_i_98/O
                         net (fo=1, routed)           0.000    10.203    y[5]_i_98_n_0
    SLICE_X39Y75         CARRY4 (Prop_carry4_S[3]_CO[3])
                                                      0.401    10.604 r  y_reg[5]_i_95/CO[3]
                         net (fo=1, routed)           0.000    10.604    y_reg[5]_i_95_n_0
    SLICE_X39Y76         CARRY4 (Prop_carry4_CI_O[0])
                                                      0.222    10.826 r  y_reg[15]_i_159/O[0]
                         net (fo=1, routed)           0.467    11.293    y_reg[15]_i_159_n_7
    SLICE_X40Y76         LUT2 (Prop_lut2_I1_O)        0.299    11.592 r  y[15]_i_166/O
                         net (fo=1, routed)           0.000    11.592    y[15]_i_166_n_0
    SLICE_X40Y76         CARRY4 (Prop_carry4_S[1]_O[1])
                                                      0.227    11.819 r  y_reg[15]_i_151/O[1]
                         net (fo=1, routed)           0.613    12.432    y_reg[15]_i_151_n_6
    SLICE_X38Y79         LUT2 (Prop_lut2_I1_O)        0.303    12.735 r  y[5]_i_76/O
                         net (fo=1, routed)           0.000    12.735    y[5]_i_76_n_0
    SLICE_X38Y79         CARRY4 (Prop_carry4_S[3]_O[3])
                                                      0.255    12.990 r  y_reg[5]_i_73/O[3]
                         net (fo=1, routed)           0.669    13.659    y_reg[5]_i_73_n_4
    SLICE_X38Y83         LUT2 (Prop_lut2_I1_O)        0.307    13.966 r  y[15]_i_121/O
                         net (fo=1, routed)           0.000    13.966    y[15]_i_121_n_0
    SLICE_X38Y83         CARRY4 (Prop_carry4_S[1]_O[2])
                                                      0.578    14.544 r  y_reg[15]_i_104/O[2]
                         net (fo=1, routed)           0.403    14.946    y_reg[15]_i_104_n_5
    SLICE_X37Y83         LUT2 (Prop_lut2_I1_O)        0.301    15.247 r  y[15]_i_99/O
                         net (fo=1, routed)           0.000    15.247    y[15]_i_99_n_0
    SLICE_X37Y83         CARRY4 (Prop_carry4_S[1]_O[2])
                                                      0.580    15.827 r  y_reg[15]_i_82/O[2]
                         net (fo=1, routed)           0.457    16.285    y_reg[15]_i_82_n_5
    SLICE_X36Y81         LUT2 (Prop_lut2_I1_O)        0.302    16.587 r  y[15]_i_88/O
                         net (fo=1, routed)           0.000    16.587    y[15]_i_88_n_0
    SLICE_X36Y81         CARRY4 (Prop_carry4_S[3]_O[3])
                                                      0.255    16.842 r  y_reg[15]_i_70/O[3]
                         net (fo=1, routed)           0.287    17.129    y_reg[15]_i_70_n_4
    SLICE_X39Y81         LUT2 (Prop_lut2_I1_O)        0.307    17.436 r  y[15]_i_66/O
                         net (fo=1, routed)           0.000    17.436    y[15]_i_66_n_0
    SLICE_X39Y81         CARRY4 (Prop_carry4_S[1]_O[1])
                                                      0.227    17.663 r  y_reg[15]_i_48/O[1]
                         net (fo=1, routed)           0.441    18.103    y_reg[15]_i_48_n_6
    SLICE_X40Y80         LUT2 (Prop_lut2_I1_O)        0.303    18.406 r  y[15]_i_57/O
                         net (fo=1, routed)           0.000    18.406    y[15]_i_57_n_0
    SLICE_X40Y80         CARRY4 (Prop_carry4_S[3]_CO[3])
                                                      0.401    18.807 r  y_reg[15]_i_43/CO[3]
                         net (fo=1, routed)           0.000    18.807    y_reg[15]_i_43_n_0
    SLICE_X40Y81         CARRY4 (Prop_carry4_CI_O[0])
                                                      0.222    19.029 r  y_reg[15]_i_25/O[0]
                         net (fo=1, routed)           0.439    19.468    y_reg[15]_i_25_n_7
    SLICE_X41Y80         LUT2 (Prop_lut2_I1_O)        0.299    19.767 r  y[15]_i_37/O
                         net (fo=1, routed)           0.000    19.767    y[15]_i_37_n_0
    SLICE_X41Y80         CARRY4 (Prop_carry4_S[3]_CO[3])
                                                      0.401    20.168 r  y_reg[15]_i_23/CO[3]
                         net (fo=1, routed)           0.000    20.168    y_reg[15]_i_23_n_0
    SLICE_X41Y81         CARRY4 (Prop_carry4_CI_O[0])
                                                      0.222    20.390 r  y_reg[15]_i_11/O[0]
                         net (fo=1, routed)           0.456    20.846    y_reg[15]_i_11_n_7
    SLICE_X42Y81         LUT2 (Prop_lut2_I1_O)        0.299    21.145 r  y[15]_i_20/O
                         net (fo=1, routed)           0.000    21.145    y[15]_i_20_n_0
    SLICE_X42Y81         CARRY4 (Prop_carry4_S[1]_O[1])
                                                      0.230    21.375 r  y_reg[15]_i_8/O[1]
                         net (fo=1, routed)           0.441    21.817    y_reg[15]_i_8_n_6
    SLICE_X43Y82         LUT2 (Prop_lut2_I1_O)        0.306    22.123 r  y[15]_i_9/O
                         net (fo=1, routed)           0.000    22.123    y[15]_i_9_n_0
    SLICE_X43Y82         CARRY4 (Prop_carry4_S[0]_O[0])
                                                      0.247    22.370 r  y_reg[15]_i_5/O[0]
                         net (fo=1, routed)           0.467    22.837    y_reg[15]_i_5_n_7
    SLICE_X44Y82         LUT2 (Prop_lut2_I1_O)        0.299    23.136 r  y[13]_i_6/O
                         net (fo=1, routed)           0.000    23.136    y[13]_i_6_n_0
    SLICE_X44Y82         CARRY4 (Prop_carry4_S[1]_O[2])
                                                      0.580    23.716 r  y_reg[13]_i_2/O[2]
                         net (fo=1, routed)           0.483    24.199    C[12]
    SLICE_X45Y82         CARRY4 (Prop_carry4_S[2]_O[2])
                                                      0.550    24.749 r  y_reg[13]_i_1/O[2]
                         net (fo=1, routed)           0.000    24.749    acc[12]
    SLICE_X45Y82         FDRE                                         r  y_reg[12]/D
  -------------------------------------------------------------------    -------------------

                         (clock vclk rise edge)      24.819    24.819 r  <hidden>
                                                      0.000    24.819 r  clk
                         net (fo=173, unset)          0.924    25.743    clk
    SLICE_X45Y82         FDRE                                         r  y_reg[12]/C
                         clock pessimism              0.000    25.743    <hidden>
                         clock uncertainty           -0.035    25.708    <hidden>
    SLICE_X45Y82         FDRE (Setup_fdre_C_D)        0.062    25.770    y_reg[12]
  -------------------------------------------------------------------
                         required time                         25.770    <hidden>
                         arrival time                         -24.749    <hidden>
  -------------------------------------------------------------------
                         slack                                  1.021    <hidden>

Slack (MET) :             1.511ns  (required time - arrival time)
  Source:                 d18_reg[0]/C
                            (rising edge-triggered cell FDRE clocked by vclk  {rise@0.000ns fall@12.410ns period=24.819ns})
  Destination:            y_reg[11]/D
                            (rising edge-triggered cell FDRE clocked by vclk  {rise@0.000ns fall@12.410ns period=24.819ns})
  Path Group:             vclk
  Path Type:              Setup (Max at Slow Process Corner)
  Requirement:            24.819ns  (vclk rise@24.819ns - vclk rise@0.000ns)
  Data Path Delay:        23.286ns  (logic 13.486ns (57.916%)  route 9.800ns (42.084%))
  Logic Levels:           39  (CARRY4=22 LUT2=17)
  Clock Path Skew:        -0.049ns (DCD - SCD + CPR)
    Destination Clock Delay (DCD):    0.924ns = ( 25.743 - 24.819 ) 
    Source Clock Delay      (SCD):    0.973ns
    Clock Pessimism Removal (CPR):    0.000ns
  Clock Uncertainty:      0.035ns  ((TSJ^2 + TIJ^2)^1/2 + DJ) / 2 + PE
    Total System Jitter     (TSJ):    0.071ns
    Total Input Jitter      (TIJ):    0.000ns
    Discrete Jitter          (DJ):    0.000ns
    Phase Error              (PE):    0.000ns

    Location             Delay type                Incr(ns)  Path(ns)    Netlist Resource(s)
  -------------------------------------------------------------------    -------------------
                         (clock vclk rise edge)       0.000     0.000 r  <hidden>
                                                      0.000     0.000 r  clk
                         net (fo=173, unset)          0.973     0.973    clk
    SLICE_X35Y72         FDRE                                         r  d18_reg[0]/C
  -------------------------------------------------------------------    -------------------
    SLICE_X35Y72         FDRE (Prop_fdre_C_Q)         0.456     1.429 r  d18_reg[0]/Q
                         net (fo=6, routed)           0.696     2.125    d18[0]
    SLICE_X34Y72         CARRY4 (Prop_carry4_S[0]_O[1])
                                                      0.551     2.676 r  y_reg[5]_i_133/O[1]
                         net (fo=2, routed)           0.741     3.417    acc1[3]
    SLICE_X37Y72         LUT2 (Prop_lut2_I0_O)        0.306     3.723 r  y[5]_i_136/O
                         net (fo=1, routed)           0.000     3.723    y[5]_i_136_n_0
    SLICE_X37Y72         CARRY4 (Prop_carry4_S[1]_O[2])
                                                      0.580     4.303 r  y_reg[5]_i_127/O[2]
                         net (fo=1, routed)           0.522     4.825    y_reg[5]_i_127_n_5
    SLICE_X36Y72         LUT2 (Prop_lut2_I1_O)        0.302     5.127 r  y[5]_i_131/O
                         net (fo=1, routed)           0.000     5.127    y[5]_i_131_n_0
    SLICE_X36Y72         CARRY4 (Prop_carry4_S[1]_O[2])
                                                      0.578     5.705 r  y_reg[5]_i_126/O[2]
                         net (fo=1, routed)           0.678     6.383    y_reg[5]_i_126_n_5
    SLICE_X36Y76         LUT2 (Prop_lut2_I1_O)        0.301     6.684 r  y[5]_i_119/O
                         net (fo=1, routed)           0.000     6.684    y[5]_i_119_n_0
    SLICE_X36Y76         CARRY4 (Prop_carry4_S[3]_O[3])
                                                      0.255     6.939 r  y_reg[5]_i_114/O[3]
                         net (fo=1, routed)           0.621     7.561    y_reg[5]_i_114_n_4
    SLICE_X37Y76         CARRY4 (Prop_carry4_S[0]_O[0])
                                                      0.554     8.115 r  y_reg[5]_i_113/O[0]
                         net (fo=1, routed)           0.450     8.564    y_reg[5]_i_113_n_7
    SLICE_X38Y75         LUT2 (Prop_lut2_I1_O)        0.299     8.863 r  y[5]_i_103/O
                         net (fo=1, routed)           0.000     8.863    y[5]_i_103_n_0
    SLICE_X38Y75         CARRY4 (Prop_carry4_S[3]_CO[3])
                                                      0.376     9.239 r  y_reg[5]_i_96/CO[3]
                         net (fo=1, routed)           0.000     9.239    y_reg[5]_i_96_n_0
    SLICE_X38Y76         CARRY4 (Prop_carry4_CI_O[0])
                                                      0.219     9.458 r  y_reg[15]_i_189/O[0]
                         net (fo=1, routed)           0.449     9.908    y_reg[15]_i_189_n_7
    SLICE_X39Y75         LUT2 (Prop_lut2_I1_O)        0.295    10.203 r  y[5]_i_98/O
                         net (fo=1, routed)           0.000    10.203    y[5]_i_98_n_0
    SLICE_X39Y75         CARRY4 (Prop_carry4_S[3]_CO[3])
                                                      0.401    10.604 r  y_reg[5]_i_95/CO[3]
                         net (fo=1, routed)           0.000    10.604    y_reg[5]_i_95_n_0
    SLICE_X39Y76         CARRY4 (Prop_carry4_CI_O[0])
                                                      0.222    10.826 r  y_reg[15]_i_159/O[0]
                         net (fo=1, routed)           0.467    11.293    y_reg[15]_i_159_n_7
    SLICE_X40Y76         LUT2 (Prop_lut2_I1_O)        0.299    11.592 r  y[15]_i_166/O
                         net (fo=1, routed)           0.000    11.592    y[15]_i_166_n_0
    SLICE_X40Y76         CARRY4 (Prop_carry4_S[1]_O[1])
                                                      0.227    11.819 r  y_reg[15]_i_151/O[1]
                         net (fo=1, routed)           0.613    12.432    y_reg[15]_i_151_n_6
    SLICE_X38Y79         LUT2 (Prop_lut2_I1_O)        0.303    12.735 r  y[5]_i_76/O
                         net (fo=1, routed)           0.000    12.735    y[5]_i_76_n_0
    SLICE_X38Y79         CARRY4 (Prop_carry4_S[3]_O[3])
                                                      0.255    12.990 r  y_reg[5]_i_73/O[3]
                         net (fo=1, routed)           0.669    13.659    y_reg[5]_i_73_n_4
    SLICE_X38Y83         LUT2 (Prop_lut2_I1_O)        0.307    13.966 r  y[15]_i_121/O
                         net (fo=1, routed)           0.000    13.966    y[15]_i_121_n_0
    SLICE_X38Y83         CARRY4 (Prop_carry4_S[1]_O[2])
                                                      0.578    14.544 r  y_reg[15]_i_104/O[2]
                         net (fo=1, routed)           0.403    14.946    y_reg[15]_i_104_n_5
    SLICE_X37Y83         LUT2 (Prop_lut2_I1_O)        0.301    15.247 r  y[15]_i_99/O
                         net (fo=1, routed)           0.000    15.247    y[15]_i_99_n_0
    SLICE_X37Y83         CARRY4 (Prop_carry4_S[1]_O[2])
                                                      0.580    15.827 r  y_reg[15]_i_82/O[2]
                         net (fo=1, routed)           0.457    16.285    y_reg[15]_i_82_n_5
    SLICE_X36Y81         LUT2 (Prop_lut2_I1_O)        0.302    16.587 r  y[15]_i_88/O
                         net (fo=1, routed)           0.000    16.587    y[15]_i_88_n_0
    SLICE_X36Y81         CARRY4 (Prop_carry4_S[3]_O[3])
                                                      0.255    16.842 r  y_reg[15]_i_70/O[3]
                         net (fo=1, routed)           0.287    17.129    y_reg[15]_i_70_n_4
    SLICE_X39Y81         LUT2 (Prop_lut2_I1_O)        0.307    17.436 r  y[15]_i_66/O
                         net (fo=1, routed)           0.000    17.436    y[15]_i_66_n_0
    SLICE_X39Y81         CARRY4 (Prop_carry4_S[1]_O[1])
                                                      0.227    17.663 r  y_reg[15]_i_48/O[1]
                         net (fo=1, routed)           0.441    18.103    y_reg[15]_i_48_n_6
    SLICE_X40Y80         LUT2 (Prop_lut2_I1_O)        0.303    18.406 r  y[15]_i_57/O
                         net (fo=1, routed)           0.000    18.406    y[15]_i_57_n_0
    SLICE_X40Y80         CARRY4 (Prop_carry4_S[3]_CO[3])
                                                      0.401    18.807 r  y_reg[15]_i_43/CO[3]
                         net (fo=1, routed)           0.000    18.807    y_reg[15]_i_43_n_0
    SLICE_X40Y81         CARRY4 (Prop_carry4_CI_O[0])
                                                      0.222    19.029 r  y_reg[15]_i_25/O[0]
                         net (fo=1, routed)           0.439    19.468    y_reg[15]_i_25_n_7
    SLICE_X41Y80         LUT2 (Prop_lut2_I1_O)        0.299    19.767 r  y[15]_i_37/O
                         net (fo=1, routed)           0.000    19.767    y[15]_i_37_n_0
    SLICE_X41Y80         CARRY4 (Prop_carry4_S[3]_O[3])
                                                      0.248    20.015 r  y_reg[15]_i_23/O[3]
                         net (fo=1, routed)           0.441    20.457    y_reg[15]_i_23_n_4
    SLICE_X42Y81         LUT2 (Prop_lut2_I1_O)        0.306    20.763 r  y[15]_i_21/O
                         net (fo=1, routed)           0.000    20.763    y[15]_i_21_n_0
    SLICE_X42Y81         CARRY4 (Prop_carry4_S[0]_O[0])
                                                      0.252    21.015 r  y_reg[15]_i_8/O[0]
                         net (fo=1, routed)           0.346    21.361    y_reg[15]_i_8_n_7
    SLICE_X43Y81         LUT2 (Prop_lut2_I1_O)        0.295    21.656 r  y[15]_i_12/O
                         net (fo=1, routed)           0.000    21.656    y[15]_i_12_n_0
    SLICE_X43Y81         CARRY4 (Prop_carry4_S[3]_O[3])
                                                      0.248    21.904 r  y_reg[15]_i_7/O[3]
                         net (fo=1, routed)           0.453    22.357    y_reg[15]_i_7_n_4
    SLICE_X44Y82         LUT2 (Prop_lut2_I1_O)        0.306    22.663 r  y[13]_i_7/O
                         net (fo=1, routed)           0.000    22.663    y[13]_i_7_n_0
    SLICE_X44Y82         CARRY4 (Prop_carry4_S[0]_O[0])
                                                      0.247    22.910 r  y_reg[13]_i_2/O[0]
                         net (fo=1, routed)           0.626    23.536    C[10]
    SLICE_X45Y82         LUT2 (Prop_lut2_I1_O)        0.299    23.835 r  y[13]_i_3/O
                         net (fo=1, routed)           0.000    23.835    y[13]_i_3_n_0
    SLICE_X45Y82         CARRY4 (Prop_carry4_S[0]_O[1])
                                                      0.424    24.259 r  y_reg[13]_i_1/O[1]
                         net (fo=1, routed)           0.000    24.259    acc[11]
    SLICE_X45Y82         FDRE                                         r  y_reg[11]/D
  -------------------------------------------------------------------    -------------------

                         (clock vclk rise edge)      24.819    24.819 r  <hidden>
                                                      0.000    24.819 r  clk
                         net (fo=173, unset)          0.924    25.743    clk
    SLICE_X45Y82         FDRE                                         r  y_reg[11]/C
                         clock pessimism              0.000    25.743    <hidden>
                         clock uncertainty           -0.035    25.708    <hidden>
    SLICE_X45Y82         FDRE (Setup_fdre_C_D)        0.062    25.770    y_reg[11]
  -------------------------------------------------------------------
                         required time                         25.770    <hidden>
                         arrival time                         -24.259    <hidden>
  -------------------------------------------------------------------
                         slack                                  1.511    <hidden>

Slack (MET) :             1.688ns  (required time - arrival time)
  Source:                 d18_reg[0]/C
                            (rising edge-triggered cell FDRE clocked by vclk  {rise@0.000ns fall@12.410ns period=24.819ns})
  Destination:            y_reg[10]/D
                            (rising edge-triggered cell FDRE clocked by vclk  {rise@0.000ns fall@12.410ns period=24.819ns})
  Path Group:             vclk
  Path Type:              Setup (Max at Slow Process Corner)
  Requirement:            24.819ns  (vclk rise@24.819ns - vclk rise@0.000ns)
  Data Path Delay:        23.109ns  (logic 13.309ns (57.593%)  route 9.800ns (42.406%))
  Logic Levels:           39  (CARRY4=22 LUT2=17)
  Clock Path Skew:        -0.049ns (DCD - SCD + CPR)
    Destination Clock Delay (DCD):    0.924ns = ( 25.743 - 24.819 ) 
    Source Clock Delay      (SCD):    0.973ns
    Clock Pessimism Removal (CPR):    0.000ns
  Clock Uncertainty:      0.035ns  ((TSJ^2 + TIJ^2)^1/2 + DJ) / 2 + PE
    Total System Jitter     (TSJ):    0.071ns
    Total Input Jitter      (TIJ):    0.000ns
    Discrete Jitter          (DJ):    0.000ns
    Phase Error              (PE):    0.000ns

    Location             Delay type                Incr(ns)  Path(ns)    Netlist Resource(s)
  -------------------------------------------------------------------    -------------------
                         (clock vclk rise edge)       0.000     0.000 r  <hidden>
                                                      0.000     0.000 r  clk
                         net (fo=173, unset)          0.973     0.973    clk
    SLICE_X35Y72         FDRE                                         r  d18_reg[0]/C
  -------------------------------------------------------------------    -------------------
    SLICE_X35Y72         FDRE (Prop_fdre_C_Q)         0.456     1.429 r  d18_reg[0]/Q
                         net (fo=6, routed)           0.696     2.125    d18[0]
    SLICE_X34Y72         CARRY4 (Prop_carry4_S[0]_O[1])
                                                      0.551     2.676 r  y_reg[5]_i_133/O[1]
                         net (fo=2, routed)           0.741     3.417    acc1[3]
    SLICE_X37Y72         LUT2 (Prop_lut2_I0_O)        0.306     3.723 r  y[5]_i_136/O
                         net (fo=1, routed)           0.000     3.723    y[5]_i_136_n_0
    SLICE_X37Y72         CARRY4 (Prop_carry4_S[1]_O[2])
                                                      0.580     4.303 r  y_reg[5]_i_127/O[2]
                         net (fo=1, routed)           0.522     4.825    y_reg[5]_i_127_n_5
    SLICE_X36Y72         LUT2 (Prop_lut2_I1_O)        0.302     5.127 r  y[5]_i_131/O
                         net (fo=1, routed)           0.000     5.127    y[5]_i_131_n_0
    SLICE_X36Y72         CARRY4 (Prop_carry4_S[1]_O[2])
                                                      0.578     5.705 r  y_reg[5]_i_126/O[2]
                         net (fo=1, routed)           0.678     6.383    y_reg[5]_i_126_n_5
    SLICE_X36Y76         LUT2 (Prop_lut2_I1_O)        0.301     6.684 r  y[5]_i_119/O
                         net (fo=1, routed)           0.000     6.684    y[5]_i_119_n_0
    SLICE_X36Y76         CARRY4 (Prop_carry4_S[3]_O[3])
                                                      0.255     6.939 r  y_reg[5]_i_114/O[3]
                         net (fo=1, routed)           0.621     7.561    y_reg[5]_i_114_n_4
    SLICE_X37Y76         CARRY4 (Prop_carry4_S[0]_O[0])
                                                      0.554     8.115 r  y_reg[5]_i_113/O[0]
                         net (fo=1, routed)           0.450     8.564    y_reg[5]_i_113_n_7
    SLICE_X38Y75         LUT2 (Prop_lut2_I1_O)        0.299     8.863 r  y[5]_i_103/O
                         net (fo=1, routed)           0.000     8.863    y[5]_i_103_n_0
    SLICE_X38Y75         CARRY4 (Prop_carry4_S[3]_CO[3])
                                                      0.376     9.239 r  y_reg[5]_i_96/CO[3]
                         net (fo=1, routed)           0.000     9.239    y_reg[5]_i_96_n_0
    SLICE_X38Y76         CARRY4 (Prop_carry4_CI_O[0])
                                                      0.219     9.458 r  y_reg[15]_i_189/O[0]
                         net (fo=1, routed)           0.449     9.908    y_reg[15]_i_189_n_7
    SLICE_X39Y75         LUT2 (Prop_lut2_I1_O)        0.295    10.203 r  y[5]_i_98/O
                         net (fo=1, routed)           0.000    10.203    y[5]_i_98_n_0
    SLICE_X39Y75         CARRY4 (Prop_carry4_S[3]_CO[3])
                                                      0.401    10.604 r  y_reg[5]_i_95/CO[3]
                         net (fo=1, routed)           0.000    10.604    y_reg[5]_i_95_n_0
    SLICE_X39Y76         CARRY4 (Prop_carry4_CI_O[0])
                                                      0.222    10.826 r  y_reg[15]_i_159/O[0]
                         net (fo=1, routed)           0.467    11.293    y_reg[15]_i_159_n_7
    SLICE_X40Y76         LUT2 (Prop_lut2_I1_O)        0.299    11.592 r  y[15]_i_166/O
                         net (fo=1, routed)           0.000    11.592    y[15]_i_166_n_0
    SLICE_X40Y76         CARRY4 (Prop_carry4_S[1]_O[1])
                                                      0.227    11.819 r  y_reg[15]_i_151/O[1]
                         net (fo=1, routed)           0.613    12.432    y_reg[15]_i_151_n_6
    SLICE_X38Y79         LUT2 (Prop_lut2_I1_O)        0.303    12.735 r  y[5]_i_76/O
                         net (fo=1, routed)           0.000    12.735    y[5]_i_76_n_0
    SLICE_X38Y79         CARRY4 (Prop_carry4_S[3]_O[3])
                                                      0.255    12.990 r  y_reg[5]_i_73/O[3]
                         net (fo=1, routed)           0.669    13.659    y_reg[5]_i_73_n_4
    SLICE_X38Y83         LUT2 (Prop_lut2_I1_O)        0.307    13.966 r  y[15]_i_121/O
                         net (fo=1, routed)           0.000    13.966    y[15]_i_121_n_0
    SLICE_X38Y83         CARRY4 (Prop_carry4_S[1]_O[2])
                                                      0.578    14.544 r  y_reg[15]_i_104/O[2]
                         net (fo=1, routed)           0.403    14.946    y_reg[15]_i_104_n_5
    SLICE_X37Y83         LUT2 (Prop_lut2_I1_O)        0.301    15.247 r  y[15]_i_99/O
                         net (fo=1, routed)           0.000    15.247    y[15]_i_99_n_0
    SLICE_X37Y83         CARRY4 (Prop_carry4_S[1]_O[2])
                                                      0.580    15.827 r  y_reg[15]_i_82/O[2]
                         net (fo=1, routed)           0.457    16.285    y_reg[15]_i_82_n_5
    SLICE_X36Y81         LUT2 (Prop_lut2_I1_O)        0.302    16.587 r  y[15]_i_88/O
                         net (fo=1, routed)           0.000    16.587    y[15]_i_88_n_0
    SLICE_X36Y81         CARRY4 (Prop_carry4_S[3]_O[3])
                                                      0.255    16.842 r  y_reg[15]_i_70/O[3]
                         net (fo=1, routed)           0.287    17.129    y_reg[15]_i_70_n_4
    SLICE_X39Y81         LUT2 (Prop_lut2_I1_O)        0.307    17.436 r  y[15]_i_66/O
                         net (fo=1, routed)           0.000    17.436    y[15]_i_66_n_0
    SLICE_X39Y81         CARRY4 (Prop_carry4_S[1]_O[1])
                                                      0.227    17.663 r  y_reg[15]_i_48/O[1]
                         net (fo=1, routed)           0.441    18.103    y_reg[15]_i_48_n_6
    SLICE_X40Y80         LUT2 (Prop_lut2_I1_O)        0.303    18.406 r  y[15]_i_57/O
                         net (fo=1, routed)           0.000    18.406    y[15]_i_57_n_0
    SLICE_X40Y80         CARRY4 (Prop_carry4_S[3]_CO[3])
                                                      0.401    18.807 r  y_reg[15]_i_43/CO[3]
                         net (fo=1, routed)           0.000    18.807    y_reg[15]_i_43_n_0
    SLICE_X40Y81         CARRY4 (Prop_carry4_CI_O[0])
                                                      0.222    19.029 r  y_reg[15]_i_25/O[0]
                         net (fo=1, routed)           0.439    19.468    y_reg[15]_i_25_n_7
    SLICE_X41Y80         LUT2 (Prop_lut2_I1_O)        0.299    19.767 r  y[15]_i_37/O
                         net (fo=1, routed)           0.000    19.767    y[15]_i_37_n_0
    SLICE_X41Y80         CARRY4 (Prop_carry4_S[3]_O[3])
                                                      0.248    20.015 r  y_reg[15]_i_23/O[3]
                         net (fo=1, routed)           0.441    20.457    y_reg[15]_i_23_n_4
    SLICE_X42Y81         LUT2 (Prop_lut2_I1_O)        0.306    20.763 r  y[15]_i_21/O
                         net (fo=1, routed)           0.000    20.763    y[15]_i_21_n_0
    SLICE_X42Y81         CARRY4 (Prop_carry4_S[0]_O[0])
                                                      0.252    21.015 r  y_reg[15]_i_8/O[0]
                         net (fo=1, routed)           0.346    21.361    y_reg[15]_i_8_n_7
    SLICE_X43Y81         LUT2 (Prop_lut2_I1_O)        0.295    21.656 r  y[15]_i_12/O
                         net (fo=1, routed)           0.000    21.656    y[15]_i_12_n_0
    SLICE_X43Y81         CARRY4 (Prop_carry4_S[3]_O[3])
                                                      0.248    21.904 r  y_reg[15]_i_7/O[3]
                         net (fo=1, routed)           0.453    22.357    y_reg[15]_i_7_n_4
    SLICE_X44Y82         LUT2 (Prop_lut2_I1_O)        0.306    22.663 r  y[13]_i_7/O
                         net (fo=1, routed)           0.000    22.663    y[13]_i_7_n_0
    SLICE_X44Y82         CARRY4 (Prop_carry4_S[0]_O[0])
                                                      0.247    22.910 r  y_reg[13]_i_2/O[0]
                         net (fo=1, routed)           0.626    23.536    C[10]
    SLICE_X45Y82         LUT2 (Prop_lut2_I1_O)        0.299    23.835 r  y[13]_i_3/O
                         net (fo=1, routed)           0.000    23.835    y[13]_i_3_n_0
    SLICE_X45Y82         CARRY4 (Prop_carry4_S[0]_O[0])
                                                      0.247    24.082 r  y_reg[13]_i_1/O[0]
                         net (fo=1, routed)           0.000    24.082    acc[10]
    SLICE_X45Y82         FDRE                                         r  y_reg[10]/D
  -------------------------------------------------------------------    -------------------

                         (clock vclk rise edge)      24.819    24.819 r  <hidden>
                                                      0.000    24.819 r  clk
                         net (fo=173, unset)          0.924    25.743    clk
    SLICE_X45Y82         FDRE                                         r  y_reg[10]/C
                         clock pessimism              0.000    25.743    <hidden>
                         clock uncertainty           -0.035    25.708    <hidden>
    SLICE_X45Y82         FDRE (Setup_fdre_C_D)        0.062    25.770    y_reg[10]
  -------------------------------------------------------------------
                         required time                         25.770    <hidden>
                         arrival time                         -24.082    <hidden>
  -------------------------------------------------------------------
                         slack                                  1.688    <hidden>

Slack (MET) :             2.123ns  (required time - arrival time)
  Source:                 d18_reg[0]/C
                            (rising edge-triggered cell FDRE clocked by vclk  {rise@0.000ns fall@12.410ns period=24.819ns})
  Destination:            y_reg[9]/D
                            (rising edge-triggered cell FDRE clocked by vclk  {rise@0.000ns fall@12.410ns period=24.819ns})
  Path Group:             vclk
  Path Type:              Setup (Max at Slow Process Corner)
  Requirement:            24.819ns  (vclk rise@24.819ns - vclk rise@0.000ns)
  Data Path Delay:        22.674ns  (logic 12.669ns (55.874%)  route 10.005ns (44.126%))
  Logic Levels:           37  (CARRY4=20 LUT2=17)
  Clock Path Skew:        -0.049ns (DCD - SCD + CPR)
    Destination Clock Delay (DCD):    0.924ns = ( 25.743 - 24.819 ) 
    Source Clock Delay      (SCD):    0.973ns
    Clock Pessimism Removal (CPR):    0.000ns
  Clock Uncertainty:      0.035ns  ((TSJ^2 + TIJ^2)^1/2 + DJ) / 2 + PE
    Total System Jitter     (TSJ):    0.071ns
    Total Input Jitter      (TIJ):    0.000ns
    Discrete Jitter          (DJ):    0.000ns
    Phase Error              (PE):    0.000ns

    Location             Delay type                Incr(ns)  Path(ns)    Netlist Resource(s)
  -------------------------------------------------------------------    -------------------
                         (clock vclk rise edge)       0.000     0.000 r  <hidden>
                                                      0.000     0.000 r  clk
                         net (fo=173, unset)          0.973     0.973    clk
    SLICE_X35Y72         FDRE                                         r  d18_reg[0]/C
  -------------------------------------------------------------------    -------------------
    SLICE_X35Y72         FDRE (Prop_fdre_C_Q)         0.456     1.429 r  d18_reg[0]/Q
                         net (fo=6, routed)           0.696     2.125    d18[0]
    SLICE_X34Y72         CARRY4 (Prop_carry4_S[0]_O[1])
                                                      0.551     2.676 r  y_reg[5]_i_133/O[1]
                         net (fo=2, routed)           0.741     3.417    acc1[3]
    SLICE_X37Y72         LUT2 (Prop_lut2_I0_O)        0.306     3.723 r  y[5]_i_136/O
                         net (fo=1, routed)           0.000     3.723    y[5]_i_136_n_0
    SLICE_X37Y72         CARRY4 (Prop_carry4_S[1]_O[2])
                                                      0.580     4.303 r  y_reg[5]_i_127/O[2]
                         net (fo=1, routed)           0.522     4.825    y_reg[5]_i_127_n_5
    SLICE_X36Y72         LUT2 (Prop_lut2_I1_O)        0.302     5.127 r  y[5]_i_131/O
                         net (fo=1, routed)           0.000     5.127    y[5]_i_131_n_0
    SLICE_X36Y72         CARRY4 (Prop_carry4_S[1]_O[2])
                                                      0.578     5.705 r  y_reg[5]_i_126/O[2]
                         net (fo=1, routed)           0.678     6.383    y_reg[5]_i_126_n_5
    SLICE_X36Y76         LUT2 (Prop_lut2_I1_O)        0.301     6.684 r  y[5]_i_119/O
                         net (fo=1, routed)           0.000     6.684    y[5]_i_119_n_0
    SLICE_X36Y76         CARRY4 (Prop_carry4_S[3]_O[3])
                                                      0.255     6.939 r  y_reg[5]_i_114/O[3]
                         net (fo=1, routed)           0.621     7.561    y_reg[5]_i_114_n_4
    SLICE_X37Y76         CARRY4 (Prop_carry4_S[0]_O[0])
                                                      0.554     8.115 r  y_reg[5]_i_113/O[0]
                         net (fo=1, routed)           0.450     8.564    y_reg[5]_i_113_n_7
    SLICE_X38Y75         LUT2 (Prop_lut2_I1_O)        0.299     8.863 r  y[5]_i_103/O
                         net (fo=1, routed)           0.000     8.863    y[5]_i_103_n_0
    SLICE_X38Y75         CARRY4 (Prop_carry4_S[3]_O[3])
                                                      0.255     9.118 r  y_reg[5]_i_96/O[3]
                         net (fo=1, routed)           0.596     9.714    y_reg[5]_i_96_n_4
    SLICE_X39Y75         LUT2 (Prop_lut2_I1_O)        0.307    10.021 r  y[5]_i_99/O
                         net (fo=1, routed)           0.000    10.021    y[5]_i_99_n_0
    SLICE_X39Y75         CARRY4 (Prop_carry4_S[2]_O[2])
                                                      0.248    10.269 r  y_reg[5]_i_95/O[2]
                         net (fo=1, routed)           0.314    10.583    y_reg[5]_i_95_n_5
    SLICE_X40Y75         LUT2 (Prop_lut2_I1_O)        0.302    10.885 r  y[5]_i_81/O
                         net (fo=1, routed)           0.000    10.885    y[5]_i_81_n_0
    SLICE_X40Y75         CARRY4 (Prop_carry4_S[3]_O[3])
                                                      0.248    11.133 r  y_reg[5]_i_74/O[3]
                         net (fo=1, routed)           0.601    11.734    y_reg[5]_i_74_n_4
    SLICE_X38Y79         LUT2 (Prop_lut2_I1_O)        0.306    12.040 r  y[5]_i_78/O
                         net (fo=1, routed)           0.000    12.040    y[5]_i_78_n_0
    SLICE_X38Y79         CARRY4 (Prop_carry4_S[1]_O[2])
                                                      0.578    12.618 r  y_reg[5]_i_73/O[2]
                         net (fo=1, routed)           0.563    13.181    y_reg[5]_i_73_n_5
    SLICE_X38Y83         LUT2 (Prop_lut2_I1_O)        0.301    13.482 r  y[15]_i_122/O
                         net (fo=1, routed)           0.000    13.482    y[15]_i_122_n_0
    SLICE_X38Y83         CARRY4 (Prop_carry4_S[0]_O[0])
                                                      0.252    13.734 r  y_reg[15]_i_104/O[0]
                         net (fo=1, routed)           0.431    14.165    y_reg[15]_i_104_n_7
    SLICE_X37Y82         LUT2 (Prop_lut2_I1_O)        0.295    14.460 r  y[5]_i_60/O
                         net (fo=1, routed)           0.000    14.460    y[5]_i_60_n_0
    SLICE_X37Y82         CARRY4 (Prop_carry4_S[3]_O[3])
                                                      0.248    14.708 r  y_reg[5]_i_58/O[3]
                         net (fo=1, routed)           0.508    15.216    y_reg[5]_i_58_n_4
    SLICE_X36Y81         LUT2 (Prop_lut2_I1_O)        0.306    15.522 r  y[15]_i_91/O
                         net (fo=1, routed)           0.000    15.522    y[15]_i_91_n_0
    SLICE_X36Y81         CARRY4 (Prop_carry4_S[0]_O[0])
                                                      0.252    15.774 r  y_reg[15]_i_70/O[0]
                         net (fo=1, routed)           0.427    16.202    y_reg[15]_i_70_n_7
    SLICE_X39Y80         LUT2 (Prop_lut2_I1_O)        0.295    16.497 r  y[5]_i_48/O
                         net (fo=1, routed)           0.000    16.497    y[5]_i_48_n_0
    SLICE_X39Y80         CARRY4 (Prop_carry4_S[2]_O[2])
                                                      0.248    16.745 r  y_reg[5]_i_45/O[2]
                         net (fo=1, routed)           0.314    17.058    y_reg[5]_i_45_n_5
    SLICE_X40Y80         LUT2 (Prop_lut2_I1_O)        0.302    17.360 r  y[15]_i_60/O
                         net (fo=1, routed)           0.000    17.360    y[15]_i_60_n_0
    SLICE_X40Y80         CARRY4 (Prop_carry4_S[0]_O[0])
                                                      0.247    17.607 r  y_reg[15]_i_43/O[0]
                         net (fo=1, routed)           0.439    18.046    y_reg[15]_i_43_n_7
    SLICE_X41Y79         LUT2 (Prop_lut2_I1_O)        0.299    18.345 r  y[5]_i_30/O
                         net (fo=1, routed)           0.000    18.345    y[5]_i_30_n_0
    SLICE_X41Y79         CARRY4 (Prop_carry4_S[3]_CO[3])
                                                      0.401    18.746 r  y_reg[5]_i_27/CO[3]
                         net (fo=1, routed)           0.000    18.746    y_reg[5]_i_27_n_0
    SLICE_X41Y80         CARRY4 (Prop_carry4_CI_O[0])
                                                      0.222    18.968 r  y_reg[15]_i_23/O[0]
                         net (fo=1, routed)           0.456    19.424    y_reg[15]_i_23_n_7
    SLICE_X42Y80         LUT2 (Prop_lut2_I1_O)        0.299    19.723 r  y[15]_i_30/O
                         net (fo=1, routed)           0.000    19.723    y[15]_i_30_n_0
    SLICE_X42Y80         CARRY4 (Prop_carry4_S[1]_O[1])
                                                      0.230    19.953 r  y_reg[15]_i_16/O[1]
                         net (fo=1, routed)           0.595    20.549    y_reg[15]_i_16_n_6
    SLICE_X43Y81         LUT2 (Prop_lut2_I1_O)        0.306    20.855 r  y[15]_i_15/O
                         net (fo=1, routed)           0.000    20.855    y[15]_i_15_n_0
    SLICE_X43Y81         CARRY4 (Prop_carry4_S[0]_O[0])
                                                      0.247    21.102 r  y_reg[15]_i_7/O[0]
                         net (fo=1, routed)           0.467    21.569    y_reg[15]_i_7_n_7
    SLICE_X44Y81         LUT2 (Prop_lut2_I1_O)        0.299    21.868 r  y[13]_i_11/O
                         net (fo=1, routed)           0.000    21.868    y[13]_i_11_n_0
    SLICE_X44Y81         CARRY4 (Prop_carry4_S[1]_O[3])
                                                      0.640    22.508 r  y_reg[13]_i_4/O[3]
                         net (fo=1, routed)           0.585    23.093    C[9]
    SLICE_X45Y81         LUT2 (Prop_lut2_I1_O)        0.306    23.399 r  y[9]_i_2/O
                         net (fo=1, routed)           0.000    23.399    y[9]_i_2_n_0
    SLICE_X45Y81         CARRY4 (Prop_carry4_S[3]_O[3])
                                                      0.248    23.647 r  y_reg[9]_i_1/O[3]
                         net (fo=1, routed)           0.000    23.647    acc[9]
    SLICE_X45Y81         FDRE                                         r  y_reg[9]/D
  -------------------------------------------------------------------    -------------------

                         (clock vclk rise edge)      24.819    24.819 r  <hidden>
                                                      0.000    24.819 r  clk
                         net (fo=173, unset)          0.924    25.743    clk
    SLICE_X45Y81         FDRE                                         r  y_reg[9]/C
                         clock pessimism              0.000    25.743    <hidden>
                         clock uncertainty           -0.035    25.708    <hidden>
    SLICE_X45Y81         FDRE (Setup_fdre_C_D)        0.062    25.770    y_reg[9]
  -------------------------------------------------------------------
                         required time                         25.770    <hidden>
                         arrival time                         -23.647    <hidden>
  -------------------------------------------------------------------
                         slack                                  2.123    <hidden>

Slack (MET) :             2.364ns  (required time - arrival time)
  Source:                 d18_reg[0]/C
                            (rising edge-triggered cell FDRE clocked by vclk  {rise@0.000ns fall@12.410ns period=24.819ns})
  Destination:            y_reg[8]/D
                            (rising edge-triggered cell FDRE clocked by vclk  {rise@0.000ns fall@12.410ns period=24.819ns})
  Path Group:             vclk
  Path Type:              Setup (Max at Slow Process Corner)
  Requirement:            24.819ns  (vclk rise@24.819ns - vclk rise@0.000ns)
  Data Path Delay:        22.433ns  (logic 12.605ns (56.190%)  route 9.828ns (43.810%))
  Logic Levels:           37  (CARRY4=20 LUT2=17)
  Clock Path Skew:        -0.049ns (DCD - SCD + CPR)
    Destination Clock Delay (DCD):    0.924ns = ( 25.743 - 24.819 ) 
    Source Clock Delay      (SCD):    0.973ns
    Clock Pessimism Removal (CPR):    0.000ns
  Clock Uncertainty:      0.035ns  ((TSJ^2 + TIJ^2)^1/2 + DJ) / 2 + PE
    Total System Jitter     (TSJ):    0.071ns
    Total Input Jitter      (TIJ):    0.000ns
    Discrete Jitter          (DJ):    0.000ns
    Phase Error              (PE):    0.000ns

    Location             Delay type                Incr(ns)  Path(ns)    Netlist Resource(s)
  -------------------------------------------------------------------    -------------------
                         (clock vclk rise edge)       0.000     0.000 r  <hidden>
                                                      0.000     0.000 r  clk
                         net (fo=173, unset)          0.973     0.973    clk
    SLICE_X35Y72         FDRE                                         r  d18_reg[0]/C
  -------------------------------------------------------------------    -------------------
    SLICE_X35Y72         FDRE (Prop_fdre_C_Q)         0.456     1.429 r  d18_reg[0]/Q
                         net (fo=6, routed)           0.696     2.125    d18[0]
    SLICE_X34Y72         CARRY4 (Prop_carry4_S[0]_O[1])
                                                      0.551     2.676 r  y_reg[5]_i_133/O[1]
                         net (fo=2, routed)           0.741     3.417    acc1[3]
    SLICE_X37Y72         LUT2 (Prop_lut2_I0_O)        0.306     3.723 r  y[5]_i_136/O
                         net (fo=1, routed)           0.000     3.723    y[5]_i_136_n_0
    SLICE_X37Y72         CARRY4 (Prop_carry4_S[1]_O[2])
                                                      0.580     4.303 r  y_reg[5]_i_127/O[2]
                         net (fo=1, routed)           0.522     4.825    y_reg[5]_i_127_n_5
    SLICE_X36Y72         LUT2 (Prop_lut2_I1_O)        0.302     5.127 r  y[5]_i_131/O
                         net (fo=1, routed)           0.000     5.127    y[5]_i_131_n_0
    SLICE_X36Y72         CARRY4 (Prop_carry4_S[1]_O[2])
                                                      0.578     5.705 r  y_reg[5]_i_126/O[2]
                         net (fo=1, routed)           0.678     6.383    y_reg[5]_i_126_n_5
    SLICE_X36Y76         LUT2 (Prop_lut2_I1_O)        0.301     6.684 r  y[5]_i_119/O
                         net (fo=1, routed)           0.000     6.684    y[5]_i_119_n_0
    SLICE_X36Y76         CARRY4 (Prop_carry4_S[3]_O[3])
                                                      0.255     6.939 r  y_reg[5]_i_114/O[3]
                         net (fo=1, routed)           0.621     7.561    y_reg[5]_i_114_n_4
    SLICE_X37Y76         CARRY4 (Prop_carry4_S[0]_O[0])
                                                      0.554     8.115 r  y_reg[5]_i_113/O[0]
                         net (fo=1, routed)           0.450     8.564    y_reg[5]_i_113_n_7
    SLICE_X38Y75         LUT2 (Prop_lut2_I1_O)        0.299     8.863 r  y[5]_i_103/O
                         net (fo=1, routed)           0.000     8.863    y[5]_i_103_n_0
    SLICE_X38Y75         CARRY4 (Prop_carry4_S[3]_O[3])
                                                      0.255     9.118 r  y_reg[5]_i_96/O[3]
                         net (fo=1, routed)           0.596     9.714    y_reg[5]_i_96_n_4
    SLICE_X39Y75         LUT2 (Prop_lut2_I1_O)        0.307    10.021 r  y[5]_i_99/O
                         net (fo=1, routed)           0.000    10.021    y[5]_i_99_n_0
    SLICE_X39Y75         CARRY4 (Prop_carry4_S[2]_O[2])
                                                      0.248    10.269 r  y_reg[5]_i_95/O[2]
                         net (fo=1, routed)           0.314    10.583    y_reg[5]_i_95_n_5
    SLICE_X40Y75         LUT2 (Prop_lut2_I1_O)        0.302    10.885 r  y[5]_i_81/O
                         net (fo=1, routed)           0.000    10.885    y[5]_i_81_n_0
    SLICE_X40Y75         CARRY4 (Prop_carry4_S[3]_O[3])
                                                      0.248    11.133 r  y_reg[5]_i_74/O[3]
                         net (fo=1, routed)           0.601    11.734    y_reg[5]_i_74_n_4
    SLICE_X38Y79         LUT2 (Prop_lut2_I1_O)        0.306    12.040 r  y[5]_i_78/O
                         net (fo=1, routed)           0.000    12.040    y[5]_i_78_n_0
    SLICE_X38Y79         CARRY4 (Prop_carry4_S[1]_O[2])
                                                      0.578    12.618 r  y_reg[5]_i_73/O[2]
                         net (fo=1, routed)           0.563    13.181    y_reg[5]_i_73_n_5
    SLICE_X38Y83         LUT2 (Prop_lut2_I1_O)        0.301    13.482 r  y[15]_i_122/O
                         net (fo=1, routed)           0.000    13.482    y[15]_i_122_n_0
    SLICE_X38Y83         CARRY4 (Prop_carry4_S[0]_O[0])
                                                      0.252    13.734 r  y_reg[15]_i_104/O[0]
                         net (fo=1, routed)           0.431    14.165    y_reg[15]_i_104_n_7
    SLICE_X37Y82         LUT2 (Prop_lut2_I1_O)        0.295    14.460 r  y[5]_i_60/O
                         net (fo=1, routed)           0.000    14.460    y[5]_i_60_n_0
    SLICE_X37Y82         CARRY4 (Prop_carry4_S[3]_O[3])
                                                      0.248    14.708 r  y_reg[5]_i_58/O[3]
                         net (fo=1, routed)           0.508    15.216    y_reg[5]_i_58_n_4
    SLICE_X36Y81         LUT2 (Prop_lut2_I1_O)        0.306    15.522 r  y[15]_i_91/O
                         net (fo=1, routed)           0.000    15.522    y[15]_i_91_n_0
    SLICE_X36Y81         CARRY4 (Prop_carry4_S[0]_O[0])
                                                      0.252    15.774 r  y_reg[15]_i_70/O[0]
                         net (fo=1, routed)           0.427    16.202    y_reg[15]_i_70_n_7
    SLICE_X39Y80         LUT2 (Prop_lut2_I1_O)        0.295    16.497 r  y[5]_i_48/O
                         net (fo=1, routed)           0.000    16.497    y[5]_i_48_n_0
    SLICE_X39Y80         CARRY4 (Prop_carry4_S[2]_O[2])
                                                      0.248    16.745 r  y_reg[5]_i_45/O[2]
                         net (fo=1, routed)           0.314    17.058    y_reg[5]_i_45_n_5
    SLICE_X40Y80         LUT2 (Prop_lut2_I1_O)        0.302    17.360 r  y[15]_i_60/O
                         net (fo=1, routed)           0.000    17.360    y[15]_i_60_n_0
    SLICE_X40Y80         CARRY4 (Prop_carry4_S[0]_O[0])
                                                      0.247    17.607 r  y_reg[15]_i_43/O[0]
                         net (fo=1, routed)           0.439    18.046    y_reg[15]_i_43_n_7
    SLICE_X41Y79         LUT2 (Prop_lut2_I1_O)        0.299    18.345 r  y[5]_i_30/O
                         net (fo=1, routed)           0.000    18.345    y[5]_i_30_n_0
    SLICE_X41Y79         CARRY4 (Prop_carry4_S[3]_CO[3])
                                                      0.401    18.746 r  y_reg[5]_i_27/CO[3]
                         net (fo=1, routed)           0.000    18.746    y_reg[5]_i_27_n_0
    SLICE_X41Y80         CARRY4 (Prop_carry4_CI_O[0])
                                                      0.222    18.968 r  y_reg[15]_i_23/O[0]
                         net (fo=1, routed)           0.456    19.424    y_reg[15]_i_23_n_7
    SLICE_X42Y80         LUT2 (Prop_lut2_I1_O)        0.299    19.723 r  y[15]_i_30/O
                         net (fo=1, routed)           0.000    19.723    y[15]_i_30_n_0
    SLICE_X42Y80         CARRY4 (Prop_carry4_S[1]_O[1])
                                                      0.230    19.953 r  y_reg[15]_i_16/O[1]
                         net (fo=1, routed)           0.595    20.549    y_reg[15]_i_16_n_6
    SLICE_X43Y81         LUT2 (Prop_lut2_I1_O)        0.306    20.855 r  y[15]_i_15/O
                         net (fo=1, routed)           0.000    20.855    y[15]_i_15_n_0
    SLICE_X43Y81         CARRY4 (Prop_carry4_S[0]_O[0])
                                                      0.247    21.102 r  y_reg[15]_i_7/O[0]
                         net (fo=1, routed)           0.467    21.569    y_reg[15]_i_7_n_7
    SLICE_X44Y81         LUT2 (Prop_lut2_I1_O)        0.299    21.868 r  y[13]_i_11/O
                         net (fo=1, routed)           0.000    21.868    y[13]_i_11_n_0
    SLICE_X44Y81         CARRY4 (Prop_carry4_S[1]_O[2])
                                                      0.580    22.448 r  y_reg[13]_i_4/O[2]
                         net (fo=1, routed)           0.408    22.856    C[8]
    SLICE_X45Y81         LUT2 (Prop_lut2_I1_O)        0.302    23.158 r  y[9]_i_3/O
                         net (fo=1, routed)           0.000    23.158    y[9]_i_3_n_0
    SLICE_X45Y81         CARRY4 (Prop_carry4_S[2]_O[2])
                                                      0.248    23.406 r  y_reg[9]_i_1/O[2]
                         net (fo=1, routed)           0.000    23.406    acc[8]
    SLICE_X45Y81         FDRE                                         r  y_reg[8]/D
  -------------------------------------------------------------------    -------------------

                         (clock vclk rise edge)      24.819    24.819 r  <hidden>
                                                      0.000    24.819 r  clk
                         net (fo=173, unset)          0.924    25.743    clk
    SLICE_X45Y81         FDRE                                         r  y_reg[8]/C
                         clock pessimism              0.000    25.743    <hidden>
                         clock uncertainty           -0.035    25.708    <hidden>
    SLICE_X45Y81         FDRE (Setup_fdre_C_D)        0.062    25.770    y_reg[8]
  -------------------------------------------------------------------
                         required time                         25.770    <hidden>
                         arrival time                         -23.406    <hidden>
  -------------------------------------------------------------------
                         slack                                  2.364    <hidden>

Slack (MET) :             2.797ns  (required time - arrival time)
  Source:                 d18_reg[0]/C
                            (rising edge-triggered cell FDRE clocked by vclk  {rise@0.000ns fall@12.410ns period=24.819ns})
  Destination:            y_reg[7]/D
                            (rising edge-triggered cell FDRE clocked by vclk  {rise@0.000ns fall@12.410ns period=24.819ns})
  Path Group:             vclk
  Path Type:              Setup (Max at Slow Process Corner)
  Requirement:            24.819ns  (vclk rise@24.819ns - vclk rise@0.000ns)
  Data Path Delay:        22.000ns  (logic 12.232ns (55.599%)  route 9.768ns (44.401%))
  Logic Levels:           37  (CARRY4=20 LUT2=17)
  Clock Path Skew:        -0.049ns (DCD - SCD + CPR)
    Destination Clock Delay (DCD):    0.924ns = ( 25.743 - 24.819 ) 
    Source Clock Delay      (SCD):    0.973ns
    Clock Pessimism Removal (CPR):    0.000ns
  Clock Uncertainty:      0.035ns  ((TSJ^2 + TIJ^2)^1/2 + DJ) / 2 + PE
    Total System Jitter     (TSJ):    0.071ns
    Total Input Jitter      (TIJ):    0.000ns
    Discrete Jitter          (DJ):    0.000ns
    Phase Error              (PE):    0.000ns

    Location             Delay type                Incr(ns)  Path(ns)    Netlist Resource(s)
  -------------------------------------------------------------------    -------------------
                         (clock vclk rise edge)       0.000     0.000 r  <hidden>
                                                      0.000     0.000 r  clk
                         net (fo=173, unset)          0.973     0.973    clk
    SLICE_X35Y72         FDRE                                         r  d18_reg[0]/C
  -------------------------------------------------------------------    -------------------
    SLICE_X35Y72         FDRE (Prop_fdre_C_Q)         0.456     1.429 r  d18_reg[0]/Q
                         net (fo=6, routed)           0.696     2.125    d18[0]
    SLICE_X34Y72         CARRY4 (Prop_carry4_S[0]_O[1])
                                                      0.551     2.676 r  y_reg[5]_i_133/O[1]
                         net (fo=2, routed)           0.741     3.417    acc1[3]
    SLICE_X37Y72         LUT2 (Prop_lut2_I0_O)        0.306     3.723 r  y[5]_i_136/O
                         net (fo=1, routed)           0.000     3.723    y[5]_i_136_n_0
    SLICE_X37Y72         CARRY4 (Prop_carry4_S[1]_O[2])
                                                      0.580     4.303 r  y_reg[5]_i_127/O[2]
                         net (fo=1, routed)           0.522     4.825    y_reg[5]_i_127_n_5
    SLICE_X36Y72         LUT2 (Prop_lut2_I1_O)        0.302     5.127 r  y[5]_i_131/O
                         net (fo=1, routed)           0.000     5.127    y[5]_i_131_n_0
    SLICE_X36Y72         CARRY4 (Prop_carry4_S[1]_O[2])
                                                      0.578     5.705 r  y_reg[5]_i_126/O[2]
                         net (fo=1, routed)           0.678     6.383    y_reg[5]_i_126_n_5
    SLICE_X36Y76         LUT2 (Prop_lut2_I1_O)        0.301     6.684 r  y[5]_i_119/O
                         net (fo=1, routed)           0.000     6.684    y[5]_i_119_n_0
    SLICE_X36Y76         CARRY4 (Prop_carry4_S[3]_O[3])
                                                      0.255     6.939 r  y_reg[5]_i_114/O[3]
                         net (fo=1, routed)           0.621     7.561    y_reg[5]_i_114_n_4
    SLICE_X37Y76         CARRY4 (Prop_carry4_S[0]_O[0])
                                                      0.554     8.115 r  y_reg[5]_i_113/O[0]
                         net (fo=1, routed)           0.450     8.564    y_reg[5]_i_113_n_7
    SLICE_X38Y75         LUT2 (Prop_lut2_I1_O)        0.299     8.863 r  y[5]_i_103/O
                         net (fo=1, routed)           0.000     8.863    y[5]_i_103_n_0
    SLICE_X38Y75         CARRY4 (Prop_carry4_S[3]_O[3])
                                                      0.255     9.118 r  y_reg[5]_i_96/O[3]
                         net (fo=1, routed)           0.596     9.714    y_reg[5]_i_96_n_4
    SLICE_X39Y75         LUT2 (Prop_lut2_I1_O)        0.307    10.021 r  y[5]_i_99/O
                         net (fo=1, routed)           0.000    10.021    y[5]_i_99_n_0
    SLICE_X39Y75         CARRY4 (Prop_carry4_S[2]_O[2])
                                                      0.248    10.269 r  y_reg[5]_i_95/O[2]
                         net (fo=1, routed)           0.314    10.583    y_reg[5]_i_95_n_5
    SLICE_X40Y75         LUT2 (Prop_lut2_I1_O)        0.302    10.885 r  y[5]_i_81/O
                         net (fo=1, routed)           0.000    10.885    y[5]_i_81_n_0
    SLICE_X40Y75         CARRY4 (Prop_carry4_S[3]_O[3])
                                                      0.248    11.133 r  y_reg[5]_i_74/O[3]
                         net (fo=1, routed)           0.601    11.734    y_reg[5]_i_74_n_4
    SLICE_X38Y79         LUT2 (Prop_lut2_I1_O)        0.306    12.040 r  y[5]_i_78/O
                         net (fo=1, routed)           0.000    12.040    y[5]_i_78_n_0
    SLICE_X38Y79         CARRY4 (Prop_carry4_S[1]_O[2])
                                                      0.578    12.618 r  y_reg[5]_i_73/O[2]
                         net (fo=1, routed)           0.563    13.181    y_reg[5]_i_73_n_5
    SLICE_X38Y83         LUT2 (Prop_lut2_I1_O)        0.301    13.482 r  y[15]_i_122/O
                         net (fo=1, routed)           0.000    13.482    y[15]_i_122_n_0
    SLICE_X38Y83         CARRY4 (Prop_carry4_S[0]_O[0])
                                                      0.252    13.734 r  y_reg[15]_i_104/O[0]
                         net (fo=1, routed)           0.431    14.165    y_reg[15]_i_104_n_7
    SLICE_X37Y82         LUT2 (Prop_lut2_I1_O)        0.295    14.460 r  y[5]_i_60/O
                         net (fo=1, routed)           0.000    14.460    y[5]_i_60_n_0
    SLICE_X37Y82         CARRY4 (Prop_carry4_S[3]_O[3])
                                                      0.248    14.708 r  y_reg[5]_i_58/O[3]
                         net (fo=1, routed)           0.508    15.216    y_reg[5]_i_58_n_4
    SLICE_X36Y81         LUT2 (Prop_lut2_I1_O)        0.306    15.522 r  y[15]_i_91/O
                         net (fo=1, routed)           0.000    15.522    y[15]_i_91_n_0
    SLICE_X36Y81         CARRY4 (Prop_carry4_S[0]_O[0])
                                                      0.252    15.774 r  y_reg[15]_i_70/O[0]
                         net (fo=1, routed)           0.427    16.202    y_reg[15]_i_70_n_7
    SLICE_X39Y80         LUT2 (Prop_lut2_I1_O)        0.295    16.497 r  y[5]_i_48/O
                         net (fo=1, routed)           0.000    16.497    y[5]_i_48_n_0
    SLICE_X39Y80         CARRY4 (Prop_carry4_S[2]_O[2])
                                                      0.248    16.745 r  y_reg[5]_i_45/O[2]
                         net (fo=1, routed)           0.314    17.058    y_reg[5]_i_45_n_5
    SLICE_X40Y80         LUT2 (Prop_lut2_I1_O)        0.302    17.360 r  y[15]_i_60/O
                         net (fo=1, routed)           0.000    17.360    y[15]_i_60_n_0
    SLICE_X40Y80         CARRY4 (Prop_carry4_S[0]_O[0])
                                                      0.247    17.607 r  y_reg[15]_i_43/O[0]
                         net (fo=1, routed)           0.439    18.046    y_reg[15]_i_43_n_7
    SLICE_X41Y79         LUT2 (Prop_lut2_I1_O)        0.299    18.345 r  y[5]_i_30/O
                         net (fo=1, routed)           0.000    18.345    y[5]_i_30_n_0
    SLICE_X41Y79         CARRY4 (Prop_carry4_S[3]_CO[3])
                                                      0.401    18.746 r  y_reg[5]_i_27/CO[3]
                         net (fo=1, routed)           0.000    18.746    y_reg[5]_i_27_n_0
    SLICE_X41Y80         CARRY4 (Prop_carry4_CI_O[0])
                                                      0.222    18.968 r  y_reg[15]_i_23/O[0]
                         net (fo=1, routed)           0.456    19.424    y_reg[15]_i_23_n_7
    SLICE_X42Y80         LUT2 (Prop_lut2_I1_O)        0.299    19.723 r  y[15]_i_30/O
                         net (fo=1, routed)           0.000    19.723    y[15]_i_30_n_0
    SLICE_X42Y80         CARRY4 (Prop_carry4_S[1]_O[1])
                                                      0.230    19.953 r  y_reg[15]_i_16/O[1]
                         net (fo=1, routed)           0.595    20.549    y_reg[15]_i_16_n_6
    SLICE_X43Y81         LUT2 (Prop_lut2_I1_O)        0.306    20.855 r  y[15]_i_15/O
                         net (fo=1, routed)           0.000    20.855    y[15]_i_15_n_0
    SLICE_X43Y81         CARRY4 (Prop_carry4_S[0]_O[0])
                                                      0.247    21.102 r  y_reg[15]_i_7/O[0]
                         net (fo=1, routed)           0.467    21.569    y_reg[15]_i_7_n_7
    SLICE_X44Y81         LUT2 (Prop_lut2_I1_O)        0.299    21.868 r  y[13]_i_11/O
                         net (fo=1, routed)           0.000    21.868    y[13]_i_11_n_0
    SLICE_X44Y81         CARRY4 (Prop_carry4_S[1]_O[1])
                                                      0.227    22.095 r  y_reg[13]_i_4/O[1]
                         net (fo=1, routed)           0.348    22.443    C[7]
    SLICE_X45Y81         LUT2 (Prop_lut2_I1_O)        0.303    22.746 r  y[9]_i_4/O
                         net (fo=1, routed)           0.000    22.746    y[9]_i_4_n_0
    SLICE_X45Y81         CARRY4 (Prop_carry4_S[1]_O[1])
                                                      0.227    22.973 r  y_reg[9]_i_1/O[1]
                         net (fo=1, routed)           0.000    22.973    acc[7]
    SLICE_X45Y81         FDRE                                         r  y_reg[7]/D
  -------------------------------------------------------------------    -------------------

                         (clock vclk rise edge)      24.819    24.819 r  <hidden>
                                                      0.000    24.819 r  clk
                         net (fo=173, unset)          0.924    25.743    clk
    SLICE_X45Y81         FDRE                                         r  y_reg[7]/C
                         clock pessimism              0.000    25.743    <hidden>
                         clock uncertainty           -0.035    25.708    <hidden>
    SLICE_X45Y81         FDRE (Setup_fdre_C_D)        0.062    25.770    y_reg[7]
  -------------------------------------------------------------------
                         required time                         25.770    <hidden>
                         arrival time                         -22.973    <hidden>
  -------------------------------------------------------------------
                         slack                                  2.797    <hidden>

Slack (MET) :             3.110ns  (required time - arrival time)
  Source:                 d18_reg[0]/C
                            (rising edge-triggered cell FDRE clocked by vclk  {rise@0.000ns fall@12.410ns period=24.819ns})
  Destination:            y_reg[6]/D
                            (rising edge-triggered cell FDRE clocked by vclk  {rise@0.000ns fall@12.410ns period=24.819ns})
  Path Group:             vclk
  Path Type:              Setup (Max at Slow Process Corner)
  Requirement:            24.819ns  (vclk rise@24.819ns - vclk rise@0.000ns)
  Data Path Delay:        21.687ns  (logic 11.919ns (54.960%)  route 9.768ns (45.040%))
  Logic Levels:           36  (CARRY4=19 LUT2=17)
  Clock Path Skew:        -0.049ns (DCD - SCD + CPR)
    Destination Clock Delay (DCD):    0.924ns = ( 25.743 - 24.819 ) 
    Source Clock Delay      (SCD):    0.973ns
    Clock Pessimism Removal (CPR):    0.000ns
  Clock Uncertainty:      0.035ns  ((TSJ^2 + TIJ^2)^1/2 + DJ) / 2 + PE
    Total System Jitter     (TSJ):    0.071ns
    Total Input Jitter      (TIJ):    0.000ns
    Discrete Jitter          (DJ):    0.000ns
    Phase Error              (PE):    0.000ns

    Location             Delay type                Incr(ns)  Path(ns)    Netlist Resource(s)
  -------------------------------------------------------------------    -------------------
                         (clock vclk rise edge)       0.000     0.000 r  <hidden>
                                                      0.000     0.000 r  clk
                         net (fo=173, unset)          0.973     0.973    clk
    SLICE_X35Y72         FDRE                                         r  d18_reg[0]/C
  -------------------------------------------------------------------    -------------------
    SLICE_X35Y72         FDRE (Prop_fdre_C_Q)         0.456     1.429 r  d18_reg[0]/Q
                         net (fo=6, routed)           0.696     2.125    d18[0]
    SLICE_X34Y72         CARRY4 (Prop_carry4_S[0]_O[1])
                                                      0.551     2.676 r  y_reg[5]_i_133/O[1]
                         net (fo=2, routed)           0.741     3.417    acc1[3]
    SLICE_X37Y72         LUT2 (Prop_lut2_I0_O)        0.306     3.723 r  y[5]_i_136/O
                         net (fo=1, routed)           0.000     3.723    y[5]_i_136_n_0
    SLICE_X37Y72         CARRY4 (Prop_carry4_S[1]_O[2])
                                                      0.580     4.303 r  y_reg[5]_i_127/O[2]
                         net (fo=1, routed)           0.522     4.825    y_reg[5]_i_127_n_5
    SLICE_X36Y72         LUT2 (Prop_lut2_I1_O)        0.302     5.127 r  y[5]_i_131/O
                         net (fo=1, routed)           0.000     5.127    y[5]_i_131_n_0
    SLICE_X36Y72         CARRY4 (Prop_carry4_S[1]_O[2])
                                                      0.578     5.705 r  y_reg[5]_i_126/O[2]
                         net (fo=1, routed)           0.678     6.383    y_reg[5]_i_126_n_5
    SLICE_X36Y76         LUT2 (Prop_lut2_I1_O)        0.301     6.684 r  y[5]_i_119/O
                         net (fo=1, routed)           0.000     6.684    y[5]_i_119_n_0
    SLICE_X36Y76         CARRY4 (Prop_carry4_S[3]_O[3])
                                                      0.255     6.939 r  y_reg[5]_i_114/O[3]
                         net (fo=1, routed)           0.621     7.561    y_reg[5]_i_114_n_4
    SLICE_X37Y76         CARRY4 (Prop_carry4_S[0]_O[0])
                                                      0.554     8.115 r  y_reg[5]_i_113/O[0]
                         net (fo=1, routed)           0.450     8.564    y_reg[5]_i_113_n_7
    SLICE_X38Y75         LUT2 (Prop_lut2_I1_O)        0.299     8.863 r  y[5]_i_103/O
                         net (fo=1, routed)           0.000     8.863    y[5]_i_103_n_0
    SLICE_X38Y75         CARRY4 (Prop_carry4_S[3]_O[3])
                                                      0.255     9.118 r  y_reg[5]_i_96/O[3]
                         net (fo=1, routed)           0.596     9.714    y_reg[5]_i_96_n_4
    SLICE_X39Y75         LUT2 (Prop_lut2_I1_O)        0.307    10.021 r  y[5]_i_99/O
                         net (fo=1, routed)           0.000    10.021    y[5]_i_99_n_0
    SLICE_X39Y75         CARRY4 (Prop_carry4_S[2]_O[2])
                                                      0.248    10.269 r  y_reg[5]_i_95/O[2]
                         net (fo=1, routed)           0.314    10.583    y_reg[5]_i_95_n_5
    SLICE_X40Y75         LUT2 (Prop_lut2_I1_O)        0.302    10.885 r  y[5]_i_81/O
                         net (fo=1, routed)           0.000    10.885    y[5]_i_81_n_0
    SLICE_X40Y75         CARRY4 (Prop_carry4_S[3]_O[3])
                                                      0.248    11.133 r  y_reg[5]_i_74/O[3]
                         net (fo=1, routed)           0.601    11.734    y_reg[5]_i_74_n_4
    SLICE_X38Y79         LUT2 (Prop_lut2_I1_O)        0.306    12.040 r  y[5]_i_78/O
                         net (fo=1, routed)           0.000    12.040    y[5]_i_78_n_0
    SLICE_X38Y79         CARRY4 (Prop_carry4_S[1]_O[2])
                                                      0.578    12.618 r  y_reg[5]_i_73/O[2]
                         net (fo=1, routed)           0.563    13.181    y_reg[5]_i_73_n_5
    SLICE_X38Y83         LUT2 (Prop_lut2_I1_O)        0.301    13.482 r  y[15]_i_122/O
                         net (fo=1, routed)           0.000    13.482    y[15]_i_122_n_0
    SLICE_X38Y83         CARRY4 (Prop_carry4_S[0]_O[0])
                                                      0.252    13.734 r  y_reg[15]_i_104/O[0]
                         net (fo=1, routed)           0.431    14.165    y_reg[15]_i_104_n_7
    SLICE_X37Y82         LUT2 (Prop_lut2_I1_O)        0.295    14.460 r  y[5]_i_60/O
                         net (fo=1, routed)           0.000    14.460    y[5]_i_60_n_0
    SLICE_X37Y82         CARRY4 (Prop_carry4_S[3]_O[3])
                                                      0.248    14.708 r  y_reg[5]_i_58/O[3]
                         net (fo=1, routed)           0.508    15.216    y_reg[5]_i_58_n_4
    SLICE_X36Y81         LUT2 (Prop_lut2_I1_O)        0.306    15.522 r  y[15]_i_91/O
                         net (fo=1, routed)           0.000    15.522    y[15]_i_91_n_0
    SLICE_X36Y81         CARRY4 (Prop_carry4_S[0]_O[0])
                                                      0.252    15.774 r  y_reg[15]_i_70/O[0]
                         net (fo=1, routed)           0.427    16.202    y_reg[15]_i_70_n_7
    SLICE_X39Y80         LUT2 (Prop_lut2_I1_O)        0.295    16.497 r  y[5]_i_48/O
                         net (fo=1, routed)           0.000    16.497    y[5]_i_48_n_0
    SLICE_X39Y80         CARRY4 (Prop_carry4_S[2]_O[2])
                                                      0.248    16.745 r  y_reg[5]_i_45/O[2]
                         net (fo=1, routed)           0.314    17.058    y_reg[5]_i_45_n_5
    SLICE_X40Y80         LUT2 (Prop_lut2_I1_O)        0.302    17.360 r  y[15]_i_60/O
                         net (fo=1, routed)           0.000    17.360    y[15]_i_60_n_0
    SLICE_X40Y80         CARRY4 (Prop_carry4_S[0]_O[0])
                                                      0.247    17.607 r  y_reg[15]_i_43/O[0]
                         net (fo=1, routed)           0.439    18.046    y_reg[15]_i_43_n_7
    SLICE_X41Y79         LUT2 (Prop_lut2_I1_O)        0.299    18.345 r  y[5]_i_30/O
                         net (fo=1, routed)           0.000    18.345    y[5]_i_30_n_0
    SLICE_X41Y79         CARRY4 (Prop_carry4_S[3]_O[3])
                                                      0.248    18.593 r  y_reg[5]_i_27/O[3]
                         net (fo=1, routed)           0.441    19.035    y_reg[5]_i_27_n_4
    SLICE_X42Y80         LUT2 (Prop_lut2_I1_O)        0.306    19.341 r  y[15]_i_31/O
                         net (fo=1, routed)           0.000    19.341    y[15]_i_31_n_0
    SLICE_X42Y80         CARRY4 (Prop_carry4_S[0]_O[0])
                                                      0.252    19.593 r  y_reg[15]_i_16/O[0]
                         net (fo=1, routed)           0.346    19.939    y_reg[15]_i_16_n_7
    SLICE_X43Y80         LUT2 (Prop_lut2_I1_O)        0.295    20.234 r  y[5]_i_16/O
                         net (fo=1, routed)           0.000    20.234    y[5]_i_16_n_0
    SLICE_X43Y80         CARRY4 (Prop_carry4_S[3]_O[3])
                                                      0.248    20.482 r  y_reg[5]_i_14/O[3]
                         net (fo=1, routed)           0.453    20.935    y_reg[5]_i_14_n_4
    SLICE_X44Y81         LUT2 (Prop_lut2_I1_O)        0.306    21.241 r  y[13]_i_12/O
                         net (fo=1, routed)           0.000    21.241    y[13]_i_12_n_0
    SLICE_X44Y81         CARRY4 (Prop_carry4_S[0]_O[0])
                                                      0.247    21.488 r  y_reg[13]_i_4/O[0]
                         net (fo=1, routed)           0.626    22.114    C[6]
    SLICE_X45Y81         LUT2 (Prop_lut2_I1_O)        0.299    22.413 r  y[9]_i_5/O
                         net (fo=1, routed)           0.000    22.413    y[9]_i_5_n_0
    SLICE_X45Y81         CARRY4 (Prop_carry4_S[0]_O[0])
                                                      0.247    22.660 r  y_reg[9]_i_1/O[0]
                         net (fo=1, routed)           0.000    22.660    acc[6]
    SLICE_X45Y81         FDRE                                         r  y_reg[6]/D
  -------------------------------------------------------------------    -------------------

                         (clock vclk rise edge)      24.819    24.819 r  <hidden>
                                                      0.000    24.819 r  clk
                         net (fo=173, unset)          0.924    25.743    clk
    SLICE_X45Y81         FDRE                                         r  y_reg[6]/C
                         clock pessimism              0.000    25.743    <hidden>
                         clock uncertainty           -0.035    25.708    <hidden>
    SLICE_X45Y81         FDRE (Setup_fdre_C_D)        0.062    25.770    y_reg[6]
  -------------------------------------------------------------------
                         required time                         25.770    <hidden>
                         arrival time                         -22.660    <hidden>
  -------------------------------------------------------------------
                         slack                                  3.110    <hidden>





Pulse Width Checks
--------------------------------------------------------------------------------------
Clock Name:         vclk
Waveform(ns):       { 0.000 12.410 }
Period(ns):         24.819
Sources:            { clk }

Check Type        Corner  Lib Pin  Reference Pin  Required(ns)  Actual(ns)  Slack(ns)  Location      Pin
Min Period        n/a     FDRE/C   n/a            1.000         24.819      23.819     SLICE_X37Y72  d0_reg[0]/C
Min Period        n/a     FDRE/C   n/a            1.000         24.819      23.819     SLICE_X35Y72  d0_reg[1]/C
Min Period        n/a     FDRE/C   n/a            1.000         24.819      23.819     SLICE_X35Y72  d0_reg[2]/C
Min Period        n/a     FDRE/C   n/a            1.000         24.819      23.819     SLICE_X34Y72  d0_reg[3]/C
Min Period        n/a     FDRE/C   n/a            1.000         24.819      23.819     SLICE_X35Y72  d0_reg[4]/C
Min Period        n/a     FDRE/C   n/a            1.000         24.819      23.819     SLICE_X35Y73  d0_reg[5]/C
Min Period        n/a     FDRE/C   n/a            1.000         24.819      23.819     SLICE_X34Y73  d0_reg[6]/C
Min Period        n/a     FDRE/C   n/a            1.000         24.819      23.819     SLICE_X35Y74  d0_reg[7]/C
Min Period        n/a     FDRE/C   n/a            1.000         24.819      23.819     SLICE_X31Y81  d10_reg[0]/C
Min Period        n/a     FDRE/C   n/a            1.000         24.819      23.819     SLICE_X31Y81  d10_reg[1]/C
Low Pulse Width   Slow    FDRE/C   n/a            0.500         12.410      11.910     SLICE_X37Y72  d0_reg[0]/C
Low Pulse Width   Fast    FDRE/C   n/a            0.500         12.410      11.910     SLICE_X37Y72  d0_reg[0]/C
Low Pulse Width   Slow    FDRE/C   n/a            0.500         12.410      11.910     SLICE_X35Y72  d0_reg[1]/C
Low Pulse Width   Fast    FDRE/C   n/a            0.500         12.410      11.910     SLICE_X35Y72  d0_reg[1]/C
Low Pulse Width   Slow    FDRE/C   n/a            0.500         12.410      11.910     SLICE_X35Y72  d0_reg[2]/C
Low Pulse Width   Fast    FDRE/C   n/a            0.500         12.410      11.910     SLICE_X35Y72  d0_reg[2]/C
Low Pulse Width   Slow    FDRE/C   n/a            0.500         12.410      11.910     SLICE_X34Y72  d0_reg[3]/C
Low Pulse Width   Fast    FDRE/C   n/a            0.500         12.410      11.910     SLICE_X34Y72  d0_reg[3]/C
Low Pulse Width   Slow    FDRE/C   n/a            0.500         12.410      11.910     SLICE_X35Y72  d0_reg[4]/C
Low Pulse Width   Fast    FDRE/C   n/a            0.500         12.410      11.910     SLICE_X35Y72  d0_reg[4]/C
High Pulse Width  Slow    FDRE/C   n/a            0.500         12.410      11.910     SLICE_X37Y72  d0_reg[0]/C
High Pulse Width  Fast    FDRE/C   n/a            0.500         12.410      11.910     SLICE_X37Y72  d0_reg[0]/C
High Pulse Width  Slow    FDRE/C   n/a            0.500         12.410      11.910     SLICE_X35Y72  d0_reg[1]/C
High Pulse Width  Fast    FDRE/C   n/a            0.500         12.410      11.910     SLICE_X35Y72  d0_reg[1]/C
High Pulse Width  Slow    FDRE/C   n/a            0.500         12.410      11.910     SLICE_X35Y72  d0_reg[2]/C
High Pulse Width  Fast    FDRE/C   n/a            0.500         12.410      11.910     SLICE_X35Y72  d0_reg[2]/C
High Pulse Width  Slow    FDRE/C   n/a            0.500         12.410      11.910     SLICE_X34Y72  d0_reg[3]/C
High Pulse Width  Fast    FDRE/C   n/a            0.500         12.410      11.910     SLICE_X34Y72  d0_reg[3]/C
High Pulse Width  Slow    FDRE/C   n/a            0.500         12.410      11.910     SLICE_X35Y72  d0_reg[4]/C
High Pulse Width  Fast    FDRE/C   n/a            0.500         12.410      11.910     SLICE_X35Y72  d0_reg[4]/C



